series,state,segment_id,start_date,end_date,length,start_pos,end_pos,raw_segment_return,aligned_segment_return,return_available,price_path_available,min_relative_price,max_relative_price,min_date,max_date,min_position,max_position,favorable_extreme_date,adverse_rebound_from_favorable_extreme,adverse_reversal_date_2pct,adverse_reversal_date_3pct
base,0,0,2018-01-03,2018-01-16,10,0,9,-0.006902232045988166,-0.006902232045988166,True,True,-0.013671940857649112,0.017647811615924436,2018-01-16,2018-01-10,10.0,6.0,,,,
base,-1,1,2018-01-17,2018-01-23,5,10,14,0.010381810519625168,-0.010381810519625168,True,True,-0.00555911355772587,0.010381810519624945,2018-01-18,2018-01-24,2.0,6.0,2018-01-18,0.01603003687266069,,
base,0,2,2018-01-24,2018-03-07,26,15,40,-0.044012842527028195,-0.044012842527028195,True,True,-0.12144662695574215,0.005273072430619141,2018-02-12,2018-01-25,14.0,2.0,,,,
base,1,3,2018-03-08,2018-03-16,7,41,47,0.011335615270053001,0.011335615270053001,True,True,0.0,0.03492628972078693,2018-03-08,2018-03-13,1.0,4.0,2018-03-13,0.022794545548841527,2018-03-19,
base,0,4,2018-03-19,2018-07-26,89,48,136,-0.14200821486946713,-0.14200821486946713,True,True,-0.18893499736264596,0.00644507465991162,2018-07-06,2018-03-21,75.0,3.0,,,,
base,1,5,2018-07-27,2018-08-02,5,137,141,-0.05452088567567148,-0.05452088567567148,True,True,-0.05452088567567148,0.0,2018-08-03,2018-07-27,6.0,1.0,2018-07-27,0.05452088567567148,2018-08-02,2018-08-02
base,0,6,2018-08-03,2018-08-23,15,142,156,-0.025894409955339537,-0.025894409955339537,True,True,-0.03786099001905319,0.012241079180090875,2018-08-20,2018-08-14,12.0,8.0,,,,
base,-1,7,2018-08-24,2018-08-30,5,157,161,0.00022662353045732608,-0.00022662353045732608,True,True,0.0,0.024355848882402942,2018-08-24,2018-08-29,1.0,4.0,2018-08-24,0.024355848882402942,2018-08-28,
base,0,8,2018-08-31,2018-10-12,25,162,186,-0.11773704069415569,-0.11773704069415569,True,True,-0.12103267729082867,0.004562175104499744,2018-10-12,2018-09-05,25.0,4.0,,,,
base,-1,9,2018-10-15,2018-10-19,5,187,191,-0.027454782706932468,0.027454782706932468,True,True,-0.07585405526792932,0.0,2018-10-19,2018-10-15,5.0,1.0,2018-10-19,0.052371893029329764,2018-10-22,2018-10-22
base,0,10,2018-10-22,2018-11-19,21,192,212,0.11123288969488887,0.11123288969488887,True,True,-0.009979386460146622,0.11875822044449036,2018-10-25,2018-11-19,4.0,21.0,,,,
base,1,11,2018-11-20,2018-11-26,5,213,217,-0.05094622283258943,-0.05094622283258943,True,True,-0.05566979237529124,0.0,2018-11-26,2018-11-20,5.0,1.0,2018-11-20,0.05566979237529124,2018-11-21,2018-11-21
base,0,12,2018-11-27,2018-12-26,22,218,239,-0.02958040691966135,-0.02958040691966135,True,True,-0.039748800545777674,0.025711210765108294,2018-12-26,2018-12-04,22.0,6.0,,,,
base,-1,13,2018-12-27,2019-01-04,5,240,244,-0.006637973163963418,0.006637973163963418,True,True,-0.04402957356501114,0.0,2019-01-04,2018-12-27,5.0,1.0,2019-01-04,0.03911376269294076,2019-01-07,2019-01-07
base,0,14,2019-01-07,2019-01-14,6,245,250,0.01132262296038844,0.01132262296038844,True,True,0.0,0.01947783378204271,2019-01-07,2019-01-14,1.0,6.0,,,,
base,1,15,2019-01-15,2019-01-25,9,251,259,0.013660071712113808,0.013660071712113808,True,True,0.0,0.02051617582806653,2019-01-15,2019-01-22,1.0,6.0,2019-01-22,0.016454165233690476,,
base,0,16,2019-01-28,2019-02-12,7,260,266,0.023318180785859788,0.023318180785859788,True,True,-0.035099084135173486,0.023318180785859788,2019-02-01,2019-02-13,5.0,8.0,,,,
base,1,17,2019-02-13,2019-03-11,19,267,285,0.2381887938714411,0.2381887938714411,True,True,0.0,0.2381887938714411,2019-02-13,2019-03-12,1.0,20.0,2019-03-12,-0.0,,
base,0,18,2019-03-12,2019-04-26,33,286,318,-0.017410091980893716,-0.017410091980893716,True,True,-0.031290566392529695,0.07640056303873677,2019-03-15,2019-04-08,4.0,19.0,,,,
base,-1,19,2019-04-29,2019-05-13,8,319,326,-0.08561634604211155,0.08561634604211155,True,True,-0.09978907023377881,0.0,2019-05-08,2019-04-29,5.0,1.0,2019-05-08,0.029530058832405226,2019-05-13,
base,0,20,2019-05-14,2019-08-20,70,327,396,-0.015514000837285935,-0.015514000837285935,True,True,-0.07229276372701743,0.03436541285652761,2019-08-15,2019-05-17,67.0,4.0,,,,
base,1,21,2019-08-21,2019-09-12,17,397,413,0.08171113677913144,0.08171113677913144,True,True,-0.013612442843474626,0.08192218479437363,2019-08-26,2019-09-10,4.0,15.0,2019-09-10,0.006464871221160351,,
base,0,22,2019-09-16,2019-12-06,55,414,468,-0.04618377589560829,-0.04618377589560829,True,True,-0.07619180868765474,0.0,2019-11-18,2019-09-16,41.0,1.0,,,,
base,1,23,2019-12-09,2020-01-13,25,469,493,0.11083325485074225,0.11083325485074225,True,True,-0.001543756554491571,0.11083325485074202,2019-12-10,2020-01-14,2.0,26.0,2020-01-14,-0.0,,
base,0,24,2020-01-14,2020-02-18,20,494,513,0.013906017167252704,0.013906017167252704,True,True,-0.15071943730308335,0.013906017167252482,2020-02-04,2020-02-19,10.0,21.0,,,,
base,1,25,2020-02-19,2020-02-28,8,514,521,-0.02436060641743487,-0.02436060641743487,True,True,-0.024360606417435204,0.030043377836473262,2020-03-02,2020-02-26,9.0,6.0,2020-02-26,0.05281717782427753,2020-02-28,2020-02-28
base,0,26,2020-03-02,2020-03-13,10,522,531,-0.0035438806479237694,-0.0035438806479237694,True,True,-0.0527391531195508,0.05054192028893412,2020-03-13,2020-03-05,10.0,4.0,,,,
base,-1,27,2020-03-16,2020-03-25,8,532,539,-0.057564069421813135,0.057564069421813135,True,True,-0.07595825566061087,0.0,2020-03-23,2020-03-16,6.0,1.0,2020-03-23,0.023904669468951534,2020-03-25,
base,0,28,2020-03-26,2020-05-07,27,540,566,0.05683045059057168,0.05683045059057168,True,True,-0.035101052787590126,0.05683045059057146,2020-04-02,2020-05-08,6.0,28.0,,,,
base,1,29,2020-05-08,2020-05-21,10,567,576,-0.009707200744842548,-0.009707200744842548,True,True,-0.00970720074484277,0.01281677008122517,2020-05-22,2020-05-20,11.0,9.0,2020-05-20,0.022238939452257966,2020-05-22,
base,0,30,2020-05-22,2020-06-10,14,577,590,0.036319212755814956,0.036319212755814956,True,True,-0.018031630578603908,0.036319212755814734,2020-05-25,2020-06-11,2.0,15.0,,,,
base,1,31,2020-06-11,2020-06-23,9,591,599,0.0337977985459863,0.0337977985459863,True,True,-0.024001639827110566,0.033797798545986524,2020-06-12,2020-06-24,2.0,10.0,2020-06-24,-0.0,,
base,0,32,2020-06-24,2020-07-03,6,600,605,0.049481859361944824,0.049481859361944824,True,True,-0.005867275948987505,0.049481859361944824,2020-06-29,2020-07-06,2.0,7.0,,,,
base,1,33,2020-07-06,2020-07-16,9,606,614,0.037905522318312235,0.037905522318312235,True,True,0.0,0.1314063432969932,2020-07-06,2020-07-14,1.0,7.0,2020-07-14,0.08264123807739454,2020-07-16,2020-07-16
base,0,34,2020-07-17,2020-09-10,40,615,654,-0.018529778561857113,-0.018529778561857113,True,True,-0.01852977856185689,0.07200327041462518,2020-09-11,2020-08-19,41.0,24.0,,,,
base,-1,35,2020-09-11,2020-09-18,6,655,660,0.04548251815549054,-0.04548251815549054,True,True,0.0,0.04548251815549076,2020-09-11,2020-09-21,1.0,7.0,2020-09-11,0.04548251815549076,2020-09-14,2020-09-21
base,0,36,2020-09-21,2020-10-26,20,661,680,-0.04694104173747893,-0.04694104173747893,True,True,-0.04694104173747893,0.008566046441182307,2020-10-27,2020-10-14,21.0,12.0,,,,
base,-1,37,2020-10-27,2020-11-03,6,681,686,0.009561851670919053,-0.009561851670919053,True,True,-0.010993453854369117,0.013810839840257216,2020-11-02,2020-10-30,5.0,4.0,2020-11-02,0.02078379117448348,2020-11-04,
base,0,38,2020-11-04,2021-02-04,66,687,752,0.015559332663617864,0.015559332663617864,True,True,-0.008907929463739639,0.06236680832796293,2020-12-25,2021-01-25,38.0,58.0,,,,
base,-1,39,2021-02-05,2021-02-18,5,753,757,0.040419681465943214,-0.040419681465943214,True,True,-0.015118831283995715,0.04941434199461492,2021-02-08,2021-02-18,2.0,5.0,2021-02-08,0.06552381681004515,2021-02-10,2021-02-10
base,0,40,2021-02-19,2021-03-05,11,758,768,-0.02219099139927505,-0.02219099139927505,True,True,-0.041588480817055684,0.019887062086580753,2021-03-05,2021-02-22,11.0,2.0,,,,
base,-1,41,2021-03-08,2021-03-12,5,769,773,-0.04051593082683236,0.04051593082683236,True,True,-0.05879428890966676,0.0,2021-03-11,2021-03-08,4.0,1.0,2021-03-11,0.025871212722974102,2021-03-12,
base,0,42,2021-03-15,2021-03-16,2,774,775,-0.001841997616717106,-0.001841997616717106,True,True,-0.002621078213438932,0.0,2021-03-16,2021-03-15,2.0,1.0,,,,
base,-1,43,2021-03-17,2021-03-23,5,776,780,-9.390229191486021e-05,9.390229191486021e-05,True,True,-9.390229191486021e-05,0.020561349971965237,2021-03-24,2021-03-23,6.0,5.0,2021-03-24,0.0,,
base,0,44,2021-03-24,2021-04-09,12,781,792,0.02345381440588734,0.02345381440588734,True,True,-0.009941681912389977,0.02751736303815333,2021-03-25,2021-04-07,2.0,10.0,,,,
base,1,45,2021-04-12,2021-05-07,17,793,809,0.02152544044681237,0.02152544044681237,True,True,-0.01875447323205126,0.028506460986934545,2021-04-14,2021-05-07,3.0,17.0,2021-05-07,0.0067875320233021785,,
base,0,46,2021-05-10,2021-05-28,15,810,824,0.0340685568357566,0.0340685568357566,True,True,-0.004101963123143371,0.03681321735797205,2021-05-12,2021-05-28,3.0,15.0,,,,
base,1,47,2021-05-31,2021-06-09,8,825,832,0.0010880110805433496,0.0010880110805433496,True,True,-0.005910215797844343,0.008823342417453528,2021-06-04,2021-06-02,5.0,3.0,2021-06-02,0.014604695981748073,,
base,0,48,2021-06-10,2021-07-23,31,833,863,0.04265177327561753,0.04265177327561753,True,True,-0.020110873979072408,0.05194918409515381,2021-06-17,2021-07-23,5.0,31.0,,,,
base,1,49,2021-07-26,2021-07-30,5,864,868,-0.031157527616573644,-0.031157527616573644,True,True,-0.046451423502230194,0.0,2021-07-28,2021-07-26,3.0,1.0,2021-07-26,0.046451423502230194,2021-07-28,2021-07-28
base,0,50,2021-08-02,2021-08-31,22,869,890,0.07610401305751657,0.07610401305751657,True,True,0.0,0.07610401305751657,2021-08-02,2021-09-01,1.0,23.0,,,,
base,1,51,2021-09-01,2021-09-15,11,891,901,0.047565106904055465,0.047565106904055465,True,True,-0.013565457500692713,0.04946772493342011,2021-09-02,2021-09-14,2.0,10.0,2021-09-14,0.0125105178540732,,
base,0,52,2021-09-16,2021-09-27,6,902,907,-0.060163862603451745,-0.060163862603451745,True,True,-0.060163862603451634,0.0,2021-09-28,2021-09-16,7.0,1.0,,,,
base,-1,53,2021-09-28,2021-10-13,7,908,914,-0.026258328018878063,0.026258328018878063,True,True,-0.028062823781839663,0.004554662579324242,2021-10-13,2021-10-08,7.0,4.0,2021-10-13,0.0018565971207962217,,
base,0,54,2021-10-14,2021-10-15,2,915,916,0.008104441497388093,0.008104441497388093,True,True,0.0,0.008104441497388093,2021-10-14,2021-10-18,1.0,3.0,,,,
base,-1,55,2021-10-18,2021-10-22,5,917,921,-0.0011551925654648132,0.0011551925654648132,True,True,-0.0011551925654648132,0.014300981419169467,2021-10-25,2021-10-21,6.0,4.0,2021-10-25,0.0,,
base,0,56,2021-10-25,2022-01-06,53,922,974,0.030401142472489928,0.030401142472489928,True,True,-0.00900055540498057,0.05254052188236358,2021-10-29,2022-01-04,5.0,51.0,,,,
base,-1,57,2022-01-07,2022-01-18,8,975,982,-0.012158038026805706,0.012158038026805706,True,True,-0.023365051258787406,0.0,2022-01-14,2022-01-07,6.0,1.0,2022-01-14,0.014115719614757216,,
base,0,58,2022-01-19,2022-01-20,2,983,984,-0.014911924691252465,-0.014911924691252465,True,True,-0.014911924691252465,0.0,2022-01-21,2022-01-19,3.0,1.0,,,,
base,-1,59,2022-01-21,2022-01-27,5,985,989,-0.049412676771036,0.049412676771036,True,True,-0.04941267677103589,0.0,2022-01-28,2022-01-21,6.0,1.0,2022-01-28,0.0,,
base,0,60,2022-01-28,2022-03-09,24,990,1013,-0.03964969229880444,-0.03964969229880444,True,True,-0.03964969229880455,0.031509158466769494,2022-03-10,2022-03-03,25.0,20.0,,,,
base,-1,61,2022-03-10,2022-03-17,6,1014,1019,-0.027305603138134682,0.027305603138134682,True,True,-0.055411217221166265,0.0,2022-03-16,2022-03-10,5.0,1.0,2022-03-16,0.0297543381791483,2022-03-17,
base,0,62,2022-03-18,2022-04-18,20,1020,1039,-0.02912188157855189,-0.02912188157855189,True,True,-0.03679436483954812,0.01944082991918039,2022-04-18,2022-03-24,20.0,5.0,,,,
base,-1,63,2022-04-19,2022-04-28,8,1040,1047,-0.10029945713042798,0.10029945713042798,True,True,-0.14642791953396794,0.0025270295515624763,2022-04-27,2022-04-20,7.0,2.0,2022-04-27,0.054041672003089625,2022-04-28,2022-04-28
base,0,64,2022-04-29,2022-05-27,18,1048,1065,0.08414278911782191,0.08414278911782191,True,True,0.0,0.092185761616421,2022-04-29,2022-05-24,1.0,15.0,,,,
base,1,65,2022-05-30,2022-06-22,17,1066,1082,0.04540945759424697,0.04540945759424697,True,True,0.0,0.06870241841543878,2022-05-30,2022-06-21,1.0,16.0,2022-06-21,0.021795553579572524,2022-06-23,
base,0,66,2022-06-23,2022-06-28,4,1083,1086,0.04722542576498978,0.04722542576498978,True,True,0.0,0.04722542576498978,2022-06-23,2022-06-29,1.0,5.0,,,,
base,1,67,2022-06-29,2022-07-07,7,1087,1093,-0.0001356809549467597,-0.0001356809549467597,True,True,-0.014501193378127275,0.008686930310921825,2022-06-30,2022-07-05,2.0,5.0,2022-07-05,0.01852143622211544,,
base,0,68,2022-07-08,2022-07-15,6,1094,1099,-0.04047229368868588,-0.04047229368868588,True,True,-0.04047229368868599,0.0,2022-07-18,2022-07-08,7.0,1.0,,,,
base,-1,69,2022-07-18,2022-07-22,5,1100,1104,0.01303063055712217,-0.01303063055712217,True,True,0.0,0.029595132948154967,2022-07-18,2022-07-21,1.0,4.0,2022-07-18,0.029595132948154967,2022-07-20,
base,0,70,2022-07-25,2022-08-03,8,1105,1112,-0.021694607175891334,-0.021694607175891334,True,True,-0.021694607175891112,0.010190945847369903,2022-08-04,2022-07-28,9.0,4.0,,,,
base,-1,71,2022-08-04,2022-08-10,5,1113,1117,0.030680970255855033,-0.030680970255855033,True,True,0.0,0.030680970255855256,2022-08-04,2022-08-11,1.0,6.0,2022-08-04,0.030680970255855256,2022-08-09,2022-08-11
base,0,72,2022-08-11,2022-08-12,2,1118,1119,0.008854371924096327,0.008854371924096327,True,True,0.0,0.01190867728858036,2022-08-11,2022-08-12,1.0,2.0,,,,
base,1,73,2022-08-15,2022-08-25,9,1120,1128,-0.011651763754967237,-0.011651763754967237,True,True,-0.0160126339645138,0.011810309631385518,2022-08-25,2022-08-18,9.0,4.0,2022-08-18,0.027498181557406354,2022-08-25,
base,0,74,2022-08-26,2022-09-16,15,1129,1143,-0.06053034561723225,-0.06053034561723225,True,True,-0.06053034561723203,0.0005973547321080908,2022-09-19,2022-09-13,16.0,12.0,,,,
base,-1,75,2022-09-19,2022-09-28,8,1144,1151,-0.02094606652083708,0.02094606652083708,True,True,-0.020946066520837192,0.0022201106865957776,2022-09-29,2022-09-23,9.0,5.0,2022-09-29,0.0,,
base,0,76,2022-09-29,2022-11-14,28,1152,1179,0.05183241986069609,0.05183241986069609,True,True,-0.03104668433508284,0.06868227562220852,2022-10-11,2022-11-11,4.0,27.0,,,,
base,1,77,2022-11-15,2022-11-23,7,1180,1186,0.00024350596210864772,0.00024350596210864772,True,True,-0.0017693569321821645,0.018526550729312197,2022-11-23,2022-11-16,7.0,2.0,2022-11-16,0.01992673401293421,,
base,0,78,2022-11-24,2022-11-28,3,1187,1189,-0.009001536937741417,-0.009001536937741417,True,True,-0.02068743466806766,0.0,2022-11-28,2022-11-24,3.0,1.0,,,,
base,-1,79,2022-11-29,2022-12-05,5,1190,1194,0.021588716526238505,-0.021588716526238505,True,True,0.0,0.02303267157262323,2022-11-29,2022-12-01,1.0,3.0,2022-11-29,0.02303267157262323,2022-12-01,
base,0,80,2022-12-06,2022-12-14,7,1195,1201,-0.018122686244416486,-0.018122686244416486,True,True,-0.018122686244416375,0.0,2022-12-15,2022-12-06,8.0,1.0,,,,
base,-1,81,2022-12-15,2022-12-27,9,1202,1210,-0.03623282951932394,0.03623282951932394,True,True,-0.05552748092984339,0.0,2022-12-23,2022-12-15,7.0,1.0,2022-12-23,0.020429023630581966,2022-12-28,
base,0,82,2022-12-28,2023-01-13,12,1211,1222,0.03398201018847469,0.03398201018847469,True,True,-0.004346655250275666,0.03398201018847469,2022-12-29,2023-01-16,2.0,13.0,,,,
base,1,83,2023-01-16,2023-02-16,19,1223,1241,0.03559303838917427,0.03559303838917427,True,True,0.0,0.05436922255333587,2023-01-16,2023-02-15,1.0,18.0,2023-02-15,0.01780797823241853,,
base,0,84,2023-02-17,2023-03-14,18,1242,1259,-0.011773335311612843,-0.011773335311612843,True,True,-0.01510701205941678,0.01803264877172328,2023-03-13,2023-03-02,17.0,10.0,,,,
base,-1,85,2023-03-15,2023-03-22,6,1260,1265,0.006866832138450185,-0.006866832138450185,True,True,-0.006286081564622958,0.006866832138450185,2023-03-21,2023-03-23,5.0,7.0,2023-03-21,0.013236117014223447,,
base,0,86,2023-03-23,2023-04-04,9,1266,1274,0.021372007005142413,0.021372007005142413,True,True,0.0,0.025783689828481116,2023-03-23,2023-04-04,1.0,9.0,,,,
base,1,87,2023-04-06,2023-04-20,11,1275,1285,0.003802087005211119,0.003802087005211119,True,True,0.0,0.013732496732659749,2023-04-06,2023-04-10,1.0,3.0,2023-04-10,0.010704899804886203,,
base,0,88,2023-04-21,2023-04-24,2,1286,1287,-0.03211336817388377,-0.03211336817388377,True,True,-0.03211336817388377,0.0,2023-04-25,2023-04-21,3.0,1.0,,,,
base,-1,89,2023-04-25,2023-05-04,5,1288,1292,0.00807107314236366,-0.00807107314236366,True,True,-0.01780401128113196,0.008071073142363883,2023-04-26,2023-05-05,2.0,6.0,2023-04-26,0.02634411535038561,2023-05-04,
base,0,90,2023-05-05,2023-05-10,4,1293,1296,-0.011195509813410998,-0.011195509813410998,True,True,-0.014158245712505124,0.0,2023-05-10,2023-05-05,4.0,1.0,,,,
base,-1,91,2023-05-11,2023-05-26,12,1297,1308,-0.022491586439014943,0.022491586439014943,True,True,-0.03274211942101135,0.0,2023-05-26,2023-05-11,12.0,1.0,2023-05-26,0.01059751818807686,,
base,0,92,2023-05-29,2023-06-19,16,1309,1324,0.012602523250020425,0.012602523250020425,True,True,-0.012873967606383152,0.016920693081638793,2023-06-09,2023-06-19,10.0,16.0,,,,
base,1,93,2023-06-20,2023-06-28,5,1325,1329,-0.03169098277622162,-0.03169098277622162,True,True,-0.03675639069588532,0.0,2023-06-27,2023-06-20,4.0,1.0,2023-06-20,0.03675639069588532,2023-06-26,2023-06-27
base,0,94,2023-06-29,2023-08-14,33,1330,1362,-0.0015079505504487223,-0.0015079505504487223,True,True,-0.01083320162956214,0.03330259589397966,2023-08-14,2023-08-04,33.0,27.0,,,,
base,-1,95,2023-08-15,2023-08-22,6,1363,1368,-0.03165233412494073,0.03165233412494073,True,True,-0.03165233412494084,0.0,2023-08-23,2023-08-15,7.0,1.0,2023-08-23,0.0,,
base,0,96,2023-08-23,2023-11-07,49,1369,1417,-0.02257758158750489,-0.02257758158750489,True,True,-0.07339427087212058,0.02677589711510242,2023-10-24,2023-08-28,39.0,4.0,,,,
base,1,97,2023-11-08,2023-11-17,8,1418,1425,0.005821197672870371,0.005821197672870371,True,True,-0.004575001614768426,0.013310724612570324,2023-11-10,2023-11-15,3.0,6.0,2023-11-15,0.013843523323782692,,
base,0,98,2023-11-20,2023-11-21,2,1426,1427,-0.0022580080260320434,-0.0022580080260320434,True,True,-0.0022580080260321544,0.005958279374887576,2023-11-22,2023-11-21,3.0,2.0,,,,
base,1,99,2023-11-22,2023-11-28,5,1428,1432,-0.006062322538088583,-0.006062322538088583,True,True,-0.010899254765567301,0.0,2023-11-28,2023-11-22,5.0,1.0,2023-11-22,0.010899254765567301,,
base,0,100,2023-11-29,2023-12-19,15,1433,1447,-0.03628314611188699,-0.03628314611188699,True,True,-0.03722449748772272,0.0,2023-12-19,2023-11-29,15.0,1.0,,,,
base,-1,101,2023-12-20,2023-12-27,6,1448,1453,-0.019551668404630962,0.019551668404630962,True,True,-0.023101708438083346,0.0,2023-12-27,2023-12-20,6.0,1.0,2023-12-27,0.0036339914442644616,,
base,0,102,2023-12-28,2024-01-15,12,1454,1465,-0.01748278975037043,-0.01748278975037043,True,True,-0.024302011721800576,0.028554599603112463,2024-01-11,2024-01-02,10.0,3.0,,,,
base,-1,103,2024-01-16,2024-01-24,7,1466,1472,-0.04948412306510486,0.04948412306510486,True,True,-0.08034757819470528,0.0,2024-01-23,2024-01-16,6.0,1.0,2024-01-23,0.03355991285165616,2024-01-24,2024-01-25
base,0,104,2024-01-25,2024-01-30,4,1473,1476,-0.029364445281580664,-0.029364445281580664,True,True,-0.029364445281580887,0.02507498893924942,2024-01-31,2024-01-26,5.0,2.0,,,,
base,-1,105,2024-01-31,2024-02-06,5,1477,1481,0.00567009848390132,-0.00567009848390132,True,True,-0.07844777217943433,0.005670098483901542,2024-02-06,2024-02-07,5.0,6.0,2024-02-06,0.09127846271097528,2024-02-07,2024-02-07
base,0,106,2024-02-07,2024-02-26,8,1482,1489,0.07496225816010504,0.07496225816010504,True,True,0.0,0.08541489122923784,2024-02-07,2024-02-19,1.0,3.0,,,,
base,1,107,2024-02-27,2024-03-07,8,1490,1497,0.020790735228363832,0.020790735228363832,True,True,-0.0039944775657292375,0.04099171074453323,2024-02-29,2024-03-04,3.0,5.0,2024-03-04,0.01940551044515204,,
base,0,108,2024-03-08,2024-04-30,36,1498,1533,0.04089735443934028,0.04089735443934028,True,True,-0.023839015682185938,0.04394630501541941,2024-03-28,2024-03-19,15.0,8.0,,,,
base,1,109,2024-05-06,2024-05-15,8,1534,1541,-0.006790375357450862,-0.006790375357450862,True,True,-0.006790375357451195,0.011593988714116765,2024-05-16,2024-05-10,9.0,5.0,2024-05-10,0.01817365887566913,,
base,0,110,2024-05-16,2024-05-30,11,1542,1552,-0.02753761842125868,-0.02753761842125868,True,True,-0.027927429448058594,0.00922452051256939,2024-05-29,2024-05-21,10.0,4.0,,,,
base,-1,111,2024-05-31,2024-06-06,5,1553,1557,-0.011971178757659628,0.011971178757659628,True,True,-0.011971178757659628,0.003416861338886079,2024-06-07,2024-06-05,6.0,4.0,2024-06-07,0.0,,
base,0,112,2024-06-07,2024-06-25,12,1558,1569,-0.05812321371948803,-0.05812321371948803,True,True,-0.05812321371948803,0.0,2024-06-26,2024-06-07,13.0,1.0,,,,
base,-1,113,2024-06-26,2024-07-02,5,1570,1574,0.000654409528843658,-0.000654409528843658,True,True,-0.005563533165585111,0.011818807675631815,2024-06-28,2024-07-02,3.0,5.0,2024-06-28,0.017479589114978822,,
base,0,114,2024-07-03,2024-07-04,2,1575,1576,-0.023564648792572807,-0.023564648792572807,True,True,-0.023564648792572807,0.0,2024-07-05,2024-07-03,3.0,1.0,,,,
base,-1,115,2024-07-05,2024-07-12,6,1577,1582,0.015459809709233996,-0.015459809709233996,True,True,-0.0110895053800244,0.020319152575633437,2024-07-09,2024-07-12,3.0,6.0,2024-07-09,0.03176087029769836,2024-07-11,2024-07-12
base,0,116,2024-07-15,2024-09-25,51,1583,1633,-0.036202613875378264,-0.036202613875378264,True,True,-0.09246978917842241,0.0,2024-09-18,2024-07-15,46.0,1.0,,,,
base,1,117,2024-09-26,2024-10-16,10,1634,1643,0.16372631292959205,0.16372631292959205,True,True,0.0,0.3579813017192566,2024-09-26,2024-10-08,1.0,4.0,2024-10-08,0.15957901990992518,2024-10-09,2024-10-09
base,0,118,2024-10-17,2024-10-23,5,1644,1648,0.04505497224890975,0.04505497224890975,True,True,-0.015225011668223987,0.04505497224890975,2024-10-18,2024-10-24,2.0,6.0,,,,
base,1,119,2024-10-24,2024-11-04,8,1649,1656,0.031023177027000415,0.031023177027000415,True,True,-0.002135237372214771,0.031023177027000415,2024-10-25,2024-11-05,2.0,9.0,2024-11-05,-0.0,,
base,0,120,2024-11-05,2024-11-06,2,1657,1658,0.02292824683220962,0.02292824683220962,True,True,0.0,0.03527896652120943,2024-11-05,2024-11-06,1.0,2.0,,,,
base,1,121,2024-11-07,2024-11-13,5,1659,1663,0.02950877973894883,0.02950877973894883,True,True,0.0,0.04742777517373775,2024-11-07,2024-11-12,1.0,4.0,2024-11-12,0.018123742416304323,,
base,0,122,2024-11-14,2025-02-07,55,1664,1718,-0.0612707480341701,-0.0612707480341701,True,True,-0.14756700119009214,0.0,2025-01-13,2024-11-14,42.0,1.0,,,,
base,1,123,2025-02-10,2025-03-24,31,1719,1749,0.01897734687493724,0.01897734687493724,True,True,-0.003975219530430896,0.04571220805557297,2025-02-19,2025-03-18,8.0,27.0,2025-03-18,0.025566174875539915,2025-03-24,
base,0,124,2025-03-25,2025-06-27,64,1750,1813,-0.015368604542313813,-0.015368604542313813,True,True,-0.1205699605743703,0.0,2025-04-09,2025-03-25,11.0,1.0,,,,
base,1,125,2025-06-30,2025-08-01,25,1814,1838,0.053196121023912024,0.053196121023912024,True,True,0.0,0.07957209541432952,2025-06-30,2025-07-30,1.0,23.0,2025-07-30,0.024431878614178393,2025-08-04,
base,0,126,2025-08-04,2025-08-18,11,1839,1849,0.07637906343916945,0.07637906343916945,True,True,0.0,0.07637906343916945,2025-08-04,2025-08-19,1.0,12.0,,,,
base,1,127,2025-08-19,2025-09-03,12,1850,1861,0.03319758186697386,0.03319758186697386,True,True,-0.005934604272419208,0.06690336127454288,2025-08-20,2025-09-02,2.0,11.0,2025-09-02,0.03159215785701863,2025-09-04,2025-09-04
base,0,128,2025-09-04,2025-11-21,51,1862,1912,-0.004009538900049403,-0.004009538900049403,True,True,-0.025450841986319084,0.0893378913184597,2025-09-05,2025-10-10,2.0,21.0,,,,
base,-1,129,2025-11-24,2025-12-01,6,1913,1918,0.03325835811595179,-0.03325835811595179,True,True,0.0,0.03325835811595179,2025-11-24,2025-12-02,1.0,7.0,2025-11-24,0.03325835811595179,2025-12-01,2025-12-02
base,0,130,2025-12-02,2025-12-24,17,1919,1935,0.03629225049292151,0.03629225049292151,True,True,-0.011737340748834146,0.03629225049292151,2025-12-04,2025-12-25,3.0,18.0,,,,
base,1,131,2025-12-25,2026-01-27,22,1936,1957,0.16663435678146632,0.16663435678146632,True,True,0.0,0.17474524349025056,2025-12-25,2026-01-26,1.0,21.0,2026-01-26,0.018578547852034166,,
base,0,132,2026-01-28,2026-03-16,28,1958,1985,-0.04265402788270334,-0.04265402788270334,True,True,-0.05967315618618607,0.010007917024835056,2026-02-06,2026-03-03,8.0,19.0,,,,
base,-1,133,2026-03-17,2026-03-25,7,1986,1992,-0.054021280458228516,0.054021280458228516,True,True,-0.07864772951136567,0.0,2026-03-24,2026-03-17,6.0,1.0,2026-03-24,0.02672859213781109,2026-03-26,
base,0,134,2026-03-26,2026-03-27,2,1993,1994,-0.013131991370137985,-0.013131991370137985,True,True,-0.02808071168065418,0.0,2026-03-27,2026-03-26,2.0,1.0,,,,
base,-1,135,2026-03-30,2026-04-03,5,1995,1999,-0.012150808107908029,0.012150808107908029,True,True,-0.01215080810790814,0.014262666506460908,2026-04-07,2026-04-01,6.0,3.0,2026-04-07,0.0,,
base,0,136,2026-04-07,2026-04-21,11,2000,2010,0.08790035028589993,0.08790035028589993,True,True,0.0,0.09273066472174918,2026-04-07,2026-04-21,1.0,11.0,,,,
base,1,137,2026-04-22,2026-05-18,16,2011,2026,0.0361380895700123,0.0361380895700123,True,True,-0.008447557264798622,0.08825959617406975,2026-04-29,2026-05-14,6.0,14.0,2026-05-14,0.05137239566014784,2026-05-15,2026-05-15
base,0,138,2026-05-19,2026-06-05,14,2027,2040,-0.06399397298568377,-0.06399397298568377,True,True,-0.06399397298568377,0.021001485156128652,2026-06-08,2026-05-21,15.0,3.0,,,,
base,-1,139,2026-06-08,2026-06-12,5,2041,2045,0.024614722888673723,-0.024614722888673723,True,True,0.0,0.026389206367716023,2026-06-08,2026-06-12,1.0,5.0,2026-06-08,0.026389206367716023,2026-06-12,
base,0,140,2026-06-15,2026-06-24,7,2046,2052,0.08193179387977723,0.08193179387977723,True,True,0.0,0.08193179387977745,2026-06-15,2026-06-25,1.0,8.0,,,,
base,1,141,2026-06-25,2026-07-07,9,2053,2061,-0.03457758295251845,-0.03457758295251845,True,True,-0.03457758295251856,0.023425374475019245,2026-07-08,2026-07-01,10.0,5.0,2026-07-01,0.05667531690553529,2026-07-02,2026-07-03
base,0,142,2026-07-08,2026-07-13,4,2062,2065,-0.04730872077700288,-0.04730872077700288,True,True,-0.04730872077700288,0.015616273327996755,2026-07-14,2026-07-10,5.0,3.0,,,,
base,-1,143,2026-07-14,2026-07-22,7,2066,2072,-0.04722696330061127,0.04722696330061127,True,True,-0.08575160291664496,0.019556940160237124,2026-07-21,2026-07-15,6.0,2.0,2026-07-21,0.04213804447340053,2026-07-22,2026-07-22
base,0,144,2026-07-23,2026-07-24,2,2073,2074,-0.030764165916673858,-0.030764165916673858,True,True,-0.030764165916673858,0.0,2026-07-27,2026-07-23,3.0,1.0,,,,
base,-1,145,2026-07-27,2026-08-03,6,2075,2080,-0.006033262110677895,0.006033262110677895,True,True,-0.008998664555243008,0.010297103845698707,2026-07-29,2026-07-28,3.0,2.0,2026-07-29,0.012498089270876589,,
base,0,146,2026-08-04,2026-08-17,10,2081,2090,,,False,False,,,,,,,,,,
reversal,0,0,2018-01-03,2018-01-16,10,0,9,-0.006902232045988166,-0.006902232045988166,True,True,-0.013671940857649112,0.017647811615924436,2018-01-16,2018-01-10,10.0,6.0,,,,
reversal,-1,1,2018-01-17,2018-01-23,5,10,14,0.010381810519625168,-0.010381810519625168,True,True,-0.00555911355772587,0.010381810519624945,2018-01-18,2018-01-24,2.0,6.0,2018-01-18,0.01603003687266069,,
reversal,0,2,2018-01-24,2018-03-07,26,15,40,-0.044012842527028195,-0.044012842527028195,True,True,-0.12144662695574215,0.005273072430619141,2018-02-12,2018-01-25,14.0,2.0,,,,
reversal,1,3,2018-03-08,2018-03-13,4,41,44,0.026437157151345314,0.026437157151345314,True,True,0.0,0.03492628972078693,2018-03-08,2018-03-13,1.0,4.0,2018-03-13,0.008202644626731814,,
reversal,0,4,2018-03-14,2018-03-14,1,45,45,-0.009847035448641073,-0.009847035448641073,True,True,-0.009847035448641073,0.0,2018-03-15,2018-03-14,2.0,1.0,,,,
reversal,1,5,2018-03-15,2018-03-16,2,46,47,-0.004913935258137436,-0.004913935258137436,True,True,-0.004913935258137436,0.0013815329799689025,2018-03-19,2018-03-16,3.0,2.0,2018-03-16,0.006286782840274618,,
reversal,0,6,2018-03-19,2018-07-26,89,48,136,-0.14200821486946713,-0.14200821486946713,True,True,-0.18893499736264596,0.00644507465991162,2018-07-06,2018-03-21,75.0,3.0,,,,
reversal,1,7,2018-07-27,2018-08-02,5,137,141,-0.05452088567567148,-0.05452088567567148,True,True,-0.05452088567567148,0.0,2018-08-03,2018-07-27,6.0,1.0,2018-07-27,0.05452088567567148,2018-08-02,2018-08-02
reversal,0,8,2018-08-03,2018-08-23,15,142,156,-0.025894409955339537,-0.025894409955339537,True,True,-0.03786099001905319,0.012241079180090875,2018-08-20,2018-08-14,12.0,8.0,,,,
reversal,-1,9,2018-08-24,2018-08-30,5,157,161,0.00022662353045732608,-0.00022662353045732608,True,True,0.0,0.024355848882402942,2018-08-24,2018-08-29,1.0,4.0,2018-08-24,0.024355848882402942,2018-08-28,
reversal,0,10,2018-08-31,2018-10-12,25,162,186,-0.11773704069415569,-0.11773704069415569,True,True,-0.12103267729082867,0.004562175104499744,2018-10-12,2018-09-05,25.0,4.0,,,,
reversal,-1,11,2018-10-15,2018-10-18,4,187,190,-0.07585405526792932,0.07585405526792932,True,True,-0.07585405526792932,0.0,2018-10-19,2018-10-15,5.0,1.0,2018-10-19,0.0,,
reversal,0,12,2018-10-19,2018-11-19,22,191,212,0.16943025972466197,0.16943025972466197,True,True,0.0,0.17734970629129254,2018-10-19,2018-11-19,1.0,22.0,,,,
reversal,1,13,2018-11-20,2018-11-26,5,213,217,-0.05094622283258943,-0.05094622283258943,True,True,-0.05566979237529124,0.0,2018-11-26,2018-11-20,5.0,1.0,2018-11-20,0.05566979237529124,2018-11-21,2018-11-21
reversal,0,14,2018-11-27,2018-12-26,22,218,239,-0.02958040691966135,-0.02958040691966135,True,True,-0.039748800545777674,0.025711210765108294,2018-12-26,2018-12-04,22.0,6.0,,,,
reversal,-1,15,2018-12-27,2019-01-04,5,240,244,-0.006637973163963418,0.006637973163963418,True,True,-0.04402957356501114,0.0,2019-01-04,2018-12-27,5.0,1.0,2019-01-04,0.03911376269294076,2019-01-07,2019-01-07
reversal,0,16,2019-01-07,2019-01-14,6,245,250,0.01132262296038844,0.01132262296038844,True,True,0.0,0.01947783378204271,2019-01-07,2019-01-14,1.0,6.0,,,,
reversal,1,17,2019-01-15,2019-01-25,9,251,259,0.013660071712113808,0.013660071712113808,True,True,0.0,0.02051617582806653,2019-01-15,2019-01-22,1.0,6.0,2019-01-22,0.016454165233690476,,
reversal,0,18,2019-01-28,2019-02-12,7,260,266,0.023318180785859788,0.023318180785859788,True,True,-0.035099084135173486,0.023318180785859788,2019-02-01,2019-02-13,5.0,8.0,,,,
reversal,1,19,2019-02-13,2019-03-11,19,267,285,0.2381887938714411,0.2381887938714411,True,True,0.0,0.2381887938714411,2019-02-13,2019-03-12,1.0,20.0,2019-03-12,-0.0,,
reversal,0,20,2019-03-12,2019-04-26,33,286,318,-0.017410091980893716,-0.017410091980893716,True,True,-0.031290566392529695,0.07640056303873677,2019-03-15,2019-04-08,4.0,19.0,,,,
reversal,-1,21,2019-04-29,2019-05-07,4,319,322,-0.09978907023377881,0.09978907023377881,True,True,-0.09978907023377881,0.0,2019-05-08,2019-04-29,5.0,1.0,2019-05-08,0.0,,
reversal,0,22,2019-05-08,2019-08-20,74,323,396,-1.4468366253406195e-05,-1.4468366253406195e-05,True,True,-0.057687143693360476,0.050650235918631825,2019-08-15,2019-05-17,71.0,8.0,,,,
reversal,1,23,2019-08-21,2019-09-12,17,397,413,0.08171113677913144,0.08171113677913144,True,True,-0.013612442843474626,0.08192218479437363,2019-08-26,2019-09-10,4.0,15.0,2019-09-10,0.006464871221160351,,
reversal,0,24,2019-09-16,2019-12-06,55,414,468,-0.04618377589560829,-0.04618377589560829,True,True,-0.07619180868765474,0.0,2019-11-18,2019-09-16,41.0,1.0,,,,
reversal,1,25,2019-12-09,2020-01-10,24,469,492,0.09124981654196329,0.09124981654196329,True,True,-0.001543756554491571,0.09789454314128276,2019-12-10,2020-01-10,2.0,24.0,2020-01-10,0.006052244854326427,,
reversal,0,26,2020-01-13,2020-02-18,21,493,513,0.03210145293008737,0.03210145293008737,True,True,-0.1354783501988266,0.03210145293008759,2020-02-04,2020-02-19,11.0,22.0,,,,
reversal,1,27,2020-02-19,2020-02-24,4,514,517,0.016171971104269156,0.016171971104269156,True,True,-0.006129538409634039,0.02306211523804569,2020-02-20,2020-02-24,2.0,4.0,2020-02-24,0.006734824827496766,,
reversal,0,28,2020-02-25,2020-02-27,3,518,520,-0.03258156608768037,-0.03258156608768037,True,True,-0.03258156608768048,0.013650648833710921,2020-02-28,2020-02-26,4.0,2.0,,,,
reversal,1,29,2020-02-28,2020-02-28,1,521,521,-0.007552007894047641,-0.007552007894047641,True,True,-0.007552007894047641,0.0,2020-03-02,2020-02-28,2.0,1.0,2020-02-28,0.007552007894047641,,
reversal,0,30,2020-03-02,2020-03-13,10,522,531,-0.0035438806479237694,-0.0035438806479237694,True,True,-0.0527391531195508,0.05054192028893412,2020-03-13,2020-03-05,10.0,4.0,,,,
reversal,-1,31,2020-03-16,2020-03-19,4,532,535,-0.050828932510734726,0.050828932510734726,True,True,-0.06857429720702024,0.0,2020-03-19,2020-03-16,4.0,1.0,2020-03-19,0.019051830589465357,,
reversal,0,32,2020-03-20,2020-05-07,31,536,566,0.049331383225030834,0.049331383225030834,True,True,-0.04194779173425989,0.049331383225030834,2020-04-02,2020-05-08,10.0,32.0,,,,
reversal,1,33,2020-05-08,2020-05-21,10,567,576,-0.009707200744842548,-0.009707200744842548,True,True,-0.00970720074484277,0.01281677008122517,2020-05-22,2020-05-20,11.0,9.0,2020-05-20,0.022238939452257966,2020-05-22,
reversal,0,34,2020-05-22,2020-06-10,14,577,590,0.036319212755814956,0.036319212755814956,True,True,-0.018031630578603908,0.036319212755814734,2020-05-25,2020-06-11,2.0,15.0,,,,
reversal,1,35,2020-06-11,2020-06-23,9,591,599,0.0337977985459863,0.0337977985459863,True,True,-0.024001639827110566,0.033797798545986524,2020-06-12,2020-06-24,2.0,10.0,2020-06-24,-0.0,,
reversal,0,36,2020-06-24,2020-07-03,6,600,605,0.049481859361944824,0.049481859361944824,True,True,-0.005867275948987505,0.049481859361944824,2020-06-29,2020-07-06,2.0,7.0,,,,
reversal,1,37,2020-07-06,2020-07-13,6,606,611,0.1314063432969934,0.1314063432969934,True,True,0.0,0.1314063432969932,2020-07-06,2020-07-14,1.0,7.0,2020-07-14,-0.0,,
reversal,0,38,2020-07-14,2020-09-10,43,612,654,-0.09963969279759965,-0.09963969279759965,True,True,-0.09963969279759954,0.0,2020-09-11,2020-07-14,44.0,1.0,,,,
reversal,-1,39,2020-09-11,2020-09-17,5,655,659,0.02544437868982996,-0.02544437868982996,True,True,0.0,0.027332607371900464,2020-09-11,2020-09-16,1.0,4.0,2020-09-11,0.027332607371900464,2020-09-14,
reversal,0,40,2020-09-18,2020-10-26,21,660,680,-0.028317380891961785,-0.028317380891961785,True,True,-0.028317380891961563,0.028274367554356195,2020-10-27,2020-10-14,22.0,13.0,,,,
reversal,-1,41,2020-10-27,2020-11-02,5,681,685,-0.001990117742895592,0.001990117742895592,True,True,-0.010993453854369117,0.013810839840257216,2020-11-02,2020-10-30,5.0,4.0,2020-11-02,0.009103414074013383,,
reversal,0,42,2020-11-03,2021-02-04,67,686,752,0.027314437054279717,0.027314437054279717,True,True,0.0,0.07466370948519496,2020-11-03,2021-01-25,1.0,59.0,,,,
reversal,-1,43,2021-02-05,2021-02-18,5,753,757,0.040419681465943214,-0.040419681465943214,True,True,-0.015118831283995715,0.04941434199461492,2021-02-08,2021-02-18,2.0,5.0,2021-02-08,0.06552381681004515,2021-02-10,2021-02-10
reversal,0,44,2021-02-19,2021-03-05,11,758,768,-0.02219099139927505,-0.02219099139927505,True,True,-0.041588480817055684,0.019887062086580753,2021-03-05,2021-02-22,11.0,2.0,,,,
reversal,-1,45,2021-03-08,2021-03-12,5,769,773,-0.04051593082683236,0.04051593082683236,True,True,-0.05879428890966676,0.0,2021-03-11,2021-03-08,4.0,1.0,2021-03-11,0.025871212722974102,2021-03-12,
reversal,0,46,2021-03-15,2021-03-16,2,774,775,-0.001841997616717106,-0.001841997616717106,True,True,-0.002621078213438932,0.0,2021-03-16,2021-03-15,2.0,1.0,,,,
reversal,-1,47,2021-03-17,2021-03-23,5,776,780,-9.390229191486021e-05,9.390229191486021e-05,True,True,-9.390229191486021e-05,0.020561349971965237,2021-03-24,2021-03-23,6.0,5.0,2021-03-24,0.0,,
reversal,0,48,2021-03-24,2021-04-09,12,781,792,0.02345381440588734,0.02345381440588734,True,True,-0.009941681912389977,0.02751736303815333,2021-03-25,2021-04-07,2.0,10.0,,,,
reversal,1,49,2021-04-12,2021-05-07,17,793,809,0.02152544044681237,0.02152544044681237,True,True,-0.01875447323205126,0.028506460986934545,2021-04-14,2021-05-07,3.0,17.0,2021-05-07,0.0067875320233021785,,
reversal,0,50,2021-05-10,2021-05-28,15,810,824,0.0340685568357566,0.0340685568357566,True,True,-0.004101963123143371,0.03681321735797205,2021-05-12,2021-05-28,3.0,15.0,,,,
reversal,1,51,2021-05-31,2021-06-09,8,825,832,0.0010880110805433496,0.0010880110805433496,True,True,-0.005910215797844343,0.008823342417453528,2021-06-04,2021-06-02,5.0,3.0,2021-06-02,0.014604695981748073,,
reversal,0,52,2021-06-10,2021-07-23,31,833,863,0.04265177327561753,0.04265177327561753,True,True,-0.020110873979072408,0.05194918409515381,2021-06-17,2021-07-23,5.0,31.0,,,,
reversal,1,53,2021-07-26,2021-07-30,5,864,868,-0.031157527616573644,-0.031157527616573644,True,True,-0.046451423502230194,0.0,2021-07-28,2021-07-26,3.0,1.0,2021-07-26,0.046451423502230194,2021-07-28,2021-07-28
reversal,0,54,2021-08-02,2021-08-31,22,869,890,0.07610401305751657,0.07610401305751657,True,True,0.0,0.07610401305751657,2021-08-02,2021-09-01,1.0,23.0,,,,
reversal,1,55,2021-09-01,2021-09-07,5,891,895,0.030986047678667195,0.030986047678667195,True,True,-0.013565457500692713,0.030986047678666973,2021-09-02,2021-09-08,2.0,6.0,2021-09-08,-0.0,,
reversal,0,56,2021-09-08,2021-09-08,1,896,896,0.005155479723530032,0.005155479723530032,True,True,0.0,0.005155479723530032,2021-09-08,2021-09-09,1.0,2.0,,,,
reversal,1,57,2021-09-09,2021-09-09,1,897,897,0.010434318777898577,0.010434318777898577,True,True,0.0,0.010434318777898577,2021-09-09,2021-09-10,1.0,2.0,2021-09-10,-0.0,,
reversal,0,58,2021-09-10,2021-09-27,10,898,907,-0.059759307155980546,-0.059759307155980546,True,True,-0.059759307155980324,0.002247463881756895,2021-09-28,2021-09-14,11.0,3.0,,,,
reversal,-1,59,2021-09-28,2021-10-11,5,908,912,-0.01247009846296765,0.01247009846296765,True,True,-0.017311520210116393,0.004554662579324242,2021-09-30,2021-10-08,3.0,4.0,2021-09-30,0.02225138814501615,2021-10-08,
reversal,0,60,2021-10-12,2021-10-15,4,913,916,-0.0059710568080956206,-0.0059710568080956206,True,True,-0.01578962347834001,0.0,2021-10-13,2021-10-12,2.0,1.0,,,,
reversal,-1,61,2021-10-18,2021-10-22,5,917,921,-0.0011551925654648132,0.0011551925654648132,True,True,-0.0011551925654648132,0.014300981419169467,2021-10-25,2021-10-21,6.0,4.0,2021-10-25,0.0,,
reversal,0,62,2021-10-25,2022-01-06,53,922,974,0.030401142472489928,0.030401142472489928,True,True,-0.00900055540498057,0.05254052188236358,2021-10-29,2022-01-04,5.0,51.0,,,,
reversal,-1,63,2022-01-07,2022-01-14,6,975,980,-0.02098789024464287,0.02098789024464287,True,True,-0.023365051258787406,0.0,2022-01-14,2022-01-07,6.0,1.0,2022-01-14,0.0024340323036857736,,
reversal,0,64,2022-01-17,2022-01-20,4,981,984,-0.006027272458806188,-0.006027272458806188,True,True,-0.006027272458806077,0.01165332274705988,2022-01-21,2022-01-18,5.0,2.0,,,,
reversal,-1,65,2022-01-21,2022-01-27,5,985,989,-0.049412676771036,0.049412676771036,True,True,-0.04941267677103589,0.0,2022-01-28,2022-01-21,6.0,1.0,2022-01-28,0.0,,
reversal,0,66,2022-01-28,2022-03-09,24,990,1013,-0.03964969229880444,-0.03964969229880444,True,True,-0.03964969229880455,0.031509158466769494,2022-03-10,2022-03-03,25.0,20.0,,,,
reversal,-1,67,2022-03-10,2022-03-16,5,1014,1018,-0.029769808056984814,0.029769808056984814,True,True,-0.055411217221166265,0.0,2022-03-16,2022-03-10,5.0,1.0,2022-03-16,0.02714557872341894,2022-03-17,
reversal,0,68,2022-03-17,2022-04-18,21,1019,1039,-0.02665603104649683,-0.02665603104649683,True,True,-0.03434800099338364,0.022030020740518186,2022-04-18,2022-03-24,21.0,6.0,,,,
reversal,-1,69,2022-04-19,2022-04-25,5,1040,1044,-0.11425249974062557,0.11425249974062557,True,True,-0.11425249974062557,0.0025270295515624763,2022-04-26,2022-04-20,6.0,2.0,2022-04-26,0.0,,
reversal,0,70,2022-04-26,2022-05-27,21,1045,1065,0.10122112185674537,0.10122112185674537,True,True,-0.036325724638139545,0.1093907940501817,2022-04-27,2022-05-24,2.0,18.0,,,,
reversal,1,71,2022-05-30,2022-06-15,12,1066,1077,0.05813282857991542,0.05813282857991542,True,True,0.0,0.06034356920362294,2022-05-30,2022-06-15,1.0,12.0,2022-06-15,0.0020849285909926296,,
reversal,0,72,2022-06-16,2022-06-20,3,1078,1080,0.00998890644921091,0.00998890644921091,True,True,-0.006659531786717299,0.00998890644921091,2022-06-17,2022-06-21,2.0,4.0,,,,
reversal,1,73,2022-06-21,2022-06-22,2,1081,1082,-0.021795553579572413,-0.021795553579572413,True,True,-0.021795553579572524,0.0,2022-06-23,2022-06-21,3.0,1.0,2022-06-21,0.021795553579572524,2022-06-23,
reversal,0,74,2022-06-23,2022-06-28,4,1083,1086,0.04722542576498978,0.04722542576498978,True,True,0.0,0.04722542576498978,2022-06-23,2022-06-29,1.0,5.0,,,,
reversal,1,75,2022-06-29,2022-07-04,4,1087,1090,0.008686930310921825,0.008686930310921825,True,True,-0.014501193378127275,0.008686930310921825,2022-06-30,2022-07-05,2.0,5.0,2022-07-05,-0.0,,
reversal,0,76,2022-07-05,2022-07-15,9,1091,1099,-0.048864927415987025,-0.048864927415987025,True,True,-0.048864927415987025,0.0,2022-07-18,2022-07-05,10.0,1.0,,,,
reversal,-1,77,2022-07-18,2022-07-22,5,1100,1104,0.01303063055712217,-0.01303063055712217,True,True,0.0,0.029595132948154967,2022-07-18,2022-07-21,1.0,4.0,2022-07-18,0.029595132948154967,2022-07-20,
reversal,0,78,2022-07-25,2022-08-03,8,1105,1112,-0.021694607175891334,-0.021694607175891334,True,True,-0.021694607175891112,0.010190945847369903,2022-08-04,2022-07-28,9.0,4.0,,,,
reversal,-1,79,2022-08-04,2022-08-10,5,1113,1117,0.030680970255855033,-0.030680970255855033,True,True,0.0,0.030680970255855256,2022-08-04,2022-08-11,1.0,6.0,2022-08-04,0.030680970255855256,2022-08-09,2022-08-11
reversal,0,80,2022-08-11,2022-08-12,2,1118,1119,0.008854371924096327,0.008854371924096327,True,True,0.0,0.01190867728858036,2022-08-11,2022-08-12,1.0,2.0,,,,
reversal,1,81,2022-08-15,2022-08-25,9,1120,1128,-0.011651763754967237,-0.011651763754967237,True,True,-0.0160126339645138,0.011810309631385518,2022-08-25,2022-08-18,9.0,4.0,2022-08-18,0.027498181557406354,2022-08-25,
reversal,0,82,2022-08-26,2022-09-16,15,1129,1143,-0.06053034561723225,-0.06053034561723225,True,True,-0.06053034561723203,0.0005973547321080908,2022-09-19,2022-09-13,16.0,12.0,,,,
reversal,-1,83,2022-09-19,2022-09-23,5,1144,1148,-0.01786843684160111,0.01786843684160111,True,True,-0.01786843684160111,0.0022201106865957776,2022-09-26,2022-09-23,6.0,5.0,2022-09-26,0.0,,
reversal,0,84,2022-09-26,2022-11-14,31,1149,1179,0.048536374000469396,0.048536374000469396,True,True,-0.034083018359920225,0.06533342867287373,2022-10-11,2022-11-11,7.0,30.0,,,,
reversal,1,85,2022-11-15,2022-11-23,7,1180,1186,0.00024350596210864772,0.00024350596210864772,True,True,-0.0017693569321821645,0.018526550729312197,2022-11-23,2022-11-16,7.0,2.0,2022-11-16,0.01992673401293421,,
reversal,0,86,2022-11-24,2022-11-28,3,1187,1189,-0.009001536937741417,-0.009001536937741417,True,True,-0.02068743466806766,0.0,2022-11-28,2022-11-24,3.0,1.0,,,,
reversal,-1,87,2022-11-29,2022-12-05,5,1190,1194,0.021588716526238505,-0.021588716526238505,True,True,0.0,0.02303267157262323,2022-11-29,2022-12-01,1.0,3.0,2022-11-29,0.02303267157262323,2022-12-01,
reversal,0,88,2022-12-06,2022-12-14,7,1195,1201,-0.018122686244416486,-0.018122686244416486,True,True,-0.018122686244416375,0.0,2022-12-15,2022-12-06,8.0,1.0,,,,
reversal,-1,89,2022-12-15,2022-12-21,5,1202,1206,-0.036517158994855414,0.036517158994855414,True,True,-0.036517158994855525,0.0,2022-12-22,2022-12-15,6.0,1.0,2022-12-22,0.0,,
reversal,0,90,2022-12-22,2023-01-13,16,1207,1222,0.03428714438511404,0.03428714438511404,True,True,-0.0197308360106917,0.034287144385114265,2022-12-23,2023-01-16,2.0,17.0,,,,
reversal,1,91,2023-01-16,2023-02-16,19,1223,1241,0.03559303838917427,0.03559303838917427,True,True,0.0,0.05436922255333587,2023-01-16,2023-02-15,1.0,18.0,2023-02-15,0.01780797823241853,,
reversal,0,92,2023-02-17,2023-03-14,18,1242,1259,-0.011773335311612843,-0.011773335311612843,True,True,-0.01510701205941678,0.01803264877172328,2023-03-13,2023-03-02,17.0,10.0,,,,
reversal,-1,93,2023-03-15,2023-03-22,6,1260,1265,0.006866832138450185,-0.006866832138450185,True,True,-0.006286081564622958,0.006866832138450185,2023-03-21,2023-03-23,5.0,7.0,2023-03-21,0.013236117014223447,,
reversal,0,94,2023-03-23,2023-04-04,9,1266,1274,0.021372007005142413,0.021372007005142413,True,True,0.0,0.025783689828481116,2023-03-23,2023-04-04,1.0,9.0,,,,
reversal,1,95,2023-04-06,2023-04-20,11,1275,1285,0.003802087005211119,0.003802087005211119,True,True,0.0,0.013732496732659749,2023-04-06,2023-04-10,1.0,3.0,2023-04-10,0.010704899804886203,,
reversal,0,96,2023-04-21,2023-04-24,2,1286,1287,-0.03211336817388377,-0.03211336817388377,True,True,-0.03211336817388377,0.0,2023-04-25,2023-04-21,3.0,1.0,,,,
reversal,-1,97,2023-04-25,2023-05-04,5,1288,1292,0.00807107314236366,-0.00807107314236366,True,True,-0.01780401128113196,0.008071073142363883,2023-04-26,2023-05-05,2.0,6.0,2023-04-26,0.02634411535038561,2023-05-04,
reversal,0,98,2023-05-05,2023-05-10,4,1293,1296,-0.011195509813410998,-0.011195509813410998,True,True,-0.014158245712505124,0.0,2023-05-10,2023-05-05,4.0,1.0,,,,
reversal,-1,99,2023-05-11,2023-05-18,6,1297,1302,-0.011126590260590485,0.011126590260590485,True,True,-0.014710261070242314,0.0,2023-05-15,2023-05-11,3.0,1.0,2023-05-15,0.01058194104434551,,
reversal,0,100,2023-05-19,2023-06-19,22,1303,1324,0.0009648113916014278,0.0009648113916014278,True,True,-0.024218881399477477,0.0052333530472057355,2023-06-09,2023-06-19,16.0,22.0,,,,
reversal,1,101,2023-06-20,2023-06-28,5,1325,1329,-0.03169098277622162,-0.03169098277622162,True,True,-0.03675639069588532,0.0,2023-06-27,2023-06-20,4.0,1.0,2023-06-20,0.03675639069588532,2023-06-26,2023-06-27
reversal,0,102,2023-06-29,2023-08-14,33,1330,1362,-0.0015079505504487223,-0.0015079505504487223,True,True,-0.01083320162956214,0.03330259589397966,2023-08-14,2023-08-04,33.0,27.0,,,,
reversal,-1,103,2023-08-15,2023-08-21,5,1363,1367,-0.031506973718297915,0.031506973718297915,True,True,-0.031506973718297915,0.0,2023-08-22,2023-08-15,6.0,1.0,2023-08-22,0.0,,
reversal,0,104,2023-08-22,2023-11-07,50,1368,1417,-0.02272428220005085,-0.02272428220005085,True,True,-0.07353334444511339,0.02662178907520385,2023-10-24,2023-08-28,40.0,5.0,,,,
reversal,1,105,2023-11-08,2023-11-17,8,1418,1425,0.005821197672870371,0.005821197672870371,True,True,-0.004575001614768426,0.013310724612570324,2023-11-10,2023-11-15,3.0,6.0,2023-11-15,0.013843523323782692,,
reversal,0,106,2023-11-20,2023-11-21,2,1426,1427,-0.0022580080260320434,-0.0022580080260320434,True,True,-0.0022580080260321544,0.005958279374887576,2023-11-22,2023-11-21,3.0,2.0,,,,
reversal,1,107,2023-11-22,2023-11-28,5,1428,1432,-0.006062322538088583,-0.006062322538088583,True,True,-0.010899254765567301,0.0,2023-11-28,2023-11-22,5.0,1.0,2023-11-22,0.010899254765567301,,
reversal,0,108,2023-11-29,2023-12-19,15,1433,1447,-0.03628314611188699,-0.03628314611188699,True,True,-0.03722449748772272,0.0,2023-12-19,2023-11-29,15.0,1.0,,,,
reversal,-1,109,2023-12-20,2023-12-27,6,1448,1453,-0.019551668404630962,0.019551668404630962,True,True,-0.023101708438083346,0.0,2023-12-27,2023-12-20,6.0,1.0,2023-12-27,0.0036339914442644616,,
reversal,0,110,2023-12-28,2024-01-15,12,1454,1465,-0.01748278975037043,-0.01748278975037043,True,True,-0.024302011721800576,0.028554599603112463,2024-01-11,2024-01-02,10.0,3.0,,,,
reversal,-1,111,2024-01-16,2024-01-22,5,1466,1470,-0.08034757819470528,0.08034757819470528,True,True,-0.08034757819470528,0.0,2024-01-23,2024-01-16,6.0,1.0,2024-01-23,0.0,,
reversal,0,112,2024-01-23,2024-01-30,6,1471,1476,0.003209999345488601,0.003209999345488601,True,True,0.0,0.05947641623446298,2024-01-23,2024-01-26,1.0,4.0,,,,
reversal,-1,113,2024-01-31,2024-02-05,4,1477,1480,-0.07844777217943433,0.07844777217943433,True,True,-0.07844777217943433,0.0,2024-02-06,2024-01-31,5.0,1.0,2024-02-06,0.0,,
reversal,0,114,2024-02-06,2024-02-26,9,1481,1489,0.17308316055727802,0.17308316055727802,True,True,0.0,0.1844898939042432,2024-02-06,2024-02-19,1.0,4.0,,,,
reversal,1,115,2024-02-27,2024-03-07,8,1490,1497,0.020790735228363832,0.020790735228363832,True,True,-0.0039944775657292375,0.04099171074453323,2024-02-29,2024-03-04,3.0,5.0,2024-03-04,0.01940551044515204,,
reversal,0,116,2024-03-08,2024-04-30,36,1498,1533,0.04089735443934028,0.04089735443934028,True,True,-0.023839015682185938,0.04394630501541941,2024-03-28,2024-03-19,15.0,8.0,,,,
reversal,1,117,2024-05-06,2024-05-09,4,1534,1537,0.011593988714116765,0.011593988714116765,True,True,-0.006744489650363339,0.011593988714116765,2024-05-09,2024-05-10,4.0,5.0,2024-05-10,-0.0,,
reversal,0,118,2024-05-10,2024-05-13,2,1538,1539,-0.009659283493771542,-0.009659283493771542,True,True,-0.010618922956845966,0.0,2024-05-13,2024-05-10,2.0,1.0,,,,
reversal,1,119,2024-05-14,2024-05-15,2,1540,1541,-0.008597420301908687,-0.008597420301908687,True,True,-0.008597420301908798,0.0,2024-05-16,2024-05-14,3.0,1.0,2024-05-14,0.008597420301908798,,
reversal,0,120,2024-05-16,2024-05-30,11,1542,1552,-0.02753761842125868,-0.02753761842125868,True,True,-0.027927429448058594,0.00922452051256939,2024-05-29,2024-05-21,10.0,4.0,,,,
reversal,-1,121,2024-05-31,2024-06-06,5,1553,1557,-0.011971178757659628,0.011971178757659628,True,True,-0.011971178757659628,0.003416861338886079,2024-06-07,2024-06-05,6.0,4.0,2024-06-07,0.0,,
reversal,0,122,2024-06-07,2024-06-25,12,1558,1569,-0.05812321371948803,-0.05812321371948803,True,True,-0.05812321371948803,0.0,2024-06-26,2024-06-07,13.0,1.0,,,,
reversal,-1,123,2024-06-26,2024-07-02,5,1570,1574,0.000654409528843658,-0.000654409528843658,True,True,-0.005563533165585111,0.011818807675631815,2024-06-28,2024-07-02,3.0,5.0,2024-06-28,0.017479589114978822,,
reversal,0,124,2024-07-03,2024-07-04,2,1575,1576,-0.023564648792572807,-0.023564648792572807,True,True,-0.023564648792572807,0.0,2024-07-05,2024-07-03,3.0,1.0,,,,
reversal,-1,125,2024-07-05,2024-07-11,5,1577,1581,0.020319152575633215,-0.020319152575633215,True,True,-0.0110895053800244,0.020319152575633437,2024-07-09,2024-07-12,3.0,6.0,2024-07-09,0.03176087029769836,2024-07-11,2024-07-12
reversal,0,126,2024-07-12,2024-09-25,52,1582,1633,-0.04079276779054919,-0.04079276779054919,True,True,-0.09679196665089773,0.0,2024-09-18,2024-07-12,47.0,1.0,,,,
reversal,1,127,2024-09-26,2024-10-08,4,1634,1637,0.27247282900789593,0.27247282900789593,True,True,0.0,0.3579813017192566,2024-09-26,2024-10-08,1.0,4.0,2024-10-08,0.06296734174697671,2024-10-09,2024-10-09
reversal,0,128,2024-10-09,2024-10-23,11,1638,1648,-0.04425623719434668,-0.04425623719434668,True,True,-0.10310385375795594,0.0,2024-10-16,2024-10-09,6.0,1.0,,,,
reversal,1,129,2024-10-24,2024-10-31,6,1649,1654,0.025360597945802255,0.025360597945802255,True,True,-0.002135237372214771,0.027098257752157906,2024-10-25,2024-10-29,2.0,4.0,2024-10-29,0.01854450552414988,,
reversal,0,130,2024-11-01,2024-11-01,1,1655,1655,-0.009829333527360928,-0.009829333527360928,True,True,-0.009829333527360928,0.0,2024-11-04,2024-11-01,2.0,1.0,,,,
reversal,1,131,2024-11-04,2024-11-04,1,1656,1656,0.01550425457293203,0.01550425457293203,True,True,0.0,0.01550425457293203,2024-11-04,2024-11-05,1.0,2.0,2024-11-05,-0.0,,
reversal,0,132,2024-11-05,2024-11-06,2,1657,1658,0.02292824683220962,0.02292824683220962,True,True,0.0,0.03527896652120943,2024-11-05,2024-11-06,1.0,2.0,,,,
reversal,1,133,2024-11-07,2024-11-12,4,1659,1662,0.028444463976806222,0.028444463976806222,True,True,0.0,0.04742777517373775,2024-11-07,2024-11-12,1.0,4.0,2024-11-12,0.018123742416304323,,
reversal,0,134,2024-11-13,2025-02-07,56,1663,1718,-0.06029927667694357,-0.06029927667694357,True,True,-0.14668483602845017,0.0010348791786258804,2025-01-13,2024-11-14,43.0,2.0,,,,
reversal,1,135,2025-02-10,2025-02-19,8,1719,1726,0.014228926166849565,0.014228926166849565,True,True,-0.003975219530430896,0.02075743706410238,2025-02-19,2025-02-17,8.0,6.0,2025-02-17,0.024229709915873032,2025-02-19,
reversal,0,136,2025-02-20,2025-02-28,7,1727,1733,-0.01104867561745615,-0.01104867561745615,True,True,-0.011048675617455928,0.01948652206249535,2025-03-03,2025-02-24,8.0,3.0,,,,
reversal,1,137,2025-03-03,2025-03-24,16,1734,1749,0.015906221973691403,0.015906221973691403,True,True,-0.0051874145606561894,0.04256050619336227,2025-03-04,2025-03-18,2.0,12.0,2025-03-18,0.025566174875539915,2025-03-24,
reversal,0,138,2025-03-25,2025-06-27,64,1750,1813,-0.015368604542313813,-0.015368604542313813,True,True,-0.1205699605743703,0.0,2025-04-09,2025-03-25,11.0,1.0,,,,
reversal,1,139,2025-06-30,2025-07-25,20,1814,1833,0.07274133301828778,0.07274133301828778,True,True,0.0,0.07274133301828822,2025-06-30,2025-07-28,1.0,21.0,2025-07-28,-0.0,,
reversal,0,140,2025-07-28,2025-07-28,1,1834,1834,0.0004596346899421455,0.0004596346899421455,True,True,0.0,0.0004596346899421455,2025-07-28,2025-07-29,1.0,2.0,,,,
reversal,1,141,2025-07-29,2025-08-01,4,1835,1838,-0.018670926951517175,-0.018670926951517175,True,True,-0.018670926951517286,0.005905227463232077,2025-08-04,2025-07-30,5.0,2.0,2025-07-30,0.024431878614178393,2025-08-04,
reversal,0,142,2025-08-04,2025-08-18,11,1839,1849,0.07637906343916945,0.07637906343916945,True,True,0.0,0.07637906343916945,2025-08-04,2025-08-19,1.0,12.0,,,,
reversal,1,143,2025-08-19,2025-08-22,4,1850,1853,0.0334843078138487,0.0334843078138487,True,True,-0.005934604272419208,0.0334843078138487,2025-08-20,2025-08-25,2.0,5.0,2025-08-25,-0.0,,
reversal,0,144,2025-08-25,2025-11-21,59,1854,1912,-0.004285862697012255,-0.004285862697012255,True,True,-0.02572121718988518,0.08903566956628262,2025-09-05,2025-10-10,10.0,29.0,,,,
reversal,-1,145,2025-11-24,2025-11-28,5,1913,1917,0.028744283775300916,-0.028744283775300916,True,True,0.0,0.028744283775300916,2025-11-24,2025-12-01,1.0,6.0,2025-11-24,0.028744283775300916,2025-12-01,
reversal,0,146,2025-12-01,2025-12-24,18,1918,1935,0.040839444903760125,0.040839444903760125,True,True,-0.007400897589628697,0.04083944490376035,2025-12-04,2025-12-25,4.0,19.0,,,,
reversal,1,147,2025-12-25,2026-01-13,12,1936,1947,0.11215451027042356,0.11215451027042356,True,True,0.0,0.1264655306962319,2025-12-25,2026-01-13,1.0,12.0,2026-01-13,0.012704357155929547,,
reversal,0,148,2026-01-14,2026-01-16,3,1948,1950,0.004181889525399773,0.004181889525399773,True,True,0.0,0.009349431598294933,2026-01-14,2026-01-16,1.0,3.0,,,,
reversal,1,149,2026-01-19,2026-01-23,5,1951,1955,0.05187996495297886,0.05187996495297886,True,True,-0.0003588146231283673,0.05187996495297886,2026-01-21,2026-01-26,3.0,6.0,2026-01-26,-0.0,,
reversal,0,150,2026-01-26,2026-03-16,30,1956,1985,-0.04926390756851884,-0.04926390756851884,True,True,-0.06616552935531939,0.0030344392981875856,2026-02-06,2026-03-03,10.0,21.0,,,,
reversal,-1,151,2026-03-17,2026-03-20,4,1986,1989,-0.07033518542443551,0.07033518542443551,True,True,-0.07033518542443562,0.0,2026-03-23,2026-03-17,5.0,1.0,2026-03-23,0.0,,
reversal,0,152,2026-03-23,2026-03-27,5,1990,1994,0.004185724278084724,0.004185724278084724,True,True,-0.011025318536939,0.01754815790641162,2026-03-27,2026-03-26,5.0,4.0,,,,
reversal,-1,153,2026-03-30,2026-04-03,5,1995,1999,-0.012150808107908029,0.012150808107908029,True,True,-0.01215080810790814,0.014262666506460908,2026-04-07,2026-04-01,6.0,3.0,2026-04-07,0.0,,
reversal,0,154,2026-04-07,2026-04-21,11,2000,2010,0.08790035028589993,0.08790035028589993,True,True,0.0,0.09273066472174918,2026-04-07,2026-04-21,1.0,11.0,,,,
reversal,1,155,2026-04-22,2026-04-29,6,2011,2016,0.012712980017774766,0.012712980017774766,True,True,-0.008447557264798622,0.019559499529564928,2026-04-29,2026-04-23,6.0,2.0,2026-04-23,0.027469761997496178,2026-04-29,
reversal,0,156,2026-04-30,2026-05-08,4,2017,2020,0.0527803995069569,0.0527803995069569,True,True,0.0,0.0527803995069569,2026-04-30,2026-05-11,1.0,5.0,,,,
reversal,1,157,2026-05-11,2026-05-11,1,2021,2021,0.009691243116188186,0.009691243116188186,True,True,0.0,0.009691243116188186,2026-05-11,2026-05-12,1.0,2.0,2026-05-12,-0.0,,
reversal,0,158,2026-05-12,2026-05-12,1,2022,2022,-0.014144552644974051,-0.014144552644974051,True,True,-0.014144552644974051,0.0,2026-05-13,2026-05-12,2.0,1.0,,,,
reversal,1,159,2026-05-13,2026-05-13,1,2023,2023,0.025431154794464117,0.025431154794464117,True,True,0.0,0.025431154794464117,2026-05-13,2026-05-14,1.0,2.0,2026-05-14,-0.0,,
reversal,0,160,2026-05-14,2026-05-15,2,2024,2025,-0.05137239566014784,-0.05137239566014784,True,True,-0.05137239566014784,0.0,2026-05-18,2026-05-14,3.0,1.0,,,,
reversal,1,161,2026-05-18,2026-05-18,1,2026,2026,0.003666377303411794,0.003666377303411794,True,True,0.0,0.003666377303411794,2026-05-18,2026-05-19,1.0,2.0,2026-05-19,-0.0,,
reversal,0,162,2026-05-19,2026-06-05,14,2027,2040,-0.06399397298568377,-0.06399397298568377,True,True,-0.06399397298568377,0.021001485156128652,2026-06-08,2026-05-21,15.0,3.0,,,,
reversal,-1,163,2026-06-08,2026-06-12,5,2041,2045,0.024614722888673723,-0.024614722888673723,True,True,0.0,0.026389206367716023,2026-06-08,2026-06-12,1.0,5.0,2026-06-08,0.026389206367716023,2026-06-12,
reversal,0,164,2026-06-15,2026-06-24,7,2046,2052,0.08193179387977723,0.08193179387977723,True,True,0.0,0.08193179387977745,2026-06-15,2026-06-25,1.0,8.0,,,,
reversal,1,165,2026-06-25,2026-06-30,4,2053,2056,0.023425374475019467,0.023425374475019467,True,True,-0.012806629033463413,0.023425374475019245,2026-06-29,2026-07-01,3.0,5.0,2026-07-01,-0.0,,
reversal,0,166,2026-07-01,2026-07-13,9,2057,2065,-0.10130280094010624,-0.10130280094010624,True,True,-0.10130280094010602,0.0,2026-07-14,2026-07-01,10.0,1.0,,,,
reversal,-1,167,2026-07-14,2026-07-17,4,2066,2069,-0.0660446451584733,0.0660446451584733,True,True,-0.06604464515847341,0.019556940160237124,2026-07-20,2026-07-15,5.0,2.0,2026-07-20,0.0,,
reversal,0,168,2026-07-20,2026-07-24,5,2070,2074,-0.011235639765534211,-0.011235639765534211,True,True,-0.021100535112318575,0.020148374074106634,2026-07-21,2026-07-23,2.0,4.0,,,,
reversal,-1,169,2026-07-27,2026-07-31,5,2075,2079,-0.007359295765206331,0.007359295765206331,True,True,-0.008998664555243008,0.010297103845698707,2026-07-29,2026-07-28,3.0,2.0,2026-07-29,0.012498089270876589,,
reversal,0,170,2026-08-03,2026-08-17,11,2080,2090,,,False,False,,,,,,,,,,
transfer,0,0,2018-01-03,2018-01-15,9,0,8,-0.013671940857649112,-0.013671940857649112,True,True,-0.013671940857649112,0.017647811615924436,2018-01-16,2018-01-10,10.0,6.0,,,,
transfer,-1,1,2018-01-16,2018-01-23,6,9,14,0.01731661338000845,-0.01731661338000845,True,True,0.0,0.01731661338000845,2018-01-16,2018-01-24,1.0,7.0,2018-01-16,0.01731661338000845,,
transfer,0,2,2018-01-24,2018-02-01,7,15,21,-0.06542713824264379,-0.06542713824264379,True,True,-0.0654271382426439,0.005273072430619141,2018-02-02,2018-01-25,8.0,2.0,,,,
transfer,-1,3,2018-02-02,2018-02-02,1,22,22,-0.0016644885211410942,0.0016644885211410942,True,True,-0.0016644885211410942,0.0,2018-02-05,2018-02-02,2.0,1.0,2018-02-05,0.0,,
transfer,0,4,2018-02-05,2018-02-08,4,23,26,-0.04989702056098411,-0.04989702056098411,True,True,-0.04989702056098422,0.0,2018-02-09,2018-02-05,5.0,1.0,,,,
transfer,-1,5,2018-02-09,2018-02-09,1,27,27,-0.008922115448860679,0.008922115448860679,True,True,-0.008922115448860679,0.0,2018-02-12,2018-02-09,2.0,1.0,2018-02-12,0.0,,
transfer,0,6,2018-02-12,2018-02-22,4,28,31,0.053031155516767514,0.053031155516767514,True,True,0.0,0.053031155516767736,2018-02-12,2018-02-23,1.0,5.0,,,,
transfer,1,7,2018-02-23,2018-02-23,1,32,32,0.008286365116762395,0.008286365116762395,True,True,0.0,0.008286365116762395,2018-02-23,2018-02-26,1.0,2.0,2018-02-26,-0.0,,
transfer,0,8,2018-02-26,2018-03-05,6,33,38,0.0254703142240591,0.0254703142240591,True,True,0.0,0.0254703142240591,2018-02-26,2018-03-06,1.0,7.0,,,,
transfer,-1,9,2018-03-06,2018-03-06,1,39,39,0.009309637727091369,-0.009309637727091369,True,True,0.0,0.009309637727091369,2018-03-06,2018-03-07,1.0,2.0,2018-03-06,0.009309637727091369,,
transfer,0,10,2018-03-07,2018-03-07,1,40,40,-0.00982654446606146,-0.00982654446606146,True,True,-0.00982654446606146,0.0,2018-03-08,2018-03-07,2.0,1.0,,,,
transfer,1,11,2018-03-08,2018-03-16,7,41,47,0.011335615270053001,0.011335615270053001,True,True,0.0,0.03492628972078693,2018-03-08,2018-03-13,1.0,4.0,2018-03-13,0.022794545548841527,2018-03-19,
transfer,0,12,2018-03-19,2018-03-21,3,48,50,-0.0020304044594074977,-0.0020304044594074977,True,True,-0.00535854991111151,0.00644507465991162,2018-03-20,2018-03-21,2.0,3.0,,,,
transfer,-1,13,2018-03-22,2018-03-22,1,51,51,-0.035347177204903546,0.035347177204903546,True,True,-0.035347177204903546,0.0,2018-03-23,2018-03-22,2.0,1.0,2018-03-23,0.0,,
transfer,0,14,2018-03-23,2018-03-29,5,52,56,0.023473491410977765,0.023473491410977765,True,True,-0.03348616050179054,0.023473491410977987,2018-03-26,2018-03-30,2.0,6.0,,,,
transfer,-1,15,2018-03-30,2018-03-30,1,57,57,0.01240177148194821,-0.01240177148194821,True,True,0.0,0.01240177148194821,2018-03-30,2018-04-02,1.0,2.0,2018-03-30,0.01240177148194821,,
transfer,0,16,2018-04-02,2018-04-16,9,58,66,-0.016757824175589797,-0.016757824175589797,True,True,-0.021687814275199613,0.0,2018-04-09,2018-04-02,4.0,1.0,,,,
transfer,-1,17,2018-04-17,2018-04-17,1,67,67,-0.016385328288932466,0.016385328288932466,True,True,-0.016385328288932466,0.0,2018-04-18,2018-04-17,2.0,1.0,2018-04-18,0.0,,
transfer,0,18,2018-04-18,2018-04-25,6,68,73,0.004278195158830211,0.004278195158830211,True,True,-0.016940653139470574,0.00982535809269236,2018-04-24,2018-04-20,5.0,3.0,,,,
transfer,-1,19,2018-04-26,2018-04-26,1,74,74,-0.014408878329062125,0.014408878329062125,True,True,-0.014408878329062125,0.0,2018-04-27,2018-04-26,2.0,1.0,2018-04-27,0.0,,
transfer,0,20,2018-04-27,2018-05-11,9,75,83,0.01995229038071278,0.01995229038071278,True,True,-0.0038107273724763413,0.03060995284941792,2018-05-03,2018-05-11,3.0,9.0,,,,
transfer,1,21,2018-05-14,2018-05-14,1,84,84,-0.0017232177426889095,-0.0017232177426889095,True,True,-0.0017232177426889095,0.0,2018-05-15,2018-05-14,2.0,1.0,2018-05-14,0.0017232177426889095,,
transfer,0,22,2018-05-15,2018-05-15,1,85,85,0.005122382987011509,0.005122382987011509,True,True,0.0,0.005122382987011509,2018-05-15,2018-05-16,1.0,2.0,,,,
transfer,-1,23,2018-05-16,2018-05-16,1,86,86,-0.0003352461499542825,0.0003352461499542825,True,True,-0.0003352461499542825,0.0,2018-05-17,2018-05-16,2.0,1.0,2018-05-17,0.0,,
transfer,0,24,2018-05-17,2018-05-30,10,87,96,-0.046293215349684,-0.046293215349684,True,True,-0.046293215349684,0.013329153627374524,2018-05-31,2018-05-23,11.0,5.0,,,,
transfer,-1,25,2018-05-31,2018-05-31,1,97,97,0.0012179388330926244,-0.0012179388330926244,True,True,0.0,0.0012179388330926244,2018-05-31,2018-06-01,1.0,2.0,2018-05-31,0.0012179388330926244,,
transfer,0,26,2018-06-01,2018-06-05,3,98,100,0.007119945195722455,0.007119945195722455,True,True,-0.008499598519538965,0.007119945195722455,2018-06-05,2018-06-06,3.0,4.0,,,,
transfer,1,27,2018-06-06,2018-06-06,1,101,101,0.0027285529847049794,0.0027285529847049794,True,True,0.0,0.0027285529847049794,2018-06-06,2018-06-07,1.0,2.0,2018-06-07,-0.0,,
transfer,0,28,2018-06-07,2018-06-08,2,102,103,-0.02226081192541185,-0.02226081192541185,True,True,-0.02226081192541196,0.0,2018-06-11,2018-06-07,3.0,1.0,,,,
transfer,-1,29,2018-06-11,2018-06-11,1,104,104,-0.003411470149932261,0.003411470149932261,True,True,-0.003411470149932261,0.0,2018-06-12,2018-06-11,2.0,1.0,2018-06-12,0.0,,
transfer,0,30,2018-06-12,2018-06-15,4,105,108,-0.04286064008217705,-0.04286064008217705,True,True,-0.04286064008217727,0.0071760914220990735,2018-06-19,2018-06-13,5.0,2.0,,,,
transfer,-1,31,2018-06-19,2018-06-19,1,109,109,-0.05236981882599134,0.05236981882599134,True,True,-0.05236981882599134,0.0,2018-06-20,2018-06-19,2.0,1.0,2018-06-20,0.0,,
transfer,0,32,2018-06-20,2018-06-29,8,110,117,0.020099856839807417,0.020099856839807417,True,True,-0.012050168424848628,0.020099856839807417,2018-06-22,2018-07-02,3.0,9.0,,,,
transfer,1,33,2018-07-02,2018-07-02,1,118,118,-0.015010102258579794,-0.015010102258579794,True,True,-0.015010102258579794,0.0,2018-07-03,2018-07-02,2.0,1.0,2018-07-02,0.015010102258579794,,
transfer,0,34,2018-07-03,2018-07-17,11,119,129,0.011743045608002989,0.011743045608002989,True,True,-0.030468667246194903,0.012256439694040333,2018-07-06,2018-07-16,4.0,10.0,,,,
transfer,1,35,2018-07-18,2018-07-18,1,130,130,-0.008754368889404618,-0.008754368889404618,True,True,-0.008754368889404618,0.0,2018-07-19,2018-07-18,2.0,1.0,2018-07-18,0.008754368889404618,,
transfer,0,36,2018-07-19,2018-07-26,6,131,136,0.02267538397977442,0.02267538397977442,True,True,-0.009260820802763359,0.030007217209360393,2018-07-20,2018-07-25,2.0,5.0,,,,
transfer,1,37,2018-07-27,2018-08-02,5,137,141,-0.05452088567567148,-0.05452088567567148,True,True,-0.05452088567567148,0.0,2018-08-03,2018-07-27,6.0,1.0,2018-07-27,0.05452088567567148,2018-08-02,2018-08-02
transfer,-1,38,2018-08-03,2018-08-03,1,142,142,-0.012722024590529069,0.012722024590529069,True,True,-0.012722024590529069,0.0,2018-08-06,2018-08-03,2.0,1.0,2018-08-06,0.0,,
transfer,0,39,2018-08-06,2018-08-07,2,143,144,0.004325194331173732,0.004325194331173732,True,True,-0.016909884060407387,0.00432519433117351,2018-08-07,2018-08-08,2.0,3.0,,,,
transfer,1,40,2018-08-08,2018-08-08,1,145,145,-0.015913481502806692,-0.015913481502806692,True,True,-0.015913481502806692,0.0,2018-08-09,2018-08-08,2.0,1.0,2018-08-08,0.015913481502806692,,
transfer,0,41,2018-08-09,2018-08-10,2,146,147,0.024513639972306045,0.024513639972306045,True,True,0.0,0.028360802946957087,2018-08-09,2018-08-10,1.0,2.0,,,,
transfer,-1,42,2018-08-13,2018-08-13,1,148,148,0.012556171092320323,-0.012556171092320323,True,True,0.0,0.012556171092320323,2018-08-13,2018-08-14,1.0,2.0,2018-08-13,0.012556171092320323,,
transfer,0,43,2018-08-14,2018-08-21,6,149,154,-0.033085099000969787,-0.033085099000969787,True,True,-0.04949618250992782,0.0,2018-08-20,2018-08-14,5.0,1.0,,,,
transfer,-1,44,2018-08-22,2018-08-22,1,155,155,-0.009228088081137398,0.009228088081137398,True,True,-0.009228088081137398,0.0,2018-08-23,2018-08-22,2.0,1.0,2018-08-23,0.0,,
transfer,0,45,2018-08-23,2018-08-23,1,156,156,0.004523586255640311,0.004523586255640311,True,True,0.0,0.004523586255640311,2018-08-23,2018-08-24,1.0,2.0,,,,
transfer,-1,46,2018-08-24,2018-08-30,5,157,161,0.00022662353045732608,-0.00022662353045732608,True,True,0.0,0.024355848882402942,2018-08-24,2018-08-29,1.0,4.0,2018-08-24,0.024355848882402942,2018-08-28,
transfer,0,47,2018-08-31,2018-09-04,3,162,164,0.004562175104499744,0.004562175104499744,True,True,-0.009595496766619194,0.004562175104499744,2018-09-03,2018-09-05,2.0,4.0,,,,
transfer,1,48,2018-09-05,2018-09-05,1,165,165,-0.015619708384513542,-0.015619708384513542,True,True,-0.015619708384513542,0.0,2018-09-06,2018-09-05,2.0,1.0,2018-09-05,0.015619708384513542,,
transfer,0,49,2018-09-06,2018-10-11,20,166,185,-0.11114074654207984,-0.11114074654207984,True,True,-0.11114074654207995,0.0024390040689989956,2018-10-12,2018-09-27,21.0,15.0,,,,
transfer,-1,50,2018-10-12,2018-10-19,6,186,191,-0.023808281264591113,0.023808281264591113,True,True,-0.07238902406888759,0.0037494415452381524,2018-10-19,2018-10-15,6.0,2.0,2018-10-19,0.052371893029329764,2018-10-22,2018-10-22
transfer,0,51,2018-10-22,2018-10-24,3,192,194,-0.009979386460146733,-0.009979386460146733,True,True,-0.009979386460146622,0.04097430452678097,2018-10-25,2018-10-23,4.0,2.0,,,,
transfer,1,52,2018-10-25,2018-10-25,1,195,195,0.03315195286807415,0.03315195286807415,True,True,0.0,0.03315195286807415,2018-10-25,2018-10-26,1.0,2.0,2018-10-26,-0.0,,
transfer,0,53,2018-10-26,2018-11-19,17,196,212,0.08641724014742258,0.08641724014742258,True,True,-0.027110076152273788,0.09377451794219938,2018-10-30,2018-11-19,3.0,17.0,,,,
transfer,1,54,2018-11-20,2018-11-26,5,213,217,-0.05094622283258943,-0.05094622283258943,True,True,-0.05566979237529124,0.0,2018-11-26,2018-11-20,5.0,1.0,2018-11-20,0.05566979237529124,2018-11-21,2018-11-21
transfer,0,55,2018-11-27,2018-11-27,1,218,218,-0.0007870184206831832,-0.0007870184206831832,True,True,-0.0007870184206831832,0.0,2018-11-28,2018-11-27,2.0,1.0,,,,
transfer,1,56,2018-11-28,2018-11-28,1,219,219,0.01662029359573247,0.01662029359573247,True,True,0.0,0.01662029359573247,2018-11-28,2018-11-29,1.0,2.0,2018-11-29,-0.0,,
transfer,0,57,2018-11-29,2018-11-29,1,220,220,-0.028850097780705575,-0.028850097780705575,True,True,-0.028850097780705575,0.0,2018-11-30,2018-11-29,2.0,1.0,,,,
transfer,-1,58,2018-11-30,2018-11-30,1,221,221,0.0345227276948612,-0.0345227276948612,True,True,0.0,0.0345227276948612,2018-11-30,2018-12-03,1.0,2.0,2018-11-30,0.0345227276948612,2018-12-03,2018-12-03
transfer,0,59,2018-12-03,2018-12-24,16,222,237,-0.05578478527179376,-0.05578478527179376,True,True,-0.05716517435274027,0.0050367741699790525,2018-12-24,2018-12-04,16.0,2.0,,,,
transfer,-1,60,2018-12-25,2018-12-25,1,238,238,-0.003515117077345531,0.003515117077345531,True,True,-0.003515117077345531,0.0,2018-12-26,2018-12-25,2.0,1.0,2018-12-26,0.0,,
transfer,0,61,2018-12-26,2018-12-26,1,239,239,0.010589305831531615,0.010589305831531615,True,True,0.0,0.010589305831531615,2018-12-26,2018-12-27,1.0,2.0,,,,
transfer,-1,62,2018-12-27,2019-01-04,5,240,244,-0.006637973163963418,0.006637973163963418,True,True,-0.04402957356501114,0.0,2019-01-04,2018-12-27,5.0,1.0,2019-01-04,0.03911376269294076,2019-01-07,2019-01-07
transfer,1,63,2019-01-07,2019-01-07,1,245,245,0.010211392369734229,0.010211392369734229,True,True,0.0,0.010211392369734229,2019-01-07,2019-01-08,1.0,2.0,2019-01-08,-0.0,,
transfer,0,64,2019-01-08,2019-01-14,5,246,250,0.0010999980786667862,0.0010999980786667862,True,True,0.0,0.00917277461163013,2019-01-08,2019-01-14,1.0,5.0,,,,
transfer,1,65,2019-01-15,2019-01-25,9,251,259,0.013660071712113808,0.013660071712113808,True,True,0.0,0.02051617582806653,2019-01-15,2019-01-22,1.0,6.0,2019-01-22,0.016454165233690476,,
transfer,0,66,2019-01-28,2019-01-29,2,260,261,-0.02446568946962524,-0.02446568946962524,True,True,-0.02446568946962524,0.0,2019-01-30,2019-01-28,3.0,1.0,,,,
transfer,-1,67,2019-01-30,2019-01-30,1,262,262,-0.007389697943080087,0.007389697943080087,True,True,-0.007389697943080087,0.0,2019-01-31,2019-01-30,2.0,1.0,2019-01-31,0.0,,
transfer,0,68,2019-01-31,2019-02-11,3,263,265,0.04625750586849042,0.04625750586849042,True,True,-0.0035365082379609225,0.0462575058684902,2019-02-01,2019-02-12,2.0,4.0,,,,
transfer,1,69,2019-02-12,2019-03-11,20,266,285,0.25065535126784755,0.25065535126784755,True,True,0.0,0.25065535126784777,2019-02-12,2019-03-12,1.0,21.0,2019-03-12,-0.0,,
transfer,-1,70,2019-03-12,2019-03-12,1,286,286,0.01022002455982074,-0.01022002455982074,True,True,0.0,0.01022002455982074,2019-03-12,2019-03-13,1.0,2.0,2019-03-12,0.01022002455982074,,
transfer,0,71,2019-03-13,2019-03-27,11,287,297,-0.022351686535464155,-0.022351686535464155,True,True,-0.04109064356592784,0.006097921749752766,2019-03-15,2019-03-22,3.0,8.0,,,,
transfer,-1,72,2019-03-28,2019-03-28,1,298,298,-0.011508107262217626,0.011508107262217626,True,True,-0.011508107262217626,0.0,2019-03-29,2019-03-28,2.0,1.0,2019-03-29,0.0,,
transfer,0,73,2019-03-29,2019-03-29,1,299,299,0.04119680824272076,0.04119680824272076,True,True,0.0,0.04119680824272076,2019-03-29,2019-04-01,1.0,2.0,,,,
transfer,1,74,2019-04-01,2019-04-01,1,300,300,0.036325977390884834,0.036325977390884834,True,True,0.0,0.036325977390884834,2019-04-01,2019-04-02,1.0,2.0,2019-04-02,-0.0,,
transfer,0,75,2019-04-02,2019-04-08,4,301,304,0.006816850135564989,0.006816850135564989,True,True,-0.008726169403476813,0.02181662286235908,2019-04-03,2019-04-08,2.0,4.0,,,,
transfer,-1,76,2019-04-09,2019-04-09,1,305,305,-0.0014164876960177653,0.0014164876960177653,True,True,-0.0014164876960177653,0.0,2019-04-10,2019-04-09,2.0,1.0,2019-04-10,0.0,,
transfer,0,77,2019-04-10,2019-04-24,11,306,316,-0.02986945234605698,-0.02986945234605698,True,True,-0.034483832872830855,0.0045674703328639765,2019-04-16,2019-04-11,5.0,2.0,,,,
transfer,-1,78,2019-04-25,2019-04-25,1,317,317,-0.03969967757993731,0.03969967757993731,True,True,-0.03969967757993731,0.0,2019-04-26,2019-04-25,2.0,1.0,2019-04-26,0.0,,
transfer,0,79,2019-04-26,2019-04-26,1,318,318,-0.004137852026120936,-0.004137852026120936,True,True,-0.004137852026120936,0.0,2019-04-29,2019-04-26,2.0,1.0,,,,
transfer,-1,80,2019-04-29,2019-05-13,8,319,326,-0.08561634604211155,0.08561634604211155,True,True,-0.09978907023377881,0.0,2019-05-08,2019-04-29,5.0,1.0,2019-05-08,0.029530058832405226,2019-05-13,
transfer,1,81,2019-05-14,2019-05-14,1,327,327,0.012182639355500902,0.012182639355500902,True,True,0.0,0.012182639355500902,2019-05-14,2019-05-15,1.0,2.0,2019-05-15,-0.0,,
transfer,0,82,2019-05-15,2019-05-17,3,328,330,-0.013078865649419291,-0.013078865649419291,True,True,-0.013078865649419291,0.021915781439554527,2019-05-20,2019-05-17,4.0,3.0,,,,
transfer,-1,83,2019-05-20,2019-05-20,1,331,331,-0.004017336466811017,0.004017336466811017,True,True,-0.004017336466811017,0.0,2019-05-21,2019-05-20,2.0,1.0,2019-05-21,0.0,,
transfer,0,84,2019-05-21,2019-06-03,10,332,341,-0.014170052506410347,-0.014170052506410347,True,True,-0.01417005250641079,0.017248707350539627,2019-06-04,2019-05-22,11.0,2.0,,,,
transfer,-1,85,2019-06-04,2019-06-04,1,342,342,-0.002015073901376896,0.002015073901376896,True,True,-0.002015073901376896,0.0,2019-06-05,2019-06-04,2.0,1.0,2019-06-05,0.0,,
transfer,0,86,2019-06-05,2019-06-05,1,343,343,-0.01269258634178716,-0.01269258634178716,True,True,-0.01269258634178716,0.0,2019-06-06,2019-06-05,2.0,1.0,,,,
transfer,1,87,2019-06-06,2019-06-06,1,344,344,-0.017319476629866437,-0.017319476629866437,True,True,-0.017319476629866437,0.0,2019-06-10,2019-06-06,2.0,1.0,2019-06-06,0.017319476629866437,,
transfer,0,88,2019-06-10,2019-06-17,6,345,350,0.023550079740919383,0.023550079740919383,True,True,0.0,0.04167174343878832,2019-06-10,2019-06-12,1.0,3.0,,,,
transfer,-1,89,2019-06-18,2019-06-18,1,351,351,0.020535346051740344,-0.020535346051740344,True,True,0.0,0.020535346051740344,2019-06-18,2019-06-19,1.0,2.0,2019-06-18,0.020535346051740344,2019-06-19,
transfer,0,90,2019-06-19,2019-06-19,1,352,352,-0.010147136021796288,-0.010147136021796288,True,True,-0.010147136021796288,0.0,2019-06-20,2019-06-19,2.0,1.0,,,,
transfer,1,91,2019-06-20,2019-06-20,1,353,353,0.024803486715840428,0.024803486715840428,True,True,0.0,0.024803486715840428,2019-06-20,2019-06-21,1.0,2.0,2019-06-21,-0.0,,
transfer,0,92,2019-06-21,2019-07-05,11,354,364,0.011068393659600106,0.011068393659600106,True,True,-0.005993704380620524,0.02397797419901493,2019-06-26,2019-07-02,4.0,8.0,,,,
transfer,-1,93,2019-07-08,2019-07-08,1,365,365,-0.03184957810319444,0.03184957810319444,True,True,-0.03184957810319444,0.0,2019-07-09,2019-07-08,2.0,1.0,2019-07-09,0.0,,
transfer,0,94,2019-07-09,2019-07-23,11,366,376,-0.00630753983536958,-0.00630753983536958,True,True,-0.01857298229938542,0.012770241194624443,2019-07-23,2019-07-17,11.0,7.0,,,,
transfer,-1,95,2019-07-24,2019-07-24,1,377,377,0.0073189346927815535,-0.0073189346927815535,True,True,0.0,0.0073189346927815535,2019-07-24,2019-07-25,1.0,2.0,2019-07-24,0.0073189346927815535,,
transfer,0,96,2019-07-25,2019-08-02,7,378,384,-0.015854902129293857,-0.015854902129293857,True,True,-0.020467973420691732,0.008386689726790353,2019-08-02,2019-07-31,7.0,5.0,,,,
transfer,-1,97,2019-08-05,2019-08-05,1,385,385,-0.027121044064521205,0.027121044064521205,True,True,-0.027121044064521205,0.0,2019-08-06,2019-08-05,2.0,1.0,2019-08-06,0.0,,
transfer,0,98,2019-08-06,2019-08-20,11,386,396,0.042838370553780925,0.042838370553780925,True,True,-0.017305778397392224,0.04561538367236051,2019-08-15,2019-08-20,8.0,11.0,,,,
transfer,1,99,2019-08-21,2019-09-12,17,397,413,0.08171113677913144,0.08171113677913144,True,True,-0.013612442843474626,0.08192218479437363,2019-08-26,2019-09-10,4.0,15.0,2019-09-10,0.006464871221160351,,
transfer,-1,100,2019-09-16,2019-09-16,1,414,414,-0.004890752299217871,0.004890752299217871,True,True,-0.004890752299217871,0.0,2019-09-17,2019-09-16,2.0,1.0,2019-09-17,0.0,,
transfer,0,101,2019-09-17,2019-09-27,9,415,423,-0.04361205120125433,-0.04361205120125433,True,True,-0.05031481076147071,0.0,2019-09-27,2019-09-17,9.0,1.0,,,,
transfer,-1,102,2019-09-30,2019-09-30,1,424,424,-0.01079237477662065,0.01079237477662065,True,True,-0.01079237477662065,0.0,2019-10-08,2019-09-30,2.0,1.0,2019-10-08,0.0,,
transfer,0,103,2019-10-08,2019-11-07,23,425,447,0.016463635890293427,0.016463635890293427,True,True,-0.009370246038508334,0.03232437511579023,2019-11-01,2019-10-15,19.0,6.0,,,,
transfer,-1,104,2019-11-08,2019-11-08,1,448,448,-0.01498261763567521,0.01498261763567521,True,True,-0.01498261763567521,0.0,2019-11-11,2019-11-08,2.0,1.0,2019-11-11,0.0,,
transfer,0,105,2019-11-11,2019-11-20,8,449,456,-0.006317632026627162,-0.006317632026627162,True,True,-0.019937538023858448,0.002935140032713335,2019-11-18,2019-11-20,6.0,8.0,,,,
transfer,-1,106,2019-11-21,2019-11-21,1,457,457,0.00496138696921733,-0.00496138696921733,True,True,0.0,0.00496138696921733,2019-11-21,2019-11-22,1.0,2.0,2019-11-21,0.00496138696921733,,
transfer,0,107,2019-11-22,2019-12-06,11,458,468,0.01330385004959922,0.01330385004959922,True,True,-0.014716115272717434,0.01330385004959922,2019-11-27,2019-12-09,4.0,12.0,,,,
transfer,1,108,2019-12-09,2020-01-13,25,469,493,0.11083325485074225,0.11083325485074225,True,True,-0.001543756554491571,0.11083325485074202,2019-12-10,2020-01-14,2.0,26.0,2020-01-14,-0.0,,
transfer,0,109,2020-01-14,2020-02-14,18,494,511,-0.02190687202059005,-0.02190687202059005,True,True,-0.15071943730308335,0.0007856179640850502,2020-02-04,2020-01-21,10.0,6.0,,,,
transfer,-1,110,2020-02-17,2020-02-17,1,512,512,0.02811963547059615,-0.02811963547059615,True,True,0.0,0.02811963547059615,2020-02-17,2020-02-18,1.0,2.0,2020-02-17,0.02811963547059615,2020-02-18,
transfer,1,111,2020-02-18,2020-02-28,9,513,521,-0.01629887770872762,-0.01629887770872762,True,True,-0.016298877708727844,0.0385546478045975,2020-03-02,2020-02-26,10.0,7.0,2020-02-26,0.05281717782427753,2020-02-28,2020-02-28
transfer,0,112,2020-03-02,2020-03-02,1,522,522,0.043570284639803614,0.043570284639803614,True,True,0.0,0.043570284639803614,2020-03-02,2020-03-03,1.0,2.0,,,,
transfer,1,113,2020-03-03,2020-03-03,1,523,523,-0.014989547823462845,-0.014989547823462845,True,True,-0.014989547823462845,0.0,2020-03-04,2020-03-03,2.0,1.0,2020-03-03,0.014989547823462845,,
transfer,0,114,2020-03-04,2020-03-04,1,524,524,0.02199987771800771,0.02199987771800771,True,True,0.0,0.02199987771800771,2020-03-04,2020-03-05,1.0,2.0,,,,
transfer,-1,115,2020-03-05,2020-03-05,1,525,525,-0.010034804365644301,0.010034804365644301,True,True,-0.010034804365644301,0.0,2020-03-06,2020-03-05,2.0,1.0,2020-03-06,0.0,,
transfer,0,116,2020-03-06,2020-03-13,6,526,531,-0.041869058557467365,-0.041869058557467365,True,True,-0.08917220800112835,0.0,2020-03-13,2020-03-06,6.0,1.0,,,,
transfer,-1,117,2020-03-16,2020-03-25,8,532,539,-0.057564069421813135,0.057564069421813135,True,True,-0.07595825566061087,0.0,2020-03-23,2020-03-16,6.0,1.0,2020-03-23,0.023904669468951534,2020-03-25,
transfer,1,118,2020-03-26,2020-03-26,1,540,540,0.008181774082588689,0.008181774082588689,True,True,0.0,0.008181774082588689,2020-03-26,2020-03-27,1.0,2.0,2020-03-27,-0.0,,
transfer,0,119,2020-03-27,2020-03-31,3,541,543,-0.03700419489270912,-0.03700419489270912,True,True,-0.03700419489270901,0.0,2020-04-01,2020-03-27,4.0,1.0,,,,
transfer,-1,120,2020-04-01,2020-04-01,1,544,544,-0.006155141627327998,0.006155141627327998,True,True,-0.006155141627327998,0.0,2020-04-02,2020-04-01,2.0,1.0,2020-04-02,0.0,,
transfer,0,121,2020-04-02,2020-04-23,15,545,559,0.070402688066735,0.070402688066735,True,True,0.0,0.08082659276422333,2020-04-02,2020-04-23,1.0,15.0,,,,
transfer,-1,122,2020-04-24,2020-04-24,1,560,560,-0.013375073399097936,0.013375073399097936,True,True,-0.013375073399097936,0.0,2020-04-27,2020-04-24,2.0,1.0,2020-04-27,0.0,,
transfer,0,123,2020-04-27,2020-05-07,6,561,566,0.03710854146844711,0.03710854146844711,True,True,-0.014258136711178593,0.03710854146844733,2020-04-29,2020-05-08,3.0,7.0,,,,
transfer,1,124,2020-05-08,2020-05-21,10,567,576,-0.009707200744842548,-0.009707200744842548,True,True,-0.00970720074484277,0.01281677008122517,2020-05-22,2020-05-20,11.0,9.0,2020-05-20,0.022238939452257966,2020-05-22,
transfer,0,125,2020-05-22,2020-06-04,10,577,586,0.0301437095278958,0.0301437095278958,True,True,-0.018031630578603908,0.032024973144172186,2020-05-25,2020-06-02,2.0,8.0,,,,
transfer,-1,126,2020-06-05,2020-06-05,1,587,587,0.0059472073777233625,-0.0059472073777233625,True,True,0.0,0.0059472073777233625,2020-06-05,2020-06-08,1.0,2.0,2020-06-05,0.0059472073777233625,,
transfer,0,127,2020-06-08,2020-06-10,3,588,590,4.7309050358324e-05,4.7309050358324e-05,True,True,-0.006448714809065836,4.7309050358324e-05,2020-06-09,2020-06-11,2.0,4.0,,,,
transfer,1,128,2020-06-11,2020-06-23,9,591,599,0.0337977985459863,0.0337977985459863,True,True,-0.024001639827110566,0.033797798545986524,2020-06-12,2020-06-24,2.0,10.0,2020-06-24,-0.0,,
transfer,-1,129,2020-06-24,2020-06-24,1,600,600,-0.005867275948987505,0.005867275948987505,True,True,-0.005867275948987505,0.0,2020-06-29,2020-06-24,2.0,1.0,2020-06-29,0.0,,
transfer,1,130,2020-06-29,2020-06-29,1,601,601,0.00270262570940627,0.00270262570940627,True,True,0.0,0.00270262570940627,2020-06-29,2020-06-30,1.0,2.0,2020-06-30,-0.0,,
transfer,0,131,2020-06-30,2020-07-03,4,602,605,0.05283039410595891,0.05283039410595891,True,True,0.0,0.05283039410595891,2020-06-30,2020-07-06,1.0,5.0,,,,
transfer,1,132,2020-07-06,2020-07-16,9,606,614,0.037905522318312235,0.037905522318312235,True,True,0.0,0.1314063432969932,2020-07-06,2020-07-14,1.0,7.0,2020-07-14,0.08264123807739454,2020-07-16,2020-07-16
transfer,0,133,2020-07-17,2020-07-17,1,615,615,0.014549251532295582,0.014549251532295582,True,True,0.0,0.014549251532295582,2020-07-17,2020-07-20,1.0,2.0,,,,
transfer,-1,134,2020-07-20,2020-07-20,1,616,616,0.019860369398730038,-0.019860369398730038,True,True,0.0,0.019860369398730038,2020-07-20,2020-07-21,1.0,2.0,2020-07-20,0.019860369398730038,,
transfer,0,135,2020-07-21,2020-08-10,15,617,631,0.02767923203943279,0.02767923203943279,True,True,-0.03696280246375916,0.035707457160780054,2020-07-27,2020-08-06,5.0,13.0,,,,
transfer,-1,136,2020-08-11,2020-08-11,1,632,632,-0.02196320884491698,0.02196320884491698,True,True,-0.02196320884491698,0.0,2020-08-12,2020-08-11,2.0,1.0,2020-08-12,0.0,,
transfer,0,137,2020-08-12,2020-08-17,4,633,636,0.025471117365884366,0.025471117365884366,True,True,-0.005684280703825539,0.025471117365884366,2020-08-14,2020-08-18,3.0,5.0,,,,
transfer,1,138,2020-08-18,2020-08-18,1,637,637,0.0051851279577546094,0.0051851279577546094,True,True,0.0,0.0051851279577546094,2020-08-18,2020-08-19,1.0,2.0,2020-08-19,-0.0,,
transfer,0,139,2020-08-19,2020-08-21,3,638,640,-0.016998955753368294,-0.016998955753368294,True,True,-0.023676460850939218,0.0,2020-08-20,2020-08-19,2.0,1.0,,,,
transfer,-1,140,2020-08-24,2020-08-24,1,641,641,0.004623088511098272,-0.004623088511098272,True,True,0.0,0.004623088511098272,2020-08-24,2020-08-25,1.0,2.0,2020-08-24,0.004623088511098272,,
transfer,0,141,2020-08-25,2020-09-02,7,642,648,0.0025357265940724183,0.0025357265940724183,True,True,-0.023884822838935338,0.004116334381368825,2020-08-27,2020-09-02,3.0,7.0,,,,
transfer,1,142,2020-09-03,2020-09-03,1,649,649,-0.025199340912684498,-0.025199340912684498,True,True,-0.025199340912684498,0.0,2020-09-04,2020-09-03,2.0,1.0,2020-09-03,0.025199340912684498,2020-09-04,
transfer,0,143,2020-09-04,2020-09-09,4,650,653,-0.02157436851959571,-0.02157436851959571,True,True,-0.02157436851959582,0.011306365156263043,2020-09-10,2020-09-07,5.0,2.0,,,,
transfer,-1,144,2020-09-10,2020-09-18,7,654,660,0.013671332609673126,-0.013671332609673126,True,True,-0.030427276394770164,0.013671332609673348,2020-09-11,2020-09-21,2.0,8.0,2020-09-11,0.04548251815549076,2020-09-14,2020-09-21
transfer,1,145,2020-09-21,2020-09-21,1,661,661,-0.015433830704170592,-0.015433830704170592,True,True,-0.015433830704170592,0.0,2020-09-22,2020-09-21,2.0,1.0,2020-09-21,0.015433830704170592,,
transfer,0,146,2020-09-22,2020-09-23,2,662,663,-0.005996691189411707,-0.005996691189411707,True,True,-0.005996691189411707,0.0,2020-09-24,2020-09-22,3.0,1.0,,,,
transfer,-1,147,2020-09-24,2020-09-24,1,664,664,-0.012904807817310848,0.012904807817310848,True,True,-0.012904807817310848,0.0,2020-09-25,2020-09-24,2.0,1.0,2020-09-25,0.0,,
transfer,0,148,2020-09-25,2020-10-15,9,665,673,0.029503432306592137,0.029503432306592137,True,True,-0.010317775363263504,0.044029013628966496,2020-09-29,2020-10-14,3.0,8.0,,,,
transfer,1,149,2020-10-16,2020-10-16,1,674,674,0.0015222083908474904,0.0015222083908474904,True,True,0.0,0.0015222083908474904,2020-10-16,2020-10-19,1.0,2.0,2020-10-19,-0.0,,
transfer,0,150,2020-10-19,2020-10-20,2,675,676,-0.006243189971307794,-0.006243189971307794,True,True,-0.01808104950912126,0.0,2020-10-20,2020-10-19,2.0,1.0,,,,
transfer,-1,151,2020-10-21,2020-10-21,1,677,677,-0.014688367640317113,0.014688367640317113,True,True,-0.014688367640317113,0.0,2020-10-22,2020-10-21,2.0,1.0,2020-10-22,0.0,,
transfer,0,152,2020-10-22,2020-10-26,3,678,680,-0.02279454746836207,-0.02279454746836207,True,True,-0.02279454746836196,0.0,2020-10-27,2020-10-22,4.0,1.0,,,,
transfer,-1,153,2020-10-27,2020-11-03,6,681,686,0.009561851670919053,-0.009561851670919053,True,True,-0.010993453854369117,0.013810839840257216,2020-11-02,2020-10-30,5.0,4.0,2020-11-02,0.02078379117448348,2020-11-04,
transfer,0,154,2020-11-04,2020-11-12,7,687,693,0.009256581077356385,0.009256581077356385,True,True,0.0,0.03006305729188541,2020-11-04,2020-11-10,1.0,5.0,,,,
transfer,-1,155,2020-11-13,2020-11-13,1,694,694,0.002418113794469212,-0.002418113794469212,True,True,0.0,0.002418113794469212,2020-11-13,2020-11-16,1.0,2.0,2020-11-13,0.002418113794469212,,
transfer,0,156,2020-11-16,2020-11-19,4,695,698,0.0055513832435383215,0.0055513832435383215,True,True,0.0,0.009662525027674507,2020-11-16,2020-11-17,1.0,2.0,,,,
transfer,-1,157,2020-11-20,2020-11-20,1,699,699,0.012766973333631526,-0.012766973333631526,True,True,0.0,0.012766973333631526,2020-11-20,2020-11-23,1.0,2.0,2020-11-20,0.012766973333631526,,
transfer,0,158,2020-11-23,2020-12-04,10,700,709,0.004672091336393347,0.004672091336393347,True,True,-0.019898371307891183,0.008287332778146972,2020-12-01,2020-11-25,7.0,3.0,,,,
transfer,-1,159,2020-12-07,2020-12-07,1,710,710,-0.006469081081948769,0.006469081081948769,True,True,-0.006469081081948769,0.0,2020-12-08,2020-12-07,2.0,1.0,2020-12-08,0.0,,
transfer,0,160,2020-12-08,2020-12-11,4,711,714,-0.03367489867039253,-0.03367489867039253,True,True,-0.03367489867039253,0.000983443918238125,2020-12-14,2020-12-09,5.0,2.0,,,,
transfer,-1,161,2020-12-14,2020-12-14,1,715,715,0.006809259795619305,-0.006809259795619305,True,True,0.0,0.006809259795619305,2020-12-14,2020-12-15,1.0,2.0,2020-12-14,0.006809259795619305,,
transfer,0,162,2020-12-15,2020-12-22,6,716,721,0.0008408989896109276,0.0008408989896109276,True,True,-0.004002770069141515,0.01964481605540591,2020-12-17,2020-12-22,3.0,6.0,,,,
transfer,-1,163,2020-12-23,2020-12-23,1,722,722,0.008493158594869987,-0.008493158594869987,True,True,0.0,0.008493158594869987,2020-12-23,2020-12-24,1.0,2.0,2020-12-23,0.008493158594869987,,
transfer,0,164,2020-12-24,2020-12-29,4,723,726,-0.017758572306505238,-0.017758572306505238,True,True,-0.018623804488184126,0.0,2020-12-25,2020-12-24,2.0,1.0,,,,
transfer,-1,165,2020-12-30,2020-12-30,1,727,727,0.013960750594231186,-0.013960750594231186,True,True,0.0,0.013960750594231186,2020-12-30,2020-12-31,1.0,2.0,2020-12-30,0.013960750594231186,,
transfer,0,166,2020-12-31,2021-01-05,3,728,730,0.042459844070887875,0.042459844070887875,True,True,0.0,0.042459844070887875,2020-12-31,2021-01-06,1.0,4.0,,,,
transfer,1,167,2021-01-06,2021-01-06,1,731,731,-0.003978087038994493,-0.003978087038994493,True,True,-0.003978087038994493,0.0,2021-01-07,2021-01-06,2.0,1.0,2021-01-06,0.003978087038994493,,
transfer,0,168,2021-01-07,2021-01-12,4,732,735,0.00404051360248503,0.00404051360248503,True,True,-0.015000868528778355,0.005177633296174378,2021-01-12,2021-01-11,4.0,3.0,,,,
transfer,-1,169,2021-01-13,2021-01-13,1,736,736,-0.011945768958228187,0.011945768958228187,True,True,-0.011945768958228187,0.0,2021-01-14,2021-01-13,2.0,1.0,2021-01-14,0.0,,
transfer,0,170,2021-01-14,2021-01-18,3,737,739,0.00597811480083088,0.00597811480083088,True,True,-0.008801213463466406,0.00597811480083088,2021-01-18,2021-01-19,3.0,4.0,,,,
transfer,1,171,2021-01-19,2021-01-19,1,740,740,-0.00503959885590588,-0.00503959885590588,True,True,-0.00503959885590588,0.0,2021-01-20,2021-01-19,2.0,1.0,2021-01-19,0.00503959885590588,,
transfer,0,172,2021-01-20,2021-01-20,1,741,741,0.011480396425979311,0.011480396425979311,True,True,0.0,0.011480396425979311,2021-01-20,2021-01-21,1.0,2.0,,,,
transfer,-1,173,2021-01-21,2021-01-21,1,742,742,0.0103518685684576,-0.0103518685684576,True,True,0.0,0.0103518685684576,2021-01-21,2021-01-22,1.0,2.0,2021-01-21,0.0103518685684576,,
transfer,0,174,2021-01-22,2021-02-01,7,743,749,-0.03247912950670595,-0.03247912950670595,True,True,-0.04248062455336099,0.0024712455034738845,2021-02-01,2021-01-25,7.0,2.0,,,,
transfer,-1,175,2021-02-02,2021-02-02,1,750,750,0.008557745197274702,-0.008557745197274702,True,True,0.0,0.008557745197274702,2021-02-02,2021-02-03,1.0,2.0,2021-02-02,0.008557745197274702,,
transfer,0,176,2021-02-03,2021-02-04,2,751,752,-0.017931861193835164,-0.017931861193835164,True,True,-0.017931861193835164,0.0,2021-02-05,2021-02-03,3.0,1.0,,,,
transfer,-1,177,2021-02-05,2021-02-18,5,753,757,0.040419681465943214,-0.040419681465943214,True,True,-0.015118831283995715,0.04941434199461492,2021-02-08,2021-02-18,2.0,5.0,2021-02-08,0.06552381681004515,2021-02-10,2021-02-10
transfer,0,178,2021-02-19,2021-02-19,1,758,758,0.019887062086580753,0.019887062086580753,True,True,0.0,0.019887062086580753,2021-02-19,2021-02-22,1.0,2.0,,,,
transfer,1,179,2021-02-22,2021-02-22,1,759,759,-0.017515250006335914,-0.017515250006335914,True,True,-0.017515250006335914,0.0,2021-02-23,2021-02-22,2.0,1.0,2021-02-22,0.017515250006335914,,
transfer,-1,180,2021-02-23,2021-02-23,1,760,760,0.0029758219175410883,-0.0029758219175410883,True,True,0.0,0.0029758219175410883,2021-02-23,2021-02-24,1.0,2.0,2021-02-23,0.0029758219175410883,,
transfer,0,181,2021-02-24,2021-03-04,7,761,767,-0.04636175366756223,-0.04636175366756223,True,True,-0.04636175366756212,0.0,2021-03-05,2021-02-24,8.0,1.0,,,,
transfer,-1,182,2021-03-05,2021-03-12,6,768,773,-0.02109673384745725,0.02109673384745725,True,True,-0.039745031408678244,0.02023920730243023,2021-03-11,2021-03-08,5.0,2.0,2021-03-11,0.025871212722974102,2021-03-12,
transfer,0,183,2021-03-15,2021-03-15,1,774,774,-0.002621078213438932,-0.002621078213438932,True,True,-0.002621078213438932,0.0,2021-03-16,2021-03-15,2.0,1.0,,,,
transfer,1,184,2021-03-16,2021-03-16,1,775,775,0.0007811279942895322,0.0007811279942895322,True,True,0.0,0.0007811279942895322,2021-03-16,2021-03-17,1.0,2.0,2021-03-17,-0.0,,
transfer,-1,185,2021-03-17,2021-03-24,6,776,781,-0.010034650657587796,0.010034650657587796,True,True,-0.010034650657587796,0.020561349971965237,2021-03-25,2021-03-23,7.0,5.0,2021-03-25,0.0,,
transfer,0,186,2021-03-25,2021-04-01,6,782,787,0.03230766623450121,0.03230766623450121,True,True,0.0,0.032307666234500765,2021-03-25,2021-04-02,1.0,7.0,,,,
transfer,1,187,2021-04-02,2021-04-02,1,788,788,0.00464417627827296,0.00464417627827296,True,True,0.0,0.00464417627827296,2021-04-02,2021-04-06,1.0,2.0,2021-04-06,-0.0,,
transfer,0,188,2021-04-06,2021-04-06,1,789,789,0.0007070716764405738,0.0007070716764405738,True,True,0.0,0.0007070716764405738,2021-04-06,2021-04-07,1.0,2.0,,,,
transfer,-1,189,2021-04-07,2021-04-07,1,790,790,-0.002748182734247484,0.002748182734247484,True,True,-0.002748182734247484,0.0,2021-04-08,2021-04-07,2.0,1.0,2021-04-08,0.0,,
transfer,0,190,2021-04-08,2021-04-09,2,791,792,-0.0012098672299406532,-0.0012098672299406532,True,True,-0.0012098672299407642,0.001952225466448354,2021-04-12,2021-04-09,3.0,2.0,,,,
transfer,1,191,2021-04-12,2021-05-07,17,793,809,0.02152544044681237,0.02152544044681237,True,True,-0.01875447323205126,0.028506460986934545,2021-04-14,2021-05-07,3.0,17.0,2021-05-07,0.0067875320233021785,,
transfer,-1,192,2021-05-10,2021-05-10,1,810,810,-0.0038887127321765025,0.0038887127321765025,True,True,-0.0038887127321765025,0.0,2021-05-11,2021-05-10,2.0,1.0,2021-05-11,0.0,,
transfer,1,193,2021-05-11,2021-05-11,1,811,811,-0.0002140828978575149,-0.0002140828978575149,True,True,-0.0002140828978575149,0.0,2021-05-12,2021-05-11,2.0,1.0,2021-05-11,0.0002140828978575149,,
transfer,0,194,2021-05-12,2021-05-18,5,812,816,0.02287370154245627,0.02287370154245627,True,True,0.0,0.022873701542455827,2021-05-12,2021-05-19,1.0,6.0,,,,
transfer,-1,195,2021-05-19,2021-05-19,1,817,817,-0.006230773435643822,0.006230773435643822,True,True,-0.006230773435643822,0.0,2021-05-20,2021-05-19,2.0,1.0,2021-05-20,0.0,,
transfer,0,196,2021-05-20,2021-05-28,7,818,824,0.021473018131558108,0.021473018131558108,True,True,-0.00386175545045786,0.024184247139384496,2021-05-24,2021-05-28,3.0,7.0,,,,
transfer,1,197,2021-05-31,2021-06-09,8,825,832,0.0010880110805433496,0.0010880110805433496,True,True,-0.005910215797844343,0.008823342417453528,2021-06-04,2021-06-02,5.0,3.0,2021-06-02,0.014604695981748073,,
transfer,-1,198,2021-06-10,2021-06-10,1,833,833,0.012681311523564665,-0.012681311523564665,True,True,0.0,0.012681311523564665,2021-06-10,2021-06-11,1.0,2.0,2021-06-10,0.012681311523564665,,
transfer,1,199,2021-06-11,2021-06-11,1,834,834,-0.005838365657991229,-0.005838365657991229,True,True,-0.005838365657991229,0.0,2021-06-15,2021-06-11,2.0,1.0,2021-06-11,0.005838365657991229,,
transfer,0,200,2021-06-15,2021-06-30,12,835,846,0.013899654997452382,0.013899654997452382,True,True,-0.02669905824913199,0.014695559991489304,2021-06-17,2021-06-29,3.0,11.0,,,,
transfer,-1,201,2021-07-01,2021-07-01,1,847,847,-0.018546898567610715,0.018546898567610715,True,True,-0.018546898567610715,0.0,2021-07-02,2021-07-01,2.0,1.0,2021-07-02,0.0,,
transfer,0,202,2021-07-02,2021-07-07,4,848,851,0.011010281023721591,0.011010281023721591,True,True,-0.005851413869456645,0.011010281023721591,2021-07-07,2021-07-08,4.0,5.0,,,,
transfer,1,203,2021-07-08,2021-07-08,1,852,852,-0.007857877423258386,-0.007857877423258386,True,True,-0.007857877423258386,0.0,2021-07-09,2021-07-08,2.0,1.0,2021-07-08,0.007857877423258386,,
transfer,-1,204,2021-07-09,2021-07-09,1,853,853,0.019469520162055165,-0.019469520162055165,True,True,0.0,0.019469520162055165,2021-07-09,2021-07-12,1.0,2.0,2021-07-09,0.019469520162055165,,
transfer,0,205,2021-07-12,2021-07-16,5,854,858,0.008700884938601439,0.008700884938601439,True,True,0.0,0.014789837844583875,2021-07-12,2021-07-14,1.0,3.0,,,,
transfer,-1,206,2021-07-19,2021-07-19,1,859,859,-0.011725340121045758,0.011725340121045758,True,True,-0.011725340121045758,0.0,2021-07-20,2021-07-19,2.0,1.0,2021-07-20,0.0,,
transfer,0,207,2021-07-20,2021-07-23,4,860,863,0.02094229624655264,0.02094229624655264,True,True,0.0,0.030046121890491273,2021-07-20,2021-07-23,1.0,4.0,,,,
transfer,1,208,2021-07-26,2021-08-02,6,864,869,-0.018603049691278017,-0.018603049691278017,True,True,-0.046451423502230194,0.0,2021-07-28,2021-07-26,3.0,1.0,2021-07-26,0.046451423502230194,2021-07-28,2021-07-28
transfer,0,209,2021-08-03,2021-08-04,2,870,871,0.01118726860085495,0.01118726860085495,True,True,-0.004424790333134365,0.011187268600855171,2021-08-04,2021-08-05,2.0,3.0,,,,
transfer,-1,210,2021-08-05,2021-08-05,1,872,872,0.0011679484026105857,-0.0011679484026105857,True,True,0.0,0.0011679484026105857,2021-08-05,2021-08-06,1.0,2.0,2021-08-05,0.0011679484026105857,,
transfer,0,211,2021-08-06,2021-08-17,8,873,880,-0.006603572053582196,-0.006603572053582196,True,True,-0.006603572053582307,0.022883111970222192,2021-08-18,2021-08-16,9.0,7.0,,,,
transfer,-1,212,2021-08-18,2021-08-18,1,881,881,0.004974818423050031,-0.004974818423050031,True,True,0.0,0.004974818423050031,2021-08-18,2021-08-19,1.0,2.0,2021-08-18,0.004974818423050031,,
transfer,0,213,2021-08-19,2021-08-26,6,882,887,0.025897370315064006,0.025897370315064006,True,True,-0.00036017298885304694,0.0338302544819129,2021-08-20,2021-08-26,2.0,6.0,,,,
transfer,-1,214,2021-08-27,2021-08-27,1,888,888,0.01493262755101532,-0.01493262755101532,True,True,0.0,0.01493262755101532,2021-08-27,2021-08-30,1.0,2.0,2021-08-27,0.01493262755101532,,
transfer,0,215,2021-08-30,2021-08-31,2,889,890,0.009497577293438253,0.009497577293438253,True,True,-1.4217036360730795e-05,0.009497577293438031,2021-08-31,2021-09-01,2.0,3.0,,,,
transfer,1,216,2021-09-01,2021-09-15,11,891,901,0.047565106904055465,0.047565106904055465,True,True,-0.013565457500692713,0.04946772493342011,2021-09-02,2021-09-14,2.0,10.0,2021-09-14,0.0125105178540732,,
transfer,-1,217,2021-09-16,2021-09-16,1,902,902,-0.025611046347801092,0.025611046347801092,True,True,-0.025611046347801092,0.0,2021-09-17,2021-09-16,2.0,1.0,2021-09-17,0.0,,
transfer,0,218,2021-09-17,2021-09-27,5,903,907,-0.035461009821734835,-0.035461009821734835,True,True,-0.035461009821734835,0.012197315882052973,2021-09-28,2021-09-23,6.0,3.0,,,,
transfer,-1,219,2021-09-28,2021-10-14,8,908,915,-0.022699960773167382,0.022699960773167382,True,True,-0.028062823781839663,0.004554662579324242,2021-10-13,2021-10-08,7.0,4.0,2021-10-13,0.005517705403078832,,
transfer,0,220,2021-10-15,2021-10-15,1,916,916,0.0044339148618650626,0.0044339148618650626,True,True,0.0,0.0044339148618650626,2021-10-15,2021-10-18,1.0,2.0,,,,
transfer,-1,221,2021-10-18,2021-10-25,6,917,922,0.013223886058568946,-0.013223886058568946,True,True,-0.0011551925654648132,0.014300981419169467,2021-10-25,2021-10-21,6.0,4.0,2021-10-25,0.014395708439397525,,
transfer,0,222,2021-10-26,2021-11-03,7,923,929,-0.012376219198636296,-0.012376219198636296,True,True,-0.023064237801609155,0.0,2021-10-29,2021-10-26,4.0,1.0,,,,
transfer,1,223,2021-11-04,2021-11-04,1,930,930,0.0055655143119897055,0.0055655143119897055,True,True,0.0,0.0055655143119897055,2021-11-04,2021-11-05,1.0,2.0,2021-11-05,-0.0,,
transfer,0,224,2021-11-05,2021-11-17,9,931,939,0.005331092771346357,0.005331092771346357,True,True,-0.011962382396552451,0.013428508568934738,2021-11-08,2021-11-15,2.0,7.0,,,,
transfer,-1,225,2021-11-18,2021-11-18,1,940,940,-0.0036255308347789006,0.0036255308347789006,True,True,-0.0036255308347789006,0.0,2021-11-19,2021-11-18,2.0,1.0,2021-11-19,0.0,,
transfer,1,226,2021-11-19,2021-11-19,1,941,941,0.013326812373717134,0.013326812373717134,True,True,0.0,0.013326812373717134,2021-11-19,2021-11-22,1.0,2.0,2021-11-22,-0.0,,
transfer,0,227,2021-11-22,2021-12-06,11,942,952,0.013476411132415267,0.013476411132415267,True,True,-0.006612589056441798,0.018333657150663374,2021-11-29,2021-12-06,6.0,11.0,,,,
transfer,-1,228,2021-12-07,2021-12-07,1,953,953,-0.00675360851937945,0.00675360851937945,True,True,-0.00675360851937945,0.0,2021-12-08,2021-12-07,2.0,1.0,2021-12-08,0.0,,
transfer,0,229,2021-12-08,2021-12-09,2,954,955,0.008439308542512736,0.008439308542512736,True,True,0.0,0.010213979945604246,2021-12-08,2021-12-09,1.0,2.0,,,,
transfer,1,230,2021-12-10,2021-12-10,1,956,956,0.006606735530948482,0.006606735530948482,True,True,0.0,0.006606735530948482,2021-12-10,2021-12-13,1.0,2.0,2021-12-13,-0.0,,
transfer,0,231,2021-12-13,2021-12-17,5,957,961,-0.005884994907357499,-0.005884994907357499,True,True,-0.005884994907357499,0.006355263283479573,2021-12-20,2021-12-17,6.0,5.0,,,,
transfer,-1,232,2021-12-20,2021-12-20,1,962,962,-0.013712344269925514,0.013712344269925514,True,True,-0.013712344269925514,0.0,2021-12-21,2021-12-20,2.0,1.0,2021-12-21,0.0,,
transfer,0,233,2021-12-21,2021-12-28,6,963,968,0.011778767957514757,0.011778767957514757,True,True,0.0,0.02016789717241041,2021-12-21,2021-12-24,1.0,4.0,,,,
transfer,1,234,2021-12-29,2021-12-29,1,969,969,-0.004074165723982004,-0.004074165723982004,True,True,-0.004074165723982004,0.0,2021-12-30,2021-12-29,2.0,1.0,2021-12-29,0.004074165723982004,,
transfer,0,235,2021-12-30,2022-01-04,3,970,972,0.013506455595906575,0.013506455595906575,True,True,0.0,0.019565772507772694,2021-12-30,2022-01-04,1.0,3.0,,,,
transfer,-1,236,2022-01-05,2022-01-05,1,973,973,-0.021235257917132544,0.021235257917132544,True,True,-0.021235257917132544,0.0,2022-01-06,2022-01-05,2.0,1.0,2022-01-06,0.0,,
transfer,0,237,2022-01-06,2022-01-06,1,974,974,0.006185185013601879,0.006185185013601879,True,True,0.0,0.006185185013601879,2022-01-06,2022-01-07,1.0,2.0,,,,
transfer,-1,238,2022-01-07,2022-01-18,8,975,982,-0.012158038026805706,0.012158038026805706,True,True,-0.023365051258787406,0.0,2022-01-14,2022-01-07,6.0,1.0,2022-01-14,0.014115719614757216,,
transfer,0,239,2022-01-19,2022-01-20,2,983,984,-0.014911924691252465,-0.014911924691252465,True,True,-0.014911924691252465,0.0,2022-01-21,2022-01-19,3.0,1.0,,,,
transfer,-1,240,2022-01-21,2022-01-27,5,985,989,-0.049412676771036,0.049412676771036,True,True,-0.04941267677103589,0.0,2022-01-28,2022-01-21,6.0,1.0,2022-01-28,0.0,,
transfer,0,241,2022-01-28,2022-02-15,8,990,997,0.013307902012436035,0.013307902012436035,True,True,-0.0038275976467284645,0.0225682121492925,2022-02-07,2022-02-10,2.0,5.0,,,,
transfer,-1,242,2022-02-16,2022-02-16,1,998,998,-0.0021939731983723343,0.0021939731983723343,True,True,-0.0021939731983723343,0.0,2022-02-17,2022-02-16,2.0,1.0,2022-02-17,0.0,,
transfer,0,243,2022-02-17,2022-02-24,6,999,1004,0.0061060110527062506,0.0061060110527062506,True,True,-0.00440772124464639,0.014351330921063443,2022-02-18,2022-02-24,2.0,6.0,,,,
transfer,-1,244,2022-02-25,2022-02-25,1,1005,1005,0.00379833636155813,-0.00379833636155813,True,True,0.0,0.00379833636155813,2022-02-25,2022-02-28,1.0,2.0,2022-02-25,0.00379833636155813,,
transfer,0,245,2022-02-28,2022-03-09,8,1006,1013,-0.05951491530944042,-0.05951491530944042,True,True,-0.05951491530944042,0.010171986701285718,2022-03-10,2022-03-03,9.0,4.0,,,,
transfer,-1,246,2022-03-10,2022-03-17,6,1014,1019,-0.027305603138134682,0.027305603138134682,True,True,-0.055411217221166265,0.0,2022-03-16,2022-03-10,5.0,1.0,2022-03-16,0.0297543381791483,2022-03-17,
transfer,1,247,2022-03-18,2022-03-18,1,1020,1020,0.01457448592489996,0.01457448592489996,True,True,0.0,0.01457448592489996,2022-03-18,2022-03-21,1.0,2.0,2022-03-21,-0.0,,
transfer,-1,248,2022-03-21,2022-03-21,1,1021,1021,0.00044814661370007336,-0.00044814661370007336,True,True,0.0,0.00044814661370007336,2022-03-21,2022-03-22,1.0,2.0,2022-03-21,0.00044814661370007336,,
transfer,0,249,2022-03-22,2022-03-31,8,1022,1029,-0.008514423904251722,-0.008514423904251722,True,True,-0.01785781960098254,0.004346343957729593,2022-03-28,2022-03-24,5.0,3.0,,,,
transfer,-1,250,2022-04-01,2022-04-01,1,1030,1030,0.011704155728933907,-0.011704155728933907,True,True,0.0,0.011704155728933907,2022-04-01,2022-04-06,1.0,2.0,2022-04-01,0.011704155728933907,,
transfer,0,251,2022-04-06,2022-04-08,3,1031,1033,-0.025299284834422564,-0.025299284834422564,True,True,-0.025299284834422564,0.0,2022-04-11,2022-04-06,4.0,1.0,,,,
transfer,1,252,2022-04-11,2022-04-11,1,1034,1034,-0.02940155361575114,-0.02940155361575114,True,True,-0.02940155361575114,0.0,2022-04-12,2022-04-11,2.0,1.0,2022-04-11,0.02940155361575114,2022-04-12,
transfer,0,253,2022-04-12,2022-04-12,1,1035,1035,0.012460974835263094,0.012460974835263094,True,True,0.0,0.012460974835263094,2022-04-12,2022-04-13,1.0,2.0,,,,
transfer,-1,254,2022-04-13,2022-04-13,1,1036,1036,-0.003371839838469004,0.003371839838469004,True,True,-0.003371839838469004,0.0,2022-04-14,2022-04-13,2.0,1.0,2022-04-14,0.0,,
transfer,0,255,2022-04-14,2022-04-18,3,1037,1039,-0.0010955800087526502,-0.0010955800087526502,True,True,-0.008989544551057271,0.0032906253536511,2022-04-18,2022-04-15,3.0,2.0,,,,
transfer,-1,256,2022-04-19,2022-04-28,8,1040,1047,-0.10029945713042798,0.10029945713042798,True,True,-0.14642791953396794,0.0025270295515624763,2022-04-27,2022-04-20,7.0,2.0,2022-04-27,0.054041672003089625,2022-04-28,2022-04-28
transfer,1,257,2022-04-29,2022-04-29,1,1048,1048,0.02813412761577183,0.02813412761577183,True,True,0.0,0.02813412761577183,2022-04-29,2022-05-05,1.0,2.0,2022-05-05,-0.0,,
transfer,0,258,2022-05-05,2022-05-09,3,1049,1051,-0.014235430066378396,-0.014235430066378396,True,True,-0.014235430066378396,0.0,2022-05-10,2022-05-05,4.0,1.0,,,,
transfer,-1,259,2022-05-10,2022-05-10,1,1052,1052,0.029792375559549278,-0.029792375559549278,True,True,0.0,0.029792375559549278,2022-05-10,2022-05-11,1.0,2.0,2022-05-10,0.029792375559549278,2022-05-11,
transfer,0,260,2022-05-11,2022-05-20,8,1053,1060,0.0427759227696618,0.0427759227696618,True,True,0.0,0.0427759227696618,2022-05-11,2022-05-23,1.0,9.0,,,,
transfer,1,261,2022-05-23,2022-05-23,1,1061,1061,0.0035357847519623675,0.0035357847519623675,True,True,0.0,0.0035357847519623675,2022-05-23,2022-05-24,1.0,2.0,2022-05-24,-0.0,,
transfer,0,262,2022-05-24,2022-05-25,2,1062,1063,-0.019141236461592714,-0.019141236461592714,True,True,-0.037052748498997534,0.0,2022-05-25,2022-05-24,2.0,1.0,,,,
transfer,-1,263,2022-05-26,2022-05-26,1,1064,1064,0.012535118902260889,-0.012535118902260889,True,True,0.0,0.012535118902260889,2022-05-26,2022-05-27,1.0,2.0,2022-05-26,0.012535118902260889,,
transfer,0,264,2022-05-27,2022-05-27,1,1065,1065,-0.00052162253503929,-0.00052162253503929,True,True,-0.00052162253503929,0.0,2022-05-30,2022-05-27,2.0,1.0,,,,
transfer,1,265,2022-05-30,2022-06-22,17,1066,1082,0.04540945759424697,0.04540945759424697,True,True,0.0,0.06870241841543878,2022-05-30,2022-06-21,1.0,16.0,2022-06-21,0.021795553579572524,2022-06-23,
transfer,0,266,2022-06-23,2022-06-23,1,1083,1083,0.019369993514290584,0.019369993514290584,True,True,0.0,0.019369993514290584,2022-06-23,2022-06-24,1.0,2.0,,,,
transfer,1,267,2022-06-24,2022-06-24,1,1084,1084,0.014512935105740254,0.014512935105740254,True,True,0.0,0.014512935105740254,2022-06-24,2022-06-27,1.0,2.0,2022-06-27,-0.0,,
transfer,0,268,2022-06-27,2022-06-28,2,1085,1086,0.012629893449564777,0.012629893449564777,True,True,0.0,0.012629893449564777,2022-06-27,2022-06-29,1.0,3.0,,,,
transfer,1,269,2022-06-29,2022-07-07,7,1087,1093,-0.0001356809549467597,-0.0001356809549467597,True,True,-0.014501193378127275,0.008686930310921825,2022-06-30,2022-07-05,2.0,5.0,2022-07-05,0.01852143622211544,,
transfer,0,270,2022-07-08,2022-07-15,6,1094,1099,-0.04047229368868588,-0.04047229368868588,True,True,-0.04047229368868599,0.0,2022-07-18,2022-07-08,7.0,1.0,,,,
transfer,-1,271,2022-07-18,2022-07-22,5,1100,1104,0.01303063055712217,-0.01303063055712217,True,True,0.0,0.029595132948154967,2022-07-18,2022-07-21,1.0,4.0,2022-07-18,0.029595132948154967,2022-07-20,
transfer,0,272,2022-07-25,2022-07-25,1,1105,1105,-0.009193232535074314,-0.009193232535074314,True,True,-0.009193232535074314,0.0,2022-07-26,2022-07-25,2.0,1.0,,,,
transfer,1,273,2022-07-26,2022-07-26,1,1106,1106,0.010001187971141468,0.010001187971141468,True,True,0.0,0.010001187971141468,2022-07-26,2022-07-27,1.0,2.0,2022-07-27,-0.0,,
transfer,-1,274,2022-07-27,2022-07-27,1,1107,1107,0.009468154344026702,-0.009468154344026702,True,True,0.0,0.009468154344026702,2022-07-27,2022-07-28,1.0,2.0,2022-07-27,0.009468154344026702,,
transfer,0,275,2022-07-28,2022-08-02,4,1108,1111,-0.0298141115750592,-0.0298141115750592,True,True,-0.0298141115750592,0.0,2022-08-03,2022-07-28,5.0,1.0,,,,
transfer,-1,276,2022-08-03,2022-08-10,6,1112,1117,0.028822088965595682,-0.028822088965595682,True,True,-0.0018035467267800698,0.028822088965595682,2022-08-04,2022-08-11,2.0,7.0,2022-08-04,0.030680970255855256,2022-08-09,2022-08-11
transfer,0,277,2022-08-11,2022-08-11,1,1118,1118,0.01190867728858036,0.01190867728858036,True,True,0.0,0.01190867728858036,2022-08-11,2022-08-12,1.0,2.0,,,,
transfer,1,278,2022-08-12,2022-08-26,11,1119,1129,-0.03295018971036512,-0.03295018971036512,True,True,-0.032950189710364786,0.008756301175970371,2022-08-29,2022-08-18,12.0,5.0,2022-08-18,0.04134446628756161,2022-08-25,2022-08-29
transfer,0,279,2022-08-29,2022-08-31,3,1130,1132,-0.009674990266201444,-0.009674990266201444,True,True,-0.009674990266201333,0.015479041303237073,2022-09-01,2022-08-30,4.0,2.0,,,,
transfer,-1,280,2022-09-01,2022-09-01,1,1133,1133,-0.0029238519184950906,0.0029238519184950906,True,True,-0.0029238519184950906,0.0,2022-09-02,2022-09-01,2.0,1.0,2022-09-02,0.0,,
transfer,0,281,2022-09-02,2022-09-13,7,1134,1140,0.012976750248565816,0.012976750248565816,True,True,0.0,0.03252739717174502,2022-09-02,2022-09-13,1.0,7.0,,,,
transfer,1,282,2022-09-14,2022-09-14,1,1141,1141,0.01054468688445942,0.01054468688445942,True,True,0.0,0.01054468688445942,2022-09-14,2022-09-15,1.0,2.0,2022-09-15,-0.0,,
transfer,0,283,2022-09-15,2022-09-15,1,1142,1142,-0.0300976545265208,-0.0300976545265208,True,True,-0.0300976545265208,0.0,2022-09-16,2022-09-15,2.0,1.0,,,,
transfer,-1,284,2022-09-16,2022-09-28,9,1143,1151,-0.04402046189726383,0.04402046189726383,True,True,-0.04402046189726383,0.0,2022-09-29,2022-09-16,10.0,1.0,2022-09-29,0.0,,
transfer,0,285,2022-09-29,2022-09-29,1,1152,1152,-0.010152418767152227,-0.010152418767152227,True,True,-0.010152418767152227,0.0,2022-09-30,2022-09-29,2.0,1.0,,,,
transfer,1,286,2022-09-30,2022-09-30,1,1153,1153,-0.00596745183042624,-0.00596745183042624,True,True,-0.00596745183042624,0.0,2022-10-10,2022-09-30,2.0,1.0,2022-09-30,0.00596745183042624,,
transfer,0,287,2022-10-10,2022-10-24,11,1154,1164,0.02343383001311028,0.02343383001311028,True,True,-0.015232013069739092,0.05258378595886848,2022-10-11,2022-10-18,2.0,7.0,,,,
transfer,-1,288,2022-10-25,2022-10-25,1,1165,1165,0.0012026551933637109,-0.0012026551933637109,True,True,0.0,0.0012026551933637109,2022-10-25,2022-10-26,1.0,2.0,2022-10-25,0.0012026551933637109,,
transfer,0,289,2022-10-26,2022-11-14,14,1166,1179,0.043267936533555984,0.043267936533555984,True,True,-0.02146108687753101,0.059980593340169364,2022-10-31,2022-11-11,4.0,13.0,,,,
transfer,1,290,2022-11-15,2022-11-24,8,1180,1187,-0.00489473922144068,-0.00489473922144068,True,True,-0.0048947392214409025,0.018526550729312197,2022-11-25,2022-11-16,9.0,2.0,2022-11-16,0.022995266970686545,2022-11-25,
transfer,-1,291,2022-11-25,2022-11-25,1,1188,1188,-0.015630735371684468,0.015630735371684468,True,True,-0.015630735371684468,0.0,2022-11-28,2022-11-25,2.0,1.0,2022-11-28,0.0,,
transfer,0,292,2022-11-28,2022-11-28,1,1189,1189,0.011932755837116504,0.011932755837116504,True,True,0.0,0.011932755837116504,2022-11-28,2022-11-29,1.0,2.0,,,,
transfer,-1,293,2022-11-29,2022-12-05,5,1190,1194,0.021588716526238505,-0.021588716526238505,True,True,0.0,0.02303267157262323,2022-11-29,2022-12-01,1.0,3.0,2022-11-29,0.02303267157262323,2022-12-01,
transfer,0,294,2022-12-06,2022-12-09,4,1195,1198,-0.0034308773837594675,-0.0034308773837594675,True,True,-0.0034308773837593565,0.0,2022-12-12,2022-12-06,5.0,1.0,,,,
transfer,1,295,2022-12-12,2022-12-12,1,1199,1199,-0.0044498647125098545,-0.0044498647125098545,True,True,-0.0044498647125098545,0.0,2022-12-13,2022-12-12,2.0,1.0,2022-12-12,0.0044498647125098545,,
transfer,0,296,2022-12-13,2022-12-14,2,1200,1201,-0.010338528527634505,-0.010338528527634505,True,True,-0.010338528527634505,0.0,2022-12-15,2022-12-13,3.0,1.0,,,,
transfer,-1,297,2022-12-15,2022-12-27,9,1202,1210,-0.03623282951932394,0.03623282951932394,True,True,-0.05552748092984339,0.0,2022-12-23,2022-12-15,7.0,1.0,2022-12-23,0.020429023630581966,2022-12-28,
transfer,1,298,2022-12-28,2022-12-28,1,1211,1211,-0.004346655250275666,-0.004346655250275666,True,True,-0.004346655250275666,0.0,2022-12-29,2022-12-28,2.0,1.0,2022-12-28,0.004346655250275666,,
transfer,-1,299,2022-12-29,2022-12-29,1,1212,1212,0.005362064527972388,-0.005362064527972388,True,True,0.0,0.005362064527972388,2022-12-29,2022-12-30,1.0,2.0,2022-12-29,0.005362064527972388,,
transfer,0,300,2022-12-30,2023-01-13,10,1213,1222,0.032957211034090994,0.032957211034090994,True,True,-0.002336621069567224,0.032957211034090994,2023-01-03,2023-01-16,2.0,11.0,,,,
transfer,1,301,2023-01-16,2023-02-16,19,1223,1241,0.03559303838917427,0.03559303838917427,True,True,0.0,0.05436922255333587,2023-01-16,2023-02-15,1.0,18.0,2023-02-15,0.01780797823241853,,
transfer,-1,302,2023-02-17,2023-02-17,1,1242,1242,-0.0058341212640250495,0.0058341212640250495,True,True,-0.0058341212640250495,0.0,2023-02-20,2023-02-17,2.0,1.0,2023-02-20,0.0,,
transfer,0,303,2023-02-20,2023-03-07,12,1243,1254,0.0025888826089139894,0.0025888826089139894,True,True,0.0,0.02400682878605065,2023-02-20,2023-03-02,1.0,9.0,,,,
transfer,-1,304,2023-03-08,2023-03-08,1,1255,1255,0.0074405634413914346,-0.0074405634413914346,True,True,0.0,0.0074405634413914346,2023-03-08,2023-03-09,1.0,2.0,2023-03-08,0.0074405634413914346,,
transfer,0,305,2023-03-09,2023-03-14,4,1256,1259,-0.015863369892745394,-0.015863369892745394,True,True,-0.01918324934720772,0.0,2023-03-13,2023-03-09,3.0,1.0,,,,
transfer,-1,306,2023-03-15,2023-03-22,6,1260,1265,0.006866832138450185,-0.006866832138450185,True,True,-0.006286081564622958,0.006866832138450185,2023-03-21,2023-03-23,5.0,7.0,2023-03-21,0.013236117014223447,,
transfer,0,307,2023-03-23,2023-03-30,6,1266,1271,0.005001105447259624,0.005001105447259624,True,True,0.0,0.009755168297749028,2023-03-23,2023-03-28,1.0,4.0,,,,
transfer,-1,308,2023-03-31,2023-03-31,1,1272,1272,0.009839579043720459,-0.009839579043720459,True,True,0.0,0.009839579043720459,2023-03-31,2023-04-03,1.0,2.0,2023-03-31,0.009839579043720459,,
transfer,0,309,2023-04-03,2023-04-04,2,1273,1274,0.006387011817572619,0.006387011817572619,True,True,0.0,0.010733968913729353,2023-04-03,2023-04-04,1.0,2.0,,,,
transfer,1,310,2023-04-06,2023-04-20,11,1275,1285,0.003802087005211119,0.003802087005211119,True,True,0.0,0.013732496732659749,2023-04-06,2023-04-10,1.0,3.0,2023-04-10,0.010704899804886203,,
transfer,0,311,2023-04-21,2023-04-21,1,1286,1286,-0.02504091974411604,-0.02504091974411604,True,True,-0.02504091974411604,0.0,2023-04-24,2023-04-21,2.0,1.0,,,,
transfer,-1,312,2023-04-24,2023-05-04,6,1287,1292,0.000758427080880919,-0.000758427080880919,True,True,-0.02492895695199626,0.0007584270808811411,2023-04-26,2023-05-05,3.0,7.0,2023-04-26,0.02634411535038561,2023-05-04,
transfer,1,313,2023-05-05,2023-05-05,1,1293,1293,-0.008476375578104212,-0.008476375578104212,True,True,-0.008476375578104212,0.0,2023-05-08,2023-05-05,2.0,1.0,2023-05-05,0.008476375578104212,,
transfer,0,314,2023-05-08,2023-05-09,2,1294,1295,-0.005730443525955864,-0.005730443525955864,True,True,-0.005730443525955975,0.006446053702572119,2023-05-10,2023-05-09,3.0,2.0,,,,
transfer,-1,315,2023-05-10,2023-05-26,13,1296,1308,-0.019553894607716282,0.019553894607716282,True,True,-0.02983523336753513,0.0030052854692030895,2023-05-26,2023-05-11,13.0,2.0,2023-05-26,0.01059751818807686,,
transfer,0,316,2023-05-29,2023-05-29,1,1309,1309,-0.00629797875748217,-0.00629797875748217,True,True,-0.00629797875748217,0.0,2023-05-30,2023-05-29,2.0,1.0,,,,
transfer,-1,317,2023-05-30,2023-05-30,1,1310,1310,0.005917970257314442,-0.005917970257314442,True,True,0.0,0.005917970257314442,2023-05-30,2023-05-31,1.0,2.0,2023-05-30,0.005917970257314442,,
transfer,0,318,2023-05-31,2023-06-07,6,1311,1316,-0.011961459426011345,-0.011961459426011345,True,True,-0.011961459426011234,0.009614379171478449,2023-06-08,2023-06-05,7.0,4.0,,,,
transfer,-1,319,2023-06-08,2023-06-08,1,1317,1317,-0.0005064868445793236,0.0005064868445793236,True,True,-0.0005064868445793236,0.0,2023-06-09,2023-06-08,2.0,1.0,2023-06-09,0.0,,
transfer,0,320,2023-06-09,2023-06-13,3,1318,1320,0.013024175900544943,0.013024175900544943,True,True,0.0,0.013024175900544943,2023-06-09,2023-06-14,1.0,4.0,,,,
transfer,1,321,2023-06-14,2023-06-14,1,1321,1321,0.0005012538374871145,0.0005012538374871145,True,True,0.0,0.0005012538374871145,2023-06-14,2023-06-15,1.0,2.0,2023-06-15,-0.0,,
transfer,0,322,2023-06-15,2023-06-19,3,1322,1324,0.012112882714006457,0.012112882714006457,True,True,0.0,0.01642896450916176,2023-06-15,2023-06-19,1.0,3.0,,,,
transfer,1,323,2023-06-20,2023-06-28,5,1325,1329,-0.03169098277622162,-0.03169098277622162,True,True,-0.03675639069588532,0.0,2023-06-27,2023-06-20,4.0,1.0,2023-06-20,0.03675639069588532,2023-06-26,2023-06-27
transfer,0,324,2023-06-29,2023-07-10,8,1330,1337,0.010510163342474677,0.010510163342474677,True,True,0.0,0.020516625120241105,2023-06-29,2023-07-05,1.0,5.0,,,,
transfer,-1,325,2023-07-11,2023-07-11,1,1338,1338,0.006613898029095511,-0.006613898029095511,True,True,0.0,0.006613898029095511,2023-07-11,2023-07-12,1.0,2.0,2023-07-11,0.006613898029095511,,
transfer,0,326,2023-07-12,2023-08-14,24,1339,1362,-0.01838541408350569,-0.01838541408350569,True,True,-0.02755304088798327,0.01583673135311736,2023-08-14,2023-08-04,24.0,18.0,,,,
transfer,-1,327,2023-08-15,2023-08-22,6,1363,1368,-0.03165233412494073,0.03165233412494073,True,True,-0.03165233412494084,0.0,2023-08-23,2023-08-15,7.0,1.0,2023-08-23,0.0,,
transfer,0,328,2023-08-23,2023-09-01,8,1369,1376,0.006913742831682335,0.006913742831682335,True,True,-0.018774807587817244,0.02677589711510242,2023-08-25,2023-08-28,3.0,4.0,,,,
transfer,-1,329,2023-09-04,2023-09-04,1,1377,1377,0.00830559235468531,-0.00830559235468531,True,True,0.0,0.00830559235468531,2023-09-04,2023-09-05,1.0,2.0,2023-09-04,0.00830559235468531,,
transfer,1,330,2023-09-05,2023-09-05,1,1378,1378,-0.008267693352953298,-0.008267693352953298,True,True,-0.008267693352953298,0.0,2023-09-06,2023-09-05,2.0,1.0,2023-09-05,0.008267693352953298,,
transfer,0,331,2023-09-06,2023-09-08,3,1379,1381,-0.008460183209921035,-0.008460183209921035,True,True,-0.015106632207460668,0.0017709403000667479,2023-09-08,2023-09-07,3.0,2.0,,,,
transfer,-1,332,2023-09-11,2023-09-11,1,1382,1382,0.008989662290251887,-0.008989662290251887,True,True,0.0,0.008989662290251887,2023-09-11,2023-09-12,1.0,2.0,2023-09-11,0.008989662290251887,,
transfer,0,333,2023-09-12,2023-09-27,12,1383,1394,-0.015036022118131265,-0.015036022118131265,True,True,-0.029029766059237794,0.0,2023-09-22,2023-09-12,9.0,1.0,,,,
transfer,1,334,2023-09-28,2023-09-28,1,1395,1395,-0.0014065409295955789,-0.0014065409295955789,True,True,-0.0014065409295955789,0.0,2023-10-09,2023-09-28,2.0,1.0,2023-09-28,0.0014065409295955789,,
transfer,0,335,2023-10-09,2023-10-09,1,1396,1396,-0.00246124702384376,-0.00246124702384376,True,True,-0.00246124702384376,0.0,2023-10-10,2023-10-09,2.0,1.0,,,,
transfer,-1,336,2023-10-10,2023-10-10,1,1397,1397,-0.004693184849601573,0.004693184849601573,True,True,-0.004693184849601573,0.0,2023-10-11,2023-10-10,2.0,1.0,2023-10-11,0.0,,
transfer,0,337,2023-10-11,2023-10-18,6,1398,1403,-0.025237272188144533,-0.025237272188144533,True,True,-0.025237272188144533,0.0029332307538110225,2023-10-19,2023-10-12,7.0,2.0,,,,
transfer,-1,338,2023-10-19,2023-10-19,1,1404,1404,-0.009696935142162189,0.009696935142162189,True,True,-0.009696935142162189,0.0,2023-10-20,2023-10-19,2.0,1.0,2023-10-20,0.0,,
transfer,0,339,2023-10-20,2023-10-26,5,1405,1409,-0.010320925363643596,-0.010320925363643596,True,True,-0.024210043630923717,0.0,2023-10-24,2023-10-20,3.0,1.0,,,,
transfer,1,340,2023-10-27,2023-10-27,1,1410,1410,0.018070325805952026,0.018070325805952026,True,True,0.0,0.018070325805952026,2023-10-27,2023-10-30,1.0,2.0,2023-10-30,-0.0,,
transfer,0,341,2023-10-30,2023-11-07,7,1411,1417,0.021577905796277053,0.021577905796277053,True,True,-0.004098731289510327,0.021577905796277053,2023-11-03,2023-11-08,5.0,8.0,,,,
transfer,1,342,2023-11-08,2023-11-17,8,1418,1425,0.005821197672870371,0.005821197672870371,True,True,-0.004575001614768426,0.013310724612570324,2023-11-10,2023-11-15,3.0,6.0,2023-11-15,0.013843523323782692,,
transfer,0,343,2023-11-20,2023-11-21,2,1426,1427,-0.0022580080260320434,-0.0022580080260320434,True,True,-0.0022580080260321544,0.005958279374887576,2023-11-22,2023-11-21,3.0,2.0,,,,
transfer,1,344,2023-11-22,2023-11-28,5,1428,1432,-0.006062322538088583,-0.006062322538088583,True,True,-0.010899254765567301,0.0,2023-11-28,2023-11-22,5.0,1.0,2023-11-22,0.010899254765567301,,
transfer,-1,345,2023-11-29,2023-11-29,1,1433,1433,-0.007201919548042501,0.007201919548042501,True,True,-0.007201919548042501,0.0,2023-11-30,2023-11-29,2.0,1.0,2023-11-30,0.0,,
transfer,0,346,2023-11-30,2023-12-08,7,1434,1440,-0.013494147272319568,-0.013494147272319568,True,True,-0.018034796280956833,0.005388189723969816,2023-12-06,2023-12-04,5.0,3.0,,,,
transfer,1,347,2023-12-11,2023-12-11,1,1441,1441,0.015854882537824633,0.015854882537824633,True,True,0.0,0.015854882537824633,2023-12-11,2023-12-12,1.0,2.0,2023-12-12,-0.0,,
transfer,0,348,2023-12-12,2023-12-19,6,1442,1447,-0.03137162547789629,-0.03137162547789629,True,True,-0.032317774390153375,0.0,2023-12-19,2023-12-12,6.0,1.0,,,,
transfer,-1,349,2023-12-20,2023-12-27,6,1448,1453,-0.019551668404630962,0.019551668404630962,True,True,-0.023101708438083346,0.0,2023-12-27,2023-12-20,6.0,1.0,2023-12-27,0.0036339914442644616,,
transfer,0,350,2023-12-28,2024-01-03,4,1454,1457,0.021673756901180896,0.021673756901180896,True,True,0.0,0.028554599603112463,2023-12-28,2024-01-02,1.0,3.0,,,,
transfer,1,351,2024-01-04,2024-01-04,1,1458,1458,-0.008909884646612132,-0.008909884646612132,True,True,-0.008909884646612132,0.0,2024-01-05,2024-01-04,2.0,1.0,2024-01-04,0.008909884646612132,,
transfer,0,352,2024-01-05,2024-01-15,7,1459,1465,-0.0296804455267643,-0.0296804455267643,True,True,-0.03641500890758398,0.0,2024-01-11,2024-01-05,5.0,1.0,,,,
transfer,-1,353,2024-01-16,2024-01-24,7,1466,1472,-0.04948412306510486,0.04948412306510486,True,True,-0.08034757819470528,0.0,2024-01-23,2024-01-16,6.0,1.0,2024-01-23,0.03355991285165616,2024-01-24,2024-01-25
transfer,1,354,2024-01-25,2024-01-25,1,1473,1473,0.02507498893924942,0.02507498893924942,True,True,0.0,0.02507498893924942,2024-01-25,2024-01-26,1.0,2.0,2024-01-26,-0.0,,
transfer,0,355,2024-01-26,2024-01-30,3,1474,1476,-0.05310775778186161,-0.05310775778186161,True,True,-0.05310775778186172,0.0,2024-01-31,2024-01-26,4.0,1.0,,,,
transfer,-1,356,2024-01-31,2024-02-06,5,1477,1481,0.00567009848390132,-0.00567009848390132,True,True,-0.07844777217943433,0.005670098483901542,2024-02-06,2024-02-07,5.0,6.0,2024-02-06,0.09127846271097528,2024-02-07,2024-02-07
transfer,0,357,2024-02-07,2024-02-07,1,1482,1482,0.0660265276707539,0.0660265276707539,True,True,0.0,0.0660265276707539,2024-02-07,2024-02-08,1.0,2.0,,,,
transfer,1,358,2024-02-08,2024-02-08,1,1483,1483,0.018187505709494012,0.018187505709494012,True,True,0.0,0.018187505709494012,2024-02-08,2024-02-19,1.0,2.0,2024-02-19,-0.0,,
transfer,0,359,2024-02-19,2024-02-26,6,1484,1489,-0.009630080767820681,-0.009630080767820681,True,True,-0.023679107110263997,0.0,2024-02-21,2024-02-19,3.0,1.0,,,,
transfer,1,360,2024-02-27,2024-03-07,8,1490,1497,0.020790735228363832,0.020790735228363832,True,True,-0.0039944775657292375,0.04099171074453323,2024-02-29,2024-03-04,3.0,5.0,2024-03-04,0.01940551044515204,,
transfer,0,361,2024-03-08,2024-03-12,3,1498,1500,0.027948618960251803,0.027948618960251803,True,True,0.0,0.030946096795974265,2024-03-08,2024-03-12,1.0,3.0,,,,
transfer,1,362,2024-03-13,2024-03-13,1,1501,1501,-0.0027428508540363605,-0.0027428508540363605,True,True,-0.0027428508540363605,0.0,2024-03-14,2024-03-13,2.0,1.0,2024-03-13,0.0027428508540363605,,
transfer,0,363,2024-03-14,2024-03-20,5,1502,1506,0.016721346901218626,0.016721346901218626,True,True,-0.006487521241101746,0.018355927690939744,2024-03-15,2024-03-19,2.0,4.0,,,,
transfer,-1,364,2024-03-21,2024-03-21,1,1507,1507,-0.009314749073164874,0.009314749073164874,True,True,-0.009314749073164874,0.0,2024-03-22,2024-03-21,2.0,1.0,2024-03-22,0.0,,
transfer,0,365,2024-03-22,2024-03-28,5,1508,1512,-0.042875712613176575,-0.042875712613176575,True,True,-0.05462254673246958,0.0,2024-03-28,2024-03-22,5.0,1.0,,,,
transfer,1,366,2024-03-29,2024-03-29,1,1513,1513,0.017101657671322545,0.017101657671322545,True,True,0.0,0.017101657671322545,2024-03-29,2024-04-01,1.0,2.0,2024-04-01,-0.0,,
transfer,0,367,2024-04-01,2024-04-08,4,1514,1517,-0.002892407623028004,-0.002892407623028004,True,True,-0.0028924076230277818,0.016130188664143175,2024-04-09,2024-04-02,5.0,2.0,,,,
transfer,-1,368,2024-04-09,2024-04-09,1,1518,1518,0.007792256164129485,-0.007792256164129485,True,True,0.0,0.007792256164129485,2024-04-09,2024-04-10,1.0,2.0,2024-04-09,0.007792256164129485,,
transfer,0,369,2024-04-10,2024-04-18,7,1519,1525,-0.0025060112672115054,-0.0025060112672115054,True,True,-0.02332981528938627,0.0,2024-04-17,2024-04-10,6.0,1.0,,,,
transfer,1,370,2024-04-19,2024-04-19,1,1526,1526,-0.006191277446383259,-0.006191277446383259,True,True,-0.006191277446383259,0.0,2024-04-22,2024-04-19,2.0,1.0,2024-04-19,0.006191277446383259,,
transfer,0,371,2024-04-22,2024-04-24,3,1527,1529,-0.009249600890958054,-0.009249600890958054,True,True,-0.014977767071262749,0.0,2024-04-24,2024-04-22,3.0,1.0,,,,
transfer,-1,372,2024-04-25,2024-04-25,1,1530,1530,0.0034162890025928316,-0.0034162890025928316,True,True,0.0,0.0034162890025928316,2024-04-25,2024-04-26,1.0,2.0,2024-04-25,0.0034162890025928316,,
transfer,0,373,2024-04-26,2024-04-30,3,1531,1533,0.04565270776023689,0.04565270776023689,True,True,0.0,0.045652707760236666,2024-04-26,2024-05-06,1.0,4.0,,,,
transfer,1,374,2024-05-06,2024-05-15,8,1534,1541,-0.006790375357450862,-0.006790375357450862,True,True,-0.006790375357451195,0.011593988714116765,2024-05-16,2024-05-10,9.0,5.0,2024-05-10,0.01817365887566913,,
transfer,0,375,2024-05-16,2024-05-16,1,1542,1542,-0.0077731849163127364,-0.0077731849163127364,True,True,-0.0077731849163127364,0.0,2024-05-17,2024-05-16,2.0,1.0,,,,
transfer,1,376,2024-05-17,2024-05-17,1,1543,1543,0.014419235760887217,0.014419235760887217,True,True,0.0,0.014419235760887217,2024-05-17,2024-05-20,1.0,2.0,2024-05-20,-0.0,,
transfer,0,377,2024-05-20,2024-05-30,9,1544,1552,-0.03385040841288023,-0.03385040841288023,True,True,-0.03423768896117996,0.002673087189207779,2024-05-29,2024-05-21,8.0,2.0,,,,
transfer,-1,378,2024-05-31,2024-06-06,5,1553,1557,-0.011971178757659628,0.011971178757659628,True,True,-0.011971178757659628,0.003416861338886079,2024-06-07,2024-06-05,6.0,4.0,2024-06-07,0.0,,
transfer,0,379,2024-06-07,2024-06-12,3,1558,1560,-0.0029037879676384604,-0.0029037879676384604,True,True,-0.012336858462224654,0.0,2024-06-11,2024-06-07,2.0,1.0,,,,
transfer,-1,380,2024-06-13,2024-06-13,1,1561,1561,-0.009866550446513855,0.009866550446513855,True,True,-0.009866550446513855,0.0,2024-06-14,2024-06-13,2.0,1.0,2024-06-14,0.0,,
transfer,0,381,2024-06-14,2024-06-21,6,1562,1567,-0.020749017327933883,-0.020749017327933883,True,True,-0.020749017327933772,0.010653286562967157,2024-06-24,2024-06-19,7.0,4.0,,,,
transfer,-1,382,2024-06-24,2024-06-24,1,1568,1568,-0.01650596392195669,0.01650596392195669,True,True,-0.01650596392195669,0.0,2024-06-25,2024-06-24,2.0,1.0,2024-06-25,0.0,,
transfer,0,383,2024-06-25,2024-06-25,1,1569,1569,-0.009401769824375794,-0.009401769824375794,True,True,-0.009401769824375794,0.0,2024-06-26,2024-06-25,2.0,1.0,,,,
transfer,-1,384,2024-06-26,2024-07-02,5,1570,1574,0.000654409528843658,-0.000654409528843658,True,True,-0.005563533165585111,0.011818807675631815,2024-06-28,2024-07-02,3.0,5.0,2024-06-28,0.017479589114978822,,
transfer,0,385,2024-07-03,2024-07-04,2,1575,1576,-0.023564648792572807,-0.023564648792572807,True,True,-0.023564648792572807,0.0,2024-07-05,2024-07-03,3.0,1.0,,,,
transfer,-1,386,2024-07-05,2024-07-12,6,1577,1582,0.015459809709233996,-0.015459809709233996,True,True,-0.0110895053800244,0.020319152575633437,2024-07-09,2024-07-12,3.0,6.0,2024-07-09,0.03176087029769836,2024-07-11,2024-07-12
transfer,0,387,2024-07-15,2024-07-23,7,1583,1589,-0.0389983628278493,-0.0389983628278493,True,True,-0.038998362827849076,0.0,2024-07-24,2024-07-15,8.0,1.0,,,,
transfer,-1,388,2024-07-24,2024-07-24,1,1590,1590,-0.014401775613412382,0.014401775613412382,True,True,-0.014401775613412382,0.0,2024-07-25,2024-07-24,2.0,1.0,2024-07-25,0.0,,
transfer,0,389,2024-07-25,2024-07-26,2,1591,1592,0.020686601304958918,0.020686601304958918,True,True,0.0,0.020686601304958918,2024-07-25,2024-07-29,1.0,3.0,,,,
transfer,1,390,2024-07-29,2024-07-29,1,1593,1593,-0.0096981984386032,-0.0096981984386032,True,True,-0.0096981984386032,0.0,2024-07-30,2024-07-29,2.0,1.0,2024-07-29,0.0096981984386032,,
transfer,0,391,2024-07-30,2024-08-13,11,1594,1604,0.007517246634148211,0.007517246634148211,True,True,0.0,0.042463553339063154,2024-07-30,2024-08-01,1.0,3.0,,,,
transfer,-1,392,2024-08-14,2024-08-14,1,1605,1605,-0.015459295169836018,0.015459295169836018,True,True,-0.015459295169836018,0.0,2024-08-15,2024-08-14,2.0,1.0,2024-08-15,0.0,,
transfer,0,393,2024-08-15,2024-08-23,7,1606,1612,-0.024446222052335043,-0.024446222052335043,True,True,-0.028497528826775143,0.010073496331625797,2024-08-23,2024-08-16,7.0,2.0,,,,
transfer,-1,394,2024-08-26,2024-08-26,1,1613,1613,-0.0022827708135347846,0.0022827708135347846,True,True,-0.0022827708135347846,0.0,2024-08-27,2024-08-26,2.0,1.0,2024-08-27,0.0,,
transfer,0,395,2024-08-27,2024-09-11,12,1614,1625,-0.0029780345051697577,-0.0029780345051697577,True,True,-0.010795995601619257,0.021933702124315335,2024-08-29,2024-09-02,3.0,5.0,,,,
transfer,-1,396,2024-09-12,2024-09-12,1,1626,1626,-0.004114482972095268,0.004114482972095268,True,True,-0.004114482972095268,0.0,2024-09-13,2024-09-12,2.0,1.0,2024-09-13,0.0,,
transfer,0,397,2024-09-13,2024-09-23,5,1627,1631,0.0052943131723841574,0.0052943131723841574,True,True,-0.01117810794781593,0.0052943131723841574,2024-09-18,2024-09-24,2.0,6.0,,,,
transfer,1,398,2024-09-24,2024-09-24,1,1632,1632,0.04849738343928078,0.04849738343928078,True,True,0.0,0.04849738343928078,2024-09-24,2024-09-25,1.0,2.0,2024-09-25,-0.0,,
transfer,0,399,2024-09-25,2024-09-25,1,1633,1633,-0.0037183093983446103,-0.0037183093983446103,True,True,-0.0037183093983446103,0.0,2024-09-26,2024-09-25,2.0,1.0,,,,
transfer,1,400,2024-09-26,2024-10-16,10,1634,1643,0.16372631292959205,0.16372631292959205,True,True,0.0,0.3579813017192566,2024-09-26,2024-10-08,1.0,4.0,2024-10-08,0.15957901990992518,2024-10-09,2024-10-09
transfer,0,401,2024-10-17,2024-10-22,4,1644,1647,0.04460935328174598,0.04460935328174598,True,True,-0.015225011668223987,0.04460935328174598,2024-10-18,2024-10-23,2.0,5.0,,,,
transfer,1,402,2024-10-23,2024-11-05,10,1648,1657,0.06785194893414448,0.06785194893414448,True,True,-0.001709559138055372,0.06785194893414426,2024-10-25,2024-11-06,3.0,11.0,2024-11-06,-0.0,,
transfer,0,403,2024-11-06,2024-11-06,1,1658,1658,-0.011929847015535677,-0.011929847015535677,True,True,-0.011929847015535677,0.0,2024-11-07,2024-11-06,2.0,1.0,,,,
transfer,1,404,2024-11-07,2024-11-13,5,1659,1663,0.02950877973894883,0.02950877973894883,True,True,0.0,0.04742777517373775,2024-11-07,2024-11-12,1.0,4.0,2024-11-12,0.018123742416304323,,
transfer,0,405,2024-11-14,2024-11-18,3,1664,1666,-0.06473702816165716,-0.06473702816165716,True,True,-0.06473702816165716,0.0,2024-11-19,2024-11-14,4.0,1.0,,,,
transfer,-1,406,2024-11-19,2024-11-19,1,1667,1667,0.014342587311115595,-0.014342587311115595,True,True,0.0,0.014342587311115595,2024-11-19,2024-11-20,1.0,2.0,2024-11-19,0.014342587311115595,,
transfer,0,407,2024-11-20,2024-11-21,2,1668,1669,0.008234753546972895,0.008234753546972895,True,True,0.0,0.008923803801309527,2024-11-20,2024-11-21,1.0,2.0,,,,
transfer,1,408,2024-11-22,2024-11-22,1,1670,1670,-0.03593990513069922,-0.03593990513069922,True,True,-0.03593990513069922,0.0,2024-11-25,2024-11-22,2.0,1.0,2024-11-22,0.03593990513069922,2024-11-25,2024-11-25
transfer,0,409,2024-11-25,2024-12-05,9,1671,1679,0.025884138618514685,0.025884138618514685,True,True,-0.014769606637867083,0.03339757064817239,2024-11-27,2024-12-03,3.0,7.0,,,,
transfer,-1,410,2024-12-06,2024-12-06,1,1680,1680,0.013523421060066987,-0.013523421060066987,True,True,0.0,0.013523421060066987,2024-12-06,2024-12-09,1.0,2.0,2024-12-06,0.013523421060066987,,
transfer,0,411,2024-12-09,2024-12-09,1,1681,1681,0.024895266172909603,0.024895266172909603,True,True,0.0,0.024895266172909603,2024-12-09,2024-12-10,1.0,2.0,,,,
transfer,1,412,2024-12-10,2024-12-10,1,1682,1682,-0.02592261195693424,-0.02592261195693424,True,True,-0.02592261195693424,0.0,2024-12-11,2024-12-10,2.0,1.0,2024-12-10,0.02592261195693424,2024-12-11,
transfer,0,413,2024-12-11,2024-12-20,8,1683,1690,-0.009313421032101754,-0.009313421032101754,True,True,-0.024117702599858126,0.015506972162577348,2024-12-19,2024-12-13,7.0,3.0,,,,
transfer,-1,414,2024-12-23,2024-12-23,1,1691,1691,-0.01529889878217594,0.01529889878217594,True,True,-0.01529889878217594,0.0,2024-12-24,2024-12-23,2.0,1.0,2024-12-24,0.0,,
transfer,0,415,2024-12-24,2024-12-26,3,1692,1694,0.011246405345643806,0.011246405345643806,True,True,0.0,0.011887403738050972,2024-12-24,2024-12-25,1.0,2.0,,,,
transfer,1,416,2024-12-27,2024-12-27,1,1695,1695,-0.0003786044017249912,-0.0003786044017249912,True,True,-0.0003786044017249912,0.0,2024-12-30,2024-12-27,2.0,1.0,2024-12-27,0.0003786044017249912,,
transfer,0,417,2024-12-30,2025-01-13,10,1696,1705,-0.08432279002570131,-0.08432279002570131,True,True,-0.09689594365183474,0.001964140919102242,2025-01-13,2024-12-31,10.0,2.0,,,,
transfer,1,418,2025-01-14,2025-01-14,1,1706,1706,0.0307420811778345,0.0307420811778345,True,True,0.0,0.0307420811778345,2025-01-14,2025-01-15,1.0,2.0,2025-01-15,-0.0,,
transfer,0,419,2025-01-15,2025-01-17,3,1707,1709,0.011214195464638088,0.011214195464638088,True,True,-0.006362622634071946,0.011214195464638088,2025-01-17,2025-01-20,3.0,4.0,,,,
transfer,-1,420,2025-01-20,2025-01-20,1,1710,1710,0.0031446525777907297,-0.0031446525777907297,True,True,0.0,0.0031446525777907297,2025-01-20,2025-01-21,1.0,2.0,2025-01-20,0.0031446525777907297,,
transfer,0,421,2025-01-21,2025-02-05,6,1711,1716,-0.005804131237093779,-0.005804131237093779,True,True,-0.012256836415651007,0.00370258286056524,2025-01-24,2025-01-27,4.0,5.0,,,,
transfer,1,422,2025-02-06,2025-02-06,1,1717,1717,0.02557897402556475,0.02557897402556475,True,True,0.0,0.02557897402556475,2025-02-06,2025-02-07,1.0,2.0,2025-02-07,-0.0,,
transfer,0,423,2025-02-07,2025-02-07,1,1718,1718,0.018773631313502515,0.018773631313502515,True,True,0.0,0.018773631313502515,2025-02-07,2025-02-10,1.0,2.0,,,,
transfer,1,424,2025-02-10,2025-03-24,31,1719,1749,0.01897734687493724,0.01897734687493724,True,True,-0.003975219530430896,0.04571220805557297,2025-02-19,2025-03-18,8.0,27.0,2025-03-18,0.025566174875539915,2025-03-24,
transfer,0,425,2025-03-25,2025-03-26,2,1750,1751,-0.006181492046693271,-0.006181492046693271,True,True,-0.006181492046693271,0.0,2025-03-27,2025-03-25,3.0,1.0,,,,
transfer,-1,426,2025-03-27,2025-03-27,1,1752,1752,0.0037443132269416868,-0.0037443132269416868,True,True,0.0,0.0037443132269416868,2025-03-27,2025-03-28,1.0,2.0,2025-03-27,0.0037443132269416868,,
transfer,0,427,2025-03-28,2025-04-02,4,1753,1756,-0.01882755484266574,-0.01882755484266574,True,True,-0.01882755484266574,0.0,2025-04-03,2025-03-28,5.0,1.0,,,,
transfer,-1,428,2025-04-03,2025-04-03,1,1757,1757,-0.05453944976400715,0.05453944976400715,True,True,-0.05453944976400715,0.0,2025-04-07,2025-04-03,2.0,1.0,2025-04-07,0.0,,
transfer,0,429,2025-04-07,2025-04-11,5,1758,1762,0.019879855833952353,0.019879855833952353,True,True,-0.049652662446942886,0.019879855833952353,2025-04-09,2025-04-14,3.0,6.0,,,,
transfer,-1,430,2025-04-14,2025-04-14,1,1763,1763,-0.001558225782082423,0.001558225782082423,True,True,-0.001558225782082423,0.0,2025-04-15,2025-04-14,2.0,1.0,2025-04-15,0.0,,
transfer,0,431,2025-04-15,2025-05-16,21,1764,1784,0.016788905174319524,0.016788905174319524,True,True,-0.017317331794014956,0.037872636633543344,2025-04-17,2025-05-13,3.0,18.0,,,,
transfer,-1,432,2025-05-19,2025-05-19,1,1785,1785,0.0007111537757529263,-0.0007111537757529263,True,True,0.0,0.0007111537757529263,2025-05-19,2025-05-20,1.0,2.0,2025-05-19,0.0007111537757529263,,
transfer,0,433,2025-05-20,2025-05-26,5,1786,1790,-0.009994364467720063,-0.009994364467720063,True,True,-0.012282542578145539,0.0031768991922869194,2025-05-26,2025-05-21,5.0,2.0,,,,
transfer,-1,434,2025-05-27,2025-05-27,1,1791,1791,-0.002546140007663178,0.002546140007663178,True,True,-0.002546140007663178,0.0,2025-05-28,2025-05-27,2.0,1.0,2025-05-28,0.0,,
transfer,0,435,2025-05-28,2025-05-29,2,1792,1793,0.009358928730825777,0.009358928730825777,True,True,-0.0026207583659619837,0.009358928730825555,2025-05-29,2025-05-30,2.0,3.0,,,,
transfer,1,436,2025-05-30,2025-05-30,1,1794,1794,-0.008956766187459664,-0.008956766187459664,True,True,-0.008956766187459664,0.0,2025-06-03,2025-05-30,2.0,1.0,2025-05-30,0.008956766187459664,,
transfer,0,437,2025-06-03,2025-06-13,9,1795,1803,0.012616254698913254,0.012616254698913254,True,True,0.0,0.02761984165802822,2025-06-03,2025-06-10,1.0,6.0,,,,
transfer,-1,438,2025-06-16,2025-06-16,1,1804,1804,0.008260799308940081,-0.008260799308940081,True,True,0.0,0.008260799308940081,2025-06-16,2025-06-17,1.0,2.0,2025-06-16,0.008260799308940081,,
transfer,0,439,2025-06-17,2025-06-26,8,1805,1812,0.013535203322906364,0.013535203322906364,True,True,-0.027547911610908526,0.01663054008318343,2025-06-23,2025-06-26,5.0,8.0,,,,
transfer,1,440,2025-06-27,2025-08-01,26,1813,1838,0.058101606016601526,0.058101606016601526,True,True,0.0,0.08460043211901946,2025-06-27,2025-07-30,1.0,24.0,2025-07-30,0.024431878614178393,2025-08-04,
transfer,0,441,2025-08-04,2025-08-04,1,1839,1839,0.014000368283231035,0.014000368283231035,True,True,0.0,0.014000368283231035,2025-08-04,2025-08-05,1.0,2.0,,,,
transfer,-1,442,2025-08-05,2025-08-05,1,1840,1840,0.0034917413086106297,-0.0034917413086106297,True,True,0.0,0.0034917413086106297,2025-08-05,2025-08-06,1.0,2.0,2025-08-05,0.0034917413086106297,,
transfer,0,443,2025-08-06,2025-08-11,4,1841,1844,0.014839506607559505,0.014839506607559505,True,True,0.0,0.014839506607559727,2025-08-06,2025-08-12,1.0,5.0,,,,
transfer,1,444,2025-08-12,2025-08-12,1,1845,1845,0.004753580817451919,0.004753580817451919,True,True,0.0,0.004753580817451919,2025-08-12,2025-08-13,1.0,2.0,2025-08-13,-0.0,,
transfer,-1,445,2025-08-13,2025-08-13,1,1846,1846,0.013455151857785674,-0.013455151857785674,True,True,0.0,0.013455151857785674,2025-08-13,2025-08-14,1.0,2.0,2025-08-13,0.013455151857785674,,
transfer,0,446,2025-08-14,2025-08-18,3,1847,1849,0.023650878597605285,0.023650878597605285,True,True,-0.014106108292582742,0.023650878597605285,2025-08-15,2025-08-19,2.0,4.0,,,,
transfer,1,447,2025-08-19,2025-09-03,12,1850,1861,0.03319758186697386,0.03319758186697386,True,True,-0.005934604272419208,0.06690336127454288,2025-08-20,2025-09-02,2.0,11.0,2025-09-02,0.03159215785701863,2025-09-04,2025-09-04
transfer,0,448,2025-09-04,2025-09-18,11,1862,1872,0.04594971873701437,0.04594971873701437,True,True,-0.025450841986319084,0.052861997568778296,2025-09-05,2025-09-18,2.0,11.0,,,,
transfer,-1,449,2025-09-19,2025-09-19,1,1873,1873,-0.0024725956894142698,0.0024725956894142698,True,True,-0.0024725956894142698,0.0,2025-09-22,2025-09-19,2.0,1.0,2025-09-22,0.0,,
transfer,0,450,2025-09-22,2025-09-22,1,1874,1874,0.008069038975355713,0.008069038975355713,True,True,0.0,0.008069038975355713,2025-09-22,2025-09-23,1.0,2.0,,,,
transfer,1,451,2025-09-23,2025-09-23,1,1875,1875,-0.013884260439932516,-0.013884260439932516,True,True,-0.013884260439932516,0.0,2025-09-24,2025-09-23,2.0,1.0,2025-09-23,0.013884260439932516,,
transfer,0,452,2025-09-24,2025-10-15,10,1876,1885,0.018058858709942838,0.018058858709942838,True,True,-0.0007294918508331527,0.05028895932962496,2025-10-13,2025-10-10,8.0,7.0,,,,
transfer,-1,453,2025-10-16,2025-10-16,1,1886,1886,-0.005892939262156172,0.005892939262156172,True,True,-0.005892939262156172,0.0,2025-10-17,2025-10-16,2.0,1.0,2025-10-17,0.0,,
transfer,0,454,2025-10-17,2025-10-21,3,1887,1889,-0.012622153476961384,-0.012622153476961384,True,True,-0.018479105024237885,0.0,2025-10-20,2025-10-17,2.0,1.0,,,,
transfer,1,455,2025-10-22,2025-10-22,1,1890,1890,-0.003693501089610751,-0.003693501089610751,True,True,-0.003693501089610751,0.0,2025-10-23,2025-10-22,2.0,1.0,2025-10-22,0.003693501089610751,,
transfer,0,456,2025-10-23,2025-11-05,10,1891,1900,0.01889775631221613,0.01889775631221613,True,True,-0.0013924606277987417,0.04973770387338772,2025-11-05,2025-10-30,10.0,6.0,,,,
transfer,1,457,2025-11-06,2025-11-06,1,1901,1901,0.008849684708928107,0.008849684708928107,True,True,0.0,0.008849684708928107,2025-11-06,2025-11-07,1.0,2.0,2025-11-07,-0.0,,
transfer,0,458,2025-11-07,2025-11-14,6,1902,1907,-0.007988495443300936,-0.007988495443300936,True,True,-0.008711279914092374,0.007886528859464947,2025-11-13,2025-11-11,5.0,3.0,,,,
transfer,-1,459,2025-11-17,2025-11-17,1,1908,1908,-0.004675371299366682,0.004675371299366682,True,True,-0.004675371299366682,0.0,2025-11-18,2025-11-17,2.0,1.0,2025-11-18,0.0,,
transfer,0,460,2025-11-18,2025-11-21,4,1909,1912,-0.04965683996721182,-0.04965683996721182,True,True,-0.04965683996721182,0.0,2025-11-24,2025-11-18,5.0,1.0,,,,
transfer,-1,461,2025-11-24,2025-12-01,6,1913,1918,0.03325835811595179,-0.03325835811595179,True,True,0.0,0.03325835811595179,2025-11-24,2025-12-02,1.0,7.0,2025-11-24,0.03325835811595179,2025-12-01,2025-12-02
transfer,0,462,2025-12-02,2025-12-10,7,1919,1925,0.012196379883183672,0.012196379883183672,True,True,-0.011737340748834146,0.012196379883183672,2025-12-04,2025-12-11,3.0,8.0,,,,
transfer,-1,463,2025-12-11,2025-12-11,1,1926,1926,-0.011589093658824323,0.011589093658824323,True,True,-0.011589093658824323,0.0,2025-12-12,2025-12-11,2.0,1.0,2025-12-12,0.0,,
transfer,0,464,2025-12-12,2025-12-12,1,1927,1927,0.004695249718609462,0.004695249718609462,True,True,0.0,0.004695249718609462,2025-12-12,2025-12-15,1.0,2.0,,,,
transfer,1,465,2025-12-15,2025-12-15,1,1928,1928,-0.0027678481721346015,-0.0027678481721346015,True,True,-0.0027678481721346015,0.0,2025-12-16,2025-12-15,2.0,1.0,2025-12-15,0.0027678481721346015,,
transfer,0,466,2025-12-16,2025-12-24,7,1929,1935,0.033830453052899,0.033830453052899,True,True,-0.013963364333367423,0.033830453052899,2025-12-17,2025-12-25,2.0,8.0,,,,
transfer,1,467,2025-12-25,2026-01-27,22,1936,1957,0.16663435678146632,0.16663435678146632,True,True,0.0,0.17474524349025056,2025-12-25,2026-01-26,1.0,21.0,2026-01-26,0.018578547852034166,,
transfer,0,468,2026-01-28,2026-01-28,1,1958,1958,0.0022581476870477957,0.0022581476870477957,True,True,0.0,0.0022581476870477957,2026-01-28,2026-01-29,1.0,2.0,,,,
transfer,1,469,2026-01-29,2026-01-29,1,1959,1959,-0.01689383761115104,-0.01689383761115104,True,True,-0.01689383761115104,0.0,2026-01-30,2026-01-29,2.0,1.0,2026-01-29,0.01689383761115104,,
transfer,0,470,2026-01-30,2026-02-03,3,1960,1962,-0.02000205600884697,-0.02000205600884697,True,True,-0.03599466963829001,0.0,2026-02-03,2026-01-30,3.0,1.0,,,,
transfer,-1,471,2026-02-04,2026-02-04,1,1963,1963,-0.00819496975035916,0.00819496975035916,True,True,-0.00819496975035916,0.0,2026-02-05,2026-02-04,2.0,1.0,2026-02-05,0.0,,
transfer,0,472,2026-02-05,2026-03-02,12,1964,1975,0.05461341896118843,0.05461341896118843,True,True,-0.018145015519630325,0.05461341896118865,2026-02-06,2026-03-03,2.0,13.0,,,,
transfer,-1,473,2026-03-03,2026-03-03,1,1976,1976,-0.055840428802944375,0.055840428802944375,True,True,-0.055840428802944375,0.0,2026-03-04,2026-03-03,2.0,1.0,2026-03-04,0.0,,
transfer,0,474,2026-03-04,2026-03-16,9,1977,1985,0.003919144719862322,0.003919144719862322,True,True,0.0,0.030770076096282795,2026-03-04,2026-03-11,1.0,6.0,,,,
transfer,-1,475,2026-03-17,2026-03-25,7,1986,1992,-0.054021280458228516,0.054021280458228516,True,True,-0.07864772951136567,0.0,2026-03-24,2026-03-17,6.0,1.0,2026-03-24,0.02672859213781109,2026-03-26,
transfer,1,476,2026-03-26,2026-03-26,1,1993,1993,-0.02808071168065418,-0.02808071168065418,True,True,-0.02808071168065418,0.0,2026-03-27,2026-03-26,2.0,1.0,2026-03-26,0.02808071168065418,2026-03-27,
transfer,0,477,2026-03-27,2026-03-27,1,1994,1994,0.015380619039226717,0.015380619039226717,True,True,0.0,0.015380619039226717,2026-03-27,2026-03-30,1.0,2.0,,,,
transfer,-1,478,2026-03-30,2026-04-03,5,1995,1999,-0.012150808107908029,0.012150808107908029,True,True,-0.01215080810790814,0.014262666506460908,2026-04-07,2026-04-01,6.0,3.0,2026-04-07,0.0,,
transfer,0,479,2026-04-07,2026-04-14,6,2000,2005,0.07705126107803562,0.07705126107803562,True,True,0.0,0.07705126107803584,2026-04-07,2026-04-15,1.0,7.0,,,,
transfer,1,480,2026-04-15,2026-04-15,1,2006,2006,-0.009411601570585626,-0.009411601570585626,True,True,-0.009411601570585626,0.0,2026-04-16,2026-04-15,2.0,1.0,2026-04-15,0.009411601570585626,,
transfer,0,481,2026-04-16,2026-04-16,1,2007,2007,0.010813155565109867,0.010813155565109867,True,True,0.0,0.010813155565109867,2026-04-16,2026-04-17,1.0,2.0,,,,
transfer,-1,482,2026-04-17,2026-04-17,1,2008,2008,0.008361139259482453,-0.008361139259482453,True,True,0.0,0.008361139259482453,2026-04-17,2026-04-20,1.0,2.0,2026-04-17,0.008361139259482453,,
transfer,0,483,2026-04-20,2026-04-21,2,2009,2010,0.00039732067192810305,0.00039732067192810305,True,True,0.0,0.00483911868987752,2026-04-20,2026-04-21,1.0,2.0,,,,
transfer,1,484,2026-04-22,2026-05-18,16,2011,2026,0.0361380895700123,0.0361380895700123,True,True,-0.008447557264798622,0.08825959617406975,2026-04-29,2026-05-14,6.0,14.0,2026-05-14,0.05137239566014784,2026-05-15,2026-05-15
transfer,-1,485,2026-05-19,2026-05-19,1,2027,2027,0.006714976991911037,-0.006714976991911037,True,True,0.0,0.006714976991911037,2026-05-19,2026-05-20,1.0,2.0,2026-05-19,0.006714976991911037,,
transfer,0,486,2026-05-20,2026-05-22,3,2028,2030,0.005804884516545705,0.005804884516545705,True,True,-0.012560278960744187,0.014191214485460346,2026-05-22,2026-05-21,3.0,2.0,,,,
transfer,1,487,2026-05-25,2026-05-25,1,2031,2031,0.0039655747831721655,0.0039655747831721655,True,True,0.0,0.0039655747831721655,2026-05-25,2026-05-26,1.0,2.0,2026-05-26,-0.0,,
transfer,0,488,2026-05-26,2026-05-29,4,2032,2035,-0.035422212767032835,-0.035422212767032835,True,True,-0.035422212767032835,0.0,2026-06-01,2026-05-26,5.0,1.0,,,,
transfer,-1,489,2026-06-01,2026-06-01,1,2036,2036,-0.008094013095624408,0.008094013095624408,True,True,-0.008094013095624408,0.0,2026-06-02,2026-06-01,2.0,1.0,2026-06-02,0.0,,
transfer,0,490,2026-06-02,2026-06-05,4,2037,2040,-0.03765280325454379,-0.03765280325454379,True,True,-0.03765280325454379,0.0032335231361375616,2026-06-08,2026-06-05,5.0,4.0,,,,
transfer,-1,491,2026-06-08,2026-06-12,5,2041,2045,0.024614722888673723,-0.024614722888673723,True,True,0.0,0.026389206367716023,2026-06-08,2026-06-12,1.0,5.0,2026-06-08,0.026389206367716023,2026-06-12,
transfer,0,492,2026-06-15,2026-06-17,3,2046,2048,0.0508188063824373,0.0508188063824373,True,True,0.0,0.05081880638243752,2026-06-15,2026-06-18,1.0,4.0,,,,
transfer,1,493,2026-06-18,2026-06-18,1,2049,2049,0.013871755780604511,0.013871755780604511,True,True,0.0,0.013871755780604511,2026-06-18,2026-06-22,1.0,2.0,2026-06-22,-0.0,,
transfer,0,494,2026-06-22,2026-06-24,3,2050,2052,0.015521264654985378,0.015521264654985378,True,True,-0.008152771450196106,0.015521264654985378,2026-06-24,2026-06-25,3.0,4.0,,,,
transfer,1,495,2026-06-25,2026-07-07,9,2053,2061,-0.03457758295251845,-0.03457758295251845,True,True,-0.03457758295251856,0.023425374475019245,2026-07-08,2026-07-01,10.0,5.0,2026-07-01,0.05667531690553529,2026-07-02,2026-07-03
transfer,0,496,2026-07-08,2026-07-10,3,2062,2064,-0.015209259193872948,-0.015209259193872948,True,True,-0.015209259193872948,0.015616273327996755,2026-07-13,2026-07-10,4.0,3.0,,,,
transfer,-1,497,2026-07-13,2026-07-22,8,2065,2072,-0.078282801075791,0.078282801075791,True,True,-0.11555172195065677,0.0,2026-07-21,2026-07-13,7.0,1.0,2026-07-21,0.04213804447340053,2026-07-22,2026-07-22
transfer,0,498,2026-07-23,2026-07-24,2,2073,2074,-0.030764165916673858,-0.030764165916673858,True,True,-0.030764165916673858,0.0,2026-07-27,2026-07-23,3.0,1.0,,,,
transfer,-1,499,2026-07-27,2026-08-03,6,2075,2080,-0.006033262110677895,0.006033262110677895,True,True,-0.008998664555243008,0.010297103845698707,2026-07-29,2026-07-28,3.0,2.0,2026-07-29,0.012498089270876589,,
transfer,0,500,2026-08-04,2026-08-10,5,2081,2085,0.06859398158527652,0.06859398158527652,True,True,0.0,0.07189438847930796,2026-08-04,2026-08-10,1.0,5.0,,,,
transfer,-1,501,2026-08-11,2026-08-11,1,2086,2086,-0.00015475088216021504,0.00015475088216021504,True,True,-0.00015475088216021504,0.0,2026-08-12,2026-08-11,2.0,1.0,2026-08-12,0.0,,
transfer,0,502,2026-08-12,2026-08-17,4,2087,2090,,,False,False,,,,,,,,,,
combined,0,0,2018-01-03,2018-01-15,9,0,8,-0.013671940857649112,-0.013671940857649112,True,True,-0.013671940857649112,0.017647811615924436,2018-01-16,2018-01-10,10.0,6.0,,,,
combined,-1,1,2018-01-16,2018-01-23,6,9,14,0.01731661338000845,-0.01731661338000845,True,True,0.0,0.01731661338000845,2018-01-16,2018-01-24,1.0,7.0,2018-01-16,0.01731661338000845,,
combined,0,2,2018-01-24,2018-02-01,7,15,21,-0.06542713824264379,-0.06542713824264379,True,True,-0.0654271382426439,0.005273072430619141,2018-02-02,2018-01-25,8.0,2.0,,,,
combined,-1,3,2018-02-02,2018-02-02,1,22,22,-0.0016644885211410942,0.0016644885211410942,True,True,-0.0016644885211410942,0.0,2018-02-05,2018-02-02,2.0,1.0,2018-02-05,0.0,,
combined,0,4,2018-02-05,2018-02-08,4,23,26,-0.04989702056098411,-0.04989702056098411,True,True,-0.04989702056098422,0.0,2018-02-09,2018-02-05,5.0,1.0,,,,
combined,-1,5,2018-02-09,2018-02-09,1,27,27,-0.008922115448860679,0.008922115448860679,True,True,-0.008922115448860679,0.0,2018-02-12,2018-02-09,2.0,1.0,2018-02-12,0.0,,
combined,0,6,2018-02-12,2018-02-22,4,28,31,0.053031155516767514,0.053031155516767514,True,True,0.0,0.053031155516767736,2018-02-12,2018-02-23,1.0,5.0,,,,
combined,1,7,2018-02-23,2018-02-23,1,32,32,0.008286365116762395,0.008286365116762395,True,True,0.0,0.008286365116762395,2018-02-23,2018-02-26,1.0,2.0,2018-02-26,-0.0,,
combined,0,8,2018-02-26,2018-03-05,6,33,38,0.0254703142240591,0.0254703142240591,True,True,0.0,0.0254703142240591,2018-02-26,2018-03-06,1.0,7.0,,,,
combined,-1,9,2018-03-06,2018-03-06,1,39,39,0.009309637727091369,-0.009309637727091369,True,True,0.0,0.009309637727091369,2018-03-06,2018-03-07,1.0,2.0,2018-03-06,0.009309637727091369,,
combined,0,10,2018-03-07,2018-03-07,1,40,40,-0.00982654446606146,-0.00982654446606146,True,True,-0.00982654446606146,0.0,2018-03-08,2018-03-07,2.0,1.0,,,,
combined,1,11,2018-03-08,2018-03-13,4,41,44,0.026437157151345314,0.026437157151345314,True,True,0.0,0.03492628972078693,2018-03-08,2018-03-13,1.0,4.0,2018-03-13,0.008202644626731814,,
combined,0,12,2018-03-14,2018-03-14,1,45,45,-0.009847035448641073,-0.009847035448641073,True,True,-0.009847035448641073,0.0,2018-03-15,2018-03-14,2.0,1.0,,,,
combined,1,13,2018-03-15,2018-03-16,2,46,47,-0.004913935258137436,-0.004913935258137436,True,True,-0.004913935258137436,0.0013815329799689025,2018-03-19,2018-03-16,3.0,2.0,2018-03-16,0.006286782840274618,,
combined,0,14,2018-03-19,2018-03-21,3,48,50,-0.0020304044594074977,-0.0020304044594074977,True,True,-0.00535854991111151,0.00644507465991162,2018-03-20,2018-03-21,2.0,3.0,,,,
combined,-1,15,2018-03-22,2018-03-22,1,51,51,-0.035347177204903546,0.035347177204903546,True,True,-0.035347177204903546,0.0,2018-03-23,2018-03-22,2.0,1.0,2018-03-23,0.0,,
combined,0,16,2018-03-23,2018-03-29,5,52,56,0.023473491410977765,0.023473491410977765,True,True,-0.03348616050179054,0.023473491410977987,2018-03-26,2018-03-30,2.0,6.0,,,,
combined,-1,17,2018-03-30,2018-03-30,1,57,57,0.01240177148194821,-0.01240177148194821,True,True,0.0,0.01240177148194821,2018-03-30,2018-04-02,1.0,2.0,2018-03-30,0.01240177148194821,,
combined,0,18,2018-04-02,2018-04-16,9,58,66,-0.016757824175589797,-0.016757824175589797,True,True,-0.021687814275199613,0.0,2018-04-09,2018-04-02,4.0,1.0,,,,
combined,-1,19,2018-04-17,2018-04-17,1,67,67,-0.016385328288932466,0.016385328288932466,True,True,-0.016385328288932466,0.0,2018-04-18,2018-04-17,2.0,1.0,2018-04-18,0.0,,
combined,0,20,2018-04-18,2018-04-25,6,68,73,0.004278195158830211,0.004278195158830211,True,True,-0.016940653139470574,0.00982535809269236,2018-04-24,2018-04-20,5.0,3.0,,,,
combined,-1,21,2018-04-26,2018-04-26,1,74,74,-0.014408878329062125,0.014408878329062125,True,True,-0.014408878329062125,0.0,2018-04-27,2018-04-26,2.0,1.0,2018-04-27,0.0,,
combined,0,22,2018-04-27,2018-05-11,9,75,83,0.01995229038071278,0.01995229038071278,True,True,-0.0038107273724763413,0.03060995284941792,2018-05-03,2018-05-11,3.0,9.0,,,,
combined,1,23,2018-05-14,2018-05-14,1,84,84,-0.0017232177426889095,-0.0017232177426889095,True,True,-0.0017232177426889095,0.0,2018-05-15,2018-05-14,2.0,1.0,2018-05-14,0.0017232177426889095,,
combined,0,24,2018-05-15,2018-05-15,1,85,85,0.005122382987011509,0.005122382987011509,True,True,0.0,0.005122382987011509,2018-05-15,2018-05-16,1.0,2.0,,,,
combined,-1,25,2018-05-16,2018-05-16,1,86,86,-0.0003352461499542825,0.0003352461499542825,True,True,-0.0003352461499542825,0.0,2018-05-17,2018-05-16,2.0,1.0,2018-05-17,0.0,,
combined,0,26,2018-05-17,2018-05-30,10,87,96,-0.046293215349684,-0.046293215349684,True,True,-0.046293215349684,0.013329153627374524,2018-05-31,2018-05-23,11.0,5.0,,,,
combined,-1,27,2018-05-31,2018-05-31,1,97,97,0.0012179388330926244,-0.0012179388330926244,True,True,0.0,0.0012179388330926244,2018-05-31,2018-06-01,1.0,2.0,2018-05-31,0.0012179388330926244,,
combined,0,28,2018-06-01,2018-06-05,3,98,100,0.007119945195722455,0.007119945195722455,True,True,-0.008499598519538965,0.007119945195722455,2018-06-05,2018-06-06,3.0,4.0,,,,
combined,1,29,2018-06-06,2018-06-06,1,101,101,0.0027285529847049794,0.0027285529847049794,True,True,0.0,0.0027285529847049794,2018-06-06,2018-06-07,1.0,2.0,2018-06-07,-0.0,,
combined,0,30,2018-06-07,2018-06-08,2,102,103,-0.02226081192541185,-0.02226081192541185,True,True,-0.02226081192541196,0.0,2018-06-11,2018-06-07,3.0,1.0,,,,
combined,-1,31,2018-06-11,2018-06-11,1,104,104,-0.003411470149932261,0.003411470149932261,True,True,-0.003411470149932261,0.0,2018-06-12,2018-06-11,2.0,1.0,2018-06-12,0.0,,
combined,0,32,2018-06-12,2018-06-15,4,105,108,-0.04286064008217705,-0.04286064008217705,True,True,-0.04286064008217727,0.0071760914220990735,2018-06-19,2018-06-13,5.0,2.0,,,,
combined,-1,33,2018-06-19,2018-06-19,1,109,109,-0.05236981882599134,0.05236981882599134,True,True,-0.05236981882599134,0.0,2018-06-20,2018-06-19,2.0,1.0,2018-06-20,0.0,,
combined,0,34,2018-06-20,2018-06-29,8,110,117,0.020099856839807417,0.020099856839807417,True,True,-0.012050168424848628,0.020099856839807417,2018-06-22,2018-07-02,3.0,9.0,,,,
combined,1,35,2018-07-02,2018-07-02,1,118,118,-0.015010102258579794,-0.015010102258579794,True,True,-0.015010102258579794,0.0,2018-07-03,2018-07-02,2.0,1.0,2018-07-02,0.015010102258579794,,
combined,0,36,2018-07-03,2018-07-17,11,119,129,0.011743045608002989,0.011743045608002989,True,True,-0.030468667246194903,0.012256439694040333,2018-07-06,2018-07-16,4.0,10.0,,,,
combined,1,37,2018-07-18,2018-07-18,1,130,130,-0.008754368889404618,-0.008754368889404618,True,True,-0.008754368889404618,0.0,2018-07-19,2018-07-18,2.0,1.0,2018-07-18,0.008754368889404618,,
combined,0,38,2018-07-19,2018-07-26,6,131,136,0.02267538397977442,0.02267538397977442,True,True,-0.009260820802763359,0.030007217209360393,2018-07-20,2018-07-25,2.0,5.0,,,,
combined,1,39,2018-07-27,2018-08-02,5,137,141,-0.05452088567567148,-0.05452088567567148,True,True,-0.05452088567567148,0.0,2018-08-03,2018-07-27,6.0,1.0,2018-07-27,0.05452088567567148,2018-08-02,2018-08-02
combined,-1,40,2018-08-03,2018-08-03,1,142,142,-0.012722024590529069,0.012722024590529069,True,True,-0.012722024590529069,0.0,2018-08-06,2018-08-03,2.0,1.0,2018-08-06,0.0,,
combined,0,41,2018-08-06,2018-08-07,2,143,144,0.004325194331173732,0.004325194331173732,True,True,-0.016909884060407387,0.00432519433117351,2018-08-07,2018-08-08,2.0,3.0,,,,
combined,1,42,2018-08-08,2018-08-08,1,145,145,-0.015913481502806692,-0.015913481502806692,True,True,-0.015913481502806692,0.0,2018-08-09,2018-08-08,2.0,1.0,2018-08-08,0.015913481502806692,,
combined,0,43,2018-08-09,2018-08-10,2,146,147,0.024513639972306045,0.024513639972306045,True,True,0.0,0.028360802946957087,2018-08-09,2018-08-10,1.0,2.0,,,,
combined,-1,44,2018-08-13,2018-08-13,1,148,148,0.012556171092320323,-0.012556171092320323,True,True,0.0,0.012556171092320323,2018-08-13,2018-08-14,1.0,2.0,2018-08-13,0.012556171092320323,,
combined,0,45,2018-08-14,2018-08-21,6,149,154,-0.033085099000969787,-0.033085099000969787,True,True,-0.04949618250992782,0.0,2018-08-20,2018-08-14,5.0,1.0,,,,
combined,-1,46,2018-08-22,2018-08-22,1,155,155,-0.009228088081137398,0.009228088081137398,True,True,-0.009228088081137398,0.0,2018-08-23,2018-08-22,2.0,1.0,2018-08-23,0.0,,
combined,0,47,2018-08-23,2018-08-23,1,156,156,0.004523586255640311,0.004523586255640311,True,True,0.0,0.004523586255640311,2018-08-23,2018-08-24,1.0,2.0,,,,
combined,-1,48,2018-08-24,2018-08-30,5,157,161,0.00022662353045732608,-0.00022662353045732608,True,True,0.0,0.024355848882402942,2018-08-24,2018-08-29,1.0,4.0,2018-08-24,0.024355848882402942,2018-08-28,
combined,0,49,2018-08-31,2018-09-04,3,162,164,0.004562175104499744,0.004562175104499744,True,True,-0.009595496766619194,0.004562175104499744,2018-09-03,2018-09-05,2.0,4.0,,,,
combined,1,50,2018-09-05,2018-09-05,1,165,165,-0.015619708384513542,-0.015619708384513542,True,True,-0.015619708384513542,0.0,2018-09-06,2018-09-05,2.0,1.0,2018-09-05,0.015619708384513542,,
combined,0,51,2018-09-06,2018-10-11,20,166,185,-0.11114074654207984,-0.11114074654207984,True,True,-0.11114074654207995,0.0024390040689989956,2018-10-12,2018-09-27,21.0,15.0,,,,
combined,-1,52,2018-10-12,2018-10-18,5,186,190,-0.07238902406888748,0.07238902406888748,True,True,-0.07238902406888759,0.0037494415452381524,2018-10-19,2018-10-15,6.0,2.0,2018-10-19,0.0,,
combined,0,53,2018-10-19,2018-10-24,4,191,194,0.04186986720899388,0.04186986720899388,True,True,0.0,0.09549209944973858,2018-10-19,2018-10-23,1.0,3.0,,,,
combined,1,54,2018-10-25,2018-10-25,1,195,195,0.03315195286807415,0.03315195286807415,True,True,0.0,0.03315195286807415,2018-10-25,2018-10-26,1.0,2.0,2018-10-26,-0.0,,
combined,0,55,2018-10-26,2018-11-19,17,196,212,0.08641724014742258,0.08641724014742258,True,True,-0.027110076152273788,0.09377451794219938,2018-10-30,2018-11-19,3.0,17.0,,,,
combined,1,56,2018-11-20,2018-11-26,5,213,217,-0.05094622283258943,-0.05094622283258943,True,True,-0.05566979237529124,0.0,2018-11-26,2018-11-20,5.0,1.0,2018-11-20,0.05566979237529124,2018-11-21,2018-11-21
combined,0,57,2018-11-27,2018-11-27,1,218,218,-0.0007870184206831832,-0.0007870184206831832,True,True,-0.0007870184206831832,0.0,2018-11-28,2018-11-27,2.0,1.0,,,,
combined,1,58,2018-11-28,2018-11-28,1,219,219,0.01662029359573247,0.01662029359573247,True,True,0.0,0.01662029359573247,2018-11-28,2018-11-29,1.0,2.0,2018-11-29,-0.0,,
combined,0,59,2018-11-29,2018-11-29,1,220,220,-0.028850097780705575,-0.028850097780705575,True,True,-0.028850097780705575,0.0,2018-11-30,2018-11-29,2.0,1.0,,,,
combined,-1,60,2018-11-30,2018-11-30,1,221,221,0.0345227276948612,-0.0345227276948612,True,True,0.0,0.0345227276948612,2018-11-30,2018-12-03,1.0,2.0,2018-11-30,0.0345227276948612,2018-12-03,2018-12-03
combined,0,61,2018-12-03,2018-12-24,16,222,237,-0.05578478527179376,-0.05578478527179376,True,True,-0.05716517435274027,0.0050367741699790525,2018-12-24,2018-12-04,16.0,2.0,,,,
combined,-1,62,2018-12-25,2018-12-25,1,238,238,-0.003515117077345531,0.003515117077345531,True,True,-0.003515117077345531,0.0,2018-12-26,2018-12-25,2.0,1.0,2018-12-26,0.0,,
combined,0,63,2018-12-26,2018-12-26,1,239,239,0.010589305831531615,0.010589305831531615,True,True,0.0,0.010589305831531615,2018-12-26,2018-12-27,1.0,2.0,,,,
combined,-1,64,2018-12-27,2019-01-04,5,240,244,-0.006637973163963418,0.006637973163963418,True,True,-0.04402957356501114,0.0,2019-01-04,2018-12-27,5.0,1.0,2019-01-04,0.03911376269294076,2019-01-07,2019-01-07
combined,1,65,2019-01-07,2019-01-07,1,245,245,0.010211392369734229,0.010211392369734229,True,True,0.0,0.010211392369734229,2019-01-07,2019-01-08,1.0,2.0,2019-01-08,-0.0,,
combined,0,66,2019-01-08,2019-01-14,5,246,250,0.0010999980786667862,0.0010999980786667862,True,True,0.0,0.00917277461163013,2019-01-08,2019-01-14,1.0,5.0,,,,
combined,1,67,2019-01-15,2019-01-25,9,251,259,0.013660071712113808,0.013660071712113808,True,True,0.0,0.02051617582806653,2019-01-15,2019-01-22,1.0,6.0,2019-01-22,0.016454165233690476,,
combined,0,68,2019-01-28,2019-01-29,2,260,261,-0.02446568946962524,-0.02446568946962524,True,True,-0.02446568946962524,0.0,2019-01-30,2019-01-28,3.0,1.0,,,,
combined,-1,69,2019-01-30,2019-01-30,1,262,262,-0.007389697943080087,0.007389697943080087,True,True,-0.007389697943080087,0.0,2019-01-31,2019-01-30,2.0,1.0,2019-01-31,0.0,,
combined,0,70,2019-01-31,2019-02-11,3,263,265,0.04625750586849042,0.04625750586849042,True,True,-0.0035365082379609225,0.0462575058684902,2019-02-01,2019-02-12,2.0,4.0,,,,
combined,1,71,2019-02-12,2019-03-11,20,266,285,0.25065535126784755,0.25065535126784755,True,True,0.0,0.25065535126784777,2019-02-12,2019-03-12,1.0,21.0,2019-03-12,-0.0,,
combined,-1,72,2019-03-12,2019-03-12,1,286,286,0.01022002455982074,-0.01022002455982074,True,True,0.0,0.01022002455982074,2019-03-12,2019-03-13,1.0,2.0,2019-03-12,0.01022002455982074,,
combined,0,73,2019-03-13,2019-03-27,11,287,297,-0.022351686535464155,-0.022351686535464155,True,True,-0.04109064356592784,0.006097921749752766,2019-03-15,2019-03-22,3.0,8.0,,,,
combined,-1,74,2019-03-28,2019-03-28,1,298,298,-0.011508107262217626,0.011508107262217626,True,True,-0.011508107262217626,0.0,2019-03-29,2019-03-28,2.0,1.0,2019-03-29,0.0,,
combined,0,75,2019-03-29,2019-03-29,1,299,299,0.04119680824272076,0.04119680824272076,True,True,0.0,0.04119680824272076,2019-03-29,2019-04-01,1.0,2.0,,,,
combined,1,76,2019-04-01,2019-04-01,1,300,300,0.036325977390884834,0.036325977390884834,True,True,0.0,0.036325977390884834,2019-04-01,2019-04-02,1.0,2.0,2019-04-02,-0.0,,
combined,0,77,2019-04-02,2019-04-08,4,301,304,0.006816850135564989,0.006816850135564989,True,True,-0.008726169403476813,0.02181662286235908,2019-04-03,2019-04-08,2.0,4.0,,,,
combined,-1,78,2019-04-09,2019-04-09,1,305,305,-0.0014164876960177653,0.0014164876960177653,True,True,-0.0014164876960177653,0.0,2019-04-10,2019-04-09,2.0,1.0,2019-04-10,0.0,,
combined,0,79,2019-04-10,2019-04-24,11,306,316,-0.02986945234605698,-0.02986945234605698,True,True,-0.034483832872830855,0.0045674703328639765,2019-04-16,2019-04-11,5.0,2.0,,,,
combined,-1,80,2019-04-25,2019-04-25,1,317,317,-0.03969967757993731,0.03969967757993731,True,True,-0.03969967757993731,0.0,2019-04-26,2019-04-25,2.0,1.0,2019-04-26,0.0,,
combined,0,81,2019-04-26,2019-04-26,1,318,318,-0.004137852026120936,-0.004137852026120936,True,True,-0.004137852026120936,0.0,2019-04-29,2019-04-26,2.0,1.0,,,,
combined,-1,82,2019-04-29,2019-05-07,4,319,322,-0.09978907023377881,0.09978907023377881,True,True,-0.09978907023377881,0.0,2019-05-08,2019-04-29,5.0,1.0,2019-05-08,0.0,,
combined,0,83,2019-05-08,2019-05-13,4,323,326,0.015743781510570765,0.015743781510570765,True,True,0.0,0.029530058832405226,2019-05-08,2019-05-13,1.0,4.0,,,,
combined,1,84,2019-05-14,2019-05-14,1,327,327,0.012182639355500902,0.012182639355500902,True,True,0.0,0.012182639355500902,2019-05-14,2019-05-15,1.0,2.0,2019-05-15,-0.0,,
combined,0,85,2019-05-15,2019-05-17,3,328,330,-0.013078865649419291,-0.013078865649419291,True,True,-0.013078865649419291,0.021915781439554527,2019-05-20,2019-05-17,4.0,3.0,,,,
combined,-1,86,2019-05-20,2019-05-20,1,331,331,-0.004017336466811017,0.004017336466811017,True,True,-0.004017336466811017,0.0,2019-05-21,2019-05-20,2.0,1.0,2019-05-21,0.0,,
combined,0,87,2019-05-21,2019-06-03,10,332,341,-0.014170052506410347,-0.014170052506410347,True,True,-0.01417005250641079,0.017248707350539627,2019-06-04,2019-05-22,11.0,2.0,,,,
combined,-1,88,2019-06-04,2019-06-04,1,342,342,-0.002015073901376896,0.002015073901376896,True,True,-0.002015073901376896,0.0,2019-06-05,2019-06-04,2.0,1.0,2019-06-05,0.0,,
combined,0,89,2019-06-05,2019-06-05,1,343,343,-0.01269258634178716,-0.01269258634178716,True,True,-0.01269258634178716,0.0,2019-06-06,2019-06-05,2.0,1.0,,,,
combined,1,90,2019-06-06,2019-06-06,1,344,344,-0.017319476629866437,-0.017319476629866437,True,True,-0.017319476629866437,0.0,2019-06-10,2019-06-06,2.0,1.0,2019-06-06,0.017319476629866437,,
combined,0,91,2019-06-10,2019-06-17,6,345,350,0.023550079740919383,0.023550079740919383,True,True,0.0,0.04167174343878832,2019-06-10,2019-06-12,1.0,3.0,,,,
combined,-1,92,2019-06-18,2019-06-18,1,351,351,0.020535346051740344,-0.020535346051740344,True,True,0.0,0.020535346051740344,2019-06-18,2019-06-19,1.0,2.0,2019-06-18,0.020535346051740344,2019-06-19,
combined,0,93,2019-06-19,2019-06-19,1,352,352,-0.010147136021796288,-0.010147136021796288,True,True,-0.010147136021796288,0.0,2019-06-20,2019-06-19,2.0,1.0,,,,
combined,1,94,2019-06-20,2019-06-20,1,353,353,0.024803486715840428,0.024803486715840428,True,True,0.0,0.024803486715840428,2019-06-20,2019-06-21,1.0,2.0,2019-06-21,-0.0,,
combined,0,95,2019-06-21,2019-07-05,11,354,364,0.011068393659600106,0.011068393659600106,True,True,-0.005993704380620524,0.02397797419901493,2019-06-26,2019-07-02,4.0,8.0,,,,
combined,-1,96,2019-07-08,2019-07-08,1,365,365,-0.03184957810319444,0.03184957810319444,True,True,-0.03184957810319444,0.0,2019-07-09,2019-07-08,2.0,1.0,2019-07-09,0.0,,
combined,0,97,2019-07-09,2019-07-23,11,366,376,-0.00630753983536958,-0.00630753983536958,True,True,-0.01857298229938542,0.012770241194624443,2019-07-23,2019-07-17,11.0,7.0,,,,
combined,-1,98,2019-07-24,2019-07-24,1,377,377,0.0073189346927815535,-0.0073189346927815535,True,True,0.0,0.0073189346927815535,2019-07-24,2019-07-25,1.0,2.0,2019-07-24,0.0073189346927815535,,
combined,0,99,2019-07-25,2019-08-02,7,378,384,-0.015854902129293857,-0.015854902129293857,True,True,-0.020467973420691732,0.008386689726790353,2019-08-02,2019-07-31,7.0,5.0,,,,
combined,-1,100,2019-08-05,2019-08-05,1,385,385,-0.027121044064521205,0.027121044064521205,True,True,-0.027121044064521205,0.0,2019-08-06,2019-08-05,2.0,1.0,2019-08-06,0.0,,
combined,0,101,2019-08-06,2019-08-20,11,386,396,0.042838370553780925,0.042838370553780925,True,True,-0.017305778397392224,0.04561538367236051,2019-08-15,2019-08-20,8.0,11.0,,,,
combined,1,102,2019-08-21,2019-09-12,17,397,413,0.08171113677913144,0.08171113677913144,True,True,-0.013612442843474626,0.08192218479437363,2019-08-26,2019-09-10,4.0,15.0,2019-09-10,0.006464871221160351,,
combined,-1,103,2019-09-16,2019-09-16,1,414,414,-0.004890752299217871,0.004890752299217871,True,True,-0.004890752299217871,0.0,2019-09-17,2019-09-16,2.0,1.0,2019-09-17,0.0,,
combined,0,104,2019-09-17,2019-09-27,9,415,423,-0.04361205120125433,-0.04361205120125433,True,True,-0.05031481076147071,0.0,2019-09-27,2019-09-17,9.0,1.0,,,,
combined,-1,105,2019-09-30,2019-09-30,1,424,424,-0.01079237477662065,0.01079237477662065,True,True,-0.01079237477662065,0.0,2019-10-08,2019-09-30,2.0,1.0,2019-10-08,0.0,,
combined,0,106,2019-10-08,2019-11-07,23,425,447,0.016463635890293427,0.016463635890293427,True,True,-0.009370246038508334,0.03232437511579023,2019-11-01,2019-10-15,19.0,6.0,,,,
combined,-1,107,2019-11-08,2019-11-08,1,448,448,-0.01498261763567521,0.01498261763567521,True,True,-0.01498261763567521,0.0,2019-11-11,2019-11-08,2.0,1.0,2019-11-11,0.0,,
combined,0,108,2019-11-11,2019-11-20,8,449,456,-0.006317632026627162,-0.006317632026627162,True,True,-0.019937538023858448,0.002935140032713335,2019-11-18,2019-11-20,6.0,8.0,,,,
combined,-1,109,2019-11-21,2019-11-21,1,457,457,0.00496138696921733,-0.00496138696921733,True,True,0.0,0.00496138696921733,2019-11-21,2019-11-22,1.0,2.0,2019-11-21,0.00496138696921733,,
combined,0,110,2019-11-22,2019-12-06,11,458,468,0.01330385004959922,0.01330385004959922,True,True,-0.014716115272717434,0.01330385004959922,2019-11-27,2019-12-09,4.0,12.0,,,,
combined,1,111,2019-12-09,2020-01-10,24,469,492,0.09124981654196329,0.09124981654196329,True,True,-0.001543756554491571,0.09789454314128276,2019-12-10,2020-01-10,2.0,24.0,2020-01-10,0.006052244854326427,,
combined,0,112,2020-01-13,2020-02-14,19,493,511,-0.004354130071250517,-0.004354130071250517,True,True,-0.1354783501988266,0.018745596616653648,2020-02-04,2020-01-21,11.0,7.0,,,,
combined,-1,113,2020-02-17,2020-02-17,1,512,512,0.02811963547059615,-0.02811963547059615,True,True,0.0,0.02811963547059615,2020-02-17,2020-02-18,1.0,2.0,2020-02-17,0.02811963547059615,2020-02-18,
combined,1,114,2020-02-18,2020-02-24,5,513,517,0.024568621348529662,0.024568621348529662,True,True,0.0,0.03151569888734884,2020-02-18,2020-02-24,1.0,5.0,2020-02-24,0.006734824827496766,,
combined,0,115,2020-02-25,2020-02-27,3,518,520,-0.03258156608768037,-0.03258156608768037,True,True,-0.03258156608768048,0.013650648833710921,2020-02-28,2020-02-26,4.0,2.0,,,,
combined,1,116,2020-02-28,2020-02-28,1,521,521,-0.007552007894047641,-0.007552007894047641,True,True,-0.007552007894047641,0.0,2020-03-02,2020-02-28,2.0,1.0,2020-02-28,0.007552007894047641,,
combined,0,117,2020-03-02,2020-03-02,1,522,522,0.043570284639803614,0.043570284639803614,True,True,0.0,0.043570284639803614,2020-03-02,2020-03-03,1.0,2.0,,,,
combined,1,118,2020-03-03,2020-03-03,1,523,523,-0.014989547823462845,-0.014989547823462845,True,True,-0.014989547823462845,0.0,2020-03-04,2020-03-03,2.0,1.0,2020-03-03,0.014989547823462845,,
combined,0,119,2020-03-04,2020-03-04,1,524,524,0.02199987771800771,0.02199987771800771,True,True,0.0,0.02199987771800771,2020-03-04,2020-03-05,1.0,2.0,,,,
combined,-1,120,2020-03-05,2020-03-05,1,525,525,-0.010034804365644301,0.010034804365644301,True,True,-0.010034804365644301,0.0,2020-03-06,2020-03-05,2.0,1.0,2020-03-06,0.0,,
combined,0,121,2020-03-06,2020-03-13,6,526,531,-0.041869058557467365,-0.041869058557467365,True,True,-0.08917220800112835,0.0,2020-03-13,2020-03-06,6.0,1.0,,,,
combined,-1,122,2020-03-16,2020-03-19,4,532,535,-0.050828932510734726,0.050828932510734726,True,True,-0.06857429720702024,0.0,2020-03-19,2020-03-16,4.0,1.0,2020-03-19,0.019051830589465357,,
combined,0,123,2020-03-20,2020-03-25,4,536,539,-0.007095809324333957,-0.007095809324333957,True,True,-0.02647502016295966,0.0,2020-03-23,2020-03-20,2.0,1.0,,,,
combined,1,124,2020-03-26,2020-03-26,1,540,540,0.008181774082588689,0.008181774082588689,True,True,0.0,0.008181774082588689,2020-03-26,2020-03-27,1.0,2.0,2020-03-27,-0.0,,
combined,0,125,2020-03-27,2020-03-31,3,541,543,-0.03700419489270912,-0.03700419489270912,True,True,-0.03700419489270901,0.0,2020-04-01,2020-03-27,4.0,1.0,,,,
combined,-1,126,2020-04-01,2020-04-01,1,544,544,-0.006155141627327998,0.006155141627327998,True,True,-0.006155141627327998,0.0,2020-04-02,2020-04-01,2.0,1.0,2020-04-02,0.0,,
combined,0,127,2020-04-02,2020-04-23,15,545,559,0.070402688066735,0.070402688066735,True,True,0.0,0.08082659276422333,2020-04-02,2020-04-23,1.0,15.0,,,,
combined,-1,128,2020-04-24,2020-04-24,1,560,560,-0.013375073399097936,0.013375073399097936,True,True,-0.013375073399097936,0.0,2020-04-27,2020-04-24,2.0,1.0,2020-04-27,0.0,,
combined,0,129,2020-04-27,2020-05-07,6,561,566,0.03710854146844711,0.03710854146844711,True,True,-0.014258136711178593,0.03710854146844733,2020-04-29,2020-05-08,3.0,7.0,,,,
combined,1,130,2020-05-08,2020-05-21,10,567,576,-0.009707200744842548,-0.009707200744842548,True,True,-0.00970720074484277,0.01281677008122517,2020-05-22,2020-05-20,11.0,9.0,2020-05-20,0.022238939452257966,2020-05-22,
combined,0,131,2020-05-22,2020-06-04,10,577,586,0.0301437095278958,0.0301437095278958,True,True,-0.018031630578603908,0.032024973144172186,2020-05-25,2020-06-02,2.0,8.0,,,,
combined,-1,132,2020-06-05,2020-06-05,1,587,587,0.0059472073777233625,-0.0059472073777233625,True,True,0.0,0.0059472073777233625,2020-06-05,2020-06-08,1.0,2.0,2020-06-05,0.0059472073777233625,,
combined,0,133,2020-06-08,2020-06-10,3,588,590,4.7309050358324e-05,4.7309050358324e-05,True,True,-0.006448714809065836,4.7309050358324e-05,2020-06-09,2020-06-11,2.0,4.0,,,,
combined,1,134,2020-06-11,2020-06-23,9,591,599,0.0337977985459863,0.0337977985459863,True,True,-0.024001639827110566,0.033797798545986524,2020-06-12,2020-06-24,2.0,10.0,2020-06-24,-0.0,,
combined,-1,135,2020-06-24,2020-06-24,1,600,600,-0.005867275948987505,0.005867275948987505,True,True,-0.005867275948987505,0.0,2020-06-29,2020-06-24,2.0,1.0,2020-06-29,0.0,,
combined,1,136,2020-06-29,2020-06-29,1,601,601,0.00270262570940627,0.00270262570940627,True,True,0.0,0.00270262570940627,2020-06-29,2020-06-30,1.0,2.0,2020-06-30,-0.0,,
combined,0,137,2020-06-30,2020-07-03,4,602,605,0.05283039410595891,0.05283039410595891,True,True,0.0,0.05283039410595891,2020-06-30,2020-07-06,1.0,5.0,,,,
combined,1,138,2020-07-06,2020-07-13,6,606,611,0.1314063432969934,0.1314063432969934,True,True,0.0,0.1314063432969932,2020-07-06,2020-07-14,1.0,7.0,2020-07-14,-0.0,,
combined,0,139,2020-07-14,2020-07-17,4,612,615,-0.06929435470482725,-0.06929435470482725,True,True,-0.08264123807739454,0.0,2020-07-17,2020-07-14,4.0,1.0,,,,
combined,-1,140,2020-07-20,2020-07-20,1,616,616,0.019860369398730038,-0.019860369398730038,True,True,0.0,0.019860369398730038,2020-07-20,2020-07-21,1.0,2.0,2020-07-20,0.019860369398730038,,
combined,0,141,2020-07-21,2020-08-10,15,617,631,0.02767923203943279,0.02767923203943279,True,True,-0.03696280246375916,0.035707457160780054,2020-07-27,2020-08-06,5.0,13.0,,,,
combined,-1,142,2020-08-11,2020-08-11,1,632,632,-0.02196320884491698,0.02196320884491698,True,True,-0.02196320884491698,0.0,2020-08-12,2020-08-11,2.0,1.0,2020-08-12,0.0,,
combined,0,143,2020-08-12,2020-08-17,4,633,636,0.025471117365884366,0.025471117365884366,True,True,-0.005684280703825539,0.025471117365884366,2020-08-14,2020-08-18,3.0,5.0,,,,
combined,1,144,2020-08-18,2020-08-18,1,637,637,0.0051851279577546094,0.0051851279577546094,True,True,0.0,0.0051851279577546094,2020-08-18,2020-08-19,1.0,2.0,2020-08-19,-0.0,,
combined,0,145,2020-08-19,2020-08-21,3,638,640,-0.016998955753368294,-0.016998955753368294,True,True,-0.023676460850939218,0.0,2020-08-20,2020-08-19,2.0,1.0,,,,
combined,-1,146,2020-08-24,2020-08-24,1,641,641,0.004623088511098272,-0.004623088511098272,True,True,0.0,0.004623088511098272,2020-08-24,2020-08-25,1.0,2.0,2020-08-24,0.004623088511098272,,
combined,0,147,2020-08-25,2020-09-02,7,642,648,0.0025357265940724183,0.0025357265940724183,True,True,-0.023884822838935338,0.004116334381368825,2020-08-27,2020-09-02,3.0,7.0,,,,
combined,1,148,2020-09-03,2020-09-03,1,649,649,-0.025199340912684498,-0.025199340912684498,True,True,-0.025199340912684498,0.0,2020-09-04,2020-09-03,2.0,1.0,2020-09-03,0.025199340912684498,2020-09-04,
combined,0,149,2020-09-04,2020-09-09,4,650,653,-0.02157436851959571,-0.02157436851959571,True,True,-0.02157436851959582,0.011306365156263043,2020-09-10,2020-09-07,5.0,2.0,,,,
combined,-1,150,2020-09-10,2020-09-17,6,654,659,-0.005757100848028829,0.005757100848028829,True,True,-0.030427276394770164,0.0,2020-09-11,2020-09-10,2.0,1.0,2020-09-11,0.027332607371900464,2020-09-14,
combined,0,151,2020-09-18,2020-09-18,1,660,660,0.019540932577213566,0.019540932577213566,True,True,0.0,0.019540932577213566,2020-09-18,2020-09-21,1.0,2.0,,,,
combined,1,152,2020-09-21,2020-09-21,1,661,661,-0.015433830704170592,-0.015433830704170592,True,True,-0.015433830704170592,0.0,2020-09-22,2020-09-21,2.0,1.0,2020-09-21,0.015433830704170592,,
combined,0,153,2020-09-22,2020-09-23,2,662,663,-0.005996691189411707,-0.005996691189411707,True,True,-0.005996691189411707,0.0,2020-09-24,2020-09-22,3.0,1.0,,,,
combined,-1,154,2020-09-24,2020-09-24,1,664,664,-0.012904807817310848,0.012904807817310848,True,True,-0.012904807817310848,0.0,2020-09-25,2020-09-24,2.0,1.0,2020-09-25,0.0,,
combined,0,155,2020-09-25,2020-10-15,9,665,673,0.029503432306592137,0.029503432306592137,True,True,-0.010317775363263504,0.044029013628966496,2020-09-29,2020-10-14,3.0,8.0,,,,
combined,1,156,2020-10-16,2020-10-16,1,674,674,0.0015222083908474904,0.0015222083908474904,True,True,0.0,0.0015222083908474904,2020-10-16,2020-10-19,1.0,2.0,2020-10-19,-0.0,,
combined,0,157,2020-10-19,2020-10-20,2,675,676,-0.006243189971307794,-0.006243189971307794,True,True,-0.01808104950912126,0.0,2020-10-20,2020-10-19,2.0,1.0,,,,
combined,-1,158,2020-10-21,2020-10-21,1,677,677,-0.014688367640317113,0.014688367640317113,True,True,-0.014688367640317113,0.0,2020-10-22,2020-10-21,2.0,1.0,2020-10-22,0.0,,
combined,0,159,2020-10-22,2020-10-26,3,678,680,-0.02279454746836207,-0.02279454746836207,True,True,-0.02279454746836196,0.0,2020-10-27,2020-10-22,4.0,1.0,,,,
combined,-1,160,2020-10-27,2020-11-02,5,681,685,-0.001990117742895592,0.001990117742895592,True,True,-0.010993453854369117,0.013810839840257216,2020-11-02,2020-10-30,5.0,4.0,2020-11-02,0.009103414074013383,,
combined,0,161,2020-11-03,2020-11-12,8,686,693,0.020938731086662,0.020938731086662,True,True,0.0,0.04198604236817016,2020-11-03,2020-11-10,1.0,6.0,,,,
combined,-1,162,2020-11-13,2020-11-13,1,694,694,0.002418113794469212,-0.002418113794469212,True,True,0.0,0.002418113794469212,2020-11-13,2020-11-16,1.0,2.0,2020-11-13,0.002418113794469212,,
combined,0,163,2020-11-16,2020-11-19,4,695,698,0.0055513832435383215,0.0055513832435383215,True,True,0.0,0.009662525027674507,2020-11-16,2020-11-17,1.0,2.0,,,,
combined,-1,164,2020-11-20,2020-11-20,1,699,699,0.012766973333631526,-0.012766973333631526,True,True,0.0,0.012766973333631526,2020-11-20,2020-11-23,1.0,2.0,2020-11-20,0.012766973333631526,,
combined,0,165,2020-11-23,2020-12-04,10,700,709,0.004672091336393347,0.004672091336393347,True,True,-0.019898371307891183,0.008287332778146972,2020-12-01,2020-11-25,7.0,3.0,,,,
combined,-1,166,2020-12-07,2020-12-07,1,710,710,-0.006469081081948769,0.006469081081948769,True,True,-0.006469081081948769,0.0,2020-12-08,2020-12-07,2.0,1.0,2020-12-08,0.0,,
combined,0,167,2020-12-08,2020-12-11,4,711,714,-0.03367489867039253,-0.03367489867039253,True,True,-0.03367489867039253,0.000983443918238125,2020-12-14,2020-12-09,5.0,2.0,,,,
combined,-1,168,2020-12-14,2020-12-14,1,715,715,0.006809259795619305,-0.006809259795619305,True,True,0.0,0.006809259795619305,2020-12-14,2020-12-15,1.0,2.0,2020-12-14,0.006809259795619305,,
combined,0,169,2020-12-15,2020-12-22,6,716,721,0.0008408989896109276,0.0008408989896109276,True,True,-0.004002770069141515,0.01964481605540591,2020-12-17,2020-12-22,3.0,6.0,,,,
combined,-1,170,2020-12-23,2020-12-23,1,722,722,0.008493158594869987,-0.008493158594869987,True,True,0.0,0.008493158594869987,2020-12-23,2020-12-24,1.0,2.0,2020-12-23,0.008493158594869987,,
combined,0,171,2020-12-24,2020-12-29,4,723,726,-0.017758572306505238,-0.017758572306505238,True,True,-0.018623804488184126,0.0,2020-12-25,2020-12-24,2.0,1.0,,,,
combined,-1,172,2020-12-30,2020-12-30,1,727,727,0.013960750594231186,-0.013960750594231186,True,True,0.0,0.013960750594231186,2020-12-30,2020-12-31,1.0,2.0,2020-12-30,0.013960750594231186,,
combined,0,173,2020-12-31,2021-01-05,3,728,730,0.042459844070887875,0.042459844070887875,True,True,0.0,0.042459844070887875,2020-12-31,2021-01-06,1.0,4.0,,,,
combined,1,174,2021-01-06,2021-01-06,1,731,731,-0.003978087038994493,-0.003978087038994493,True,True,-0.003978087038994493,0.0,2021-01-07,2021-01-06,2.0,1.0,2021-01-06,0.003978087038994493,,
combined,0,175,2021-01-07,2021-01-12,4,732,735,0.00404051360248503,0.00404051360248503,True,True,-0.015000868528778355,0.005177633296174378,2021-01-12,2021-01-11,4.0,3.0,,,,
combined,-1,176,2021-01-13,2021-01-13,1,736,736,-0.011945768958228187,0.011945768958228187,True,True,-0.011945768958228187,0.0,2021-01-14,2021-01-13,2.0,1.0,2021-01-14,0.0,,
combined,0,177,2021-01-14,2021-01-18,3,737,739,0.00597811480083088,0.00597811480083088,True,True,-0.008801213463466406,0.00597811480083088,2021-01-18,2021-01-19,3.0,4.0,,,,
combined,1,178,2021-01-19,2021-01-19,1,740,740,-0.00503959885590588,-0.00503959885590588,True,True,-0.00503959885590588,0.0,2021-01-20,2021-01-19,2.0,1.0,2021-01-19,0.00503959885590588,,
combined,0,179,2021-01-20,2021-01-20,1,741,741,0.011480396425979311,0.011480396425979311,True,True,0.0,0.011480396425979311,2021-01-20,2021-01-21,1.0,2.0,,,,
combined,-1,180,2021-01-21,2021-01-21,1,742,742,0.0103518685684576,-0.0103518685684576,True,True,0.0,0.0103518685684576,2021-01-21,2021-01-22,1.0,2.0,2021-01-21,0.0103518685684576,,
combined,0,181,2021-01-22,2021-02-01,7,743,749,-0.03247912950670595,-0.03247912950670595,True,True,-0.04248062455336099,0.0024712455034738845,2021-02-01,2021-01-25,7.0,2.0,,,,
combined,-1,182,2021-02-02,2021-02-02,1,750,750,0.008557745197274702,-0.008557745197274702,True,True,0.0,0.008557745197274702,2021-02-02,2021-02-03,1.0,2.0,2021-02-02,0.008557745197274702,,
combined,0,183,2021-02-03,2021-02-04,2,751,752,-0.017931861193835164,-0.017931861193835164,True,True,-0.017931861193835164,0.0,2021-02-05,2021-02-03,3.0,1.0,,,,
combined,-1,184,2021-02-05,2021-02-18,5,753,757,0.040419681465943214,-0.040419681465943214,True,True,-0.015118831283995715,0.04941434199461492,2021-02-08,2021-02-18,2.0,5.0,2021-02-08,0.06552381681004515,2021-02-10,2021-02-10
combined,0,185,2021-02-19,2021-02-19,1,758,758,0.019887062086580753,0.019887062086580753,True,True,0.0,0.019887062086580753,2021-02-19,2021-02-22,1.0,2.0,,,,
combined,1,186,2021-02-22,2021-02-22,1,759,759,-0.017515250006335914,-0.017515250006335914,True,True,-0.017515250006335914,0.0,2021-02-23,2021-02-22,2.0,1.0,2021-02-22,0.017515250006335914,,
combined,-1,187,2021-02-23,2021-02-23,1,760,760,0.0029758219175410883,-0.0029758219175410883,True,True,0.0,0.0029758219175410883,2021-02-23,2021-02-24,1.0,2.0,2021-02-23,0.0029758219175410883,,
combined,0,188,2021-02-24,2021-03-04,7,761,767,-0.04636175366756223,-0.04636175366756223,True,True,-0.04636175366756212,0.0,2021-03-05,2021-02-24,8.0,1.0,,,,
combined,-1,189,2021-03-05,2021-03-12,6,768,773,-0.02109673384745725,0.02109673384745725,True,True,-0.039745031408678244,0.02023920730243023,2021-03-11,2021-03-08,5.0,2.0,2021-03-11,0.025871212722974102,2021-03-12,
combined,0,190,2021-03-15,2021-03-15,1,774,774,-0.002621078213438932,-0.002621078213438932,True,True,-0.002621078213438932,0.0,2021-03-16,2021-03-15,2.0,1.0,,,,
combined,1,191,2021-03-16,2021-03-16,1,775,775,0.0007811279942895322,0.0007811279942895322,True,True,0.0,0.0007811279942895322,2021-03-16,2021-03-17,1.0,2.0,2021-03-17,-0.0,,
combined,-1,192,2021-03-17,2021-03-24,6,776,781,-0.010034650657587796,0.010034650657587796,True,True,-0.010034650657587796,0.020561349971965237,2021-03-25,2021-03-23,7.0,5.0,2021-03-25,0.0,,
combined,0,193,2021-03-25,2021-04-01,6,782,787,0.03230766623450121,0.03230766623450121,True,True,0.0,0.032307666234500765,2021-03-25,2021-04-02,1.0,7.0,,,,
combined,1,194,2021-04-02,2021-04-02,1,788,788,0.00464417627827296,0.00464417627827296,True,True,0.0,0.00464417627827296,2021-04-02,2021-04-06,1.0,2.0,2021-04-06,-0.0,,
combined,0,195,2021-04-06,2021-04-06,1,789,789,0.0007070716764405738,0.0007070716764405738,True,True,0.0,0.0007070716764405738,2021-04-06,2021-04-07,1.0,2.0,,,,
combined,-1,196,2021-04-07,2021-04-07,1,790,790,-0.002748182734247484,0.002748182734247484,True,True,-0.002748182734247484,0.0,2021-04-08,2021-04-07,2.0,1.0,2021-04-08,0.0,,
combined,0,197,2021-04-08,2021-04-09,2,791,792,-0.0012098672299406532,-0.0012098672299406532,True,True,-0.0012098672299407642,0.001952225466448354,2021-04-12,2021-04-09,3.0,2.0,,,,
combined,1,198,2021-04-12,2021-05-07,17,793,809,0.02152544044681237,0.02152544044681237,True,True,-0.01875447323205126,0.028506460986934545,2021-04-14,2021-05-07,3.0,17.0,2021-05-07,0.0067875320233021785,,
combined,-1,199,2021-05-10,2021-05-10,1,810,810,-0.0038887127321765025,0.0038887127321765025,True,True,-0.0038887127321765025,0.0,2021-05-11,2021-05-10,2.0,1.0,2021-05-11,0.0,,
combined,1,200,2021-05-11,2021-05-11,1,811,811,-0.0002140828978575149,-0.0002140828978575149,True,True,-0.0002140828978575149,0.0,2021-05-12,2021-05-11,2.0,1.0,2021-05-11,0.0002140828978575149,,
combined,0,201,2021-05-12,2021-05-18,5,812,816,0.02287370154245627,0.02287370154245627,True,True,0.0,0.022873701542455827,2021-05-12,2021-05-19,1.0,6.0,,,,
combined,-1,202,2021-05-19,2021-05-19,1,817,817,-0.006230773435643822,0.006230773435643822,True,True,-0.006230773435643822,0.0,2021-05-20,2021-05-19,2.0,1.0,2021-05-20,0.0,,
combined,0,203,2021-05-20,2021-05-28,7,818,824,0.021473018131558108,0.021473018131558108,True,True,-0.00386175545045786,0.024184247139384496,2021-05-24,2021-05-28,3.0,7.0,,,,
combined,1,204,2021-05-31,2021-06-09,8,825,832,0.0010880110805433496,0.0010880110805433496,True,True,-0.005910215797844343,0.008823342417453528,2021-06-04,2021-06-02,5.0,3.0,2021-06-02,0.014604695981748073,,
combined,-1,205,2021-06-10,2021-06-10,1,833,833,0.012681311523564665,-0.012681311523564665,True,True,0.0,0.012681311523564665,2021-06-10,2021-06-11,1.0,2.0,2021-06-10,0.012681311523564665,,
combined,1,206,2021-06-11,2021-06-11,1,834,834,-0.005838365657991229,-0.005838365657991229,True,True,-0.005838365657991229,0.0,2021-06-15,2021-06-11,2.0,1.0,2021-06-11,0.005838365657991229,,
combined,0,207,2021-06-15,2021-06-30,12,835,846,0.013899654997452382,0.013899654997452382,True,True,-0.02669905824913199,0.014695559991489304,2021-06-17,2021-06-29,3.0,11.0,,,,
combined,-1,208,2021-07-01,2021-07-01,1,847,847,-0.018546898567610715,0.018546898567610715,True,True,-0.018546898567610715,0.0,2021-07-02,2021-07-01,2.0,1.0,2021-07-02,0.0,,
combined,0,209,2021-07-02,2021-07-07,4,848,851,0.011010281023721591,0.011010281023721591,True,True,-0.005851413869456645,0.011010281023721591,2021-07-07,2021-07-08,4.0,5.0,,,,
combined,1,210,2021-07-08,2021-07-08,1,852,852,-0.007857877423258386,-0.007857877423258386,True,True,-0.007857877423258386,0.0,2021-07-09,2021-07-08,2.0,1.0,2021-07-08,0.007857877423258386,,
combined,-1,211,2021-07-09,2021-07-09,1,853,853,0.019469520162055165,-0.019469520162055165,True,True,0.0,0.019469520162055165,2021-07-09,2021-07-12,1.0,2.0,2021-07-09,0.019469520162055165,,
combined,0,212,2021-07-12,2021-07-16,5,854,858,0.008700884938601439,0.008700884938601439,True,True,0.0,0.014789837844583875,2021-07-12,2021-07-14,1.0,3.0,,,,
combined,-1,213,2021-07-19,2021-07-19,1,859,859,-0.011725340121045758,0.011725340121045758,True,True,-0.011725340121045758,0.0,2021-07-20,2021-07-19,2.0,1.0,2021-07-20,0.0,,
combined,0,214,2021-07-20,2021-07-23,4,860,863,0.02094229624655264,0.02094229624655264,True,True,0.0,0.030046121890491273,2021-07-20,2021-07-23,1.0,4.0,,,,
combined,1,215,2021-07-26,2021-08-02,6,864,869,-0.018603049691278017,-0.018603049691278017,True,True,-0.046451423502230194,0.0,2021-07-28,2021-07-26,3.0,1.0,2021-07-26,0.046451423502230194,2021-07-28,2021-07-28
combined,0,216,2021-08-03,2021-08-04,2,870,871,0.01118726860085495,0.01118726860085495,True,True,-0.004424790333134365,0.011187268600855171,2021-08-04,2021-08-05,2.0,3.0,,,,
combined,-1,217,2021-08-05,2021-08-05,1,872,872,0.0011679484026105857,-0.0011679484026105857,True,True,0.0,0.0011679484026105857,2021-08-05,2021-08-06,1.0,2.0,2021-08-05,0.0011679484026105857,,
combined,0,218,2021-08-06,2021-08-17,8,873,880,-0.006603572053582196,-0.006603572053582196,True,True,-0.006603572053582307,0.022883111970222192,2021-08-18,2021-08-16,9.0,7.0,,,,
combined,-1,219,2021-08-18,2021-08-18,1,881,881,0.004974818423050031,-0.004974818423050031,True,True,0.0,0.004974818423050031,2021-08-18,2021-08-19,1.0,2.0,2021-08-18,0.004974818423050031,,
combined,0,220,2021-08-19,2021-08-26,6,882,887,0.025897370315064006,0.025897370315064006,True,True,-0.00036017298885304694,0.0338302544819129,2021-08-20,2021-08-26,2.0,6.0,,,,
combined,-1,221,2021-08-27,2021-08-27,1,888,888,0.01493262755101532,-0.01493262755101532,True,True,0.0,0.01493262755101532,2021-08-27,2021-08-30,1.0,2.0,2021-08-27,0.01493262755101532,,
combined,0,222,2021-08-30,2021-08-31,2,889,890,0.009497577293438253,0.009497577293438253,True,True,-1.4217036360730795e-05,0.009497577293438031,2021-08-31,2021-09-01,2.0,3.0,,,,
combined,1,223,2021-09-01,2021-09-07,5,891,895,0.030986047678667195,0.030986047678667195,True,True,-0.013565457500692713,0.030986047678666973,2021-09-02,2021-09-08,2.0,6.0,2021-09-08,-0.0,,
combined,0,224,2021-09-08,2021-09-08,1,896,896,0.005155479723530032,0.005155479723530032,True,True,0.0,0.005155479723530032,2021-09-08,2021-09-09,1.0,2.0,,,,
combined,1,225,2021-09-09,2021-09-09,1,897,897,0.010434318777898577,0.010434318777898577,True,True,0.0,0.010434318777898577,2021-09-09,2021-09-10,1.0,2.0,2021-09-10,-0.0,,
combined,0,226,2021-09-10,2021-09-15,4,898,901,0.00043045317303058717,0.00043045317303058717,True,True,-0.010291170909335401,0.002247463881756895,2021-09-15,2021-09-14,4.0,3.0,,,,
combined,-1,227,2021-09-16,2021-09-16,1,902,902,-0.025611046347801092,0.025611046347801092,True,True,-0.025611046347801092,0.0,2021-09-17,2021-09-16,2.0,1.0,2021-09-17,0.0,,
combined,0,228,2021-09-17,2021-09-27,5,903,907,-0.035461009821734835,-0.035461009821734835,True,True,-0.035461009821734835,0.012197315882052973,2021-09-28,2021-09-23,6.0,3.0,,,,
combined,-1,229,2021-09-28,2021-10-11,5,908,912,-0.01247009846296765,0.01247009846296765,True,True,-0.017311520210116393,0.004554662579324242,2021-09-30,2021-10-08,3.0,4.0,2021-09-30,0.02225138814501615,2021-10-08,
combined,0,230,2021-10-12,2021-10-13,2,913,914,-0.013962341327032113,-0.013962341327032113,True,True,-0.01578962347834001,0.0,2021-10-13,2021-10-12,2.0,1.0,,,,
combined,-1,231,2021-10-14,2021-10-14,1,915,915,0.0036543236754682518,-0.0036543236754682518,True,True,0.0,0.0036543236754682518,2021-10-14,2021-10-15,1.0,2.0,2021-10-14,0.0036543236754682518,,
combined,0,232,2021-10-15,2021-10-15,1,916,916,0.0044339148618650626,0.0044339148618650626,True,True,0.0,0.0044339148618650626,2021-10-15,2021-10-18,1.0,2.0,,,,
combined,-1,233,2021-10-18,2021-10-25,6,917,922,0.013223886058568946,-0.013223886058568946,True,True,-0.0011551925654648132,0.014300981419169467,2021-10-25,2021-10-21,6.0,4.0,2021-10-25,0.014395708439397525,,
combined,0,234,2021-10-26,2021-11-03,7,923,929,-0.012376219198636296,-0.012376219198636296,True,True,-0.023064237801609155,0.0,2021-10-29,2021-10-26,4.0,1.0,,,,
combined,1,235,2021-11-04,2021-11-04,1,930,930,0.0055655143119897055,0.0055655143119897055,True,True,0.0,0.0055655143119897055,2021-11-04,2021-11-05,1.0,2.0,2021-11-05,-0.0,,
combined,0,236,2021-11-05,2021-11-17,9,931,939,0.005331092771346357,0.005331092771346357,True,True,-0.011962382396552451,0.013428508568934738,2021-11-08,2021-11-15,2.0,7.0,,,,
combined,-1,237,2021-11-18,2021-11-18,1,940,940,-0.0036255308347789006,0.0036255308347789006,True,True,-0.0036255308347789006,0.0,2021-11-19,2021-11-18,2.0,1.0,2021-11-19,0.0,,
combined,1,238,2021-11-19,2021-11-19,1,941,941,0.013326812373717134,0.013326812373717134,True,True,0.0,0.013326812373717134,2021-11-19,2021-11-22,1.0,2.0,2021-11-22,-0.0,,
combined,0,239,2021-11-22,2021-12-06,11,942,952,0.013476411132415267,0.013476411132415267,True,True,-0.006612589056441798,0.018333657150663374,2021-11-29,2021-12-06,6.0,11.0,,,,
combined,-1,240,2021-12-07,2021-12-07,1,953,953,-0.00675360851937945,0.00675360851937945,True,True,-0.00675360851937945,0.0,2021-12-08,2021-12-07,2.0,1.0,2021-12-08,0.0,,
combined,0,241,2021-12-08,2021-12-09,2,954,955,0.008439308542512736,0.008439308542512736,True,True,0.0,0.010213979945604246,2021-12-08,2021-12-09,1.0,2.0,,,,
combined,1,242,2021-12-10,2021-12-10,1,956,956,0.006606735530948482,0.006606735530948482,True,True,0.0,0.006606735530948482,2021-12-10,2021-12-13,1.0,2.0,2021-12-13,-0.0,,
combined,0,243,2021-12-13,2021-12-17,5,957,961,-0.005884994907357499,-0.005884994907357499,True,True,-0.005884994907357499,0.006355263283479573,2021-12-20,2021-12-17,6.0,5.0,,,,
combined,-1,244,2021-12-20,2021-12-20,1,962,962,-0.013712344269925514,0.013712344269925514,True,True,-0.013712344269925514,0.0,2021-12-21,2021-12-20,2.0,1.0,2021-12-21,0.0,,
combined,0,245,2021-12-21,2021-12-28,6,963,968,0.011778767957514757,0.011778767957514757,True,True,0.0,0.02016789717241041,2021-12-21,2021-12-24,1.0,4.0,,,,
combined,1,246,2021-12-29,2021-12-29,1,969,969,-0.004074165723982004,-0.004074165723982004,True,True,-0.004074165723982004,0.0,2021-12-30,2021-12-29,2.0,1.0,2021-12-29,0.004074165723982004,,
combined,0,247,2021-12-30,2022-01-04,3,970,972,0.013506455595906575,0.013506455595906575,True,True,0.0,0.019565772507772694,2021-12-30,2022-01-04,1.0,3.0,,,,
combined,-1,248,2022-01-05,2022-01-05,1,973,973,-0.021235257917132544,0.021235257917132544,True,True,-0.021235257917132544,0.0,2022-01-06,2022-01-05,2.0,1.0,2022-01-06,0.0,,
combined,0,249,2022-01-06,2022-01-06,1,974,974,0.006185185013601879,0.006185185013601879,True,True,0.0,0.006185185013601879,2022-01-06,2022-01-07,1.0,2.0,,,,
combined,-1,250,2022-01-07,2022-01-14,6,975,980,-0.02098789024464287,0.02098789024464287,True,True,-0.023365051258787406,0.0,2022-01-14,2022-01-07,6.0,1.0,2022-01-14,0.0024340323036857736,,
combined,0,251,2022-01-17,2022-01-20,4,981,984,-0.006027272458806188,-0.006027272458806188,True,True,-0.006027272458806077,0.01165332274705988,2022-01-21,2022-01-18,5.0,2.0,,,,
combined,-1,252,2022-01-21,2022-01-27,5,985,989,-0.049412676771036,0.049412676771036,True,True,-0.04941267677103589,0.0,2022-01-28,2022-01-21,6.0,1.0,2022-01-28,0.0,,
combined,0,253,2022-01-28,2022-02-15,8,990,997,0.013307902012436035,0.013307902012436035,True,True,-0.0038275976467284645,0.0225682121492925,2022-02-07,2022-02-10,2.0,5.0,,,,
combined,-1,254,2022-02-16,2022-02-16,1,998,998,-0.0021939731983723343,0.0021939731983723343,True,True,-0.0021939731983723343,0.0,2022-02-17,2022-02-16,2.0,1.0,2022-02-17,0.0,,
combined,0,255,2022-02-17,2022-02-24,6,999,1004,0.0061060110527062506,0.0061060110527062506,True,True,-0.00440772124464639,0.014351330921063443,2022-02-18,2022-02-24,2.0,6.0,,,,
combined,-1,256,2022-02-25,2022-02-25,1,1005,1005,0.00379833636155813,-0.00379833636155813,True,True,0.0,0.00379833636155813,2022-02-25,2022-02-28,1.0,2.0,2022-02-25,0.00379833636155813,,
combined,0,257,2022-02-28,2022-03-09,8,1006,1013,-0.05951491530944042,-0.05951491530944042,True,True,-0.05951491530944042,0.010171986701285718,2022-03-10,2022-03-03,9.0,4.0,,,,
combined,-1,258,2022-03-10,2022-03-16,5,1014,1018,-0.029769808056984814,0.029769808056984814,True,True,-0.055411217221166265,0.0,2022-03-16,2022-03-10,5.0,1.0,2022-03-16,0.02714557872341894,2022-03-17,
combined,0,259,2022-03-17,2022-03-17,1,1019,1019,0.0025398147154287454,0.0025398147154287454,True,True,0.0,0.0025398147154287454,2022-03-17,2022-03-18,1.0,2.0,,,,
combined,1,260,2022-03-18,2022-03-18,1,1020,1020,0.01457448592489996,0.01457448592489996,True,True,0.0,0.01457448592489996,2022-03-18,2022-03-21,1.0,2.0,2022-03-21,-0.0,,
combined,-1,261,2022-03-21,2022-03-21,1,1021,1021,0.00044814661370007336,-0.00044814661370007336,True,True,0.0,0.00044814661370007336,2022-03-21,2022-03-22,1.0,2.0,2022-03-21,0.00044814661370007336,,
combined,0,262,2022-03-22,2022-03-31,8,1022,1029,-0.008514423904251722,-0.008514423904251722,True,True,-0.01785781960098254,0.004346343957729593,2022-03-28,2022-03-24,5.0,3.0,,,,
combined,-1,263,2022-04-01,2022-04-01,1,1030,1030,0.011704155728933907,-0.011704155728933907,True,True,0.0,0.011704155728933907,2022-04-01,2022-04-06,1.0,2.0,2022-04-01,0.011704155728933907,,
combined,0,264,2022-04-06,2022-04-08,3,1031,1033,-0.025299284834422564,-0.025299284834422564,True,True,-0.025299284834422564,0.0,2022-04-11,2022-04-06,4.0,1.0,,,,
combined,1,265,2022-04-11,2022-04-11,1,1034,1034,-0.02940155361575114,-0.02940155361575114,True,True,-0.02940155361575114,0.0,2022-04-12,2022-04-11,2.0,1.0,2022-04-11,0.02940155361575114,2022-04-12,
combined,0,266,2022-04-12,2022-04-12,1,1035,1035,0.012460974835263094,0.012460974835263094,True,True,0.0,0.012460974835263094,2022-04-12,2022-04-13,1.0,2.0,,,,
combined,-1,267,2022-04-13,2022-04-13,1,1036,1036,-0.003371839838469004,0.003371839838469004,True,True,-0.003371839838469004,0.0,2022-04-14,2022-04-13,2.0,1.0,2022-04-14,0.0,,
combined,0,268,2022-04-14,2022-04-18,3,1037,1039,-0.0010955800087526502,-0.0010955800087526502,True,True,-0.008989544551057271,0.0032906253536511,2022-04-18,2022-04-15,3.0,2.0,,,,
combined,-1,269,2022-04-19,2022-04-25,5,1040,1044,-0.11425249974062557,0.11425249974062557,True,True,-0.11425249974062557,0.0025270295515624763,2022-04-26,2022-04-20,6.0,2.0,2022-04-26,0.0,,
combined,0,270,2022-04-26,2022-04-28,3,1045,1047,0.015752844468781113,0.015752844468781113,True,True,-0.036325724638139545,0.015752844468781113,2022-04-27,2022-04-29,2.0,4.0,,,,
combined,1,271,2022-04-29,2022-04-29,1,1048,1048,0.02813412761577183,0.02813412761577183,True,True,0.0,0.02813412761577183,2022-04-29,2022-05-05,1.0,2.0,2022-05-05,-0.0,,
combined,0,272,2022-05-05,2022-05-09,3,1049,1051,-0.014235430066378396,-0.014235430066378396,True,True,-0.014235430066378396,0.0,2022-05-10,2022-05-05,4.0,1.0,,,,
combined,-1,273,2022-05-10,2022-05-10,1,1052,1052,0.029792375559549278,-0.029792375559549278,True,True,0.0,0.029792375559549278,2022-05-10,2022-05-11,1.0,2.0,2022-05-10,0.029792375559549278,2022-05-11,
combined,0,274,2022-05-11,2022-05-20,8,1053,1060,0.0427759227696618,0.0427759227696618,True,True,0.0,0.0427759227696618,2022-05-11,2022-05-23,1.0,9.0,,,,
combined,1,275,2022-05-23,2022-05-23,1,1061,1061,0.0035357847519623675,0.0035357847519623675,True,True,0.0,0.0035357847519623675,2022-05-23,2022-05-24,1.0,2.0,2022-05-24,-0.0,,
combined,0,276,2022-05-24,2022-05-25,2,1062,1063,-0.019141236461592714,-0.019141236461592714,True,True,-0.037052748498997534,0.0,2022-05-25,2022-05-24,2.0,1.0,,,,
combined,-1,277,2022-05-26,2022-05-26,1,1064,1064,0.012535118902260889,-0.012535118902260889,True,True,0.0,0.012535118902260889,2022-05-26,2022-05-27,1.0,2.0,2022-05-26,0.012535118902260889,,
combined,0,278,2022-05-27,2022-05-27,1,1065,1065,-0.00052162253503929,-0.00052162253503929,True,True,-0.00052162253503929,0.0,2022-05-30,2022-05-27,2.0,1.0,,,,
combined,1,279,2022-05-30,2022-06-15,12,1066,1077,0.05813282857991542,0.05813282857991542,True,True,0.0,0.06034356920362294,2022-05-30,2022-06-15,1.0,12.0,2022-06-15,0.0020849285909926296,,
combined,0,280,2022-06-16,2022-06-20,3,1078,1080,0.00998890644921091,0.00998890644921091,True,True,-0.006659531786717299,0.00998890644921091,2022-06-17,2022-06-21,2.0,4.0,,,,
combined,1,281,2022-06-21,2022-06-22,2,1081,1082,-0.021795553579572413,-0.021795553579572413,True,True,-0.021795553579572524,0.0,2022-06-23,2022-06-21,3.0,1.0,2022-06-21,0.021795553579572524,2022-06-23,
combined,0,282,2022-06-23,2022-06-23,1,1083,1083,0.019369993514290584,0.019369993514290584,True,True,0.0,0.019369993514290584,2022-06-23,2022-06-24,1.0,2.0,,,,
combined,1,283,2022-06-24,2022-06-24,1,1084,1084,0.014512935105740254,0.014512935105740254,True,True,0.0,0.014512935105740254,2022-06-24,2022-06-27,1.0,2.0,2022-06-27,-0.0,,
combined,0,284,2022-06-27,2022-06-28,2,1085,1086,0.012629893449564777,0.012629893449564777,True,True,0.0,0.012629893449564777,2022-06-27,2022-06-29,1.0,3.0,,,,
combined,1,285,2022-06-29,2022-07-04,4,1087,1090,0.008686930310921825,0.008686930310921825,True,True,-0.014501193378127275,0.008686930310921825,2022-06-30,2022-07-05,2.0,5.0,2022-07-05,-0.0,,
combined,0,286,2022-07-05,2022-07-15,9,1091,1099,-0.048864927415987025,-0.048864927415987025,True,True,-0.048864927415987025,0.0,2022-07-18,2022-07-05,10.0,1.0,,,,
combined,-1,287,2022-07-18,2022-07-22,5,1100,1104,0.01303063055712217,-0.01303063055712217,True,True,0.0,0.029595132948154967,2022-07-18,2022-07-21,1.0,4.0,2022-07-18,0.029595132948154967,2022-07-20,
combined,0,288,2022-07-25,2022-07-25,1,1105,1105,-0.009193232535074314,-0.009193232535074314,True,True,-0.009193232535074314,0.0,2022-07-26,2022-07-25,2.0,1.0,,,,
combined,1,289,2022-07-26,2022-07-26,1,1106,1106,0.010001187971141468,0.010001187971141468,True,True,0.0,0.010001187971141468,2022-07-26,2022-07-27,1.0,2.0,2022-07-27,-0.0,,
combined,-1,290,2022-07-27,2022-07-27,1,1107,1107,0.009468154344026702,-0.009468154344026702,True,True,0.0,0.009468154344026702,2022-07-27,2022-07-28,1.0,2.0,2022-07-27,0.009468154344026702,,
combined,0,291,2022-07-28,2022-08-02,4,1108,1111,-0.0298141115750592,-0.0298141115750592,True,True,-0.0298141115750592,0.0,2022-08-03,2022-07-28,5.0,1.0,,,,
combined,-1,292,2022-08-03,2022-08-10,6,1112,1117,0.028822088965595682,-0.028822088965595682,True,True,-0.0018035467267800698,0.028822088965595682,2022-08-04,2022-08-11,2.0,7.0,2022-08-04,0.030680970255855256,2022-08-09,2022-08-11
combined,0,293,2022-08-11,2022-08-11,1,1118,1118,0.01190867728858036,0.01190867728858036,True,True,0.0,0.01190867728858036,2022-08-11,2022-08-12,1.0,2.0,,,,
combined,1,294,2022-08-12,2022-08-26,11,1119,1129,-0.03295018971036512,-0.03295018971036512,True,True,-0.032950189710364786,0.008756301175970371,2022-08-29,2022-08-18,12.0,5.0,2022-08-18,0.04134446628756161,2022-08-25,2022-08-29
combined,0,295,2022-08-29,2022-08-31,3,1130,1132,-0.009674990266201444,-0.009674990266201444,True,True,-0.009674990266201333,0.015479041303237073,2022-09-01,2022-08-30,4.0,2.0,,,,
combined,-1,296,2022-09-01,2022-09-01,1,1133,1133,-0.0029238519184950906,0.0029238519184950906,True,True,-0.0029238519184950906,0.0,2022-09-02,2022-09-01,2.0,1.0,2022-09-02,0.0,,
combined,0,297,2022-09-02,2022-09-13,7,1134,1140,0.012976750248565816,0.012976750248565816,True,True,0.0,0.03252739717174502,2022-09-02,2022-09-13,1.0,7.0,,,,
combined,1,298,2022-09-14,2022-09-14,1,1141,1141,0.01054468688445942,0.01054468688445942,True,True,0.0,0.01054468688445942,2022-09-14,2022-09-15,1.0,2.0,2022-09-15,-0.0,,
combined,0,299,2022-09-15,2022-09-15,1,1142,1142,-0.0300976545265208,-0.0300976545265208,True,True,-0.0300976545265208,0.0,2022-09-16,2022-09-15,2.0,1.0,,,,
combined,-1,300,2022-09-16,2022-09-23,6,1143,1148,-0.041015365958624206,0.041015365958624206,True,True,-0.04101536595862432,0.0,2022-09-26,2022-09-16,7.0,1.0,2022-09-26,0.0,,
combined,0,301,2022-09-26,2022-09-29,4,1149,1152,-0.01325422753513994,-0.01325422753513994,True,True,-0.01325422753513994,0.011721439569313707,2022-09-30,2022-09-28,5.0,3.0,,,,
combined,1,302,2022-09-30,2022-09-30,1,1153,1153,-0.00596745183042624,-0.00596745183042624,True,True,-0.00596745183042624,0.0,2022-10-10,2022-09-30,2.0,1.0,2022-09-30,0.00596745183042624,,
combined,0,303,2022-10-10,2022-10-24,11,1154,1164,0.02343383001311028,0.02343383001311028,True,True,-0.015232013069739092,0.05258378595886848,2022-10-11,2022-10-18,2.0,7.0,,,,
combined,-1,304,2022-10-25,2022-10-25,1,1165,1165,0.0012026551933637109,-0.0012026551933637109,True,True,0.0,0.0012026551933637109,2022-10-25,2022-10-26,1.0,2.0,2022-10-25,0.0012026551933637109,,
combined,0,305,2022-10-26,2022-11-14,14,1166,1179,0.043267936533555984,0.043267936533555984,True,True,-0.02146108687753101,0.059980593340169364,2022-10-31,2022-11-11,4.0,13.0,,,,
combined,1,306,2022-11-15,2022-11-24,8,1180,1187,-0.00489473922144068,-0.00489473922144068,True,True,-0.0048947392214409025,0.018526550729312197,2022-11-25,2022-11-16,9.0,2.0,2022-11-16,0.022995266970686545,2022-11-25,
combined,-1,307,2022-11-25,2022-11-25,1,1188,1188,-0.015630735371684468,0.015630735371684468,True,True,-0.015630735371684468,0.0,2022-11-28,2022-11-25,2.0,1.0,2022-11-28,0.0,,
combined,0,308,2022-11-28,2022-11-28,1,1189,1189,0.011932755837116504,0.011932755837116504,True,True,0.0,0.011932755837116504,2022-11-28,2022-11-29,1.0,2.0,,,,
combined,-1,309,2022-11-29,2022-12-05,5,1190,1194,0.021588716526238505,-0.021588716526238505,True,True,0.0,0.02303267157262323,2022-11-29,2022-12-01,1.0,3.0,2022-11-29,0.02303267157262323,2022-12-01,
combined,0,310,2022-12-06,2022-12-09,4,1195,1198,-0.0034308773837594675,-0.0034308773837594675,True,True,-0.0034308773837593565,0.0,2022-12-12,2022-12-06,5.0,1.0,,,,
combined,1,311,2022-12-12,2022-12-12,1,1199,1199,-0.0044498647125098545,-0.0044498647125098545,True,True,-0.0044498647125098545,0.0,2022-12-13,2022-12-12,2.0,1.0,2022-12-12,0.0044498647125098545,,
combined,0,312,2022-12-13,2022-12-14,2,1200,1201,-0.010338528527634505,-0.010338528527634505,True,True,-0.010338528527634505,0.0,2022-12-15,2022-12-13,3.0,1.0,,,,
combined,-1,313,2022-12-15,2022-12-21,5,1202,1206,-0.036517158994855414,0.036517158994855414,True,True,-0.036517158994855525,0.0,2022-12-22,2022-12-15,6.0,1.0,2022-12-22,0.0,,
combined,0,314,2022-12-22,2022-12-27,4,1207,1210,0.0002951059047766602,0.0002951059047766602,True,True,-0.0197308360106917,0.0002951059047766602,2022-12-23,2022-12-28,2.0,5.0,,,,
combined,1,315,2022-12-28,2022-12-28,1,1211,1211,-0.004346655250275666,-0.004346655250275666,True,True,-0.004346655250275666,0.0,2022-12-29,2022-12-28,2.0,1.0,2022-12-28,0.004346655250275666,,
combined,-1,316,2022-12-29,2022-12-29,1,1212,1212,0.005362064527972388,-0.005362064527972388,True,True,0.0,0.005362064527972388,2022-12-29,2022-12-30,1.0,2.0,2022-12-29,0.005362064527972388,,
combined,0,317,2022-12-30,2023-01-13,10,1213,1222,0.032957211034090994,0.032957211034090994,True,True,-0.002336621069567224,0.032957211034090994,2023-01-03,2023-01-16,2.0,11.0,,,,
combined,1,318,2023-01-16,2023-02-16,19,1223,1241,0.03559303838917427,0.03559303838917427,True,True,0.0,0.05436922255333587,2023-01-16,2023-02-15,1.0,18.0,2023-02-15,0.01780797823241853,,
combined,-1,319,2023-02-17,2023-02-17,1,1242,1242,-0.0058341212640250495,0.0058341212640250495,True,True,-0.0058341212640250495,0.0,2023-02-20,2023-02-17,2.0,1.0,2023-02-20,0.0,,
combined,0,320,2023-02-20,2023-03-07,12,1243,1254,0.0025888826089139894,0.0025888826089139894,True,True,0.0,0.02400682878605065,2023-02-20,2023-03-02,1.0,9.0,,,,
combined,-1,321,2023-03-08,2023-03-08,1,1255,1255,0.0074405634413914346,-0.0074405634413914346,True,True,0.0,0.0074405634413914346,2023-03-08,2023-03-09,1.0,2.0,2023-03-08,0.0074405634413914346,,
combined,0,322,2023-03-09,2023-03-14,4,1256,1259,-0.015863369892745394,-0.015863369892745394,True,True,-0.01918324934720772,0.0,2023-03-13,2023-03-09,3.0,1.0,,,,
combined,-1,323,2023-03-15,2023-03-22,6,1260,1265,0.006866832138450185,-0.006866832138450185,True,True,-0.006286081564622958,0.006866832138450185,2023-03-21,2023-03-23,5.0,7.0,2023-03-21,0.013236117014223447,,
combined,0,324,2023-03-23,2023-03-30,6,1266,1271,0.005001105447259624,0.005001105447259624,True,True,0.0,0.009755168297749028,2023-03-23,2023-03-28,1.0,4.0,,,,
combined,-1,325,2023-03-31,2023-03-31,1,1272,1272,0.009839579043720459,-0.009839579043720459,True,True,0.0,0.009839579043720459,2023-03-31,2023-04-03,1.0,2.0,2023-03-31,0.009839579043720459,,
combined,0,326,2023-04-03,2023-04-04,2,1273,1274,0.006387011817572619,0.006387011817572619,True,True,0.0,0.010733968913729353,2023-04-03,2023-04-04,1.0,2.0,,,,
combined,1,327,2023-04-06,2023-04-20,11,1275,1285,0.003802087005211119,0.003802087005211119,True,True,0.0,0.013732496732659749,2023-04-06,2023-04-10,1.0,3.0,2023-04-10,0.010704899804886203,,
combined,0,328,2023-04-21,2023-04-21,1,1286,1286,-0.02504091974411604,-0.02504091974411604,True,True,-0.02504091974411604,0.0,2023-04-24,2023-04-21,2.0,1.0,,,,
combined,-1,329,2023-04-24,2023-05-04,6,1287,1292,0.000758427080880919,-0.000758427080880919,True,True,-0.02492895695199626,0.0007584270808811411,2023-04-26,2023-05-05,3.0,7.0,2023-04-26,0.02634411535038561,2023-05-04,
combined,1,330,2023-05-05,2023-05-05,1,1293,1293,-0.008476375578104212,-0.008476375578104212,True,True,-0.008476375578104212,0.0,2023-05-08,2023-05-05,2.0,1.0,2023-05-05,0.008476375578104212,,
combined,0,331,2023-05-08,2023-05-09,2,1294,1295,-0.005730443525955864,-0.005730443525955864,True,True,-0.005730443525955975,0.006446053702572119,2023-05-10,2023-05-09,3.0,2.0,,,,
combined,-1,332,2023-05-10,2023-05-18,7,1296,1302,-0.008154743371419193,0.008154743371419193,True,True,-0.011749184134881796,0.0030052854692030895,2023-05-15,2023-05-11,4.0,2.0,2023-05-15,0.01058194104434551,,
combined,0,333,2023-05-19,2023-05-29,7,1303,1309,-0.01771846955305334,-0.01771846955305334,True,True,-0.021858742431063116,0.0,2023-05-26,2023-05-19,6.0,1.0,,,,
combined,-1,334,2023-05-30,2023-05-30,1,1310,1310,0.005917970257314442,-0.005917970257314442,True,True,0.0,0.005917970257314442,2023-05-30,2023-05-31,1.0,2.0,2023-05-30,0.005917970257314442,,
combined,0,335,2023-05-31,2023-06-07,6,1311,1316,-0.011961459426011345,-0.011961459426011345,True,True,-0.011961459426011234,0.009614379171478449,2023-06-08,2023-06-05,7.0,4.0,,,,
combined,-1,336,2023-06-08,2023-06-08,1,1317,1317,-0.0005064868445793236,0.0005064868445793236,True,True,-0.0005064868445793236,0.0,2023-06-09,2023-06-08,2.0,1.0,2023-06-09,0.0,,
combined,0,337,2023-06-09,2023-06-13,3,1318,1320,0.013024175900544943,0.013024175900544943,True,True,0.0,0.013024175900544943,2023-06-09,2023-06-14,1.0,4.0,,,,
combined,1,338,2023-06-14,2023-06-14,1,1321,1321,0.0005012538374871145,0.0005012538374871145,True,True,0.0,0.0005012538374871145,2023-06-14,2023-06-15,1.0,2.0,2023-06-15,-0.0,,
combined,0,339,2023-06-15,2023-06-19,3,1322,1324,0.012112882714006457,0.012112882714006457,True,True,0.0,0.01642896450916176,2023-06-15,2023-06-19,1.0,3.0,,,,
combined,1,340,2023-06-20,2023-06-28,5,1325,1329,-0.03169098277622162,-0.03169098277622162,True,True,-0.03675639069588532,0.0,2023-06-27,2023-06-20,4.0,1.0,2023-06-20,0.03675639069588532,2023-06-26,2023-06-27
combined,0,341,2023-06-29,2023-07-10,8,1330,1337,0.010510163342474677,0.010510163342474677,True,True,0.0,0.020516625120241105,2023-06-29,2023-07-05,1.0,5.0,,,,
combined,-1,342,2023-07-11,2023-07-11,1,1338,1338,0.006613898029095511,-0.006613898029095511,True,True,0.0,0.006613898029095511,2023-07-11,2023-07-12,1.0,2.0,2023-07-11,0.006613898029095511,,
combined,0,343,2023-07-12,2023-08-14,24,1339,1362,-0.01838541408350569,-0.01838541408350569,True,True,-0.02755304088798327,0.01583673135311736,2023-08-14,2023-08-04,24.0,18.0,,,,
combined,-1,344,2023-08-15,2023-08-21,5,1363,1367,-0.031506973718297915,0.031506973718297915,True,True,-0.031506973718297915,0.0,2023-08-22,2023-08-15,6.0,1.0,2023-08-22,0.0,,
combined,0,345,2023-08-22,2023-09-01,9,1368,1376,0.0067626158879245946,0.0067626158879245946,True,True,-0.018922078955918686,0.02662178907520385,2023-08-25,2023-08-28,4.0,5.0,,,,
combined,-1,346,2023-09-04,2023-09-04,1,1377,1377,0.00830559235468531,-0.00830559235468531,True,True,0.0,0.00830559235468531,2023-09-04,2023-09-05,1.0,2.0,2023-09-04,0.00830559235468531,,
combined,1,347,2023-09-05,2023-09-05,1,1378,1378,-0.008267693352953298,-0.008267693352953298,True,True,-0.008267693352953298,0.0,2023-09-06,2023-09-05,2.0,1.0,2023-09-05,0.008267693352953298,,
combined,0,348,2023-09-06,2023-09-08,3,1379,1381,-0.008460183209921035,-0.008460183209921035,True,True,-0.015106632207460668,0.0017709403000667479,2023-09-08,2023-09-07,3.0,2.0,,,,
combined,-1,349,2023-09-11,2023-09-11,1,1382,1382,0.008989662290251887,-0.008989662290251887,True,True,0.0,0.008989662290251887,2023-09-11,2023-09-12,1.0,2.0,2023-09-11,0.008989662290251887,,
combined,0,350,2023-09-12,2023-09-27,12,1383,1394,-0.015036022118131265,-0.015036022118131265,True,True,-0.029029766059237794,0.0,2023-09-22,2023-09-12,9.0,1.0,,,,
combined,1,351,2023-09-28,2023-09-28,1,1395,1395,-0.0014065409295955789,-0.0014065409295955789,True,True,-0.0014065409295955789,0.0,2023-10-09,2023-09-28,2.0,1.0,2023-09-28,0.0014065409295955789,,
combined,0,352,2023-10-09,2023-10-09,1,1396,1396,-0.00246124702384376,-0.00246124702384376,True,True,-0.00246124702384376,0.0,2023-10-10,2023-10-09,2.0,1.0,,,,
combined,-1,353,2023-10-10,2023-10-10,1,1397,1397,-0.004693184849601573,0.004693184849601573,True,True,-0.004693184849601573,0.0,2023-10-11,2023-10-10,2.0,1.0,2023-10-11,0.0,,
combined,0,354,2023-10-11,2023-10-18,6,1398,1403,-0.025237272188144533,-0.025237272188144533,True,True,-0.025237272188144533,0.0029332307538110225,2023-10-19,2023-10-12,7.0,2.0,,,,
combined,-1,355,2023-10-19,2023-10-19,1,1404,1404,-0.009696935142162189,0.009696935142162189,True,True,-0.009696935142162189,0.0,2023-10-20,2023-10-19,2.0,1.0,2023-10-20,0.0,,
combined,0,356,2023-10-20,2023-10-26,5,1405,1409,-0.010320925363643596,-0.010320925363643596,True,True,-0.024210043630923717,0.0,2023-10-24,2023-10-20,3.0,1.0,,,,
combined,1,357,2023-10-27,2023-10-27,1,1410,1410,0.018070325805952026,0.018070325805952026,True,True,0.0,0.018070325805952026,2023-10-27,2023-10-30,1.0,2.0,2023-10-30,-0.0,,
combined,0,358,2023-10-30,2023-11-07,7,1411,1417,0.021577905796277053,0.021577905796277053,True,True,-0.004098731289510327,0.021577905796277053,2023-11-03,2023-11-08,5.0,8.0,,,,
combined,1,359,2023-11-08,2023-11-17,8,1418,1425,0.005821197672870371,0.005821197672870371,True,True,-0.004575001614768426,0.013310724612570324,2023-11-10,2023-11-15,3.0,6.0,2023-11-15,0.013843523323782692,,
combined,0,360,2023-11-20,2023-11-21,2,1426,1427,-0.0022580080260320434,-0.0022580080260320434,True,True,-0.0022580080260321544,0.005958279374887576,2023-11-22,2023-11-21,3.0,2.0,,,,
combined,1,361,2023-11-22,2023-11-28,5,1428,1432,-0.006062322538088583,-0.006062322538088583,True,True,-0.010899254765567301,0.0,2023-11-28,2023-11-22,5.0,1.0,2023-11-22,0.010899254765567301,,
combined,-1,362,2023-11-29,2023-11-29,1,1433,1433,-0.007201919548042501,0.007201919548042501,True,True,-0.007201919548042501,0.0,2023-11-30,2023-11-29,2.0,1.0,2023-11-30,0.0,,
combined,0,363,2023-11-30,2023-12-08,7,1434,1440,-0.013494147272319568,-0.013494147272319568,True,True,-0.018034796280956833,0.005388189723969816,2023-12-06,2023-12-04,5.0,3.0,,,,
combined,1,364,2023-12-11,2023-12-11,1,1441,1441,0.015854882537824633,0.015854882537824633,True,True,0.0,0.015854882537824633,2023-12-11,2023-12-12,1.0,2.0,2023-12-12,-0.0,,
combined,0,365,2023-12-12,2023-12-19,6,1442,1447,-0.03137162547789629,-0.03137162547789629,True,True,-0.032317774390153375,0.0,2023-12-19,2023-12-12,6.0,1.0,,,,
combined,-1,366,2023-12-20,2023-12-27,6,1448,1453,-0.019551668404630962,0.019551668404630962,True,True,-0.023101708438083346,0.0,2023-12-27,2023-12-20,6.0,1.0,2023-12-27,0.0036339914442644616,,
combined,0,367,2023-12-28,2024-01-03,4,1454,1457,0.021673756901180896,0.021673756901180896,True,True,0.0,0.028554599603112463,2023-12-28,2024-01-02,1.0,3.0,,,,
combined,1,368,2024-01-04,2024-01-04,1,1458,1458,-0.008909884646612132,-0.008909884646612132,True,True,-0.008909884646612132,0.0,2024-01-05,2024-01-04,2.0,1.0,2024-01-04,0.008909884646612132,,
combined,0,369,2024-01-05,2024-01-15,7,1459,1465,-0.0296804455267643,-0.0296804455267643,True,True,-0.03641500890758398,0.0,2024-01-11,2024-01-05,5.0,1.0,,,,
combined,-1,370,2024-01-16,2024-01-22,5,1466,1470,-0.08034757819470528,0.08034757819470528,True,True,-0.08034757819470528,0.0,2024-01-23,2024-01-16,6.0,1.0,2024-01-23,0.0,,
combined,0,371,2024-01-23,2024-01-24,2,1471,1472,0.03355991285165638,0.03355991285165638,True,True,0.0,0.03355991285165616,2024-01-23,2024-01-25,1.0,3.0,,,,
combined,1,372,2024-01-25,2024-01-25,1,1473,1473,0.02507498893924942,0.02507498893924942,True,True,0.0,0.02507498893924942,2024-01-25,2024-01-26,1.0,2.0,2024-01-26,-0.0,,
combined,0,373,2024-01-26,2024-01-30,3,1474,1476,-0.05310775778186161,-0.05310775778186161,True,True,-0.05310775778186172,0.0,2024-01-31,2024-01-26,4.0,1.0,,,,
combined,-1,374,2024-01-31,2024-02-05,4,1477,1480,-0.07844777217943433,0.07844777217943433,True,True,-0.07844777217943433,0.0,2024-02-06,2024-01-31,5.0,1.0,2024-02-06,0.0,,
combined,0,375,2024-02-06,2024-02-07,2,1481,1482,0.16333179032565925,0.16333179032565925,True,True,0.0,0.16333179032565948,2024-02-06,2024-02-08,1.0,3.0,,,,
combined,1,376,2024-02-08,2024-02-08,1,1483,1483,0.018187505709494012,0.018187505709494012,True,True,0.0,0.018187505709494012,2024-02-08,2024-02-19,1.0,2.0,2024-02-19,-0.0,,
combined,0,377,2024-02-19,2024-02-26,6,1484,1489,-0.009630080767820681,-0.009630080767820681,True,True,-0.023679107110263997,0.0,2024-02-21,2024-02-19,3.0,1.0,,,,
combined,1,378,2024-02-27,2024-03-07,8,1490,1497,0.020790735228363832,0.020790735228363832,True,True,-0.0039944775657292375,0.04099171074453323,2024-02-29,2024-03-04,3.0,5.0,2024-03-04,0.01940551044515204,,
combined,0,379,2024-03-08,2024-03-12,3,1498,1500,0.027948618960251803,0.027948618960251803,True,True,0.0,0.030946096795974265,2024-03-08,2024-03-12,1.0,3.0,,,,
combined,1,380,2024-03-13,2024-03-13,1,1501,1501,-0.0027428508540363605,-0.0027428508540363605,True,True,-0.0027428508540363605,0.0,2024-03-14,2024-03-13,2.0,1.0,2024-03-13,0.0027428508540363605,,
combined,0,381,2024-03-14,2024-03-20,5,1502,1506,0.016721346901218626,0.016721346901218626,True,True,-0.006487521241101746,0.018355927690939744,2024-03-15,2024-03-19,2.0,4.0,,,,
combined,-1,382,2024-03-21,2024-03-21,1,1507,1507,-0.009314749073164874,0.009314749073164874,True,True,-0.009314749073164874,0.0,2024-03-22,2024-03-21,2.0,1.0,2024-03-22,0.0,,
combined,0,383,2024-03-22,2024-03-28,5,1508,1512,-0.042875712613176575,-0.042875712613176575,True,True,-0.05462254673246958,0.0,2024-03-28,2024-03-22,5.0,1.0,,,,
combined,1,384,2024-03-29,2024-03-29,1,1513,1513,0.017101657671322545,0.017101657671322545,True,True,0.0,0.017101657671322545,2024-03-29,2024-04-01,1.0,2.0,2024-04-01,-0.0,,
combined,0,385,2024-04-01,2024-04-08,4,1514,1517,-0.002892407623028004,-0.002892407623028004,True,True,-0.0028924076230277818,0.016130188664143175,2024-04-09,2024-04-02,5.0,2.0,,,,
combined,-1,386,2024-04-09,2024-04-09,1,1518,1518,0.007792256164129485,-0.007792256164129485,True,True,0.0,0.007792256164129485,2024-04-09,2024-04-10,1.0,2.0,2024-04-09,0.007792256164129485,,
combined,0,387,2024-04-10,2024-04-18,7,1519,1525,-0.0025060112672115054,-0.0025060112672115054,True,True,-0.02332981528938627,0.0,2024-04-17,2024-04-10,6.0,1.0,,,,
combined,1,388,2024-04-19,2024-04-19,1,1526,1526,-0.006191277446383259,-0.006191277446383259,True,True,-0.006191277446383259,0.0,2024-04-22,2024-04-19,2.0,1.0,2024-04-19,0.006191277446383259,,
combined,0,389,2024-04-22,2024-04-24,3,1527,1529,-0.009249600890958054,-0.009249600890958054,True,True,-0.014977767071262749,0.0,2024-04-24,2024-04-22,3.0,1.0,,,,
combined,-1,390,2024-04-25,2024-04-25,1,1530,1530,0.0034162890025928316,-0.0034162890025928316,True,True,0.0,0.0034162890025928316,2024-04-25,2024-04-26,1.0,2.0,2024-04-25,0.0034162890025928316,,
combined,0,391,2024-04-26,2024-04-30,3,1531,1533,0.04565270776023689,0.04565270776023689,True,True,0.0,0.045652707760236666,2024-04-26,2024-05-06,1.0,4.0,,,,
combined,1,392,2024-05-06,2024-05-09,4,1534,1537,0.011593988714116765,0.011593988714116765,True,True,-0.006744489650363339,0.011593988714116765,2024-05-09,2024-05-10,4.0,5.0,2024-05-10,-0.0,,
combined,0,393,2024-05-10,2024-05-13,2,1538,1539,-0.009659283493771542,-0.009659283493771542,True,True,-0.010618922956845966,0.0,2024-05-13,2024-05-10,2.0,1.0,,,,
combined,1,394,2024-05-14,2024-05-15,2,1540,1541,-0.008597420301908687,-0.008597420301908687,True,True,-0.008597420301908798,0.0,2024-05-16,2024-05-14,3.0,1.0,2024-05-14,0.008597420301908798,,
combined,0,395,2024-05-16,2024-05-16,1,1542,1542,-0.0077731849163127364,-0.0077731849163127364,True,True,-0.0077731849163127364,0.0,2024-05-17,2024-05-16,2.0,1.0,,,,
combined,1,396,2024-05-17,2024-05-17,1,1543,1543,0.014419235760887217,0.014419235760887217,True,True,0.0,0.014419235760887217,2024-05-17,2024-05-20,1.0,2.0,2024-05-20,-0.0,,
combined,0,397,2024-05-20,2024-05-30,9,1544,1552,-0.03385040841288023,-0.03385040841288023,True,True,-0.03423768896117996,0.002673087189207779,2024-05-29,2024-05-21,8.0,2.0,,,,
combined,-1,398,2024-05-31,2024-06-06,5,1553,1557,-0.011971178757659628,0.011971178757659628,True,True,-0.011971178757659628,0.003416861338886079,2024-06-07,2024-06-05,6.0,4.0,2024-06-07,0.0,,
combined,0,399,2024-06-07,2024-06-12,3,1558,1560,-0.0029037879676384604,-0.0029037879676384604,True,True,-0.012336858462224654,0.0,2024-06-11,2024-06-07,2.0,1.0,,,,
combined,-1,400,2024-06-13,2024-06-13,1,1561,1561,-0.009866550446513855,0.009866550446513855,True,True,-0.009866550446513855,0.0,2024-06-14,2024-06-13,2.0,1.0,2024-06-14,0.0,,
combined,0,401,2024-06-14,2024-06-21,6,1562,1567,-0.020749017327933883,-0.020749017327933883,True,True,-0.020749017327933772,0.010653286562967157,2024-06-24,2024-06-19,7.0,4.0,,,,
combined,-1,402,2024-06-24,2024-06-24,1,1568,1568,-0.01650596392195669,0.01650596392195669,True,True,-0.01650596392195669,0.0,2024-06-25,2024-06-24,2.0,1.0,2024-06-25,0.0,,
combined,0,403,2024-06-25,2024-06-25,1,1569,1569,-0.009401769824375794,-0.009401769824375794,True,True,-0.009401769824375794,0.0,2024-06-26,2024-06-25,2.0,1.0,,,,
combined,-1,404,2024-06-26,2024-07-02,5,1570,1574,0.000654409528843658,-0.000654409528843658,True,True,-0.005563533165585111,0.011818807675631815,2024-06-28,2024-07-02,3.0,5.0,2024-06-28,0.017479589114978822,,
combined,0,405,2024-07-03,2024-07-04,2,1575,1576,-0.023564648792572807,-0.023564648792572807,True,True,-0.023564648792572807,0.0,2024-07-05,2024-07-03,3.0,1.0,,,,
combined,-1,406,2024-07-05,2024-07-11,5,1577,1581,0.020319152575633215,-0.020319152575633215,True,True,-0.0110895053800244,0.020319152575633437,2024-07-09,2024-07-12,3.0,6.0,2024-07-09,0.03176087029769836,2024-07-11,2024-07-12
combined,0,407,2024-07-12,2024-07-23,8,1582,1589,-0.043575201788876416,-0.043575201788876416,True,True,-0.043575201788876305,0.0,2024-07-24,2024-07-12,9.0,1.0,,,,
combined,-1,408,2024-07-24,2024-07-24,1,1590,1590,-0.014401775613412382,0.014401775613412382,True,True,-0.014401775613412382,0.0,2024-07-25,2024-07-24,2.0,1.0,2024-07-25,0.0,,
combined,0,409,2024-07-25,2024-07-26,2,1591,1592,0.020686601304958918,0.020686601304958918,True,True,0.0,0.020686601304958918,2024-07-25,2024-07-29,1.0,3.0,,,,
combined,1,410,2024-07-29,2024-07-29,1,1593,1593,-0.0096981984386032,-0.0096981984386032,True,True,-0.0096981984386032,0.0,2024-07-30,2024-07-29,2.0,1.0,2024-07-29,0.0096981984386032,,
combined,0,411,2024-07-30,2024-08-13,11,1594,1604,0.007517246634148211,0.007517246634148211,True,True,0.0,0.042463553339063154,2024-07-30,2024-08-01,1.0,3.0,,,,
combined,-1,412,2024-08-14,2024-08-14,1,1605,1605,-0.015459295169836018,0.015459295169836018,True,True,-0.015459295169836018,0.0,2024-08-15,2024-08-14,2.0,1.0,2024-08-15,0.0,,
combined,0,413,2024-08-15,2024-08-23,7,1606,1612,-0.024446222052335043,-0.024446222052335043,True,True,-0.028497528826775143,0.010073496331625797,2024-08-23,2024-08-16,7.0,2.0,,,,
combined,-1,414,2024-08-26,2024-08-26,1,1613,1613,-0.0022827708135347846,0.0022827708135347846,True,True,-0.0022827708135347846,0.0,2024-08-27,2024-08-26,2.0,1.0,2024-08-27,0.0,,
combined,0,415,2024-08-27,2024-09-11,12,1614,1625,-0.0029780345051697577,-0.0029780345051697577,True,True,-0.010795995601619257,0.021933702124315335,2024-08-29,2024-09-02,3.0,5.0,,,,
combined,-1,416,2024-09-12,2024-09-12,1,1626,1626,-0.004114482972095268,0.004114482972095268,True,True,-0.004114482972095268,0.0,2024-09-13,2024-09-12,2.0,1.0,2024-09-13,0.0,,
combined,0,417,2024-09-13,2024-09-23,5,1627,1631,0.0052943131723841574,0.0052943131723841574,True,True,-0.01117810794781593,0.0052943131723841574,2024-09-18,2024-09-24,2.0,6.0,,,,
combined,1,418,2024-09-24,2024-09-24,1,1632,1632,0.04849738343928078,0.04849738343928078,True,True,0.0,0.04849738343928078,2024-09-24,2024-09-25,1.0,2.0,2024-09-25,-0.0,,
combined,0,419,2024-09-25,2024-09-25,1,1633,1633,-0.0037183093983446103,-0.0037183093983446103,True,True,-0.0037183093983446103,0.0,2024-09-26,2024-09-25,2.0,1.0,,,,
combined,1,420,2024-09-26,2024-10-08,4,1634,1637,0.27247282900789593,0.27247282900789593,True,True,0.0,0.3579813017192566,2024-09-26,2024-10-08,1.0,4.0,2024-10-08,0.06296734174697671,2024-10-09,2024-10-09
combined,0,421,2024-10-09,2024-10-22,10,1638,1647,-0.04466377321854087,-0.04466377321854087,True,True,-0.10310385375795594,0.0,2024-10-16,2024-10-09,6.0,1.0,,,,
combined,1,422,2024-10-23,2024-10-31,7,1648,1654,0.025798005603690388,0.025798005603690388,True,True,-0.001709559138055372,0.027536406676784475,2024-10-25,2024-10-29,3.0,5.0,2024-10-29,0.01854450552414988,,
combined,0,423,2024-11-01,2024-11-01,1,1655,1655,-0.009829333527360928,-0.009829333527360928,True,True,-0.009829333527360928,0.0,2024-11-04,2024-11-01,2.0,1.0,,,,
combined,1,424,2024-11-04,2024-11-05,2,1656,1657,0.05133019517215631,0.05133019517215631,True,True,0.0,0.05133019517215609,2024-11-04,2024-11-06,1.0,3.0,2024-11-06,-0.0,,
combined,0,425,2024-11-06,2024-11-06,1,1658,1658,-0.011929847015535677,-0.011929847015535677,True,True,-0.011929847015535677,0.0,2024-11-07,2024-11-06,2.0,1.0,,,,
combined,1,426,2024-11-07,2024-11-12,4,1659,1662,0.028444463976806222,0.028444463976806222,True,True,0.0,0.04742777517373775,2024-11-07,2024-11-12,1.0,4.0,2024-11-12,0.018123742416304323,,
combined,0,427,2024-11-13,2024-11-18,4,1663,1666,-0.06376914398556177,-0.06376914398556177,True,True,-0.06376914398556188,0.0010348791786258804,2024-11-19,2024-11-14,5.0,2.0,,,,
combined,-1,428,2024-11-19,2024-11-19,1,1667,1667,0.014342587311115595,-0.014342587311115595,True,True,0.0,0.014342587311115595,2024-11-19,2024-11-20,1.0,2.0,2024-11-19,0.014342587311115595,,
combined,0,429,2024-11-20,2024-11-21,2,1668,1669,0.008234753546972895,0.008234753546972895,True,True,0.0,0.008923803801309527,2024-11-20,2024-11-21,1.0,2.0,,,,
combined,1,430,2024-11-22,2024-11-22,1,1670,1670,-0.03593990513069922,-0.03593990513069922,True,True,-0.03593990513069922,0.0,2024-11-25,2024-11-22,2.0,1.0,2024-11-22,0.03593990513069922,2024-11-25,2024-11-25
combined,0,431,2024-11-25,2024-12-05,9,1671,1679,0.025884138618514685,0.025884138618514685,True,True,-0.014769606637867083,0.03339757064817239,2024-11-27,2024-12-03,3.0,7.0,,,,
combined,-1,432,2024-12-06,2024-12-06,1,1680,1680,0.013523421060066987,-0.013523421060066987,True,True,0.0,0.013523421060066987,2024-12-06,2024-12-09,1.0,2.0,2024-12-06,0.013523421060066987,,
combined,0,433,2024-12-09,2024-12-09,1,1681,1681,0.024895266172909603,0.024895266172909603,True,True,0.0,0.024895266172909603,2024-12-09,2024-12-10,1.0,2.0,,,,
combined,1,434,2024-12-10,2024-12-10,1,1682,1682,-0.02592261195693424,-0.02592261195693424,True,True,-0.02592261195693424,0.0,2024-12-11,2024-12-10,2.0,1.0,2024-12-10,0.02592261195693424,2024-12-11,
combined,0,435,2024-12-11,2024-12-20,8,1683,1690,-0.009313421032101754,-0.009313421032101754,True,True,-0.024117702599858126,0.015506972162577348,2024-12-19,2024-12-13,7.0,3.0,,,,
combined,-1,436,2024-12-23,2024-12-23,1,1691,1691,-0.01529889878217594,0.01529889878217594,True,True,-0.01529889878217594,0.0,2024-12-24,2024-12-23,2.0,1.0,2024-12-24,0.0,,
combined,0,437,2024-12-24,2024-12-26,3,1692,1694,0.011246405345643806,0.011246405345643806,True,True,0.0,0.011887403738050972,2024-12-24,2024-12-25,1.0,2.0,,,,
combined,1,438,2024-12-27,2024-12-27,1,1695,1695,-0.0003786044017249912,-0.0003786044017249912,True,True,-0.0003786044017249912,0.0,2024-12-30,2024-12-27,2.0,1.0,2024-12-27,0.0003786044017249912,,
combined,0,439,2024-12-30,2025-01-13,10,1696,1705,-0.08432279002570131,-0.08432279002570131,True,True,-0.09689594365183474,0.001964140919102242,2025-01-13,2024-12-31,10.0,2.0,,,,
combined,1,440,2025-01-14,2025-01-14,1,1706,1706,0.0307420811778345,0.0307420811778345,True,True,0.0,0.0307420811778345,2025-01-14,2025-01-15,1.0,2.0,2025-01-15,-0.0,,
combined,0,441,2025-01-15,2025-01-17,3,1707,1709,0.011214195464638088,0.011214195464638088,True,True,-0.006362622634071946,0.011214195464638088,2025-01-17,2025-01-20,3.0,4.0,,,,
combined,-1,442,2025-01-20,2025-01-20,1,1710,1710,0.0031446525777907297,-0.0031446525777907297,True,True,0.0,0.0031446525777907297,2025-01-20,2025-01-21,1.0,2.0,2025-01-20,0.0031446525777907297,,
combined,0,443,2025-01-21,2025-02-05,6,1711,1716,-0.005804131237093779,-0.005804131237093779,True,True,-0.012256836415651007,0.00370258286056524,2025-01-24,2025-01-27,4.0,5.0,,,,
combined,1,444,2025-02-06,2025-02-06,1,1717,1717,0.02557897402556475,0.02557897402556475,True,True,0.0,0.02557897402556475,2025-02-06,2025-02-07,1.0,2.0,2025-02-07,-0.0,,
combined,0,445,2025-02-07,2025-02-07,1,1718,1718,0.018773631313502515,0.018773631313502515,True,True,0.0,0.018773631313502515,2025-02-07,2025-02-10,1.0,2.0,,,,
combined,1,446,2025-02-10,2025-02-19,8,1719,1726,0.014228926166849565,0.014228926166849565,True,True,-0.003975219530430896,0.02075743706410238,2025-02-19,2025-02-17,8.0,6.0,2025-02-17,0.024229709915873032,2025-02-19,
combined,0,447,2025-02-20,2025-02-28,7,1727,1733,-0.01104867561745615,-0.01104867561745615,True,True,-0.011048675617455928,0.01948652206249535,2025-03-03,2025-02-24,8.0,3.0,,,,
combined,1,448,2025-03-03,2025-03-24,16,1734,1749,0.015906221973691403,0.015906221973691403,True,True,-0.0051874145606561894,0.04256050619336227,2025-03-04,2025-03-18,2.0,12.0,2025-03-18,0.025566174875539915,2025-03-24,
combined,0,449,2025-03-25,2025-03-26,2,1750,1751,-0.006181492046693271,-0.006181492046693271,True,True,-0.006181492046693271,0.0,2025-03-27,2025-03-25,3.0,1.0,,,,
combined,-1,450,2025-03-27,2025-03-27,1,1752,1752,0.0037443132269416868,-0.0037443132269416868,True,True,0.0,0.0037443132269416868,2025-03-27,2025-03-28,1.0,2.0,2025-03-27,0.0037443132269416868,,
combined,0,451,2025-03-28,2025-04-02,4,1753,1756,-0.01882755484266574,-0.01882755484266574,True,True,-0.01882755484266574,0.0,2025-04-03,2025-03-28,5.0,1.0,,,,
combined,-1,452,2025-04-03,2025-04-03,1,1757,1757,-0.05453944976400715,0.05453944976400715,True,True,-0.05453944976400715,0.0,2025-04-07,2025-04-03,2.0,1.0,2025-04-07,0.0,,
combined,0,453,2025-04-07,2025-04-11,5,1758,1762,0.019879855833952353,0.019879855833952353,True,True,-0.049652662446942886,0.019879855833952353,2025-04-09,2025-04-14,3.0,6.0,,,,
combined,-1,454,2025-04-14,2025-04-14,1,1763,1763,-0.001558225782082423,0.001558225782082423,True,True,-0.001558225782082423,0.0,2025-04-15,2025-04-14,2.0,1.0,2025-04-15,0.0,,
combined,0,455,2025-04-15,2025-05-16,21,1764,1784,0.016788905174319524,0.016788905174319524,True,True,-0.017317331794014956,0.037872636633543344,2025-04-17,2025-05-13,3.0,18.0,,,,
combined,-1,456,2025-05-19,2025-05-19,1,1785,1785,0.0007111537757529263,-0.0007111537757529263,True,True,0.0,0.0007111537757529263,2025-05-19,2025-05-20,1.0,2.0,2025-05-19,0.0007111537757529263,,
combined,0,457,2025-05-20,2025-05-26,5,1786,1790,-0.009994364467720063,-0.009994364467720063,True,True,-0.012282542578145539,0.0031768991922869194,2025-05-26,2025-05-21,5.0,2.0,,,,
combined,-1,458,2025-05-27,2025-05-27,1,1791,1791,-0.002546140007663178,0.002546140007663178,True,True,-0.002546140007663178,0.0,2025-05-28,2025-05-27,2.0,1.0,2025-05-28,0.0,,
combined,0,459,2025-05-28,2025-05-29,2,1792,1793,0.009358928730825777,0.009358928730825777,True,True,-0.0026207583659619837,0.009358928730825555,2025-05-29,2025-05-30,2.0,3.0,,,,
combined,1,460,2025-05-30,2025-05-30,1,1794,1794,-0.008956766187459664,-0.008956766187459664,True,True,-0.008956766187459664,0.0,2025-06-03,2025-05-30,2.0,1.0,2025-05-30,0.008956766187459664,,
combined,0,461,2025-06-03,2025-06-13,9,1795,1803,0.012616254698913254,0.012616254698913254,True,True,0.0,0.02761984165802822,2025-06-03,2025-06-10,1.0,6.0,,,,
combined,-1,462,2025-06-16,2025-06-16,1,1804,1804,0.008260799308940081,-0.008260799308940081,True,True,0.0,0.008260799308940081,2025-06-16,2025-06-17,1.0,2.0,2025-06-16,0.008260799308940081,,
combined,0,463,2025-06-17,2025-06-26,8,1805,1812,0.013535203322906364,0.013535203322906364,True,True,-0.027547911610908526,0.01663054008318343,2025-06-23,2025-06-26,5.0,8.0,,,,
combined,1,464,2025-06-27,2025-07-25,21,1813,1833,0.07773785399392819,0.07773785399392819,True,True,0.0,0.07773785399392863,2025-06-27,2025-07-28,1.0,22.0,2025-07-28,-0.0,,
combined,0,465,2025-07-28,2025-07-28,1,1834,1834,0.0004596346899421455,0.0004596346899421455,True,True,0.0,0.0004596346899421455,2025-07-28,2025-07-29,1.0,2.0,,,,
combined,1,466,2025-07-29,2025-08-01,4,1835,1838,-0.018670926951517175,-0.018670926951517175,True,True,-0.018670926951517286,0.005905227463232077,2025-08-04,2025-07-30,5.0,2.0,2025-07-30,0.024431878614178393,2025-08-04,
combined,0,467,2025-08-04,2025-08-04,1,1839,1839,0.014000368283231035,0.014000368283231035,True,True,0.0,0.014000368283231035,2025-08-04,2025-08-05,1.0,2.0,,,,
combined,-1,468,2025-08-05,2025-08-05,1,1840,1840,0.0034917413086106297,-0.0034917413086106297,True,True,0.0,0.0034917413086106297,2025-08-05,2025-08-06,1.0,2.0,2025-08-05,0.0034917413086106297,,
combined,0,469,2025-08-06,2025-08-11,4,1841,1844,0.014839506607559505,0.014839506607559505,True,True,0.0,0.014839506607559727,2025-08-06,2025-08-12,1.0,5.0,,,,
combined,1,470,2025-08-12,2025-08-12,1,1845,1845,0.004753580817451919,0.004753580817451919,True,True,0.0,0.004753580817451919,2025-08-12,2025-08-13,1.0,2.0,2025-08-13,-0.0,,
combined,-1,471,2025-08-13,2025-08-13,1,1846,1846,0.013455151857785674,-0.013455151857785674,True,True,0.0,0.013455151857785674,2025-08-13,2025-08-14,1.0,2.0,2025-08-13,0.013455151857785674,,
combined,0,472,2025-08-14,2025-08-18,3,1847,1849,0.023650878597605285,0.023650878597605285,True,True,-0.014106108292582742,0.023650878597605285,2025-08-15,2025-08-19,2.0,4.0,,,,
combined,1,473,2025-08-19,2025-08-22,4,1850,1853,0.0334843078138487,0.0334843078138487,True,True,-0.005934604272419208,0.0334843078138487,2025-08-20,2025-08-25,2.0,5.0,2025-08-25,-0.0,,
combined,0,474,2025-08-25,2025-09-18,19,1854,1872,0.045659534434049354,0.045659534434049354,True,True,-0.02572121718988518,0.05256989554952263,2025-09-05,2025-09-18,10.0,19.0,,,,
combined,-1,475,2025-09-19,2025-09-19,1,1873,1873,-0.0024725956894142698,0.0024725956894142698,True,True,-0.0024725956894142698,0.0,2025-09-22,2025-09-19,2.0,1.0,2025-09-22,0.0,,
combined,0,476,2025-09-22,2025-09-22,1,1874,1874,0.008069038975355713,0.008069038975355713,True,True,0.0,0.008069038975355713,2025-09-22,2025-09-23,1.0,2.0,,,,
combined,1,477,2025-09-23,2025-09-23,1,1875,1875,-0.013884260439932516,-0.013884260439932516,True,True,-0.013884260439932516,0.0,2025-09-24,2025-09-23,2.0,1.0,2025-09-23,0.013884260439932516,,
combined,0,478,2025-09-24,2025-10-15,10,1876,1885,0.018058858709942838,0.018058858709942838,True,True,-0.0007294918508331527,0.05028895932962496,2025-10-13,2025-10-10,8.0,7.0,,,,
combined,-1,479,2025-10-16,2025-10-16,1,1886,1886,-0.005892939262156172,0.005892939262156172,True,True,-0.005892939262156172,0.0,2025-10-17,2025-10-16,2.0,1.0,2025-10-17,0.0,,
combined,0,480,2025-10-17,2025-10-21,3,1887,1889,-0.012622153476961384,-0.012622153476961384,True,True,-0.018479105024237885,0.0,2025-10-20,2025-10-17,2.0,1.0,,,,
combined,1,481,2025-10-22,2025-10-22,1,1890,1890,-0.003693501089610751,-0.003693501089610751,True,True,-0.003693501089610751,0.0,2025-10-23,2025-10-22,2.0,1.0,2025-10-22,0.003693501089610751,,
combined,0,482,2025-10-23,2025-11-05,10,1891,1900,0.01889775631221613,0.01889775631221613,True,True,-0.0013924606277987417,0.04973770387338772,2025-11-05,2025-10-30,10.0,6.0,,,,
combined,1,483,2025-11-06,2025-11-06,1,1901,1901,0.008849684708928107,0.008849684708928107,True,True,0.0,0.008849684708928107,2025-11-06,2025-11-07,1.0,2.0,2025-11-07,-0.0,,
combined,0,484,2025-11-07,2025-11-14,6,1902,1907,-0.007988495443300936,-0.007988495443300936,True,True,-0.008711279914092374,0.007886528859464947,2025-11-13,2025-11-11,5.0,3.0,,,,
combined,-1,485,2025-11-17,2025-11-17,1,1908,1908,-0.004675371299366682,0.004675371299366682,True,True,-0.004675371299366682,0.0,2025-11-18,2025-11-17,2.0,1.0,2025-11-18,0.0,,
combined,0,486,2025-11-18,2025-11-21,4,1909,1912,-0.04965683996721182,-0.04965683996721182,True,True,-0.04965683996721182,0.0,2025-11-24,2025-11-18,5.0,1.0,,,,
combined,-1,487,2025-11-24,2025-11-28,5,1913,1917,0.028744283775300916,-0.028744283775300916,True,True,0.0,0.028744283775300916,2025-11-24,2025-12-01,1.0,6.0,2025-11-24,0.028744283775300916,2025-12-01,
combined,0,488,2025-12-01,2025-12-10,8,1918,1925,0.016637842915534717,0.016637842915534717,True,True,-0.007400897589628697,0.016637842915534717,2025-12-04,2025-12-11,4.0,9.0,,,,
combined,-1,489,2025-12-11,2025-12-11,1,1926,1926,-0.011589093658824323,0.011589093658824323,True,True,-0.011589093658824323,0.0,2025-12-12,2025-12-11,2.0,1.0,2025-12-12,0.0,,
combined,0,490,2025-12-12,2025-12-12,1,1927,1927,0.004695249718609462,0.004695249718609462,True,True,0.0,0.004695249718609462,2025-12-12,2025-12-15,1.0,2.0,,,,
combined,1,491,2025-12-15,2025-12-15,1,1928,1928,-0.0027678481721346015,-0.0027678481721346015,True,True,-0.0027678481721346015,0.0,2025-12-16,2025-12-15,2.0,1.0,2025-12-15,0.0027678481721346015,,
combined,0,492,2025-12-16,2025-12-24,7,1929,1935,0.033830453052899,0.033830453052899,True,True,-0.013963364333367423,0.033830453052899,2025-12-17,2025-12-25,2.0,8.0,,,,
combined,1,493,2025-12-25,2026-01-13,12,1936,1947,0.11215451027042356,0.11215451027042356,True,True,0.0,0.1264655306962319,2025-12-25,2026-01-13,1.0,12.0,2026-01-13,0.012704357155929547,,
combined,0,494,2026-01-14,2026-01-16,3,1948,1950,0.004181889525399773,0.004181889525399773,True,True,0.0,0.009349431598294933,2026-01-14,2026-01-16,1.0,3.0,,,,
combined,1,495,2026-01-19,2026-01-23,5,1951,1955,0.05187996495297886,0.05187996495297886,True,True,-0.0003588146231283673,0.05187996495297886,2026-01-21,2026-01-26,3.0,6.0,2026-01-26,-0.0,,
combined,0,496,2026-01-26,2026-01-28,3,1956,1958,-0.004661822692822559,-0.004661822692822559,True,True,-0.018578547852034166,0.0,2026-01-27,2026-01-26,2.0,1.0,,,,
combined,1,497,2026-01-29,2026-01-29,1,1959,1959,-0.01689383761115104,-0.01689383761115104,True,True,-0.01689383761115104,0.0,2026-01-30,2026-01-29,2.0,1.0,2026-01-29,0.01689383761115104,,
combined,0,498,2026-01-30,2026-02-03,3,1960,1962,-0.02000205600884697,-0.02000205600884697,True,True,-0.03599466963829001,0.0,2026-02-03,2026-01-30,3.0,1.0,,,,
combined,-1,499,2026-02-04,2026-02-04,1,1963,1963,-0.00819496975035916,0.00819496975035916,True,True,-0.00819496975035916,0.0,2026-02-05,2026-02-04,2.0,1.0,2026-02-05,0.0,,
combined,0,500,2026-02-05,2026-03-02,12,1964,1975,0.05461341896118843,0.05461341896118843,True,True,-0.018145015519630325,0.05461341896118865,2026-02-06,2026-03-03,2.0,13.0,,,,
combined,-1,501,2026-03-03,2026-03-03,1,1976,1976,-0.055840428802944375,0.055840428802944375,True,True,-0.055840428802944375,0.0,2026-03-04,2026-03-03,2.0,1.0,2026-03-04,0.0,,
combined,0,502,2026-03-04,2026-03-16,9,1977,1985,0.003919144719862322,0.003919144719862322,True,True,0.0,0.030770076096282795,2026-03-04,2026-03-11,1.0,6.0,,,,
combined,-1,503,2026-03-17,2026-03-20,4,1986,1989,-0.07033518542443551,0.07033518542443551,True,True,-0.07033518542443562,0.0,2026-03-23,2026-03-17,5.0,1.0,2026-03-23,0.0,,
combined,0,504,2026-03-23,2026-03-25,3,1990,1992,0.01754815790641162,0.01754815790641162,True,True,-0.008941442073103656,0.01754815790641162,2026-03-24,2026-03-26,2.0,4.0,,,,
combined,1,505,2026-03-26,2026-03-26,1,1993,1993,-0.02808071168065418,-0.02808071168065418,True,True,-0.02808071168065418,0.0,2026-03-27,2026-03-26,2.0,1.0,2026-03-26,0.02808071168065418,2026-03-27,
combined,0,506,2026-03-27,2026-03-27,1,1994,1994,0.015380619039226717,0.015380619039226717,True,True,0.0,0.015380619039226717,2026-03-27,2026-03-30,1.0,2.0,,,,
combined,-1,507,2026-03-30,2026-04-03,5,1995,1999,-0.012150808107908029,0.012150808107908029,True,True,-0.01215080810790814,0.014262666506460908,2026-04-07,2026-04-01,6.0,3.0,2026-04-07,0.0,,
combined,0,508,2026-04-07,2026-04-14,6,2000,2005,0.07705126107803562,0.07705126107803562,True,True,0.0,0.07705126107803584,2026-04-07,2026-04-15,1.0,7.0,,,,
combined,1,509,2026-04-15,2026-04-15,1,2006,2006,-0.009411601570585626,-0.009411601570585626,True,True,-0.009411601570585626,0.0,2026-04-16,2026-04-15,2.0,1.0,2026-04-15,0.009411601570585626,,
combined,0,510,2026-04-16,2026-04-16,1,2007,2007,0.010813155565109867,0.010813155565109867,True,True,0.0,0.010813155565109867,2026-04-16,2026-04-17,1.0,2.0,,,,
combined,-1,511,2026-04-17,2026-04-17,1,2008,2008,0.008361139259482453,-0.008361139259482453,True,True,0.0,0.008361139259482453,2026-04-17,2026-04-20,1.0,2.0,2026-04-17,0.008361139259482453,,
combined,0,512,2026-04-20,2026-04-21,2,2009,2010,0.00039732067192810305,0.00039732067192810305,True,True,0.0,0.00483911868987752,2026-04-20,2026-04-21,1.0,2.0,,,,
combined,1,513,2026-04-22,2026-04-29,6,2011,2016,0.012712980017774766,0.012712980017774766,True,True,-0.008447557264798622,0.019559499529564928,2026-04-29,2026-04-23,6.0,2.0,2026-04-23,0.027469761997496178,2026-04-29,
combined,0,514,2026-04-30,2026-05-08,4,2017,2020,0.0527803995069569,0.0527803995069569,True,True,0.0,0.0527803995069569,2026-04-30,2026-05-11,1.0,5.0,,,,
combined,1,515,2026-05-11,2026-05-11,1,2021,2021,0.009691243116188186,0.009691243116188186,True,True,0.0,0.009691243116188186,2026-05-11,2026-05-12,1.0,2.0,2026-05-12,-0.0,,
combined,0,516,2026-05-12,2026-05-12,1,2022,2022,-0.014144552644974051,-0.014144552644974051,True,True,-0.014144552644974051,0.0,2026-05-13,2026-05-12,2.0,1.0,,,,
combined,1,517,2026-05-13,2026-05-13,1,2023,2023,0.025431154794464117,0.025431154794464117,True,True,0.0,0.025431154794464117,2026-05-13,2026-05-14,1.0,2.0,2026-05-14,-0.0,,
combined,0,518,2026-05-14,2026-05-15,2,2024,2025,-0.05137239566014784,-0.05137239566014784,True,True,-0.05137239566014784,0.0,2026-05-18,2026-05-14,3.0,1.0,,,,
combined,1,519,2026-05-18,2026-05-18,1,2026,2026,0.003666377303411794,0.003666377303411794,True,True,0.0,0.003666377303411794,2026-05-18,2026-05-19,1.0,2.0,2026-05-19,-0.0,,
combined,-1,520,2026-05-19,2026-05-19,1,2027,2027,0.006714976991911037,-0.006714976991911037,True,True,0.0,0.006714976991911037,2026-05-19,2026-05-20,1.0,2.0,2026-05-19,0.006714976991911037,,
combined,0,521,2026-05-20,2026-05-22,3,2028,2030,0.005804884516545705,0.005804884516545705,True,True,-0.012560278960744187,0.014191214485460346,2026-05-22,2026-05-21,3.0,2.0,,,,
combined,1,522,2026-05-25,2026-05-25,1,2031,2031,0.0039655747831721655,0.0039655747831721655,True,True,0.0,0.0039655747831721655,2026-05-25,2026-05-26,1.0,2.0,2026-05-26,-0.0,,
combined,0,523,2026-05-26,2026-05-29,4,2032,2035,-0.035422212767032835,-0.035422212767032835,True,True,-0.035422212767032835,0.0,2026-06-01,2026-05-26,5.0,1.0,,,,
combined,-1,524,2026-06-01,2026-06-01,1,2036,2036,-0.008094013095624408,0.008094013095624408,True,True,-0.008094013095624408,0.0,2026-06-02,2026-06-01,2.0,1.0,2026-06-02,0.0,,
combined,0,525,2026-06-02,2026-06-05,4,2037,2040,-0.03765280325454379,-0.03765280325454379,True,True,-0.03765280325454379,0.0032335231361375616,2026-06-08,2026-06-05,5.0,4.0,,,,
combined,-1,526,2026-06-08,2026-06-12,5,2041,2045,0.024614722888673723,-0.024614722888673723,True,True,0.0,0.026389206367716023,2026-06-08,2026-06-12,1.0,5.0,2026-06-08,0.026389206367716023,2026-06-12,
combined,0,527,2026-06-15,2026-06-17,3,2046,2048,0.0508188063824373,0.0508188063824373,True,True,0.0,0.05081880638243752,2026-06-15,2026-06-18,1.0,4.0,,,,
combined,1,528,2026-06-18,2026-06-18,1,2049,2049,0.013871755780604511,0.013871755780604511,True,True,0.0,0.013871755780604511,2026-06-18,2026-06-22,1.0,2.0,2026-06-22,-0.0,,
combined,0,529,2026-06-22,2026-06-24,3,2050,2052,0.015521264654985378,0.015521264654985378,True,True,-0.008152771450196106,0.015521264654985378,2026-06-24,2026-06-25,3.0,4.0,,,,
combined,1,530,2026-06-25,2026-06-30,4,2053,2056,0.023425374475019467,0.023425374475019467,True,True,-0.012806629033463413,0.023425374475019245,2026-06-29,2026-07-01,3.0,5.0,2026-07-01,-0.0,,
combined,0,531,2026-07-01,2026-07-10,8,2057,2064,-0.07102258651469728,-0.07102258651469728,True,True,-0.07102258651469706,0.0,2026-07-13,2026-07-01,9.0,1.0,,,,
combined,-1,532,2026-07-13,2026-07-17,5,2065,2069,-0.09648711663069043,0.09648711663069043,True,True,-0.09648711663069043,0.0,2026-07-20,2026-07-13,6.0,1.0,2026-07-20,0.0,,
combined,0,533,2026-07-20,2026-07-24,5,2070,2074,-0.011235639765534211,-0.011235639765534211,True,True,-0.021100535112318575,0.020148374074106634,2026-07-21,2026-07-23,2.0,4.0,,,,
combined,-1,534,2026-07-27,2026-07-31,5,2075,2079,-0.007359295765206331,0.007359295765206331,True,True,-0.008998664555243008,0.010297103845698707,2026-07-29,2026-07-28,3.0,2.0,2026-07-29,0.012498089270876589,,
combined,0,535,2026-08-03,2026-08-10,6,2080,2085,0.07002147854018026,0.07002147854018026,True,True,0.0,0.07332629433120386,2026-08-03,2026-08-10,1.0,6.0,,,,
combined,-1,536,2026-08-11,2026-08-11,1,2086,2086,-0.00015475088216021504,0.00015475088216021504,True,True,-0.00015475088216021504,0.0,2026-08-12,2026-08-11,2.0,1.0,2026-08-12,0.0,,
combined,0,537,2026-08-12,2026-08-17,4,2087,2090,,,False,False,,,,,,,,,,
