date,three_state,minus_exit_signal,plus_exit_signal,nonzero_final_three_state,close,o2o_h1,phase
2018-01-03,0,0,0,0,6388.2533,0.007667205872451843,Development
2018-01-04,0,0,0,0,6417.535,0.005407187928592183,Development
2018-01-05,0,0,0,0,6417.2537,-0.00013913212544713893,Development
2018-01-08,0,0,0,0,6446.1818,0.004336038256321784,Development
2018-01-09,0,0,0,0,6445.7462,0.00027582849025442613,Development
2018-01-10,0,0,0,0,6405.9395,-0.008001414271017082,Development
2018-01-11,0,0,0,0,6425.9401,0.004212078213125858,Development
2018-01-12,0,0,0,0,6399.3737,-0.004278211379826313,Development
2018-01-15,0,0,0,0,6253.3759,-0.022876673847916917,Development
2018-01-16,0,0,0,0,6301.1327,0.00686354681782797,Development
2018-01-17,-1,0,0,-1,6267.4599,-0.00555911355772587,Development
2018-01-18,-1,0,0,-1,6286.8007,0.005043145988130604,Development
2018-01-19,-1,0,0,-1,6272.38,-0.0031571161246604085,Development
2018-01-22,-1,0,0,-1,6347.6383,0.012439975705354822,Development
2018-01-23,-1,0,0,-1,6354.9978,0.0016727134191236726,Development
2018-01-24,0,0,0,0,6394.2999,0.005273072430619141,Development
2018-01-25,0,0,0,0,6382.7165,-0.001988398163693672,Development
2018-01-26,0,0,0,0,6383.6312,0.0017158030691644122,Development
2018-01-29,0,0,0,0,6309.8836,-0.013106941518658433,Development
2018-01-30,0,0,0,0,6313.442,-0.0037462459224203437,Development
2018-01-31,0,0,0,0,6189.3413,-0.015410413980390114,Development
2018-02-01,0,0,0,0,5984.7428,-0.03937541360626606,Development
2018-02-02,0,0,0,0,6004.8494,-0.0016644885211410942,Development
2018-02-05,0,0,0,0,5998.2236,-0.0069826313304367504,Development
2018-02-06,0,0,0,0,5704.2641,-0.013655416590820257,Development
2018-02-07,0,0,0,0,5711.3322,-0.018997599882190075,Development
2018-02-08,0,0,0,0,5766.4797,-0.011184873634435322,Development
2018-02-09,0,0,0,0,5554.8974,-0.008922115448860679,Development
2018-02-12,0,0,0,0,5699.0979,0.02677238072130317,Development
2018-02-13,0,0,0,0,5736.9505,0.0018734120761514372,Development
2018-02-14,0,0,0,0,5754.8344,0.010286780794832584,Development
2018-02-22,0,0,0,0,5875.7272,0.013233454738175388,Development
2018-02-23,0,0,0,0,5897.6765,0.008286365116762395,Development
2018-02-26,0,0,0,0,6029.6795,0.016782878461819806,Development
2018-02-27,0,0,0,0,6010.5573,-0.009622738787900764,Development
2018-02-28,0,0,0,0,6023.677,0.0032610143434594896,Development
2018-03-01,0,0,0,0,6090.2247,0.01104283188893751,Development
2018-03-02,0,0,0,0,6056.3354,0.0021816389309514683,Development
2018-03-05,0,0,0,0,6064.0983,0.0017613578952451192,Development
2018-03-06,0,0,0,0,6145.5768,0.009309637727091369,Development
2018-03-07,0,0,0,0,6086.4874,-0.00982654446606146,Development
2018-03-08,1,0,0,1,6131.5142,0.009459451805688746,Development
2018-03-09,1,0,0,1,6206.9754,0.01625931672439629,Development
2018-03-12,1,0,0,1,6295.7776,0.008825381639220087,Development
2018-03-13,1,0,0,1,6254.1457,-0.008202644626731814,Development
2018-03-14,1,0,1,0,6189.317,-0.009847035448641073,Development
2018-03-15,1,0,0,1,6180.1108,0.0013815329799689025,Development
2018-03-16,1,0,0,1,6146.3058,-0.006286782840274618,Development
2018-03-19,0,0,0,0,6153.8339,-0.00535854991111151,Development
2018-03-20,0,0,0,0,6173.6984,0.011867215638327044,Development
2018-03-21,0,0,0,0,6129.2042,-0.008421203831896262,Development
2018-03-22,0,0,0,0,6101.2276,-0.035347177204903546,Development
2018-03-23,0,0,0,0,5787.1523,-0.03348616050179054,Development
2018-03-26,0,0,0,0,5902.9588,0.04214676320128152,Development
2018-03-27,0,0,0,0,6034.775,0.0010624663136662438,Development
2018-03-28,0,0,0,0,5973.3414,0.005267532381454387,Development
2018-03-29,0,0,0,0,6034.8572,0.009710338663232232,Development
2018-03-30,0,0,0,0,6114.7382,0.01240177148194821,Development
2018-04-02,0,0,0,0,6121.9642,-0.01438918582732629,Development
2018-04-03,0,0,0,0,6059.7089,0.00638825447802982,Development
2018-04-04,0,0,0,0,6017.6863,-0.013705880825647276,Development
2018-04-09,0,0,0,0,6025.6493,0.006362944848488983,Development
2018-04-10,0,0,0,0,6063.7423,0.008212663403535991,Development
2018-04-11,0,0,0,0,6086.6126,-0.0013590360168467264,Development
2018-04-12,0,0,0,0,6051.3346,1.1426189474805781e-05,Development
2018-04-13,0,0,0,0,6027.1867,-0.00916496698552216,Development
2018-04-16,0,0,0,0,6012.4053,0.0010610370383761225,Development
2018-04-17,0,0,0,0,5890.8571,-0.016385328288932466,Development
2018-04-18,0,0,0,0,5970.6577,0.00664832327568754,Development
2018-04-19,0,0,0,0,6004.7334,0.00315605236063643,Development
2018-04-20,0,0,0,0,5880.8359,-0.01645221512104611,Development
2018-04-23,0,0,0,0,5823.9205,-0.010221536165038625,Development
2018-04-24,0,0,0,0,5957.1927,0.017844554012663494,Development
2018-04-25,0,0,0,0,5959.422,0.003674382168193935,Development
2018-04-26,0,0,0,0,5847.9766,-0.014408878329062125,Development
2018-04-27,0,0,0,0,5860.9836,-0.0006138667915199791,Development
2018-05-02,0,0,0,0,5855.3233,-0.003198824232924946,Development
2018-05-03,0,0,0,0,5910.6058,0.008219931155265536,Development
2018-05-04,0,0,0,0,5909.2944,0.005125120433378871,Development
2018-05-07,0,0,0,0,6019.1409,0.01727152465243864,Development
2018-05-08,0,0,0,0,6041.8143,0.0018051382674586502,Development
2018-05-09,0,0,0,0,6029.2329,0.0002568748405717969,Development
2018-05-10,0,0,0,0,6040.5716,0.0014871422270195112,Development
2018-05-11,0,0,0,0,5991.3424,-0.010341121235282857,Development
2018-05-14,0,0,0,0,5967.5541,-0.0017232177426889095,Development
2018-05-15,0,0,0,0,6020.5697,0.005122382987011509,Development
2018-05-16,0,0,0,0,6004.0696,-0.0003352461499542825,Development
2018-05-17,0,0,0,0,5973.7785,-0.00536288759400072,Development
2018-05-18,0,0,0,0,5995.1497,0.011035543281312066,Development
2018-05-21,0,0,0,0,6072.1991,0.005273807230815386,Development
2018-05-22,0,0,0,0,6092.9069,0.0023862186370313676,Development
2018-05-23,0,0,0,0,6013.8472,-0.010969890946737282,Development
2018-05-24,0,0,0,0,5992.6209,-0.005001778344305707,Development
2018-05-25,0,0,0,0,5917.7978,-0.012275941527624123,Development
2018-05-28,0,0,0,0,5891.2627,-0.004380675097936715,Development
2018-05-29,0,0,0,0,5835.4456,-0.021265849320542318,Development
2018-05-30,0,0,0,0,5682.5881,-0.006337672232187397,Development
2018-05-31,0,0,0,0,5754.4746,0.0012179388330926244,Development
2018-06-01,0,0,0,0,5685.1155,-0.0064482252511235405,Development
2018-06-04,0,0,0,0,5683.1486,-0.0020646868341953617,Development
2018-06-05,0,0,0,0,5779.0778,0.015753441644541066,Development
2018-06-06,0,0,0,0,5774.2575,0.0027285529847049794,Development
2018-06-07,0,0,0,0,5738.0176,-0.009439484426756906,Development
2018-06-08,0,0,0,0,5669.3031,-0.012943507536473109,Development
2018-06-11,0,0,0,0,5632.3566,-0.003411470149932261,Development
2018-06-12,0,0,0,0,5693.3461,0.0071760914220990735,Development
2018-06-13,0,0,0,0,5607.0173,-0.015538644968033033,Development
2018-06-14,0,0,0,0,5586.9314,-0.0013824355098644991,Development
2018-06-15,0,0,0,0,5483.9446,-0.033344124735376734,Development
2018-06-19,0,0,0,0,5141.7095,-0.05236981882599134,Development
2018-06-20,0,0,0,0,5198.3935,0.01604755891369547,Development
2018-06-21,0,0,0,0,5089.2522,-0.027653948963358266,Development
2018-06-22,0,0,0,0,5160.1228,0.028543122565035883,Development
2018-06-25,0,0,0,0,5125.0333,-0.026414121579095506,Development
2018-06-26,0,0,0,0,5160.2829,0.01981239453013206,Development
2018-06-27,0,0,0,0,5109.4975,-0.012038343352252179,Development
2018-06-28,0,0,0,0,5055.1093,-0.007144686327748451,Development
2018-06-29,0,0,0,0,5217.7643,0.030776916862844672,Development
2018-07-02,0,0,0,0,5138.7826,-0.015010102258579794,Development
2018-07-03,0,0,0,0,5197.1313,0.006352378513485357,Development
2018-07-04,0,0,0,0,5121.3436,-0.011998631572150642,Development
2018-07-05,0,0,0,0,4982.7627,-0.02488861878485471,Development
2018-07-06,0,0,0,0,4996.6299,0.005064248513092062,Development
2018-07-09,0,0,0,0,5107.5507,0.021350899192824624,Development
2018-07-10,0,0,0,0,5136.5326,-0.010568638230437188,Development
2018-07-11,0,0,0,0,5036.1565,-0.006082482380389664,Development
2018-07-12,0,0,0,0,5172.5032,0.028873772034502476,Development
2018-07-13,0,0,0,0,5204.1855,0.005221538792926195,Development
2018-07-16,0,0,0,0,5195.2002,-0.002379916055436082,Development
2018-07-17,0,0,0,0,5196.1969,0.0018772057567515432,Development
2018-07-18,0,0,0,0,5156.6363,-0.008754368889404618,Development
2018-07-19,0,0,0,0,5111.3271,-0.009260820802763359,Development
2018-07-20,0,0,0,0,5175.2516,0.008023715049618296,Development
2018-07-23,0,0,0,0,5214.0038,0.01297463517163222,Development
2018-07-24,0,0,0,0,5304.641,0.018149634646848822,Development
2018-07-25,0,0,0,0,5308.6569,-0.00013396720740499468,Development
2018-07-26,0,0,0,0,5273.4789,-0.006985203392238071,Development
2018-07-27,1,0,0,1,5249.2904,-0.004830888175182069,Development
2018-07-30,1,0,0,1,5185.151,-0.011810866585272639,Development
2018-07-31,1,0,0,1,5188.7166,0.003015613198705358,Development
2018-08-01,1,0,0,1,5105.3741,-0.020027870198918052,Development
2018-08-02,1,0,0,1,4996.012,-0.021876800220260062,Development
2018-08-03,0,0,0,0,4929.75,-0.012722024590529069,Development
2018-08-06,0,0,0,0,4825.2508,-0.016909884060407387,Development
2018-08-07,0,0,0,0,4956.8718,0.021600337595995,Development
2018-08-08,0,0,0,0,4880.5694,-0.015913481502806692,Development
2018-08-09,0,0,0,0,5004.7733,0.028360802946957087,Development
2018-08-10,0,0,0,0,5030.5148,-0.003741063412399881,Development
2018-08-13,0,0,0,0,5055.2753,0.012556171092320323,Development
2018-08-14,0,0,0,0,5037.8831,-0.0016503928515492206,Development
2018-08-15,0,0,0,0,4932.8063,-0.03154978261031893,Development
2018-08-16,0,0,0,0,4888.3712,0.00958450422546453,Development
2018-08-17,0,0,0,0,4803.0285,-0.026241555362776836,Development
2018-08-20,0,0,0,0,4832.6512,0.007711863705018862,Development
2018-08-21,0,0,0,0,4891.9801,0.009480690672637238,Development
2018-08-22,0,0,0,0,4837.0183,-0.009228088081137398,Development
2018-08-23,0,0,0,0,4863.6651,0.004523586255640311,Development
2018-08-24,-1,0,0,-1,4852.2887,0.0010836519162287228,Development
2018-08-27,-1,0,0,-1,4960.0655,0.02173424317070438,Development
2018-08-28,-1,0,0,-1,4974.2072,0.0014805827872919064,Development
2018-08-29,-1,0,0,-1,4941.9607,-0.006925525346520134,Development
2018-08-30,-1,0,0,-1,4867.1214,-0.016745960113095038,Development
2018-08-31,0,0,0,0,4814.8237,-0.009595496766619194,Development
2018-09-03,0,0,0,0,4838.873,0.005303117634797072,Development
2018-09-04,0,0,0,0,4890.2806,0.00894428769775657,Development
2018-09-05,0,0,0,0,4815.0343,-0.015619708384513542,Development
2018-09-06,0,0,0,0,4793.3454,-0.0008538753388662723,Development
2018-09-07,0,0,0,0,4791.7779,-0.0008831864073056694,Development
2018-09-10,0,0,0,0,4704.8782,-0.018729795279559314,Development
2018-09-11,0,0,0,0,4702.9032,-0.00041147523216167325,Development
2018-09-12,0,0,0,0,4693.9743,0.005643728277030302,Development
2018-09-13,0,0,0,0,4721.2121,-0.0014072550452463028,Development
2018-09-14,0,0,0,0,4670.0799,-0.015003418398770174,Development
2018-09-17,0,0,0,0,4602.3901,-0.013272251095533316,Development
2018-09-18,0,0,0,0,4683.5056,0.01868115107632673,Development
2018-09-19,0,0,0,0,4736.8934,0.012951428063629145,Development
2018-09-20,0,0,0,0,4733.4806,0.001969148812091648,Development
2018-09-21,0,0,0,0,4805.2151,0.006532140201122694,Development
2018-09-25,0,0,0,0,4792.5507,0.0040373274456357855,Development
2018-09-26,0,0,0,0,4815.6306,0.0038745369096324644,Development
2018-09-27,0,0,0,0,4755.3803,-0.010453712091138323,Development
2018-09-28,0,0,0,0,4800.7287,-0.008381792585128167,Development
2018-10-08,0,0,0,0,4646.4929,-0.014808093210562201,Development
2018-10-09,0,0,0,0,4634.8939,-0.003836313287541193,Development
2018-10-10,0,0,0,0,4629.8877,-0.032661226358245865,Development
2018-10-11,0,0,0,0,4307.4208,-0.048159241581505974,Development
2018-10-12,0,0,0,0,4278.0353,0.0037494415452381524,Development
2018-10-15,-1,0,0,-1,4199.1532,-0.021006100427288787,Development
2018-10-16,-1,0,0,-1,4099.6831,-0.010977686229227346,Development
2018-10-17,-1,0,0,-1,4133.3832,-0.010370971022308328,Development
2018-10-18,-1,0,0,-1,4018.4614,-0.03554479673739952,Development
2018-10-19,-1,1,0,0,4127.9854,0.052371893029329764,Development
2018-10-22,0,0,0,0,4333.1445,0.04097430452678097,Development
2018-10-23,0,0,0,0,4253.5561,-0.023661864493138784,Development
2018-10-24,0,0,0,0,4245.4884,-0.025899032454645088,Development
2018-10-25,0,0,0,0,4234.4208,0.03315195286807415,Development
2018-10-26,0,0,0,0,4233.9585,-0.009452252713516462,Development
2018-10-29,0,0,0,0,4162.5255,-0.017826322342491152,Development
2018-10-30,0,0,0,0,4204.5424,0.015043723440116619,Development
2018-10-31,0,0,0,0,4272.5518,0.02179324062016108,Development
2018-11-01,0,0,0,0,4298.9837,0.015647199374712262,Development
2018-11-02,0,0,0,0,4437.9456,0.013945983428347075,Development
2018-11-05,0,0,0,0,4440.8274,-6.215511477425384e-05,Development
2018-11-06,0,0,0,0,4438.0965,0.0023410354149875356,Development
2018-11-07,0,0,0,0,4415.136,0.001111764148892691,Development
2018-11-08,0,0,0,0,4382.3286,-0.01788164758667421,Development
2018-11-09,0,0,0,0,4368.6143,-0.0005916281658002731,Development
2018-11-12,0,0,0,0,4481.6881,0.016125575005513593,Development
2018-11-13,0,0,0,0,4563.5351,0.027273497885261566,Development
2018-11-14,0,0,0,0,4545.5089,-0.0023982834209248516,Development
2018-11-15,0,0,0,0,4619.8141,0.018525701004968198,Development
2018-11-16,0,0,0,0,4659.0965,0.007669442347268962,Development
2018-11-19,0,0,0,0,4670.737,-0.006726503199781186,Development
2018-11-20,1,0,0,1,4537.4493,-0.031485055830081876,Development
2018-11-21,1,0,0,1,4554.6747,0.017679615682639316,Development
2018-11-22,1,0,0,1,4551.3264,-0.004500067767747806,Development
2018-11-23,1,0,0,1,4374.7644,-0.037578656722155324,Development
2018-11-26,1,0,0,1,4367.4619,0.005002031603524637,Development
2018-11-27,0,0,0,0,4387.6515,-0.0007870184206831832,Development
2018-11-28,0,0,0,0,4441.8569,0.01662029359573247,Development
2018-11-29,0,0,0,0,4345.703,-0.028850097780705575,Development
2018-11-30,0,0,0,0,4376.6511,0.0345227276948612,Development
2018-12-03,0,0,0,0,4515.1735,0.0050367741699790525,Development
2018-12-04,0,0,0,0,4536.2104,-0.011106516008245193,Development
2018-12-05,0,0,0,0,4502.7021,0.004625535145106552,Development
2018-12-06,0,0,0,0,4411.0884,-0.012777311845831751,Development
2018-12-07,0,0,0,0,4410.9593,-0.008649702600361464,Development
2018-12-10,0,0,0,0,4359.3122,-0.0019064768242099683,Development
2018-12-11,0,0,0,0,4395.5702,0.008206420298359607,Development
2018-12-12,0,0,0,0,4393.324,-0.0008682636645548358,Development
2018-12-13,0,0,0,0,4443.1572,0.007018296418769054,Development
2018-12-14,0,0,0,0,4337.1025,-0.025565541298299133,Development
2018-12-17,0,0,0,0,4330.6465,-0.0033650399927728225,Development
2018-12-18,0,0,0,0,4307.2675,0.0007500845278456403,Development
2018-12-19,0,0,0,0,4247.8991,-0.016446696377260706,Development
2018-12-20,0,0,0,0,4259.7614,0.0014281291157201004,Development
2018-12-21,0,0,0,0,4231.144,-0.004491939308906789,Development
2018-12-24,0,0,0,0,4274.7218,0.0014640836797674694,Development
2018-12-25,0,0,0,0,4225.5124,-0.003515117077345531,Development
2018-12-26,0,0,0,0,4208.4053,0.010589305831531615,Development
2018-12-27,-1,0,0,-1,4161.2702,-0.022141025997373553,Development
2018-12-28,-1,0,0,-1,4168.0363,0.0017198376978282415,Development
2019-01-02,-1,0,0,-1,4131.9567,-0.010635472276135927,Development
2019-01-03,-1,0,0,-1,4112.807,-0.01357147644178669,Development
2019-01-04,-1,0,0,-1,4210.8786,0.03911376269294076,Development
2019-01-07,0,0,0,0,4288.3234,0.010211392369734229,Development
2019-01-08,0,0,0,0,4277.2967,0.001858410302345126,Development
2019-01-09,0,0,0,0,4288.7717,0.0007764630511049031,Development
2019-01-10,0,0,0,0,4281.8606,-0.0016704747114919538,Development
2019-01-11,0,0,0,0,4314.8757,0.008203449776392535,Development
2019-01-14,0,0,0,0,4286.5474,-0.007999399841191468,Development
2019-01-15,1,0,0,1,4347.3555,0.014963741537067365,Development
2019-01-16,1,0,0,1,4336.8779,-0.0028628210255730036,Development
2019-01-17,1,0,0,1,4303.7308,-0.006342477741299701,Development
2019-01-18,1,0,0,1,4347.8112,0.011042389023654842,Development
2019-01-21,1,0,0,1,4373.6333,0.0037102673233699868,Development
2019-01-22,1,0,0,1,4308.2518,-0.016454165233690476,Development
2019-01-23,1,0,0,1,4315.6846,0.004599066094928439,Development
2019-01-24,1,0,0,1,4338.17,0.005257172797306531,Development
2019-01-25,1,0,0,1,4318.4417,1.8173805290455647e-05,Development
2019-01-28,0,0,0,0,4307.2196,-0.009218719775656914,Development
2019-01-29,0,0,0,0,4254.2875,-0.015388835051986405,Development
2019-01-30,0,0,0,0,4211.6235,-0.007389697943080087,Development
2019-01-31,0,0,0,0,4176.4739,-0.0035365082379609225,Development
2019-02-01,0,0,0,0,4294.2696,0.027951236799761192,Development
2019-02-11,0,0,0,0,4402.8668,0.021420762423375983,Development
2019-02-12,0,0,0,0,4439.485,0.010068381702460272,Development
2019-02-13,1,0,0,1,4512.4088,0.014656017983905922,Development
2019-02-14,1,0,0,1,4532.1699,0.003572508752860415,Development
2019-02-15,1,0,0,1,4502.7348,0.0008894007528694736,Development
2019-02-18,1,0,0,1,4660.999,0.034310463953095116,Development
2019-02-19,1,0,0,1,4667.2836,-0.0034103546770573034,Development
2019-02-20,1,0,0,1,4667.6243,-0.00022968048659011142,Development
2019-02-21,1,0,0,1,4659.1431,-0.0031595608443160117,Development
2019-02-22,1,0,0,1,4777.2977,0.040632883145316656,Development
2019-02-25,1,0,0,1,5044.3466,0.045189265320914274,Development
2019-02-26,1,0,0,1,5038.5435,-0.0063045482325166935,Development
2019-02-27,1,0,0,1,5017.8842,-0.001978602206414326,Development
2019-02-28,1,0,0,1,5025.2913,0.005936772182421501,Development
2019-03-01,1,0,0,1,5067.225,0.013021762422170902,Development
2019-03-04,1,0,0,1,5158.2467,0.0065850223691736876,Development
2019-03-05,1,0,0,1,5295.2878,0.035267318335737485,Development
2019-03-06,1,0,0,1,5390.0294,0.00996573299225778,Development
2019-03-07,1,0,0,1,5458.6153,-0.007641547746753519,Development
2019-03-08,1,0,0,1,5245.6999,-0.011302210740884888,Development
2019-03-11,1,0,0,1,5456.381,0.04189311438511689,Development
2019-03-12,0,0,0,0,5551.0029,0.01022002455982074,Development
2019-03-13,0,0,0,0,5424.8642,-0.03167908417032639,Development
2019-03-14,0,0,0,0,5298.5024,-0.009719463084753799,Development
2019-03-15,0,0,0,0,5359.0087,0.01099065579106484,Development
2019-03-18,0,0,0,0,5501.183,0.021962994375220424,Development
2019-03-19,0,0,0,0,5522.1801,0.002290390583501667,Development
2019-03-20,0,0,0,0,5515.7856,0.0013923650193763404,Development
2019-03-21,0,0,0,0,5589.478,0.01177173214251015,Development
2019-03-22,0,0,0,0,5622.1402,-0.012482769984926034,Development
2019-03-25,0,0,0,0,5549.6711,0.009105563213844148,Development
2019-03-26,0,0,0,0,5394.8787,-0.025046499386676024,Development
2019-03-27,0,0,0,0,5447.8795,0.00017781736556776728,Development
2019-03-28,0,0,0,0,5370.1234,-0.011508107262217626,Development
2019-03-29,0,0,0,0,5547.6561,0.04119680824272076,Development
2019-04-01,0,0,0,0,5757.8379,0.036325977390884834,Development
2019-04-02,0,0,0,0,5775.5497,-0.008726169403476813,Development
2019-04-03,0,0,0,0,5836.0369,0.021616575892834167,Development
2019-04-04,0,0,0,0,5871.5575,0.009000523635785296,Development
2019-04-08,0,0,0,0,5847.6296,-0.014679515278168243,Development
2019-04-09,0,0,0,0,5858.0464,-0.0014164876960177653,Development
2019-04-10,0,0,0,0,5850.7609,0.0045674703328639765,Development
2019-04-11,0,0,0,0,5727.1749,-0.022654390261072188,Development
2019-04-12,0,0,0,0,5714.3676,0.01319097299199301,Development
2019-04-15,0,0,0,0,5655.9825,-0.029398493255397895,Development
2019-04-16,0,0,0,0,5777.0111,0.026935077551472286,Development
2019-04-17,0,0,0,0,5807.7288,0.004789327877239069,Development
2019-04-18,0,0,0,0,5775.171,-0.007201641872009001,Development
2019-04-19,0,0,0,0,5810.1798,0.010155660019072643,Development
2019-04-22,0,0,0,0,5723.0417,-0.01894675590436168,Development
2019-04-23,0,0,0,0,5628.0624,-0.013016156558805503,Development
2019-04-24,0,0,0,0,5679.7256,0.0027684329661676887,Development
2019-04-25,0,0,0,0,5458.4194,-0.03969967757993731,Development
2019-04-26,0,0,0,0,5408.0306,-0.004137852026120936,Development
2019-04-29,-1,0,0,-1,5265.6011,-0.029808419692567645,Development
2019-04-30,-1,0,0,-1,5307.56,-0.02318345989689985,Development
2019-05-06,-1,0,0,-1,4908.7984,-0.03697964356879746,Development
2019-05-07,-1,0,0,-1,4973.4043,-0.013633513191909308,Development
2019-05-08,-1,1,0,0,4947.7419,0.006615639917548544,Development
2019-05-09,-1,1,0,0,4888.4128,0.00867772356924168,Development
2019-05-10,-1,1,0,0,5064.323,0.013964914431213282,Development
2019-05-13,-1,1,0,0,5005.9044,-0.013390844884577535,Development
2019-05-14,0,0,0,0,4965.6124,0.012182639355500902,Development
2019-05-15,0,0,0,0,5076.555,0.013693545388981487,Development
2019-05-16,0,0,0,0,5108.3588,0.008111165438483559,Development
2019-05-17,0,0,0,0,4942.5792,-0.034244159572208055,Development
2019-05-20,0,0,0,0,4923.5589,-0.004017336466811017,Development
2019-05-21,0,0,0,0,5009.8725,0.017248707350539627,Development
2019-05-22,0,0,0,0,4976.3929,-0.009377548523935797,Development
2019-05-23,0,0,0,0,4872.9202,-0.021527965821800055,Development
2019-05-24,0,0,0,0,4841.7573,1.3612244931904272e-05,Development
2019-05-27,0,0,0,0,4962.947,0.02411997157884449,Development
2019-05-28,0,0,0,0,4955.4855,-0.004435121798598507,Development
2019-05-29,0,0,0,0,4956.8638,-0.0020364239770311876,Development
2019-05-30,0,0,0,0,4926.403,-0.0019419679405735524,Development
2019-05-31,0,0,0,0,4912.0005,-0.00044913403241986227,Development
2019-06-03,0,0,0,0,4853.8153,-0.015044572734134398,Development
2019-06-04,0,0,0,0,4795.4129,-0.002015073901376896,Development
2019-06-05,0,0,0,0,4783.8245,-0.01269258634178716,Development
2019-06-06,0,0,0,0,4678.7844,-0.017319476629866437,Development
2019-06-10,0,0,0,0,4725.2643,0.007892600804987326,Development
2019-06-11,0,0,0,0,4901.4723,0.03351462507693981,Development
2019-06-12,0,0,0,0,4863.4922,-0.006917223491349822,Development
2019-06-13,0,0,0,0,4877.6505,0.005084213293854667,Development
2019-06-14,0,0,0,0,4795.5267,-0.017234057010142023,Development
2019-06-17,0,0,0,0,4802.8185,0.0017058579619031455,Development
2019-06-18,0,0,0,0,4797.1468,0.020535346051740344,Development
2019-06-19,0,0,0,0,4858.9164,-0.010147136021796288,Development
2019-06-20,0,0,0,0,4954.7338,0.024803486715840428,Development
2019-06-21,0,0,0,0,5021.3051,0.011820305967206401,Development
2019-06-24,0,0,0,0,5024.2046,-0.002419076672074527,Development
2019-06-25,0,0,0,0,4974.9882,-0.015223653698799189,Development
2019-06-26,0,0,0,0,4962.5936,0.006313151259651706,Development
2019-06-27,0,0,0,0,5007.4833,0.006071615197944746,Development
2019-06-28,0,0,0,0,4950.4798,0.007886150863220642,Development
2019-07-01,0,0,0,0,5100.2619,0.009550289555470437,Development
2019-07-02,0,0,0,0,5084.41,-0.0035603108661258487,Development
2019-07-03,0,0,0,0,5040.7227,-0.0054834072577590875,Development
2019-07-04,0,0,0,0,5025.0207,-0.004072097569925659,Development
2019-07-05,0,0,0,0,5042.6599,0.0004582467261013967,Development
2019-07-08,0,0,0,0,4870.7807,-0.03184957810319444,Development
2019-07-09,0,0,0,0,4881.6235,0.004813848278978572,Development
2019-07-10,0,0,0,0,4843.8649,-0.004952788287587717,Development
2019-07-11,0,0,0,0,4844.5474,-0.0039978983838818705,Development
2019-07-12,0,0,0,0,4861.5679,0.0005503873378736035,Development
2019-07-15,0,0,0,0,4925.3243,0.013791839122978322,Development
2019-07-16,0,0,0,0,4932.0458,0.0026136723808083406,Development
2019-07-17,0,0,0,0,4929.085,-0.004244757675392896,Development
2019-07-18,0,0,0,0,4844.1087,-0.009879326654496645,Development
2019-07-19,0,0,0,0,4878.6903,0.00498163781155414,Development
2019-07-22,0,0,0,0,4776.5749,-0.021978907769681588,Development
2019-07-23,0,0,0,0,4823.9182,0.012497559413793935,Development
2019-07-24,0,0,0,0,4873.0271,0.0073189346927815535,Development
2019-07-25,0,0,0,0,4891.6432,0.0015483132123614851,Development
2019-07-26,0,0,0,0,4898.1099,0.003469263158213831,Development
2019-07-29,0,0,0,0,4897.0183,0.0010595281383718458,Development
2019-07-30,0,0,0,0,4922.9175,0.0022849812530127966,Development
2019-07-31,0,0,0,0,4903.203,-0.00742498439167405,Development
2019-08-01,0,0,0,0,4870.469,-0.021348206406514247,Development
2019-08-02,0,0,0,0,4809.9198,0.004709464485308734,Development
2019-08-05,0,0,0,0,4751.9846,-0.027121044064521205,Development
2019-08-06,0,0,0,0,4650.5627,0.0026978848226355545,Development
2019-08-07,0,0,0,0,4626.3641,-0.007814974956439902,Development
2019-08-08,0,0,0,0,4656.1009,0.007622192495195579,Development
2019-08-09,0,0,0,0,4600.3526,-0.014780294830226692,Development
2019-08-12,0,0,0,0,4685.045,0.008947777059286954,Development
2019-08-13,0,0,0,0,4658.3884,0.013798404894964866,Development
2019-08-14,0,0,0,0,4683.8403,-0.02724262844365455,Development
2019-08-15,0,0,0,0,4706.5504,0.02552774049755646,Development
2019-08-16,0,0,0,0,4722.6625,0.013380414009233954,Development
2019-08-19,0,0,0,0,4875.0363,0.023843654708008755,Development
2019-08-20,0,0,0,0,4872.6061,-0.002655864825579113,Development
2019-08-21,1,0,0,1,4882.7213,0.005887127764551137,Development
2019-08-22,1,0,0,1,4887.9142,-0.001191084640747353,Development
2019-08-23,1,0,0,1,4887.9024,-0.018216058237022326,Development
2019-08-26,1,0,0,1,4855.4584,0.016419684861480155,Development
2019-08-27,1,0,0,1,4936.1238,0.01057846284673869,Development
2019-08-28,1,0,0,1,4928.1935,0.0015612912075044783,Development
2019-08-29,1,0,0,1,4934.1838,0.005202456120858567,Development
2019-08-30,1,0,0,1,4886.494,-0.013948219911495974,Development
2019-09-02,1,0,0,1,5008.2958,0.025613818870981575,Development
2019-09-03,1,0,0,1,5044.1805,0.0034105437479250433,Development
2019-09-04,1,0,0,1,5093.2662,0.016489567665698424,Development
2019-09-05,1,0,0,1,5138.4051,0.006369885587548696,Development
2019-09-06,1,0,0,1,5154.6378,0.009805703793632992,Development
2019-09-09,1,0,0,1,5263.4594,0.011844183078735693,Development
2019-09-10,1,0,0,1,5245.305,-0.00034819261628016296,Development
2019-09-11,1,0,0,1,5217.2913,-0.006118809129039393,Development
2019-09-12,1,0,0,1,5242.6115,0.006310600795244037,Development
2019-09-16,0,0,0,0,5250.3398,-0.004890752299217871,Development
2019-09-17,0,0,0,0,5140.4502,-0.0170873677189175,Development
2019-09-18,0,0,0,0,5141.0381,0.00047303227499284617,Development
2019-09-19,0,0,0,0,5191.6687,0.009364064832328767,Development
2019-09-20,0,0,0,0,5204.4848,-0.0011241403882669143,Development
2019-09-23,0,0,0,0,5171.484,-0.004768371670477167,Development
2019-09-24,0,0,0,0,5180.7418,-0.0011553325886913823,Development
2019-09-25,0,0,0,0,5087.0091,-0.012133236001819703,Development
2019-09-26,0,0,0,0,4970.2403,-0.024607287861752147,Development
2019-09-27,0,0,0,0,5005.6299,0.0070578752160923575,Development
2019-09-30,0,0,0,0,4940.903,-0.01079237477662065,Development
2019-10-08,0,0,0,0,4941.7607,-0.005826245318439116,Development
2019-10-09,0,0,0,0,4982.9535,0.012572001367786356,Development
2019-10-10,0,0,0,0,5046.3594,0.013967127792383183,Development
2019-10-11,0,0,0,0,5055.5165,0.007395610765037031,Development
2019-10-14,0,0,0,0,5131.1312,0.003931413001418305,Development
2019-10-15,0,0,0,0,5061.0029,-0.009953633135817874,Development
2019-10-16,0,0,0,0,5038.356,-0.004948588979890256,Development
2019-10-17,0,0,0,0,5029.854,-0.0010823985817631776,Development
2019-10-18,0,0,0,0,4961.8072,-0.015301272293049561,Development
2019-10-21,0,0,0,0,4951.0354,-0.0005417615894341976,Development
2019-10-22,0,0,0,0,5005.5525,0.01115230139838519,Development
2019-10-23,0,0,0,0,4967.1949,-0.0095165703096598,Development
2019-10-24,0,0,0,0,4958.2465,-0.0016845485948090433,Development
2019-10-25,0,0,0,0,4994.5684,0.014684453203181347,Development
2019-10-28,0,0,0,0,5084.4677,0.010916196053213811,Development
2019-10-29,0,0,0,0,5007.7126,-0.02071595364588308,Development
2019-10-30,0,0,0,0,4947.8954,-0.00515453868634308,Development
2019-10-31,0,0,0,0,4917.4174,-0.008359188585255528,Development
2019-11-01,0,0,0,0,4962.3495,0.013387699426870459,Development
2019-11-04,0,0,0,0,4987.8364,0.004241427324808145,Development
2019-11-05,0,0,0,0,5025.3029,0.005333481094119685,Development
2019-11-06,0,0,0,0,4974.7343,-0.01026975781150552,Development
2019-11-07,0,0,0,0,5007.0666,0.013303936059924304,Development
2019-11-08,0,0,0,0,4988.2938,-0.01498261763567521,Development
2019-11-11,0,0,0,0,4876.1594,-0.01657304572812235,Development
2019-11-12,0,0,0,0,4881.6144,-9.018292828066876e-07,Development
2019-11-13,0,0,0,0,4875.543,-0.0007621489119071789,Development
2019-11-14,0,0,0,0,4912.1075,0.007170074359069245,Development
2019-11-15,0,0,0,0,4868.4367,-0.00976026419425402,Development
2019-11-18,0,0,0,0,4892.4609,0.006182161073683856,Development
2019-11-19,0,0,0,0,4975.1128,0.017050410461072252,Development
2019-11-20,0,0,0,0,4946.2757,-0.009225693357437503,Development
2019-11-21,0,0,0,0,4945.7188,0.00496138696921733,Development
2019-11-22,0,0,0,0,4904.0828,-0.009954019431403394,Development
2019-11-25,0,0,0,0,4901.5021,0.0002923550440390166,Development
2019-11-26,0,0,0,0,4882.1624,-0.005100838208416669,Development
2019-11-27,0,0,0,0,4904.2568,0.0033290640680689876,Development
2019-11-28,0,0,0,0,4889.2595,-0.0018997060326351178,Development
2019-11-29,0,0,0,0,4894.9416,0.001898841743767754,Development
2019-12-02,0,0,0,0,4905.4209,-0.0016791180617011792,Development
2019-12-03,0,0,0,0,4926.4548,0.0026748438547834485,Development
2019-12-04,0,0,0,0,4920.6682,0.005158689614020773,Development
2019-12-05,0,0,0,0,4967.6021,0.00817109025477758,Development
2019-12-06,0,0,0,0,5010.5104,0.010503254703413178,Development
2019-12-09,1,0,0,1,5024.604,-0.001543756554491571,Development
2019-12-10,1,0,0,1,5049.0514,0.006476864627023682,Development
2019-12-11,1,0,0,1,5027.2784,-0.0038545577786932572,Development
2019-12-12,1,0,0,1,5012.0011,0.004458589486594722,Development
2019-12-13,1,0,0,1,5073.6858,0.009400112003071115,Development
2019-12-16,1,0,0,1,5166.0391,0.014107181411216807,Development
2019-12-17,1,0,0,1,5236.0624,0.013207659013996453,Development
2019-12-18,1,0,0,1,5235.1248,0.0002748556143730152,Development
2019-12-19,1,0,0,1,5241.7376,0.0013936258008075963,Development
2019-12-20,1,0,0,1,5184.6752,-0.01581383015420379,Development
2019-12-23,1,0,0,1,5084.3505,-0.012104995690702558,Development
2019-12-24,1,0,0,1,5162.0702,0.011485377456090129,Development
2019-12-25,1,0,0,1,5183.0986,0.004656387919827587,Development
2019-12-26,1,0,0,1,5219.1404,0.008123065404912921,Development
2019-12-27,1,0,0,1,5179.1929,-0.012091559593688461,Development
2019-12-30,1,0,0,1,5241.9383,0.015426010630136266,Development
2019-12-31,1,0,0,1,5267.6622,0.012739619427283744,Development
2020-01-02,1,0,0,1,5366.1375,0.013071310268777614,Development
2020-01-03,1,0,0,1,5380.6372,-0.0020118366837345025,Development
2020-01-06,1,0,0,1,5434.8503,0.01429319607588675,Development
2020-01-07,1,0,0,1,5499.8395,0.007365290878382558,Development
2020-01-08,1,0,0,1,5423.7966,-0.0029418179300182423,Development
2020-01-09,1,0,0,1,5497.5429,0.0083823079614187,Development
2020-01-10,1,0,0,1,5480.2279,-0.006052244854326427,Development
2020-01-13,1,0,1,0,5559.6272,0.017945880046822404,Development
2020-01-14,0,0,0,0,5542.3316,-0.007830501045873794,Development
2020-01-15,0,0,0,0,5530.0266,0.0011675122325542908,Development
2020-01-16,0,0,0,0,5527.6676,5.450027982178973e-05,Development
2020-01-17,0,0,0,0,5510.0453,-0.0030169739533908446,Development
2020-01-20,0,0,0,0,5587.5359,0.010501592809051274,Development
2020-01-21,0,0,0,0,5523.9419,-0.014051792989018264,Development
2020-01-22,0,0,0,0,5575.5126,0.003490194702964189,Development
2020-01-23,0,0,0,0,5377.7411,-0.11316934587232996,Development
2020-02-03,0,0,0,0,4910.9011,-0.03283137915264467,Development
2020-02-04,0,0,0,0,4996.4743,0.06319223950849095,Development
2020-02-05,0,0,0,0,5123.9619,0.01842499821613286,Development
2020-02-06,0,0,0,0,5282.8922,0.031021240394484062,Development
2020-02-07,0,0,0,0,5327.0369,0.006570480904224851,Development
2020-02-10,0,0,0,0,5388.4349,0.01287419868839379,Development
2020-02-11,0,0,0,0,5361.2768,-0.008348629461079393,Development
2020-02-12,0,0,0,0,5459.9461,0.02079069172290371,Development
2020-02-13,0,0,0,0,5412.8418,-0.009013812132775523,Development
2020-02-14,0,0,0,0,5420.8025,0.008689602897382631,Development
2020-02-17,0,0,0,0,5594.4366,0.02811963547059615,Development
2020-02-18,0,0,0,0,5660.8142,0.008263020908887864,Development
2020-02-19,1,0,0,1,5603.2626,-0.006129538409634039,Development
2020-02-20,1,0,0,1,5706.7127,0.015182025412382671,Development
2020-02-21,1,0,0,1,5784.0321,0.013977457020674988,Development
2020-02-24,1,0,0,1,5865.4665,-0.006734824827496766,Development
2020-02-25,1,0,1,0,5897.7219,0.013650648833710921,Development
2020-02-26,1,0,1,0,5743.3929,-0.00924272882072874,Development
2020-02-27,1,0,1,0,5753.7277,-0.036706150268179694,Development
2020-02-28,1,0,0,1,5451.2897,-0.007552007894047641,Development
2020-03-02,0,0,0,0,5656.4193,0.043570284639803614,Development
2020-03-03,0,0,0,0,5710.0235,-0.014989547823462845,Development
2020-03-04,0,0,0,0,5716.5112,0.02199987771800771,Development
2020-03-05,0,0,0,0,5801.1199,-0.010034804365644301,Development
2020-03-06,0,0,0,0,5763.8602,-0.011932727356583461,Development
2020-03-09,0,0,0,0,5525.8167,-0.03695128384133839,Development
2020-03-10,0,0,0,0,5675.1113,0.04278012282152921,Development
2020-03-11,0,0,0,0,5589.5311,-0.032567224091735736,Development
2020-03-12,0,0,0,0,5493.8838,-0.05117097489845013,Development
2020-03-13,0,0,0,0,5457.2006,0.051934240324234215,Development
2020-03-16,-1,0,0,-1,5200.1142,-0.045728756756776345,Development
2020-03-17,-1,0,0,-1,5212.0619,0.002367866800548457,Development
2020-03-18,-1,0,0,-1,5119.4716,-0.02624602035495327,Development
2020-03-19,-1,0,0,-1,5157.8235,0.019051830589465357,Development
2020-03-20,-1,1,0,0,5219.2809,-0.02647502016295966,Development
2020-03-23,-1,1,0,0,4998.9095,0.0019287291777938531,Development
2020-03-24,-1,1,0,0,5096.0408,0.021933636246953103,Development
2020-03-25,-1,1,0,0,5217.4237,-0.0039050909179847437,Development
2020-03-26,0,0,0,0,5166.1091,0.008181774082588689,Development
2020-03-27,0,0,0,0,5137.3371,-0.028556510064014606,Development
2020-03-30,0,0,0,0,5027.4856,-3.577267711318832e-05,Development
2020-03-31,0,0,0,0,5041.4534,-0.00866054973395991,Development
2020-04-01,0,0,0,0,5019.2187,-0.006155141627327998,Development
2020-04-02,0,0,0,0,5147.2019,0.02898648606610066,Development
2020-04-03,0,0,0,0,5107.0393,0.011476190860400415,Development
2020-04-07,0,0,0,0,5267.073,0.007806907636481508,Development
2020-04-08,0,0,0,0,5271.7961,0.011081861799319137,Development
2020-04-09,0,0,0,0,5322.4614,0.0038708110173601984,Development
2020-04-10,0,0,0,0,5208.5102,-0.02731101670463476,Development
2020-04-13,0,0,0,0,5169.1757,0.004004390582405648,Development
2020-04-14,0,0,0,0,5288.593,0.01823969021919547,Development
2020-04-15,0,0,0,0,5268.7497,-0.008700300893822899,Development
2020-04-16,0,0,0,0,5316.9707,0.02078910892487662,Development
2020-04-17,0,0,0,0,5318.4547,-0.004689837659235696,Development
2020-04-20,0,0,0,0,5381.7857,0.005390695545826496,Development
2020-04-21,0,0,0,0,5343.8806,-0.010052904671658203,Development
2020-04-22,0,0,0,0,5387.6233,0.018458391198347357,Development
2020-04-23,0,0,0,0,5357.7904,-0.009644382149064046,Development
2020-04-24,0,0,0,0,5273.5474,-0.013375073399097936,Development
2020-04-27,0,0,0,0,5265.7248,-0.0020559279771292793,Development
2020-04-28,0,0,0,0,5227.846,-0.012227347279407108,Development
2020-04-29,0,0,0,0,5226.8116,0.011018368951092539,Development
2020-04-30,0,0,0,0,5353.8595,0.011384293547517688,Development
2020-05-06,0,0,0,0,5451.3159,0.025054125774769176,Development
2020-05-07,0,0,0,0,5445.7519,0.003780977096490501,Development
2020-05-08,1,0,0,1,5507.6965,0.00990556147786359,Development
2020-05-11,1,0,0,1,5496.192,-0.006336702992252419,Development
2020-05-12,1,0,0,1,5512.464,0.00033264960818746303,Development
2020-05-13,1,0,0,1,5536.2802,0.0031268417717225105,Development
2020-05-14,1,0,0,1,5487.107,-0.0005326059289125773,Development
2020-05-15,1,0,0,1,5507.9336,0.0022826802356248344,Development
2020-05-18,1,0,0,1,5478.8218,-0.0013932256935630383,Development
2020-05-19,1,0,0,1,5547.8759,0.0054424374820591925,Development
2020-05-20,1,0,0,1,5489.7024,-0.00664377042555897,Development
2020-05-21,1,0,0,1,5426.1745,-0.015699472719248098,Development
2020-05-22,0,0,0,0,5328.2268,-0.018031630578603908,Development
2020-05-25,0,0,0,0,5316.6036,0.003220475353935326,Development
2020-05-26,0,0,0,0,5420.2126,0.015997513476268654,Development
2020-05-27,0,0,0,0,5369.4992,-0.01092578832415203,Development
2020-05-28,0,0,0,0,5361.167,-0.003297507274839351,Development
2020-05-29,0,0,0,0,5406.3403,0.018080600829098792,Development
2020-06-01,0,0,0,0,5569.48,0.027370497559880747,Development
2020-06-02,0,0,0,0,5566.4438,-0.002083494590490065,Development
2020-06-03,0,0,0,0,5572.3125,0.0010107095634239727,Development
2020-06-04,0,0,0,0,5576.7535,-0.0007487997921760137,Development
2020-06-05,0,0,0,0,5585.4231,0.0059472073777233625,Development
2020-06-08,0,0,0,0,5575.3036,-0.006448714809065836,Development
2020-06-09,0,0,0,0,5610.3774,0.005287197893855788,Development
2020-06-10,0,0,0,0,5615.2417,0.0012444094284507212,Development
2020-06-11,1,0,0,1,5589.1019,-0.024001639827110566,Development
2020-06-12,1,0,0,1,5591.4871,0.022265408131920683,Development
2020-06-15,1,0,0,1,5590.6435,0.004883369671347948,Development
2020-06-16,1,0,0,1,5695.3007,0.013389816210822802,Development
2020-06-17,1,0,0,1,5735.4183,0.005140288736441567,Development
2020-06-18,1,0,0,1,5734.403,-0.0008020695041855985,Development
2020-06-19,1,0,0,1,5787.1482,0.010527591594356567,Development
2020-06-22,1,0,0,1,5784.0269,-0.0018413686257745532,Development
2020-06-23,1,0,0,1,5804.343,0.004395378425326779,Development
2020-06-24,0,0,0,0,5789.0893,-0.005867275948987505,Development
2020-06-29,0,0,0,0,5762.4378,0.00270262570940627,Development
2020-06-30,0,0,0,0,5864.4164,0.016316795216468005,Development
2020-07-01,0,0,0,0,5881.8875,-0.0006214249542020323,Development
2020-07-02,0,0,0,0,5975.2794,0.018553777772699176,Development
2020-07-03,0,0,0,0,6051.5099,0.01768954495761088,Development
2020-07-06,1,0,0,1,6299.8551,0.04467837292988386,Development
2020-07-07,1,0,0,1,6380.0276,0.0016696100152733262,Development
2020-07-08,1,0,0,1,6535.4151,0.025449235258470093,Development
2020-07-09,1,0,0,1,6693.7452,0.018809896293471517,Development
2020-07-10,1,0,0,1,6676.4373,0.006948774401997593,Development
2020-07-13,1,0,0,1,6899.5175,0.027772065452164707,Development
2020-07-14,1,0,1,0,6807.727,-0.011800371158291578,Development
2020-07-15,1,0,1,0,6638.8384,-0.02542505254330496,Development
2020-07-16,1,0,1,0,6319.9981,-0.0474686378066681,Development
2020-07-17,0,0,0,0,6344.5912,0.014549251532295582,Development
2020-07-20,0,0,0,0,6526.8325,0.019860369398730038,Development
2020-07-21,0,0,0,0,6563.3239,0.0011613418107965234,Development
2020-07-22,0,0,0,0,6620.6893,0.0012023493874073754,Development
2020-07-23,0,0,0,0,6620.0859,0.003468551017262289,Development
2020-07-24,0,0,0,0,6283.9831,-0.04255603879067538,Development
2020-07-27,0,0,0,0,6298.7351,0.006518445565155906,Development
2020-07-28,0,0,0,0,6359.6637,-0.0007365796142951853,Development
2020-07-29,0,0,0,0,6530.2712,0.032753909674202,Development
2020-07-30,0,0,0,0,6511.436,-0.0075292492753562534,Development
2020-07-31,0,0,0,0,6579.6696,0.020917181215928338,Development
2020-08-03,0,0,0,0,6739.8085,0.018559824541999337,Development
2020-08-04,0,0,0,0,6697.7071,-0.009145040706333707,Development
2020-08-05,0,0,0,0,6772.8422,0.012489683331474266,Development
2020-08-06,0,0,0,0,6770.3016,-0.005462244332924193,Development
2020-08-07,0,0,0,0,6688.8822,-0.01137880649280032,Development
2020-08-10,0,0,0,0,6725.2956,0.009181511766465533,Development
2020-08-11,0,0,0,0,6600.8472,-0.02196320884491698,Development
2020-08-12,0,0,0,0,6528.3999,-0.004200041890540573,Development
2020-08-13,0,0,0,0,6552.6567,-0.0014904989714026318,Development
2020-08-14,0,0,0,0,6623.5633,0.01588642881475688,Development
2020-08-17,0,0,0,0,6744.5468,0.0152055163483662,Development
2020-08-18,0,0,0,0,6789.3979,0.0051851279577546094,Development
2020-08-19,0,0,0,0,6666.274,-0.023676460850939218,Development
2020-08-20,0,0,0,0,6593.785,0.0010412857869503966,Development
2020-08-21,0,0,0,0,6643.9444,0.0057921217616065945,Development
2020-08-24,0,0,0,0,6688.9647,0.004623088511098272,Development
2020-08-25,0,0,0,0,6652.5478,-0.0071170123626935755,Development
2020-08-26,0,0,0,0,6525.8786,-0.01688800259952372,Development
2020-08-27,0,0,0,0,6578.7912,0.0051638416464925285,Development
2020-08-28,0,0,0,0,6691.2096,0.022426975853444775,Development
2020-08-31,0,0,0,0,6668.4331,-0.007756464120688755,Development
2020-09-01,0,0,0,0,6710.4599,0.008777834906815052,Development
2020-09-02,0,0,0,0,6717.5579,-0.0015741281494737747,Development
2020-09-03,0,0,0,0,6662.2515,-0.025199340912684498,Development
2020-09-04,0,0,0,0,6618.5762,0.011306365156263043,Development
2020-09-07,0,0,0,0,6478.8124,-0.019052332254897775,Development
2020-09-08,0,0,0,0,6525.098,-0.00592388983311809,Development
2020-09-09,0,0,0,0,6349.2234,-0.007844818741570614,Development
2020-09-10,0,0,0,0,6235.5687,-0.030427276394770164,Development
2020-09-11,-1,0,0,-1,6311.967,0.022636360168231784,Development
2020-09-14,-1,0,0,-1,6351.2422,0.0001073168333531882,Development
2020-09-15,-1,0,0,-1,6387.8805,0.004484496278922334,Development
2020-09-16,-1,0,0,-1,6353.836,-0.005305463682537148,Development
2020-09-17,-1,0,0,-1,6367.0206,0.0034859667727835664,Development
2020-09-18,-1,1,0,0,6469.4692,0.019540932577213566,Development
2020-09-21,0,0,0,0,6445.9649,-0.015433830704170592,Development
2020-09-22,0,0,0,0,6358.652,-0.0015243526112617145,Development
2020-09-23,0,0,0,0,6392.0329,-0.004479166407159063,Development
2020-09-24,0,0,0,0,6244.6389,-0.012904807817310848,Development
2020-09-25,0,0,0,0,6236.8904,-0.0026595337583705803,Development
2020-09-28,0,0,0,0,6178.4693,-0.00767866326907618,Development
2020-09-29,0,0,0,0,6228.7708,0.0061422678441862555,Development
2020-09-30,0,0,0,0,6192.5045,0.008799596638384255,Development
2020-10-09,0,0,0,0,6357.9711,0.01714463408447986,Development
2020-10-12,0,0,0,0,6541.176,0.0204043402873062,Development
2020-10-13,0,0,0,0,6551.3987,0.0013767283391168395,Development
2020-10-14,0,0,0,0,6508.3743,-0.005615120937024987,Development
2020-10-15,0,0,0,0,6460.0408,-0.008344741211303353,Development
2020-10-16,0,0,0,0,6428.6822,0.0015222083908474904,Development
2020-10-19,0,0,0,0,6358.3213,-0.01808104950912126,Development
2020-10-20,0,0,0,0,6423.1128,0.012055841810462598,Development
2020-10-21,0,0,0,0,6350.0127,-0.014688367640317113,Development
2020-10-22,0,0,0,0,6317.1438,-0.0031264551047279765,Development
2020-10-23,0,0,0,0,6213.2626,-0.018481235668981078,Development
2020-10-26,0,0,0,0,6214.3779,-0.0012720500115417366,Development
2020-10-27,-1,0,0,-1,6221.3414,0.005538141248646378,Development
2020-10-28,-1,0,0,-1,6245.9986,-0.008491611398367405,Development
2020-10-29,-1,0,0,-1,6255.1933,0.01686193192454377,Development
2020-10-30,-1,0,0,-1,6111.4803,-0.024466392269523074,Development
2020-11-02,-1,0,0,-1,6143.1157,0.009103414074013383,Development
2020-11-03,-1,1,0,0,6241.7676,0.011575005036712271,Development
2020-11-04,0,0,0,0,6234.158,0.007680420926665654,Development
2020-11-05,0,0,0,0,6351.9789,0.011370324621673422,Development
2020-11-06,0,0,0,0,6301.2477,-0.004515089994080346,Development
2020-11-09,0,0,0,0,6421.6506,0.01530401503508938,Development
2020-11-10,0,0,0,0,6373.0853,-0.012132108427074573,Development
2020-11-11,0,0,0,0,6294.6055,-0.008070821465835598,Development
2020-11-12,0,0,0,0,6315.4938,-9.614491713039186e-05,Development
2020-11-13,0,0,0,0,6306.97,0.002418113794469212,Development
2020-11-16,0,0,0,0,6387.371,0.009662525027674507,Development
2020-11-17,0,0,0,0,6336.9406,-0.007415705490647406,Development
2020-11-18,0,0,0,0,6341.0136,-0.0008473895730709557,Development
2020-11-19,0,0,0,0,6360.5998,0.004219855688697649,Development
2020-11-20,0,0,0,0,6422.9854,0.012766973333631526,Development
2020-11-23,0,0,0,0,6472.9301,0.005722275516003572,Development
2020-11-24,0,0,0,0,6475.1881,0.0025504628112442695,Development
2020-11-25,0,0,0,0,6350.3667,-0.021480692861629236,Development
2020-11-26,0,0,0,0,6334.3042,-0.001965034954462652,Development
2020-11-27,0,0,0,0,6351.6119,0.0036415815049488653,Development
2020-11-30,0,0,0,0,6320.9441,-0.008271034399702448,Development
2020-12-01,0,0,0,0,6426.6155,0.020625349247122893,Development
2020-12-02,0,0,0,0,6434.9791,-8.881700824281413e-05,Development
2020-12-03,0,0,0,0,6440.8808,-0.0017643812254612978,Development
2020-12-04,0,0,0,0,6464.7345,0.006218710931824134,Development
2020-12-07,0,0,0,0,6424.6823,-0.006469081081948769,Development
2020-12-08,0,0,0,0,6423.6513,0.000983443918238125,Development
2020-12-09,0,0,0,0,6307.2207,-0.02101301447838233,Development
2020-12-10,0,0,0,0,6320.0956,0.005317446059021513,Development
2020-12-11,0,0,0,0,6209.427,-0.019119210725296654,Development
2020-12-14,0,0,0,0,6259.0175,0.006809259795619305,Development
2020-12-15,0,0,0,0,6265.5819,0.002898259158134353,Development
2020-12-16,0,0,0,0,6235.4352,-0.006881086056594432,Development
2020-12-17,0,0,0,0,6308.9013,0.013667473135682284,Development
2020-12-18,0,0,0,0,6291.918,-0.0012523454040413995,Development
2020-12-21,0,0,0,0,6398.5987,0.011205682865137234,Development
2020-12-22,0,0,0,0,6250.0606,-0.018441634547351482,Development
2020-12-23,0,0,0,0,6307.604,0.008493158594869987,Development
2020-12-24,0,0,0,0,6205.2247,-0.018623804488184126,Development
2020-12-25,0,0,0,0,6278.4981,0.014987888371108093,Development
2020-12-28,0,0,0,0,6244.4818,-0.006850428502287009,Development
2020-12-29,0,0,0,0,6199.8523,-0.007096118718699085,Development
2020-12-30,0,0,0,0,6269.2484,0.013960750594231186,Development
2020-12-31,0,0,0,0,6367.1149,0.017930122590672948,Development
2021-01-04,0,0,0,0,6482.7868,0.011670267416793445,Development
2021-01-05,0,0,0,0,6539.7315,0.01228402245891469,Development
2021-01-06,0,0,0,0,6528.1425,-0.003978087038994493,Development
2021-01-07,0,0,0,0,6538.1162,0.0027410927667832485,Development
2021-01-08,0,0,0,0,6557.5964,0.002429880002891016,Development
2021-01-11,0,0,0,0,6455.3987,-0.02007456309864708,Development
2021-01-12,0,0,0,0,6543.2286,0.019331369463060133,Development
2021-01-13,0,0,0,0,6496.9131,-0.011945768958228187,Development
2021-01-14,0,0,0,0,6439.8854,-0.00690056447139642,Development
2021-01-15,0,0,0,0,6417.5011,-0.0019138556765551096,Development
2021-01-18,0,0,0,0,6514.4644,0.014910559279374791,Development
2021-01-19,0,0,0,0,6476.3736,-0.00503959885590588,Development
2021-01-20,0,0,0,0,6535.4185,0.011480396425979311,Development
2021-01-21,0,0,0,0,6622.4959,0.0103518685684576,Development
2021-01-22,0,0,0,0,6637.8052,0.0024712455034738845,Development
2021-01-25,0,0,0,0,6645.3137,-0.0022710972373488625,Development
2021-01-26,0,0,0,0,6532.961,-0.014116539698001973,Development
2021-01-27,0,0,0,0,6557.1608,-0.007938424804008526,Development
2021-01-28,0,0,0,0,6414.3811,-0.004198854858046608,Development
2021-01-29,0,0,0,0,6346.1371,-0.01706168948302622,Development
2021-02-01,0,0,0,0,6393.278,0.010445214272546632,Development
2021-02-02,0,0,0,0,6454.7853,0.008557745197274702,Development
2021-02-03,0,0,0,0,6399.3315,-0.013002502715272701,Development
2021-02-04,0,0,0,0,6328.7881,-0.004994296836743128,Development
2021-02-05,-1,0,0,-1,6239.8709,-0.015118831283995715,Development
2021-02-08,-1,0,0,-1,6323.1622,0.01384417755735945,Development
2021-02-09,-1,0,0,-1,6457.8814,0.022154085452198657,Development
2021-02-10,-1,0,0,-1,6525.1658,0.028195222069981263,Development
2021-02-18,-1,0,0,-1,6614.5443,-0.008571124072475844,Development
2021-02-19,0,0,0,0,6703.4821,0.019887062086580753,Development
2021-02-22,0,0,0,0,6657.056,-0.017515250006335914,Development
2021-02-23,0,0,0,0,6631.2286,0.0029758219175410883,Development
2021-02-24,0,0,0,0,6536.1861,-0.004986505700202204,Development
2021-02-25,0,0,0,0,6499.1528,-0.035524182323174336,Development
2021-02-26,0,0,0,0,6364.3529,0.006507603163403486,Development
2021-03-01,0,0,0,0,6488.4388,0.016677752694397974,Development
2021-03-02,0,0,0,0,6433.3282,-0.013506925437901218,Development
2021-03-03,0,0,0,0,6524.7513,0.008831259590183826,Development
2021-03-04,0,0,0,0,6401.9917,-0.024223409225436754,Development
2021-03-05,0,0,0,0,6403.4964,0.02023920730243023,Development
2021-03-08,-1,0,0,-1,6256.4092,-0.033850860020807394,Development
2021-03-09,-1,0,0,-1,6108.0027,-0.011313897123928274,Development
2021-03-10,-1,0,0,-1,6062.2552,-0.014669440450332027,Development
2021-03-11,-1,0,0,-1,6213.8319,0.025871212722974102,Development
2021-03-12,-1,0,0,-1,6222.3802,-0.006288372776126039,Development
2021-03-15,0,0,0,0,6173.8721,-0.002621078213438932,Development
2021-03-16,0,0,0,0,6195.2438,0.0007811279942895322,Development
2021-03-17,-1,0,0,-1,6225.3588,0.008138047629624001,Development
2021-03-18,-1,0,0,-1,6273.8556,-0.005767723587835505,Development
2021-03-19,-1,0,0,-1,6206.6023,0.002207867720148471,Development
2021-03-22,-1,0,0,-1,6305.6919,0.015952599381951593,Development
2021-03-23,-1,0,0,-1,6219.1666,-0.02023910886341862,Development
2021-03-24,0,0,0,0,6142.5439,-0.009941681912389977,Development
2021-03-25,0,0,0,0,6157.4072,0.007510210586769039,Development
2021-03-26,0,0,0,0,6251.7941,0.017060520319502448,Development
2021-03-29,0,0,0,0,6254.9426,-0.004869107789940874,Development
2021-03-30,0,0,0,0,6280.359,0.006126562522663193,Development
2021-03-31,0,0,0,0,6254.0695,-0.0029122945743151885,Development
2021-04-01,0,0,0,0,6311.6644,0.00912906616570397,Development
2021-04-02,0,0,0,0,6326.6059,0.00464417627827296,Development
2021-04-06,0,0,0,0,6343.0962,0.0007070716764405738,Development
2021-04-07,0,0,0,0,6348.0761,-0.002748182734247484,Development
2021-04-08,0,0,0,0,6356.7526,0.001952225466448354,Development
2021-04-09,0,0,0,0,6335.2393,-0.0031559316063367593,Development
2021-04-12,1,0,0,1,6226.4182,-0.01818760363894989,Development
2021-04-13,1,0,0,1,6209.7801,-0.0005773705803698848,Development
2021-04-14,1,0,0,1,6277.2111,0.009182234637748143,Development
2021-04-15,1,0,0,1,6276.4609,0.003230316308211245,Development
2021-04-16,1,0,0,1,6339.5906,0.007614442049455716,Development
2021-04-19,1,0,0,1,6425.2606,0.013901695461495889,Development
2021-04-20,1,0,0,1,6428.5411,-0.0036542184196123317,Development
2021-04-21,1,0,0,1,6420.2587,0.0075062472717506434,Development
2021-04-22,1,0,0,1,6445.4657,0.00019119268810641188,Development
2021-04-23,1,0,0,1,6462.7558,0.005396588716975126,Development
2021-04-26,1,0,0,1,6442.6451,-0.007050090273598486,Development
2021-04-27,1,0,0,1,6446.2822,-0.00023535213841052727,Development
2021-04-28,1,0,0,1,6489.7441,0.009722654815706333,Development
2021-04-29,1,0,0,1,6491.9281,-0.003893823827244791,Development
2021-04-30,1,0,0,1,6485.7075,0.005138529695011496,Development
2021-05-06,1,0,0,1,6489.3485,0.000303570288268995,Development
2021-05-07,1,0,0,1,6444.4429,-0.0067875320233021785,Development
2021-05-10,0,0,0,0,6475.9938,-0.0038887127321765025,Development
2021-05-11,0,0,0,0,6456.0376,-0.0002140828978575149,Development
2021-05-12,0,0,0,0,6512.0501,0.002182764248018998,Development
2021-05-13,0,0,0,0,6439.0273,0.0008868562027632976,Development
2021-05-14,0,0,0,0,6525.8036,0.010412043566968343,Development
2021-05-17,0,0,0,0,6578.1402,0.008752913555443387,Development
2021-05-18,0,0,0,0,6599.5985,0.00047624468932916386,Development
2021-05-19,0,0,0,0,6584.3869,-0.006230773435643822,Development
2021-05-20,0,0,0,0,6548.7111,0.002506584297553127,Development
2021-05-21,0,0,0,0,6527.864,-0.006352416879608969,Development
2021-05-24,0,0,0,0,6544.1218,0.005143026620159308,Development
2021-05-25,0,0,0,0,6619.6707,0.012523713063397723,Development
2021-05-26,0,0,0,0,6628.2065,-0.0003209595272358756,Development
2021-05-27,0,0,0,0,6685.4054,0.01056632864839524,Development
2021-05-28,0,0,0,0,6668.1696,-0.0026472082688238086,Development
2021-05-31,1,0,0,1,6728.9906,0.005551661249360462,Development
2021-06-01,1,0,0,1,6739.7624,0.0032536181821112287,Development
2021-06-02,1,0,0,1,6681.4285,-0.008960517962516512,Development
2021-06-03,1,0,0,1,6667.7264,-0.005695210051195665,Development
2021-06-04,1,0,0,1,6693.0574,0.00958681464525113,Development
2021-06-07,1,0,0,1,6721.5019,0.003034774823537756,Development
2021-06-08,1,0,0,1,6684.5626,-0.007277515360045617,Development
2021-06-09,1,0,0,1,6692.9049,0.0017494921776062267,Development
2021-06-10,0,0,0,0,6765.6436,0.012681311523564665,Development
2021-06-11,0,0,0,0,6725.9152,-0.005838365657991229,Development
2021-06-15,0,0,0,0,6663.6623,-0.011078206913380129,Development
2021-06-16,0,0,0,0,6566.286,-0.01579584092994457,Development
2021-06-17,0,0,0,0,6616.174,0.00853865245008878,Development
2021-06-18,0,0,0,0,6657.7635,0.0064122380791902245,Development
2021-06-21,0,0,0,0,6707.1762,0.010619132425175426,Development
2021-06-22,0,0,0,0,6739.7939,0.0027187400778794224,Development
2021-06-23,0,0,0,0,6789.9464,0.007458833445052937,Development
2021-06-24,0,0,0,0,6754.8657,-0.0063304443510942,Development
2021-06-25,0,0,0,0,6813.4138,0.009698103642837408,Development
2021-06-28,0,0,0,0,6828.5162,0.0027500188206681653,Development
2021-06-29,0,0,0,0,6765.4201,-0.009558621387076194,Development
2021-06-30,0,0,0,0,6808.1831,0.008858922353407017,Development
2021-07-01,0,0,0,0,6716.6658,-0.018546898567610715,Development
2021-07-02,0,0,0,0,6658.0451,-0.004616878614593811,Development
2021-07-05,0,0,0,0,6711.0136,0.008671680005094995,Development
2021-07-06,0,0,0,0,6709.4983,-0.009826727162798088,Development
2021-07-07,0,0,0,0,6764.1319,0.016960940374927125,Development
2021-07-08,0,0,0,0,6748.654,-0.007857877423258386,Development
2021-07-09,0,0,0,0,6804.5389,0.019469520162055165,Development
2021-07-12,0,0,0,0,6904.3818,0.007199763168795892,Development
2021-07-13,0,0,0,0,6961.8475,0.0075358185668237265,Development
2021-07-14,0,0,0,0,6898.7502,-0.011363203638908081,Development
2021-07-15,0,0,0,0,6932.406,0.00818157059792557,Development
2021-07-16,0,0,0,0,6925.1232,-0.002734563474742102,Development
2021-07-19,0,0,0,0,6889.3375,-0.011725340121045758,Development
2021-07-20,0,0,0,0,6901.1318,0.013549978756564052,Development
2021-07-21,0,0,0,0,6984.5418,0.01049211033911357,Development
2021-07-22,0,0,0,0,7026.5482,0.005723447595222142,Development
2021-07-23,0,0,0,0,6985.7499,-0.00883826990895309,Development
2021-07-26,1,0,0,1,6868.2074,-0.013860823974479852,Development
2021-07-27,1,0,0,1,6719.2557,-0.033048681484394216,Development
2021-07-28,1,0,0,1,6621.9845,0.010595923380336547,Development
2021-07-29,1,0,0,1,6758.8869,0.002847670341666886,Development
2021-07-30,1,0,0,1,6767.316,0.0025310565837375343,Development
2021-08-02,0,0,0,0,6872.0004,0.012958224152178843,Development
2021-08-03,0,0,0,0,6816.0107,-0.004424790333134365,Development
2021-08-04,0,0,0,0,6931.3365,0.015681446044858216,Development
2021-08-05,0,0,0,0,6911.8292,0.0011679484026105857,Development
2021-08-06,0,0,0,0,6938.8679,-0.002121626793366249,Development
2021-08-09,0,0,0,0,6979.5256,0.008172009003110103,Development
2021-08-10,0,0,0,0,7019.2284,0.0077383659155327855,Development
2021-08-11,0,0,0,0,7073.5219,0.004939493735629963,Development
2021-08-12,0,0,0,0,7095.2024,0.0015587295092365228,Development
2021-08-13,0,0,0,0,7088.8876,0.0024197963272913903,Development
2021-08-16,0,0,0,0,7052.4876,-0.005901238338015591,Development
2021-08-17,0,0,0,0,6894.4042,-0.02306188718151092,Development
2021-08-18,0,0,0,0,6941.008,0.004974818423050031,Development
2021-08-19,0,0,0,0,6947.0564,-0.00036017298885304694,Development
2021-08-20,0,0,0,0,6920.0248,0.004962315498305836,Development
2021-08-23,0,0,0,0,7024.5647,0.011845137985414755,Development
2021-08-24,0,0,0,0,7090.7817,0.008603786642849665,Development
2021-08-25,0,0,0,0,7153.0043,0.008373134515868408,Development
2021-08-26,0,0,0,0,7118.8442,-0.0076732946559242565,Development
2021-08-27,0,0,0,0,7180.1088,0.01493262755101532,Development
2021-08-30,0,0,0,0,7226.8823,-1.4217036360730795e-05,Development
2021-08-31,0,0,0,0,7255.3418,0.009511929561247356,Development
2021-09-01,1,0,0,1,7193.1,-0.013565457500692713,Development
2021-09-02,1,0,0,1,7307.0084,0.022767361698190047,Development
2021-09-03,1,0,0,1,7278.6809,-0.005225762165291692,Development
2021-09-06,1,0,0,1,7355.4013,0.008636272875033546,Development
2021-09-07,1,0,0,1,7498.9255,0.018470710266988988,Development
2021-09-08,1,0,1,0,7544.0411,0.005155479723530032,Development
2021-09-09,1,0,0,1,7617.4505,0.010434318777898577,Development
2021-09-10,1,0,1,0,7607.6749,-8.353468344379777e-06,Development
2021-09-13,1,0,1,0,7648.7481,0.002255836194157368,Development
2021-09-14,1,0,1,0,7556.6157,-0.0125105178540732,Development
2021-09-15,1,0,1,0,7592.3059,0.010833109463332935,Development
2021-09-16,0,0,0,0,7446.9353,-0.025611046347801092,Development
2021-09-17,0,0,0,0,7395.5645,-0.015727508335236617,Development
2021-09-22,0,0,0,0,7453.6247,0.028371029825347005,Development
2021-09-23,0,0,0,0,7502.8391,-0.0028974495013938117,Development
2021-09-24,0,0,0,0,7380.3843,-0.012089849837085054,Development
2021-09-27,0,0,0,0,7170.5899,-0.03261949279572762,Development
2021-09-28,-1,0,0,-1,7198.8966,-0.002215398964518278,Development
2021-09-29,-1,0,0,-1,7010.2192,-0.015129639433131836,Development
2021-09-30,-1,0,0,-1,7103.6076,0.02225138814501615,Development
2021-10-08,-1,0,0,-1,7091.3356,-0.012284888191656518,Development
2021-10-11,-1,0,0,-1,7090.4673,-0.004720675354032311,Development
2021-10-12,-1,1,0,0,6952.1903,-0.01578962347834001,Development
2021-10-13,-1,1,0,0,6981.5947,0.0018565971207962217,Development
2021-10-14,0,0,0,0,7008.3326,0.0036543236754682518,Development
2021-10-15,0,0,0,0,7024.1596,0.0044339148618650626,Development
2021-10-18,-1,0,0,-1,7068.1048,0.004786399519770557,Development
2021-10-19,-1,0,0,-1,7120.3794,0.003003962114752623,Development
2021-10-20,-1,0,0,-1,7118.7959,0.006445932793617493,Development
2021-10-21,-1,0,0,-1,7098.2542,-0.005401539144449297,Development
2021-10-22,-1,0,0,-1,7026.0676,-0.00989013483154344,Development
2021-10-25,0,0,0,0,7103.9856,0.014395708439397525,Development
2021-10-26,0,0,0,0,7102.4335,-0.0037840097610328804,Development
2021-10-27,0,0,0,0,7048.604,-0.009421814969590714,Development
2021-10-28,0,0,0,0,6950.2768,-0.010026110921039333,Development
2021-10-29,0,0,0,0,7022.4992,0.007076348556415146,Development
2021-11-01,0,0,0,0,7060.756,0.007984631929337294,Development
2021-11-02,0,0,0,0,6985.0998,-0.01217089268149496,Development
2021-11-03,0,0,0,0,7017.8541,0.008155223246354648,Development
2021-11-04,0,0,0,0,7073.8522,0.0055655143119897055,Development
2021-11-05,0,0,0,0,6991.9077,-0.011962382396552451,Development
2021-11-08,0,0,0,0,7026.9715,0.007310846419852579,Development
2021-11-09,0,0,0,0,7081.7539,0.003419133126471241,Development
2021-11-10,0,0,0,0,7062.3313,-0.0018088160509327489,Development
2021-11-11,0,0,0,0,7119.8589,0.009949122996795623,Development
2021-11-12,0,0,0,0,7156.6127,0.006608336783610724,Development
2021-11-15,0,0,0,0,7098.2129,-0.01145902508013763,Development
2021-11-16,0,0,0,0,7045.9387,-0.005687301951148194,Development
2021-11-17,0,0,0,0,7104.5344,0.00924901964653757,Development
2021-11-18,0,0,0,0,7084.6827,-0.0036255308347789006,Development
2021-11-19,0,0,0,0,7169.8759,0.013326812373717134,Development
2021-11-22,0,0,0,0,7255.0736,0.009550114975470647,Development
2021-11-23,0,0,0,0,7261.3791,0.001969460024230152,Development
2021-11-24,0,0,0,0,7256.1117,0.0003549894334411441,Development
2021-11-25,0,0,0,0,7233.5423,-0.006355006601179047,Development
2021-11-26,0,0,0,0,7219.8622,-0.01201376546750299,Development
2021-11-29,0,0,0,0,7221.8978,0.017166064793847635,Development
2021-11-30,0,0,0,0,7252.7552,-0.0018207384126620596,Development
2021-12-01,0,0,0,0,7272.837,0.0023892933951144,Development
2021-12-02,0,0,0,0,7229.988,-0.0031491819779387864,Development
2021-12-03,0,0,0,0,7301.9173,0.010425858327288706,Development
2021-12-06,0,0,0,0,7240.4558,-0.0047697981738512585,Development
2021-12-07,0,0,0,0,7206.8257,-0.00675360851937945,Development
2021-12-08,0,0,0,0,7302.9905,0.010213979945604246,Development
2021-12-09,0,0,0,0,7320.3177,-0.0017567282163201137,Development
2021-12-10,0,0,0,0,7306.646,0.006606735530948482,Development
2021-12-13,0,0,0,0,7353.0306,-0.0005282167843132513,Development
2021-12-14,0,0,0,0,7324.1331,-0.001442231873571287,Development
2021-12-15,0,0,0,0,7314.2586,0.0005119907073332097,Development
2021-12-16,0,0,0,0,7380.9974,0.007825382806213144,Development
2021-12-17,0,0,0,0,7314.5601,-0.012162959381660343,Development
2021-12-20,0,0,0,0,7195.9732,-0.013712344269925514,Development
2021-12-21,0,0,0,0,7275.4675,0.013758041192980297,Development
2021-12-22,0,0,0,0,7302.463,0.002229411310007867,Development
2021-12-23,0,0,0,0,7337.19,0.004084348728970344,Development
2021-12-24,0,0,0,0,7278.7556,-0.00908255229457755,Development
2021-12-27,0,0,0,0,7272.7493,0.0016004275473666674,Development
2021-12-28,0,0,0,0,7286.0336,-0.000732110561509014,Development
2021-12-29,0,0,0,0,7247.7741,-0.004074165723982004,Development
2021-12-30,0,0,0,0,7310.96,0.010337382892618763,Development
2021-12-31,0,0,0,0,7359.4024,0.009133968287635463,Development
2022-01-04,0,0,0,0,7354.4562,-0.005943036805719948,Development
2022-01-05,0,0,0,0,7222.6747,-0.021235257917132544,Development
2022-01-06,0,0,0,0,7229.9601,0.006185185013601879,Development
2022-01-07,-1,0,0,-1,7175.676,-0.009812941019220922,Development
2022-01-10,-1,0,0,-1,7191.4511,0.0035716292992853393,Development
2022-01-11,-1,0,0,-1,7135.2232,-0.003734415210319253,Development
2022-01-12,-1,0,0,-1,7196.9327,0.006014824048603762,Development
2022-01-13,-1,0,0,-1,7097.7594,-0.019410742110977486,Development
2022-01-14,-1,0,0,-1,7081.1408,0.0024340323036857736,Development
2022-01-17,-1,1,0,0,7157.8593,0.01165332274705988,Development
2022-01-18,-1,1,0,0,7163.1586,-0.0026038343805200315,Development
2022-01-19,0,0,0,0,7118.762,-0.0034945456047950074,Development
2022-01-20,0,0,0,0,7056.7854,-0.011457417554615268,Development
2022-01-21,-1,0,0,-1,6976.6155,-0.01350126810563812,Development
2022-01-24,-1,0,0,-1,6979.2456,0.002459657523238956,Development
2022-01-25,-1,0,0,-1,6743.9566,-0.028397161204857135,Development
2022-01-26,-1,0,0,-1,6782.5763,0.0028477078880955187,Development
2022-01-27,-1,0,0,-1,6605.9159,-0.01348243641504443,Development
2022-01-28,0,0,0,0,6580.53,-0.0038275976467284645,Development
2022-02-07,0,0,0,0,6676.6122,0.0021638611185643697,Development
2022-02-08,0,0,0,0,6742.1921,0.008648269452261825,Development
2022-02-09,0,0,0,0,6843.0271,0.01549852420701714,Development
2022-02-10,0,0,0,0,6840.485,-0.004294753603803603,Development
2022-02-11,0,0,0,0,6745.0235,-0.014708667105015172,Development
2022-02-14,0,0,0,0,6695.6958,-0.0016046278171892858,Development
2022-02-15,0,0,0,0,6760.2776,0.011698542054097594,Development
2022-02-16,0,0,0,0,6772.0336,-0.0021939731983723343,Development
2022-02-17,0,0,0,0,6768.7888,-0.00440772124464639,Development
2022-02-18,0,0,0,0,6835.0217,0.016120735571463873,Development
2022-02-21,0,0,0,0,6867.1129,-0.0023436069267244175,Development
2022-02-22,0,0,0,0,6784.7622,-0.0061437544833624624,Development
2022-02-23,0,0,0,0,6887.4236,0.011246446479988847,Development
2022-02-24,0,0,0,0,6764.8756,-0.008128662739437909,Development
2022-02-25,0,0,0,0,6819.4311,0.00379833636155813,Development
2022-02-28,0,0,0,0,6853.3081,0.005435756121928037,Development
2022-03-01,0,0,0,0,6874.0447,-0.0022639621823405953,Development
2022-03-02,0,0,0,0,6875.2404,0.006990412984893002,Development
2022-03-03,0,0,0,0,6859.5522,-0.011178489168483408,Development
2022-03-04,0,0,0,0,6803.8337,-0.003380415950280602,Development
2022-03-07,0,0,0,0,6659.3902,-0.022083934233657176,Development
2022-03-08,0,0,0,0,6429.8888,-0.03118183817870801,Development
2022-03-09,0,0,0,0,6305.6093,-0.0028386971050297083,Development
2022-03-10,-1,0,0,-1,6414.9402,-0.012720220717105102,Development
2022-03-11,-1,0,0,-1,6474.1269,0.011989763881739002,Development
2022-03-14,-1,0,0,-1,6323.5779,-0.02286811531915056,Development
2022-03-15,-1,0,0,-1,5964.9813,-0.03245040146397804,Development
2022-03-16,-1,0,0,-1,6156.2714,0.02714557872341894,Development
2022-03-17,-1,1,0,0,6267.5244,0.0025398147154287454,Development
2022-03-18,0,0,0,0,6332.2166,0.01457448592489996,Development
2022-03-21,0,0,0,0,6358.943,0.00044814661370007336,Development
2022-03-22,0,0,0,0,6358.1093,0.003927262734352954,Development
2022-03-23,0,0,0,0,6398.1009,0.0004174418196742913,Development
2022-03-24,0,0,0,0,6344.115,-0.0038079595716256076,Development
2022-03-25,0,0,0,0,6268.2376,-0.0183700671651863,Development
2022-03-28,0,0,0,0,6283.2814,0.009527021874422337,Development
2022-03-29,0,0,0,0,6253.0692,-0.00277827614117776,Development
2022-03-30,0,0,0,0,6377.8744,0.014206293981074758,Development
2022-03-31,0,0,0,0,6324.9609,-0.011273767023696979,Development
2022-04-01,0,0,0,0,6364.5206,0.011704155728933907,Development
2022-04-06,0,0,0,0,6356.9271,-0.006473893926168817,Development
2022-04-07,0,0,0,0,6221.5908,-0.014966191795177108,Development
2022-04-08,0,0,0,0,6224.1167,-0.004042365654444269,Development
2022-04-11,0,0,0,0,6029.8935,-0.02940155361575114,Development
2022-04-12,0,0,0,0,6126.9065,0.012460974835263094,Development
2022-04-13,0,0,0,0,6044.3263,-0.003371839838469004,Development
2022-04-14,0,0,0,0,6126.4902,0.0032906253536511,Development
2022-04-15,0,0,0,0,6070.7489,-0.012239893002468527,Development
2022-04-18,0,0,0,0,6074.0069,0.007965571401291172,Development
2022-04-19,-1,0,0,-1,6092.3963,0.0025270295515624763,Development
2022-04-20,-1,0,0,-1,5956.9208,-0.02449912887331951,Development
2022-04-21,-1,0,0,-1,5759.8013,-0.03464828524561858,Development
2022-04-22,-1,0,0,-1,5740.9844,-0.01253433674458948,Development
2022-04-25,-1,0,0,-1,5369.7171,-0.04987967687328143,Development
2022-04-26,-1,1,0,0,5234.0059,-0.036325724638139545,Development
2022-04-27,-1,1,0,0,5437.0374,0.04245450466594036,Development
2022-04-28,-1,1,0,0,5418.7641,0.011115273889926058,Development
2022-04-29,0,0,0,0,5627.9021,0.02813412761577183,Development
2022-05-05,0,0,0,0,5686.7023,-0.009179622814546429,Development
2022-05-06,0,0,0,0,5563.7693,-0.0015285446845498818,Development
2022-05-09,0,0,0,0,5608.5162,-0.0035795744874592694,Development
2022-05-10,0,0,0,0,5690.0868,0.029792375559549278,Development
2022-05-11,0,0,0,0,5737.8173,0.0017773805147984767,Development
2022-05-12,0,0,0,0,5743.1007,0.010120146173250744,Development
2022-05-13,0,0,0,0,5796.8014,0.012995954498392637,Development
2022-05-16,0,0,0,0,5791.0809,-0.008617329792613204,Development
2022-05-17,0,0,0,0,5816.3379,0.004436938520538503,Development
2022-05-18,0,0,0,0,5797.4896,-0.018365173756980657,Development
2022-05-19,0,0,0,0,5838.4074,0.02543676162029551,Development
2022-05-20,0,0,0,0,5929.4882,0.01488349703297609,Development
2022-05-23,0,0,0,0,5965.7277,0.0035357847519623675,Development
2022-05-24,0,0,0,0,5745.6751,-0.037052748498997534,Development
2022-05-25,0,0,0,0,5844.2546,0.018600719831211032,Development
2022-05-26,0,0,0,0,5911.5607,0.012535118902260889,Development
2022-05-27,0,0,0,0,5899.915,-0.00052162253503929,Development
2022-05-30,1,0,0,1,5942.8317,0.003739201038875928,Development
2022-05-31,1,0,0,1,6026.2373,0.011510978671976924,Development
2022-06-01,1,0,0,1,6023.644,-0.0013537420308534776,Development
2022-06-02,1,0,0,1,6078.4349,0.013209940256816433,Development
2022-06-06,1,0,0,1,6187.4441,0.017548258393159877,Development
2022-06-07,1,0,0,1,6186.5672,-0.0002612753469737328,Development
2022-06-08,1,0,0,1,6217.8276,0.0036809936568067414,Development
2022-06-09,1,0,0,1,6130.6862,-0.020011559141967505,Development
2022-06-10,1,0,0,1,6240.1032,0.01730329324024593,Development
2022-06-13,1,0,0,1,6233.6194,-0.004386302890293736,Development
2022-06-14,1,0,0,1,6275.5652,0.018461233496770202,Development
2022-06-15,1,0,0,1,6261.0613,-0.0020849285909926296,Development
2022-06-16,1,0,1,0,6264.822,-0.006659531786717299,Development
2022-06-17,1,0,1,0,6316.3092,0.016529414798278186,Development
2022-06-20,1,0,1,0,6330.3942,0.0002268872258679444,Development
2022-06-21,1,0,0,1,6277.0014,-0.0067943689647194105,Development
2022-06-22,1,0,0,1,6179.57,-0.015103805441795903,Development
2022-06-23,0,0,0,0,6300.4746,0.019369993514290584,Development
2022-06-24,0,0,0,0,6368.2827,0.014512935105740254,Development
2022-06-27,0,0,0,0,6407.7447,0.002200626548092055,Development
2022-06-28,0,0,0,0,6501.352,0.010406366375357967,Development
2022-06-29,1,0,0,1,6374.2974,-0.014501193378127275,Development
2022-06-30,1,0,0,1,6454.0778,0.010263695918124593,Development
2022-07-01,1,0,0,1,6438.5375,-0.0008798666276097489,Development
2022-07-04,1,0,0,1,6523.1311,0.014023064992917389,Development
2022-07-05,1,0,1,0,6511.5297,-0.0071048771620972895,Development
2022-07-06,1,0,1,0,6418.5453,-0.011498252733266767,Development
2022-07-07,1,0,1,0,6452.9863,0.009959266235047837,Development
2022-07-08,0,0,0,0,6404.4393,-0.014022494296373922,Development
2022-07-11,0,0,0,0,6319.1402,-0.010891859446931385,Development
2022-07-12,0,0,0,0,6241.4793,-0.012535506185217482,Development
2022-07-13,0,0,0,0,6268.4943,0.004615078608852574,Development
2022-07-14,0,0,0,0,6302.4319,0.001947260301413678,Development
2022-07-15,0,0,0,0,6196.7999,-0.01012423139554297,Development
2022-07-18,-1,0,0,-1,6312.3557,0.016527646483410763,Development
2022-07-19,-1,0,0,-1,6335.7093,0.005406975742198616,Development
2022-07-20,-1,0,0,-1,6410.7088,0.0074079926074646085,Development
2022-07-21,-1,0,0,-1,6347.5984,-0.007209519289183675,Development
2022-07-22,-1,0,0,-1,6289.5325,-0.008943322856816205,Development
2022-07-25,0,0,0,0,6231.2355,-0.009193232535074314,Development
2022-07-26,0,0,0,0,6307.956,0.010001187971141468,Development
2022-07-27,0,0,0,0,6332.2327,0.009468154344026702,Development
2022-07-28,0,0,0,0,6348.1655,-0.0007470989021709507,Development
2022-07-29,0,0,0,0,6294.1144,-0.009932682667076809,Development
2022-08-01,0,0,0,0,6347.2211,-0.0007590035318206789,Development
2022-08-02,0,0,0,0,6169.9961,-0.018603358607401477,Development
2022-08-03,0,0,0,0,6124.3146,-0.0018035467267800698,Development
2022-08-04,-1,0,0,-1,6158.7346,0.0024339149584031716,Development
2022-08-05,-1,0,0,-1,6270.5113,0.01474975105176024,Development
2022-08-08,-1,0,0,-1,6323.0746,0.00758581177289841,Development
2022-08-09,-1,0,0,-1,6341.4806,0.0027412597539766548,Development
2022-08-10,-1,0,0,-1,6322.0558,0.0028561081524156595,Development
2022-08-11,0,0,0,0,6439.3586,0.01190867728858036,Development
2022-08-12,0,0,0,0,6420.853,-0.0030183606811911012,Development
2022-08-15,1,0,0,1,6442.8093,0.0064073234332286955,Development
2022-08-16,1,0,0,1,6465.1866,0.004109381822224867,Development
2022-08-17,1,0,0,1,6493.5047,0.00125405271532264,Development
2022-08-18,1,0,0,1,6468.8056,-0.0019358714632324858,Development
2022-08-19,1,0,0,1,6391.7159,-0.01352388153808426,Development
2022-08-22,1,0,0,1,6472.6799,0.012353503136653066,Development
2022-08-23,1,0,0,1,6466.4045,0.0016276347829522475,Development
2022-08-24,1,0,0,1,6284.5769,-0.025892446278960368,Development
2022-08-25,1,0,0,1,6322.6961,0.004431835570325227,Development
2022-08-26,0,0,0,0,6298.3739,-0.018587258190902345,Development
2022-08-29,0,0,0,0,6310.402,0.015479041303237073,Development
2022-08-30,0,0,0,0,6285.9273,-0.006971257401305886,Development
2022-08-31,0,0,0,0,6155.7455,-0.017924303865616276,Development
2022-09-01,0,0,0,0,6126.7685,-0.0029238519184950906,Development
2022-09-02,0,0,0,0,6149.4273,0.0020228038886536126,Development
2022-09-05,0,0,0,0,6182.6465,0.008260088941790977,Development
2022-09-06,0,0,0,0,6291.5707,0.01153576708431503,Development
2022-09-07,0,0,0,0,6301.5644,0.004771250791727466,Development
2022-09-08,0,0,0,0,6272.5752,-0.0038110087596850972,Development
2022-09-09,0,0,0,0,6316.9724,0.009395165740270661,Development
2022-09-13,0,0,0,0,6300.422,-0.018934748827712955,Development
2022-09-14,0,0,0,0,6249.963,0.01054468688445942,Development
2022-09-15,0,0,0,0,6107.7964,-0.0300976545265208,Development
2022-09-16,0,0,0,0,5954.5037,-0.023568053390511046,Development
2022-09-19,-1,0,0,-1,5913.1493,0.00024864419226244827,Development
2022-09-20,-1,0,0,-1,5958.2922,-0.001049192804809862,Development
2022-09-21,-1,0,0,-1,5978.581,-0.0008404040757561404,Development
2022-09-22,-1,0,0,-1,5965.8854,0.0038669952095273796,Development
2022-09-23,-1,0,0,-1,5889.6019,-0.02004404752408606,Development
2022-09-26,-1,1,0,0,5806.3181,-0.003086477819168487,Development
2022-09-27,-1,1,0,0,5920.0531,0.014853763199127457,Development
2022-09-28,-1,1,0,0,5769.5198,-0.014682956795589619,Development
2022-09-29,0,0,0,0,5771.8812,-0.010152418767152227,Development
2022-09-30,0,0,0,0,5714.0629,-0.00596745183042624,Development
2022-10-10,0,0,0,0,5635.7109,-0.015232013069739092,Development
2022-10-11,0,0,0,0,5684.5063,0.006714247288926556,Development
2022-10-12,0,0,0,0,5820.4537,0.01924117857163421,Development
2022-10-13,0,0,0,0,5830.3355,0.013333785864146463,Development
2022-10-14,0,0,0,0,5973.4389,0.014576965040800305,Development
2022-10-17,0,0,0,0,6015.5963,0.013216041092537045,Development
2022-10-18,0,0,0,0,6035.6737,-0.001533232952752539,Development
2022-10-19,0,0,0,0,5972.7226,-0.013006625925802928,Development
2022-10-20,0,0,0,0,5948.8621,0.0026467168618664605,Development
2022-10-21,0,0,0,0,5956.8811,0.0015663660237767996,Development
2022-10-24,0,0,0,0,5896.9031,-0.01751127917896589,Development
2022-10-25,0,0,0,0,5869.781,0.0012026551933637109,Development
2022-10-26,0,0,0,0,5971.6009,0.01826026034438355,Development
2022-10-27,0,0,0,0,5963.0037,-0.00927781174422826,Development
2022-10-28,0,0,0,0,5781.7972,-0.030009644224668564,Development
2022-10-31,0,0,0,0,5807.1063,0.01203416295020987,Development
2022-11-01,0,0,0,0,5941.1451,0.019166130566762085,Development
2022-11-02,0,0,0,0,5997.8038,0.0031828740228836416,Development
2022-11-03,0,0,0,0,5996.7187,0.008712911207471086,Development
2022-11-04,0,0,0,0,6133.4629,0.022836311839620427,Development
2022-11-07,0,0,0,0,6141.4088,0.001084467784224108,Development
2022-11-08,0,0,0,0,6134.2564,0.00010610938938282466,Development
2022-11-09,0,0,0,0,6120.8286,-0.008998701205790938,Development
2022-11-10,0,0,0,0,6089.6951,0.02266832277102293,Development
2022-11-11,0,0,0,0,6138.6211,-0.013343637739128278,Development
2022-11-14,0,0,0,0,6129.5129,-0.002456081349307304,Development
2022-11-15,1,0,0,1,6236.3838,0.018526550729312197,Development
2022-11-16,1,0,0,1,6203.9174,-0.008959228855754175,Development
2022-11-17,1,0,0,1,6217.2052,0.004916952907996874,Development
2022-11-18,1,0,0,1,6191.6477,-0.010521896597392444,Development
2022-11-21,1,0,0,1,6189.7092,0.00495237468137355,Development
2022-11-22,1,0,0,1,6125.3999,-0.010341908740772676,Development
2022-11-23,1,0,0,1,6115.6049,0.0020164306798922116,Development
2022-11-24,0,0,0,0,6120.0659,-0.005136994294811181,Development
2022-11-25,0,0,0,0,6087.8591,-0.015630735371684468,Development
2022-11-28,0,0,0,0,6055.2843,0.011932755837116504,Development
2022-11-29,-1,0,0,-1,6163.8214,0.014053069436763987,Development
2022-11-30,-1,0,0,-1,6156.1465,0.008855159958094383,Development
2022-12-01,-1,0,0,-1,6186.1021,-0.005372152015222786,Development
2022-12-02,-1,0,0,-1,6168.0127,0.0038940594776908366,Development
2022-12-05,-1,0,0,-1,6215.1244,8.769779549289147e-05,Development
2022-12-06,0,0,0,0,6211.2515,-0.0007208355591743487,Development
2022-12-07,0,0,0,0,6204.0051,0.00017921756463779026,Development
2022-12-08,0,0,0,0,6186.2835,-0.002156758556476346,Development
2022-12-09,0,0,0,0,6192.3009,-0.0007355240206111668,Development
2022-12-12,0,0,0,0,6154.8092,-0.0044498647125098545,Development
2022-12-13,0,0,0,0,6121.6615,-0.005087411580576795,Development
2022-12-14,0,0,0,0,6096.3856,-0.00527796814331194,Development
2022-12-15,-1,0,0,-1,6101.8787,-0.002982109804181454,Development
2022-12-16,-1,0,0,-1,6072.8627,-0.002151250624922052,Development
2022-12-19,-1,0,0,-1,5936.4751,-0.023084641799565375,Development
2022-12-20,-1,0,0,-1,5878.0314,-0.006716391395902965,Development
2022-12-21,-1,0,0,-1,5845.835,-0.0019642227145053592,Development
2022-12-22,-1,1,0,0,5779.0555,-0.0197308360106917,Development
2022-12-23,-1,1,0,0,5763.3458,0.0029763303356187265,Development
2022-12-26,-1,1,0,0,5843.2555,0.015372620114102897,Development
2022-12-27,-1,1,0,0,5885.6622,0.001997574394678958,Development
2022-12-28,0,0,0,0,5862.0967,-0.004346655250275666,Development
2022-12-29,0,0,0,0,5857.4021,0.005362064527972388,Development
2022-12-30,0,0,0,0,5864.4669,-0.002336621069567224,Development
2023-01-03,0,0,0,0,5955.8969,0.01551736209587129,Validation
2023-01-04,0,0,0,0,5952.4538,0.0011644842973872471,Validation
2023-01-05,0,0,0,0,6010.4641,0.007506630910721235,Validation
2023-01-06,0,0,0,0,6012.8152,0.004034843698960122,Validation
2023-01-09,0,0,0,0,6040.0193,0.0026942476767046752,Validation
2023-01-10,0,0,0,0,6048.2968,0.0007276362649164536,Validation
2023-01-11,0,0,0,0,6014.1565,-0.004377273594502906,Validation
2023-01-12,0,0,0,0,6015.2871,0.001389608174994006,Validation
2023-01-13,0,0,0,0,6057.6902,0.006297784918743776,Validation
2023-01-16,1,0,0,1,6126.1772,0.010022060792944432,Validation
2023-01-17,1,0,0,1,6132.6391,0.0016243281009968857,Validation
2023-01-18,1,0,0,1,6151.4557,0.0009658303336168572,Validation
2023-01-19,1,0,0,1,6204.3261,0.011130526742040736,Validation
2023-01-20,1,0,0,1,6251.4337,0.018965291916828608,Validation
2023-01-30,1,0,0,1,6283.3272,-0.010357167612839557,Validation
2023-01-31,1,0,0,1,6289.15,0.005458424272228646,Validation
2023-02-01,1,0,0,1,6365.9051,0.013141544947617323,Validation
2023-02-02,1,0,0,1,6370.1411,-0.004478014343055836,Validation
2023-02-03,1,0,0,1,6343.6861,-0.006312479705025242,Validation
2023-02-06,1,0,0,1,6302.3349,-0.0008517721511871468,Validation
2023-02-07,1,0,0,1,6317.2377,0.00163181796345091,Validation
2023-02-08,1,0,0,1,6268.2759,-0.010001398208255408,Validation
2023-02-09,1,0,0,1,6354.562,0.014814957130337758,Validation
2023-02-10,1,0,0,1,6334.252,-0.0024854310113811007,Validation
2023-02-13,1,0,0,1,6383.8279,0.009694942827971564,Validation
2023-02-14,1,0,0,1,6397.2146,0.000665231126492527,Validation
2023-02-15,1,0,0,1,6384.3479,-0.0022908719792631427,Validation
2023-02-16,1,0,0,1,6289.4786,-0.01555273557929493,Validation
2023-02-17,0,0,0,0,6237.4053,-0.0058341212640250495,Validation
2023-02-20,0,0,0,0,6346.0678,0.01626879694660377,Validation
2023-02-21,0,0,0,0,6383.4248,0.00033392614515559416,Validation
2023-02-22,0,0,0,0,6375.0684,0.0039774701857004935,Validation
2023-02-23,0,0,0,0,6360.3202,-0.0015149689307806247,Validation
2023-02-24,0,0,0,0,6340.8435,-0.007693881638337952,Validation
2023-02-27,0,0,0,0,6307.2057,0.000823341822977719,Validation
2023-02-28,0,0,0,0,6357.5352,0.005164866792918055,Validation
2023-03-01,0,0,0,0,6402.1411,0.006568516795436352,Validation
2023-03-02,0,0,0,0,6382.2322,-0.0022182137342637853,Validation
2023-03-03,0,0,0,0,6390.3177,0.0021990225786596707,Validation
2023-03-06,0,0,0,0,6395.2191,-0.0012959155091970542,Validation
2023-03-07,0,0,0,0,6284.2986,-0.01962177002765464,Validation
2023-03-08,0,0,0,0,6301.5157,0.0074405634413914346,Validation
2023-03-09,0,0,0,0,6285.9521,-0.009425130783466074,Validation
2023-03-10,0,0,0,0,6204.8989,-0.009850965199086348,Validation
2023-03-13,0,0,0,0,6245.0029,0.007714811693699364,Validation
2023-03-14,0,0,0,0,6189.3969,-0.004296851165710769,Validation
2023-03-15,-1,0,0,-1,6224.64,-0.0031609608097211694,Validation
2023-03-16,-1,0,0,-1,6140.8317,-0.0027625236107694517,Validation
2023-03-17,-1,0,0,-1,6183.1843,0.003426958595180718,Validation
2023-03-20,-1,0,0,-1,6160.3541,-0.003787517691089204,Validation
2023-03-21,-1,0,0,-1,6234.6793,0.01174304008486482,Validation
2023-03-22,-1,0,0,-1,6269.7384,0.0014757471711723813,Validation
2023-03-23,0,0,0,0,6305.7585,0.009411157204194831,Validation
2023-03-24,0,0,0,0,6310.0979,-0.0012596732149523504,Validation
2023-03-27,0,0,0,0,6311.5998,0.0016024955717197642,Validation
2023-03-28,0,0,0,0,6279.9217,-0.00453366502274144,Validation
2023-03-29,0,0,0,0,6260.551,-0.004504344201442634,Validation
2023-03-30,0,0,0,0,6286.1773,0.0043486683269944315,Validation
2023-03-31,0,0,0,0,6339.8183,0.009839579043720459,Validation
2023-04-03,0,0,0,0,6413.8073,0.010733968913729353,Validation
2023-04-04,0,0,0,0,6408.8994,-0.004300792522911379,Validation
2023-04-06,1,0,0,1,6416.8456,0.004858319701052327,Validation
2023-04-07,1,0,0,1,6464.4664,0.008831271889401915,Validation
2023-04-10,1,0,0,1,6410.5218,-0.010704899804886203,Validation
2023-04-11,1,0,0,1,6420.877,0.0015729761636638084,Validation
2023-04-12,1,0,0,1,6443.4391,0.0035007850580632827,Validation
2023-04-13,1,0,0,1,6404.6463,-0.002772840293376766,Validation
2023-04-14,1,0,0,1,6431.0688,0.00039797132594077134,Validation
2023-04-17,1,0,0,1,6459.2396,0.004030847969152207,Validation
2023-04-18,1,0,0,1,6449.8531,-0.0006022711510351719,Validation
2023-04-19,1,0,0,1,6416.9696,-0.0055959058058028255,Validation
2023-04-20,1,0,0,1,6411.7564,0.00042223142379516077,Validation
2023-04-21,0,0,0,0,6250.5446,-0.02504091974411604,Validation
2023-04-24,0,0,0,0,6208.7797,-0.0072540977082972136,Validation
2023-04-25,-1,0,0,-1,6118.1526,-0.01780401128113196,Validation
2023-04-26,-1,0,0,-1,6142.1541,0.00533391106199721,Validation
2023-04-27,-1,0,0,-1,6157.936,0.003916496851547047,Validation
2023-04-28,-1,0,0,-1,6241.2441,0.01163637039878429,Validation
2023-05-04,-1,0,0,-1,6262.3891,0.005218884783890321,Validation
2023-05-05,0,0,0,0,6200.5759,-0.008476375578104212,Validation
2023-05-08,0,0,0,0,6248.5828,0.006446053702572119,Validation
2023-05-09,0,0,0,0,6181.9757,-0.012098509586015438,Validation
2023-05-10,0,0,0,0,6173.8093,0.0030052854692030895,Validation
2023-05-11,-1,0,0,-1,6154.4703,-0.007554268264549413,Validation
2023-05-12,-1,0,0,-1,6091.6464,-0.007210462574290588,Validation
2023-05-15,-1,0,0,-1,6159.3888,0.01058194104434551,Validation
2023-05-16,-1,0,0,-1,6110.8271,-0.009935138493432749,Validation
2023-05-17,-1,0,0,-1,6122.0518,0.005664353839570868,Validation
2023-05-18,-1,0,0,-1,6128.1762,-0.002556046225839159,Validation
2023-05-19,-1,1,0,0,6117.0833,-0.0008172025727257726,Validation
2023-05-22,-1,1,0,0,6115.3151,0.0003876080289673123,Validation
2023-05-23,-1,1,0,0,6052.4297,-0.01333360374151138,Validation
2023-05-24,-1,1,0,0,6005.7913,-0.005382392495286936,Validation
2023-05-25,-1,1,0,0,5988.1885,-0.0028468962306325007,Validation
2023-05-26,-1,1,0,0,6034.9834,0.01059751818807686,Validation
2023-05-29,0,0,0,0,6025.1552,-0.00629797875748217,Validation
2023-05-30,0,0,0,0,6061.3089,0.005917970257314442,Validation
2023-05-31,0,0,0,0,6047.8021,-0.0025176620858302634,Validation
2023-06-01,0,0,0,0,6051.4603,0.005491604038426745,Validation
2023-06-02,0,0,0,0,6105.2181,0.0066346239659407225,Validation
2023-06-05,0,0,0,0,6097.1059,-0.0022069344808234304,Validation
2023-06-06,0,0,0,0,5983.4202,-0.017467547265101357,Validation
2023-06-07,0,0,0,0,5987.011,-0.0017691832509140193,Validation
2023-06-08,0,0,0,0,5966.1477,-0.0005064868445793236,Validation
2023-06-09,0,0,0,0,6009.5826,0.005179905085195946,Validation
2023-06-12,0,0,0,0,6027.7122,0.002844898076334035,Validation
2023-06-13,0,0,0,0,6044.0371,0.0049448818641133485,Validation
2023-06-14,0,0,0,0,6044.0766,0.0005012538374871145,Validation
2023-06-15,0,0,0,0,6096.8075,0.0075007253116774475,Validation
2023-06-16,0,0,0,0,6148.0125,0.008861769498699212,Validation
2023-06-19,0,0,0,0,6131.3849,-0.0042463191682456936,Validation
2023-06-20,1,0,0,1,6126.1133,-0.0030211940239613932,Validation
2023-06-21,1,0,0,1,5990.8455,-0.02566685213317399,Validation
2023-06-26,1,0,0,1,5887.0324,-0.008385811348163963,Validation
2023-06-27,1,0,0,1,5948.0029,0.008130261335327127,Validation
2023-06-28,1,0,0,1,5942.3112,-0.002848404359722334,Validation
2023-06-29,0,0,0,0,5940.5782,0.0005334044899150125,Validation
2023-06-30,0,0,0,0,5998.7293,0.01304787221112047,Validation
2023-07-03,0,0,0,0,6042.3122,0.005566733009170877,Validation
2023-07-04,0,0,0,0,6055.2577,0.0012617493206743546,Validation
2023-07-05,0,0,0,0,6020.8212,-0.006560104057518279,Validation
2023-07-06,0,0,0,0,5988.5525,-0.006102429565415846,Validation
2023-07-07,0,0,0,0,5961.6057,0.0011102656663011246,Validation
2023-07-10,0,0,0,0,5984.2814,0.001741026911928012,Validation
2023-07-11,0,0,0,0,6029.2318,0.006613898029095511,Validation
2023-07-12,0,0,0,0,5962.7938,-0.007361219605592106,Validation
2023-07-13,0,0,0,0,6044.0583,0.011141813312964821,Validation
2023-07-14,0,0,0,0,6030.5188,-0.006638862590874095,Validation
2023-07-17,0,0,0,0,6012.6895,0.0005350450428394105,Validation
2023-07-18,0,0,0,0,6001.7998,-0.002925640451145628,Validation
2023-07-19,0,0,0,0,5993.4126,-0.0002572860781624442,Validation
2023-07-20,0,0,0,0,5925.4843,-0.013754565322591672,Validation
2023-07-21,0,0,0,0,5925.6255,-0.00013242358958520661,Validation
2023-07-24,0,0,0,0,5916.7141,0.01072066287393314,Validation
2023-07-25,0,0,0,0,6016.6312,0.0063231220416544165,Validation
2023-07-26,0,0,0,0,6001.5402,-0.0026456411055640894,Validation
2023-07-27,0,0,0,0,5961.1843,-0.00882412683034095,Validation
2023-07-28,0,0,0,0,6043.2438,0.019037561240165424,Validation
2023-07-31,0,0,0,0,6088.2431,0.0045862514188552694,Validation
2023-08-01,0,0,0,0,6098.8789,0.00020327266192832205,Validation
2023-08-02,0,0,0,0,6077.4645,-0.0041872918235804635,Validation
2023-08-03,0,0,0,0,6098.6868,0.010475250339262221,Validation
2023-08-04,0,0,0,0,6128.556,-0.0016836347994330092,Validation
2023-08-07,0,0,0,0,6090.7307,-0.0063005284543100615,Validation
2023-08-08,0,0,0,0,6066.1019,-0.004583315836537594,Validation
2023-08-09,0,0,0,0,6021.7506,-0.005967303799073287,Validation
2023-08-10,0,0,0,0,6031.7105,0.0027763558951938716,Validation
2023-08-11,0,0,0,0,5913.3502,-0.027456377483598637,Validation
2023-08-14,0,0,0,0,5916.8029,0.009427379785164502,Validation
2023-08-15,-1,0,0,-1,5879.7782,-0.010333545458734772,Validation
2023-08-16,-1,0,0,-1,5833.2155,-0.008481058415935383,Validation
2023-08-17,-1,0,0,-1,5874.3609,0.01139632146102465,Validation
2023-08-18,-1,0,0,-1,5777.7972,-0.01879825324793505,Validation
2023-08-21,-1,0,0,-1,5710.7783,-0.005449247128355927,Validation
2023-08-22,-1,1,0,0,5741.0606,-0.0001500892651761232,Validation
2023-08-23,0,0,0,0,5629.4999,-0.014310774121033432,Validation
2023-08-24,0,0,0,0,5652.6729,-0.004528844740899984,Validation
2023-08-25,0,0,0,0,5581.2116,0.046422273964390026,Validation
2023-08-28,0,0,0,0,5644.1405,-0.04330331467779602,Validation
2023-08-29,0,0,0,0,5770.3155,0.02651014756510639,Validation
2023-08-30,0,0,0,0,5775.1534,-0.0016144014218816283,Validation
2023-08-31,0,0,0,0,5739.3984,-0.004252382505066543,Validation
2023-09-01,0,0,0,0,5750.8027,0.004457354682211534,Validation
2023-09-04,0,0,0,0,5829.784,0.00830559235468531,Validation
2023-09-05,0,0,0,0,5788.7149,-0.008267693352953298,Validation
2023-09-06,0,0,0,0,5790.3806,0.0017709403000667479,Validation
2023-09-07,0,0,0,0,5702.7008,-0.016847736172574512,Validation
2023-09-08,0,0,0,0,5708.6227,0.006748394511414402,Validation
2023-09-11,0,0,0,0,5774.7305,0.008989662290251887,Validation
2023-09-12,0,0,0,0,5770.9259,-0.001669764759723802,Validation
2023-09-13,0,0,0,0,5715.3973,-0.008699189971815402,Validation
2023-09-14,0,0,0,0,5702.102,0.000283288210905841,Validation
2023-09-15,0,0,0,0,5704.6632,-0.005325303701592454,Validation
2023-09-18,0,0,0,0,5719.6887,0.004861504766030755,Validation
2023-09-19,0,0,0,0,5687.9007,-0.006225542004109741,Validation
2023-09-20,0,0,0,0,5651.0062,-0.006954001804426846,Validation
2023-09-21,0,0,0,0,5611.9186,-0.005605432821266132,Validation
2023-09-22,0,0,0,0,5698.8168,0.015707222472601146,Validation
2023-09-25,0,0,0,0,5666.6642,-0.0059474942722899105,Validation
2023-09-26,0,0,0,0,5646.6544,-0.003293904657421187,Validation
2023-09-27,0,0,0,0,5674.3451,0.008020703726502099,Validation
2023-09-28,0,0,0,0,5690.7697,-0.0014065409295955789,Validation
2023-10-09,0,0,0,0,5658.0832,-0.00246124702384376,Validation
2023-10-10,0,0,0,0,5630.3714,-0.004693184849601573,Validation
2023-10-11,0,0,0,0,5629.7886,0.0029332307538110225,Validation
2023-10-12,0,0,0,0,5671.6419,-0.001799327531769368,Validation
2023-10-13,0,0,0,0,5633.3831,-0.0021495945946855555,Validation
2023-10-16,0,0,0,0,5580.6666,-0.008548522134765313,Validation
2023-10-17,0,0,0,0,5595.3423,0.00015680882615609626,Validation
2023-10-18,0,0,0,0,5524.5988,-0.015979747729537475,Validation
2023-10-19,0,0,0,0,5464.027,-0.009696935142162189,Validation
2023-10-20,0,0,0,0,5423.6748,-0.007883245931440297,Validation
2023-10-23,0,0,0,0,5290.3343,-0.01645652856131008,Validation
2023-10-24,0,0,0,0,5352.0123,0.014073936905787177,Validation
2023-10-25,0,0,0,0,5375.9983,-0.006546586414311384,Validation
2023-10-26,0,0,0,0,5398.934,0.006748327671884713,Validation
2023-10-27,0,0,0,0,5492.0274,0.018070325805952026,Validation
2023-10-30,0,0,0,0,5546.3881,0.011432014300342352,Validation
2023-10-31,0,0,0,0,5528.2385,-0.002241801511406294,Validation
2023-11-01,0,0,0,0,5509.9662,-0.003680489812233345,Validation
2023-11-02,0,0,0,0,5459.4517,-0.009497331878845161,Validation
2023-11-03,0,0,0,0,5510.357,0.015954705697982297,Validation
2023-11-06,0,0,0,0,5605.0621,0.008140823902383687,Validation
2023-11-07,0,0,0,0,5611.0983,0.0015200733968083746,Validation
2023-11-08,1,0,0,1,5608.0173,-8.579377364936747e-05,Validation
2023-11-09,1,0,0,1,5592.0568,-0.004489593020246319,Validation
2023-11-10,1,0,0,1,5573.0999,0.0021017915521011066,Validation
2023-11-13,1,0,0,1,5605.5688,0.002491188365412844,Validation
2023-11-14,1,0,0,1,5630.5534,0.013308518218037024,Validation
2023-11-15,1,0,0,1,5664.617,-0.005370097733876422,Validation
2023-11-16,1,0,0,1,5609.3607,-0.008519174388987083,Validation
2023-11-17,1,0,0,1,5631.4233,0.0065429554418476865,Validation
2023-11-20,0,0,0,0,5659.7727,0.005958279374887576,Validation
2023-11-21,0,0,0,0,5641.0844,-0.008167622424684717,Validation
2023-11-22,1,0,0,1,5572.8986,-0.00998215943963765,Validation
2023-11-23,1,0,0,1,5622.9891,0.00944638410190013,Validation
2023-11-24,1,0,0,1,5570.4205,-0.01006707450139821,Validation
2023-11-27,1,0,0,1,5566.5069,-0.00021070518987675868,Validation
2023-11-28,1,0,0,1,5591.4955,0.004890232113142767,Validation
2023-11-29,0,0,0,0,5553.3349,-0.007201919548042501,Validation
2023-11-30,0,0,0,0,5545.0504,-0.001315304754922364,Validation
2023-12-01,0,0,0,0,5566.8689,0.006712323229552508,Validation
2023-12-04,0,0,0,0,5559.0682,-0.006373416991422576,Validation
2023-12-05,0,0,0,0,5460.4088,-0.017032593728707357,Validation
2023-12-06,0,0,0,0,5481.824,0.004920713798354681,Validation
2023-12-07,0,0,0,0,5481.1355,0.0017195688583488966,Validation
2023-12-08,0,0,0,0,5497.9897,-0.0020113286768137506,Validation
2023-12-11,0,0,0,0,5564.8538,0.015854882537824633,Validation
2023-12-12,0,0,0,0,5566.1778,-0.0006095206031973,Validation
2023-12-13,0,0,0,0,5507.5128,-0.004329674201202893,Validation
2023-12-14,0,0,0,0,5489.3267,-0.00607572464351569,Validation
2023-12-15,0,0,0,0,5449.7864,-0.011343191870078484,Validation
2023-12-18,0,0,0,0,5385.2702,-0.010346572720547176,Validation
2023-12-19,0,0,0,0,5379.8735,0.0009777475365539967,Validation
2023-12-20,-1,0,0,-1,5309.2865,-0.018481726943854304,Validation
2023-12-21,-1,0,0,-1,5338.762,0.009633604807730123,Validation
2023-12-22,-1,0,0,-1,5311.6902,-0.006708758848698815,Validation
2023-12-25,-1,0,0,-1,5315.3746,0.0021175600036478226,Validation
2023-12-26,-1,0,0,-1,5258.2841,-0.009642749767405978,Validation
2023-12-27,-1,0,0,-1,5285.5301,0.0036339914442644616,Validation
2023-12-28,0,0,0,0,5382.7966,0.0182336764147355,Validation
2023-12-29,0,0,0,0,5429.2288,0.010136104734541407,Validation
2024-01-02,0,0,0,0,5409.4554,-0.0061096625184038356,Validation
2024-01-03,0,0,0,0,5401.395,-0.0005837214605896035,Validation
2024-01-04,0,0,0,0,5355.3216,-0.008909884646612132,Validation
2024-01-05,0,0,0,0,5281.8711,-0.014744291769214102,Validation
2024-01-08,0,0,0,0,5167.6997,-0.017486125663478957,Validation
2024-01-09,0,0,0,0,5180.653,-0.0016191687008991762,Validation
2024-01-10,0,0,0,0,5158.0784,-0.0029747866757560137,Validation
2024-01-11,0,0,0,0,5223.8633,0.011795878353973333,Validation
2024-01-12,0,0,0,0,5206.178,-0.004528502960866709,Validation
2024-01-15,0,0,0,0,5193.2956,-0.00022327657203657925,Validation
2024-01-16,-1,0,0,-1,5190.3975,-0.0014347668242267186,Validation
2024-01-17,-1,0,0,-1,5061.5395,-0.02853195079002413,Validation
2024-01-18,-1,0,0,-1,5066.9579,0.004643914315128672,Validation
2024-01-19,-1,0,0,-1,5018.4332,-0.00945245172206366,Validation
2024-01-22,-1,0,0,-1,4780.9748,-0.04735460861108254,Validation
2024-01-23,-1,1,0,0,4865.743,0.024040131813578114,Validation
2024-01-24,-1,1,0,0,4933.7009,0.00929629683674471,Validation
2024-01-25,0,0,0,0,5073.1779,0.02507498893924942,Validation
2024-01-26,0,0,0,0,5027.0932,-0.0045846054501585964,Validation
2024-01-29,0,0,0,0,4927.9137,-0.02657930081951887,Validation
2024-01-30,0,0,0,0,4814.9908,-0.022772615813374086,Validation
2024-01-31,-1,0,0,-1,4696.9796,-0.024839116332270206,Validation
2024-02-01,-1,0,0,-1,4678.7308,0.0038962383314546933,Validation
2024-02-02,-1,0,0,-1,4563.2221,-0.033800133027467094,Validation
2024-02-05,-1,0,0,-1,4460.2635,-0.02571081697806077,Validation
2024-02-06,-1,1,0,0,4805.9013,0.09127846271097528,Validation
2024-02-07,0,0,0,0,5109.5685,0.0660265276707539,Validation
2024-02-08,0,0,0,0,5150.2288,0.018187505709494012,Validation
2024-02-19,0,0,0,0,5141.6037,-0.022500879833238452,Validation
2024-02-20,0,0,0,0,5140.9575,-0.0012053486828965676,Validation
2024-02-21,0,0,0,0,5139.0372,0.006299531268925573,Validation
2024-02-22,0,0,0,0,5176.3431,0.011122678160316202,Validation
2024-02-23,0,0,0,0,5197.7115,0.0007880328435381223,Validation
2024-02-26,0,0,0,0,5195.4642,-0.003834188333307287,Validation
2024-02-27,1,0,0,1,5307.8043,0.026398196621122638,Validation
2024-02-28,1,0,0,1,5184.0471,-0.02961099725905969,Validation
2024-02-29,1,0,0,1,5346.7929,0.03816496408029524,Validation
2024-03-01,1,0,0,1,5379.0482,0.006744247266876835,Validation
2024-03-04,1,0,0,1,5388.82,-0.005332058299992393,Validation
2024-03-05,1,0,0,1,5351.8268,-0.004738102794797139,Validation
2024-03-06,1,0,0,1,5350.1016,0.004031797134161019,Validation
2024-03-07,1,0,0,1,5277.2988,-0.013433230730464207,Validation
2024-03-08,0,0,0,0,5349.595,0.011314935043730268,Validation
2024-03-11,0,0,0,0,5441.0507,0.019411521645722685,Validation
2024-03-12,0,0,0,0,5423.7183,-0.002907501997474138,Validation
2024-03-13,0,0,0,0,5415.1126,-0.0027428508540363605,Validation
2024-03-14,0,0,0,0,5392.9267,-0.006487521241101746,Validation
2024-03-15,0,0,0,0,5454.1463,0.017155273986950492,Validation
2024-03-18,0,0,0,0,5528.447,0.007717995458119464,Validation
2024-03-19,0,0,0,0,5478.2248,-0.00815007570880677,Validation
2024-03-20,0,0,0,0,5493.414,0.00659873855630555,Validation
2024-03-21,0,0,0,0,5465.8286,-0.009314749073164874,Validation
2024-03-22,0,0,0,0,5384.5656,-0.015517376448650144,Validation
2024-03-25,0,0,0,0,5294.7463,-0.01457293535944626,Validation
2024-03-26,0,0,0,0,5284.4188,-0.002039016104003588,Validation
2024-03-27,0,0,0,0,5156.684,-0.023529478823129946,Validation
2024-03-28,0,0,0,0,5223.806,0.012425549264679425,Validation
2024-03-29,0,0,0,0,5286.1612,0.017101657671322545,Validation
2024-04-01,0,0,0,0,5401.2249,0.016130188664143175,Validation
2024-04-02,0,0,0,0,5381.2291,-0.004073594104518352,Validation
2024-04-03,0,0,0,0,5374.5954,-0.0027069124993920335,Validation
2024-04-08,0,0,0,0,5298.5912,-0.012032603735447456,Validation
2024-04-09,0,0,0,0,5342.8982,0.007792256164129485,Validation
2024-04-10,0,0,0,0,5275.4727,-0.01718149092321042,Validation
2024-04-11,0,0,0,0,5301.8094,0.01214100677521568,Validation
2024-04-12,0,0,0,0,5277.219,-0.007099278457002867,Validation
2024-04-15,0,0,0,0,5339.7223,0.007411516588626377,Validation
2024-04-16,0,0,0,0,5191.554,-0.018430975265960714,Validation
2024-04-17,0,0,0,0,5339.7467,0.020446155648763398,Validation
2024-04-18,0,0,0,0,5349.8361,0.0008575352966544436,Validation
2024-04-19,0,0,0,0,5314.8667,-0.006191277446383259,Validation
2024-04-22,0,0,0,0,5267.5811,-0.005981880840849052,Validation
2024-04-23,0,0,0,0,5208.2712,-0.009050022385933332,Validation
2024-04-24,0,0,0,0,5263.0391,0.005815265878084119,Validation
2024-04-25,0,0,0,0,5259.3354,0.0034162890025928316,Validation
2024-04-26,0,0,0,0,5372.1209,0.02145668421711333,Validation
2024-04-29,0,0,0,0,5478.4908,0.01860946771010097,Validation
2024-04-30,0,0,0,0,5441.1411,0.0049855171682184896,Validation
2024-05-06,1,0,0,1,5528.6036,0.0061615247454906985,Validation
2024-05-07,1,0,0,1,5527.0847,-0.0028695540733975067,Validation
2024-05-08,1,0,0,1,5458.7559,-0.00998608216660879,Validation
2024-05-09,1,0,0,1,5556.7712,0.018463001889639452,Validation
2024-05-10,1,0,1,0,5535.3954,-0.010618922956845966,Validation
2024-05-13,1,0,1,0,5505.2595,0.0009699391724191653,Validation
2024-05-14,1,0,0,1,5500.7379,-0.0023435198287407033,Validation
2024-05-15,1,0,0,1,5446.6557,-0.006268591040569871,Validation
2024-05-16,0,0,0,0,5424.6652,-0.0077731849163127364,Validation
2024-05-17,0,0,0,0,5491.8944,0.014419235760887217,Validation
2024-05-20,0,0,0,0,5523.5013,0.002673087189207779,Validation
2024-05-21,0,0,0,0,5478.9131,-0.007162136628252491,Validation
2024-05-22,0,0,0,0,5468.6068,-0.004215909847237409,Validation
2024-05-23,0,0,0,0,5362.3053,-0.018431161743504454,Validation
2024-05-24,0,0,0,0,5313.4546,-0.0042365443833890515,Validation
2024-05-27,0,0,0,0,5371.3693,0.007037223048005803,Validation
2024-05-28,0,0,0,0,5316.1286,-0.010205786330507394,Validation
2024-05-29,0,0,0,0,5328.3064,0.0014703142621783627,Validation
2024-05-30,0,0,0,0,5308.66,-0.0010677341462544954,Validation
2024-05-31,-1,0,0,-1,5308.5403,-0.0018707249925989933,Validation
2024-06-03,-1,0,0,-1,5274.0687,-0.007085985667524275,Validation
2024-06-04,-1,0,0,-1,5341.9496,0.012471857562024402,Validation
2024-06-05,-1,0,0,-1,5277.9405,-0.007008430571311952,Validation
2024-06-06,-1,0,0,-1,5228.8002,-0.008385982343677045,Validation
2024-06-07,0,0,0,0,5208.9798,-0.012336858462224654,Validation
2024-06-11,0,0,0,0,5217.4702,0.005156188925046878,Validation
2024-06-12,0,0,0,0,5232.9534,0.004372165939892092,Validation
2024-06-13,0,0,0,0,5194.59,-0.009866550446513855,Validation
2024-06-14,0,0,0,0,5213.0927,0.001736447623083226,Validation
2024-06-17,0,0,0,0,5207.128,0.0036023659526054352,Validation
2024-06-18,0,0,0,0,5230.8913,0.00527999572655613,Validation
2024-06-19,0,0,0,0,5168.8204,-0.014003483694834395,Validation
2024-06-20,0,0,0,0,5094.5653,-0.01593098347631894,Validation
2024-06-21,0,0,0,0,5102.3292,-0.001401556787498981,Validation
2024-06-24,0,0,0,0,4992.9097,-0.01650596392195669,Validation
2024-06-25,0,0,0,0,4948.6343,-0.009401769824375794,Validation
2024-06-26,-1,0,0,-1,5020.4318,0.011498684827451644,Validation
2024-06-27,-1,0,0,-1,4928.0514,-0.016868255242415198,Validation
2024-06-28,-1,0,0,-1,4942.7817,0.005924589880340392,Validation
2024-07-01,-1,0,0,-1,5003.1608,0.011486943803623362,Validation
2024-07-02,-1,0,0,-1,4949.4771,-0.011033989546443634,Validation
2024-07-03,0,0,0,0,4910.9245,-0.005653335097666856,Validation
2024-07-04,0,0,0,0,4834.4982,-0.018013148057036243,Validation
2024-07-05,-1,0,0,-1,4866.2647,0.005831952815060326,Validation
2024-07-08,-1,0,0,-1,4783.6165,-0.016823345239456833,Validation
2024-07-09,-1,0,0,-1,4876.899,0.017207227731308228,Validation
2024-07-10,-1,0,0,-1,4844.1624,0.009331499461758153,Validation
2024-07-11,-1,0,0,-1,4939.7318,0.004929947732429385,Validation
2024-07-12,-1,1,0,0,4919.3639,-0.00476257145044523,Validation
2024-07-15,0,0,0,0,4883.8971,-0.0052850035508194,Validation
2024-07-16,0,0,0,0,4898.3626,0.0032419010903106393,Validation
2024-07-17,0,0,0,0,4856.5794,-0.014567213068455764,Validation
2024-07-18,0,0,0,0,4877.6916,0.006410424040179885,Validation
2024-07-19,0,0,0,0,4872.0532,0.0040374674673135935,Validation
2024-07-22,0,0,0,0,4865.9778,-0.0019836695380622826,Validation
2024-07-23,0,0,0,0,4722.7994,-0.030985896377533018,Validation
2024-07-24,0,0,0,0,4668.0621,-0.014401775613412382,Validation
2024-07-25,0,0,0,0,4665.4488,0.0056034102157431764,Validation
2024-07-26,0,0,0,0,4736.3771,0.014999144728417013,Validation
2024-07-29,0,0,0,0,4708.8443,-0.0096981984386032,Validation
2024-07-30,0,0,0,0,4699.282,4.347617981426133e-05,Validation
2024-07-31,0,0,0,0,4886.4136,0.042418232976524584,Validation
2024-08-01,0,0,0,0,4852.9725,-0.01572048008050242,Validation
2024-08-02,0,0,0,0,4788.6159,-0.012634875910456644,Validation
2024-08-05,0,0,0,0,4693.8478,-0.0032845567737517234,Validation
2024-08-06,0,0,0,0,4750.776,0.0015876960642946525,Validation
2024-08-07,0,0,0,0,4751.9408,-0.002293101342480286,Validation
2024-08-08,0,0,0,0,4755.8149,0.008689739172720756,Validation
2024-08-09,0,0,0,0,4720.3104,-0.012828171981045466,Validation
2024-08-12,0,0,0,0,4714.1586,-0.0006361511825253574,Validation
2024-08-13,0,0,0,0,4731.8353,0.0033633719150512054,Validation
2024-08-14,0,0,0,0,4667.0731,-0.015459295169836018,Validation
2024-08-15,0,0,0,0,4698.375,0.010073496331625797,Validation
2024-08-16,0,0,0,0,4670.3789,-0.007924433777825146,Validation
2024-08-19,0,0,0,0,4682.9628,0.0038497056402431173,Validation
2024-08-20,0,0,0,0,4602.0095,-0.020324574789784777,Validation
2024-08-21,0,0,0,0,4587.1218,8.871042691827036e-05,Validation
2024-08-22,0,0,0,0,4533.3695,-0.01427278849553748,Validation
2024-08-23,0,0,0,0,4537.0872,0.004170145619441623,Validation
2024-08-26,0,0,0,0,4544.3594,-0.0022827708135347846,Validation
2024-08-27,0,0,0,0,4495.2856,-0.010161090179625742,Validation
2024-08-28,0,0,0,0,4500.0088,-0.0006414229787236048,Validation
2024-08-29,0,0,0,0,4557.9006,0.016493168119732893,Validation
2024-08-30,0,0,0,0,4639.1144,0.01632449306543271,Validation
2024-09-02,0,0,0,0,4546.8832,-0.019145597758224664,Validation
2024-09-03,0,0,0,0,4596.4819,0.005385167585332473,Validation
2024-09-04,0,0,0,0,4582.084,0.0038272991544208157,Validation
2024-09-05,0,0,0,0,4601.0911,0.00527226081610932,Validation
2024-09-06,0,0,0,0,4537.4544,-0.01991089009908331,Validation
2024-09-09,0,0,0,0,4507.1866,-0.001824478129350271,Validation
2024-09-10,0,0,0,0,4507.7074,-0.004243851561240741,Validation
2024-09-11,0,0,0,0,4514.9158,0.0064143212575102915,Validation
2024-09-12,0,0,0,0,4496.5919,-0.004114482972095268,Validation
2024-09-13,0,0,0,0,4450.9587,-0.01117810794781593,Validation
2024-09-18,0,0,0,0,4462.8701,0.007050308432033692,Validation
2024-09-19,0,0,0,0,4520.3939,0.007474410982037494,Validation
2024-09-20,0,0,0,0,4498.3901,-0.004247944798976944,Validation
2024-09-23,0,0,0,0,4494.6878,0.0063261318029206315,Validation
2024-09-24,0,0,0,0,4689.5964,0.04849738343928078,Validation
2024-09-25,0,0,0,0,4731.4755,-0.0037183093983446103,Validation
2024-09-26,1,0,0,1,4938.1839,0.06374707045879857,Validation
2024-09-27,1,0,0,1,5201.6656,0.08404660395423003,Validation
2024-09-30,1,0,0,1,5743.217,0.17762620126441964,Validation
2024-10-08,1,0,0,1,6155.5817,-0.06296734174697671,Validation
2024-10-09,1,0,1,0,5735.641,-0.04075539831832353,Validation
2024-10-10,1,0,1,0,5690.8822,-0.0205529383357419,Validation
2024-10-11,1,0,1,0,5470.8133,-0.025911758496669934,Validation
2024-10-14,1,0,1,0,5608.153,0.01355737608201224,Validation
2024-10-15,1,0,1,0,5472.56,-0.033091925367208064,Validation
2024-10-16,1,0,1,0,5461.0877,0.019671259937374508,Validation
2024-10-17,0,0,0,0,5418.9883,-0.015225011668223987,Validation
2024-10-18,0,0,0,0,5640.0198,0.04884256682461574,Validation
2024-10-21,0,0,0,0,5704.225,0.004005728444467227,Validation
2024-10-22,0,0,0,0,5753.8497,0.007326838215414133,Validation
2024-10-23,0,0,0,0,5776.383,0.0004265891031549618,Validation
2024-10-24,1,0,0,1,5726.7041,-0.002135237372214771,Validation
2024-10-25,1,0,0,1,5809.6879,0.014130822750875183,Validation
2024-10-28,1,0,0,1,5883.7203,0.014953915266425089,Validation
2024-10-29,1,0,0,1,5812.5286,-0.01854450552414988,Validation
2024-10-30,1,0,0,1,5837.9338,0.007964330899032257,Validation
2024-10-31,1,0,0,1,5901.2904,0.009134043448050688,Validation
2024-11-01,1,0,1,0,5831.8217,-0.009829333527360928,Validation
2024-11-04,1,0,0,1,5928.9085,0.01550425457293203,Validation
2024-11-05,0,0,0,0,6111.9707,0.03527896652120943,Validation
2024-11-06,0,0,0,0,6125.7868,-0.011929847015535677,Validation
2024-11-07,1,0,0,1,6239.5598,0.040427980445004286,Validation
2024-11-08,1,0,0,1,6222.445,-0.015184534353134382,Validation
2024-11-11,1,0,0,1,6330.6152,0.022250196456859772,Validation
2024-11-12,1,0,0,1,6263.883,-0.018123742416304323,Validation
2024-11-13,1,0,1,0,6259.8412,0.0010348791786258804,Validation
2024-11-14,0,0,0,0,6078.3051,-0.029656383071441472,Validation
2024-11-15,0,0,0,0,5924.4834,-0.018999013695799594,Validation
2024-11-18,0,0,0,0,5833.0358,-0.017486009815156245,Validation
2024-11-19,0,0,0,0,5936.6015,0.014342587311115595,Validation
2024-11-20,0,0,0,0,5992.3904,0.008923803801309527,Validation
2024-11-21,0,0,0,0,5985.3128,-0.0006829556917384849,Validation
2024-11-22,0,0,0,0,5750.2457,-0.03593990513069922,Validation
2024-11-25,0,0,0,0,5735.6493,-0.004722161202845632,Validation
2024-11-26,0,0,0,0,5690.4792,-0.010095116201084497,Validation
2024-11-27,0,0,0,0,5804.9368,0.02350133341155214,Validation
2024-11-28,0,0,0,0,5757.5965,-0.009414511657050761,Validation
2024-11-29,0,0,0,0,5851.9385,0.01836042849489483,Validation
2024-12-02,0,0,0,0,5943.6245,0.015892480955609578,Validation
2024-12-03,0,0,0,0,5932.1207,-0.0029022479427029957,Validation
2024-12-04,0,0,0,0,5879.2695,-0.012435229735212938,Validation
2024-12-05,0,0,0,0,5901.9859,0.008155567785526951,Validation
2024-12-06,0,0,0,0,5979.197,0.013523421060066987,Validation
2024-12-09,0,0,0,0,5947.1089,0.024895266172909603,Validation
2024-12-10,0,0,0,0,5992.0937,-0.02592261195693424,Validation
2024-12-11,0,0,0,0,6047.105,0.012632057918821049,Validation
2024-12-12,0,0,0,0,6100.3945,0.002839051184756025,Validation
2024-12-13,0,0,0,0,5988.292,-0.013649031507689258,Validation
2024-12-16,0,0,0,0,5912.6014,-0.014405799423909849,Validation
2024-12-17,0,0,0,0,5848.1628,-0.006054840796479888,Validation
2024-12-18,0,0,0,0,5888.6162,-0.005459455287311399,Validation
2024-12-19,0,0,0,0,5901.9155,0.010410046511710958,Validation
2024-12-20,0,0,0,0,5917.1751,0.004711061867120669,Validation
2024-12-23,0,0,0,0,5818.551,-0.01529889878217594,Validation
2024-12-24,0,0,0,0,5895.2595,0.011887403738050972,Validation
2024-12-25,0,0,0,0,5840.2889,-0.01114374385380168,Validation
2024-12-26,0,0,0,0,5887.0605,0.01062871947984756,Validation
2024-12-27,0,0,0,0,5899.1665,-0.0003786044017249912,Validation
2024-12-30,0,0,0,0,5898.884,0.001964140919102242,Validation
2024-12-31,0,0,0,0,5725.7324,-0.03119557277975249,Validation
2025-01-02,0,0,0,0,5545.8174,-0.028885647964344674,Test
2025-01-03,0,0,0,0,5427.8041,-0.023715222187204454,Test
2025-01-06,0,0,0,0,5427.1007,0.0014955732040342617,Test
2025-01-07,0,0,0,0,5484.6847,0.00610610503857778,Test
2025-01-08,0,0,0,0,5461.5861,-0.004487320781411008,Test
2025-01-09,0,0,0,0,5456.5863,0.002057555199399319,Test
2025-01-10,0,0,0,0,5369.2811,-0.023729136865334732,Test
2025-01-13,0,0,0,0,5381.6974,0.013922153862285569,Test
2025-01-14,0,0,0,0,5572.2722,0.0307420811778345,Test
2025-01-15,0,0,0,0,5522.459,-0.0023165065481132174,Test
2025-01-16,0,0,0,0,5545.6336,-0.004055510703058318,Test
2025-01-17,0,0,0,0,5587.2939,0.0176893688775126,Test
2025-01-20,0,0,0,0,5614.3311,0.0031446525777907297,Test
2025-01-21,0,0,0,0,5633.9249,-0.005808298196555817,Test
2025-01-22,0,0,0,0,5607.0594,0.009367349978790074,Test
2025-01-23,0,0,0,0,5584.2548,-0.015706434383977674,Test
2025-01-24,0,0,0,0,5649.9504,0.016157458603208497,Test
2025-01-27,0,0,0,0,5589.3432,-0.0030580596206177812,Test
2025-02-05,0,0,0,0,5614.3872,-0.006433258215450821,Test
2025-02-06,0,0,0,0,5747.9012,0.02557897402556475,Test
2025-02-07,0,0,0,0,5833.9883,0.018773631313502515,Test
2025-02-10,1,0,0,1,5888.5509,0.005484699549395566,Test
2025-02-11,1,0,0,1,5858.2805,-0.008320593336938353,Test
2025-02-12,1,0,0,1,5940.5299,0.016578599873748656,Test
2025-02-13,1,0,0,1,5898.2611,-0.007454982091048001,Test
2025-02-14,1,0,0,1,5947.796,0.01457607042847564,Test
2025-02-17,1,0,0,1,5948.7197,-0.007415794718143687,Test
2025-02-18,1,0,0,1,5840.7112,-0.016939535314240528,Test
2025-02-19,1,0,0,1,5943.8823,0.01827679998955256,Test
2025-02-20,1,0,1,0,5957.5465,0.004720480126646054,Test
2025-02-21,1,0,1,0,6057.0648,0.014696666613173814,Test
2025-02-24,1,0,1,0,6044.973,-0.014914599795380346,Test
2025-02-25,1,0,1,0,5979.9653,0.0038969761992582175,Test
2025-02-26,1,0,1,0,6051.7401,0.009998898050029181,Test
2025-02-27,1,0,1,0,6028.9856,-0.008639221429607491,Test
2025-02-28,1,0,1,0,5859.8708,-0.020334607803458415,Test
2025-03-03,1,0,0,1,5885.7696,-0.0051874145606561894,Test
2025-03-04,1,0,0,1,5937.6302,0.01567644367147003,Test
2025-03-05,1,0,0,1,5950.7034,0.007288465086550344,Test
2025-03-06,1,0,0,1,6047.7734,0.008193710372709218,Test
2025-03-07,1,0,0,1,6013.7747,-0.0011112085414136663,Test
2025-03-10,1,0,0,1,6013.6191,-0.012994494445613514,Test
2025-03-11,1,0,0,1,6044.9742,0.02085258212841179,Test
2025-03-12,1,0,0,1,6040.4965,-0.005853575788527965,Test
2025-03-13,1,0,0,1,5993.967,-0.006445423140903017,Test
2025-03-14,1,0,0,1,6099.9809,0.020960431201342944,Test
2025-03-17,1,0,0,1,6108.0176,0.0010506067841227207,Test
2025-03-18,1,0,0,1,6133.3018,-0.0014058683987101528,Test
2025-03-19,1,0,0,1,6101.4369,-0.003691210971129011,Test
2025-03-20,1,0,0,1,6059.4859,-0.009163928203822724,Test
2025-03-21,1,0,0,1,5971.9302,-0.010919591039554422,Test
2025-03-24,1,0,0,1,5969.0789,-0.0006077635490069344,Test
2025-03-25,0,0,0,0,5946.951,-0.005622442421674645,Test
2025-03-26,0,0,0,0,5948.4986,-0.0005622106218688971,Test
2025-03-27,0,0,0,0,5957.6017,0.0037443132269416868,Test
2025-03-28,0,0,0,0,5916.0314,-0.01138149058218374,Test
2025-03-31,0,0,0,0,5857.7721,-0.002720183402084242,Test
2025-04-01,0,0,0,0,5892.8502,0.0023761261905754782,Test
2025-04-02,0,0,0,0,5899.0865,-0.007183784580601982,Test
2025-04-03,0,0,0,0,5845.5045,-0.05453944976400715,Test
2025-04-07,0,0,0,0,5287.0333,-0.044208654814452464,Test
2025-04-08,0,0,0,0,5326.914,-0.005695811810718543,Test
2025-04-09,0,0,0,0,5439.7716,0.05426515092593842,Test
2025-04-10,0,0,0,0,5544.0646,-0.003680690728927072,Test
2025-04-11,0,0,0,0,5581.3184,0.02168790763028028,Test
2025-04-14,0,0,0,0,5627.1375,-0.001558225782082423,Test
2025-04-15,0,0,0,0,5602.534,-0.006261972776713587,Test
2025-04-16,0,0,0,0,5556.8642,-0.011125023612301832,Test
2025-04-17,0,0,0,0,5557.0105,0.0035053428795059904,Test
2025-04-18,0,0,0,0,5560.7207,0.0017209405948108714,Test
2025-04-21,0,0,0,0,5642.3805,0.014106149961758518,Test
2025-04-22,0,0,0,0,5624.209,0.00231081559374946,Test
2025-04-23,0,0,0,0,5634.9487,-0.0026365128595776666,Test
2025-04-24,0,0,0,0,5605.8796,-0.0035297737059172274,Test
2025-04-25,0,0,0,0,5627.1804,0.002008839721405753,Test
2025-04-28,0,0,0,0,5598.2951,-0.007235950480623976,Test
2025-04-29,0,0,0,0,5604.9057,0.0037493114355726664,Test
2025-04-30,0,0,0,0,5631.8249,0.011458781119696893,Test
2025-05-06,0,0,0,0,5740.3338,0.024128203752270982,Test
2025-05-07,0,0,0,0,5750.2911,-0.012735907880177533,Test
2025-05-08,0,0,0,0,5773.8056,0.006756319054694204,Test
2025-05-09,0,0,0,0,5721.7225,-0.0032933011532393364,Test
2025-05-12,0,0,0,0,5793.6743,0.015056567078572947,Test
2025-05-13,0,0,0,0,5781.6683,-0.010269724186777185,Test
2025-05-14,0,0,0,0,5799.1191,0.0015064175912717914,Test
2025-05-15,0,0,0,0,5715.2966,-0.014351306363934557,Test
2025-05-16,0,0,0,0,5715.8491,0.0027530554800982987,Test
2025-05-19,0,0,0,0,5720.7949,0.0007111537757529263,Test
2025-05-20,0,0,0,0,5747.367,0.0031768991922869194,Test
2025-05-21,0,0,0,0,5757.9225,-0.0004349939917500656,Test
2025-05-22,0,0,0,0,5703.2797,-0.007327635677705002,Test
2025-05-23,0,0,0,0,5653.0436,-0.007710874105484766,Test
2025-05-26,0,0,0,0,5669.4609,0.0023166322446077636,Test
2025-05-27,0,0,0,0,5652.1454,-0.002546140007663178,Test
2025-05-28,0,0,0,0,5637.2378,-0.0026207583659619837,Test
2025-05-29,0,0,0,0,5719.9101,0.012011165459149709,Test
2025-05-30,0,0,0,0,5671.0723,-0.008956766187459664,Test
2025-06-03,0,0,0,0,5694.8385,0.007587012390366299,Test
2025-06-04,0,0,0,0,5739.0058,0.007804802932965371,Test
2025-06-05,0,0,0,0,5769.9675,0.004767280601818191,Test
2025-06-06,0,0,0,0,5762.0778,0.0007593614928398384,Test
2025-06-09,0,0,0,0,5805.6543,0.006417896599960171,Test
2025-06-10,0,0,0,0,5757.9921,-0.008829796226508146,Test
2025-06-11,0,0,0,0,5792.9464,0.0038965335016911684,Test
2025-06-12,0,0,0,0,5799.9319,0.0003786563735790338,Test
2025-06-13,0,0,0,0,5740.2397,-0.010055599399359072,Test
2025-06-16,0,0,0,0,5767.8083,0.008260799308940081,Test
2025-06-17,0,0,0,0,5750.9122,-0.005568044327595167,Test
2025-06-18,0,0,0,0,5745.8714,-0.0011060327354192045,Test
2025-06-19,0,0,0,0,5676.8317,-0.011286864426614418,Test
2025-06-20,0,0,0,0,5639.513,-0.009844401661564861,Test
2025-06-23,0,0,0,0,5674.1704,0.012502651523984776,Test
2025-06-24,0,0,0,0,5765.8373,0.01658816346134917,Test
2025-06-25,0,0,0,0,5862.5529,0.01567256292788799,Test
2025-06-26,0,0,0,0,5838.2454,-0.0030447017261785447,Test
2025-06-27,0,0,0,0,5863.7282,0.00465771274197313,Test
2025-06-30,1,0,0,1,5915.3876,0.006487174145803465,Test
2025-07-01,1,0,0,1,5934.67,0.0011387124486184064,Test
2025-07-02,1,0,0,1,5892.9505,-0.0044407292971409,Test
2025-07-03,1,0,0,1,5922.66,0.0036485453281134284,Test
2025-07-04,1,0,0,1,5911.4352,-0.002763075782311275,Test
2025-07-07,1,0,0,1,5900.4056,0.00028805020529198977,Test
2025-07-08,1,0,0,1,5977.7437,0.01313604337868668,Test
2025-07-09,1,0,0,1,5953.4871,-0.004962575023888305,Test
2025-07-10,1,0,0,1,5983.0505,0.005857519897988883,Test
2025-07-11,1,0,0,1,6027.0789,0.007911125212577419,Test
2025-07-14,1,0,0,1,6020.8585,-0.0024117968204552254,Test
2025-07-15,1,0,0,1,6018.7583,0.0001576937625344943,Test
2025-07-16,1,0,0,1,6017.1947,-0.0009738891099730917,Test
2025-07-17,1,0,0,1,6082.4644,0.013056074614521407,Test
2025-07-18,1,0,0,1,6099.6104,0.0037417992256891797,Test
2025-07-21,1,0,0,1,6161.3086,0.008436743231896582,Test
2025-07-22,1,0,0,1,6213.4072,0.008366095222008596,Test
2025-07-23,1,0,0,1,6196.7577,-0.0032732426449175733,Test
2025-07-24,1,0,0,1,6293.5984,0.01609788047254823,Test
2025-07-25,1,0,0,1,6299.5908,0.0012066770245386937,Test
2025-07-28,1,0,1,0,6323.4198,0.0004596346899421455,Test
2025-07-29,1,0,0,1,6356.1327,0.005905227463232077,Test
2025-07-30,1,0,0,1,6314.6873,-0.007479701313730436,Test
2025-07-31,1,0,0,1,6226.3432,-0.012204314312288966,Test
2025-08-01,1,0,0,1,6213.2014,-0.004935854483097413,Test
2025-08-04,0,0,0,0,6261.7313,0.014000368283231035,Test
2025-08-05,0,0,0,0,6303.2359,0.0034917413086106297,Test
2025-08-06,0,0,0,0,6357.3769,0.009113152265834978,Test
2025-08-07,0,0,0,0,6337.5425,-0.0050591440139015065,Test
2025-08-08,0,0,0,0,6323.4999,0.0017792203270288187,Test
2025-08-11,0,0,0,0,6391.7595,0.008993143271628368,Test
2025-08-12,0,0,0,0,6418.1595,0.004753580817451919,Test
2025-08-13,0,0,0,0,6508.0978,0.013455151857785674,Test
2025-08-14,0,0,0,0,6429.8462,-0.014106108292582742,Test
2025-08-15,0,0,0,0,6568.57,0.03047951480702693,Test
2025-08-18,0,0,0,0,6668.1726,0.007586464925884329,Test
2025-08-19,1,0,0,1,6655.3105,-0.005934604272419208,Test
2025-08-20,1,0,0,1,6728.0692,0.017524587559739624,Test
2025-08-21,1,0,0,1,6704.1657,-0.005291074297053333,Test
2025-08-22,1,0,0,1,6822.8469,0.02718342670826779,Test
2025-08-25,1,0,1,0,6951.8955,0.006101708324401267,Test
2025-08-26,1,0,1,0,6964.0653,0.005265876574209738,Test
2025-08-27,1,0,1,0,6862.5624,-0.015257776578025184,Test
2025-08-28,1,0,1,0,7011.1602,0.025045014197559112,Test
2025-08-29,1,0,1,0,7043.9416,0.008173166391904907,Test
2025-09-01,1,0,1,0,7110.2882,0.0029926208993997783,Test
2025-09-02,1,0,1,0,6961.6894,-0.01701013396559603,Test
2025-09-03,1,0,1,0,6868.4615,-0.014834358313631224,Test
2025-09-04,0,0,0,0,6698.4474,-0.025450841986319084,Test
2025-09-05,0,0,0,0,6913.9532,0.03253202904393926,Test
2025-09-08,0,0,0,0,6992.1169,0.004695869541144759,Test
2025-09-09,0,0,0,0,6928.9651,-0.007015206875498725,Test
2025-09-10,0,0,0,0,6932.1092,0.00190876666314721,Test
2025-09-11,0,0,0,0,7122.7051,0.027628280192682375,Test
2025-09-12,0,0,0,0,7147.7489,0.007701672584594421,Test
2025-09-15,0,0,0,0,7137.3627,-0.0025414996010759694,Test
2025-09-16,0,0,0,0,7190.9928,0.00448465516576757,Test
2025-09-17,0,0,0,0,7260.0353,0.008910418907501771,Test
2025-09-18,0,0,0,0,7199.8828,-0.006565227776978655,Test
2025-09-19,0,0,0,0,7170.3488,-0.0024725956894142698,Test
2025-09-22,0,0,0,0,7225.1281,0.008069038975355713,Test
2025-09-23,0,0,0,0,7180.7137,-0.013884260439932516,Test
2025-09-24,0,0,0,0,7323.7093,0.025957882405375887,Test
2025-09-25,0,0,0,0,7341.3238,-0.0018860962183312457,Test
2025-09-26,0,0,0,0,7240.9114,-0.008249793865248822,Test
2025-09-29,0,0,0,0,7350.5599,0.016686414015065987,Test
2025-09-30,0,0,0,0,7412.3684,0.013227952869329318,Test
2025-10-09,0,0,0,0,7548.9226,0.003928261552931911,Test
2025-10-10,0,0,0,0,7398.2241,-0.04857563314101865,Test
2025-10-13,0,0,0,0,7376.5636,0.04190701354878623,Test
2025-10-14,0,0,0,0,7194.8509,-0.03072029462444803,Test
2025-10-15,0,0,0,0,7294.0014,0.00881547614694278,Test
2025-10-16,0,0,0,0,7231.5336,-0.005892939262156172,Test
2025-10-17,0,0,0,0,7016.0661,-0.018479105024237885,Test
2025-10-20,0,0,0,0,7069.6412,0.0003852170928055898,Test
2025-10-21,0,0,0,0,7185.624,0.005579853892598852,Test
2025-10-22,0,0,0,0,7128.4776,-0.003693501089610751,Test
2025-10-23,0,0,0,0,7142.9536,0.009434543919839777,Test
2025-10-24,0,0,0,0,7258.5343,0.022335913205761226,Test
2025-10-27,0,0,0,0,7379.3941,0.001124532508576248,Test
2025-10-28,0,0,0,0,7341.0304,0.0008581577453974365,Test
2025-10-29,0,0,0,0,7480.9666,0.015192449713271827,Test
2025-10-30,0,0,0,0,7385.7109,-0.010276849937646326,Test
2025-10-31,0,0,0,0,7331.0031,-0.007937225212962029,Test
2025-11-03,0,0,0,0,7333.6013,-0.0016283614844577743,Test
2025-11-04,0,0,0,0,7210.8253,-0.029559469469878863,Test
2025-11-05,0,0,0,0,7229.341,0.02031850966473825,Test
2025-11-06,0,0,0,0,7345.723,0.008849684708928107,Test
2025-11-07,0,0,0,0,7327.9108,0.006848402019685507,Test
2025-11-10,0,0,0,0,7343.8017,0.0010310656874430446,Test
2025-11-11,0,0,0,0,7291.6084,-0.013595942747605116,Test
2025-11-12,0,0,0,0,7243.2483,-0.002911576821469919,Test
2025-11-13,0,0,0,0,7355.2911,0.005530272073156484,Test
2025-11-14,0,0,0,0,7235.4617,-0.004774730335174726,Test
2025-11-17,0,0,0,0,7235.3512,-0.004675371299366682,Test
2025-11-18,0,0,0,0,7151.0176,-0.010223948889361512,Test
2025-11-19,0,0,0,0,7122.7465,0.004598695628691196,Test
2025-11-20,0,0,0,0,7061.9497,-0.030436704254353963,Test
2025-11-21,0,0,0,0,6817.4103,-0.014231955051278722,Test
2025-11-24,-1,0,0,-1,6868.9664,0.008512584072937424,Test
2025-11-25,-1,0,0,-1,6954.6034,0.004476839914047348,Test
2025-11-26,-1,0,0,-1,6965.0453,0.0035490083242908366,Test
2025-11-27,-1,0,0,-1,6951.2844,-0.003370664223843689,Test
2025-11-28,-1,0,0,-1,7031.5505,0.015345698086098203,Test
2025-12-01,-1,1,0,0,7101.8323,0.004387945976316976,Test
2025-12-02,0,0,0,0,7040.3008,-0.005637732277231966,Test
2025-12-03,0,0,0,0,6996.3552,-0.006134191400455347,Test
2025-12-04,0,0,0,0,7012.8061,0.0010007509238225687,Test
2025-12-05,0,0,0,0,7097.8389,0.015752222268450966,Test
2025-12-08,0,0,0,0,7172.3671,0.004484010579499875,Test
2025-12-09,0,0,0,0,7121.3256,-0.005510075419248195,Test
2025-12-10,0,0,0,0,7155.9944,0.008385967628388169,Test
2025-12-11,0,0,0,0,7082.8932,-0.011589093658824323,Test
2025-12-12,0,0,0,0,7169.791,0.004695249718609462,Test
2025-12-15,0,0,0,0,7113.962,-0.0027678481721346015,Test
2025-12-16,0,0,0,0,7001.3188,-0.013963364333367423,Test
2025-12-17,0,0,0,0,7137.8339,0.013491612089065574,Test
2025-12-18,0,0,0,0,7100.8359,0.003864037126206421,Test
2025-12-19,0,0,0,0,7169.5511,0.011381231933139002,Test
2025-12-22,0,0,0,0,7255.6607,0.00727481507500749,Test
2025-12-23,0,0,0,0,7256.7864,-4.031464936249396e-05,Test
2025-12-24,0,0,0,0,7352.0396,0.011616391886315247,Test
2025-12-25,1,0,0,1,7410.7119,0.010988825092850707,Test
2025-12-26,1,0,0,1,7458.8386,0.006049469394921347,Test
2025-12-29,1,0,0,1,7430.6147,-0.010360141478059082,Test
2025-12-30,1,0,0,1,7458.936,0.01131400788926884,Test
2025-12-31,1,0,0,1,7465.5742,0.006706604750955192,Test
2026-01-05,1,0,0,1,7651.1981,0.01861621738180297,Test
2026-01-06,1,0,0,1,7814.1356,0.022830289088193068,Test
2026-01-07,1,0,0,1,7875.0822,0.0018239011883218748,Test
2026-01-08,1,0,0,1,7894.5447,0.006957614485462171,Test
2026-01-09,1,0,0,1,8056.6858,0.029562743899304467,Test
2026-01-12,1,0,0,1,8249.1275,0.01581946859707206,Test
2026-01-13,1,0,0,1,8143.28,-0.012704357155929547,Test
2026-01-14,1,0,1,0,8227.697,0.000611927079199992,Test
2026-01-15,1,0,1,0,8223.2683,0.008732161073274236,Test
2026-01-16,1,0,1,0,8232.674,-0.0051196760122136364,Test
2026-01-19,1,0,0,1,8287.947,0.013188977189410034,Test
2026-01-20,1,0,0,1,8247.8049,-0.013371436244914547,Test
2026-01-21,1,0,0,1,8340.1133,0.019413225541725865,Test
2026-01-22,1,0,0,1,8387.595,0.007979962751317737,Test
2026-01-23,1,0,0,1,8590.1659,0.024046976593639746,Test
2026-01-26,1,0,1,0,8506.6932,-0.018578547852034166,Test
2026-01-27,1,0,1,0,8548.9321,0.01189516344348962,Test
2026-01-28,0,0,0,0,8601.1644,0.0022581476870477957,Test
2026-01-29,0,0,0,0,8517.8429,-0.01689383761115104,Test
2026-01-30,0,0,0,0,8370.5203,-0.018950685694117064,Test
2026-02-02,0,0,0,0,8037.0456,-0.017373218344515107,Test
2026-02-03,0,0,0,0,8286.7005,0.01658975643157734,Test
2026-02-04,0,0,0,0,8299.0574,-0.00819496975035916,Test
2026-02-05,0,0,0,0,8146.1073,-0.018145015519630325,Test
2026-02-06,0,0,0,0,8146.4128,0.02804627339364285,Test
2026-02-09,0,0,0,0,8311.2829,0.004640482501872434,Test
2026-02-10,0,0,0,0,8306.4448,-0.002788941438889525,Test
2026-02-11,0,0,0,0,8325.8107,0.0056697425248506406,Test
2026-02-12,0,0,0,0,8423.5695,0.0028730102315113193,Test
2026-02-13,0,0,0,0,8299.585,0.004419845746751028,Test
2026-02-24,0,0,0,0,8392.9098,0.0010435649016709014,Test
2026-02-25,0,0,0,0,8527.5593,0.015543409002291897,Test
2026-02-26,0,0,0,0,8557.216,-0.005037755393632493,Test
2026-02-27,0,0,0,0,8658.4503,0.010124678643746554,Test
2026-03-02,0,0,0,0,8658.3336,0.007594655645995374,Test
2026-03-03,0,0,0,0,8281.6139,-0.055840428802944375,Test
2026-03-04,0,0,0,0,8248.945,0.02639150328102491,Test
2026-03-05,0,0,0,0,8309.1713,-0.013164297629461363,Test
2026-03-06,0,0,0,0,8360.3347,-0.0047128415352694075,Test
2026-03-09,0,0,0,0,8279.4811,0.012988765735346686,Test
2026-03-10,0,0,0,0,8410.303,0.00937111185710493,Test
2026-03-11,0,0,0,0,8403.3296,-0.0026829156615615357,Test
2026-03-12,0,0,0,0,8359.4721,-0.009401561480740783,Test
2026-03-13,0,0,0,0,8239.798,-0.010830618396141967,Test
2026-03-16,0,0,0,0,8185.152,-0.003366751691713521,Test
2026-03-17,-1,0,0,-1,8016.0262,-0.018911480481092147,Test
2026-03-18,-1,0,0,-1,8096.4276,-0.008585655546595516,Test
2026-03-19,-1,0,0,-1,7877.09,-0.007818893031269925,Test
2026-03-20,-1,0,0,-1,7760.0365,-0.03667673412274186,Test
2026-03-23,-1,1,0,0,7440.7451,-0.008941442073103656,Test
2026-03-24,-1,1,0,0,7597.3732,0.013940166736513548,Test
2026-03-25,-1,1,0,0,7767.6654,0.012612603604075234,Test
2026-03-26,0,0,0,0,7642.1302,-0.02808071168065418,Test
2026-03-27,0,0,0,0,7737.6144,0.015380619039226717,Test
2026-03-30,-1,0,0,-1,7753.7234,0.011159188527822383,Test
2026-03-31,-1,0,0,-1,7617.3262,0.0030692278860235955,Test
2026-04-01,-1,0,0,-1,7750.0924,-0.004880159557230979,Test
2026-04-02,-1,0,0,-1,7605.2932,-0.01162006574019403,Test
2026-04-03,-1,0,0,-1,7534.938,-0.009759000373893656,Test
2026-04-07,0,0,0,0,7571.1106,0.023736332418516914,Test
2026-04-08,0,0,0,0,7945.1527,0.015961823049124746,Test
2026-04-09,0,0,0,0,7898.6329,0.011901762104080449,Test
2026-04-10,0,0,0,0,7969.3646,-0.005138390641551527,Test
2026-04-13,0,0,0,0,7967.697,0.01530127977811957,Test
2026-04-14,0,0,0,0,8088.5687,0.013152709372474147,Test
2026-04-15,0,0,0,0,8044.0773,-0.009411601570585626,Test
2026-04-16,0,0,0,0,8180.0815,0.010813155565109867,Test
2026-04-17,0,0,0,0,8214.1939,0.008361139259482453,Test
2026-04-20,0,0,0,0,8290.0224,0.00483911868987752,Test
2026-04-21,0,0,0,0,8270.3266,-0.004420407143126193,Test
2026-04-22,1,0,0,1,8376.1808,0.019559499529564928,Test
2026-04-23,1,0,0,1,8295.207,-0.01704700896056377,Test
2026-04-24,1,0,0,1,8247.8759,-0.001012131508592029,Test
2026-04-27,1,0,0,1,8299.0486,0.004637638309862524,Test
2026-04-28,1,0,0,1,8203.9614,-0.014173006284557976,Test
2026-04-29,1,0,0,1,8342.4217,0.021340815039698757,Test
2026-04-30,1,0,1,0,8349.5081,0.01319129801268204,Test
2026-05-06,1,0,1,0,8588.4399,0.023278230206503103,Test
2026-05-07,1,0,1,0,8696.7989,0.00011541077843824077,Test
2026-05-08,1,0,1,0,8694.1709,0.015318934722970967,Test
2026-05-11,1,0,0,1,8839.7415,0.009691243116188186,Test
2026-05-12,1,0,1,0,8785.9791,-0.014144552644974051,Test
2026-05-13,1,0,0,1,8918.239,0.025431154794464117,Test
2026-05-14,1,0,1,0,8670.1574,-0.030864597012948858,Test
2026-05-15,1,0,1,0,8536.3444,-0.02116092197642372,Test
2026-05-18,1,0,0,1,8554.2372,0.003666377303411794,Test
2026-05-19,0,0,0,0,8627.9461,0.006714976991911037,Test
2026-05-20,0,0,0,0,8656.3062,0.014191214485460346,Test
2026-05-21,0,0,0,0,8419.8373,-0.026377169378041354,Test
2026-05-22,0,0,0,0,8576.9402,0.018598769206854326,Test
2026-05-25,0,0,0,0,8703.8901,0.0039655747831721655,Test
2026-05-26,0,0,0,0,8658.6192,-0.0007174134525609333,Test
2026-05-27,0,0,0,0,8530.9802,-0.017963213956436963,Test
2026-05-28,0,0,0,0,8563.2218,0.010130518448772552,Test
2026-05-29,0,0,0,0,8359.5596,-0.026930884915140174,Test
2026-06-01,0,0,0,0,8274.212,-0.008094013095624408,Test
2026-06-02,0,0,0,0,8321.4347,0.0031564500594387646,Test
2026-06-03,0,0,0,0,8362.156,-0.004465466975632215,Test
2026-06-04,0,0,0,0,8356.7444,0.004562672001634072,Test
2026-06-05,0,0,0,0,8251.1407,-0.04075454562450176,Test
2026-06-08,-1,0,0,-1,7963.4529,0.010111873675826999,Test
2026-06-09,-1,0,0,-1,8176.1785,0.00431768659936016,Test
2026-06-10,-1,0,0,-1,8063.8637,-0.008466461901983968,Test
2026-06-11,-1,0,0,-1,8035.7788,0.02038503500295552,Test
2026-06-12,-1,0,0,-1,8106.203,-0.0017288602296609001,Test
2026-06-15,0,0,0,0,8406.7479,0.03129807499824788,Test
2026-06-16,0,0,0,0,8507.9799,0.0024572419814374857,Test
2026-06-17,0,0,0,0,8627.0862,0.016430695489894953,Test
2026-06-18,0,0,0,0,8673.0899,0.013871755780604511,Test
2026-06-22,0,0,0,0,8868.782,0.013999116383823562,Test
2026-06-23,0,0,0,0,8688.5923,-0.021846062265832078,Test
2026-06-24,0,0,0,0,8842.9378,0.023868631603473522,Test
2026-06-25,1,0,0,1,8938.0113,0.005221366696028351,Test
2026-06-26,1,0,0,1,8703.5652,-0.01793435389136855,Test
2026-06-29,1,0,0,1,8821.0944,0.00956647426879842,Test
2026-06-30,1,0,0,1,9031.3788,0.026878426780699183,Test
2026-07-01,1,0,1,0,9028.9326,-0.02457148098580042,Test
2026-07-02,1,0,1,0,8694.1756,-0.0144167346348556,Test
2026-07-03,1,0,1,0,8745.2607,0.01018588534916498,Test
2026-07-06,1,0,1,0,8651.1339,-0.021259525999379747,Test
2026-07-07,1,0,1,0,8508.7885,-0.007561544438312584,Test
2026-07-08,0,0,0,0,8390.0194,-0.011929735927988294,Test
2026-07-09,0,0,0,0,8652.787,0.0278785935146586,Test
2026-07-10,0,0,0,0,8503.9705,-0.03035155435316117,Test
2026-07-13,0,0,0,0,8138.1443,-0.03259521058946391,Test
2026-07-14,-1,0,0,-1,8275.9388,0.019556940160237124,Test
2026-07-15,-1,0,0,-1,8147.5786,-0.034686323559776966,Test
2026-07-16,-1,0,0,-1,7955.6635,-0.013283279682207216,Test
2026-07-17,-1,0,0,-1,7513.7627,-0.03826884657239016,Test
2026-07-20,-1,1,0,0,7411.3134,-0.021100535112318575,Test
2026-07-21,-1,1,0,0,7800.6085,0.04093524013679728,Test
2026-07-22,-1,1,0,0,7751.6618,0.001155503522433543,Test
2026-07-23,0,0,0,0,7734.31,-0.016211120839217052,Test
2026-07-24,0,0,0,0,7532.7006,-0.014792853818261564,Test
2026-07-27,-1,0,0,-1,7720.5975,0.010297103845698707,Test
2026-07-28,-1,0,0,-1,7443.4332,-0.019099102954459934,Test
2026-07-29,-1,0,0,-1,7524.5075,0.004367060399994571,Test
2026-07-30,-1,0,0,-1,7309.5753,0.008095674571051426,Test
2026-07-31,-1,0,0,-1,7493.985,-0.010709980108645878,Test
2026-08-03,-1,1,0,0,7414.5227,0.0013358646777945626,Test
2026-08-04,0,0,0,0,7607.4867,0.01350953913131736,Test
2026-08-05,0,0,0,0,7809.2065,0.02241499524554591,Test
2026-08-06,0,0,0,0,7829.3615,0.011786457900247571,Test
2026-08-07,0,0,0,0,7980.1245,0.022369968613031865,Test
2026-08-10,0,0,0,0,8030.9483,-0.003079041115901182,Test
2026-08-11,0,0,0,0,7967.5386,-0.00015475088216021504,Test
2026-08-12,0,0,0,0,8045.3099,0.014892189325871108,Test
2026-08-13,0,0,0,0,7968.3809,-0.01324030672316756,Test
2026-08-14,0,0,0,0,7990.3277,0.0022808767681585795,Test
2026-08-17,0,0,0,0,8184.6407,,Test
