date,open,high,low,close,volume,amount,prev_close,next_execution_date
2007-01-15,1881.467,1986.539,1881.467,1986.539,3881263032.0,23710425918.0,1881.753,2007-01-16
2007-01-16,1991.691,2055.016,1991.041,2055.016,4807441898.0,30689048908.0,1986.539,2007-01-17
2007-01-17,2064.289,2093.89,1992.539,2035.651,5883288700.0,38375191550.0,2055.016,2007-01-18
2007-01-18,2025.853,2085.403,2002.656,2085.403,5094946000.0,32208210284.0,2035.651,2007-01-19
2007-01-19,2097.505,2159.646,2097.505,2159.638,5792516800.0,36951910780.0,2085.403,2007-01-22
2007-01-22,2183.437,2259.029,2183.437,2258.986,6358920100.0,40928365323.0,2159.638,2007-01-23
2007-01-23,2267.454,2268.687,2175.598,2261.785,6108017600.0,39600092963.0,2258.986,2007-01-24
2007-01-24,2260.707,2295.258,2236.575,2283.696,5104122200.0,33928713068.0,2261.785,2007-01-25
2007-01-25,2271.519,2271.519,2172.984,2174.239,4817566000.0,32172915840.0,2283.696,2007-01-26
2007-01-26,2143.994,2196.278,2061.66,2186.27,4475940500.0,28778328607.0,2174.239,2007-01-29
2007-01-29,2201.586,2261.242,2201.586,2260.596,4564666200.0,30788164443.0,2186.27,2007-01-30
2007-01-30,2271.474,2280.725,2230.652,2255.938,5024768700.0,33163100591.0,2260.596,2007-01-31
2007-01-31,2251.318,2258.698,2129.786,2142.891,4904692400.0,32828621831.0,2255.938,2007-02-01
2007-02-01,2120.007,2176.195,2080.162,2165.405,4233884500.0,27578619714.0,2142.891,2007-02-02
2007-02-02,2170.03,2190.958,2124.298,2127.104,3861061000.0,25752753793.0,2165.405,2007-02-05
2007-02-05,2122.369,2166.094,2118.871,2152.25,3013411000.0,20119479185.0,2127.104,2007-02-06
2007-02-06,2158.498,2198.626,2148.099,2198.239,3087618500.0,20714662878.0,2152.25,2007-02-07
2007-02-07,2209.652,2237.944,2208.378,2237.944,3832705000.0,26101531474.0,2198.239,2007-02-08
2007-02-08,2245.078,2282.193,2233.521,2278.445,3905389700.0,26710676361.0,2237.944,2007-02-09
2007-02-09,2282.627,2300.806,2263.612,2287.381,3716182200.0,24939688424.0,2278.445,2007-02-12
2007-02-12,2291.66,2341.072,2291.66,2341.072,3618835300.0,25013026001.0,2287.381,2007-02-13
2007-02-13,2351.65,2384.158,2338.565,2384.158,3816378300.0,26801027681.0,2341.072,2007-02-14
2007-02-14,2386.835,2445.765,2380.736,2435.959,4406558200.0,31223510543.0,2384.158,2007-02-15
2007-02-15,2451.436,2512.55,2451.318,2512.402,5151645900.0,37101618593.0,2435.959,2007-02-16
2007-02-16,2528.836,2581.56,2519.232,2541.409,5405675100.0,39956571058.0,2512.402,2007-02-26
2007-02-26,2557.254,2642.114,2532.097,2642.114,4896308400.0,36442929080.0,2541.409,2007-02-27
2007-02-27,2654.435,2673.53,2402.719,2405.574,7240425400.0,52918857566.0,2642.114,2007-02-28
2007-02-28,2370.951,2520.0,2369.053,2513.533,5302502900.0,37869581290.0,2405.574,2007-03-01
2007-03-01,2526.154,2526.159,2417.842,2459.511,5882813900.0,41587572191.0,2513.533,2007-03-02
2007-03-02,2458.26,2515.023,2452.965,2503.677,4723810400.0,33901995283.0,2459.511,2007-03-05
2007-03-05,2508.386,2548.254,2419.288,2511.916,4953597800.0,36388108851.0,2503.677,2007-03-06
2007-03-06,2501.286,2524.632,2467.68,2516.003,3332166600.0,24808787734.0,2511.916,2007-03-07
2007-03-07,2525.534,2580.597,2525.466,2580.597,3723070900.0,28949689587.0,2516.003,2007-03-08
2007-03-08,2587.748,2634.879,2562.499,2634.879,4307706500.0,33388959788.0,2580.597,2007-03-09
2007-03-09,2637.596,2662.328,2590.438,2638.047,4803170500.0,37390032187.0,2634.879,2007-03-12
2007-03-12,2639.894,2696.871,2610.402,2696.497,5136709100.0,39729102503.0,2638.047,2007-03-13
2007-03-13,2701.502,2740.462,2694.382,2727.455,5359616200.0,41804787634.0,2696.497,2007-03-14
2007-03-14,2704.445,2740.532,2622.755,2708.687,5658027100.0,43846863925.0,2727.455,2007-03-15
2007-03-15,2703.929,2760.844,2703.57,2760.844,5100980600.0,40574627499.0,2708.687,2007-03-16
2007-03-16,2769.151,2777.409,2671.955,2710.861,5563313100.0,45080917910.0,2760.844,2007-03-19
2007-03-19,2623.736,2760.089,2609.312,2751.477,4764988100.0,38729127772.0,2710.861,2007-03-20
2007-03-20,2761.01,2811.153,2758.995,2810.714,4355898400.0,36502668162.0,2751.477,2007-03-21
2007-03-21,2821.44,2859.032,2801.925,2859.006,4827675600.0,40605909989.0,2810.714,2007-03-22
2007-03-22,2869.749,2899.346,2852.671,2861.146,5600569800.0,47352036212.0,2859.006,2007-03-23
2007-03-23,2862.629,2901.785,2820.99,2897.999,5227235500.0,44346584943.0,2861.146,2007-03-26
2007-03-26,2915.048,2989.051,2915.048,2989.051,5673677500.0,48797439034.0,2897.999,2007-03-27
2007-03-27,2995.464,3040.348,2979.126,3039.534,5695780000.0,50436251179.0,2989.051,2007-03-28
2007-03-28,3048.501,3060.189,2873.377,3004.295,6700933900.0,59168941748.0,3039.534,2007-03-29
2007-03-29,3005.062,3008.223,2894.743,2894.779,5599479900.0,48606097258.0,3004.295,2007-03-30
2007-03-30,2878.242,2935.239,2859.728,2926.064,3596241700.0,31503658398.0,2894.779,2007-04-02
2007-04-02,2935.211,2993.63,2932.636,2993.63,3767358700.0,34371206540.0,2926.064,2007-04-03
2007-04-03,3004.897,3042.461,2993.186,3042.461,4676698300.0,43272502515.0,2993.63,2007-04-04
2007-04-04,3049.917,3084.617,3032.485,3078.901,5312635300.0,49456797744.0,3042.461,2007-04-05
2007-04-05,3076.759,3137.018,3063.424,3133.142,5280165700.0,48998208124.0,3078.901,2007-04-06
2007-04-06,3110.949,3189.108,3097.061,3182.797,5625205400.0,53093793741.0,3133.142,2007-04-09
2007-04-09,3201.148,3243.883,3201.148,3240.302,6214375200.0,59855679384.0,3182.797,2007-04-10
2007-04-10,3253.673,3261.527,3151.49,3261.527,6355660800.0,61706182026.0,3240.302,2007-04-11
2007-04-11,3267.609,3309.984,3231.31,3309.745,6772377200.0,66771673111.0,3261.527,2007-04-12
2007-04-12,3316.203,3387.412,3302.359,3387.412,6470744600.0,64857399450.0,3309.745,2007-04-13
2007-04-13,3393.96,3419.994,3341.27,3358.632,6753507300.0,70464209187.0,3387.412,2007-04-16
2007-04-16,3362.733,3458.073,3362.733,3458.067,6039685800.0,62079349301.0,3358.632,2007-04-17
2007-04-17,3482.358,3558.216,3420.306,3558.216,7794423700.0,80497402807.0,3458.067,2007-04-18
2007-04-18,3572.699,3652.72,3548.36,3649.714,7161400000.0,76799598093.0,3558.216,2007-04-19
2007-04-19,3642.852,3642.852,3356.019,3435.78,7801430100.0,81866685727.0,3649.714,2007-04-20
2007-04-20,3456.738,3624.823,3456.738,3614.391,6225114500.0,66598043638.0,3435.78,2007-04-23
2007-04-23,3667.553,3784.079,3667.553,3782.256,7372002800.0,82859479027.0,3614.391,2007-04-24
2007-04-24,3813.532,3861.574,3753.134,3821.416,8181431900.0,93868619322.0,3782.256,2007-04-25
2007-04-25,3802.688,3822.413,3712.041,3805.046,6438927200.0,73367705321.0,3821.416,2007-04-26
2007-04-26,3814.822,3854.046,3788.867,3853.269,5543334900.0,64185466504.0,3805.046,2007-04-27
2007-04-27,3861.055,3871.401,3801.554,3845.813,5829740200.0,67853343646.0,3853.269,2007-04-30
2007-04-30,3831.55,3909.044,3809.974,3903.689,6557115000.0,76728359304.0,3845.813,2007-05-08
2007-05-08,3990.71,4093.01,3972.034,4091.133,7312397300.0,88475909333.0,3903.689,2007-05-09
2007-05-09,4107.553,4125.418,3918.745,4099.126,8305249900.0,101593000714.0,4091.133,2007-05-10
2007-05-10,4103.573,4146.585,4062.48,4128.081,6851392100.0,83048637239.0,4099.126,2007-05-11
2007-05-11,4101.649,4130.901,4028.361,4109.403,6024275200.0,73415159786.0,4128.081,2007-05-14
2007-05-14,4051.84,4164.809,4014.565,4133.826,5875138100.0,74274346670.0,4109.403,2007-05-15
2007-05-15,4140.326,4161.519,3989.364,3998.777,6400179400.0,79732368766.0,4133.826,2007-05-16
2007-05-16,3981.822,4118.244,3929.515,4118.139,5555939400.0,69165055418.0,3998.777,2007-05-17
2007-05-17,4146.324,4235.05,4135.373,4221.913,6270870200.0,80387926794.0,4118.139,2007-05-18
2007-05-18,4219.607,4261.456,4188.321,4235.185,5920970000.0,76234234377.0,4221.913,2007-05-21
2007-05-21,4089.854,4364.156,4076.517,4364.156,7162174500.0,92849503948.0,4235.185,2007-05-22
2007-05-22,4402.925,4484.533,4402.762,4459.813,8065068700.0,105981659297.0,4364.156,2007-05-23
2007-05-23,4486.022,4582.454,4463.271,4582.306,7429000000.0,99319025813.0,4459.813,2007-05-24
2007-05-24,4606.15,4625.921,4460.926,4571.714,8313528100.0,111906826052.0,4582.306,2007-05-25
2007-05-25,4559.429,4665.978,4525.291,4649.857,7120866700.0,98999673715.0,4571.714,2007-05-28
2007-05-28,4707.693,4784.428,4700.615,4761.701,8115643500.0,115289565613.0,4649.857,2007-05-29
2007-05-29,4782.412,4853.88,4730.48,4853.643,7563410600.0,108400505641.0,4761.701,2007-05-30
2007-05-30,4486.506,4751.035,4430.688,4456.279,8063030500.0,112955864453.0,4853.643,2007-05-31
2007-05-31,4329.809,4414.612,4095.403,4267.781,7444530700.0,97069386853.0,4456.279,2007-06-01
2007-06-01,4260.768,4317.302,3945.404,3960.442,6604351400.0,84642388168.0,4267.781,2007-06-04
2007-06-04,3901.789,3930.341,3615.107,3618.688,4516643500.0,52872597597.0,3960.442,2007-06-05
2007-06-05,3430.55,3660.509,3317.866,3659.941,7041323000.0,71642397221.0,3618.688,2007-06-06
2007-06-06,3676.691,3786.77,3563.233,3736.931,6713567300.0,72455721070.0,3659.941,2007-06-07
2007-06-07,3751.669,3936.835,3736.164,3936.766,6477424100.0,72898894721.0,3736.931,2007-06-08
2007-06-08,3970.279,4036.883,3931.382,4002.868,6457133900.0,77279691493.0,3936.766,2007-06-11
2007-06-11,4057.166,4117.254,4056.821,4104.551,6173008700.0,75960465320.0,4002.868,2007-06-12
2007-06-12,4138.33,4218.606,3945.679,4218.436,7356973900.0,91489531674.0,4104.551,2007-06-13
2007-06-13,4263.624,4398.61,4254.626,4372.53,7771329200.0,97788636916.0,4218.436,2007-06-14
2007-06-14,4365.982,4399.521,4249.206,4311.975,6896110600.0,86675999000.0,4372.53,2007-06-15
2007-06-15,4262.75,4349.162,4232.303,4316.53,5208474900.0,68126706919.0,4311.975,2007-06-18
2007-06-18,4400.395,4454.784,4400.395,4439.185,5788577000.0,77232791678.0,4316.53,2007-06-19
2007-06-19,4446.695,4529.281,4394.226,4529.033,6184438900.0,81876852714.0,4439.185,2007-06-20
2007-06-20,4539.579,4589.219,4371.003,4396.218,6728099800.0,89231807250.0,4529.033,2007-06-21
2007-06-21,4372.354,4452.479,4277.04,4374.488,5200246600.0,67946337133.0,4396.218,2007-06-22
2007-06-22,4376.381,4386.932,4050.674,4123.215,5568941100.0,71083781474.0,4374.488,2007-06-25
2007-06-25,4139.283,4184.327,3824.889,3851.944,4765213600.0,58112620536.0,4123.215,2007-06-26
2007-06-26,3739.191,3930.039,3667.821,3928.703,4362727100.0,48942410244.0,3851.944,2007-06-27
2007-06-27,3944.36,4031.634,3877.079,4022.313,4201226000.0,50065258655.0,3928.703,2007-06-28
2007-06-28,4017.175,4026.095,3756.603,3757.978,3996948100.0,47754747206.0,4022.313,2007-06-29
2007-06-29,3636.306,3718.176,3527.316,3585.486,3878781800.0,41524065151.0,3757.978,2007-07-02
2007-07-02,3571.722,3658.144,3489.117,3644.79,3350486800.0,34644472118.0,3585.486,2007-07-03
2007-07-03,3675.355,3710.083,3587.714,3704.706,3057577600.0,32661483719.0,3644.79,2007-07-04
2007-07-04,3711.611,3716.505,3605.448,3622.518,2683980800.0,30190398031.0,3704.706,2007-07-05
2007-07-05,3562.278,3570.052,3378.451,3380.179,2941409000.0,29637774666.0,3622.518,2007-07-06
2007-07-06,3359.092,3594.416,3309.148,3591.377,3795462800.0,38035548331.0,3380.179,2007-07-09
2007-07-09,3627.978,3737.692,3603.508,3711.714,4151975300.0,43718393520.0,3591.377,2007-07-10
2007-07-10,3704.877,3704.877,3587.156,3606.187,3473693500.0,37679772173.0,3711.714,2007-07-11
2007-07-11,3581.905,3653.311,3564.149,3653.311,2480642000.0,26413967549.0,3606.187,2007-07-12
2007-07-12,3659.396,3687.151,3634.483,3671.175,2359861600.0,25393487602.0,3653.311,2007-07-13
2007-07-13,3671.463,3672.344,3596.249,3655.845,2016354900.0,21984568028.0,3671.175,2007-07-16
2007-07-16,3654.863,3662.36,3532.064,3532.064,2084593500.0,22344037803.0,3655.845,2007-07-17
2007-07-17,3514.279,3641.503,3492.265,3610.382,2145445400.0,22853321720.0,3532.064,2007-07-18
2007-07-18,3601.286,3673.903,3573.529,3624.341,2495989400.0,27717882918.0,3610.382,2007-07-19
2007-07-19,3615.967,3652.535,3593.211,3640.282,1883875500.0,20775564259.0,3624.341,2007-07-20
2007-07-20,3642.334,3791.308,3642.334,3788.744,3523285400.0,38740105100.0,3640.282,2007-07-23
2007-07-23,3813.978,3984.788,3813.978,3984.788,5043356200.0,55838077780.0,3788.744,2007-07-24
2007-07-24,4012.795,4097.468,3977.448,3993.019,5108945400.0,57820628537.0,3984.788,2007-07-25
2007-07-25,3991.352,4106.826,3991.175,4106.826,4105760600.0,47213457196.0,3993.019,2007-07-26
2007-07-26,4135.064,4212.322,4103.282,4190.881,4762039500.0,55425456592.0,4106.826,2007-07-27
2007-07-27,4171.894,4269.852,4111.686,4269.767,4819096400.0,56651988553.0,4190.881,2007-07-30
2007-07-30,4279.041,4386.287,4277.832,4353.092,5300965400.0,64827905503.0,4269.767,2007-07-31
2007-07-31,4349.61,4403.665,4279.301,4403.584,5071250800.0,62607462049.0,4353.092,2007-08-01
2007-08-01,4423.042,4435.243,4155.48,4161.135,5939887200.0,72828848174.0,4403.584,2007-08-02
2007-08-02,4181.491,4336.811,4171.857,4336.811,4642575900.0,58838667134.0,4161.135,2007-08-03
2007-08-03,4376.961,4424.266,4323.987,4408.047,5389607200.0,69671492702.0,4336.811,2007-08-06
2007-08-06,4446.206,4504.661,4418.258,4504.344,5475012300.0,70459502288.0,4408.047,2007-08-07
2007-08-07,4510.079,4510.079,4405.602,4470.142,5109886300.0,66773260613.0,4504.344,2007-08-08
2007-08-08,4435.79,4465.566,4294.058,4395.427,4610560300.0,58981564820.0,4470.142,2007-08-09
2007-08-09,4392.991,4444.957,4392.99,4442.06,3880722700.0,51315376014.0,4395.427,2007-08-10
2007-08-10,4443.122,4443.122,4243.742,4348.811,4067867800.0,53830037360.0,4442.06,2007-08-13
2007-08-13,4343.733,4350.349,4257.381,4329.765,4050241700.0,50191212539.0,4348.811,2007-08-14
2007-08-14,4329.947,4440.757,4324.86,4436.206,3700829900.0,46945431399.0,4329.765,2007-08-15
2007-08-15,4448.922,4460.17,4300.555,4412.795,3700102800.0,46717677164.0,4436.206,2007-08-16
2007-08-16,4396.902,4462.576,4344.458,4438.959,3936771900.0,47830427191.0,4412.795,2007-08-17
2007-08-17,4422.648,4482.731,4384.53,4390.883,3800565600.0,46601863474.0,4438.959,2007-08-20
2007-08-20,4475.399,4570.571,4468.854,4570.571,4557650200.0,56270754622.0,4390.883,2007-08-21
2007-08-21,4598.379,4636.636,4571.764,4625.28,4959184400.0,62521547200.0,4570.571,2007-08-22
2007-08-22,4566.175,4704.878,4543.517,4685.058,5546843400.0,69573143499.0,4625.28,2007-08-23
2007-08-23,4708.668,4739.892,4662.031,4733.839,5001558500.0,64556411932.0,4685.058,2007-08-24
2007-08-24,4752.304,4765.17,4703.052,4742.953,5088111500.0,65018909882.0,4733.839,2007-08-27
2007-08-27,4802.428,4822.023,4680.098,4724.544,5224181900.0,68668494103.0,4742.953,2007-08-28
2007-08-28,4706.027,4734.562,4630.42,4729.791,4777647900.0,64289982505.0,4724.544,2007-08-29
2007-08-29,4711.043,4762.46,4642.645,4701.439,4490727000.0,60585235208.0,4729.791,2007-08-30
2007-08-30,4721.387,4849.632,4721.387,4843.707,5151990900.0,65345030170.0,4701.439,2007-08-31
2007-08-31,4871.995,4914.965,4868.455,4897.636,5558788400.0,70019593012.0,4843.707,2007-09-03
2007-09-03,4941.979,5023.522,4941.979,5008.833,6463971600.0,84427006030.0,4897.636,2007-09-04
2007-09-04,5032.546,5055.614,4957.888,4980.529,5777406200.0,77495879890.0,5008.833,2007-09-05
2007-09-05,4985.498,5016.475,4900.541,5010.729,4576678900.0,63170678715.0,4980.529,2007-09-06
2007-09-06,5036.055,5080.34,5028.053,5065.515,5102993300.0,70110951607.0,5010.729,2007-09-07
2007-09-07,5036.791,5051.539,4937.811,4939.231,5732459800.0,80534769127.0,5065.515,2007-09-10
2007-09-10,4881.124,5038.949,4834.323,5038.941,4922455400.0,66787184658.0,4939.231,2007-09-11
2007-09-11,5041.229,5054.09,4712.09,4718.312,5578424100.0,75086248504.0,5038.941,2007-09-12
2007-09-12,4692.405,4797.423,4590.272,4770.769,4794435500.0,61351262628.0,4718.312,2007-09-13
2007-09-13,4788.871,4872.661,4765.23,4872.661,4137063500.0,54207889357.0,4770.769,2007-09-14
2007-09-14,4892.23,4948.102,4824.015,4936.694,4690156600.0,63222360422.0,4872.661,2007-09-17
2007-09-17,4926.836,5052.762,4919.704,5047.597,5251173200.0,69846130437.0,4936.694,2007-09-18
2007-09-18,5068.11,5096.539,5002.233,5096.239,4977486600.0,66761885766.0,5047.597,2007-09-19
2007-09-19,5106.86,5114.962,5008.454,5029.101,4311097600.0,59072327991.0,5096.239,2007-09-20
2007-09-20,5043.424,5083.288,5020.586,5079.078,4122437000.0,56343044287.0,5029.101,2007-09-21
2007-09-21,5093.255,5098.759,4922.329,5028.843,4290105700.0,58015194349.0,5079.078,2007-09-24
2007-09-24,5040.301,5080.564,4974.564,5054.73,3962657900.0,55022107293.0,5028.843,2007-09-25
2007-09-25,5054.473,5081.849,4977.45,5013.06,3314722500.0,46237261072.0,5054.73,2007-09-26
2007-09-26,5010.219,5034.802,4903.29,4932.521,2777092400.0,38381151797.0,5013.06,2007-09-27
2007-09-27,4934.369,4972.827,4898.227,4972.716,2524521600.0,37519985881.0,4932.521,2007-09-28
2007-09-28,5009.905,5099.057,5009.905,5083.65,3537240400.0,51371160946.0,4972.716,2007-10-08
2007-10-08,5169.235,5178.6,5084.659,5088.596,3625830900.0,54086032302.0,5083.65,2007-10-09
2007-10-09,5089.641,5142.174,5036.066,5141.892,3544319100.0,50228436868.0,5088.596,2007-10-10
2007-10-10,5157.894,5166.088,5074.957,5109.1,3798366600.0,56649783051.0,5141.892,2007-10-11
2007-10-11,5110.683,5114.231,4998.599,5005.498,3639437700.0,51967883725.0,5109.1,2007-10-12
2007-10-12,5005.562,5006.513,4662.109,4891.386,4724476200.0,66426070266.0,5005.498,2007-10-15
2007-10-15,4896.829,4905.594,4774.239,4890.596,3424587500.0,52054305885.0,4891.386,2007-10-16
2007-10-16,4898.385,4943.978,4833.925,4943.559,2864493500.0,43090426858.0,4890.596,2007-10-17
2007-10-17,4942.829,4955.684,4887.454,4929.536,2795908900.0,42082747949.0,4943.559,2007-10-18
2007-10-18,4923.337,4923.337,4812.535,4814.462,2746148800.0,40037190874.0,4929.536,2007-10-19
2007-10-19,4831.987,4884.427,4782.513,4813.952,2217660100.0,32803813393.0,4814.462,2007-10-22
2007-10-22,4775.677,4812.223,4686.087,4688.292,2335567700.0,33045567363.0,4813.952,2007-10-23
2007-10-23,4689.109,4736.027,4551.13,4688.722,2296157300.0,32368956330.0,4688.292,2007-10-24
2007-10-24,4700.002,4712.314,4590.865,4596.635,2231658900.0,31507474630.0,4688.722,2007-10-25
2007-10-25,4564.339,4564.339,4245.652,4251.497,3009804000.0,37945338321.0,4596.635,2007-10-26
2007-10-26,4196.252,4268.312,4126.572,4228.946,2156056200.0,27222884705.0,4251.497,2007-10-29
2007-10-29,4251.173,4289.233,4211.149,4288.789,1808084600.0,23193128822.0,4228.946,2007-10-30
2007-10-30,4303.702,4388.428,4264.772,4388.327,1871390100.0,24186509637.0,4288.789,2007-10-31
2007-10-31,4422.602,4556.794,4414.323,4550.183,2630961300.0,35042523873.0,4388.327,2007-11-01
2007-11-01,4557.644,4557.644,4430.265,4431.099,2339303800.0,31370585870.0,4550.183,2007-11-02
2007-11-02,4372.868,4404.255,4303.565,4329.631,2162477000.0,29158751659.0,4431.099,2007-11-05
2007-11-05,4306.725,4396.036,4279.022,4361.872,1747105100.0,22482525868.0,4329.631,2007-11-06
2007-11-06,4365.138,4431.381,4362.217,4395.011,1642033800.0,21033820888.0,4361.872,2007-11-07
2007-11-07,4404.773,4432.363,4304.854,4385.856,1566719500.0,20401626455.0,4395.011,2007-11-08
2007-11-08,4373.628,4373.628,4203.051,4205.65,1721560900.0,22331532283.0,4385.856,2007-11-09
2007-11-09,4174.465,4215.869,4098.298,4153.236,1592924900.0,20166228470.0,4205.65,2007-11-12
2007-11-12,4090.908,4119.083,3996.161,4098.556,1725797400.0,20761740165.0,4153.236,2007-11-13
2007-11-13,4121.09,4171.249,4061.604,4114.509,1672508300.0,19658249948.0,4098.556,2007-11-14
2007-11-14,4149.889,4264.397,4137.989,4263.995,1949137600.0,23697218157.0,4114.509,2007-11-15
2007-11-15,4258.373,4275.242,4201.033,4210.704,1924592100.0,24313329117.0,4263.995,2007-11-16
2007-11-16,4175.57,4224.412,4146.1,4217.228,1554542900.0,19284447305.0,4210.704,2007-11-19
2007-11-19,4228.578,4319.766,4226.947,4313.28,1796855100.0,22532106345.0,4217.228,2007-11-20
2007-11-20,4305.544,4389.15,4285.991,4371.676,1906283500.0,24348987981.0,4313.28,2007-11-21
2007-11-21,4381.336,4399.813,4303.444,4308.422,1750841300.0,22805260558.0,4371.676,2007-11-22
2007-11-22,4254.814,4259.764,4104.083,4113.309,1552808700.0,19135951332.0,4308.422,2007-11-23
2007-11-23,4084.577,4194.342,4067.409,4193.98,1142511700.0,14381578085.0,4113.309,2007-11-26
2007-11-26,4238.577,4266.98,4148.759,4151.876,1403576800.0,18122894909.0,4193.98,2007-11-27
2007-11-27,4130.098,4173.195,4102.006,4108.951,1199554800.0,15586627425.0,4151.876,2007-11-28
2007-11-28,4118.447,4154.996,4057.741,4078.041,1148278400.0,14520221985.0,4108.951,2007-11-29
2007-11-29,4108.442,4187.229,4059.371,4185.267,1639897500.0,20417786651.0,4078.041,2007-11-30
2007-11-30,4189.253,4196.686,4113.422,4122.932,1551179800.0,18993589650.0,4185.267,2007-12-03
2007-12-03,4113.205,4186.483,4101.104,4170.263,1405232600.0,17463673457.0,4122.932,2007-12-04
2007-12-04,4174.788,4209.044,4174.788,4194.015,1396754300.0,17243921718.0,4170.263,2007-12-05
2007-12-05,4190.476,4273.134,4180.06,4273.045,1769960500.0,22591827561.0,4194.015,2007-12-06
2007-12-06,4281.896,4292.905,4251.783,4291.068,1589408100.0,19762076193.0,4273.045,2007-12-07
2007-12-07,4295.293,4362.22,4291.874,4362.22,1913081800.0,23984106460.0,4291.068,2007-12-10
2007-12-10,4304.749,4484.107,4288.502,4483.831,2775695900.0,36162755980.0,4362.22,2007-12-11
2007-12-11,4495.497,4535.145,4464.24,4534.937,2910164600.0,36559593938.0,4483.831,2007-12-12
2007-12-12,4520.926,4573.521,4497.669,4544.681,2566401700.0,33000825331.0,4534.937,2007-12-13
2007-12-13,4533.088,4564.363,4401.134,4402.636,2658376700.0,34259145270.0,4544.681,2007-12-14
2007-12-14,4359.809,4499.559,4331.323,4499.53,2230746500.0,27328707409.0,4402.636,2007-12-17
2007-12-17,4512.376,4564.249,4498.96,4506.042,2895440600.0,37252860431.0,4499.53,2007-12-18
2007-12-18,4489.419,4531.258,4453.768,4467.812,1789208300.0,22403535572.0,4506.042,2007-12-19
2007-12-19,4490.767,4575.413,4490.767,4565.622,2355673000.0,30232579609.0,4467.812,2007-12-20
2007-12-20,4576.093,4627.69,4567.788,4621.393,2355278800.0,31128763798.0,4565.622,2007-12-21
2007-12-21,4603.763,4692.12,4602.095,4691.533,2620085700.0,34920877332.0,4621.393,2007-12-24
2007-12-24,4724.165,4810.561,4724.077,4772.638,3484513800.0,47242851591.0,4691.533,2007-12-25
2007-12-25,4780.467,4820.43,4755.007,4815.209,2855699700.0,39091380254.0,4772.638,2007-12-26
2007-12-26,4829.593,4912.841,4829.593,4912.841,3082379900.0,42780958571.0,4815.209,2007-12-27
2007-12-27,4933.731,4987.211,4932.919,4963.453,3570187700.0,50580048519.0,4912.841,2007-12-28
2007-12-28,4972.076,4984.215,4927.637,4947.603,2980357100.0,42722000359.0,4963.453,2008-01-02
2008-01-02,4963.052,5125.323,4960.354,5123.934,3434591100.0,50449935262.0,4947.603,2008-01-03
2008-01-03,5129.048,5241.552,5110.533,5230.749,4198748300.0,61752735574.0,5123.934,2008-01-04
2008-01-04,5241.089,5246.107,5171.396,5243.032,3330859100.0,50326511399.0,5230.749,2008-01-07
2008-01-07,5237.939,5358.589,5222.202,5347.806,4040371300.0,61298206812.0,5243.032,2008-01-08
2008-01-08,5358.806,5367.542,5158.121,5200.552,4247288400.0,63913950715.0,5347.806,2008-01-09
2008-01-09,5176.268,5356.482,5167.338,5356.482,3482378500.0,53189256553.0,5200.552,2008-01-10
2008-01-10,5372.82,5438.308,5354.858,5382.326,4084967800.0,62964595469.0,5356.482,2008-01-11
2008-01-11,5385.905,5392.266,5290.708,5376.797,3494823500.0,53937951638.0,5382.326,2008-01-14
2008-01-14,5382.734,5450.887,5368.484,5445.102,3385086900.0,53364316502.0,5376.797,2008-01-15
2008-01-15,5451.637,5495.386,5418.116,5487.088,3688040400.0,56818805065.0,5445.102,2008-01-16
2008-01-16,5461.878,5463.2,5389.152,5412.911,3905999000.0,58914563719.0,5487.088,2008-01-17
2008-01-17,5380.823,5467.134,5106.918,5270.956,4293508800.0,65264969756.0,5412.911,2008-01-18
2008-01-18,5268.895,5320.454,5210.359,5317.448,3123822800.0,44924736394.0,5270.956,2008-01-21
2008-01-21,5331.667,5343.869,5078.503,5097.226,3546297200.0,51894882654.0,5317.448,2008-01-22
2008-01-22,4976.79,4976.79,4639.959,4661.826,4037446100.0,56449829459.0,5097.226,2008-01-23
2008-01-23,4662.708,4912.48,4624.944,4912.058,3819475700.0,53676695806.0,4661.826,2008-01-24
2008-01-24,4951.376,5116.489,4915.97,5080.926,4278003600.0,62469663153.0,4912.058,2008-01-25
2008-01-25,5081.314,5146.858,5054.083,5096.69,3890438300.0,55478464938.0,5080.926,2008-01-28
2008-01-28,5073.628,5073.628,4712.613,4740.501,3453456700.0,46942144532.0,5096.69,2008-01-29
2008-01-29,4757.19,4888.785,4720.681,4840.636,2374443300.0,32685553624.0,4740.501,2008-01-30
2008-01-30,4878.399,4950.181,4725.387,4851.426,2490447600.0,35532424368.0,4840.636,2008-01-31
2008-01-31,4839.403,4868.31,4661.594,4663.415,1856793500.0,25737686732.0,4851.426,2008-02-01
2008-02-01,4653.538,4686.604,4308.52,4456.927,2251366300.0,29182544124.0,4663.415,2008-02-04
2008-02-04,4570.111,4821.075,4570.111,4820.387,2130505300.0,30008462373.0,4456.927,2008-02-05
2008-02-05,4818.542,4889.378,4751.225,4838.995,2077392100.0,30045273307.0,4820.387,2008-02-13
2008-02-13,4798.568,4884.685,4749.147,4813.581,1558704000.0,22130228358.0,4838.995,2008-02-14
2008-02-14,4842.943,4929.771,4842.943,4910.358,1611346900.0,22682971588.0,4813.581,2008-02-15
2008-02-15,4884.365,4886.055,4800.644,4886.016,1916278000.0,27277910131.0,4910.358,2008-02-18
2008-02-18,4953.026,5072.113,4946.511,5043.144,2892275400.0,43434994092.0,4886.016,2008-02-19
2008-02-19,5054.611,5137.84,5026.558,5133.361,2882332500.0,44280440446.0,5043.144,2008-02-20
2008-02-20,5152.281,5171.179,5079.772,5089.439,3147715100.0,47223512821.0,5133.361,2008-02-21
2008-02-21,5068.026,5184.148,5022.654,5153.601,3155457900.0,45714615643.0,5089.439,2008-02-22
2008-02-22,5140.122,5151.292,4938.73,5029.198,3119916600.0,44996819988.0,5153.601,2008-02-25
2008-02-25,5038.627,5068.982,4856.477,4869.654,2673558900.0,38440954693.0,5029.198,2008-02-26
2008-02-26,4974.708,5021.597,4729.85,4868.814,2528759500.0,36175484479.0,4869.654,2008-02-27
2008-02-27,4880.163,4977.335,4854.154,4977.335,2377489800.0,33616741929.0,4868.814,2008-02-28
2008-02-28,4986.443,5045.109,4935.303,4989.412,2411761400.0,34217372279.0,4977.335,2008-02-29
2008-02-29,4984.396,5058.121,4976.147,5057.617,2539468800.0,35684360370.0,4989.412,2008-03-03
2008-03-03,5044.941,5227.791,5014.283,5227.732,3742256100.0,54849829396.0,5057.617,2008-03-04
2008-03-04,5246.414,5279.213,5177.736,5192.593,4316811500.0,61366987342.0,5227.732,2008-03-05
2008-03-05,5171.783,5218.301,5068.2,5214.238,3857930000.0,54154742008.0,5192.593,2008-03-06
2008-03-06,5229.782,5296.263,5220.365,5223.82,4475802000.0,61389838208.0,5214.238,2008-03-07
2008-03-07,5194.659,5208.895,5104.916,5115.916,2995378400.0,41394179445.0,5223.82,2008-03-10
2008-03-10,5081.109,5084.396,4915.44,4948.353,2385787900.0,32774405284.0,5115.916,2008-03-11
2008-03-11,4906.144,5015.932,4841.557,5015.932,2043951000.0,28767618665.0,4948.353,2008-03-12
2008-03-12,5095.972,5122.536,4880.702,4881.03,2253938100.0,31739197667.0,5015.932,2008-03-13
2008-03-13,4829.236,4844.177,4589.508,4688.679,2592477800.0,34594935451.0,4881.03,2008-03-14
2008-03-14,4665.829,4718.18,4598.154,4662.316,1657934500.0,22264909248.0,4688.679,2008-03-17
2008-03-17,4641.921,4642.73,4299.559,4302.614,2111284700.0,27260819501.0,4662.316,2008-03-18
2008-03-18,4237.304,4327.38,3926.459,3986.319,2433098000.0,28577476932.0,4302.614,2008-03-19
2008-03-19,4064.996,4241.942,3989.636,4176.486,2551731000.0,31128103139.0,3986.319,2008-03-20
2008-03-20,4112.704,4394.755,3956.033,4347.743,2842838600.0,35722120781.0,4176.486,2008-03-21
2008-03-21,4347.273,4448.064,4315.675,4405.856,2571735900.0,34123921587.0,4347.743,2008-03-24
2008-03-24,4459.507,4489.459,4312.767,4314.581,2575754800.0,34855059111.0,4405.856,2008-03-25
2008-03-25,4233.951,4386.836,4190.543,4367.341,2238657400.0,28768189613.0,4314.581,2008-03-26
2008-03-26,4383.73,4446.535,4317.058,4352.053,1945963700.0,25137371148.0,4367.341,2008-03-27
2008-03-27,4298.387,4298.387,4115.523,4119.785,2174819800.0,26990109933.0,4352.053,2008-03-28
2008-03-28,4072.038,4248.399,3948.846,4241.452,2307619900.0,28526388848.0,4119.785,2008-03-31
2008-03-31,4129.928,4200.763,4042.621,4044.098,1905310500.0,23065525838.0,4241.452,2008-04-01
2008-04-01,4024.439,4070.115,3695.508,3704.273,2275357500.0,25402355873.0,4044.098,2008-04-02
2008-04-02,3725.188,3778.573,3464.406,3500.522,2307609000.0,24668683684.0,3704.273,2008-04-03
2008-04-03,3469.785,3631.552,3392.082,3588.762,1893883900.0,19956525481.0,3500.522,2008-04-07
2008-04-07,3544.31,3825.849,3506.785,3822.371,2185472800.0,24253262819.0,3588.762,2008-04-08
2008-04-08,3832.917,3941.242,3806.286,3908.802,2515005700.0,29602243565.0,3822.371,2008-04-09
2008-04-09,3887.992,3960.767,3694.962,3695.306,2432022100.0,28265407476.0,3908.802,2008-04-10
2008-04-10,3639.608,3803.647,3614.703,3803.456,2071331200.0,23532952026.0,3695.306,2008-04-11
2008-04-11,3831.043,3898.514,3823.671,3862.363,1990794100.0,23420528320.0,3803.456,2008-04-14
2008-04-14,3778.689,3779.253,3597.083,3607.218,2082689800.0,23299619350.0,3862.363,2008-04-15
2008-04-15,3588.234,3723.267,3529.179,3723.267,1813773100.0,20707523866.0,3607.218,2008-04-16
2008-04-16,3717.125,3732.775,3612.589,3633.675,1741319400.0,20461294489.0,3723.267,2008-04-17
2008-04-17,3632.825,3695.17,3458.526,3511.914,1722470400.0,18940609723.0,3633.675,2008-04-18
2008-04-18,3483.855,3495.028,3333.11,3338.274,1673230700.0,16896724230.0,3511.914,2008-04-21
2008-04-21,3578.8,3579.577,3273.578,3314.506,2183780500.0,23600276538.0,3338.274,2008-04-22
2008-04-22,3264.662,3281.48,3093.67,3266.383,1905984900.0,18575103607.0,3314.506,2008-04-23
2008-04-23,3238.46,3428.555,3210.751,3409.774,2277804000.0,23771158453.0,3266.383,2008-04-24
2008-04-24,3692.553,3726.868,3603.955,3723.071,4708573100.0,53152161606.0,3409.774,2008-04-25
2008-04-25,3716.508,3873.332,3669.357,3756.33,4279201300.0,49480398804.0,3723.071,2008-04-28
2008-04-28,3696.934,3779.576,3667.581,3729.562,3077874100.0,35977002390.0,3756.33,2008-04-29
2008-04-29,3714.788,3782.524,3708.585,3759.545,2588578200.0,29953849785.0,3729.562,2008-04-30
2008-04-30,3771.193,3910.407,3771.193,3903.178,3779083100.0,44088721717.0,3759.545,2008-05-05
2008-05-05,3943.198,4046.675,3895.644,4040.159,3917236700.0,47406394250.0,3903.178,2008-05-06
2008-05-06,4015.554,4086.429,3969.971,4024.99,3984170000.0,49186949739.0,4040.159,2008-05-07
2008-05-07,4001.592,4049.112,3849.984,3850.226,3747052900.0,45721667069.0,4024.99,2008-05-08
2008-05-08,3805.335,3985.197,3796.548,3985.197,3182052800.0,38157525489.0,3850.226,2008-05-09
2008-05-09,4014.165,4049.784,3891.491,3986.24,3744927200.0,46621563595.0,3985.197,2008-05-12
2008-05-12,3926.052,4110.7,3893.386,4069.145,3769750400.0,47384655478.0,3986.24,2008-05-13
2008-05-13,3944.543,4107.588,3932.714,4078.877,4698103700.0,57631081708.0,4069.145,2008-05-14
2008-05-14,4076.875,4171.273,4076.875,4168.486,4368368200.0,53809781855.0,4078.877,2008-05-15
2008-05-15,4186.746,4230.766,4131.252,4131.252,3973506700.0,48605174166.0,4168.486,2008-05-16
2008-05-16,4126.646,4160.402,4005.07,4071.91,3065280800.0,38114051057.0,4131.252,2008-05-19
2008-05-19,4059.283,4100.563,4008.572,4070.049,2280592900.0,28111691923.0,4071.91,2008-05-20
2008-05-20,4070.795,4098.653,3792.149,3813.935,3128654600.0,37105558243.0,4070.049,2008-05-21
2008-05-21,3757.059,3932.3,3663.199,3908.772,3440060700.0,38691318486.0,3813.935,2008-05-22
2008-05-22,3866.701,3958.446,3834.539,3871.553,3141597500.0,36601085526.0,3908.772,2008-05-23
2008-05-23,3857.221,3890.161,3746.013,3829.645,2924549200.0,31795254707.0,3871.553,2008-05-26
2008-05-26,3804.296,3812.308,3726.759,3728.751,2832366900.0,30756674708.0,3829.645,2008-05-27
2008-05-27,3712.762,3752.962,3678.997,3743.539,2010865900.0,21947586084.0,3728.751,2008-05-28
2008-05-28,3749.602,3864.812,3730.744,3847.258,2352387500.0,26996940955.0,3743.539,2008-05-29
2008-05-29,3839.544,3859.848,3749.216,3749.216,2425829800.0,27371564074.0,3847.258,2008-05-30
2008-05-30,3744.25,3781.331,3695.286,3755.631,2134545800.0,23616645129.0,3749.216,2008-06-02
2008-06-02,3747.588,3804.786,3730.138,3788.153,2100802600.0,23023909951.0,3755.631,2008-06-03
2008-06-03,3789.035,3804.556,3741.413,3771.097,2260091700.0,25389290266.0,3788.153,2008-06-04
2008-06-04,3759.875,3764.565,3667.265,3704.078,2051803100.0,22005987376.0,3771.097,2008-06-05
2008-06-05,3690.86,3705.455,3639.814,3657.487,1722546700.0,18761621311.0,3704.078,2008-06-06
2008-06-06,3662.054,3680.268,3607.242,3629.923,1510607000.0,16588569898.0,3657.487,2008-06-10
2008-06-10,3487.048,3487.048,3297.906,3312.794,1887580800.0,18965345607.0,3629.923,2008-06-11
2008-06-11,3250.439,3270.853,3165.704,3226.923,2012634300.0,19510480720.0,3312.794,2008-06-12
2008-06-12,3209.919,3244.575,3125.092,3197.545,2000154000.0,20144629067.0,3226.923,2008-06-13
2008-06-13,3202.264,3227.481,3042.499,3045.105,1758687400.0,16820473252.0,3197.545,2008-06-16
2008-06-16,3041.695,3076.441,2926.707,2977.818,1578075800.0,14351479591.0,3045.105,2008-06-17
2008-06-17,2974.088,3005.787,2776.849,2791.289,1851296700.0,16090491275.0,2977.818,2008-06-18
2008-06-18,2767.804,2970.404,2684.666,2951.844,2635683400.0,22739108621.0,2791.289,2008-06-19
2008-06-19,2927.164,2936.682,2700.369,2702.801,2398157400.0,21026579796.0,2951.844,2008-06-20
2008-06-20,2718.781,2866.612,2596.839,2764.28,2758583800.0,23144081120.0,2702.801,2008-06-23
2008-06-23,2726.448,2779.008,2693.064,2717.969,1667665700.0,14239336476.0,2764.28,2008-06-24
2008-06-24,2708.777,2818.919,2702.627,2806.774,2024482600.0,17395452655.0,2717.969,2008-06-25
2008-06-25,2805.59,2966.895,2797.12,2966.895,2844975200.0,24575402485.0,2806.774,2008-06-26
2008-06-26,2965.46,3041.37,2939.859,3003.302,3042573800.0,27618912856.0,2966.895,2008-06-27
2008-06-27,2902.015,2920.109,2762.193,2792.705,2606642000.0,22544867692.0,3003.302,2008-06-30
2008-06-30,2762.342,2838.183,2737.747,2813.716,1636176900.0,14955887060.0,2792.705,2008-07-01
2008-07-01,2819.534,2831.911,2741.114,2765.064,1701835300.0,15866178676.0,2813.716,2008-07-02
2008-07-02,2768.722,2848.63,2754.686,2811.225,1725578500.0,16359596027.0,2765.064,2008-07-03
2008-07-03,2776.92,2973.377,2742.738,2941.521,3075141300.0,28792415538.0,2811.225,2008-07-04
2008-07-04,2931.845,2979.802,2913.203,2941.085,2687975000.0,26687543304.0,2941.521,2008-07-07
2008-07-07,2948.69,3096.274,2948.69,3094.845,3449253200.0,33447808353.0,2941.085,2008-07-08
2008-07-08,3101.294,3154.274,3044.672,3142.32,3657610800.0,35380651676.0,3094.845,2008-07-09
2008-07-09,3148.607,3226.197,3146.736,3226.147,4209814200.0,39152511991.0,3142.32,2008-07-10
2008-07-10,3186.586,3264.02,3152.489,3152.489,4204745100.0,41032775492.0,3226.147,2008-07-11
2008-07-11,3133.685,3167.823,3074.055,3132.733,3015470900.0,28874706403.0,3152.489,2008-07-14
2008-07-14,3111.58,3198.608,3100.044,3198.352,2604078400.0,25663632477.0,3132.733,2008-07-15
2008-07-15,3208.548,3231.374,3085.119,3106.326,3264524300.0,31645035692.0,3198.352,2008-07-16
2008-07-16,3072.408,3081.414,2893.36,2948.526,2760995500.0,25436664527.0,3106.326,2008-07-17
2008-07-17,2991.352,3031.889,2901.944,2918.369,2392885100.0,22388293948.0,2948.526,2008-07-18
2008-07-18,2935.645,3026.137,2855.921,3015.798,2368238300.0,21928200678.0,2918.369,2008-07-21
2008-07-21,3002.464,3151.026,2982.511,3139.509,2866379700.0,26584074873.0,3015.798,2008-07-22
2008-07-22,3138.764,3183.185,3126.17,3150.015,2921311200.0,26936393146.0,3139.509,2008-07-23
2008-07-23,3161.21,3180.181,3116.837,3122.687,2839507100.0,26330856447.0,3150.015,2008-07-24
2008-07-24,3137.443,3206.379,3134.973,3200.735,3085312800.0,28405313506.0,3122.687,2008-07-25
2008-07-25,3167.896,3205.58,3148.503,3172.168,2639836400.0,25452623208.0,3200.735,2008-07-28
2008-07-28,3190.279,3229.155,3190.279,3215.846,2774236200.0,26343584950.0,3172.168,2008-07-29
2008-07-29,3179.777,3182.221,3126.017,3150.0,2702892000.0,24861607740.0,3215.846,2008-07-30
2008-07-30,3184.226,3201.052,3105.96,3132.766,2232051800.0,20568379618.0,3150.0,2008-07-31
2008-07-31,3139.785,3147.649,3015.663,3017.217,2087975000.0,18702046443.0,3132.766,2008-08-01
2008-08-01,3000.999,3084.102,2958.031,3063.812,2068396300.0,18504367318.0,3017.217,2008-08-04
2008-08-04,3044.143,3067.043,2986.349,2990.168,1782789500.0,16174427099.0,3063.812,2008-08-05
2008-08-05,2988.336,3005.638,2889.255,2897.725,1850641500.0,16841502028.0,2990.168,2008-08-06
2008-08-06,2913.872,2941.403,2857.909,2904.186,1805600100.0,16413684516.0,2897.725,2008-08-07
2008-08-07,2899.845,2931.003,2871.182,2923.745,1778843600.0,15765314894.0,2904.186,2008-08-08
2008-08-08,2924.929,2924.929,2709.961,2711.964,2130970400.0,18351671000.0,2923.745,2008-08-11
2008-08-11,2699.085,2699.085,2497.275,2508.59,1981571100.0,14740622789.0,2711.964,2008-08-12
2008-08-12,2467.682,2508.429,2436.942,2473.417,1628379900.0,11897031604.0,2508.59,2008-08-13
2008-08-13,2454.885,2496.6,2369.379,2472.3,1779557400.0,13507610991.0,2473.417,2008-08-14
2008-08-14,2458.797,2506.465,2443.881,2483.696,1452058800.0,11464345063.0,2472.3,2008-08-15
2008-08-15,2478.155,2510.964,2446.029,2473.717,1357052500.0,10549416956.0,2483.696,2008-08-18
2008-08-18,2479.392,2483.984,2287.28,2289.296,1533633100.0,10770862146.0,2473.717,2008-08-19
2008-08-19,2255.716,2331.351,2235.709,2327.019,1392025700.0,9866942016.0,2289.296,2008-08-20
2008-08-20,2316.681,2521.079,2287.693,2520.737,2633075700.0,18578123238.0,2327.019,2008-08-21
2008-08-21,2484.825,2535.063,2419.711,2431.101,2532928500.0,18688905195.0,2520.737,2008-08-22
2008-08-22,2412.878,2418.889,2326.273,2382.523,1787533900.0,12909398173.0,2431.101,2008-08-25
2008-08-25,2379.207,2413.883,2348.959,2374.06,1403321800.0,10093469507.0,2382.523,2008-08-26
2008-08-26,2347.81,2347.81,2207.671,2244.993,1769271400.0,12068025845.0,2374.06,2008-08-27
2008-08-27,2230.151,2279.548,2180.938,2237.867,1613418800.0,10991634452.0,2244.993,2008-08-28
2008-08-28,2232.711,2256.959,2216.058,2236.824,1326357700.0,9108680712.0,2237.867,2008-08-29
2008-08-29,2242.164,2334.798,2242.164,2307.158,1941791700.0,13186313342.0,2236.824,2008-09-01
2008-09-01,2290.41,2290.41,2219.52,2238.047,1545536500.0,10246438732.0,2307.158,2008-09-02
2008-09-02,2224.8,2278.493,2198.643,2253.773,1544947800.0,9572971873.0,2238.047,2008-09-03
2008-09-03,2246.729,2268.38,2199.15,2237.28,1886649000.0,11834832741.0,2253.773,2008-09-04
2008-09-04,2233.114,2278.515,2220.644,2254.688,1560055700.0,9790538729.0,2237.28,2008-09-05
2008-09-05,2193.565,2210.755,2145.659,2148.741,1746200800.0,11002525954.0,2254.688,2008-09-08
2008-09-08,2146.755,2160.859,2031.53,2039.889,1589464500.0,9762375507.0,2148.741,2008-09-09
2008-09-09,2044.301,2070.474,2021.816,2057.561,1275528300.0,7991268768.0,2039.889,2008-09-10
2008-09-10,2044.032,2108.595,2025.674,2072.808,1534172300.0,9767177198.0,2057.561,2008-09-11
2008-09-11,2068.175,2089.955,2023.248,2034.247,1317529500.0,8257810867.0,2072.808,2008-09-12
2008-09-12,2032.355,2067.59,2031.206,2038.66,1049669100.0,6541309084.0,2034.247,2008-09-16
2008-09-16,2036.379,2037.682,1981.218,1993.461,1494107700.0,8863739039.0,2038.66,2008-09-17
2008-09-17,1988.783,2013.011,1946.801,1956.035,1418320200.0,8321110789.0,1993.461,2008-09-18
2008-09-18,1915.318,1938.821,1797.075,1899.323,2114782700.0,11577308860.0,1956.035,2008-09-19
2008-09-19,2072.614,2086.826,2049.022,2086.826,2308375500.0,14463084209.0,1899.323,2008-09-22
2008-09-22,2213.527,2276.659,2097.78,2182.792,4624438100.0,30099018189.0,2086.826,2008-09-23
2008-09-23,2108.509,2110.064,2041.973,2042.197,2744620200.0,17418087619.0,2182.792,2008-09-24
2008-09-24,2006.013,2088.549,1984.228,2088.549,2176641600.0,13931766790.0,2042.197,2008-09-25
2008-09-25,2091.387,2158.146,2086.077,2138.065,3483687500.0,22516952052.0,2088.549,2008-09-26
2008-09-26,2144.516,2156.962,2094.702,2136.001,2680439100.0,16948693210.0,2138.065,2008-10-06
2008-10-06,2092.351,2096.35,2049.361,2054.042,2098255000.0,13772268538.0,2136.001,2008-10-07
2008-10-07,1994.02,2070.715,1972.945,2046.191,1870602800.0,12083115010.0,2054.042,2008-10-08
2008-10-08,2005.913,2033.218,1975.822,1995.61,1663567800.0,10426397573.0,2046.191,2008-10-09
2008-10-09,2034.554,2042.795,1968.896,1969.815,1574933700.0,9647314609.0,1995.61,2008-10-10
2008-10-10,1901.029,1901.029,1836.504,1837.404,1914746900.0,10470090410.0,1969.815,2008-10-13
2008-10-13,1814.538,1872.947,1751.524,1872.947,1724762500.0,9525961323.0,1837.404,2008-10-14
2008-10-14,1932.081,1941.103,1816.32,1816.32,2164438200.0,12412701378.0,1872.947,2008-10-15
2008-10-15,1801.393,1823.7,1781.165,1806.791,1400405000.0,7685641328.0,1816.32,2008-10-16
2008-10-16,1741.122,1756.358,1703.24,1704.565,1765187100.0,9117303004.0,1806.791,2008-10-17
2008-10-17,1717.579,1736.225,1696.724,1726.4,1381088700.0,7248309848.0,1704.565,2008-10-20
2008-10-20,1725.557,1787.897,1705.566,1786.564,1673895100.0,8817546152.0,1726.4,2008-10-21
2008-10-21,1793.655,1824.379,1776.696,1782.664,2006458400.0,10723210100.0,1786.564,2008-10-22
2008-10-22,1765.615,1792.598,1747.456,1748.84,1668201000.0,8495206042.0,1782.664,2008-10-23
2008-10-23,1716.298,1766.59,1706.828,1766.59,1546669200.0,7884688092.0,1748.84,2008-10-24
2008-10-24,1764.811,1777.686,1723.503,1741.181,1594093800.0,8281825564.0,1766.59,2008-10-27
2008-10-27,1711.822,1711.822,1602.518,1604.758,1956559800.0,9479937125.0,1741.181,2008-10-28
2008-10-28,1570.987,1650.785,1562.4,1642.055,2015777600.0,9702788780.0,1604.758,2008-10-29
2008-10-29,1662.038,1665.734,1576.876,1576.931,1866442400.0,8899662750.0,1642.055,2008-10-30
2008-10-30,1585.517,1613.396,1565.719,1590.226,1659295900.0,7860686476.0,1576.931,2008-10-31
2008-10-31,1590.45,1599.157,1553.492,1562.022,1375404000.0,6330074254.0,1590.226,2008-11-03
2008-11-03,1553.878,1563.687,1532.953,1539.795,1235494500.0,5742485207.0,1562.022,2008-11-04
2008-11-04,1533.754,1535.738,1488.653,1513.495,1421215300.0,6558336641.0,1539.795,2008-11-05
2008-11-05,1519.801,1573.521,1519.801,1563.369,2062891500.0,9395445078.0,1513.495,2008-11-06
2008-11-06,1530.03,1542.757,1514.576,1536.598,1677552500.0,7472616342.0,1563.369,2008-11-07
2008-11-07,1512.977,1569.259,1503.629,1561.221,1783922700.0,7805287945.0,1536.598,2008-11-10
2008-11-10,1585.294,1677.382,1585.294,1676.277,3189206600.0,14716180441.0,1561.221,2008-11-11
2008-11-11,1671.24,1702.175,1651.59,1662.848,3485224500.0,16453409249.0,1676.277,2008-11-12
2008-11-12,1648.085,1704.226,1642.396,1704.226,2682596000.0,12408505768.0,1662.848,2008-11-13
2008-11-13,1686.073,1802.611,1680.767,1784.497,4750786800.0,23358006523.0,1704.226,2008-11-14
2008-11-14,1802.246,1867.485,1781.718,1867.485,5505034000.0,27946492485.0,1784.497,2008-11-17
2008-11-17,1864.308,1959.072,1851.874,1959.072,5653591300.0,29771637249.0,1867.485,2008-11-18
2008-11-18,1949.213,1971.659,1806.522,1816.285,6397610900.0,33473212882.0,1959.072,2008-11-19
2008-11-19,1803.408,1949.462,1803.408,1944.327,5343701900.0,28116671053.0,1816.285,2008-11-20
2008-11-20,1916.873,1990.302,1900.518,1948.681,5982260000.0,31237568965.0,1944.327,2008-11-21
2008-11-21,1890.984,1973.279,1833.981,1921.04,5508317700.0,28432147237.0,1948.681,2008-11-24
2008-11-24,1920.549,1938.473,1839.085,1842.344,3720208500.0,19928180763.0,1921.04,2008-11-25
2008-11-25,1869.016,1886.458,1780.908,1827.642,2811945300.0,14645961721.0,1842.344,2008-11-26
2008-11-26,1825.338,1857.713,1806.088,1834.774,2396311000.0,12264350855.0,1827.642,2008-11-27
2008-11-27,1961.974,1965.65,1860.988,1861.518,4753992000.0,24949453058.0,1834.774,2008-11-28
2008-11-28,1845.296,1868.33,1821.165,1841.45,3074142400.0,15691035529.0,1861.518,2008-12-01
2008-12-01,1836.417,1919.475,1820.531,1919.475,3717694400.0,19239200889.0,1841.45,2008-12-02
2008-12-02,1878.347,1973.103,1868.939,1957.322,5021672300.0,26973618889.0,1919.475,2008-12-03
2008-12-03,1972.398,2039.927,1972.167,2039.927,5942907600.0,32814528966.0,1957.322,2008-12-04
2008-12-04,2062.643,2110.667,2034.641,2037.723,7428473100.0,42039811713.0,2039.927,2008-12-05
2008-12-05,2024.414,2098.656,2020.546,2098.656,5136629000.0,29363408436.0,2037.723,2008-12-08
2008-12-08,2128.684,2190.532,2120.541,2190.532,6981108900.0,41126882981.0,2098.656,2008-12-09
2008-12-09,2196.028,2196.028,2123.931,2134.58,6084504500.0,36671064078.0,2190.532,2008-12-10
2008-12-10,2123.036,2199.783,2113.145,2195.743,5286667900.0,31491950007.0,2134.58,2008-12-11
2008-12-11,2195.483,2203.295,2125.851,2127.183,5162982200.0,31272502666.0,2195.743,2008-12-12
2008-12-12,2107.475,2118.59,2001.184,2031.992,4550982100.0,25898830291.0,2127.183,2008-12-15
2008-12-15,2063.91,2082.775,2021.049,2073.029,3619602900.0,20954737753.0,2031.992,2008-12-16
2008-12-16,2058.666,2110.57,2008.405,2110.244,3611541800.0,20925262827.0,2073.029,2008-12-17
2008-12-17,2117.65,2164.59,2110.057,2136.309,4433061800.0,26668867924.0,2110.244,2008-12-18
2008-12-18,2135.679,2176.461,2118.297,2175.357,4187199200.0,24748303239.0,2136.309,2008-12-19
2008-12-19,2175.756,2216.89,2169.87,2194.994,4816794600.0,28998089120.0,2175.357,2008-12-22
2008-12-22,2196.389,2212.997,2154.432,2193.475,4255993900.0,25287365719.0,2194.994,2008-12-23
2008-12-23,2197.793,2197.793,2052.616,2054.535,4576610000.0,26470399074.0,2193.475,2008-12-24
2008-12-24,2020.957,2043.154,1985.824,2010.104,3431408600.0,19212721676.0,2054.535,2008-12-25
2008-12-25,2015.958,2035.835,1966.539,2003.488,2818966500.0,15710037602.0,2010.104,2008-12-26
2008-12-26,2006.134,2018.14,1976.077,1983.757,2128847700.0,12123274016.0,2003.488,2008-12-29
2008-12-29,1977.214,1991.565,1928.071,1984.755,2006006800.0,10981062306.0,1983.757,2008-12-30
2008-12-30,1983.457,2004.641,1961.803,1971.466,2226918500.0,12617908001.0,1984.755,2008-12-31
2008-12-31,1973.413,1983.125,1938.009,1939.433,1991663600.0,11495268939.0,1971.466,2009-01-05
2009-01-05,1969.631,2020.243,1962.62,2020.243,2471822700.0,14270969371.0,1939.433,2009-01-06
2009-01-06,2016.869,2093.601,2005.327,2091.892,3832597900.0,22243168144.0,2020.243,2009-01-07
2009-01-07,2092.737,2120.206,2082.55,2104.922,4015590100.0,23634988824.0,2091.892,2009-01-08
2009-01-08,2069.216,2087.155,2034.396,2052.3,3359260900.0,19587529573.0,2104.922,2009-01-09
2009-01-09,2050.322,2107.766,2050.322,2107.766,3158556400.0,19044185604.0,2052.3,2009-01-12
2009-01-12,2105.154,2162.346,2100.039,2137.841,3801176800.0,23213021635.0,2107.766,2009-01-13
2009-01-13,2116.109,2125.46,2078.056,2081.672,3335596600.0,19715787318.0,2137.841,2009-01-14
2009-01-14,2078.453,2160.064,2078.453,2160.064,3764292800.0,22494685386.0,2081.672,2009-01-15
2009-01-15,2143.046,2208.345,2135.701,2181.061,5011255400.0,29894730431.0,2160.064,2009-01-16
2009-01-16,2192.032,2228.9,2186.16,2195.634,5314701800.0,32618545260.0,2181.061,2009-01-19
2009-01-19,2209.131,2221.239,2166.085,2192.807,4078084600.0,25413376196.0,2195.634,2009-01-20
2009-01-20,2188.611,2214.839,2170.901,2214.839,3227392400.0,20146173623.0,2192.807,2009-01-21
2009-01-21,2187.182,2236.438,2178.538,2217.626,3876439700.0,24186160734.0,2214.839,2009-01-22
2009-01-22,2232.81,2260.502,2222.496,2256.367,4205226900.0,26330925905.0,2217.626,2009-01-23
2009-01-23,2253.321,2265.421,2233.501,2238.082,3778117500.0,23236928667.0,2256.367,2009-02-02
2009-02-02,2258.512,2306.769,2245.262,2306.769,4270051300.0,25777293579.0,2238.082,2009-02-03
2009-02-03,2307.886,2369.654,2300.982,2369.654,6388214800.0,38558189746.0,2306.769,2009-02-04
2009-02-04,2380.624,2423.923,2370.014,2423.887,6984697600.0,42964694409.0,2369.654,2009-02-05
2009-02-05,2421.363,2436.685,2362.233,2384.764,7374411900.0,46971836590.0,2423.887,2009-02-06
2009-02-06,2390.242,2496.592,2390.242,2493.74,7656355200.0,49084112801.0,2384.764,2009-02-09
2009-02-09,2528.801,2580.746,2500.537,2579.228,9083410800.0,60635855978.0,2493.74,2009-02-10
2009-02-10,2564.755,2653.213,2535.648,2653.213,8170515200.0,55539625618.0,2579.228,2009-02-11
2009-02-11,2609.007,2723.455,2594.926,2658.05,9507355000.0,65689364882.0,2653.213,2009-02-12
2009-02-12,2666.491,2707.922,2587.188,2707.922,8019710600.0,55066304884.0,2658.05,2009-02-13
2009-02-13,2714.637,2808.482,2704.655,2805.01,9003952300.0,64099269978.0,2707.922,2009-02-16
2009-02-16,2833.286,2854.562,2777.422,2854.444,9069168700.0,65944508177.0,2805.01,2009-02-17
2009-02-17,2844.215,2844.215,2734.372,2738.58,8506908600.0,62711295171.0,2854.444,2009-02-18
2009-02-18,2676.806,2736.593,2630.705,2632.908,6899598900.0,49543143834.0,2738.58,2009-02-19
2009-02-19,2661.601,2696.778,2629.343,2687.489,5701030500.0,41448721918.0,2632.908,2009-02-20
2009-02-20,2694.784,2776.955,2671.179,2776.955,6004358100.0,45854189117.0,2687.489,2009-02-23
2009-02-23,2769.626,2878.495,2753.849,2871.792,7358042200.0,56054947068.0,2776.955,2009-02-24
2009-02-24,2838.24,2884.014,2746.024,2754.24,8599346200.0,65175422308.0,2871.792,2009-02-25
2009-02-25,2780.335,2803.508,2677.264,2771.098,6865757400.0,51891897307.0,2754.24,2009-02-26
2009-02-26,2769.243,2800.205,2535.531,2571.276,6572775500.0,48693370686.0,2771.098,2009-02-27
2009-02-27,2528.597,2542.547,2396.313,2416.949,5318000100.0,36073538026.0,2571.276,2009-03-02
2009-03-02,2385.838,2485.025,2382.022,2478.808,3733312100.0,26009578992.0,2416.949,2009-03-03
2009-03-03,2416.107,2526.853,2398.805,2499.826,4413214700.0,31008490144.0,2478.808,2009-03-04
2009-03-04,2508.268,2654.398,2508.268,2651.405,6125446600.0,44645781938.0,2499.826,2009-03-05
2009-03-05,2680.324,2710.024,2608.134,2671.575,7033177200.0,51259009579.0,2651.405,2009-03-06
2009-03-06,2621.228,2676.362,2608.556,2653.469,5080774200.0,36270056049.0,2671.575,2009-03-09
2009-03-09,2661.954,2692.748,2528.605,2536.01,5060505200.0,36123351397.0,2653.469,2009-03-10
2009-03-10,2505.93,2601.5,2498.249,2601.417,3574068900.0,24646290505.0,2536.01,2009-03-11
2009-03-11,2646.61,2655.216,2574.999,2587.371,4386897600.0,31050012221.0,2601.417,2009-03-12
2009-03-12,2572.389,2604.785,2507.233,2597.232,3826516200.0,26997572642.0,2587.371,2009-03-13
2009-03-13,2606.879,2625.61,2564.151,2569.629,3603512600.0,26094441136.0,2597.232,2009-03-16
2009-03-16,2563.022,2604.002,2539.912,2603.058,3129485300.0,22066728689.0,2569.629,2009-03-17
2009-03-17,2608.228,2708.351,2594.122,2699.594,5424979900.0,39274477045.0,2603.058,2009-03-18
2009-03-18,2711.166,2778.148,2707.792,2734.547,6832836700.0,49738302974.0,2699.594,2009-03-19
2009-03-19,2737.375,2797.155,2733.701,2797.155,6584960000.0,48946589711.0,2734.547,2009-03-20
2009-03-20,2799.794,2802.712,2731.708,2784.106,6433374800.0,48491295623.0,2797.155,2009-03-23
2009-03-23,2784.889,2846.632,2779.702,2843.879,7075225600.0,55202986438.0,2784.106,2009-03-24
2009-03-24,2871.44,2877.452,2835.198,2865.333,7237215100.0,56429650646.0,2843.879,2009-03-25
2009-03-25,2849.916,2873.133,2785.553,2785.664,6492544400.0,49097240474.0,2865.333,2009-03-26
2009-03-26,2784.891,2853.506,2746.795,2853.411,5707036500.0,43450426565.0,2785.664,2009-03-27
2009-03-27,2871.391,2894.513,2852.927,2877.88,6967899300.0,54233559985.0,2853.411,2009-03-30
2009-03-30,2880.534,2904.591,2866.863,2883.214,5737614800.0,44630595705.0,2877.88,2009-03-31
2009-03-31,2825.931,2914.202,2808.605,2914.128,5966752200.0,46324446151.0,2883.214,2009-04-01
2009-04-01,2924.393,2978.096,2924.31,2962.839,7632927000.0,59892528633.0,2914.128,2009-04-02
2009-04-02,2972.739,2996.387,2952.762,2965.735,7637607700.0,60820104414.0,2962.839,2009-04-03
2009-04-03,2983.219,2990.066,2909.828,2934.253,6673960000.0,53780554243.0,2965.735,2009-04-07
2009-04-07,2941.389,2968.525,2925.744,2968.519,5302473400.0,42619367501.0,2934.253,2009-04-08
2009-04-08,2959.809,2969.814,2867.168,2867.168,6157879700.0,48390870285.0,2968.519,2009-04-09
2009-04-09,2862.107,2915.073,2838.627,2915.024,4987113600.0,39259889046.0,2867.168,2009-04-10
2009-04-10,2932.013,3012.25,2921.613,3009.376,7207994000.0,58445924497.0,2915.024,2009-04-13
2009-04-13,3030.701,3055.649,3019.157,3050.372,7799488500.0,63427183968.0,3009.376,2009-04-14
2009-04-14,3047.771,3102.785,3031.589,3099.429,7693697600.0,63983007697.0,3050.372,2009-04-15
2009-04-15,3084.043,3143.821,3055.253,3143.821,8377547100.0,70090825673.0,3099.429,2009-04-16
2009-04-16,3151.003,3182.579,3097.536,3159.26,8666548000.0,71982010654.0,3143.821,2009-04-17
2009-04-17,3152.36,3171.861,3083.64,3119.419,7686481200.0,64153355265.0,3159.26,2009-04-20
2009-04-20,3111.474,3205.884,3109.896,3205.884,7352907100.0,60484825137.0,3119.419,2009-04-21
2009-04-21,3173.533,3225.106,3142.119,3205.076,7986817800.0,64569546380.0,3205.884,2009-04-22
2009-04-22,3219.339,3235.449,3021.413,3042.638,8605184300.0,70079571318.0,3205.076,2009-04-23
2009-04-23,3013.086,3080.254,2978.653,3059.709,5531876100.0,44693516154.0,3042.638,2009-04-24
2009-04-24,3070.352,3082.5,3034.448,3036.761,5248337500.0,43044315736.0,3059.709,2009-04-27
2009-04-27,3034.238,3042.797,2903.3,2916.114,5313056700.0,42036180745.0,3036.761,2009-04-28
2009-04-28,2900.089,2959.952,2897.803,2959.952,4436508500.0,36611427350.0,2916.114,2009-04-29
2009-04-29,2963.206,3043.407,2954.855,3040.04,5619987500.0,46072693383.0,2959.952,2009-04-30
2009-04-30,3051.14,3096.762,3040.749,3086.217,6232040100.0,51201102237.0,3040.04,2009-05-04
2009-05-04,3096.389,3190.266,3096.389,3190.254,6919201000.0,57233986709.0,3086.217,2009-05-05
2009-05-05,3208.273,3234.133,3183.388,3220.615,7295732500.0,61104211297.0,3190.254,2009-05-06
2009-05-06,3215.6,3264.579,3204.307,3264.579,7298700200.0,62139528385.0,3220.615,2009-05-07
2009-05-07,3278.985,3285.772,3177.949,3242.626,8137389900.0,69303825133.0,3264.579,2009-05-08
2009-05-08,3227.217,3274.572,3196.786,3257.588,7786254800.0,63375192115.0,3242.626,2009-05-11
2009-05-11,3269.022,3275.118,3134.44,3134.573,7906633500.0,63792589396.0,3257.588,2009-05-12
2009-05-12,3105.859,3212.176,3101.316,3212.139,5082709000.0,41206380472.0,3134.573,2009-05-13
2009-05-13,3215.968,3247.843,3201.025,3234.151,6144825200.0,49842039078.0,3212.139,2009-05-14
2009-05-14,3211.21,3256.529,3200.113,3246.557,5912391500.0,48007411979.0,3234.151,2009-05-15
2009-05-15,3255.449,3285.446,3238.675,3270.738,5894569800.0,48465220423.0,3246.557,2009-05-18
2009-05-18,3265.005,3297.539,3211.388,3295.651,5631385600.0,46772299583.0,3270.738,2009-05-19
2009-05-19,3313.908,3338.252,3302.754,3325.531,7139058300.0,60721176704.0,3295.651,2009-05-20
2009-05-20,3328.121,3343.659,3302.743,3306.474,7000282600.0,58970946249.0,3325.531,2009-05-21
2009-05-21,3288.24,3309.316,3225.548,3247.475,7006288300.0,58565547467.0,3306.474,2009-05-22
2009-05-22,3235.413,3283.502,3227.189,3254.534,4963797900.0,42179218806.0,3247.475,2009-05-25
2009-05-25,3176.158,3277.685,3152.543,3271.501,5660734200.0,48546112496.0,3254.534,2009-05-26
2009-05-26,3274.63,3319.12,3271.906,3274.849,6107910400.0,54668798254.0,3271.501,2009-05-27
2009-05-27,3287.989,3300.223,3241.219,3276.748,5049246700.0,43419589368.0,3274.849,2009-06-01
2009-06-01,3302.004,3335.069,3296.116,3332.337,5643238700.0,49070392572.0,3276.748,2009-06-02
2009-06-02,3346.072,3366.736,3333.459,3353.922,6442180600.0,57437786578.0,3332.337,2009-06-03
2009-06-03,3351.778,3380.359,3346.968,3380.188,6517747500.0,58096239914.0,3353.922,2009-06-04
2009-06-04,3373.381,3384.36,3321.272,3375.873,6513105900.0,57924202294.0,3380.188,2009-06-05
2009-06-05,3379.92,3393.077,3352.628,3355.778,5816471500.0,51543448301.0,3375.873,2009-06-08
2009-06-08,3355.911,3380.714,3321.765,3350.238,5272072400.0,47467261930.0,3355.778,2009-06-09
2009-06-09,3347.856,3366.911,3282.0,3366.911,5632299400.0,48034536075.0,3350.238,2009-06-10
2009-06-10,3373.029,3403.281,3363.883,3403.208,6120367600.0,51214797853.0,3366.911,2009-06-11
2009-06-11,3399.551,3422.131,3363.973,3382.997,6096411200.0,51232496633.0,3403.208,2009-06-12
2009-06-12,3376.595,3391.374,3281.248,3309.587,5553930700.0,47444324465.0,3382.997,2009-06-15
2009-06-15,3303.739,3356.714,3296.579,3356.714,4094414500.0,34958700221.0,3309.587,2009-06-16
2009-06-16,3330.628,3357.441,3317.829,3349.35,4079970300.0,35431874726.0,3356.714,2009-06-17
2009-06-17,3346.653,3406.913,3334.168,3403.962,4898256700.0,41820824957.0,3349.35,2009-06-18
2009-06-18,3410.629,3432.09,3406.326,3431.281,5963087100.0,52809180252.0,3403.962,2009-06-19
2009-06-19,3433.201,3448.842,3415.751,3434.055,6473725100.0,56530019401.0,3431.281,2009-06-22
2009-06-22,3451.866,3454.895,3393.324,3405.13,5753125900.0,49661979365.0,3434.055,2009-06-23
2009-06-23,3365.241,3421.237,3353.025,3392.112,4905319700.0,41856428791.0,3405.13,2009-06-24
2009-06-24,3394.77,3431.444,3384.476,3431.444,4976474900.0,43397162184.0,3392.112,2009-06-25
2009-06-25,3435.002,3441.582,3411.527,3427.473,5137264500.0,44201454809.0,3431.444,2009-06-26
2009-06-26,3433.725,3453.614,3419.369,3448.461,5012471800.0,44240557675.0,3427.473,2009-06-29
2009-06-29,3451.778,3484.231,3444.979,3476.788,5934657600.0,52383611635.0,3448.461,2009-06-30
2009-06-30,3483.578,3484.944,3439.768,3452.263,5349181600.0,47235004980.0,3476.788,2009-07-01
2009-07-01,3446.446,3503.754,3444.47,3503.754,6084860100.0,55239860941.0,3452.263,2009-07-02
2009-07-02,3516.309,3540.641,3500.891,3540.509,7183765200.0,65457124837.0,3503.754,2009-07-03
2009-07-03,3519.695,3584.858,3507.178,3584.858,7513046300.0,69740531204.0,3540.509,2009-07-06
2009-07-06,3593.624,3601.912,3557.667,3592.64,7451406500.0,70797470967.0,3584.858,2009-07-07
2009-07-07,3588.669,3616.166,3563.273,3589.187,7132237900.0,65799669147.0,3592.64,2009-07-08
2009-07-08,3567.591,3640.337,3560.11,3633.433,6014804100.0,56294034230.0,3589.187,2009-07-09
2009-07-09,3637.388,3701.79,3631.297,3701.79,7523964700.0,72900659346.0,3633.433,2009-07-10
2009-07-10,3706.56,3747.122,3697.98,3719.97,7785624900.0,74303351573.0,3701.79,2009-07-13
2009-07-13,3711.447,3782.109,3705.433,3754.344,7567251600.0,73043441518.0,3719.97,2009-07-14
2009-07-14,3762.319,3813.876,3762.319,3813.876,7436959400.0,71842671765.0,3754.344,2009-07-15
2009-07-15,3824.326,3850.962,3820.242,3848.632,8436083500.0,82599123419.0,3813.876,2009-07-16
2009-07-16,3860.68,3873.333,3821.242,3829.207,8434861800.0,84405704814.0,3848.632,2009-07-17
2009-07-17,3827.252,3862.288,3809.498,3852.863,7608516800.0,76006659794.0,3829.207,2009-07-20
2009-07-20,3863.472,3919.448,3855.774,3919.426,9016103900.0,92728442708.0,3852.863,2009-07-21
2009-07-21,3922.109,3922.571,3814.922,3824.288,8937103500.0,90115333385.0,3919.426,2009-07-22
2009-07-22,3817.865,3894.694,3817.865,3894.563,7717383500.0,79176385388.0,3824.288,2009-07-23
2009-07-23,3900.015,3933.113,3892.651,3933.113,7661439900.0,77959608431.0,3894.563,2009-07-24
2009-07-24,3945.237,3952.317,3831.396,3907.967,8262575600.0,84419752596.0,3933.113,2009-07-27
2009-07-27,3918.267,3972.668,3914.317,3972.644,7928386600.0,84329127787.0,3907.967,2009-07-28
2009-07-28,3974.006,4023.013,3936.205,4022.91,8828133600.0,92018596162.0,3972.644,2009-07-29
2009-07-29,4013.033,4019.195,3678.888,3764.64,9463768400.0,94818134515.0,4022.91,2009-07-30
2009-07-30,3773.148,3830.351,3670.905,3803.124,6983696700.0,69297629393.0,3764.64,2009-07-31
2009-07-31,3826.193,3933.37,3816.471,3928.584,7525916700.0,76812843931.0,3803.124,2009-08-03
2009-08-03,3944.697,4020.625,3928.927,4020.266,8510728000.0,87743316310.0,3928.584,2009-08-04
2009-08-04,4024.681,4071.129,3975.507,4069.346,9365029700.0,98052184307.0,4020.266,2009-08-05
2009-08-05,4065.426,4099.527,3993.107,4069.338,8879334900.0,94016657135.0,4069.346,2009-08-06
2009-08-06,4040.222,4093.701,3946.59,4015.421,7872967200.0,84495679177.0,4069.338,2009-08-07
2009-08-07,4008.225,4036.204,3875.756,3893.125,6669500800.0,71025079991.0,4015.421,2009-08-10
2009-08-10,3935.045,3970.177,3857.5,3933.047,5381069200.0,57236081881.0,3893.125,2009-08-11
2009-08-11,3946.151,3964.422,3900.058,3953.293,4464043500.0,47678940455.0,3933.047,2009-08-12
2009-08-12,3944.344,3944.344,3762.236,3770.137,5383301800.0,55199682634.0,3953.293,2009-08-13
2009-08-13,3772.668,3800.529,3705.368,3778.14,4270992500.0,43660013555.0,3770.137,2009-08-14
2009-08-14,3780.394,3789.754,3609.658,3609.698,5072646400.0,50461646276.0,3778.14,2009-08-17
2009-08-17,3558.321,3571.817,3356.201,3358.103,4821366700.0,45055756542.0,3609.698,2009-08-18
2009-08-18,3326.866,3436.479,3310.898,3424.775,3812622600.0,34735016054.0,3358.103,2009-08-19
2009-08-19,3427.099,3436.952,3215.547,3247.526,4390591800.0,39910161331.0,3424.775,2009-08-20
2009-08-20,3247.209,3378.807,3239.825,3374.351,4296083700.0,39189781068.0,3247.526,2009-08-21
2009-08-21,3366.461,3469.067,3344.309,3468.042,5158048800.0,48523629526.0,3374.351,2009-08-24
2009-08-24,3472.493,3556.712,3449.221,3541.804,5460754900.0,53333730326.0,3468.042,2009-08-25
2009-08-25,3523.815,3523.815,3384.445,3485.924,5982545200.0,57938441896.0,3541.804,2009-08-26
2009-08-26,3466.215,3622.666,3444.816,3595.115,5966770200.0,58697217358.0,3485.924,2009-08-27
2009-08-27,3585.368,3662.473,3557.766,3629.513,6542605700.0,62666472301.0,3595.115,2009-08-28
2009-08-28,3615.075,3627.366,3512.432,3531.41,4827620600.0,45945183890.0,3629.513,2009-08-31
2009-08-31,3477.116,3477.116,3276.108,3277.997,4731422800.0,43255410397.0,3531.41,2009-09-01
2009-09-01,3242.929,3319.717,3207.268,3245.274,3739287600.0,33234621981.0,3277.997,2009-09-02
2009-09-02,3229.021,3279.098,3195.852,3265.074,3105849800.0,26998810400.0,3245.274,2009-09-03
2009-09-03,3266.18,3437.159,3262.967,3427.442,4794651300.0,43515606419.0,3265.074,2009-09-04
2009-09-04,3422.954,3509.282,3408.083,3489.063,5383360500.0,50781322255.0,3427.442,2009-09-07
2009-09-07,3503.003,3564.65,3487.493,3527.254,5832011700.0,56322210380.0,3489.063,2009-09-08
2009-09-08,3505.443,3592.806,3473.181,3592.806,5578516600.0,55980453409.0,3527.254,2009-09-09
2009-09-09,3598.014,3616.254,3556.314,3613.41,5587916100.0,56137109537.0,3592.806,2009-09-10
2009-09-10,3598.266,3624.756,3558.616,3581.683,4919302300.0,48294075772.0,3613.41,2009-09-11
2009-09-11,3567.62,3659.439,3565.868,3641.816,5352228700.0,52031226521.0,3581.683,2009-09-14
2009-09-14,3653.469,3744.834,3652.577,3736.576,6999641200.0,69266897945.0,3641.816,2009-09-15
2009-09-15,3742.445,3791.841,3718.881,3775.213,7136290900.0,70906100685.0,3736.576,2009-09-16
2009-09-16,3764.567,3808.895,3706.297,3781.064,7223743900.0,71506327436.0,3775.213,2009-09-17
2009-09-17,3785.245,3881.849,3785.245,3868.667,7766327500.0,76549294919.0,3781.064,2009-09-18
2009-09-18,3879.099,3892.17,3707.022,3739.732,8051587800.0,79292552224.0,3868.667,2009-09-21
2009-09-21,3704.171,3805.037,3637.501,3804.331,6109442000.0,61331331199.0,3739.732,2009-09-22
2009-09-22,3793.79,3834.725,3708.199,3708.199,5719297700.0,59072443427.0,3804.331,2009-09-23
2009-09-23,3693.032,3733.694,3572.628,3595.706,4993506900.0,49543781140.0,3708.199,2009-09-24
2009-09-24,3572.481,3620.386,3477.406,3568.669,4411822400.0,42844101016.0,3595.706,2009-09-25
2009-09-25,3555.468,3583.602,3516.359,3536.811,3315150200.0,32026962179.0,3568.669,2009-09-28
2009-09-28,3546.341,3581.976,3418.456,3434.655,3228769200.0,30785905298.0,3536.811,2009-09-29
2009-09-29,3430.289,3449.173,3306.384,3372.074,3263922600.0,29436875152.0,3434.655,2009-09-30
2009-09-30,3396.927,3444.768,3396.561,3400.623,2886389500.0,26692996825.0,3372.074,2009-10-09
2009-10-09,3456.082,3576.636,3454.796,3576.444,3643693100.0,34965908475.0,3400.623,2009-10-12
2009-10-12,3586.041,3629.578,3555.945,3597.863,3919970700.0,38786307553.0,3576.444,2009-10-13
2009-10-13,3591.615,3659.081,3583.85,3659.081,3793228800.0,37251298683.0,3597.863,2009-10-14
2009-10-14,3668.372,3729.942,3667.506,3692.648,5225603000.0,52651504840.0,3659.081,2009-10-15
2009-10-15,3711.101,3733.276,3677.135,3704.404,4425295300.0,44230878359.0,3692.648,2009-10-16
2009-10-16,3712.918,3725.321,3654.696,3716.897,4291635200.0,43612066520.0,3704.404,2009-10-19
2009-10-19,3719.532,3808.181,3714.485,3808.181,5659440200.0,57865502154.0,3716.897,2009-10-20
2009-10-20,3827.626,3865.832,3811.786,3865.832,6772508600.0,71454000459.0,3808.181,2009-10-21
2009-10-21,3859.512,3887.889,3836.876,3839.947,6547195600.0,66974108089.0,3865.832,2009-10-22
2009-10-22,3827.181,3880.294,3815.166,3855.768,5675228300.0,57097318192.0,3839.947,2009-10-23
2009-10-23,3858.449,3926.192,3858.449,3908.435,6944006800.0,69326922727.0,3855.768,2009-10-26
2009-10-26,3914.608,3925.422,3869.149,3911.653,5806183500.0,59082514547.0,3908.435,2009-10-27
2009-10-27,3884.564,3887.437,3807.976,3807.976,5762283900.0,59977841009.0,3911.653,2009-10-28
2009-10-28,3794.993,3846.415,3763.173,3846.415,5000961600.0,52176565091.0,3807.976,2009-10-29
2009-10-29,3786.725,3814.915,3761.785,3777.505,4790887100.0,51083859019.0,3846.415,2009-10-30
2009-10-30,3823.8,3872.23,3799.662,3827.683,5174836800.0,55612624319.0,3777.505,2009-11-02
2009-11-02,3754.943,3955.783,3738.696,3955.783,6595070200.0,70113134428.0,3827.683,2009-11-03
2009-11-03,3970.452,4053.212,3967.003,4053.212,8259001800.0,88498444300.0,3955.783,2009-11-04
2009-11-04,4057.024,4091.993,4040.324,4083.482,7791215800.0,84245285191.0,4053.212,2009-11-05
2009-11-05,4082.874,4134.847,4068.94,4125.781,7088694500.0,73844938740.0,4083.482,2009-11-06
2009-11-06,4147.832,4175.5,4130.69,4145.137,8394569500.0,86991528667.0,4125.781,2009-11-09
2009-11-09,4148.431,4176.433,4120.391,4176.188,6832455400.0,71823996262.0,4145.137,2009-11-10
2009-11-10,4193.656,4211.148,4176.131,4182.77,6980258400.0,74730896305.0,4176.188,2009-11-11
2009-11-11,4172.664,4209.253,4149.287,4199.549,6278380300.0,66205122286.0,4182.77,2009-11-12
2009-11-12,4203.618,4251.611,4197.697,4213.245,6682543700.0,70704987470.0,4199.549,2009-11-13
2009-11-13,4200.666,4267.008,4166.142,4267.008,6330928500.0,69037907972.0,4213.245,2009-11-16
2009-11-16,4295.723,4366.852,4295.723,4364.973,8837484800.0,99027620073.0,4267.008,2009-11-17
2009-11-17,4381.99,4400.394,4341.778,4387.552,7886137800.0,87869927121.0,4364.973,2009-11-18
2009-11-18,4386.132,4413.624,4363.882,4406.779,7777146100.0,85515804793.0,4387.552,2009-11-19
2009-11-19,4412.098,4476.138,4400.753,4476.138,8605622500.0,93593940758.0,4406.779,2009-11-20
2009-11-20,4462.577,4541.274,4443.135,4508.293,8827120300.0,96484181155.0,4476.138,2009-11-23
2009-11-23,4516.278,4592.007,4513.561,4591.339,8283718000.0,94245231224.0,4508.293,2009-11-24
2009-11-24,4607.034,4611.888,4328.436,4347.657,11608682400.0,131848806525.0,4591.339,2009-11-25
2009-11-25,4333.701,4512.677,4317.849,4512.08,8759604700.0,97082603745.0,4347.657,2009-11-26
2009-11-26,4519.132,4541.945,4304.153,4328.408,10372926200.0,115217581168.0,4512.08,2009-11-27
2009-11-27,4262.567,4355.231,4187.585,4215.338,7082962800.0,75810303259.0,4328.408,2009-11-30
2009-11-30,4251.955,4405.693,4251.955,4405.328,6293950500.0,69591307407.0,4215.338,2009-12-01
2009-12-01,4405.731,4525.649,4386.826,4525.288,7608966500.0,84582733937.0,4405.328,2009-12-02
2009-12-02,4547.98,4605.878,4534.45,4591.384,8762787600.0,96857705813.0,4525.288,2009-12-03
2009-12-03,4582.261,4625.636,4555.473,4621.941,7904182200.0,88680044087.0,4591.384,2009-12-04
2009-12-04,4614.683,4651.148,4403.136,4506.082,9398535700.0,104837427913.0,4621.941,2009-12-07
2009-12-07,4508.626,4581.578,4503.494,4581.242,6049309800.0,68533289382.0,4506.082,2009-12-08
2009-12-08,4584.16,4598.095,4520.924,4571.764,6640363700.0,74211406782.0,4581.242,2009-12-09
2009-12-09,4524.624,4566.237,4474.096,4498.152,5535167100.0,61247632898.0,4571.764,2009-12-10
2009-12-10,4517.704,4553.819,4485.821,4536.557,4541781800.0,51457524409.0,4498.152,2009-12-11
2009-12-11,4546.61,4576.217,4517.528,4534.763,4711364600.0,53229806991.0,4536.557,2009-12-14
2009-12-14,4533.364,4533.797,4417.726,4513.594,4609314400.0,51741648040.0,4534.763,2009-12-15
2009-12-15,4507.158,4545.354,4492.24,4523.493,4658103400.0,53573939096.0,4513.594,2009-12-16
2009-12-16,4509.822,4543.097,4491.02,4506.039,4341789200.0,49886431663.0,4523.493,2009-12-17
2009-12-17,4506.367,4518.944,4362.838,4364.926,4492709600.0,51403036914.0,4506.039,2009-12-18
2009-12-18,4318.065,4318.987,4194.965,4203.48,4298715200.0,47125711072.0,4364.926,2009-12-21
2009-12-21,4195.117,4257.017,4185.109,4256.389,3209971900.0,35444566541.0,4203.48,2009-12-22
2009-12-22,4260.744,4263.337,4124.08,4136.822,3684896700.0,40966914754.0,4256.389,2009-12-23
2009-12-23,4132.155,4210.665,4129.892,4210.173,3288884800.0,36921147988.0,4136.822,2009-12-24
2009-12-24,4213.821,4350.525,4209.975,4345.296,4436008000.0,50554403042.0,4210.173,2009-12-25
2009-12-25,4342.35,4398.458,4324.855,4376.193,4272454000.0,48524138882.0,4345.296,2009-12-28
2009-12-28,4388.778,4447.757,4388.274,4447.205,4374973600.0,50027432219.0,4376.193,2009-12-29
2009-12-29,4451.928,4465.461,4393.902,4463.604,4527214500.0,52114946742.0,4447.205,2009-12-30
2009-12-30,4459.723,4470.308,4408.384,4446.067,4808960400.0,57155642238.0,4463.604,2009-12-31
2009-12-31,4444.248,4487.451,4432.289,4485.255,4529280000.0,54875089597.0,4446.067,2010-01-04
2010-01-04,4508.93,4542.71,4487.365,4510.527,5125673400.0,62671851458.0,4485.255,2010-01-05
2010-01-05,4513.403,4558.21,4480.188,4557.475,5704074500.0,68443129593.0,4510.527,2010-01-06
2010-01-06,4553.369,4595.102,4538.719,4550.279,5787597900.0,69618450892.0,4557.475,2010-01-07
2010-01-07,4540.009,4554.932,4436.767,4459.155,5787344000.0,68761437809.0,4550.279,2010-01-08
2010-01-08,4439.206,4514.719,4426.235,4514.452,4657364600.0,54897796700.0,4459.155,2010-01-11
2010-01-11,4549.318,4558.461,4502.994,4542.949,5708973200.0,70066392656.0,4514.452,2010-01-12
2010-01-12,4535.304,4640.353,4524.675,4639.632,6206168900.0,76271745524.0,4542.949,2010-01-13
2010-01-13,4544.429,4650.059,4526.838,4591.024,6789880700.0,83458600355.0,4639.632,2010-01-14
2010-01-14,4598.405,4714.873,4598.405,4714.1,6791848300.0,84561287696.0,4591.024,2010-01-15
2010-01-15,4720.217,4753.189,4712.624,4747.648,5851337200.0,73076043319.0,4714.1,2010-01-18
2010-01-18,4744.325,4829.361,4738.911,4829.062,6328435700.0,78211370140.0,4747.648,2010-01-19
2010-01-19,4835.827,4852.325,4791.99,4830.016,6615494400.0,80838046644.0,4829.062,2010-01-20
2010-01-20,4830.421,4831.701,4635.669,4651.074,7808653700.0,94323889250.0,4830.016,2010-01-21
2010-01-21,4646.622,4696.161,4611.76,4667.209,5093667600.0,61486439798.0,4651.074,2010-01-22
2010-01-22,4613.193,4633.394,4453.69,4537.88,6018718300.0,69988890425.0,4667.209,2010-01-25
2010-01-25,4515.131,4542.786,4477.187,4481.16,4139508300.0,49671090279.0,4537.88,2010-01-26
2010-01-26,4467.521,4492.645,4254.323,4294.383,4152028200.0,47467846100.0,4481.16,2010-01-27
2010-01-27,4290.736,4344.132,4229.517,4267.113,3292415200.0,37930581719.0,4294.383,2010-01-28
2010-01-28,4266.056,4340.409,4249.771,4336.381,3212733000.0,37413687580.0,4267.113,2010-01-29
2010-01-29,4316.237,4418.402,4298.654,4374.649,3988806500.0,46920870245.0,4336.381,2010-02-01
2010-02-01,4366.489,4372.572,4269.33,4331.366,4309502900.0,50119156209.0,4374.649,2010-02-02
2010-02-02,4344.037,4388.351,4296.883,4301.768,3853250500.0,45419432144.0,4331.366,2010-02-03
2010-02-03,4299.966,4363.668,4160.352,4363.079,4852667900.0,55363883385.0,4301.768,2010-02-04
2010-02-04,4342.68,4445.754,4316.813,4408.441,5187378200.0,60009178101.0,4363.079,2010-02-05
2010-02-05,4312.549,4382.344,4270.71,4311.293,4967040500.0,57329452739.0,4408.441,2010-02-08
2010-02-08,4299.251,4330.204,4279.662,4310.894,3194607600.0,36140917706.0,4311.293,2010-02-09
2010-02-09,4300.32,4334.343,4284.517,4311.891,2989657900.0,33051109745.0,4310.894,2010-02-10
2010-02-10,4333.854,4366.495,4326.019,4366.25,2589719600.0,30362057461.0,4311.891,2010-02-11
2010-02-11,4367.721,4385.197,4352.114,4356.517,2448541000.0,28560427556.0,4366.25,2010-02-12
2010-02-12,4365.619,4418.539,4365.477,4416.219,2451137900.0,29321018550.0,4356.517,2010-02-22
2010-02-22,4412.553,4457.223,4401.057,4419.547,3146942600.0,36942577664.0,4416.219,2010-02-23
2010-02-23,4414.055,4459.726,4352.442,4459.155,3884211000.0,44895645491.0,4419.547,2010-02-24
2010-02-24,4438.395,4556.723,4419.452,4556.281,4802456800.0,55266251401.0,4459.155,2010-02-25
2010-02-25,4565.744,4632.97,4564.024,4629.965,5551941000.0,65857348240.0,4556.281,2010-02-26
2010-02-26,4618.639,4656.927,4602.016,4634.671,4953052200.0,58905069146.0,4629.965,2010-03-01
2010-03-01,4635.953,4692.833,4635.953,4686.266,5386243700.0,63522641661.0,4634.671,2010-03-02
2010-03-02,4692.606,4705.16,4660.166,4690.293,5662886100.0,67693532034.0,4686.266,2010-03-03
2010-03-03,4690.436,4761.577,4680.311,4758.434,6357355100.0,76878302413.0,4690.293,2010-03-04
2010-03-04,4763.637,4780.016,4572.07,4586.523,6847070600.0,81551643706.0,4758.434,2010-03-05
2010-03-05,4590.886,4632.04,4550.096,4604.586,5237147600.0,58748521383.0,4586.523,2010-03-08
2010-03-08,4618.857,4665.061,4612.218,4654.583,4503946900.0,51555326555.0,4604.586,2010-03-09
2010-03-09,4653.062,4674.509,4607.864,4660.126,4721442900.0,54504639852.0,4654.583,2010-03-10
2010-03-10,4659.5,4674.064,4564.431,4598.994,4479955900.0,51947965691.0,4660.126,2010-03-11
2010-03-11,4594.501,4608.643,4519.026,4562.872,3756111800.0,43582882845.0,4598.994,2010-03-12
2010-03-12,4561.609,4575.996,4489.534,4492.861,3540021200.0,40963844068.0,4562.872,2010-03-15
2010-03-15,4485.875,4498.103,4426.189,4454.76,2992878000.0,35313782723.0,4492.861,2010-03-16
2010-03-16,4453.812,4492.04,4426.607,4491.465,2766447600.0,31934260836.0,4454.76,2010-03-17
2010-03-17,4500.427,4616.109,4500.255,4616.053,4436945300.0,52355111027.0,4491.465,2010-03-18
2010-03-18,4627.998,4653.681,4605.912,4630.953,4979134700.0,58490410433.0,4616.053,2010-03-19
2010-03-19,4632.05,4665.909,4609.013,4663.903,4641554600.0,54392696725.0,4630.953,2010-03-22
2010-03-22,4669.413,4695.082,4649.531,4690.198,4720032000.0,55746635882.0,4663.903,2010-03-23
2010-03-23,4690.273,4697.727,4642.975,4658.626,4704866700.0,56747738471.0,4690.198,2010-03-24
2010-03-24,4662.987,4692.318,4662.536,4683.065,4744276700.0,58070206071.0,4658.626,2010-03-25
2010-03-25,4675.222,4675.222,4609.165,4620.749,4895411600.0,58843594784.0,4683.065,2010-03-26
2010-03-26,4609.752,4693.762,4601.691,4686.931,4521928200.0,54648704925.0,4620.749,2010-03-29
2010-03-29,4701.789,4723.745,4682.409,4723.611,5028323800.0,61333700646.0,4686.931,2010-03-30
2010-03-30,4720.577,4748.908,4708.428,4744.423,4734372300.0,59814493818.0,4723.611,2010-03-31
2010-03-31,4744.344,4757.316,4726.518,4756.157,4910827600.0,61722494941.0,4744.423,2010-04-01
2010-04-01,4756.298,4828.103,4755.933,4827.214,6187885700.0,77731513271.0,4756.157,2010-04-02
2010-04-02,4833.81,4851.938,4820.065,4843.175,5943194600.0,71673137978.0,4827.214,2010-04-06
2010-04-06,4853.328,4862.168,4814.252,4852.904,5739705000.0,70803392480.0,4843.175,2010-04-07
2010-04-07,4851.831,4865.753,4829.017,4863.639,5328918600.0,66073839435.0,4852.904,2010-04-08
2010-04-08,4856.411,4881.907,4845.605,4864.922,5717551000.0,72568496777.0,4863.639,2010-04-09
2010-04-09,4866.519,4939.408,4866.243,4939.176,5841922500.0,76192583994.0,4864.922,2010-04-12
2010-04-12,4948.103,4976.832,4932.626,4976.38,7228171800.0,93471806749.0,4939.176,2010-04-13
2010-04-13,4977.757,4993.367,4793.284,4919.873,7346944300.0,96503261576.0,4976.38,2010-04-14
2010-04-14,4910.701,4978.269,4896.573,4977.508,5620229100.0,72485869902.0,4919.873,2010-04-15
2010-04-15,4975.078,4984.356,4879.912,4914.747,5425112300.0,70016667931.0,4977.508,2010-04-16
2010-04-16,4900.6,4936.876,4852.407,4898.67,4304573700.0,54086011852.0,4914.747,2010-04-19
2010-04-19,4850.863,4880.535,4688.12,4688.836,5827744700.0,70792701720.0,4898.67,2010-04-20
2010-04-20,4680.197,4750.489,4607.2,4749.934,5271907300.0,65798537949.0,4688.836,2010-04-21
2010-04-21,4753.118,4896.661,4747.387,4893.978,6395338500.0,83273716552.0,4749.934,2010-04-22
2010-04-22,4881.255,4950.494,4849.557,4902.405,6599520800.0,86324588204.0,4893.978,2010-04-23
2010-04-23,4892.037,4936.731,4840.168,4864.164,5576390000.0,73051083018.0,4902.405,2010-04-26
2010-04-26,4868.725,4904.97,4847.913,4866.553,4851045000.0,64127112047.0,4864.164,2010-04-27
2010-04-27,4852.193,4852.193,4645.159,4739.269,5371586700.0,66704700199.0,4866.553,2010-04-28
2010-04-28,4682.326,4767.801,4652.872,4714.432,4431985800.0,55910745931.0,4739.269,2010-04-29
2010-04-29,4730.49,4758.76,4560.131,4561.4,4829340000.0,61768626853.0,4714.432,2010-04-30
2010-04-30,4540.652,4547.479,4350.147,4438.681,4381965400.0,52914755825.0,4561.4,2010-05-04
2010-05-04,4353.452,4484.46,4324.504,4434.131,3183759200.0,38342487781.0,4438.681,2010-05-05
2010-05-05,4388.503,4565.239,4377.384,4564.807,4329849800.0,52253378389.0,4434.131,2010-05-06
2010-05-06,4557.446,4583.184,4418.739,4419.781,4498350100.0,56440157404.0,4564.807,2010-05-07
2010-05-07,4313.653,4443.534,4285.466,4350.758,4221155000.0,51186643794.0,4419.781,2010-05-10
2010-05-10,4346.702,4391.034,4175.665,4269.108,4019215900.0,48639016180.0,4350.758,2010-05-11
2010-05-11,4350.771,4366.687,4134.601,4144.352,4002581100.0,46663576767.0,4269.108,2010-05-12
2010-05-12,4100.604,4154.475,3979.128,4042.516,3657183500.0,40741384941.0,4144.352,2010-05-13
2010-05-13,4042.315,4158.347,3974.102,4157.842,3651686200.0,39490389650.0,4042.516,2010-05-14
2010-05-14,4129.892,4217.607,4107.176,4184.841,3694244000.0,41610102842.0,4157.842,2010-05-17
2010-05-17,4125.661,4132.379,3915.752,3915.752,3760313200.0,39602984900.0,4184.841,2010-05-18
2010-05-18,3894.094,3983.876,3818.29,3972.154,3771298400.0,38354955844.0,3915.752,2010-05-19
2010-05-19,3946.148,4037.847,3908.64,3977.377,3496051800.0,38905012669.0,3972.154,2010-05-20
2010-05-20,3941.61,4025.803,3890.352,3901.257,3343432300.0,36236233019.0,3977.377,2010-05-21
2010-05-21,3787.15,3982.412,3768.097,3982.385,4023081300.0,42753884532.0,3901.257,2010-05-24
2010-05-24,4016.351,4170.729,4016.351,4163.477,5441927700.0,60753309591.0,3982.385,2010-05-25
2010-05-25,4134.931,4177.786,4087.096,4133.346,4745101800.0,52304015443.0,4163.477,2010-05-26
2010-05-26,4117.49,4165.29,4097.242,4144.662,3422970900.0,38841485138.0,4133.346,2010-05-27
2010-05-27,4133.325,4228.444,4083.622,4218.637,4365236000.0,48762064055.0,4144.662,2010-05-28
2010-05-28,4254.849,4270.167,4203.488,4235.322,4531411200.0,52262340190.0,4218.637,2010-05-31
2010-05-31,4214.623,4259.164,4104.364,4104.364,4140822100.0,47203412501.0,4235.322,2010-06-01
2010-06-01,4059.415,4091.441,3933.393,4025.789,3874619100.0,42575448426.0,4104.364,2010-06-02
2010-06-02,4004.128,4084.048,3960.335,4083.616,3270879900.0,36130463054.0,4025.789,2010-06-03
2010-06-03,4099.855,4146.656,4053.546,4053.985,3754352700.0,42725068381.0,4083.616,2010-06-04
2010-06-04,4025.277,4095.486,4013.969,4089.035,3141512500.0,33892589784.0,4053.985,2010-06-07
2010-06-07,4000.65,4082.379,3985.146,4072.568,3497036200.0,39400706503.0,4089.035,2010-06-08
2010-06-08,4064.784,4122.39,4047.819,4109.317,3423959600.0,39553668851.0,4072.568,2010-06-09
2010-06-09,4124.807,4212.175,4110.434,4211.881,4755827200.0,51971223690.0,4109.317,2010-06-10
2010-06-10,4191.293,4261.161,4176.428,4223.566,4188617100.0,47912147685.0,4211.881,2010-06-11
2010-06-11,4239.059,4252.102,4193.082,4197.995,3441800600.0,39693577498.0,4223.566,2010-06-17
2010-06-17,4221.599,4237.101,4144.069,4145.243,2899836200.0,33319315253.0,4197.995,2010-06-18
2010-06-18,4131.677,4131.677,3945.727,3972.286,3504262300.0,39210162367.0,4145.243,2010-06-21
2010-06-21,3960.25,4087.447,3924.415,4087.017,3508624200.0,35971325346.0,3972.286,2010-06-22
2010-06-22,4081.642,4136.592,4069.225,4119.722,3461653800.0,36241607659.0,4087.017,2010-06-23
2010-06-23,4098.259,4138.777,4039.925,4094.568,3126797700.0,33133837622.0,4119.722,2010-06-24
2010-06-24,4090.974,4120.84,4070.488,4095.295,2497078700.0,26862635502.0,4094.568,2010-06-25
2010-06-25,4079.192,4080.023,3992.374,4028.433,2580171500.0,27972975200.0,4095.295,2010-06-28
2010-06-28,4023.107,4036.429,3944.47,3961.382,2111946900.0,22859221297.0,4028.433,2010-06-29
2010-06-29,3960.676,3973.927,3735.119,3736.982,3357564300.0,34397653349.0,3961.382,2010-06-30
2010-06-30,3699.181,3701.331,3620.274,3664.464,2553734000.0,25464503259.0,3736.982,2010-07-01
2010-07-01,3657.956,3692.903,3604.357,3606.593,2246347000.0,22874780218.0,3664.464,2010-07-02
2010-07-02,3600.76,3609.002,3430.361,3585.576,3087686800.0,30480515074.0,3606.593,2010-07-05
2010-07-05,3535.741,3586.578,3498.903,3563.882,2248425300.0,21552278648.0,3585.576,2010-07-06
2010-07-06,3556.19,3665.379,3554.071,3665.334,2959201200.0,28857800432.0,3563.882,2010-07-07
2010-07-07,3672.15,3718.931,3656.298,3718.662,2894769300.0,28317325926.0,3665.334,2010-07-08
2010-07-08,3729.238,3736.51,3663.731,3698.342,2779247100.0,26639094854.0,3718.662,2010-07-09
2010-07-09,3699.313,3817.669,3677.338,3807.604,4073329500.0,40142143493.0,3698.342,2010-07-12
2010-07-12,3809.747,3866.782,3799.429,3849.52,4001443600.0,39210785672.0,3807.604,2010-07-13
2010-07-13,3816.463,3816.463,3747.396,3788.751,3444529500.0,34351843348.0,3849.52,2010-07-14
2010-07-14,3795.211,3862.386,3795.176,3824.046,3540965900.0,35487587420.0,3788.751,2010-07-15
2010-07-15,3817.178,3850.196,3735.285,3735.395,3271061200.0,32298131893.0,3824.046,2010-07-16
2010-07-16,3713.659,3764.835,3672.02,3757.432,2798721100.0,27600903233.0,3735.395,2010-07-19
2010-07-19,3718.13,3848.631,3701.931,3842.313,3507423600.0,35450370675.0,3757.432,2010-07-20
2010-07-20,3849.042,3951.542,3848.741,3951.358,5268350400.0,53568899401.0,3842.313,2010-07-21
2010-07-21,3953.773,4001.427,3937.484,3959.427,5204248800.0,53476581398.0,3951.358,2010-07-22
2010-07-22,3947.994,4018.056,3940.463,4017.864,4617888300.0,47106980662.0,3959.427,2010-07-23
2010-07-23,4020.914,4028.513,3965.704,4015.467,4471046200.0,46308730057.0,4017.864,2010-07-26
2010-07-26,4023.064,4071.47,4011.746,4071.094,4385787200.0,45616827287.0,4015.467,2010-07-27
2010-07-27,4062.251,4091.312,4041.898,4068.864,4106628300.0,44196726341.0,4071.094,2010-07-28
2010-07-28,4061.019,4162.66,4050.187,4162.321,5790200700.0,60592221791.0,4068.864,2010-07-29
2010-07-29,4170.762,4196.026,4139.942,4194.04,6274903600.0,65227335259.0,4162.321,2010-07-30
2010-07-30,4181.218,4203.643,4137.235,4191.13,4729828900.0,50667632330.0,4194.04,2010-08-02
2010-08-02,4192.66,4268.395,4192.523,4267.895,5427313500.0,59062482231.0,4191.13,2010-08-03
2010-08-03,4277.27,4289.459,4193.298,4193.641,5940590400.0,64726165563.0,4267.895,2010-08-04
2010-08-04,4178.191,4248.234,4137.646,4248.014,5468676200.0,58648962922.0,4193.641,2010-08-05
2010-08-05,4247.05,4306.648,4231.469,4267.955,5841457800.0,63443746766.0,4248.014,2010-08-06
2010-08-06,4260.63,4356.213,4228.669,4356.012,6369627500.0,70480316869.0,4267.955,2010-08-09
2010-08-09,4357.182,4414.526,4352.923,4413.568,5999110400.0,68485215594.0,4356.012,2010-08-10
2010-08-10,4412.268,4417.203,4246.46,4246.46,6248551200.0,70276303657.0,4413.568,2010-08-11
2010-08-11,4230.353,4309.788,4230.353,4297.904,4263884600.0,48885246287.0,4246.46,2010-08-12
2010-08-12,4248.984,4317.946,4228.531,4241.592,4532665300.0,50452832153.0,4297.904,2010-08-13
2010-08-13,4240.495,4323.248,4212.205,4323.052,4184958500.0,47223939591.0,4241.592,2010-08-16
2010-08-16,4322.02,4429.902,4315.022,4423.315,5625259300.0,64397295510.0,4323.052,2010-08-17
2010-08-17,4436.376,4470.457,4414.214,4457.759,5691170200.0,65233930026.0,4423.315,2010-08-18
2010-08-18,4462.578,4475.923,4409.594,4457.127,5689720800.0,66186523274.0,4457.759,2010-08-19
2010-08-19,4456.274,4491.738,4423.987,4461.488,5931286200.0,69453948181.0,4457.127,2010-08-20
2010-08-20,4442.693,4444.851,4350.155,4366.604,5829874700.0,67406500780.0,4461.488,2010-08-23
2010-08-23,4363.169,4416.826,4362.72,4404.718,4853665600.0,57536487541.0,4366.604,2010-08-24
2010-08-24,4401.523,4476.262,4370.569,4456.497,5469966300.0,61869732806.0,4404.718,2010-08-25
2010-08-25,4428.36,4457.837,4364.061,4368.304,5428539800.0,61248578213.0,4456.497,2010-08-26
2010-08-26,4376.923,4415.836,4355.032,4399.284,4240153800.0,49385699907.0,4368.304,2010-08-27
2010-08-27,4393.99,4437.794,4375.391,4431.444,3694988900.0,44850459127.0,4399.284,2010-08-30
2010-08-30,4453.05,4553.398,4453.05,4553.023,5541290600.0,68586090938.0,4431.444,2010-08-31
2010-08-31,4541.767,4605.176,4529.735,4589.289,5906349100.0,74996655162.0,4553.023,2010-09-01
2010-09-01,4595.208,4613.088,4473.568,4530.229,6464895300.0,81001129824.0,4589.289,2010-09-02
2010-09-02,4562.431,4631.0,4545.787,4625.395,6512640000.0,79502107728.0,4530.229,2010-09-03
2010-09-03,4632.26,4671.343,4596.122,4662.96,6759264100.0,83823849428.0,4625.395,2010-09-06
2010-09-06,4682.262,4692.106,4616.069,4651.963,6424395900.0,78525354466.0,4662.96,2010-09-07
2010-09-07,4650.949,4680.332,4613.393,4679.942,5416786500.0,63524390405.0,4651.963,2010-09-08
2010-09-08,4660.898,4723.833,4644.349,4720.375,5522650400.0,67062076447.0,4679.942,2010-09-09
2010-09-09,4730.861,4746.029,4649.038,4658.009,7024723000.0,85740639096.0,4720.375,2010-09-10
2010-09-10,4655.704,4712.56,4593.45,4705.31,6231407600.0,76778297278.0,4658.009,2010-09-13
2010-09-13,4713.062,4791.48,4707.358,4789.693,6235460200.0,79905971712.0,4705.31,2010-09-14
2010-09-14,4796.464,4821.55,4770.364,4805.416,6104981400.0,77135510983.0,4789.693,2010-09-15
2010-09-15,4802.611,4802.611,4712.529,4730.143,6025628700.0,73694005503.0,4805.416,2010-09-16
2010-09-16,4721.555,4739.427,4558.399,4610.916,5601623100.0,68031791205.0,4730.143,2010-09-17
2010-09-17,4616.572,4646.197,4575.79,4603.489,4208531700.0,52286715108.0,4610.916,2010-09-20
2010-09-20,4608.853,4622.512,4531.484,4553.12,3880639200.0,47217098701.0,4603.489,2010-09-21
2010-09-21,4561.669,4576.037,4516.613,4546.724,2851413200.0,34583857549.0,4553.12,2010-09-27
2010-09-27,4570.608,4673.762,4570.608,4673.602,3648028400.0,45209839911.0,4546.724,2010-09-28
2010-09-28,4672.15,4695.04,4643.173,4654.345,4167801400.0,52795715767.0,4673.602,2010-09-29
2010-09-29,4648.162,4659.562,4577.403,4590.317,3995348400.0,49445705332.0,4654.345,2010-09-30
2010-09-30,4564.812,4660.605,4553.959,4660.605,3528901900.0,44293603190.0,4590.317,2010-10-08
2010-10-08,4696.379,4787.448,4691.637,4767.967,5155148900.0,65487956706.0,4660.605,2010-10-11
2010-10-11,4784.653,4825.355,4746.544,4789.155,7659541200.0,98047935947.0,4767.967,2010-10-12
2010-10-12,4772.91,4808.126,4748.743,4806.029,6783344000.0,85283330571.0,4789.155,2010-10-13
2010-10-13,4808.389,4838.859,4765.944,4836.737,7737040400.0,97139603152.0,4806.029,2010-10-14
2010-10-14,4842.689,4848.857,4675.383,4679.548,7571346200.0,96047452541.0,4836.737,2010-10-15
2010-10-15,4654.273,4719.928,4638.239,4691.45,7182738700.0,92543159845.0,4679.548,2010-10-18
2010-10-18,4699.028,4701.156,4545.066,4636.639,8367456000.0,102226000184.0,4691.45,2010-10-19
2010-10-19,4637.959,4779.113,4637.05,4778.607,6516314300.0,80300991645.0,4636.639,2010-10-20
2010-10-20,4682.654,4828.9,4661.194,4794.194,7663805700.0,97102747642.0,4778.607,2010-10-21
2010-10-21,4805.704,4844.54,4771.607,4833.8,6789941400.0,86005617696.0,4794.194,2010-10-22
2010-10-22,4837.328,4892.619,4826.825,4877.927,6607192200.0,86069665286.0,4833.8,2010-10-25
2010-10-25,4894.852,4998.892,4894.806,4998.5,8102924700.0,106747100223.0,4877.927,2010-10-26
2010-10-26,5010.024,5046.65,4983.839,5046.148,8913849000.0,117510551354.0,4998.5,2010-10-27
2010-10-27,5046.211,5088.85,4976.714,4994.774,8049167800.0,106578230592.0,5046.148,2010-10-28
2010-10-28,4978.536,5020.066,4952.708,4999.59,6178162100.0,80933229821.0,4994.774,2010-10-29
2010-10-29,5005.657,5068.704,4992.81,5055.492,6547187700.0,88982925507.0,4999.59,2010-11-01
2010-11-01,5072.758,5199.812,5072.758,5199.525,8523837700.0,118634831502.0,5055.492,2010-11-02
2010-11-02,5211.466,5272.446,5171.501,5173.066,9686436800.0,136199152114.0,5199.525,2010-11-03
2010-11-03,5165.912,5197.959,5096.457,5098.539,7631712400.0,106056357862.0,5173.066,2010-11-04
2010-11-04,5104.775,5228.924,5104.775,5228.296,7612600900.0,103398233318.0,5098.539,2010-11-05
2010-11-05,5274.568,5313.483,5244.377,5311.77,8950490800.0,121087328886.0,5228.296,2010-11-08
2010-11-08,5338.512,5431.394,5330.514,5431.091,9507648700.0,126108737966.0,5311.77,2010-11-09
2010-11-09,5435.364,5468.36,5398.702,5467.839,9270058100.0,125207994828.0,5431.091,2010-11-10
2010-11-10,5459.4,5504.881,5432.626,5484.742,8859264100.0,123461945832.0,5467.839,2010-11-11
2010-11-11,5462.758,5581.354,5440.099,5440.099,9877328400.0,138992952109.0,5484.742,2010-11-12
2010-11-12,5411.866,5445.708,5094.799,5111.189,10514325500.0,141776860761.0,5440.099,2010-11-15
2010-11-15,5117.16,5255.852,5083.851,5255.267,6785033500.0,93162069760.0,5111.189,2010-11-16
2010-11-16,5259.513,5288.967,5017.246,5068.465,7836215300.0,107405722738.0,5255.267,2010-11-17
2010-11-17,4989.798,5039.089,4830.509,4855.85,5430789000.0,72200547532.0,5068.465,2010-11-18
2010-11-18,4885.909,4941.199,4814.422,4932.401,4202450500.0,57603057546.0,4855.85,2010-11-19
2010-11-19,4959.062,5081.03,4919.28,5081.03,5421057400.0,75492552848.0,4932.401,2010-11-22
2010-11-22,5049.463,5190.605,5036.316,5150.665,6086765100.0,87125849616.0,5081.03,2010-11-23
2010-11-23,5129.372,5129.372,4970.488,5063.237,5377227500.0,75005855856.0,5150.665,2010-11-24
2010-11-24,5022.128,5206.422,5017.934,5206.149,5408619800.0,77895655044.0,5063.237,2010-11-25
2010-11-25,5228.268,5278.319,5226.983,5259.81,6078655700.0,84176620421.0,5206.149,2010-11-26
2010-11-26,5255.255,5256.399,5169.034,5227.648,5407235300.0,73895454035.0,5259.81,2010-11-29
2010-11-29,5214.449,5273.791,5180.657,5248.747,5007099900.0,71080926639.0,5227.648,2010-11-30
2010-11-30,5238.5,5257.098,4960.708,5110.875,6460012300.0,87462279523.0,5248.747,2010-12-01
2010-12-01,5090.402,5139.96,5071.354,5116.837,4082123700.0,56140962521.0,5110.875,2010-12-02
2010-12-02,5175.258,5192.633,5135.673,5138.487,4774671500.0,65517113661.0,5116.837,2010-12-03
2010-12-03,5135.826,5145.805,5052.433,5100.366,3763797400.0,51837130406.0,5138.487,2010-12-06
2010-12-06,5103.86,5114.069,4989.281,5016.528,3413567800.0,48188257794.0,5100.366,2010-12-07
2010-12-07,4999.589,5088.755,4931.88,5084.583,3368159600.0,46997286828.0,5016.528,2010-12-08
2010-12-08,5077.549,5133.247,5059.584,5069.97,3301617800.0,46928056780.0,5084.583,2010-12-09
2010-12-09,5047.044,5047.044,4964.253,4964.901,3503606900.0,46985514644.0,5069.97,2010-12-10
2010-12-10,4944.929,5045.95,4935.281,5039.165,3041252700.0,42161387860.0,4964.901,2010-12-13
2010-12-13,5063.009,5179.518,5063.009,5179.021,4556354900.0,63884495365.0,5039.165,2010-12-14
2010-12-14,5194.939,5244.531,5181.198,5244.038,4936328300.0,69983253936.0,5179.021,2010-12-15
2010-12-15,5244.803,5276.137,5211.7,5230.68,4679572300.0,67483845192.0,5244.038,2010-12-16
2010-12-16,5219.084,5250.386,5200.879,5216.851,3552043900.0,49766029888.0,5230.68,2010-12-17
2010-12-17,5212.136,5230.33,5187.398,5228.337,3041214400.0,43025437619.0,5216.851,2010-12-20
2010-12-20,5246.417,5264.206,5043.659,5163.529,4558775600.0,65571498911.0,5228.337,2010-12-21
2010-12-21,5166.336,5223.395,5123.268,5222.792,4038840600.0,55801000203.0,5163.529,2010-12-22
2010-12-22,5225.766,5226.18,5157.318,5174.539,4077913500.0,56958141826.0,5222.792,2010-12-23
2010-12-23,5161.257,5170.18,5060.526,5069.523,3460813400.0,47842893244.0,5174.539,2010-12-24
2010-12-24,5046.942,5046.942,4947.222,4991.544,3095078600.0,40444073619.0,5069.523,2010-12-27
2010-12-27,4993.383,5048.595,4832.529,4849.63,3415533800.0,45458382170.0,4991.544,2010-12-28
2010-12-28,4820.824,4827.345,4700.561,4730.497,2955424800.0,37498203111.0,4849.63,2010-12-29
2010-12-29,4730.63,4813.242,4723.291,4812.532,2147683700.0,29581712752.0,4730.497,2010-12-30
2010-12-30,4810.442,4846.653,4777.84,4828.489,2353224100.0,33164304910.0,4812.532,2010-12-31
2010-12-31,4833.887,4936.716,4833.887,4936.716,2765461400.0,41140457900.0,4828.489,2011-01-04
2011-01-04,4964.214,5012.057,4938.942,5011.498,3699564400.0,54148801363.0,4936.716,2011-01-05
2011-01-05,4989.105,5038.872,4964.866,5028.766,3475221800.0,52016619203.0,5011.498,2011-01-06
2011-01-06,5026.331,5047.259,4992.165,5001.283,3123874300.0,45887129031.0,5028.766,2011-01-07
2011-01-07,4990.698,5028.274,4945.784,4975.144,3499623300.0,47227223346.0,5001.283,2011-01-10
2011-01-10,4966.563,4970.422,4816.581,4830.562,3113786200.0,43833176246.0,4975.144,2011-01-11
2011-01-11,4811.16,4815.497,4747.492,4804.822,2750608900.0,36680616842.0,4830.562,2011-01-12
2011-01-12,4813.485,4846.947,4764.469,4833.58,2691439800.0,33842368207.0,4804.822,2011-01-13
2011-01-13,4851.682,4859.531,4810.905,4826.757,2544377300.0,32453204942.0,4833.58,2011-01-14
2011-01-14,4816.662,4816.662,4719.152,4723.426,2781177400.0,36531767728.0,4826.757,2011-01-17
2011-01-17,4690.877,4691.571,4507.571,4519.913,3067751000.0,38540848688.0,4723.426,2011-01-18
2011-01-18,4502.064,4550.287,4483.502,4536.964,1944286600.0,24231409864.0,4519.913,2011-01-19
2011-01-19,4538.986,4646.088,4530.607,4646.087,2436093800.0,31999372872.0,4536.964,2011-01-20
2011-01-20,4637.773,4637.773,4476.561,4477.359,2865246300.0,36214797899.0,4646.087,2011-01-21
2011-01-21,4459.988,4549.586,4445.23,4506.322,2709504200.0,33386899654.0,4477.359,2011-01-24
2011-01-24,4506.61,4521.13,4397.017,4398.495,2522068200.0,32074479982.0,4506.322,2011-01-25
2011-01-25,4390.157,4392.215,4307.907,4341.909,2133616900.0,26649035293.0,4398.495,2011-01-26
2011-01-26,4339.862,4426.247,4339.862,4424.892,1974312400.0,25235239648.0,4341.909,2011-01-27
2011-01-27,4397.929,4514.428,4369.867,4502.808,2796481700.0,35608939750.0,4424.892,2011-01-28
2011-01-28,4497.829,4559.362,4493.837,4548.206,2581766500.0,33231246887.0,4502.808,2011-01-31
2011-01-31,4544.334,4611.0,4536.187,4610.86,2640632200.0,34065114763.0,4548.206,2011-02-01
2011-02-01,4612.399,4638.606,4604.912,4630.58,2394669500.0,31851848756.0,4610.86,2011-02-09
2011-02-09,4597.537,4654.589,4584.899,4609.717,2754208500.0,35874081337.0,4630.58,2011-02-10
2011-02-10,4604.844,4734.056,4602.333,4733.973,3457825000.0,43583054975.0,4609.717,2011-02-11
2011-02-11,4736.272,4803.099,4729.387,4786.806,3991598300.0,51826099577.0,4733.973,2011-02-14
2011-02-14,4792.853,4884.993,4792.853,4872.495,4781513300.0,62502918176.0,4786.806,2011-02-15
2011-02-15,4878.681,4932.331,4862.772,4869.687,5155704100.0,68054571951.0,4872.495,2011-02-16
2011-02-16,4860.888,4952.946,4855.949,4952.667,4467136700.0,61015681747.0,4869.687,2011-02-17
2011-02-17,4962.125,4990.754,4917.952,4987.48,5044532700.0,68506795975.0,4952.667,2011-02-18
2011-02-18,4977.22,4984.182,4915.666,4941.432,4290671900.0,58436567945.0,4987.48,2011-02-21
2011-02-21,4911.806,5043.248,4905.363,5042.967,4737022000.0,64040480732.0,4941.432,2011-02-22
2011-02-22,5052.357,5058.747,4908.246,4909.745,5738196100.0,79490295533.0,5042.967,2011-02-23
2011-02-23,4891.245,4983.233,4891.245,4979.057,4483006400.0,61614316534.0,4909.745,2011-02-24
2011-02-24,4976.341,5033.104,4963.761,5027.731,5009068500.0,65190945277.0,4979.057,2011-02-25
2011-02-25,5019.504,5039.792,4964.35,5032.797,4445545000.0,57641320377.0,5027.731,2011-02-28
2011-02-28,5040.223,5095.569,5007.648,5095.208,5124278700.0,66627729267.0,5032.797,2011-03-01
2011-03-01,5099.698,5143.77,5082.044,5122.441,5779841800.0,77456783066.0,5095.208,2011-03-02
2011-03-02,5099.475,5120.412,5024.864,5108.74,5314279000.0,70893197822.0,5122.441,2011-03-03
2011-03-03,5106.39,5124.61,5000.542,5009.047,5171038900.0,67453574372.0,5108.74,2011-03-04
2011-03-04,5005.555,5067.917,4989.647,5067.621,4255960400.0,54570107259.0,5009.047,2011-03-07
2011-03-07,5085.455,5138.652,5085.455,5138.248,5747858800.0,77165909073.0,5067.621,2011-03-08
2011-03-08,5135.355,5166.36,5113.086,5165.735,5314008100.0,71456158892.0,5138.248,2011-03-09
2011-03-09,5168.132,5186.033,5147.866,5181.368,5114619700.0,69096749209.0,5165.735,2011-03-10
2011-03-10,5174.026,5174.026,5139.782,5143.413,5231988600.0,72055747928.0,5181.368,2011-03-11
2011-03-11,5118.071,5200.699,5113.482,5139.746,5171933500.0,70886655549.0,5143.413,2011-03-14
2011-03-14,5127.142,5190.727,5111.01,5190.037,5341013300.0,75553123090.0,5139.746,2011-03-15
2011-03-15,5178.085,5178.085,5016.883,5131.332,6333606400.0,85317312273.0,5190.037,2011-03-16
2011-03-16,5122.271,5200.065,5119.192,5199.358,5556131900.0,75781512600.0,5131.332,2011-03-17
2011-03-17,5151.638,5185.415,5080.527,5104.134,5674077700.0,74999674473.0,5199.358,2011-03-18
2011-03-18,5133.772,5160.803,5105.058,5126.934,4267683300.0,57094408873.0,5104.134,2011-03-21
2011-03-21,5120.672,5130.928,5062.79,5086.108,4191967500.0,55093792660.0,5126.934,2011-03-22
2011-03-22,5093.408,5102.431,5020.755,5085.812,3910699900.0,53595286191.0,5086.108,2011-03-23
2011-03-23,5084.77,5155.585,5076.72,5155.337,4637356000.0,60690171878.0,5085.812,2011-03-24
2011-03-24,5159.198,5185.502,5149.663,5169.264,4899669200.0,63827670882.0,5155.337,2011-03-25
2011-03-25,5164.824,5218.064,5164.779,5212.345,5857739700.0,75047768896.0,5169.264,2011-03-28
2011-03-28,5223.068,5231.728,5187.454,5199.552,6912303000.0,89292333979.0,5212.345,2011-03-29
2011-03-29,5185.679,5191.536,5105.034,5111.153,7033332700.0,87274614443.0,5199.552,2011-03-30
2011-03-30,5101.114,5117.221,5036.286,5064.545,5362860200.0,66256112915.0,5111.153,2011-03-31
2011-03-31,5065.12,5079.233,4985.024,5000.402,4579340300.0,56200997747.0,5064.545,2011-04-01
2011-04-01,4999.764,5065.076,4991.794,5065.076,3911730200.0,48618443215.0,5000.402,2011-04-06
2011-04-06,5046.9,5070.336,5019.492,5057.84,4571476100.0,58417048983.0,5065.076,2011-04-07
2011-04-07,5056.088,5090.022,5045.186,5089.751,4496888600.0,57683810293.0,5057.84,2011-04-08
2011-04-08,5087.313,5149.053,5079.649,5148.799,4537160400.0,58374692881.0,5089.751,2011-04-11
2011-04-11,5157.067,5162.489,5102.709,5107.137,5261755000.0,66933358490.0,5148.799,2011-04-12
2011-04-12,5096.566,5139.03,5083.386,5114.459,5271436500.0,63128234949.0,5107.137,2011-04-13
2011-04-13,5098.644,5165.492,5069.387,5165.207,4887132900.0,58014657947.0,5114.459,2011-04-14
2011-04-14,5162.306,5175.238,5139.996,5150.869,4891311900.0,59275613529.0,5165.207,2011-04-15
2011-04-15,5143.297,5162.415,5103.086,5162.415,5279411200.0,63287015102.0,5150.869,2011-04-18
2011-04-18,5149.342,5179.447,5140.41,5178.894,5646023100.0,69014028734.0,5162.415,2011-04-19
2011-04-19,5149.656,5153.556,5095.604,5116.144,6401797400.0,77177175059.0,5178.894,2011-04-20
2011-04-20,5116.111,5154.741,5116.111,5152.395,5087671500.0,63372008210.0,5116.144,2011-04-21
2011-04-21,5169.623,5191.014,5159.96,5188.111,5383070700.0,67225993144.0,5152.395,2011-04-22
2011-04-22,5187.764,5193.214,5150.424,5165.123,5498767000.0,65818514589.0,5188.111,2011-04-25
2011-04-25,5152.071,5152.071,5054.768,5054.768,5011404400.0,60598396125.0,5165.123,2011-04-26
2011-04-26,5033.79,5047.339,4943.063,4970.572,3925771800.0,46731467118.0,5054.768,2011-04-27
2011-04-27,4977.952,5003.858,4872.507,4913.497,4112825800.0,47874248469.0,4970.572,2011-04-28
2011-04-28,4920.935,4937.108,4752.406,4755.416,4077560200.0,46696455937.0,4913.497,2011-04-29
2011-04-29,4749.531,4837.004,4738.454,4836.866,3011031000.0,34952309552.0,4755.416,2011-05-03
2011-05-03,4836.86,4920.709,4816.023,4920.57,3546053500.0,42337029899.0,4836.866,2011-05-04
2011-05-04,4900.436,4900.436,4798.406,4814.781,4062791500.0,48501424167.0,4920.57,2011-05-05
2011-05-05,4792.13,4842.37,4784.697,4827.212,3470003100.0,39948589955.0,4814.781,2011-05-06
2011-05-06,4787.522,4874.976,4764.837,4849.969,3690577100.0,43482349641.0,4827.212,2011-05-09
2011-05-09,4855.837,4897.756,4855.837,4889.92,3456250800.0,41948703524.0,4849.969,2011-05-10
2011-05-10,4893.953,4918.868,4871.446,4918.674,3522454500.0,41590094339.0,4889.92,2011-05-11
2011-05-11,4919.243,4949.018,4880.31,4929.488,4237492400.0,49759156156.0,4918.674,2011-05-12
2011-05-12,4896.335,4940.818,4863.122,4863.795,4735557300.0,54364102761.0,4929.488,2011-05-13
2011-05-13,4860.034,4903.107,4817.829,4902.564,4246408300.0,49201045718.0,4863.795,2011-05-16
2011-05-16,4900.004,4931.125,4892.239,4900.706,4099534300.0,47185720435.0,4902.564,2011-05-17
2011-05-17,4892.293,4912.709,4823.065,4873.954,4686059500.0,53375981642.0,4900.706,2011-05-18
2011-05-18,4859.321,4907.746,4850.45,4906.189,3608075100.0,40258340759.0,4873.954,2011-05-19
2011-05-19,4912.813,4929.212,4875.803,4879.892,3468265600.0,40656806517.0,4906.189,2011-05-20
2011-05-20,4875.08,4886.591,4837.978,4863.185,3021996400.0,36148815016.0,4879.892,2011-05-23
2011-05-23,4853.899,4853.92,4677.455,4679.527,4285262200.0,46854851911.0,4863.185,2011-05-24
2011-05-24,4656.012,4676.835,4590.126,4672.076,3287198100.0,36938119960.0,4679.527,2011-05-25
2011-05-25,4667.636,4689.694,4613.676,4618.748,3418169200.0,37355369017.0,4672.076,2011-05-26
2011-05-26,4635.946,4662.29,4572.323,4572.942,3570183800.0,40354804074.0,4618.748,2011-05-27
2011-05-27,4561.772,4567.228,4425.763,4428.894,3390238600.0,37048763813.0,4572.942,2011-05-30
2011-05-30,4402.999,4427.001,4339.079,4345.048,2659257500.0,28052719748.0,4428.894,2011-05-31
2011-05-31,4347.99,4444.591,4339.625,4444.276,2647238400.0,28524372044.0,4345.048,2011-06-01
2011-06-01,4439.386,4494.0,4424.2,4490.892,2746729400.0,29745700595.0,4444.276,2011-06-02
2011-06-02,4434.863,4452.534,4363.895,4429.999,3038598800.0,32797875253.0,4490.892,2011-06-03
2011-06-03,4425.488,4514.305,4424.198,4506.196,2671969100.0,29894914280.0,4429.999,2011-06-07
2011-06-07,4496.959,4548.218,4490.624,4547.303,2535242700.0,29192307348.0,4506.196,2011-06-08
2011-06-08,4542.698,4568.288,4486.645,4562.972,2969370400.0,33398438594.0,4547.303,2011-06-09
2011-06-09,4552.066,4553.712,4456.59,4456.73,3012745200.0,33502489779.0,4562.972,2011-06-10
2011-06-10,4442.511,4469.578,4383.199,4469.049,2716272700.0,29456674895.0,4456.73,2011-06-13
2011-06-13,4439.868,4475.693,4408.064,4468.787,2290297400.0,25594244639.0,4469.049,2011-06-14
2011-06-14,4466.99,4546.73,4461.534,4540.939,2995558500.0,33903979110.0,4468.787,2011-06-15
2011-06-15,4531.363,4562.039,4498.778,4499.694,2954781100.0,33518283130.0,4540.939,2011-06-16
2011-06-16,4461.257,4466.776,4396.206,4402.143,2790606900.0,30663429751.0,4499.694,2011-06-17
2011-06-17,4392.983,4415.159,4332.487,4337.367,2282689700.0,25191626303.0,4402.143,2011-06-20
2011-06-20,4325.604,4333.572,4251.108,4278.753,2158850500.0,23481559124.0,4337.367,2011-06-21
2011-06-21,4286.358,4338.852,4269.924,4338.422,2444865700.0,26823923809.0,4278.753,2011-06-22
2011-06-22,4341.356,4350.921,4300.643,4321.219,2228087900.0,24496084382.0,4338.422,2011-06-23
2011-06-23,4307.814,4411.86,4276.729,4402.938,2927737600.0,33040753820.0,4321.219,2011-06-24
2011-06-24,4390.09,4533.705,4381.799,4509.18,4592928400.0,53141867590.0,4402.938,2011-06-27
2011-06-27,4511.764,4578.316,4510.722,4568.189,3916460400.0,47102993276.0,4509.18,2011-06-28
2011-06-28,4569.757,4582.624,4529.179,4574.477,3231001100.0,40115208713.0,4568.189,2011-06-29
2011-06-29,4570.843,4583.488,4511.281,4511.545,3396370200.0,41337680569.0,4574.477,2011-06-30
2011-06-30,4506.748,4585.256,4506.738,4579.332,3273795000.0,39545274858.0,4511.545,2011-07-01
2011-07-01,4589.175,4635.248,4582.329,4604.746,3882020200.0,44850873979.0,4579.332,2011-07-04
2011-07-04,4617.952,4719.57,4617.952,4719.391,5031479400.0,59892749363.0,4604.746,2011-07-05
2011-07-05,4722.327,4758.075,4711.168,4749.424,4606850900.0,56956112520.0,4719.391,2011-07-06
2011-07-06,4742.166,4763.24,4705.385,4760.917,4330434000.0,54362840502.0,4749.424,2011-07-07
2011-07-07,4757.074,4813.338,4742.37,4761.452,4850315800.0,61550736344.0,4760.917,2011-07-08
2011-07-08,4755.751,4769.55,4720.234,4756.614,3641059700.0,46150254239.0,4761.452,2011-07-11
2011-07-11,4741.98,4802.445,4728.494,4799.42,3725219400.0,47482947146.0,4756.614,2011-07-12
2011-07-12,4762.094,4771.59,4727.67,4731.118,4142080400.0,51231813529.0,4799.42,2011-07-13
2011-07-13,4729.198,4825.504,4729.198,4825.419,4023526700.0,52157709585.0,4731.118,2011-07-14
2011-07-14,4833.752,4866.241,4813.49,4866.165,4613078200.0,59868156607.0,4825.419,2011-07-15
2011-07-15,4853.755,4896.095,4842.785,4896.043,4781930400.0,60113467942.0,4866.165,2011-07-18
2011-07-18,4902.222,4919.141,4876.484,4895.26,4843666600.0,61013028718.0,4896.043,2011-07-19
2011-07-19,4871.677,4871.932,4822.447,4843.705,4150607400.0,52479127858.0,4895.26,2011-07-20
2011-07-20,4864.276,4881.459,4801.611,4849.057,3945111400.0,49231211067.0,4843.705,2011-07-21
2011-07-21,4846.336,4850.55,4782.397,4784.388,3879897100.0,48315272866.0,4849.057,2011-07-22
2011-07-22,4791.455,4822.813,4781.41,4800.938,3316057700.0,41208478271.0,4784.388,2011-07-25
2011-07-25,4784.969,4784.969,4597.736,4613.73,4350413100.0,53033113353.0,4800.938,2011-07-26
2011-07-26,4604.987,4634.315,4576.932,4633.372,2841260600.0,35524791348.0,4613.73,2011-07-27
2011-07-27,4621.503,4716.304,4596.428,4710.379,3221238600.0,41177212690.0,4633.372,2011-07-28
2011-07-28,4670.916,4685.455,4633.672,4680.898,3191405100.0,39438276994.0,4710.379,2011-07-29
2011-07-29,4678.778,4694.059,4611.901,4628.32,2939857100.0,35749766484.0,4680.898,2011-08-01
2011-08-01,4622.697,4665.177,4607.555,4644.462,2498278200.0,30911948844.0,4628.32,2011-08-02
2011-08-02,4627.383,4627.383,4539.429,4610.783,3058629000.0,36411289062.0,4644.462,2011-08-03
2011-08-03,4565.755,4638.64,4551.48,4625.173,2743907700.0,33753670193.0,4610.783,2011-08-04
2011-08-04,4631.416,4670.995,4631.283,4649.425,2591344100.0,32336769405.0,4625.173,2011-08-05
2011-08-05,4504.078,4589.082,4472.615,4559.018,3073141000.0,37051059586.0,4649.425,2011-08-08
2011-08-08,4494.38,4514.617,4242.869,4330.771,4171750400.0,47671234330.0,4559.018,2011-08-09
2011-08-09,4199.126,4347.313,4113.01,4317.107,3800449800.0,42407588165.0,4330.771,2011-08-10
2011-08-10,4389.153,4433.094,4372.641,4378.698,3826854400.0,44611387758.0,4317.107,2011-08-11
2011-08-11,4283.237,4454.481,4270.616,4454.394,3754621800.0,44112403892.0,4378.698,2011-08-12
2011-08-12,4483.849,4526.498,4480.118,4505.886,4038279500.0,45582695515.0,4454.394,2011-08-15
2011-08-15,4514.646,4571.719,4509.628,4571.719,3616918500.0,41582672257.0,4505.886,2011-08-16
2011-08-16,4578.349,4587.138,4520.935,4533.321,3480351600.0,39678119126.0,4571.719,2011-08-17
2011-08-17,4520.685,4543.879,4499.164,4513.485,2810194100.0,31574731725.0,4533.321,2011-08-18
2011-08-18,4510.135,4516.036,4434.994,4436.101,2952560800.0,34011872404.0,4513.485,2011-08-19
2011-08-19,4341.185,4395.602,4325.037,4395.019,2742939200.0,31323761291.0,4436.101,2011-08-22
2011-08-22,4395.034,4435.302,4348.668,4363.959,2447683300.0,28476381664.0,4395.019,2011-08-23
2011-08-23,4376.262,4435.208,4365.842,4434.922,2559515300.0,28778799103.0,4363.959,2011-08-24
2011-08-24,4453.427,4474.095,4420.293,4427.978,2778394700.0,32055865665.0,4434.922,2011-08-25
2011-08-25,4432.405,4520.171,4421.598,4520.171,3411412100.0,37996160741.0,4427.978,2011-08-26
2011-08-26,4506.09,4541.465,4496.183,4530.423,3070925300.0,35536323303.0,4520.171,2011-08-29
2011-08-29,4509.894,4512.649,4481.293,4490.158,3022034300.0,36063815978.0,4530.423,2011-08-30
2011-08-30,4511.253,4541.561,4450.728,4451.726,3137815200.0,35566195108.0,4490.158,2011-08-31
2011-08-31,4449.678,4468.137,4386.63,4430.538,2442128400.0,28252287437.0,4451.726,2011-09-01
2011-09-01,4435.333,4457.048,4379.095,4395.069,2280109400.0,25315425418.0,4430.538,2011-09-02
2011-09-02,4387.301,4399.85,4317.64,4344.977,2096877100.0,23594982288.0,4395.069,2011-09-05
2011-09-05,4305.438,4305.438,4237.444,4238.069,2101343100.0,23581468731.0,4344.977,2011-09-06
2011-09-06,4205.087,4238.294,4185.796,4204.908,1728596000.0,19472179812.0,4238.069,2011-09-07
2011-09-07,4221.987,4306.464,4219.85,4306.361,2348642800.0,26743455347.0,4204.908,2011-09-08
2011-09-08,4320.53,4328.205,4260.138,4260.155,2232336600.0,26309396425.0,4306.361,2011-09-09
2011-09-09,4256.48,4295.103,4216.421,4233.748,1818235900.0,21252333873.0,4260.155,2011-09-13
2011-09-13,4176.302,4176.882,4136.969,4164.288,1806230700.0,20773031232.0,4233.748,2011-09-14
2011-09-14,4176.037,4212.294,4111.119,4212.129,1900626900.0,21495194717.0,4164.288,2011-09-15
2011-09-15,4215.371,4249.536,4206.876,4215.5,2038122400.0,22285381458.0,4212.129,2011-09-16
2011-09-16,4229.003,4249.175,4212.293,4214.816,1765427800.0,19378096254.0,4215.5,2011-09-19
2011-09-19,4200.475,4200.475,4131.315,4131.885,1779025100.0,18822800402.0,4214.816,2011-09-20
2011-09-20,4121.035,4168.236,4101.698,4151.851,1771203300.0,19402482260.0,4131.885,2011-09-21
2011-09-21,4150.817,4279.121,4140.343,4275.094,3021211600.0,33467301901.0,4151.851,2011-09-22
2011-09-22,4241.42,4258.609,4151.124,4151.8,2749161300.0,30429889960.0,4275.094,2011-09-23
2011-09-23,4079.06,4134.224,4061.826,4117.735,2324573600.0,25226448988.0,4151.8,2011-09-26
2011-09-26,4102.608,4138.349,4039.548,4051.425,1974480200.0,21132705736.0,4117.735,2011-09-27
2011-09-27,4077.227,4098.021,4027.714,4068.231,1927412700.0,20861058500.0,4051.425,2011-09-28
2011-09-28,4088.779,4099.344,3987.269,3999.782,2029203000.0,21541146549.0,4068.231,2011-09-29
2011-09-29,3977.135,3977.135,3868.939,3871.06,2206161700.0,22042635151.0,3999.782,2011-09-30
2011-09-30,3875.023,3892.381,3818.246,3856.828,1675697400.0,16659136614.0,3871.06,2011-10-10
2011-10-10,3866.855,3882.782,3822.277,3832.577,1375316900.0,13729538607.0,3856.828,2011-10-11
2011-10-11,3919.441,3942.046,3778.518,3817.927,2001915600.0,20357003265.0,3832.577,2011-10-12
2011-10-12,3803.959,3953.142,3768.106,3950.655,2700203000.0,26704928346.0,3817.927,2011-10-13
2011-10-13,3943.164,4009.781,3929.828,4001.853,2875287900.0,28973991780.0,3950.655,2011-10-14
2011-10-14,3994.733,4004.931,3948.439,3985.193,2210043600.0,22765264487.0,4001.853,2011-10-17
2011-10-17,3993.749,4024.237,3974.382,3997.121,2181506500.0,23179075408.0,3985.193,2011-10-18
2011-10-18,3974.464,3974.892,3873.373,3877.024,2445386900.0,25484033774.0,3997.121,2011-10-19
2011-10-19,3882.017,3898.81,3837.237,3854.169,1970181500.0,20646765400.0,3877.024,2011-10-20
2011-10-20,3841.263,3841.263,3710.95,3740.469,2260114400.0,22251405732.0,3854.169,2011-10-21
2011-10-21,3733.701,3743.341,3669.692,3671.695,1721008400.0,17468446903.0,3740.469,2011-10-24
2011-10-24,3675.716,3736.765,3605.944,3736.765,2302872200.0,22517379558.0,3671.695,2011-10-25
2011-10-25,3735.625,3850.077,3726.246,3842.978,3263863700.0,32561912826.0,3736.765,2011-10-26
2011-10-26,3818.236,3921.25,3808.295,3884.39,3889021400.0,40003645852.0,3842.978,2011-10-27
2011-10-27,3890.258,3927.437,3872.904,3888.992,3301147900.0,32383180488.0,3884.39,2011-10-28
2011-10-28,3932.852,3978.8,3918.357,3978.8,4318106800.0,42493336043.0,3888.992,2011-10-31
2011-10-31,3975.072,4004.385,3963.274,3999.362,3618261600.0,37930905371.0,3978.8,2011-11-01
2011-11-01,3963.37,4020.457,3950.743,3999.831,3391698500.0,35462163942.0,3999.362,2011-11-02
2011-11-02,3937.898,4073.122,3919.688,4072.781,4297387700.0,45423438969.0,3999.831,2011-11-03
2011-11-03,4085.502,4150.039,4085.313,4097.618,5758645000.0,62198879528.0,4072.781,2011-11-04
2011-11-04,4115.097,4140.634,4093.924,4131.13,4211797700.0,44006590625.0,4097.618,2011-11-07
2011-11-07,4125.02,4159.97,4107.558,4114.767,3247751400.0,33985131088.0,4131.13,2011-11-08
2011-11-08,4115.769,4125.092,4049.811,4057.555,3057045500.0,31440826762.0,4114.767,2011-11-09
2011-11-09,4065.198,4126.003,4025.716,4126.003,3218422500.0,35226762088.0,4057.555,2011-11-10
2011-11-10,4080.357,4112.367,4063.747,4064.371,3452368000.0,37440704533.0,4126.003,2011-11-11
2011-11-11,4069.401,4096.569,4043.757,4062.144,2918880100.0,30696087705.0,4064.371,2011-11-14
2011-11-14,4092.055,4159.699,4092.055,4159.567,3512701700.0,38190175212.0,4062.144,2011-11-15
2011-11-15,4159.16,4192.767,4153.33,4192.665,3516143900.0,37557787206.0,4159.567,2011-11-16
2011-11-16,4194.375,4195.294,4070.9,4088.323,3835667700.0,39415694277.0,4192.665,2011-11-17
2011-11-17,4086.506,4125.854,4066.119,4079.536,2924785300.0,29954118179.0,4088.323,2011-11-18
2011-11-18,4054.459,4054.459,3955.063,3963.258,2996717700.0,30085063812.0,4079.536,2011-11-21
2011-11-21,3956.393,3966.811,3917.031,3966.636,2048320100.0,20729218531.0,3963.258,2011-11-22
2011-11-22,3932.5,3960.55,3902.131,3957.93,2017532300.0,20552295730.0,3966.636,2011-11-23
2011-11-23,3964.142,3978.471,3932.436,3942.695,2043581700.0,21242540335.0,3957.93,2011-11-24
2011-11-24,3909.388,3957.878,3880.583,3935.273,2110914300.0,21606417382.0,3942.695,2011-11-25
2011-11-25,3931.095,3960.848,3899.059,3911.356,1914147400.0,20036399321.0,3935.273,2011-11-28
2011-11-28,3915.999,3932.404,3885.694,3915.298,1850107300.0,19728503714.0,3911.356,2011-11-29
2011-11-29,3945.356,3980.618,3929.02,3980.618,2275247200.0,25150758418.0,3915.298,2011-11-30
2011-11-30,3974.726,3974.726,3776.586,3819.942,3011637400.0,30503776767.0,3980.618,2011-12-01
2011-12-01,3923.165,3960.341,3885.866,3897.019,3494188400.0,36012451062.0,3819.942,2011-12-02
2011-12-02,3878.014,3878.014,3797.284,3817.041,2321019100.0,24121569253.0,3897.019,2011-12-05
2011-12-05,3806.467,3807.05,3682.057,3692.227,2016211300.0,20272059887.0,3817.041,2011-12-06
2011-12-06,3679.736,3704.344,3646.073,3691.804,1703889200.0,17303464895.0,3692.227,2011-12-07
2011-12-07,3689.05,3718.707,3674.532,3702.103,1532657400.0,15832822061.0,3691.804,2011-12-08
2011-12-08,3695.873,3732.22,3635.547,3700.089,1949426300.0,20023526925.0,3702.103,2011-12-09
2011-12-09,3672.591,3706.247,3651.698,3663.843,1535836600.0,15483300632.0,3700.089,2011-12-12
2011-12-12,3663.562,3675.946,3612.64,3616.087,1409450300.0,14352803717.0,3663.843,2011-12-13
2011-12-13,3597.092,3597.092,3482.232,3490.4,2035264900.0,19228830664.0,3616.087,2011-12-14
2011-12-14,3477.046,3505.881,3416.709,3423.474,1545233400.0,14694836156.0,3490.4,2011-12-15
2011-12-15,3401.499,3401.499,3324.881,3329.575,1986821500.0,17292580166.0,3423.474,2011-12-16
2011-12-16,3328.212,3427.339,3324.588,3427.214,1922565800.0,17451381373.0,3329.575,2011-12-19
2011-12-19,3408.564,3436.632,3348.259,3434.845,1938126500.0,18599687311.0,3427.214,2011-12-20
2011-12-20,3422.761,3474.089,3415.351,3424.448,1995588600.0,18949756723.0,3434.845,2011-12-21
2011-12-21,3449.369,3463.319,3340.329,3342.401,1775050000.0,16974517111.0,3424.448,2011-12-22
2011-12-22,3315.839,3331.42,3196.837,3298.724,2191627000.0,19245552202.0,3342.401,2011-12-23
2011-12-23,3286.448,3357.428,3271.441,3327.394,1899617600.0,17194869518.0,3298.724,2011-12-26
2011-12-26,3321.981,3357.362,3307.287,3308.072,1547683700.0,14116222210.0,3327.394,2011-12-27
2011-12-27,3297.413,3297.413,3218.543,3224.148,1587409700.0,14406429113.0,3308.072,2011-12-28
2011-12-28,3201.309,3208.908,3128.147,3207.399,1744064800.0,15681874513.0,3224.148,2011-12-29
2011-12-29,3190.193,3225.004,3180.059,3207.181,1522092700.0,13700896959.0,3207.399,2011-12-30
2011-12-30,3214.195,3267.65,3214.195,3266.775,1778426500.0,16227112368.0,3207.181,2012-01-04
2012-01-04,3290.819,3300.009,3191.991,3192.234,1834283900.0,16558479313.0,3266.775,2012-01-05
2012-01-05,3173.007,3173.007,3070.447,3074.368,1996570000.0,17605632545.0,3192.234,2012-01-06
2012-01-06,3060.446,3087.546,3002.983,3087.546,1781812300.0,15411282590.0,3074.368,2012-01-09
2012-01-09,3089.448,3213.055,3056.186,3212.904,2561640800.0,21836478130.0,3087.546,2012-01-10
2012-01-10,3211.573,3345.42,3202.968,3345.391,3938751800.0,33770384198.0,3212.904,2012-01-11
2012-01-11,3342.551,3367.402,3315.668,3346.742,3390170800.0,29469377268.0,3345.391,2012-01-12
2012-01-12,3330.897,3388.389,3323.137,3345.812,2906987700.0,25769058775.0,3346.742,2012-01-13
2012-01-13,3343.527,3349.681,3210.321,3233.701,2810865600.0,25418153898.0,3345.812,2012-01-16
2012-01-16,3201.011,3217.373,3130.321,3130.558,1877546600.0,16673443489.0,3233.701,2012-01-17
2012-01-17,3128.514,3305.004,3110.36,3304.88,3014850400.0,26730971020.0,3130.558,2012-01-18
2012-01-18,3310.036,3342.365,3223.986,3237.852,3082551700.0,28811474248.0,3304.88,2012-01-19
2012-01-19,3230.875,3288.202,3208.054,3270.765,2297402600.0,21257562203.0,3237.852,2012-01-20
2012-01-20,3276.481,3323.124,3267.026,3315.603,2206734900.0,20622243044.0,3270.765,2012-01-30
2012-01-30,3326.61,3337.064,3290.536,3292.409,1875438500.0,17403931589.0,3315.603,2012-01-31
2012-01-31,3284.899,3297.191,3251.42,3294.494,1829072100.0,16950571002.0,3292.409,2012-02-01
2012-02-01,3287.222,3318.367,3255.628,3266.234,1823640000.0,17016879020.0,3294.494,2012-02-02
2012-02-02,3271.593,3328.249,3266.962,3328.153,2178790300.0,20477693617.0,3266.234,2012-02-03
2012-02-03,3324.399,3390.33,3315.689,3383.05,3216831300.0,29174360657.0,3328.153,2012-02-06
2012-02-06,3387.219,3420.002,3381.763,3412.405,3124920300.0,28696539601.0,3383.05,2012-02-07
2012-02-07,3397.769,3397.769,3333.639,3356.838,2681577800.0,24398878465.0,3412.405,2012-02-08
2012-02-08,3351.043,3445.52,3341.705,3445.52,3352194800.0,30900931960.0,3356.838,2012-02-09
2012-02-09,3441.786,3501.398,3434.813,3469.846,4389821200.0,38568200961.0,3445.52,2012-02-10
2012-02-10,3463.967,3506.339,3459.131,3488.229,3978319200.0,33789986121.0,3469.846,2012-02-13
2012-02-13,3458.81,3535.519,3441.33,3519.875,3823807500.0,34181454807.0,3488.229,2012-02-14
2012-02-14,3516.609,3529.488,3493.911,3524.625,3590482500.0,32042248728.0,3519.875,2012-02-15
2012-02-15,3518.794,3580.284,3505.364,3578.149,4362573000.0,38706703075.0,3524.625,2012-02-16
2012-02-16,3572.321,3607.752,3540.853,3577.202,4377796500.0,38463844699.0,3578.149,2012-02-17
2012-02-17,3582.513,3596.865,3530.962,3565.306,3280805200.0,29749174639.0,3577.202,2012-02-20
2012-02-20,3610.74,3618.682,3573.225,3574.458,4039259700.0,37488623709.0,3565.306,2012-02-21
2012-02-21,3569.231,3618.331,3533.111,3618.302,3680377600.0,35274798704.0,3574.458,2012-02-22
2012-02-22,3617.178,3689.128,3616.108,3689.004,5179167100.0,49097364438.0,3618.302,2012-02-23
2012-02-23,3686.731,3711.117,3662.42,3700.888,4694868800.0,44736281821.0,3689.004,2012-02-24
2012-02-24,3698.678,3757.519,3689.359,3756.825,5658942700.0,50490318548.0,3700.888,2012-02-27
2012-02-27,3767.602,3822.26,3764.17,3764.326,6574951100.0,60250938700.0,3756.825,2012-02-28
2012-02-28,3748.335,3761.728,3696.211,3745.58,4900866200.0,45786328949.0,3764.326,2012-02-29
2012-02-29,3733.629,3750.457,3691.981,3696.144,4041516000.0,38654066988.0,3745.58,2012-03-01
2012-03-01,3679.04,3737.718,3675.275,3715.673,3563681000.0,35193210537.0,3696.144,2012-03-02
2012-03-02,3719.957,3794.579,3719.957,3794.416,4623462800.0,43320794269.0,3715.673,2012-03-05
2012-03-05,3805.676,3825.716,3793.69,3798.377,4910451700.0,49308631592.0,3794.416,2012-03-06
2012-03-06,3786.158,3786.158,3729.604,3760.585,4563923600.0,44441684246.0,3798.377,2012-03-07
2012-03-07,3718.765,3780.482,3707.786,3732.707,4210384000.0,40740343557.0,3760.585,2012-03-08
2012-03-08,3741.479,3803.366,3741.479,3791.827,4320005300.0,41665571828.0,3732.707,2012-03-09
2012-03-09,3802.092,3848.108,3787.906,3848.108,4400341800.0,45267028396.0,3791.827,2012-03-12
2012-03-12,3852.605,3876.171,3839.433,3871.12,4707843700.0,48889178975.0,3848.108,2012-03-13
2012-03-13,3867.971,3910.064,3856.411,3910.064,4749636800.0,48173800284.0,3871.12,2012-03-14
2012-03-14,3924.49,3945.306,3709.093,3734.317,7659077500.0,75735358131.0,3910.064,2012-03-15
2012-03-15,3726.365,3754.729,3635.678,3689.014,5089393600.0,49662282921.0,3734.317,2012-03-16
2012-03-16,3693.317,3786.617,3687.81,3786.617,4553522600.0,46476804075.0,3689.014,2012-03-19
2012-03-19,3788.388,3830.024,3762.304,3829.696,4540098300.0,46051567853.0,3786.617,2012-03-20
2012-03-20,3819.722,3819.722,3744.809,3746.284,4141484200.0,40150689640.0,3829.696,2012-03-21
2012-03-21,3757.0,3782.405,3700.494,3760.047,4028183200.0,40580026236.0,3746.284,2012-03-22
2012-03-22,3754.873,3769.371,3720.685,3742.388,3365333800.0,32386033933.0,3760.047,2012-03-23
2012-03-23,3727.146,3728.618,3652.233,3670.129,3286979300.0,32760561957.0,3742.388,2012-03-26
2012-03-26,3661.391,3680.288,3635.668,3666.279,2488481600.0,24389778143.0,3670.129,2012-03-27
2012-03-27,3681.741,3699.161,3648.746,3652.876,2610910300.0,26289395192.0,3666.279,2012-03-28
2012-03-28,3638.767,3638.767,3483.584,3490.007,3627013500.0,33716856137.0,3652.876,2012-03-29
2012-03-29,3471.357,3482.326,3391.795,3425.702,3080146600.0,27533076415.0,3490.007,2012-03-30
2012-03-30,3422.812,3445.469,3383.531,3416.856,2482601700.0,22391173676.0,3425.702,2012-04-05
2012-04-05,3420.026,3532.076,3412.441,3531.549,2935244800.0,27863141274.0,3416.856,2012-04-06
2012-04-06,3530.63,3570.589,3520.889,3554.027,3006546600.0,28823067783.0,3531.549,2012-04-09
2012-04-09,3544.01,3563.336,3512.365,3512.914,2582002700.0,24129544481.0,3554.027,2012-04-10
2012-04-10,3496.125,3554.218,3432.359,3554.038,2882622300.0,26870285618.0,3512.914,2012-04-11
2012-04-11,3513.498,3582.95,3497.943,3566.476,3272145100.0,28859093448.0,3554.038,2012-04-12
2012-04-12,3568.815,3640.407,3561.05,3640.407,4179733400.0,36669798845.0,3566.476,2012-04-13
2012-04-13,3653.604,3695.133,3643.472,3675.028,4822225700.0,43090839107.0,3640.407,2012-04-16
2012-04-16,3644.666,3702.415,3632.846,3685.481,4422581500.0,36964596339.0,3675.028,2012-04-17
2012-04-17,3679.92,3702.842,3629.818,3631.556,4285433200.0,36903706997.0,3685.481,2012-04-18
2012-04-18,3637.549,3717.54,3632.674,3714.02,4425445000.0,40078270021.0,3631.556,2012-04-19
2012-04-19,3712.529,3728.865,3684.855,3704.705,4036202200.0,37179641162.0,3714.02,2012-04-20
2012-04-20,3696.658,3743.485,3684.227,3736.365,4583035900.0,40816948486.0,3704.705,2012-04-23
2012-04-23,3731.549,3739.15,3673.311,3691.574,5316741000.0,48706482063.0,3736.365,2012-04-24
2012-04-24,3658.615,3709.368,3557.784,3666.395,5573181400.0,47971463721.0,3691.574,2012-04-25
2012-04-25,3654.749,3728.551,3645.066,3718.911,6291045400.0,51233975310.0,3666.395,2012-04-26
2012-04-26,3720.742,3729.907,3683.434,3700.028,5345881700.0,45543806641.0,3718.911,2012-04-27
2012-04-27,3690.159,3699.098,3659.111,3664.638,3884701500.0,33650582331.0,3700.028,2012-05-02
2012-05-02,3707.816,3735.896,3674.957,3718.259,4765640400.0,43664797117.0,3664.638,2012-05-03
2012-05-03,3707.505,3735.325,3701.195,3733.816,4161311800.0,39330404797.0,3718.259,2012-05-04
2012-05-04,3730.723,3761.974,3713.988,3758.004,4067145100.0,38353513520.0,3733.816,2012-05-07
2012-05-07,3741.663,3784.57,3733.838,3784.556,4231275700.0,41857415305.0,3758.004,2012-05-08
2012-05-08,3783.083,3798.054,3752.388,3783.472,4079656300.0,40679492742.0,3784.556,2012-05-09
2012-05-09,3759.39,3759.39,3716.134,3717.47,3933110600.0,38601946044.0,3783.472,2012-05-10
2012-05-10,3713.402,3744.518,3713.308,3731.131,3239118000.0,32987981408.0,3717.47,2012-05-11
2012-05-11,3727.587,3753.815,3715.061,3715.385,3236015900.0,33147922660.0,3731.131,2012-05-14
2012-05-14,3745.829,3760.884,3706.158,3710.097,3797367600.0,37554328619.0,3715.385,2012-05-15
2012-05-15,3679.341,3705.897,3652.874,3705.883,3311038200.0,33030110528.0,3710.097,2012-05-16
2012-05-16,3696.613,3707.81,3660.031,3660.312,3259432600.0,32499778300.0,3705.883,2012-05-17
2012-05-17,3656.825,3716.707,3643.788,3714.186,3667487000.0,33943677767.0,3660.312,2012-05-18
2012-05-18,3691.643,3710.412,3645.909,3655.858,3775156800.0,33551301207.0,3714.186,2012-05-21
2012-05-21,3650.923,3676.97,3616.909,3653.546,3149620100.0,29390751769.0,3655.858,2012-05-22
2012-05-22,3666.136,3711.055,3666.136,3711.055,3453119000.0,33824170228.0,3653.546,2012-05-23
2012-05-23,3702.814,3723.189,3670.029,3708.919,4001372500.0,41259207762.0,3711.055,2012-05-24
2012-05-24,3697.916,3720.438,3668.275,3678.093,3748289500.0,36857597794.0,3708.919,2012-05-25
2012-05-25,3675.51,3683.63,3622.097,3635.516,3569443600.0,32618806292.0,3678.093,2012-05-28
2012-05-28,3622.129,3687.516,3568.031,3687.455,4196548400.0,37034553726.0,3635.516,2012-05-29
2012-05-29,3686.575,3748.442,3683.519,3745.678,4761059300.0,47322150662.0,3687.455,2012-05-30
2012-05-30,3739.039,3764.638,3734.246,3752.219,3961972000.0,38201409297.0,3745.678,2012-05-31
2012-05-31,3732.467,3775.373,3722.039,3753.593,3678437800.0,36618471498.0,3752.219,2012-06-01
2012-06-01,3752.019,3769.516,3725.282,3744.437,3495140000.0,34091586244.0,3753.593,2012-06-04
2012-06-04,3684.037,3707.314,3621.808,3621.808,3714006400.0,35613344956.0,3744.437,2012-06-05
2012-06-05,3625.142,3646.507,3603.374,3617.614,2779218400.0,27159398261.0,3621.808,2012-06-06
2012-06-06,3621.636,3638.564,3585.527,3600.163,2540549900.0,24367239260.0,3617.614,2012-06-07
2012-06-07,3635.572,3647.282,3572.494,3581.137,2562953700.0,24059754823.0,3600.163,2012-06-08
2012-06-08,3615.112,3618.775,3557.04,3564.158,2618253900.0,24632330700.0,3581.137,2012-06-11
2012-06-11,3565.335,3630.958,3554.188,3630.314,2678314300.0,26395399776.0,3564.158,2012-06-12
2012-06-12,3611.92,3628.239,3594.614,3608.391,2531887500.0,23442262189.0,3630.314,2012-06-13
2012-06-13,3615.712,3674.875,3610.636,3674.875,3170999200.0,29468855592.0,3608.391,2012-06-14
2012-06-14,3669.036,3693.904,3650.031,3652.705,3056998800.0,30953322826.0,3674.875,2012-06-15
2012-06-15,3657.788,3674.449,3604.09,3648.994,2782101800.0,27690673623.0,3652.705,2012-06-18
2012-06-18,3663.138,3691.926,3662.224,3684.727,2620301000.0,26269674849.0,3648.994,2012-06-19
2012-06-19,3681.684,3685.93,3652.972,3657.958,3013596800.0,29309582198.0,3684.727,2012-06-20
2012-06-20,3663.986,3671.408,3630.176,3636.09,2577804300.0,23665268106.0,3657.958,2012-06-21
2012-06-21,3628.216,3628.216,3569.486,3590.837,2467284800.0,23639187176.0,3636.09,2012-06-25
2012-06-25,3576.366,3576.366,3491.857,3493.116,2448152900.0,22532215527.0,3590.837,2012-06-26
2012-06-26,3474.164,3500.76,3433.565,3489.972,2463238100.0,21483353129.0,3493.116,2012-06-27
2012-06-27,3486.515,3518.752,3474.769,3476.403,2323327400.0,21639398869.0,3489.972,2012-06-28
2012-06-28,3484.227,3495.846,3427.657,3427.819,2464760900.0,22602437243.0,3476.403,2012-06-29
2012-06-29,3413.329,3471.704,3392.751,3470.965,2525431800.0,23306389574.0,3427.819,2012-07-02
2012-07-02,3491.753,3528.122,3484.144,3509.503,2618734100.0,27478454672.0,3470.965,2012-07-03
2012-07-03,3507.63,3542.511,3498.073,3515.778,2810215600.0,28467370754.0,3509.503,2012-07-04
2012-07-04,3519.508,3525.16,3484.841,3497.748,2323478000.0,24438105462.0,3515.778,2012-07-05
2012-07-05,3486.809,3486.809,3407.598,3418.202,2497651600.0,24147804836.0,3497.748,2012-07-06
2012-07-06,3436.306,3487.672,3397.871,3486.546,2965821300.0,29205646760.0,3418.202,2012-07-09
2012-07-09,3464.018,3478.118,3398.517,3398.805,2926749800.0,30228967322.0,3486.546,2012-07-10
2012-07-10,3386.629,3400.637,3351.556,3365.665,2322305200.0,23212945609.0,3398.805,2012-07-11
2012-07-11,3358.562,3404.594,3352.528,3404.104,2125446700.0,22847725828.0,3365.665,2012-07-12
2012-07-12,3398.62,3462.215,3381.83,3450.302,3171109700.0,33534183743.0,3404.104,2012-07-13
2012-07-13,3435.173,3463.217,3422.335,3435.084,2431207100.0,25759773001.0,3450.302,2012-07-16
2012-07-16,3434.508,3434.596,3308.644,3311.089,2914620200.0,30338599043.0,3435.084,2012-07-17
2012-07-17,3297.152,3335.532,3282.225,3334.286,2312236000.0,23327610289.0,3311.089,2012-07-18
2012-07-18,3328.123,3352.966,3276.317,3352.848,2770680500.0,25478419661.0,3334.286,2012-07-19
2012-07-19,3343.238,3414.227,3335.332,3392.656,3319639800.0,29393471996.0,3352.848,2012-07-20
2012-07-20,3382.823,3407.406,3362.377,3369.913,2747115200.0,24681547381.0,3392.656,2012-07-23
2012-07-23,3347.87,3357.243,3310.8,3337.856,2317311100.0,20692129708.0,3369.913,2012-07-24
2012-07-24,3317.219,3381.349,3310.948,3361.09,2194170400.0,20302401397.0,3337.856,2012-07-25
2012-07-25,3350.903,3365.205,3324.537,3332.085,2280355100.0,19883969466.0,3361.09,2012-07-26
2012-07-26,3329.011,3357.787,3301.665,3302.336,2336815200.0,20608895672.0,3332.085,2012-07-27
2012-07-27,3312.38,3323.0,3269.225,3283.592,2056679500.0,19063045422.0,3302.336,2012-07-30
2012-07-30,3280.104,3294.648,3205.762,3217.452,2127069000.0,17535141746.0,3283.592,2012-07-31
2012-07-31,3211.103,3214.171,3152.417,3159.192,2037841200.0,16961179457.0,3217.452,2012-08-01
2012-08-01,3152.73,3232.972,3152.314,3216.184,1989089300.0,17757532534.0,3159.192,2012-08-02
2012-08-02,3212.048,3231.83,3178.997,3195.863,2052931000.0,17775094298.0,3216.184,2012-08-03
2012-08-03,3203.114,3259.856,3193.683,3259.856,2185689100.0,18874761249.0,3195.863,2012-08-06
2012-08-06,3250.785,3338.623,3244.981,3337.267,3005128800.0,25767448722.0,3259.856,2012-08-07
2012-08-07,3336.22,3368.526,3331.503,3368.252,3401231900.0,27960424554.0,3337.267,2012-08-08
2012-08-08,3363.757,3374.079,3335.966,3356.485,3030069400.0,25311833590.0,3368.252,2012-08-09
2012-08-09,3351.448,3405.252,3335.133,3405.058,3363178200.0,28906016470.0,3356.485,2012-08-10
2012-08-10,3400.933,3405.049,3378.536,3395.849,3112478200.0,25897229796.0,3405.058,2012-08-13
2012-08-13,3386.033,3386.033,3317.044,3318.1,2773714300.0,24396850999.0,3395.849,2012-08-14
2012-08-14,3312.81,3349.822,3263.495,3349.585,2708519700.0,23989064372.0,3318.1,2012-08-15
2012-08-15,3340.876,3344.104,3308.489,3310.839,2116013800.0,18261086926.0,3349.585,2012-08-16
2012-08-16,3301.74,3316.96,3278.542,3286.828,1765989000.0,16057256254.0,3310.839,2012-08-17
2012-08-17,3283.258,3293.25,3252.795,3286.778,1669188100.0,15429219268.0,3286.828,2012-08-20
2012-08-20,3270.986,3296.363,3247.576,3289.439,1686018800.0,14611756085.0,3286.778,2012-08-21
2012-08-21,3287.734,3347.281,3284.058,3335.753,2279759200.0,20405419018.0,3289.439,2012-08-22
2012-08-22,3338.08,3338.736,3292.429,3306.111,2191730300.0,19624328498.0,3335.753,2012-08-23
2012-08-23,3303.697,3329.978,3289.553,3327.99,2204294500.0,19655229961.0,3306.111,2012-08-24
2012-08-24,3318.853,3321.916,3265.598,3265.749,2363720100.0,20041931942.0,3327.99,2012-08-27
2012-08-27,3250.693,3250.693,3184.105,3184.331,2199036100.0,18781113691.0,3265.749,2012-08-28
2012-08-28,3179.775,3221.883,3173.754,3200.993,2048633400.0,16939907809.0,3184.331,2012-08-29
2012-08-29,3197.343,3221.231,3179.54,3179.54,2089503100.0,17036132667.0,3200.993,2012-08-30
2012-08-30,3174.305,3188.763,3083.369,3129.495,2606989200.0,21633276627.0,3179.54,2012-08-31
2012-08-31,3122.528,3148.506,3115.622,3139.5,1776718300.0,14414850875.0,3129.495,2012-09-03
2012-09-03,3135.23,3203.846,3131.16,3200.306,2258340800.0,18953123899.0,3139.5,2012-09-04
2012-09-04,3202.488,3209.879,3160.698,3164.826,2110312400.0,17450872140.0,3200.306,2012-09-05
2012-09-05,3158.013,3193.765,3150.789,3181.8,2095168100.0,16781009476.0,3164.826,2012-09-06
2012-09-06,3187.11,3218.282,3187.11,3217.936,2177679600.0,17474991327.0,3181.8,2012-09-07
2012-09-07,3240.652,3365.658,3240.652,3334.66,5034968600.0,41034319462.0,3217.936,2012-09-10
2012-09-10,3343.806,3376.774,3330.935,3363.605,4271761800.0,35613707104.0,3334.66,2012-09-11
2012-09-11,3352.624,3352.624,3324.494,3350.088,3345373900.0,28683714059.0,3363.605,2012-09-12
2012-09-12,3360.26,3376.326,3339.712,3376.122,3379621100.0,29534141225.0,3350.088,2012-09-13
2012-09-13,3374.785,3385.721,3329.299,3329.299,3393824200.0,30008572471.0,3376.122,2012-09-14
2012-09-14,3356.238,3369.767,3308.007,3338.038,3491545500.0,30457883195.0,3329.299,2012-09-17
2012-09-17,3334.707,3334.991,3237.704,3237.704,2940163900.0,25001902018.0,3338.038,2012-09-18
2012-09-18,3222.978,3247.669,3210.094,3224.259,2063993200.0,18234715943.0,3237.704,2012-09-19
2012-09-19,3227.359,3257.016,3224.075,3255.866,1963177200.0,17505786084.0,3224.259,2012-09-20
2012-09-20,3253.531,3253.531,3160.676,3161.763,2679414900.0,22683640840.0,3255.866,2012-09-21
2012-09-21,3153.605,3181.268,3137.393,3143.71,2375236500.0,20589545409.0,3161.763,2012-09-24
2012-09-24,3129.536,3177.33,3107.367,3167.161,2212356000.0,19076627109.0,3143.71,2012-09-25
2012-09-25,3159.127,3179.374,3137.838,3144.408,1973587500.0,17116061237.0,3167.161,2012-09-26
2012-09-26,3138.799,3149.026,3067.381,3071.989,2086043600.0,17057321572.0,3144.408,2012-09-27
2012-09-27,3065.584,3159.071,3062.696,3141.082,2694562200.0,22313132225.0,3071.989,2012-09-28
2012-09-28,3129.767,3200.079,3121.578,3199.752,2669240400.0,23668348904.0,3141.082,2012-10-08
2012-10-08,3198.879,3214.147,3167.677,3183.365,1948532600.0,16826484971.0,3199.752,2012-10-09
2012-10-09,3185.21,3265.636,3185.21,3265.617,2987819600.0,25670933216.0,3183.365,2012-10-10
2012-10-10,3257.448,3296.923,3248.827,3296.923,3329178800.0,26655324624.0,3265.617,2012-10-11
2012-10-11,3288.052,3296.723,3247.596,3248.045,2919182000.0,24357365178.0,3296.923,2012-10-12
2012-10-12,3256.97,3282.91,3210.602,3240.399,2821382700.0,22016186314.0,3248.045,2012-10-15
2012-10-15,3237.289,3238.422,3193.991,3223.189,2353987700.0,19461316306.0,3240.399,2012-10-16
2012-10-16,3219.419,3256.482,3211.304,3233.229,2248972100.0,20000000210.0,3223.189,2012-10-17
2012-10-17,3237.636,3249.392,3205.533,3240.778,2249942900.0,19019541773.0,3233.229,2012-10-18
2012-10-18,3241.268,3301.135,3241.143,3294.835,3460112300.0,26772151023.0,3240.778,2012-10-19
2012-10-19,3292.953,3305.532,3279.248,3285.445,2797590800.0,21762650315.0,3294.835,2012-10-22
2012-10-22,3269.038,3301.365,3260.165,3298.488,2452734300.0,19635176906.0,3285.445,2012-10-23
2012-10-23,3298.446,3303.236,3255.493,3259.067,2895234600.0,22952425993.0,3298.488,2012-10-24
2012-10-24,3242.875,3273.378,3237.741,3257.921,2963966800.0,20884805579.0,3259.067,2012-10-25
2012-10-25,3257.725,3282.087,3222.483,3226.172,3336196300.0,23592332971.0,3257.921,2012-10-26
2012-10-26,3221.068,3225.397,3142.278,3163.295,2971747800.0,22194751230.0,3226.172,2012-10-29
2012-10-29,3158.111,3172.542,3141.355,3158.943,2072766000.0,15623120602.0,3163.295,2012-10-30
2012-10-30,3156.74,3189.529,3154.165,3160.687,2260873700.0,16940061906.0,3158.943,2012-10-31
2012-10-31,3159.217,3168.281,3141.139,3168.097,2097767600.0,16341035889.0,3160.687,2012-11-01
2012-11-01,3169.795,3235.011,3169.795,3228.19,3313639600.0,24393867590.0,3168.097,2012-11-02
2012-11-02,3229.955,3251.774,3217.078,3249.552,3313902500.0,24247934851.0,3228.19,2012-11-05
2012-11-05,3244.303,3258.988,3226.503,3235.352,2911741700.0,22694829444.0,3249.552,2012-11-06
2012-11-06,3233.423,3234.982,3170.624,3213.26,2970741400.0,22674249724.0,3235.352,2012-11-07
2012-11-07,3210.845,3223.59,3192.658,3209.141,2447433600.0,19729676920.0,3213.26,2012-11-08
2012-11-08,3183.079,3189.465,3129.388,3129.568,2760887800.0,21223718886.0,3209.141,2012-11-09
2012-11-09,3123.086,3139.676,3103.845,3116.978,2029019900.0,16276009057.0,3129.568,2012-11-12
2012-11-12,3118.108,3139.378,3108.547,3136.308,2140750000.0,17174553318.0,3116.978,2012-11-13
2012-11-13,3136.954,3136.954,3066.634,3072.121,2294675400.0,17735477518.0,3136.308,2012-11-14
2012-11-14,3069.382,3084.382,3048.24,3081.254,1965778800.0,15234187099.0,3072.121,2012-11-15
2012-11-15,3066.894,3080.688,3025.297,3026.844,2026209200.0,15440396351.0,3081.254,2012-11-16
2012-11-16,3021.295,3021.788,2987.695,3009.153,1892387300.0,14641928881.0,3026.844,2012-11-19
2012-11-19,3007.681,3016.478,2974.139,3016.159,1672378300.0,13212460320.0,3009.153,2012-11-20
2012-11-20,3023.076,3031.286,3003.128,3004.183,1633255000.0,12339750072.0,3016.159,2012-11-21
2012-11-21,3000.937,3035.282,2963.865,3035.282,2066991500.0,15144441933.0,3004.183,2012-11-22
2012-11-22,3021.305,3021.305,2989.378,2995.093,1712528800.0,12678680975.0,3035.282,2012-11-23
2012-11-23,2993.168,3019.794,2990.064,3005.459,1710780900.0,12886347198.0,2995.093,2012-11-26
2012-11-26,3004.171,3006.787,2966.875,2970.323,1477589100.0,11500020408.0,3005.459,2012-11-27
2012-11-27,2960.614,2960.614,2862.471,2864.169,2073907800.0,14693219690.0,2970.323,2012-11-28
2012-11-28,2854.077,2854.077,2791.294,2800.537,1830114800.0,13693960504.0,2864.169,2012-11-29
2012-11-29,2799.959,2822.332,2768.353,2774.176,1754478700.0,13291124278.0,2800.537,2012-11-30
2012-11-30,2773.233,2818.042,2765.793,2816.624,1898035700.0,13340704150.0,2774.176,2012-12-03
2012-12-03,2816.303,2829.835,2746.491,2749.134,2111501600.0,15089198013.0,2816.624,2012-12-04
2012-12-04,2739.499,2786.13,2704.373,2783.412,2274039500.0,16588532383.0,2749.134,2012-12-05
2012-12-05,2775.411,2904.653,2767.051,2886.186,3798793300.0,27297620284.0,2783.412,2012-12-06
2012-12-06,2884.807,2902.072,2866.885,2884.348,2838703100.0,20686904909.0,2886.186,2012-12-07
2012-12-07,2883.164,2954.689,2875.84,2950.193,3919363000.0,27730754040.0,2884.348,2012-12-10
2012-12-10,2950.998,3004.542,2942.492,3002.231,4045053100.0,29732124136.0,2950.193,2012-12-11
2012-12-11,2993.379,3014.066,2978.739,2982.027,3511946900.0,25938556397.0,3002.231,2012-12-12
2012-12-12,2978.718,2997.923,2952.386,2982.885,2738800700.0,20403664339.0,2982.027,2012-12-13
2012-12-13,2976.576,2989.151,2941.552,2943.276,2677707800.0,19103185034.0,2982.885,2012-12-14
2012-12-14,2939.31,3069.061,2939.148,3066.231,5254033700.0,38111890536.0,2943.276,2012-12-17
2012-12-17,3073.923,3098.605,3063.486,3091.875,5260639300.0,40357746398.0,3066.231,2012-12-18
2012-12-18,3087.318,3124.564,3067.862,3086.584,4699305600.0,35977223968.0,3091.875,2012-12-19
2012-12-19,3082.379,3109.937,3074.949,3099.092,3687618300.0,28573408908.0,3086.584,2012-12-20
2012-12-20,3092.925,3111.195,3063.324,3108.86,3691136700.0,28583134510.0,3099.092,2012-12-21
2012-12-21,3110.817,3144.261,3089.086,3101.074,3914126000.0,32326271719.0,3108.86,2012-12-24
2012-12-24,3093.973,3120.73,3090.415,3117.698,2908388500.0,24764703925.0,3101.074,2012-12-25
2012-12-25,3110.969,3197.717,3102.609,3189.088,5286285200.0,41031778248.0,3117.698,2012-12-26
2012-12-26,3187.199,3228.802,3183.953,3228.675,4680000200.0,37198633040.0,3189.088,2012-12-27
2012-12-27,3232.789,3244.944,3198.91,3199.481,4722372400.0,38346715453.0,3228.675,2012-12-28
2012-12-28,3195.204,3235.587,3187.094,3235.195,4131623000.0,33393660049.0,3199.481,2012-12-31
2012-12-31,3242.961,3275.86,3236.633,3275.86,4741584600.0,38366383962.0,3235.195,2013-01-04
2013-01-04,3297.043,3304.759,3226.949,3258.251,4617085400.0,38348980386.0,3275.86,2013-01-07
2013-01-07,3253.674,3288.653,3245.463,3288.369,4273112200.0,36303731585.0,3258.251,2013-01-08
2013-01-08,3288.125,3331.667,3270.765,3327.04,5196382700.0,44519415792.0,3288.369,2013-01-09
2013-01-09,3321.765,3359.075,3303.799,3334.987,5092739600.0,43568057137.0,3327.04,2013-01-10
2013-01-10,3335.088,3368.005,3329.927,3356.35,4790195800.0,39408457427.0,3334.987,2013-01-11
2013-01-11,3357.47,3360.413,3262.831,3271.179,5130053400.0,42629276534.0,3356.35,2013-01-14
2013-01-14,3264.152,3387.5,3262.575,3384.745,5675323000.0,49292491425.0,3271.179,2013-01-15
2013-01-15,3390.329,3463.263,3389.783,3450.682,6936897000.0,61177582010.0,3384.745,2013-01-16
2013-01-16,3448.278,3462.587,3393.714,3450.56,6290848200.0,55786554153.0,3450.682,2013-01-17
2013-01-17,3444.468,3452.374,3399.663,3408.022,4741554100.0,41612112790.0,3450.56,2013-01-18
2013-01-18,3416.449,3466.534,3406.604,3464.645,5111861100.0,44339888668.0,3408.022,2013-01-21
2013-01-21,3475.198,3492.217,3458.873,3491.122,5378953200.0,45819878963.0,3464.645,2013-01-22
2013-01-22,3487.571,3487.571,3409.843,3435.434,5347412200.0,47247161757.0,3491.122,2013-01-23
2013-01-23,3422.768,3451.259,3393.047,3441.745,4335737300.0,38051251608.0,3435.434,2013-01-24
2013-01-24,3442.618,3473.978,3344.981,3369.732,5717497000.0,49520340993.0,3441.745,2013-01-25
2013-01-25,3363.429,3382.767,3346.236,3364.061,3709918600.0,33398507121.0,3369.732,2013-01-28
2013-01-28,3362.474,3449.95,3362.216,3449.794,4542212100.0,41684784652.0,3364.061,2013-01-29
2013-01-29,3451.663,3489.858,3447.821,3482.519,4928037500.0,45187021289.0,3449.794,2013-01-30
2013-01-30,3482.567,3502.719,3462.368,3500.578,5421893000.0,46990705859.0,3482.519,2013-01-31
2013-01-31,3497.28,3499.148,3463.202,3479.638,4859125200.0,43092440966.0,3500.578,2013-02-01
2013-02-01,3471.269,3507.833,3462.676,3507.709,4792548700.0,42185118919.0,3479.638,2013-02-04
2013-02-04,3517.461,3524.041,3467.018,3484.362,5593744600.0,50387987916.0,3507.709,2013-02-05
2013-02-05,3466.591,3520.985,3457.429,3520.646,4771113300.0,41301298971.0,3484.362,2013-02-06
2013-02-06,3521.66,3555.94,3521.642,3544.385,4230870500.0,38010627848.0,3520.646,2013-02-07
2013-02-07,3539.475,3565.381,3526.032,3557.667,3870483400.0,36599179547.0,3544.385,2013-02-08
2013-02-08,3554.149,3618.84,3553.796,3608.589,3792830300.0,36455880337.0,3557.667,2013-02-18
2013-02-18,3625.034,3639.364,3604.013,3627.776,4509927800.0,41448241843.0,3608.589,2013-02-19
2013-02-19,3624.94,3630.653,3546.723,3561.357,4842099100.0,42698603190.0,3627.776,2013-02-20
2013-02-20,3555.594,3635.375,3553.489,3635.375,4425230800.0,41216710013.0,3561.357,2013-02-21
2013-02-21,3612.72,3612.72,3531.13,3560.317,5441162500.0,50565195711.0,3635.375,2013-02-22
2013-02-22,3552.669,3587.713,3543.022,3548.358,4158543800.0,39756230929.0,3560.317,2013-02-25
2013-02-25,3551.597,3595.6,3551.37,3587.587,3767710200.0,35661833113.0,3548.358,2013-02-26
2013-02-26,3573.954,3600.46,3532.271,3533.204,4338675800.0,41504131316.0,3587.587,2013-02-27
2013-02-27,3538.937,3568.685,3506.762,3535.896,3823497400.0,36615453562.0,3533.204,2013-02-28
2013-02-28,3544.064,3608.199,3531.895,3608.199,4606208900.0,42703449313.0,3535.896,2013-03-01
2013-03-01,3608.618,3648.688,3603.978,3648.422,5017328200.0,47913789682.0,3608.199,2013-03-04
2013-03-04,3614.558,3614.558,3496.049,3518.717,6458809000.0,58624532627.0,3648.422,2013-03-05
2013-03-05,3516.526,3598.013,3507.03,3597.922,5038021500.0,47679030905.0,3518.717,2013-03-06
2013-03-06,3605.363,3654.108,3605.363,3653.934,5824637900.0,55482834943.0,3597.922,2013-03-07
2013-03-07,3648.28,3651.741,3575.976,3609.64,5494145600.0,53496724299.0,3653.934,2013-03-08
2013-03-08,3608.896,3626.92,3564.225,3570.38,3964923800.0,38381068979.0,3609.64,2013-03-11
2013-03-11,3568.622,3588.705,3543.765,3571.105,3273366500.0,31010435378.0,3570.38,2013-03-12
2013-03-12,3570.469,3589.72,3438.191,3481.175,4406928500.0,40719835241.0,3571.105,2013-03-13
2013-03-13,3473.265,3477.098,3413.179,3449.35,3141551100.0,28827635231.0,3481.175,2013-03-14
2013-03-14,3443.776,3482.369,3440.023,3464.854,2775663100.0,25915221081.0,3449.35,2013-03-15
2013-03-15,3466.892,3525.532,3431.573,3471.214,3800305700.0,36029721961.0,3464.854,2013-03-18
2013-03-18,3461.873,3477.929,3423.52,3427.12,3615736500.0,34162311552.0,3471.214,2013-03-19
2013-03-19,3421.737,3442.056,3378.912,3438.072,3463203400.0,31250906003.0,3427.12,2013-03-20
2013-03-20,3436.845,3527.83,3432.582,3527.772,4530861900.0,39767863848.0,3438.072,2013-03-21
2013-03-21,3527.762,3575.837,3522.143,3565.02,4850444100.0,45250505031.0,3527.772,2013-03-22
2013-03-22,3561.122,3586.092,3549.074,3579.92,4281136800.0,38737281453.0,3565.02,2013-03-25
2013-03-25,3581.311,3590.815,3550.185,3568.523,3978482600.0,37323613032.0,3579.92,2013-03-26
2013-03-26,3556.3,3557.791,3504.566,3543.812,3813555100.0,35743324347.0,3568.523,2013-03-27
2013-03-27,3541.376,3579.391,3528.309,3552.257,3689400200.0,35430083154.0,3543.812,2013-03-28
2013-03-28,3526.539,3526.539,3448.665,3448.977,4125274100.0,37049156757.0,3552.257,2013-03-29
2013-03-29,3449.277,3470.481,3434.569,3447.285,3155551800.0,28629550098.0,3448.977,2013-04-01
2013-04-01,3449.54,3489.143,3448.289,3470.96,3295382300.0,30167400237.0,3447.285,2013-04-02
2013-04-02,3471.691,3504.278,3419.738,3428.5,3786367600.0,35182736424.0,3470.96,2013-04-03
2013-04-03,3429.887,3438.586,3382.225,3397.232,3672102000.0,32560825378.0,3428.5,2013-04-08
2013-04-08,3354.444,3411.375,3315.332,3411.13,3622082800.0,32252840650.0,3397.232,2013-04-09
2013-04-09,3411.404,3449.924,3411.404,3444.371,3418339600.0,30878493181.0,3411.13,2013-04-10
2013-04-10,3444.459,3455.693,3410.029,3437.267,3555170800.0,33103603814.0,3444.371,2013-04-11
2013-04-11,3442.932,3453.531,3420.758,3423.217,3192556800.0,28642370316.0,3437.267,2013-04-12
2013-04-12,3418.296,3434.666,3391.013,3394.517,2929498800.0,26198905341.0,3423.217,2013-04-15
2013-04-15,3382.0,3382.0,3336.415,3346.851,2930810700.0,25580176434.0,3394.517,2013-04-16
2013-04-16,3313.508,3383.314,3302.244,3383.081,2989388900.0,25812228445.0,3346.851,2013-04-17
2013-04-17,3381.606,3412.521,3373.025,3412.416,2879345800.0,26727029858.0,3383.081,2013-04-18
2013-04-18,3396.014,3434.045,3383.965,3423.012,3234672700.0,29865355533.0,3412.416,2013-04-19
2013-04-19,3423.443,3498.572,3422.971,3495.242,4333789100.0,39859246220.0,3423.012,2013-04-22
2013-04-22,3478.044,3511.715,3475.863,3511.624,4380969500.0,41273810250.0,3495.242,2013-04-23
2013-04-23,3509.196,3509.743,3412.212,3416.449,4361645100.0,39770062432.0,3511.624,2013-04-24
2013-04-24,3417.401,3489.524,3411.815,3484.568,4244921200.0,40524123383.0,3416.449,2013-04-25
2013-04-25,3473.015,3494.535,3431.149,3431.401,4883644300.0,46953028570.0,3484.568,2013-04-26
2013-04-26,3427.146,3438.318,3360.745,3367.766,3740291100.0,34801657174.0,3431.401,2013-05-02
2013-05-02,3354.472,3386.279,3345.441,3383.398,2943853500.0,28077105491.0,3367.766,2013-05-03
2013-05-03,3391.218,3459.981,3391.218,3448.64,3724433800.0,35659631511.0,3383.398,2013-05-06
2013-05-06,3456.283,3516.872,3456.283,3514.457,4424931400.0,42476585112.0,3448.64,2013-05-07
2013-05-07,3511.214,3531.548,3495.801,3521.477,4120139600.0,40099911418.0,3514.457,2013-05-08
2013-05-08,3524.787,3554.149,3517.942,3553.848,4230729500.0,41307431389.0,3521.477,2013-05-09
2013-05-09,3551.899,3557.019,3517.594,3555.769,4930172500.0,49151023188.0,3553.848,2013-05-10
2013-05-10,3550.026,3577.327,3536.172,3577.327,4466670800.0,44817877724.0,3555.769,2013-05-13
2013-05-13,3577.295,3591.091,3565.487,3590.758,3946578000.0,38932043041.0,3577.327,2013-05-14
2013-05-14,3586.324,3586.324,3524.577,3549.303,3808365800.0,36835083435.0,3590.758,2013-05-15
2013-05-15,3549.745,3597.236,3548.548,3597.106,3648741800.0,37037743203.0,3549.303,2013-05-16
2013-05-16,3594.3,3647.485,3578.094,3635.755,5239356700.0,50602541528.0,3597.106,2013-05-17
2013-05-17,3632.612,3695.244,3631.259,3691.399,5939850400.0,54997639169.0,3635.755,2013-05-20
2013-05-20,3700.09,3740.583,3686.757,3737.748,6679882500.0,66738550616.0,3691.399,2013-05-21
2013-05-21,3733.673,3787.103,3727.667,3787.059,6769011700.0,66347954151.0,3737.748,2013-05-22
2013-05-22,3782.969,3795.168,3740.224,3755.874,6531327200.0,63037516258.0,3787.059,2013-05-23
2013-05-23,3740.439,3783.972,3716.291,3724.229,5781309600.0,54473098354.0,3755.874,2013-05-24
2013-05-24,3723.621,3782.17,3723.621,3782.071,5023893800.0,48927064353.0,3724.229,2013-05-27
2013-05-27,3784.468,3820.587,3782.266,3820.427,5552935700.0,55508754527.0,3782.071,2013-05-28
2013-05-28,3820.243,3829.972,3770.65,3827.782,6007156800.0,58861069186.0,3820.427,2013-05-29
2013-05-29,3830.224,3858.924,3828.286,3856.319,5831909600.0,57096106271.0,3827.782,2013-05-30
2013-05-30,3843.162,3872.26,3835.222,3865.134,5445480900.0,55483912363.0,3856.319,2013-05-31
2013-05-31,3867.59,3884.675,3840.699,3841.218,5506793500.0,56207611615.0,3865.134,2013-06-03
2013-06-03,3836.767,3855.788,3803.363,3814.51,4838775300.0,49391590358.0,3841.218,2013-06-04
2013-06-04,3809.555,3811.653,3707.561,3739.724,4924970600.0,48610521189.0,3814.51,2013-06-05
2013-06-05,3733.948,3759.519,3718.123,3755.148,3661617300.0,37010106619.0,3739.724,2013-06-06
2013-06-06,3742.504,3742.504,3686.253,3688.736,3881376400.0,38013941993.0,3755.148,2013-06-07
2013-06-07,3690.957,3701.221,3593.968,3616.21,4070865200.0,39558664009.0,3688.736,2013-06-13
2013-06-13,3573.896,3573.896,3446.25,3515.05,3724168200.0,34264499771.0,3616.21,2013-06-14
2013-06-14,3519.368,3591.248,3519.326,3584.978,3464384000.0,35265955848.0,3515.05,2013-06-17
2013-06-17,3593.51,3620.954,3565.277,3593.371,3564597000.0,37328974228.0,3584.978,2013-06-18
2013-06-18,3594.904,3613.026,3557.456,3605.758,3133290800.0,31369487347.0,3593.371,2013-06-19
2013-06-19,3588.766,3588.766,3525.448,3583.298,3289541700.0,32107538554.0,3605.758,2013-06-20
2013-06-20,3562.128,3566.361,3463.133,3465.004,3302402600.0,32563649485.0,3583.298,2013-06-21
2013-06-21,3401.471,3464.592,3347.757,3446.483,3228984000.0,30756539013.0,3465.004,2013-06-24
2013-06-24,3439.866,3439.866,3200.67,3232.962,4053654100.0,36506606231.0,3446.483,2013-06-25
2013-06-25,3202.659,3243.401,2981.691,3219.134,5155439200.0,44250328604.0,3232.962,2013-06-26
2013-06-26,3222.68,3285.818,3200.158,3285.818,3990058900.0,38224847772.0,3219.134,2013-06-27
2013-06-27,3293.078,3339.86,3231.146,3233.222,4496869100.0,42517431123.0,3285.818,2013-06-28
2013-06-28,3212.254,3292.91,3176.242,3235.978,3864059600.0,34979634869.0,3233.222,2013-07-01
2013-07-01,3226.624,3304.591,3210.662,3304.591,3532662900.0,33608711143.0,3235.978,2013-07-02
2013-07-02,3304.987,3359.123,3295.327,3359.053,4038507400.0,39563446595.0,3304.591,2013-07-03
2013-07-03,3346.107,3372.631,3288.019,3364.184,4431065700.0,42556348116.0,3359.053,2013-07-04
2013-07-04,3342.011,3427.378,3325.268,3390.488,4693895500.0,44347115069.0,3364.184,2013-07-05
2013-07-05,3392.584,3427.984,3371.315,3371.529,4395283200.0,40669748664.0,3390.488,2013-07-08
2013-07-08,3322.135,3322.135,3240.105,3240.477,3995247000.0,36284240660.0,3371.529,2013-07-09
2013-07-09,3231.699,3263.391,3210.731,3259.911,3009463500.0,28150383007.0,3240.477,2013-07-10
2013-07-10,3259.845,3361.395,3257.904,3361.395,4186412600.0,38711690708.0,3259.911,2013-07-11
2013-07-11,3364.841,3484.787,3364.229,3455.884,6332352100.0,56898559181.0,3361.395,2013-07-12
2013-07-12,3453.441,3490.497,3424.277,3425.135,5180821300.0,50056306876.0,3455.884,2013-07-15
2013-07-15,3432.257,3493.721,3431.497,3493.441,4658588700.0,45609098379.0,3425.135,2013-07-16
2013-07-16,3496.728,3536.313,3474.361,3536.313,4931472400.0,48308414198.0,3493.441,2013-07-17
2013-07-17,3529.714,3552.368,3474.363,3485.074,5004677800.0,49055064036.0,3536.313,2013-07-18
2013-07-18,3476.181,3505.185,3445.326,3481.201,4598343600.0,45744852787.0,3485.074,2013-07-19
2013-07-19,3479.531,3510.11,3394.306,3394.306,5098659500.0,49889751914.0,3481.201,2013-07-22
2013-07-22,3374.572,3461.699,3359.386,3461.281,4199297200.0,41787754334.0,3394.306,2013-07-23
2013-07-23,3470.598,3545.054,3470.598,3544.966,5354383300.0,53322693177.0,3461.281,2013-07-24
2013-07-24,3536.155,3575.004,3500.079,3566.282,5654974300.0,56316924931.0,3544.966,2013-07-25
2013-07-25,3561.507,3572.547,3496.311,3498.242,5086679000.0,51562676517.0,3566.282,2013-07-26
2013-07-26,3486.957,3520.493,3449.607,3494.159,3935843200.0,38981411492.0,3498.242,2013-07-29
2013-07-29,3477.264,3484.639,3423.772,3426.593,3919105400.0,36668786390.0,3494.159,2013-07-30
2013-07-30,3426.956,3449.539,3349.551,3411.219,3659272800.0,34953447508.0,3426.593,2013-07-31
2013-07-31,3428.134,3462.095,3418.715,3430.743,3582566100.0,33393083994.0,3411.219,2013-08-01
2013-08-01,3435.084,3521.156,3429.716,3521.152,4422596400.0,42269871915.0,3430.743,2013-08-02
2013-08-02,3535.887,3563.186,3528.641,3533.609,4726402100.0,44429897647.0,3521.152,2013-08-05
2013-08-05,3531.652,3592.872,3528.85,3592.538,4172185000.0,40115301552.0,3533.609,2013-08-06
2013-08-06,3589.52,3638.705,3581.526,3631.124,4979607000.0,47335574737.0,3592.538,2013-08-07
2013-08-07,3628.004,3644.212,3589.339,3596.318,5261651700.0,49976415052.0,3631.124,2013-08-08
2013-08-08,3589.162,3627.247,3577.58,3605.85,4244996800.0,41185098735.0,3596.318,2013-08-09
2013-08-09,3611.776,3637.908,3570.78,3618.744,4435769100.0,43821525174.0,3605.85,2013-08-12
2013-08-12,3629.509,3676.197,3628.945,3676.195,5649268700.0,53214492024.0,3618.744,2013-08-13
2013-08-13,3677.115,3695.56,3669.491,3695.552,5264948300.0,45698166160.0,3676.195,2013-08-14
2013-08-14,3694.68,3706.771,3662.041,3681.082,5298329000.0,47033333854.0,3695.552,2013-08-15
2013-08-15,3674.653,3686.261,3629.337,3631.321,4373973600.0,41626247438.0,3681.082,2013-08-16
2013-08-16,3611.284,3688.689,3550.818,3554.348,5363560100.0,49148539297.0,3631.321,2013-08-19
2013-08-19,3528.908,3609.167,3522.152,3609.028,3846959400.0,35417007167.0,3554.348,2013-08-20
2013-08-20,3606.614,3634.048,3580.194,3599.637,4315981900.0,40942687117.0,3609.028,2013-08-21
2013-08-21,3596.933,3627.914,3577.818,3627.501,4261988400.0,39002159433.0,3599.637,2013-08-22
2013-08-22,3621.886,3650.114,3615.706,3636.469,4613253500.0,43266633995.0,3627.501,2013-08-23
2013-08-23,3644.676,3654.729,3560.133,3627.97,5483723100.0,52538563861.0,3636.469,2013-08-26
2013-08-26,3629.357,3703.794,3627.311,3703.593,5352258900.0,50848498102.0,3627.97,2013-08-27
2013-08-27,3702.582,3732.219,3691.161,3732.098,5746790700.0,51583006762.0,3703.593,2013-08-28
2013-08-28,3707.533,3740.129,3680.496,3703.92,7020592900.0,63585748881.0,3732.098,2013-08-29
2013-08-29,3703.046,3715.846,3679.08,3701.083,6293668600.0,53345962599.0,3703.92,2013-08-30
2013-08-30,3702.847,3727.3,3645.362,3664.148,7706919600.0,64028442860.0,3701.083,2013-09-02
2013-09-02,3674.684,3695.087,3633.461,3689.959,6286094400.0,52818470953.0,3664.148,2013-09-03
2013-09-03,3685.337,3745.235,3680.147,3744.871,5962664600.0,50108691899.0,3689.959,2013-09-04
2013-09-04,3747.227,3766.414,3734.778,3755.239,6236384800.0,54486355899.0,3744.871,2013-09-05
2013-09-05,3749.938,3776.004,3741.457,3762.569,6068110500.0,54687164547.0,3755.239,2013-09-06
2013-09-06,3758.905,3799.071,3754.64,3792.832,6060311700.0,56989302419.0,3762.569,2013-09-09
2013-09-09,3799.451,3835.48,3793.114,3831.927,7293221900.0,67253506959.0,3792.832,2013-09-10
2013-09-10,3836.471,3871.187,3832.32,3870.923,8106345200.0,71770712391.0,3831.927,2013-09-11
2013-09-11,3876.586,3876.773,3814.277,3834.258,8802626600.0,76016248233.0,3870.923,2013-09-12
2013-09-12,3824.754,3857.518,3815.741,3845.068,6727343900.0,57448642414.0,3834.258,2013-09-13
2013-09-13,3846.452,3858.426,3825.178,3849.82,6486534300.0,56409493116.0,3845.068,2013-09-16
2013-09-16,3852.362,3870.727,3836.406,3854.207,5568231100.0,52644030423.0,3849.82,2013-09-17
2013-09-17,3851.657,3851.657,3785.23,3786.292,5755855300.0,53088749807.0,3854.207,2013-09-18
2013-09-18,3780.702,3823.012,3776.703,3822.123,4446441000.0,43668160027.0,3786.292,2013-09-23
2013-09-23,3830.947,3899.86,3830.947,3899.625,5652713900.0,56490895298.0,3822.123,2013-09-24
2013-09-24,3897.409,3915.983,3864.44,3903.518,6507975400.0,63947874499.0,3899.625,2013-09-25
2013-09-25,3899.612,3930.602,3881.599,3889.221,7019162200.0,67886689453.0,3903.518,2013-09-26
2013-09-26,3879.476,3883.392,3806.641,3808.216,5902757300.0,56763483787.0,3889.221,2013-09-27
2013-09-27,3805.497,3841.544,3802.901,3822.758,4354926600.0,44024203903.0,3808.216,2013-09-30
2013-09-30,3834.17,3873.493,3834.012,3872.893,3945458200.0,41763486724.0,3822.758,2013-10-08
2013-10-08,3875.522,3938.068,3866.677,3938.068,5513437900.0,55498920949.0,3872.893,2013-10-09
2013-10-09,3928.399,3981.446,3915.73,3981.058,6021401200.0,58126060073.0,3938.068,2013-10-10
2013-10-10,3990.779,4000.486,3947.841,3959.63,6980745400.0,66293048383.0,3981.058,2013-10-11
2013-10-11,3975.109,4027.32,3975.109,4026.916,7201558200.0,68678643097.0,3959.63,2013-10-14
2013-10-14,4034.189,4069.783,4024.591,4068.32,7469228800.0,72971055096.0,4026.916,2013-10-15
2013-10-15,4074.827,4080.107,4043.793,4074.083,7567178200.0,72950258752.0,4068.32,2013-10-16
2013-10-16,4063.823,4063.823,3941.589,3963.212,7783795200.0,75722341889.0,4074.083,2013-10-17
2013-10-17,3980.466,4010.622,3944.974,3956.965,6631917800.0,63201376759.0,3963.212,2013-10-18
2013-10-18,3954.585,3978.342,3937.24,3970.641,5077960100.0,48046875361.0,3956.965,2013-10-21
2013-10-21,3977.261,4069.224,3968.393,4069.033,6605729100.0,64778993477.0,3970.641,2013-10-22
2013-10-22,4070.665,4089.096,4014.265,4026.516,7364594300.0,74639747692.0,4069.033,2013-10-23
2013-10-23,4026.563,4039.425,3906.509,3924.219,6770842100.0,62951196833.0,4026.516,2013-10-24
2013-10-24,3914.239,3933.73,3889.338,3898.156,4494228200.0,42767685473.0,3924.219,2013-10-25
2013-10-25,3902.226,3916.924,3796.069,3821.779,4990523700.0,49387094110.0,3898.156,2013-10-28
2013-10-28,3820.674,3828.723,3785.912,3808.703,3956984300.0,38708762881.0,3821.779,2013-10-29
2013-10-29,3801.934,3827.119,3600.434,3703.86,5573976200.0,51444644044.0,3808.703,2013-10-30
2013-10-30,3694.312,3764.599,3688.386,3764.453,4154928200.0,38696491662.0,3703.86,2013-10-31
2013-10-31,3757.806,3757.806,3710.69,3713.829,4178754400.0,38030666070.0,3764.453,2013-11-01
2013-11-01,3698.469,3720.436,3661.736,3702.445,3338735700.0,30914885339.0,3713.829,2013-11-04
2013-11-04,3705.449,3744.588,3705.432,3728.188,3285215200.0,30522020115.0,3702.445,2013-11-05
2013-11-05,3719.944,3777.626,3688.213,3777.404,3949816500.0,36353840607.0,3728.188,2013-11-06
2013-11-06,3768.732,3799.825,3737.106,3737.106,4509725200.0,41298449908.0,3777.404,2013-11-07
2013-11-07,3722.241,3734.863,3677.534,3685.04,3481496300.0,33087624802.0,3737.106,2013-11-08
2013-11-08,3670.352,3678.228,3618.926,3629.94,3494673000.0,32624376264.0,3685.04,2013-11-11
2013-11-11,3626.187,3659.655,3600.085,3645.84,2735750000.0,26340249394.0,3629.94,2013-11-12
2013-11-12,3645.373,3681.071,3634.868,3680.536,3005498100.0,28351838313.0,3645.84,2013-11-13
2013-11-13,3677.353,3677.353,3611.76,3611.76,3295728600.0,30074798410.0,3680.536,2013-11-14
2013-11-14,3602.852,3660.041,3575.837,3659.83,3310775900.0,31634533974.0,3611.76,2013-11-15
2013-11-15,3661.282,3766.359,3661.282,3736.452,4882691000.0,47107809937.0,3659.83,2013-11-18
2013-11-18,3759.124,3828.016,3755.499,3827.882,5626400600.0,53555697449.0,3736.452,2013-11-19
2013-11-19,3830.45,3851.567,3814.523,3840.365,5088261100.0,49083845023.0,3827.882,2013-11-20
2013-11-20,3842.25,3878.704,3827.384,3878.584,4858289500.0,46676500973.0,3840.365,2013-11-21
2013-11-21,3865.569,3878.236,3838.541,3865.41,5398687300.0,49106389388.0,3878.584,2013-11-22
2013-11-22,3868.497,3880.717,3835.918,3842.756,4902397900.0,45404286319.0,3865.41,2013-11-25
2013-11-25,3834.808,3874.098,3824.647,3839.602,4643488800.0,42870008829.0,3842.756,2013-11-26
2013-11-26,3837.873,3855.966,3822.133,3845.676,4295441500.0,40463719316.0,3839.602,2013-11-27
2013-11-27,3843.651,3890.051,3837.139,3889.755,4722105800.0,46761262261.0,3845.676,2013-11-28
2013-11-28,3897.255,3945.534,3895.11,3922.666,5544796400.0,53130333534.0,3889.755,2013-11-29
2013-11-29,3924.416,3947.914,3919.725,3946.383,4847324600.0,49411282588.0,3922.666,2013-12-02
2013-12-02,3870.029,3905.679,3737.318,3770.865,6678309100.0,64791454017.0,3946.383,2013-12-03
2013-12-03,3755.186,3861.158,3750.962,3859.955,4694205800.0,45238703134.0,3770.865,2013-12-04
2013-12-04,3856.349,3959.107,3852.475,3932.998,6414188300.0,61605073281.0,3859.955,2013-12-05
2013-12-05,3931.142,3944.702,3911.266,3928.724,4952427600.0,48484984771.0,3932.998,2013-12-06
2013-12-06,3924.642,3941.538,3906.799,3918.783,4282279000.0,41729852635.0,3928.724,2013-12-09
2013-12-09,3928.164,3948.059,3924.813,3947.704,4010473800.0,40766212303.0,3918.783,2013-12-10
2013-12-10,3948.571,3965.163,3930.002,3950.486,4588425400.0,45669979651.0,3947.704,2013-12-11
2013-12-11,3941.904,3941.904,3878.327,3906.78,4618804700.0,43699030434.0,3950.486,2013-12-12
2013-12-12,3903.448,3943.028,3900.953,3916.962,3909067400.0,38454526925.0,3906.78,2013-12-13
2013-12-13,3901.988,3932.887,3886.969,3925.434,3589454900.0,35209975010.0,3916.962,2013-12-16
2013-12-16,3929.377,3932.598,3854.468,3857.715,4104767600.0,40162442147.0,3925.434,2013-12-17
2013-12-17,3854.785,3867.778,3824.972,3834.027,3187531100.0,31628625524.0,3857.715,2013-12-18
2013-12-18,3836.023,3855.359,3819.069,3834.045,2698321600.0,26497719257.0,3834.027,2013-12-19
2013-12-19,3840.28,3859.217,3793.398,3795.023,2818348800.0,27594027322.0,3834.045,2013-12-20
2013-12-20,3792.676,3807.552,3736.399,3747.002,2920045600.0,28581621657.0,3795.023,2013-12-23
2013-12-23,3745.941,3757.388,3687.397,3742.738,2669013100.0,26950008205.0,3747.002,2013-12-24
2013-12-24,3746.646,3799.769,3738.765,3768.703,2861014800.0,29958058529.0,3742.738,2013-12-25
2013-12-25,3766.201,3808.46,3756.713,3808.453,2695198800.0,29515512213.0,3768.703,2013-12-26
2013-12-26,3809.503,3809.503,3741.609,3743.132,3311604800.0,33000779620.0,3808.453,2013-12-27
2013-12-27,3737.645,3809.467,3734.654,3800.774,3221514200.0,31632394151.0,3743.132,2013-12-30
2013-12-30,3815.682,3828.968,3803.793,3813.003,3165404000.0,30936808450.0,3800.774,2013-12-31
2013-12-31,3805.696,3829.802,3789.817,3829.096,2927606200.0,29310880036.0,3813.003,2014-01-02
2014-01-02,3823.316,3848.253,3813.806,3847.879,3080026000.0,31417807017.0,3829.096,2014-01-03
2014-01-03,3841.219,3843.36,3802.992,3816.316,3481756100.0,35851633239.0,3847.879,2014-01-06
2014-01-06,3806.585,3806.585,3709.909,3710.898,3451186600.0,33089075606.0,3816.316,2014-01-07
2014-01-07,3699.901,3740.717,3688.421,3733.662,2720862100.0,27587590271.0,3710.898,2014-01-08
2014-01-08,3735.503,3768.503,3726.114,3738.205,3194344100.0,32589003760.0,3733.662,2014-01-09
2014-01-09,3732.861,3768.618,3693.64,3696.023,3335413500.0,34352021520.0,3738.205,2014-01-10
2014-01-10,3685.019,3689.187,3619.679,3628.634,3139330300.0,29759859726.0,3696.023,2014-01-13
2014-01-13,3628.533,3657.686,3588.742,3612.02,2784241500.0,27652484466.0,3628.634,2014-01-14
2014-01-14,3610.638,3683.534,3601.993,3683.534,2856510400.0,27864934160.0,3612.02,2014-01-15
2014-01-15,3681.042,3708.542,3675.635,3708.142,2947919300.0,30178561089.0,3683.534,2014-01-16
2014-01-16,3709.383,3738.083,3703.191,3714.314,2958331200.0,29674608914.0,3708.142,2014-01-17
2014-01-17,3704.356,3704.96,3669.587,3671.915,2532529300.0,25832781201.0,3714.314,2014-01-20
2014-01-20,3666.303,3680.01,3627.65,3644.125,2380574700.0,24791854467.0,3671.915,2014-01-21
2014-01-21,3645.344,3700.594,3645.344,3700.108,2849780400.0,29215573162.0,3644.125,2014-01-22
2014-01-22,3707.082,3799.057,3707.033,3799.042,4184904700.0,42102246756.0,3700.108,2014-01-23
2014-01-23,3801.749,3841.028,3795.475,3825.486,4070580200.0,44043320024.0,3799.042,2014-01-24
2014-01-24,3817.078,3890.528,3811.137,3882.668,4579074800.0,48820004180.0,3825.486,2014-01-27
2014-01-27,3867.566,3916.666,3854.866,3881.947,4263680500.0,45982997025.0,3882.668,2014-01-28
2014-01-28,3882.006,3906.573,3847.029,3873.81,3194653300.0,35468332899.0,3881.947,2014-01-29
2014-01-29,3878.314,3913.124,3878.314,3908.45,3300838100.0,36653826332.0,3873.81,2014-01-30
2014-01-30,3900.013,3908.605,3877.57,3885.416,2854994000.0,30952128220.0,3908.45,2014-02-07
2014-02-07,3864.891,3957.933,3854.982,3957.671,3403656600.0,37584978982.0,3885.416,2014-02-10
2014-02-10,3972.857,4074.63,3972.857,4074.63,5775494900.0,62830622725.0,3957.671,2014-02-11
2014-02-11,4081.544,4099.775,4031.951,4080.378,6187682100.0,66427604053.0,4074.63,2014-02-12
2014-02-12,4083.819,4125.709,4064.346,4125.412,5903926600.0,60189976732.0,4080.378,2014-02-13
2014-02-13,4123.215,4137.588,4064.423,4064.423,6105150000.0,62110135188.0,4125.412,2014-02-14
2014-02-14,4063.791,4134.226,4060.092,4134.16,5063115800.0,52265409790.0,4064.423,2014-02-17
2014-02-17,4152.041,4213.142,4152.041,4212.745,6246941700.0,65593955445.0,4134.16,2014-02-18
2014-02-18,4216.606,4219.034,4188.069,4207.699,6391329600.0,66766223925.0,4212.745,2014-02-19
2014-02-19,4206.02,4232.877,4180.914,4207.994,6121776100.0,63154497739.0,4207.699,2014-02-20
2014-02-20,4211.696,4221.63,4139.199,4149.071,6256447800.0,62300133273.0,4207.994,2014-02-21
2014-02-21,4142.3,4156.794,4085.817,4121.917,4801788300.0,47228926620.0,4149.071,2014-02-24
2014-02-24,4102.559,4105.792,4043.506,4105.792,5123873300.0,52821387266.0,4121.917,2014-02-25
2014-02-25,4109.494,4141.259,3937.174,3961.439,6566527100.0,70061216332.0,4105.792,2014-02-26
2014-02-26,3941.118,3988.059,3883.963,3987.48,4885673600.0,49764846080.0,3961.439,2014-02-27
2014-02-27,3992.716,4053.854,3932.311,3934.727,5451092300.0,57316272091.0,3987.48,2014-02-28
2014-02-28,3926.772,3976.128,3874.722,3975.929,4660119900.0,48254509395.0,3934.727,2014-03-03
2014-03-03,3975.536,4059.187,3969.299,4058.799,5129025700.0,53495701236.0,3975.929,2014-03-04
2014-03-04,4045.201,4067.425,4016.027,4059.567,5365560900.0,54602426627.0,4058.799,2014-03-05
2014-03-05,4064.963,4075.753,4031.916,4037.784,5314363100.0,51928401778.0,4059.567,2014-03-06
2014-03-06,4030.651,4042.214,3980.279,4032.756,4818990300.0,46614619335.0,4037.784,2014-03-07
2014-03-07,4032.138,4051.032,3992.94,4012.447,4568632000.0,45596345165.0,4032.756,2014-03-10
2014-03-10,3981.513,3981.513,3856.103,3860.244,4966555400.0,47348547414.0,4012.447,2014-03-11
2014-03-11,3848.17,3889.238,3826.928,3864.26,3993967800.0,37450245319.0,3860.244,2014-03-12
2014-03-12,3857.577,3894.063,3803.732,3865.662,4122116000.0,36976695865.0,3864.26,2014-03-13
2014-03-13,3865.916,3907.851,3861.706,3907.146,3706465800.0,34137589291.0,3865.662,2014-03-14
2014-03-14,3891.196,3913.503,3860.317,3888.975,3514083300.0,33406192196.0,3907.146,2014-03-17
2014-03-17,3889.904,3967.854,3889.904,3967.15,3928817100.0,38774435121.0,3888.975,2014-03-18
2014-03-18,3970.664,4009.346,3968.889,3989.201,4427084200.0,44080433148.0,3967.15,2014-03-19
2014-03-19,3979.246,3980.743,3944.091,3980.673,4266895800.0,39248886485.0,3989.201,2014-03-20
2014-03-20,3973.15,4000.369,3876.428,3876.578,4986305600.0,44829609970.0,3980.673,2014-03-21
2014-03-21,3857.823,3954.258,3828.92,3952.392,5236272100.0,45269601668.0,3876.578,2014-03-24
2014-03-24,3954.054,3995.865,3944.692,3985.861,5420297800.0,45816784065.0,3952.392,2014-03-25
2014-03-25,3977.878,4007.935,3967.621,3991.144,5366702600.0,45244076393.0,3985.861,2014-03-26
2014-03-26,3997.174,4009.884,3987.192,4001.502,4627750200.0,39747128884.0,3991.144,2014-03-27
2014-03-27,3994.817,3996.252,3943.792,3944.044,4945987200.0,41581287209.0,4001.502,2014-03-28
2014-03-28,3935.198,3951.726,3855.478,3865.295,5345826500.0,43844891578.0,3944.044,2014-03-31
2014-03-31,3865.004,3878.0,3815.739,3840.536,3833777800.0,31097095713.0,3865.295,2014-04-01
2014-04-01,3836.502,3899.658,3835.227,3899.488,3465522000.0,29332505803.0,3840.536,2014-04-02
2014-04-02,3901.19,3922.079,3891.554,3902.043,4398194300.0,34207477515.0,3899.488,2014-04-03
2014-04-03,3902.067,3919.169,3880.404,3896.28,4234271200.0,33958648555.0,3902.043,2014-04-04
2014-04-04,3888.729,3939.613,3881.964,3939.229,3820321800.0,32452790131.0,3896.28,2014-04-08
2014-04-08,3927.506,3981.625,3918.976,3981.625,4261820800.0,37712924941.0,3939.229,2014-04-09
2014-04-09,3987.425,4019.085,3987.425,4018.547,4368503500.0,39980312964.0,3981.625,2014-04-10
2014-04-10,4022.048,4052.844,4012.659,4038.84,5117418100.0,46752707217.0,4018.547,2014-04-11
2014-04-11,4021.964,4031.208,4001.797,4021.194,4324739300.0,39566857902.0,4038.84,2014-04-14
2014-04-14,4019.505,4051.49,4018.736,4051.33,4157174200.0,37820284322.0,4021.194,2014-04-15
2014-04-15,4050.333,4050.333,4015.089,4021.906,4545686800.0,41713771291.0,4051.33,2014-04-16
2014-04-16,4010.358,4026.764,3992.496,4019.883,3810511500.0,34759895561.0,4021.906,2014-04-17
2014-04-17,4025.377,4035.366,4012.71,4014.94,3871839000.0,35587633381.0,4019.883,2014-04-18
2014-04-18,4006.875,4029.762,3995.549,4029.262,3473647900.0,32247621176.0,4014.94,2014-04-21
2014-04-21,4004.614,4032.846,3962.286,3965.337,4025395100.0,38253411038.0,4029.262,2014-04-22
2014-04-22,3957.22,3974.628,3889.777,3947.169,4193482000.0,39218301992.0,3965.337,2014-04-23
2014-04-23,3942.498,3956.408,3913.175,3929.168,3074191200.0,29374317387.0,3947.169,2014-04-24
2014-04-24,3924.454,3931.512,3884.591,3884.811,3234572000.0,29781616866.0,3929.168,2014-04-25
2014-04-25,3879.448,3886.763,3797.471,3800.681,3600061900.0,31763963150.0,3884.811,2014-04-28
2014-04-28,3785.957,3785.957,3679.958,3684.593,3667033000.0,31495246462.0,3800.681,2014-04-29
2014-04-29,3678.621,3739.249,3678.007,3738.926,2829741800.0,24757446877.0,3684.593,2014-04-30
2014-04-30,3734.799,3770.727,3728.411,3766.17,2659282800.0,23450154334.0,3738.926,2014-05-05
2014-05-05,3761.23,3798.359,3746.193,3798.288,2861542100.0,24739037389.0,3766.17,2014-05-06
2014-05-06,3795.36,3831.413,3790.505,3817.98,3060038400.0,28050980592.0,3798.288,2014-05-07
2014-05-07,3806.838,3806.838,3747.785,3749.965,2936363100.0,26315376425.0,3817.98,2014-05-08
2014-05-08,3740.254,3798.215,3733.75,3754.011,3051595300.0,26226566995.0,3749.965,2014-05-09
2014-05-09,3748.486,3752.455,3688.045,3716.022,2948883400.0,25743202457.0,3754.011,2014-05-12
2014-05-12,3738.667,3812.827,3730.954,3812.758,4245480900.0,36840651775.0,3716.022,2014-05-13
2014-05-13,3810.491,3819.753,3788.456,3806.89,3581498000.0,31736405914.0,3812.758,2014-05-14
2014-05-14,3805.147,3816.405,3796.107,3803.803,2830755500.0,24921685301.0,3806.89,2014-05-15
2014-05-15,3797.12,3799.079,3728.318,3732.337,3077118200.0,27786830239.0,3803.803,2014-05-16
2014-05-16,3722.556,3733.28,3685.074,3726.656,2671334600.0,23727980955.0,3732.337,2014-05-19
2014-05-19,3722.391,3722.391,3679.637,3705.364,2420359100.0,21748598388.0,3726.656,2014-05-20
2014-05-20,3720.226,3748.753,3708.141,3715.71,2484602200.0,23170288220.0,3705.364,2014-05-21
2014-05-21,3708.121,3747.551,3680.886,3747.334,2404689100.0,21705642894.0,3715.71,2014-05-22
2014-05-22,3748.93,3788.056,3744.604,3746.14,3096098500.0,28187212018.0,3747.334,2014-05-23
2014-05-23,3742.991,3786.563,3742.98,3786.563,2887723300.0,26927286960.0,3746.14,2014-05-26
2014-05-26,3798.73,3827.59,3798.73,3827.487,3339637200.0,33591791346.0,3786.563,2014-05-27
2014-05-27,3825.373,3834.421,3812.886,3818.322,3274276000.0,31962326173.0,3827.487,2014-05-28
2014-05-28,3818.354,3862.104,3812.997,3861.588,3677476500.0,35782559652.0,3818.322,2014-05-29
2014-05-29,3862.298,3874.102,3821.424,3821.867,3736467400.0,37967022147.0,3861.588,2014-05-30
2014-05-30,3818.47,3840.864,3798.805,3829.238,3447981400.0,33847052964.0,3821.867,2014-06-03
2014-06-03,3833.12,3845.481,3821.428,3822.716,3015499100.0,29295593636.0,3829.238,2014-06-04
2014-06-04,3820.5,3820.762,3760.291,3789.294,3024040700.0,28984446831.0,3822.716,2014-06-05
2014-06-05,3783.883,3832.384,3779.992,3832.055,2958072700.0,28079556690.0,3789.294,2014-06-06
2014-06-06,3833.378,3837.401,3800.086,3818.333,2992632200.0,28796450162.0,3832.055,2014-06-09
2014-06-09,3809.585,3830.604,3795.173,3797.429,2681952300.0,26434007582.0,3818.333,2014-06-10
2014-06-10,3801.509,3840.243,3784.053,3840.019,3029738700.0,30344459226.0,3797.429,2014-06-11
2014-06-11,3838.668,3859.034,3832.534,3858.051,3191529500.0,32291652022.0,3840.019,2014-06-12
2014-06-12,3851.233,3857.908,3832.944,3850.113,3513491800.0,34175926746.0,3858.051,2014-06-13
2014-06-13,3846.622,3894.543,3843.623,3891.557,3984079700.0,40322196684.0,3850.113,2014-06-16
2014-06-16,3893.918,3915.215,3893.166,3914.981,3929475800.0,41025140790.0,3891.557,2014-06-17
2014-06-17,3909.618,3909.618,3876.23,3879.344,3986075400.0,39004922894.0,3914.981,2014-06-18
2014-06-18,3878.694,3881.392,3855.231,3858.099,4068867100.0,39421196527.0,3879.344,2014-06-19
2014-06-19,3853.59,3860.303,3739.412,3755.694,4335149000.0,40226893351.0,3858.099,2014-06-20
2014-06-20,3751.179,3789.41,3751.081,3789.342,2933163000.0,27250323579.0,3755.694,2014-06-23
2014-06-23,3790.844,3827.828,3790.839,3815.879,3220035100.0,30811520126.0,3789.342,2014-06-24
2014-06-24,3814.527,3839.594,3812.753,3839.203,3414969400.0,33396771453.0,3815.879,2014-06-25
2014-06-25,3835.59,3835.59,3803.292,3814.03,3041989400.0,29769187329.0,3839.203,2014-06-26
2014-06-26,3812.907,3863.095,3812.907,3861.95,4055070100.0,38363054368.0,3814.03,2014-06-27
2014-06-27,3861.097,3905.543,3853.75,3889.323,4847612000.0,44256525709.0,3861.95,2014-06-30
2014-06-30,3895.149,3925.442,3889.645,3924.903,4920966300.0,45852764409.0,3889.323,2014-07-01
2014-07-01,3927.483,3951.919,3917.53,3951.726,4881398500.0,46780257365.0,3924.903,2014-07-02
2014-07-02,3950.473,3979.371,3937.239,3979.31,5296635700.0,49258527917.0,3951.726,2014-07-03
2014-07-03,3978.816,4026.065,3972.117,4019.647,6118409400.0,55067891148.0,3979.31,2014-07-04
2014-07-04,4018.39,4022.217,3997.76,4004.561,5516638900.0,49997473982.0,4019.647,2014-07-07
2014-07-07,4004.097,4024.368,3992.281,4014.488,5119715300.0,48129086313.0,4004.561,2014-07-08
2014-07-08,4012.551,4039.922,3982.332,4039.707,5018074400.0,50114329367.0,4014.488,2014-07-09
2014-07-09,4033.819,4047.382,3981.252,3982.404,5694464500.0,56785289590.0,4039.707,2014-07-10
2014-07-10,3980.501,4008.126,3975.704,3982.198,4870848400.0,49693965459.0,3982.404,2014-07-11
2014-07-11,3979.73,4033.885,3978.1,4029.751,5307468700.0,52241335022.0,3982.198,2014-07-14
2014-07-14,4033.708,4090.802,4033.695,4090.802,6059248000.0,58095423357.0,4029.751,2014-07-15
2014-07-15,4089.346,4098.28,4063.602,4093.113,6683399800.0,60773689964.0,4090.802,2014-07-16
2014-07-16,4089.649,4105.015,4046.549,4062.119,5941441700.0,54188896321.0,4093.113,2014-07-17
2014-07-17,4055.906,4055.906,4006.283,4031.44,4998835800.0,44531890407.0,4062.119,2014-07-18
2014-07-18,4018.358,4066.176,4012.508,4042.521,4958258600.0,44684250153.0,4031.44,2014-07-21
2014-07-21,4038.741,4048.938,4017.453,4030.242,4418609400.0,40783090203.0,4042.521,2014-07-22
2014-07-22,4024.421,4086.111,4023.016,4083.288,5467301600.0,50308587198.0,4030.242,2014-07-23
2014-07-23,4083.08,4094.649,4042.041,4057.113,5851827600.0,52667947011.0,4083.288,2014-07-24
2014-07-24,4055.145,4073.863,4013.555,4054.223,6273828700.0,54485179264.0,4057.113,2014-07-25
2014-07-25,4052.032,4089.801,4047.873,4089.801,5504340800.0,49022362222.0,4054.223,2014-07-28
2014-07-28,4106.992,4168.393,4106.992,4168.373,7952835100.0,70428854394.0,4089.801,2014-07-29
2014-07-29,4173.17,4221.575,4167.273,4207.862,8076083100.0,75538996027.0,4168.373,2014-07-30
2014-07-30,4198.41,4220.214,4184.354,4214.836,6914667600.0,68380608506.0,4207.862,2014-07-31
2014-07-31,4211.067,4257.414,4208.57,4257.045,6571104000.0,65347460960.0,4214.836,2014-08-01
2014-08-01,4242.299,4268.434,4201.924,4210.219,7817189300.0,74451501289.0,4257.045,2014-08-04
2014-08-04,4213.114,4278.847,4213.114,4278.847,6608314800.0,61712975929.0,4210.219,2014-08-05
2014-08-05,4284.145,4300.505,4262.764,4300.12,7437961600.0,68408087519.0,4278.847,2014-08-06
2014-08-06,4291.63,4336.757,4276.676,4328.601,7450724800.0,70105526860.0,4300.12,2014-08-07
2014-08-07,4329.301,4348.194,4284.221,4286.09,7113573800.0,67096777592.0,4328.601,2014-08-08
2014-08-08,4287.941,4317.931,4283.606,4311.697,5739771600.0,56641088555.0,4286.09,2014-08-11
2014-08-11,4317.347,4377.244,4317.347,4377.018,6479859200.0,63782885172.0,4311.697,2014-08-12
2014-08-12,4378.247,4400.002,4370.226,4399.806,6726292900.0,66976600235.0,4377.018,2014-08-13
2014-08-13,4399.403,4410.462,4347.368,4401.809,7311060000.0,72425032488.0,4399.806,2014-08-14
2014-08-14,4397.207,4426.47,4368.707,4373.504,7461788000.0,71659794240.0,4401.809,2014-08-15
2014-08-15,4372.771,4428.973,4368.337,4423.636,6497228700.0,64887976007.0,4373.504,2014-08-18
2014-08-18,4434.175,4483.568,4434.175,4483.544,7152626100.0,72487150029.0,4423.636,2014-08-19
2014-08-19,4491.169,4500.802,4461.981,4496.938,7752149100.0,80824709275.0,4483.544,2014-08-20
2014-08-20,4495.823,4521.25,4481.92,4497.399,7636869200.0,74592337197.0,4496.938,2014-08-21
2014-08-21,4498.493,4501.661,4442.644,4495.44,7225705400.0,72267555378.0,4497.399,2014-08-22
2014-08-22,4491.628,4526.239,4478.794,4521.752,7203475900.0,71989848481.0,4495.44,2014-08-25
2014-08-25,4521.809,4522.704,4476.198,4487.142,6797546900.0,69175500425.0,4521.752,2014-08-26
2014-08-26,4474.454,4490.902,4390.111,4407.588,6960691100.0,68801722151.0,4487.142,2014-08-27
2014-08-27,4401.876,4432.151,4401.668,4421.212,5435973800.0,57056865409.0,4407.588,2014-08-28
2014-08-28,4423.764,4431.577,4368.669,4381.494,5435598200.0,55709092923.0,4421.212,2014-08-29
2014-08-29,4378.624,4427.879,4370.853,4427.879,4372281200.0,45962091441.0,4381.494,2014-09-01
2014-09-01,4436.546,4507.486,4436.108,4507.442,5768541800.0,62594382274.0,4427.879,2014-09-02
2014-09-02,4519.242,4576.12,4514.733,4576.12,8415383800.0,87290950658.0,4507.442,2014-09-03
2014-09-03,4582.479,4612.334,4571.946,4608.557,8792713400.0,91114137216.0,4576.12,2014-09-04
2014-09-04,4611.562,4648.222,4598.864,4647.886,9431810000.0,95294218772.0,4608.557,2014-09-05
2014-09-05,4654.515,4666.918,4629.176,4666.474,9082661700.0,91527801339.0,4647.886,2014-09-09
2014-09-09,4672.109,4701.944,4643.381,4701.699,8928430600.0,90541430064.0,4666.474,2014-09-10
2014-09-10,4686.117,4713.959,4662.181,4709.909,8618734400.0,86626217303.0,4701.699,2014-09-11
2014-09-11,4707.045,4762.132,4670.643,4704.942,9766970500.0,99548941521.0,4709.909,2014-09-12
2014-09-12,4698.109,4757.04,4689.627,4756.949,7855002500.0,78101715993.0,4704.942,2014-09-15
2014-09-15,4759.773,4810.07,4752.853,4807.555,9287306400.0,93727091981.0,4756.949,2014-09-16
2014-09-16,4809.437,4816.324,4643.862,4645.546,11731022900.0,115746940718.0,4807.555,2014-09-17
2014-09-17,4649.609,4686.392,4604.671,4686.047,8627612900.0,80739930253.0,4645.546,2014-09-18
2014-09-18,4679.111,4719.584,4663.147,4719.009,7791305700.0,70041531635.0,4686.047,2014-09-19
2014-09-19,4718.78,4762.171,4705.088,4758.727,7389142500.0,71508698238.0,4719.009,2014-09-22
2014-09-22,4753.795,4753.795,4682.616,4694.229,7766707300.0,75028837431.0,4758.727,2014-09-23
2014-09-23,4693.367,4754.472,4692.899,4754.472,7167912800.0,72122820292.0,4694.229,2014-09-24
2014-09-24,4746.621,4816.184,4733.556,4815.71,8489014300.0,85795434685.0,4754.472,2014-09-25
2014-09-25,4826.985,4861.797,4797.271,4814.735,9233939600.0,92849405302.0,4815.71,2014-09-26
2014-09-26,4803.443,4833.802,4787.309,4829.935,7296852300.0,75214793503.0,4814.735,2014-09-29
2014-09-29,4847.816,4880.155,4847.816,4877.435,8091809100.0,82373936871.0,4829.935,2014-09-30
2014-09-30,4886.556,4921.076,4877.883,4916.119,8175504700.0,84266876755.0,4877.435,2014-10-08
2014-10-08,4935.048,4993.614,4913.679,4993.531,9035851200.0,92697659105.0,4916.119,2014-10-09
2014-10-09,4996.662,5010.825,4936.729,5004.001,10430328400.0,106970816332.0,4993.531,2014-10-10
2014-10-10,4987.042,5007.125,4952.191,4981.853,9612392700.0,98663729327.0,5004.001,2014-10-13
2014-10-13,4964.233,4982.681,4906.158,4982.681,8313454600.0,86362918234.0,4981.853,2014-10-14
2014-10-14,4978.896,5013.95,4933.595,4966.083,8229218800.0,85600756875.0,4982.681,2014-10-15
2014-10-15,4967.229,4988.178,4922.482,4987.707,8198574800.0,84289749588.0,4966.083,2014-10-16
2014-10-16,4962.581,5007.275,4906.244,4906.244,9575317500.0,97600209795.0,4987.707,2014-10-17
2014-10-17,4894.593,4914.66,4771.767,4860.732,8522981700.0,84583435055.0,4906.244,2014-10-20
2014-10-20,4873.455,4929.473,4869.877,4929.16,6459660300.0,67365828243.0,4860.732,2014-10-21
2014-10-21,4929.23,4942.459,4878.18,4884.024,6781318300.0,69276410674.0,4929.16,2014-10-22
2014-10-22,4881.512,4902.777,4821.194,4825.609,6136080800.0,64013598945.0,4884.024,2014-10-23
2014-10-23,4815.123,4832.427,4732.762,4755.231,6501240100.0,65545609739.0,4825.609,2014-10-24
2014-10-24,4757.088,4800.361,4754.886,4774.666,5633389600.0,55331137358.0,4755.231,2014-10-27
2014-10-27,4762.517,4809.942,4739.33,4809.518,5600358600.0,55268773413.0,4774.666,2014-10-28
2014-10-28,4819.55,4925.085,4819.55,4924.955,7511301400.0,76495547386.0,4809.518,2014-10-29
2014-10-29,4938.715,4999.958,4923.515,4991.755,10560867100.0,106415988228.0,4924.955,2014-10-30
2014-10-30,4988.972,5021.19,4975.786,4992.63,9916860400.0,98486130913.0,4991.755,2014-10-31
2014-10-31,4999.003,5012.26,4945.289,4986.416,9166905900.0,92182213087.0,4992.63,2014-11-03
2014-11-03,4993.171,5028.757,4992.529,5028.698,9219743500.0,91560095721.0,4986.416,2014-11-04
2014-11-04,5028.54,5036.096,4983.052,5003.47,9380765100.0,91176863840.0,5028.698,2014-11-05
2014-11-05,5004.891,5013.614,4976.131,4995.443,8467857200.0,81152275617.0,5003.47,2014-11-06
2014-11-06,4992.723,5025.226,4959.732,5024.848,7965074100.0,80227181703.0,4995.443,2014-11-07
2014-11-07,5029.797,5049.284,4956.868,4977.255,9620128500.0,97187742398.0,5024.848,2014-11-10
2014-11-10,4989.439,5031.197,4973.317,5031.001,8524291800.0,85303607050.0,4977.255,2014-11-11
2014-11-11,5038.684,5041.332,4842.497,4881.48,10650660200.0,104908838887.0,5031.001,2014-11-12
2014-11-12,4866.425,4965.384,4855.634,4965.384,7286072900.0,72056522141.0,4881.48,2014-11-13
2014-11-13,4963.732,4967.211,4889.373,4921.671,8706349800.0,88982956345.0,4965.384,2014-11-14
2014-11-14,4901.139,4920.094,4862.392,4909.609,6575380900.0,65868662494.0,4921.671,2014-11-17
2014-11-17,4925.472,4982.52,4894.649,4958.466,6843922200.0,70056723948.0,4909.609,2014-11-18
2014-11-18,4951.585,4973.855,4947.022,4967.651,6349050000.0,62652364495.0,4958.466,2014-11-19
2014-11-19,4967.636,5002.437,4959.495,4985.101,6816471500.0,68842441796.0,4967.651,2014-11-20
2014-11-20,4972.741,4990.935,4961.604,4974.626,5967675500.0,60572567731.0,4985.101,2014-11-21
2014-11-21,4975.535,5029.777,4975.444,5029.773,7286676200.0,74666845524.0,4974.626,2014-11-24
2014-11-24,5088.226,5130.028,5065.192,5112.119,11851560600.0,118607305575.0,5029.773,2014-11-25
2014-11-25,5118.689,5189.429,5106.516,5189.001,10777001600.0,113198463272.0,5112.119,2014-11-26
2014-11-26,5198.127,5215.643,5168.175,5214.21,10988009700.0,117427497336.0,5189.001,2014-11-27
2014-11-27,5229.4,5251.699,5202.764,5251.389,12058736700.0,125432953805.0,5214.21,2014-11-28
2014-11-28,5249.665,5261.164,5193.353,5245.267,12536175200.0,130492839959.0,5251.389,2014-12-01
2014-12-01,5246.428,5247.007,5181.1,5208.139,11592338900.0,120869295163.0,5245.267,2014-12-02
2014-12-02,5201.37,5278.648,5196.093,5277.657,10940700400.0,117627765454.0,5208.139,2014-12-03
2014-12-03,5284.573,5339.248,5245.358,5339.005,15294699000.0,164129646519.0,5277.657,2014-12-04
2014-12-04,5345.007,5452.335,5343.125,5451.962,15212197500.0,168985379514.0,5339.005,2014-12-05
2014-12-05,5462.757,5464.226,5185.355,5333.892,17243698200.0,192822397127.0,5451.962,2014-12-08
2014-12-08,5310.567,5435.789,5266.021,5412.674,15240200200.0,173052970205.0,5333.892,2014-12-09
2014-12-09,5392.947,5465.086,5181.517,5195.406,19760866600.0,218570643403.0,5412.674,2014-12-10
2014-12-10,5184.017,5374.227,5150.995,5374.097,13131167300.0,143553422183.0,5195.406,2014-12-11
2014-12-11,5366.208,5454.918,5341.863,5454.443,13986962800.0,152239236372.0,5374.097,2014-12-12
2014-12-12,5457.228,5498.95,5437.655,5493.2,11656282900.0,128461475257.0,5454.443,2014-12-15
2014-12-15,5485.13,5588.853,5466.79,5583.597,12968103200.0,148824933346.0,5493.2,2014-12-16
2014-12-16,5590.266,5609.681,5548.963,5606.693,12511682300.0,144130950510.0,5583.597,2014-12-17
2014-12-17,5597.88,5597.88,5488.796,5557.286,13313451100.0,150577863965.0,5606.693,2014-12-18
2014-12-18,5551.038,5598.985,5543.401,5558.045,10713899800.0,123272365978.0,5557.286,2014-12-19
2014-12-19,5554.665,5558.176,5423.753,5524.122,13338714600.0,148955810733.0,5558.045,2014-12-22
2014-12-22,5523.661,5523.963,5279.96,5305.209,15132754000.0,161634561630.0,5524.122,2014-12-23
2014-12-23,5273.99,5316.717,5187.632,5193.722,9528258800.0,104442394497.0,5305.209,2014-12-24
2014-12-24,5212.069,5263.201,5197.721,5262.365,8614574700.0,95316706929.0,5193.722,2014-12-25
2014-12-25,5279.297,5365.074,5272.319,5364.563,8976662400.0,100094604429.0,5262.365,2014-12-26
2014-12-26,5370.332,5423.346,5359.533,5422.751,10578671400.0,119120593922.0,5364.563,2014-12-29
2014-12-29,5436.488,5436.488,5330.327,5367.637,12069624100.0,136056914210.0,5422.751,2014-12-30
2014-12-30,5357.388,5366.16,5261.615,5275.085,9891032800.0,114207663760.0,5367.637,2014-12-31
2014-12-31,5274.651,5322.714,5241.362,5322.714,9368289900.0,104486026187.0,5275.085,2015-01-05
2015-01-05,5338.752,5427.231,5314.339,5417.017,12878760300.0,139343031794.0,5322.714,2015-01-06
2015-01-06,5389.903,5482.124,5354.338,5479.864,12375449600.0,140328098392.0,5417.017,2015-01-07
2015-01-07,5471.402,5492.825,5436.918,5488.242,9605049400.0,111787081649.0,5479.864,2015-01-08
2015-01-08,5482.394,5497.744,5418.011,5444.037,9563461700.0,108520980686.0,5488.242,2015-01-09
2015-01-09,5424.501,5497.689,5409.058,5409.058,9064080800.0,105390251286.0,5444.037,2015-01-12
2015-01-12,5386.584,5386.584,5303.732,5332.221,7802643000.0,89363510308.0,5409.058,2015-01-13
2015-01-13,5333.968,5407.629,5333.968,5405.091,6869376600.0,84711070629.0,5332.221,2015-01-14
2015-01-14,5404.374,5417.802,5350.165,5379.738,6708649700.0,83215914595.0,5405.091,2015-01-15
2015-01-15,5380.447,5449.255,5380.336,5449.038,6788551300.0,81580602470.0,5379.738,2015-01-16
2015-01-16,5459.185,5520.785,5454.239,5520.123,8450684400.0,104671600817.0,5449.038,2015-01-19
2015-01-19,5359.47,5475.66,5222.04,5281.895,10533627200.0,121918330584.0,5520.123,2015-01-20
2015-01-20,5303.181,5472.736,5303.181,5472.514,9193795300.0,113837154366.0,5281.895,2015-01-21
2015-01-21,5490.84,5611.982,5490.526,5611.694,11016742800.0,137794973680.0,5472.514,2015-01-22
2015-01-22,5617.609,5690.43,5610.09,5690.156,10541262100.0,134778391082.0,5611.694,2015-01-23
2015-01-23,5697.837,5699.726,5611.066,5633.289,9944033700.0,124087905095.0,5690.156,2015-01-26
2015-01-26,5644.031,5759.367,5636.204,5758.979,10129879400.0,126015650415.0,5633.289,2015-01-27
2015-01-27,5767.737,5783.99,5670.431,5773.816,11431798700.0,139606298727.0,5758.979,2015-01-28
2015-01-28,5756.682,5798.571,5722.494,5739.919,10238641500.0,123833495291.0,5773.816,2015-01-29
2015-01-29,5692.387,5739.486,5670.505,5701.205,8453858000.0,102904620083.0,5739.919,2015-01-30
2015-01-30,5708.284,5735.932,5631.565,5632.728,8059327300.0,100020597430.0,5701.205,2015-02-02
2015-02-02,5568.435,5652.667,5539.523,5609.389,7187186300.0,87828911030.0,5632.728,2015-02-03
2015-02-03,5627.399,5708.281,5627.399,5707.476,7543255900.0,98565929024.0,5609.389,2015-02-04
2015-02-04,5720.975,5734.328,5680.833,5683.519,8092671600.0,104846863054.0,5707.476,2015-02-05
2015-02-05,5741.193,5745.136,5654.217,5654.217,8832435500.0,114976816031.0,5683.519,2015-02-06
2015-02-06,5640.025,5657.662,5510.763,5534.785,7627761000.0,95597146323.0,5654.217,2015-02-09
2015-02-09,5526.144,5551.898,5492.546,5504.974,5587343800.0,71258538761.0,5534.785,2015-02-10
2015-02-10,5502.725,5581.341,5500.535,5580.704,5497376900.0,72864169333.0,5504.974,2015-02-11
2015-02-11,5587.639,5642.297,5587.44,5641.786,5805956600.0,78478438991.0,5580.704,2015-02-12
2015-02-12,5647.546,5689.743,5640.858,5681.341,6269177400.0,86260852841.0,5641.786,2015-02-13
2015-02-13,5709.156,5789.382,5709.156,5769.272,8230636700.0,110777388987.0,5681.341,2015-02-16
2015-02-16,5786.153,5870.082,5786.038,5869.713,8230557500.0,113009193538.0,5769.272,2015-02-17
2015-02-17,5888.871,5914.285,5877.948,5911.098,8093887200.0,107302052647.0,5869.713,2015-02-25
2015-02-25,5926.234,5952.709,5887.366,5906.538,8355061500.0,109965828499.0,5911.098,2015-02-26
2015-02-26,5903.262,5970.06,5897.715,5969.557,9092074400.0,113711184402.0,5906.538,2015-02-27
2015-02-27,5974.359,6025.115,5970.681,6018.463,9656068200.0,125337251201.0,5969.557,2015-03-02
2015-03-02,6064.821,6139.792,6039.254,6139.792,12723533100.0,168615019570.0,6018.463,2015-03-03
2015-03-03,6124.276,6199.497,6099.131,6118.656,14695326300.0,191869230411.0,6139.792,2015-03-04
2015-03-04,6114.694,6211.089,6114.214,6210.421,11922633400.0,159432393741.0,6118.656,2015-03-05
2015-03-05,6212.66,6217.788,6161.377,6208.988,12095908900.0,160069239733.0,6210.421,2015-03-06
2015-03-06,6214.332,6234.114,6129.622,6133.026,10931372500.0,143376389233.0,6208.988,2015-03-09
2015-03-09,6113.581,6212.57,6080.543,6212.236,9870221500.0,127801029077.0,6133.026,2015-03-10
2015-03-10,6214.519,6299.281,6205.924,6276.485,10291505900.0,135647659212.0,6212.236,2015-03-11
2015-03-11,6275.173,6281.191,6236.793,6262.892,9946245300.0,131495189042.0,6276.485,2015-03-12
2015-03-12,6273.692,6288.517,6220.631,6260.137,10182147400.0,135322669321.0,6262.892,2015-03-13
2015-03-13,6271.818,6329.701,6271.818,6329.576,9522982800.0,127280146278.0,6260.137,2015-03-16
2015-03-16,6369.197,6517.031,6369.197,6516.765,13705832000.0,189423838762.0,6329.576,2015-03-17
2015-03-17,6547.39,6635.096,6525.829,6618.054,17258333800.0,235496437807.0,6516.765,2015-03-18
2015-03-18,6624.388,6728.506,6612.457,6728.068,16461634800.0,221265197128.0,6618.054,2015-03-19
2015-03-19,6733.12,6783.14,6687.442,6782.463,16687298800.0,226098981798.0,6728.068,2015-03-20
2015-03-20,6789.058,6862.375,6786.335,6850.897,15216231900.0,218477065296.0,6782.463,2015-03-23
2015-03-23,6891.922,7017.481,6891.922,7017.154,17177813100.0,249560696810.0,6850.897,2015-03-24
2015-03-24,7042.926,7055.1,6801.545,7046.123,19706688100.0,287241225505.0,7017.154,2015-03-25
2015-03-25,7051.821,7170.826,7001.514,7124.872,16957544800.0,255698438889.0,7046.123,2015-03-26
2015-03-26,7104.036,7171.621,6995.645,7074.437,16392638000.0,246538405492.0,7124.872,2015-03-27
2015-03-27,7076.488,7167.37,7060.432,7155.945,12646098200.0,189864130776.0,7074.437,2015-03-30
2015-03-30,7180.063,7259.541,7180.063,7245.497,16321954600.0,238312214579.0,7155.945,2015-03-31
2015-03-31,7280.15,7328.851,7214.481,7253.104,16990600300.0,253293317311.0,7245.497,2015-04-01
2015-04-01,7258.831,7430.945,7258.738,7425.733,15491880600.0,237481252005.0,7253.104,2015-04-02
2015-04-02,7463.907,7561.201,7447.119,7560.648,16765094900.0,260629000508.0,7425.733,2015-04-03
2015-04-03,7532.148,7682.723,7494.362,7679.01,17012356100.0,264305090175.0,7560.648,2015-04-07
2015-04-07,7728.91,7863.595,7728.8,7863.284,18090483500.0,286054839446.0,7679.01,2015-04-08
2015-04-08,7908.77,7920.983,7674.066,7807.997,18949572700.0,307712107371.0,7863.284,2015-04-09
2015-04-09,7818.2,7818.2,7483.278,7746.151,18275474900.0,291842959033.0,7807.997,2015-04-10
2015-04-10,7727.007,7971.622,7683.8,7952.189,16150296600.0,259672639084.0,7746.151,2015-04-13
2015-04-13,7994.253,8143.382,7977.0,8122.893,17848498700.0,297003782885.0,7952.189,2015-04-14
2015-04-14,8129.728,8192.238,8039.951,8119.959,18319049700.0,298146028076.0,8122.893,2015-04-15
2015-04-15,8093.134,8093.134,7786.93,7802.747,16721102400.0,266483492173.0,8119.959,2015-04-16
2015-04-16,7705.464,7976.121,7607.4,7912.088,14324605900.0,230085191149.0,7802.747,2015-04-17
2015-04-17,7979.354,8032.075,7925.743,7980.76,19110982400.0,299254996476.0,7912.088,2015-04-20
2015-04-20,7967.033,8051.47,7801.029,7839.901,21459606500.0,330349024790.0,7980.76,2015-04-21
2015-04-21,7852.515,8113.021,7846.614,8112.687,16981040900.0,272448488963.0,7839.901,2015-04-22
2015-04-22,8180.116,8333.821,8179.302,8323.427,19915692200.0,318652486694.0,8112.687,2015-04-23
2015-04-23,8371.85,8447.925,8275.126,8410.703,19799496300.0,322874340203.0,8323.427,2015-04-24
2015-04-24,8321.328,8453.341,8256.2,8419.095,18352767600.0,304027512457.0,8410.703,2015-04-27
2015-04-27,8503.57,8576.483,8413.234,8513.016,18568553100.0,307313974984.0,8419.095,2015-04-28
2015-04-28,8533.673,8543.33,8187.155,8266.483,18425762500.0,303637308443.0,8513.016,2015-04-29
2015-04-29,8248.315,8449.701,8204.73,8428.254,14507472700.0,248413782288.0,8266.483,2015-04-30
2015-04-30,8460.394,8551.465,8458.601,8469.673,14665389100.0,252898934988.0,8428.254,2015-05-04
2015-05-04,8493.963,8532.654,8381.373,8510.481,13620460100.0,235268989084.0,8469.673,2015-05-05
2015-05-05,8501.119,8501.119,8160.656,8199.344,14422427500.0,237914882236.0,8510.481,2015-05-06
2015-05-06,8220.597,8359.296,8012.483,8082.999,12931393500.0,219298265969.0,8199.344,2015-05-07
2015-05-07,8043.008,8076.23,7886.362,7903.478,11257094100.0,179222925143.0,8082.999,2015-05-08
2015-05-08,7989.339,8201.804,7983.826,8201.293,11888757400.0,203153653220.0,7903.478,2015-05-11
2015-05-11,8292.625,8558.801,8242.098,8558.218,14857231000.0,268455218775.0,8201.293,2015-05-12
2015-05-12,8595.08,8746.21,8564.663,8745.678,16584906300.0,301031750446.0,8558.218,2015-05-13
2015-05-13,8719.584,8909.575,8643.43,8824.929,17498644100.0,317305028687.0,8745.678,2015-05-14
2015-05-14,8829.827,8878.47,8725.297,8813.393,14901785300.0,272167506940.0,8824.929,2015-05-15
2015-05-15,8790.006,8828.115,8626.229,8742.885,14371357700.0,256824534229.0,8813.393,2015-05-18
2015-05-18,8725.41,8929.944,8698.898,8903.595,14044539000.0,255350811844.0,8742.885,2015-05-19
2015-05-19,8927.387,9125.515,8904.189,9124.833,15175459200.0,270857991882.0,8903.595,2015-05-20
2015-05-20,9176.026,9429.22,9173.403,9277.331,19095596700.0,341437208676.0,9124.833,2015-05-21
2015-05-21,9320.842,9620.095,9320.23,9619.223,18717799200.0,339920131722.0,9277.331,2015-05-22
2015-05-22,9756.529,9821.811,9547.422,9778.171,22250787200.0,408872004093.0,9619.223,2015-05-25
2015-05-25,9717.511,10040.71,9659.316,10040.09,22846395400.0,415725085212.0,9778.171,2015-05-26
2015-05-26,10117.73,10373.84,10046.24,10373.58,23851427600.0,454167426028.0,10040.09,2015-05-27
2015-05-27,10421.3,10539.75,10192.18,10497.34,23261218000.0,448444546291.0,10373.58,2015-05-28
2015-05-28,10501.36,10637.91,9860.554,9868.424,25809407500.0,484525592023.0,10497.34,2015-05-29
2015-05-29,9846.389,10140.1,9433.088,9966.845,19877263800.0,365693602561.0,9868.424,2015-06-01
2015-06-01,10067.53,10488.89,10067.53,10488.31,18601613600.0,352129991083.0,9966.845,2015-06-02
2015-06-02,10592.75,10887.88,10541.28,10886.4,21323422500.0,413213449136.0,10488.31,2015-06-03
2015-06-03,10973.96,11055.21,10674.07,10979.99,20905957000.0,422516264097.0,10886.4,2015-06-04
2015-06-04,10986.42,11023.34,10269.04,10965.41,21146018900.0,416105854537.0,10979.99,2015-06-05
2015-06-05,11117.36,11236.15,10887.17,11144.52,24887460000.0,484267027835.0,10965.41,2015-06-08
2015-06-08,11157.18,11157.18,10860.39,11030.92,23563058100.0,457818555545.0,11144.52,2015-06-09
2015-06-09,11009.88,11089.2,10861.58,11013.74,18518446900.0,365243116871.0,11030.92,2015-06-10
2015-06-10,10947.4931,11319.9048,10830.3274,11208.0577,18459036400.0,375121156378.0,11013.74,2015-06-11
2015-06-11,11220.0678,11367.6331,11155.9521,11366.2931,19036798100.0,381798543810.0,11208.0577,2015-06-12
2015-06-12,11424.3345,11616.3848,11400.6514,11545.8906,21065558700.0,425433231496.0,11366.2931,2015-06-15
2015-06-15,11589.9517,11616.3497,11304.0384,11332.892,20587737900.0,425890897184.0,11545.8906,2015-06-16
2015-06-16,11205.7538,11205.7538,10768.615,10879.8358,17950384100.0,362990370958.0,11332.892,2015-06-17
2015-06-17,10865.3946,11133.1124,10497.6866,11100.5456,16003958700.0,321536145071.0,10879.8358,2015-06-18
2015-06-18,11093.2992,11178.3183,10714.3287,10731.3787,15435193900.0,307393311194.0,11100.5456,2015-06-19
2015-06-19,10475.9215,10601.0427,9968.9918,9987.4074,13784861100.0,260339529543.0,10731.3787,2015-06-23
2015-06-23,9951.7822,10074.8264,9333.9096,10046.8849,14104583900.0,255196431887.0,9987.4074,2015-06-24
2015-06-24,10136.2543,10271.231,9950.6181,10267.6266,15820943900.0,300642771685.0,10046.8849,2015-06-25
2015-06-25,10298.5576,10343.0542,9771.89,9906.1037,16407338300.0,314829259196.0,10267.6266,2015-06-26
2015-06-26,9571.555,9603.1273,9059.3579,9078.0648,14507658600.0,247206315502.0,9906.1037,2015-06-29
2015-06-29,9267.0283,9281.1722,8339.3301,8484.6434,18165277800.0,291293816729.0,9078.0648,2015-06-30
2015-06-30,8302.1812,8912.3967,7882.3288,8906.0202,19556853500.0,306723439347.0,8484.6434,2015-07-01
2015-07-01,8808.5142,9103.0927,8385.4325,8411.9097,17129742600.0,287642385805.0,8906.0202,2015-07-02
2015-07-02,8369.492,8433.5238,7787.0991,7835.1035,15697383500.0,236427497483.0,8411.9097,2015-07-03
2015-07-03,7530.2654,7930.1456,7249.3088,7355.491,15610599300.0,211908122079.0,7835.1035,2015-07-06
2015-07-06,7842.4287,7842.4287,6883.6138,7235.999,23075438500.0,295173221184.0,7355.491,2015-07-07
2015-07-07,6977.5478,7030.9781,6763.1184,6763.5263,11411596100.0,130756874731.0,7235.999,2015-07-08
2015-07-08,6444.6672,6702.2787,6444.2478,6602.3735,27534075900.0,306332690164.0,6763.5263,2015-07-09
2015-07-09,6525.1212,6896.4927,6525.1212,6896.3516,9581574700.0,113774457717.0,6602.3735,2015-07-10
2015-07-10,7101.8176,7245.3276,7081.3543,7244.7842,7214119400.0,92427698864.0,6896.3516,2015-07-13
2015-07-13,7563.3803,7695.6691,7502.551,7695.6351,12457767900.0,174731605977.0,7244.7842,2015-07-14
2015-07-14,7853.9972,8076.1908,7772.3932,7859.0574,16738370300.0,249877916438.0,7695.6351,2015-07-15
2015-07-15,7836.0835,7837.8439,7391.9596,7405.2945,16426765800.0,231734125045.0,7859.0574,2015-07-16
2015-07-16,7342.8309,7729.6972,7078.7104,7578.7585,14201307900.0,200520466124.0,7405.2945,2015-07-17
2015-07-17,7629.782,8050.7281,7620.1615,7994.6971,13937737000.0,208394145742.0,7578.7585,2015-07-20
2015-07-20,8025.1042,8250.398,7931.6512,8116.4956,16213184000.0,252542559295.0,7994.6971,2015-07-21
2015-07-21,8011.9037,8291.9267,7937.629,8220.4627,14309759300.0,222962314892.0,8116.4956,2015-07-22
2015-07-22,8207.1733,8354.3846,8075.5953,8320.2364,16116584700.0,250461708056.0,8220.4627,2015-07-23
2015-07-23,8330.4701,8585.8005,8288.8417,8551.9909,17749496600.0,273744551495.0,8320.2364,2015-07-24
2015-07-24,8580.6465,8706.2517,8348.4175,8425.0739,19694787500.0,319783661632.0,8551.9909,2015-07-27
2015-07-27,8240.6784,8493.3478,7791.6,7794.1809,17174004300.0,277807584726.0,8425.0739,2015-07-28
2015-07-28,7514.1481,7893.9378,7261.6068,7649.8199,18029433000.0,265548850716.0,7794.1809,2015-07-29
2015-07-29,7765.9486,8024.5768,7472.6332,8022.7956,13274524500.0,207022688446.0,7649.8199,2015-07-30
2015-07-30,7979.569,8174.7014,7766.4615,7800.5799,14192870000.0,228327429649.0,8022.7956,2015-07-31
2015-07-31,7692.4784,7876.6449,7634.5383,7727.0608,10783413600.0,169763023826.0,7800.5799,2015-08-03
2015-08-03,7605.8946,7658.1731,7370.0427,7540.2053,11236458900.0,165121586439.0,7727.0608,2015-08-04
2015-08-04,7548.0292,7942.268,7532.8293,7942.0952,11718032000.0,175497238377.0,7540.2053,2015-08-05
2015-08-05,7933.3173,8047.6955,7773.9241,7839.3375,11999976700.0,186153219755.0,7942.0952,2015-08-06
2015-08-06,7660.5828,7891.5641,7633.2891,7792.0278,9005828000.0,137351466599.0,7839.3375,2015-08-07
2015-08-07,7874.4155,8015.3656,7855.6836,8013.3187,10946966300.0,170596071393.0,7792.0278,2015-08-10
2015-08-10,8106.1198,8437.915,8079.8769,8394.0862,14531737000.0,230799530818.0,8013.3187,2015-08-11
2015-08-11,8402.3187,8551.5288,8356.5234,8435.3271,16243482500.0,263074578261.0,8394.0862,2015-08-12
2015-08-12,8342.6055,8490.2695,8320.054,8336.3365,13268064600.0,217931592252.4,8435.3271,2015-08-13
2015-08-13,8287.7712,8535.3675,8237.8924,8534.4288,13365028400.0,216706928139.2,8336.3365,2015-08-14
2015-08-14,8599.7743,8717.0694,8548.3365,8625.2423,16071307300.0,262365904872.8,8534.4288,2015-08-17
2015-08-17,8613.2857,8820.9831,8582.829,8820.4567,16201328100.0,264346701634.1,8625.2423,2015-08-18
2015-08-18,8842.1622,8858.3304,8140.9096,8161.2687,18439570000.0,295325451886.6,8820.4567,2015-08-19
2015-08-19,7865.6345,8404.9413,7667.3189,8340.9828,16262225000.0,247735547201.2,8161.2687,2015-08-20
2015-08-20,8255.9309,8376.6647,8049.5116,8049.5116,13831446700.0,215501673922.5,8340.9828,2015-08-21
2015-08-21,7884.3047,8006.2933,7583.7036,7612.9024,13456109300.0,193789999182.0,8049.5116,2015-08-24
2015-08-24,7255.2947,7292.7714,7003.6553,7006.1885,9219222300.0,123506310398.0,7612.9024,2015-08-25
2015-08-25,6496.1065,6666.81,6467.8136,6481.4117,10416229100.0,127802811338.5,7006.1885,2015-08-26
2015-08-26,6470.0016,6687.5272,6165.1072,6238.5256,14919720900.0,178116573173.7,6481.4117,2015-08-27
2015-08-27,6344.9548,6457.864,6099.1669,6456.0548,12493233800.0,148108251801.8,6238.5256,2015-08-28
2015-08-28,6554.7552,6844.4514,6512.6968,6842.8938,14275851600.0,178364904065.7,6456.0548,2015-08-31
2015-08-31,6791.4192,6791.4192,6578.3538,6581.3127,11625855100.0,148296837948.1,6842.8938,2015-09-01
2015-09-01,6507.875,6507.875,6161.0318,6169.2072,9866792900.0,112818462237.8,6581.3127,2015-09-02
2015-09-02,5878.2072,6314.2903,5866.6644,6122.5533,11503272300.0,130640199082.8,6169.2072,2015-09-07
2015-09-07,6187.6901,6379.1975,6094.4895,6143.5566,10244707000.0,123125437095.5,6122.5533,2015-09-08
2015-09-08,6096.0144,6387.3613,6014.5682,6374.8551,8550983700.0,99580930222.8,6143.5566,2015-09-09
2015-09-09,6408.6714,6609.9432,6380.2503,6551.0072,15009782600.0,185118480388.5,6374.8551,2015-09-10
2015-09-10,6434.5309,6565.1624,6407.1191,6440.3093,10641517900.0,129231793295.8,6551.0072,2015-09-11
2015-09-11,6423.5209,6523.1898,6385.3094,6493.3191,9257202800.0,113349226593.9,6440.3093,2015-09-14
2015-09-14,6535.2625,6554.3839,6018.4438,6049.7904,11911366500.0,138102009146.1,6493.3191,2015-09-15
2015-09-15,5886.2683,5996.2168,5689.9713,5708.0299,9342742600.0,97459797316.8,6049.7904,2015-09-16
2015-09-16,5722.5312,6107.3706,5704.1216,6084.8367,10495292200.0,113350094870.0,5708.0299,2015-09-17
2015-09-17,6057.8682,6242.2478,5965.409,5965.409,12783572900.0,145294763247.4,6084.8367,2015-09-18
2015-09-18,6007.4586,6073.5497,5934.0962,6036.8814,8365211000.0,94611596751.1,5965.409,2015-09-21
2015-09-21,5966.2943,6251.6182,5943.5899,6250.4393,10543393000.0,123113395119.0,6036.8814,2015-09-22
2015-09-22,6264.0572,6362.0484,6215.5717,6295.9258,11868962500.0,142488548294.9,6250.4393,2015-09-23
2015-09-23,6192.326,6302.6435,6162.9716,6224.6006,10124732500.0,121883142431.8,6295.9258,2015-09-24
2015-09-24,6250.0879,6324.3139,6227.3904,6315.1101,9329019100.0,111994625943.4,6224.6006,2015-09-25
2015-09-25,6294.2021,6336.4285,6064.7227,6108.3764,9894203200.0,115277170384.0,6315.1101,2015-09-28
2015-09-28,6118.2262,6221.0096,6020.4569,6219.6917,6773715800.0,81183133596.7,6108.3764,2015-09-29
2015-09-29,6114.4796,6183.8267,6065.854,6103.6058,6857949400.0,81630154383.1,6219.6917,2015-09-30
2015-09-30,6139.1395,6165.7463,6066.8339,6123.7274,5649767100.0,69580036128.8,6103.6058,2015-10-08
2015-10-08,6322.5352,6409.7407,6281.5308,6372.4924,9490731900.0,117653246783.0,6123.7274,2015-10-09
2015-10-09,6369.7521,6495.2932,6353.042,6470.0514,9971166500.0,122666453340.0,6372.4924,2015-10-12
2015-10-12,6505.9119,6788.3986,6501.7592,6718.7221,15361987700.0,194872549236.0,6470.0514,2015-10-13
2015-10-13,6672.6608,6816.7761,6650.6146,6802.0769,13297752200.0,167008508623.7,6718.7221,2015-10-14
2015-10-14,6772.458,6842.8738,6709.345,6724.4957,12588245000.0,162532619309.2,6802.0769,2015-10-15
2015-10-15,6694.0666,6929.4757,6694.0666,6929.2374,13179506700.0,176735004062.7,6724.4957,2015-10-16
2015-10-16,6979.6769,7052.141,6883.1986,7047.5599,16450996900.0,214655812656.3,6929.2374,2015-10-19
2015-10-19,7072.3592,7113.6628,6951.7989,7047.3718,15600793200.0,213219886108.6,7047.5599,2015-10-20
2015-10-20,7033.2048,7163.2605,6996.5636,7162.0754,13806279100.0,191314747783.5,7047.3718,2015-10-21
2015-10-21,7159.1322,7186.5415,6689.268,6712.7386,17816918100.0,238182075863.0,7162.0754,2015-10-22
2015-10-22,6708.2144,6970.6762,6700.6192,6964.2976,13547090000.0,184022576282.9,6712.7386,2015-10-23
2015-10-23,7015.6225,7169.3692,6988.5514,7138.2344,15889896200.0,231325502050.7,6964.2976,2015-10-26
2015-10-26,7223.1545,7233.3568,7088.5675,7186.7548,16330471500.0,236116326942.6,7138.2344,2015-10-27
2015-10-27,7123.0832,7266.7772,6900.438,7231.4362,14744128200.0,210782331637.8,7186.7548,2015-10-28
2015-10-28,7179.988,7270.7891,7019.6089,7048.8952,13272422000.0,194118701079.8,7231.4362,2015-10-29
2015-10-29,7097.1881,7185.2073,7011.8633,7108.9748,11074126900.0,162166873668.1,7048.8952,2015-10-30
2015-10-30,7088.8059,7185.5247,6984.5009,7084.9706,11006955200.0,164366270108.9,7108.9748,2015-11-02
2015-11-02,6936.3688,7137.0519,6914.1472,6936.4315,10720432300.0,157872557428.4,7084.9706,2015-11-03
2015-11-03,6956.8927,6998.0505,6860.4393,6920.1029,8910533900.0,131475724727.5,6936.4315,2015-11-04
2015-11-04,6953.8672,7268.3987,6953.8672,7267.9884,13920839700.0,203475230211.0,6920.1029,2015-11-05
2015-11-05,7277.0956,7364.5113,7225.6447,7276.4505,18519177300.0,268748054009.0,7267.9884,2015-11-06
2015-11-06,7284.8672,7456.2357,7284.7055,7446.8471,15269327200.0,225629351098.0,7276.4505,2015-11-09
2015-11-09,7415.7567,7593.1676,7350.8613,7543.8014,17752009700.0,269313950539.7,7446.8471,2015-11-10
2015-11-10,7517.4079,7633.0067,7486.8466,7575.0084,16573754200.0,251903189662.7,7543.8014,2015-11-11
2015-11-11,7589.6642,7686.3021,7556.3723,7684.666,15208617000.0,227282275299.2,7575.0084,2015-11-12
2015-11-12,7712.6357,7739.6538,7579.6716,7682.4517,16228029300.0,254056873107.3,7684.666,2015-11-13
2015-11-13,7601.1459,7665.1381,7478.4134,7567.108,14755926100.0,231879005774.4,7682.4517,2015-11-16
2015-11-16,7438.4046,7719.7025,7431.7399,7718.8548,11691995900.0,187602744776.9,7567.108,2015-11-17
2015-11-17,7787.0753,7820.0237,7635.9235,7650.3808,16275088200.0,258976592754.4,7718.8548,2015-11-18
2015-11-18,7655.3265,7699.6093,7504.9889,7526.9417,12569000600.0,191824420464.0,7650.3808,2015-11-19
2015-11-19,7552.9959,7719.5205,7538.281,7718.6217,11052002500.0,175807200465.1,7526.9417,2015-11-20
2015-11-20,7741.6774,7844.0611,7720.1642,7806.2655,14607617800.0,234536702466.9,7718.6217,2015-11-23
2015-11-23,7816.8494,7876.4815,7710.0538,7744.1822,14238345400.0,227603819179.3,7806.2655,2015-11-24
2015-11-24,7739.0896,7799.0107,7635.7806,7798.4975,11025855800.0,168541291742.6,7744.1822,2015-11-25
2015-11-25,7803.2899,7925.5356,7795.1638,7922.3841,12443550100.0,206535891531.2,7798.4975,2015-11-26
2015-11-26,7962.1692,7974.7352,7859.6331,7874.0797,14040461500.0,229452321501.6,7922.3841,2015-11-27
2015-11-27,7839.3123,7852.0,7317.6454,7376.1243,15297048900.0,234340602090.0,7874.0797,2015-11-30
2015-11-30,7388.2799,7467.4672,7035.5474,7408.3988,12923402300.0,196799522008.2,7376.1243,2015-12-01
2015-12-01,7403.9422,7519.9368,7358.3652,7443.9452,11300867900.0,173439123366.9,7408.3988,2015-12-02
2015-12-02,7423.4976,7444.2217,7201.6591,7405.8596,10264747500.0,149757640118.6,7443.9452,2015-12-03
2015-12-03,7413.2182,7571.4456,7412.655,7570.5077,9532941200.0,142963965924.5,7405.8596,2015-12-04
2015-12-04,7533.6124,7600.3428,7464.2772,7511.6749,10136253500.0,154876247992.0,7570.5077,2015-12-07
2015-12-07,7526.2232,7602.7699,7476.1912,7602.2276,9288129600.0,146830353645.6,7511.6749,2015-12-08
2015-12-08,7555.4633,7555.4633,7398.5577,7404.142,9493882300.0,147230040603.8,7602.2276,2015-12-09
2015-12-09,7369.1077,7431.04,7322.8674,7374.2742,8329999100.0,132301271629.6,7404.142,2015-12-10
2015-12-10,7374.3548,7437.7063,7332.9804,7350.2098,7899042400.0,129506622913.3,7374.2742,2015-12-11
2015-12-11,7320.1584,7347.3599,7253.8424,7290.7017,7213228700.0,111880425975.5,7350.2098,2015-12-14
2015-12-14,7224.8086,7441.763,7210.4103,7441.0301,7995728800.0,119228862265.1,7290.7017,2015-12-15
2015-12-15,7448.7137,7534.2239,7447.1075,7498.1813,8602149000.0,134207824296.9,7441.0301,2015-12-16
2015-12-16,7522.729,7574.6487,7503.0859,7529.4028,8535116900.0,138082610030.8,7498.1813,2015-12-17
2015-12-17,7570.6695,7716.4756,7570.6695,7716.246,13005476500.0,199820574462.9,7529.4028,2015-12-18
2015-12-18,7708.3354,7746.512,7650.5564,7699.37,11441690900.0,183995263802.4,7716.246,2015-12-21
2015-12-21,7698.4429,7798.0846,7692.096,7788.5639,11501500300.0,180730410255.1,7699.37,2015-12-22
2015-12-22,7810.9957,7856.9481,7752.697,7856.6081,11159250800.0,175826885092.6,7788.5639,2015-12-23
2015-12-23,7859.1316,7881.2945,7756.3284,7773.2825,11816630900.0,186904470878.3,7856.6081,2015-12-24
2015-12-24,7760.3777,7778.9364,7635.7842,7753.0367,9150934100.0,141331213219.2,7773.2825,2015-12-25
2015-12-25,7759.8365,7805.053,7738.8672,7792.1244,8125352000.0,128807084413.9,7753.0367,2015-12-28
2015-12-28,7815.3823,7837.6298,7603.3609,7603.3609,10981351500.0,170493740379.3,7792.1244,2015-12-29
2015-12-29,7591.7137,7675.3079,7545.352,7674.3881,7729253000.0,120873940017.1,7603.3609,2015-12-30
2015-12-30,7693.0217,7747.3509,7664.2806,7741.0472,8553323200.0,139407264187.1,7674.3881,2015-12-31
2015-12-31,7745.6377,7763.2964,7617.3853,7617.689,7978152300.0,132286915826.3,7741.0472,2016-01-04
2016-01-04,7615.5139,7624.1008,6983.2854,6983.4044,7801499900.0,115089029547.8,7617.689,2016-01-05
2016-01-05,6663.7264,7020.5409,6627.6416,6889.7414,11342822500.0,156717298586.1,6983.4044,2016-01-06
2016-01-06,6916.5318,7066.0848,6878.6539,7065.6068,10093042700.0,136351475197.3,6889.7414,2016-01-07
2016-01-07,6937.4161,6937.4161,6454.9732,6462.2428,2842674200.0,34781544776.6,7065.6068,2016-01-08
2016-01-08,6618.0809,6689.1413,6222.5929,6570.4316,11112960500.0,138934000171.4,6462.2428,2016-01-11
2016-01-11,6435.8944,6529.8788,6128.2225,6128.6558,11560073600.0,133119641103.9,6570.4316,2016-01-12
2016-01-12,6126.6696,6205.5914,5994.6361,6136.6632,9190522000.0,105727199662.4,6128.6558,2016-01-13
2016-01-13,6168.9869,6226.5409,5924.044,5924.044,8612340200.0,98456702874.6,6136.6632,2016-01-14
2016-01-14,5734.6075,6137.507,5726.8834,6124.8202,9225144600.0,104255125840.7,5924.044,2016-01-15
2016-01-15,6078.6153,6135.2708,5852.2411,5893.6815,8863053900.0,102277307350.7,6124.8202,2016-01-18
2016-01-18,5768.7577,6051.1817,5765.1458,5978.9076,7246978900.0,86980313690.3,5893.6815,2016-01-19
2016-01-19,5965.3551,6203.3998,5956.2253,6197.0947,8798101500.0,106185500293.0,5978.9076,2016-01-20
2016-01-20,6161.2319,6244.9612,6095.7216,6138.5031,9194751800.0,113394506634.8,6197.0947,2016-01-21
2016-01-21,6031.1695,6191.3173,5886.8835,5886.8835,8188276500.0,100555303500.6,6138.5031,2016-01-22
2016-01-22,5954.3643,6013.9706,5799.7117,5980.6111,6983070900.0,84429369083.6,5886.8835,2016-01-25
2016-01-25,6034.0844,6093.2693,5976.3363,6041.3261,6530851400.0,78677683156.3,5980.6111,2016-01-26
2016-01-26,5966.7049,5982.4993,5573.8266,5589.3069,8544391700.0,98104095983.1,6041.3261,2016-01-27
2016-01-27,5604.1667,5628.1856,5240.6457,5514.1886,8792411800.0,95354931801.4,5589.3069,2016-01-28
2016-01-28,5441.7378,5511.3206,5257.0812,5271.2325,6733807600.0,73152739267.2,5514.1886,2016-01-29
2016-01-29,5262.4596,5515.4864,5248.215,5469.1254,7235909100.0,78303710590.9,5271.2325,2016-02-01
2016-02-01,5458.6048,5493.9818,5319.7007,5399.4771,6471611400.0,70863332934.5,5469.1254,2016-02-02
2016-02-02,5407.7068,5594.3607,5407.6681,5586.6266,6657196200.0,75674180029.0,5399.4771,2016-02-03
2016-02-03,5520.6415,5634.9198,5482.2247,5610.1734,6328072600.0,70624920617.2,5586.6266,2016-02-04
2016-02-04,5631.3198,5744.0236,5631.3198,5721.4853,7108398200.0,83226216373.4,5610.1734,2016-02-05
2016-02-05,5734.4807,5747.9794,5662.4365,5664.1971,5607554500.0,65321968978.5,5721.4853,2016-02-15
2016-02-15,5485.723,5700.5221,5482.7957,5668.0398,5363125300.0,63351303195.7,5664.1971,2016-02-16
2016-02-16,5694.7487,5918.5932,5694.7487,5902.5341,8287714300.0,98534904806.9,5668.0398,2016-02-17
2016-02-17,5889.5021,5979.4073,5854.2197,5971.4123,9058252000.0,107857008106.8,5902.5341,2016-02-18
2016-02-18,6009.7485,6034.8519,5945.204,5957.1305,9371479800.0,110109734502.3,5971.4123,2016-02-19
2016-02-19,5939.6973,6009.724,5919.6832,5979.5164,7038049900.0,86849115988.6,5957.1305,2016-02-22
2016-02-22,6055.6751,6111.6899,6029.4589,6103.7225,9432052000.0,110801609577.2,5979.5164,2016-02-23
2016-02-23,6102.5122,6118.6447,5982.211,6070.4998,8787487600.0,106556791415.2,6103.7225,2016-02-24
2016-02-24,6041.7529,6116.2549,5975.1403,6111.0427,8981957900.0,111114133800.6,6070.4998,2016-02-25
2016-02-25,6097.4199,6097.5442,5604.1035,5626.0522,11066865300.0,129597084427.1,6111.0427,2016-02-26
2016-02-26,5668.329,5701.0506,5517.6299,5648.9376,7985789500.0,91756326916.9,5626.0522,2016-02-29
2016-02-29,5618.5094,5618.5094,5286.3446,5350.4337,8670315300.0,93375908217.6,5648.9376,2016-03-01
2016-03-01,5361.7919,5504.7514,5294.5438,5473.6349,8080357100.0,87222593762.6,5350.4337,2016-03-02
2016-03-02,5464.7331,5763.7994,5462.7415,5753.1482,11067195200.0,117963208755.2,5473.6349,2016-03-03
2016-03-03,5757.3608,5872.9242,5745.6227,5776.977,12852736000.0,136298622525.6,5753.1482,2016-03-04
2016-03-04,5755.1192,5805.4085,5542.9828,5621.5614,10882994800.0,117455003081.4,5776.977,2016-03-07
2016-03-07,5686.6863,5788.4718,5681.8474,5752.5482,8717058100.0,94467279705.3,5621.5614,2016-03-08
2016-03-08,5751.3875,5764.3253,5538.1512,5764.3253,9814965600.0,106368707875.4,5752.5482,2016-03-09
2016-03-09,5627.1384,5709.5166,5583.0666,5617.0376,7261532300.0,80804882923.7,5764.3253,2016-03-10
2016-03-10,5617.4152,5657.2629,5517.0161,5521.948,5955941100.0,67298081386.6,5617.0376,2016-03-11
2016-03-11,5460.5423,5545.3432,5433.3223,5508.9818,4980002200.0,55449986936.4,5521.948,2016-03-14
2016-03-14,5568.464,5748.3333,5568.464,5690.5904,7999741800.0,95153496604.1,5508.9818,2016-03-15
2016-03-15,5672.7536,5701.5681,5608.9982,5639.8012,6626890000.0,82607046675.0,5690.5904,2016-03-16
2016-03-16,5662.4386,5689.281,5531.3341,5562.8037,5748733200.0,69542980638.9,5639.8012,2016-03-17
2016-03-17,5589.2203,5759.5403,5579.725,5745.975,8457575800.0,106177927914.4,5562.8037,2016-03-18
2016-03-18,5774.3034,5967.4592,5768.9081,5949.2627,12516034100.0,157756130598.1,5745.975,2016-03-21
2016-03-21,6016.6943,6100.032,6001.3219,6099.4805,13182551400.0,166761329283.8,5949.2627,2016-03-22
2016-03-22,6045.8393,6130.2647,6013.0489,6075.4922,10772165400.0,139915752244.9,6099.4805,2016-03-23
2016-03-23,6054.2224,6119.3058,6031.2721,6118.9664,8966132400.0,118558592212.8,6075.4922,2016-03-24
2016-03-24,6062.7577,6127.5122,6008.5416,6018.4242,10143974300.0,134875739391.7,6118.9664,2016-03-25
2016-03-25,6006.6685,6081.0923,5996.5377,6077.4312,7823131200.0,103214951247.4,6018.4242,2016-03-28
2016-03-28,6114.7665,6167.2381,6017.4883,6037.7782,9378233000.0,124277859798.7,6077.4312,2016-03-29
2016-03-29,6029.9433,6041.3823,5875.0699,5921.8672,7900397500.0,99950096209.5,6037.7782,2016-03-30
2016-03-30,5981.4209,6137.7915,5981.4209,6137.5034,8806129200.0,116510738653.0,5921.8672,2016-03-31
2016-03-31,6164.281,6211.1386,6133.5955,6155.8138,9491572200.0,130216390845.4,6137.5034,2016-04-01
2016-04-01,6129.7241,6157.7401,6022.9698,6124.5278,8521953300.0,109236062242.6,6155.8138,2016-04-05
2016-04-05,6136.6854,6293.4695,6117.1766,6286.5826,10554304900.0,137359798703.5,6124.5278,2016-04-06
2016-04-06,6262.6013,6324.2045,6243.1129,6323.4342,10467457900.0,139410353254.3,6286.5826,2016-04-07
2016-04-07,6344.3677,6355.3277,6228.9737,6228.9737,10992715000.0,145352446359.3,6323.4342,2016-04-08
2016-04-08,6176.8641,6199.1468,6087.104,6168.7419,8867017300.0,117273506090.2,6228.9737,2016-04-11
2016-04-11,6226.381,6334.536,6226.381,6304.3004,10219997800.0,136135424290.3,6168.7419,2016-04-12
2016-04-12,6299.472,6316.248,6182.8182,6252.7729,8706176700.0,118671124387.9,6304.3004,2016-04-13
2016-04-13,6292.5692,6421.7271,6292.5692,6344.2255,13298998400.0,168481933211.3,6252.7729,2016-04-14
2016-04-14,6375.4939,6402.509,6324.4635,6401.8545,9908817600.0,126151603481.7,6344.2255,2016-04-15
2016-04-15,6403.2525,6414.7939,6345.5538,6384.3496,8279805500.0,108425432303.8,6401.8545,2016-04-18
2016-04-18,6343.7013,6343.7013,6241.9826,6281.2024,8040047200.0,106856003924.3,6384.3496,2016-04-19
2016-04-19,6314.5816,6334.904,6262.6116,6308.229,6943866700.0,94250908350.2,6281.2024,2016-04-20
2016-04-20,6331.8699,6344.7813,5923.4332,6022.2126,11732538700.0,151256619539.5,6308.229,2016-04-21
2016-04-21,6000.3047,6085.9349,5960.504,5970.682,8480859200.0,106421755467.1,6022.2126,2016-04-22
2016-04-22,5930.531,6011.4595,5915.3057,6011.3201,6232381100.0,80109649141.1,5970.682,2016-04-25
2016-04-25,5997.2134,5997.2189,5897.7351,5978.0772,5703433300.0,73555799591.1,6011.3201,2016-04-26
2016-04-26,5971.8051,6047.0641,5958.4005,6046.7734,5605530500.0,73373212044.8,5978.0772,2016-04-27
2016-04-27,6051.4431,6086.3639,6005.1631,6016.699,6073158100.0,80741694223.2,6046.7734,2016-04-28
2016-04-28,6014.1258,6027.1966,5888.0639,5990.3285,6043070100.0,79015956809.3,6016.699,2016-04-29
2016-04-29,5963.9077,6018.2657,5953.131,5985.594,4970418800.0,66777694275.2,5990.3285,2016-05-03
2016-05-03,5991.8294,6167.7976,5960.9405,6167.4537,7583105900.0,103426188795.2,5985.594,2016-05-04
2016-05-04,6144.5691,6213.1931,6136.3005,6169.7826,7455574000.0,105223343952.6,6167.4537,2016-05-05
2016-05-05,6159.7265,6206.5295,6133.3802,6203.8166,6455896700.0,91831346308.2,6169.7826,2016-05-06
2016-05-06,6208.4401,6226.8759,5961.4591,5961.489,9805691800.0,130809579269.8,6203.8166,2016-05-09
2016-05-09,5910.124,5910.124,5714.1191,5743.6473,7823338100.0,96969986067.8,5961.489,2016-05-10
2016-05-10,5728.1084,5766.1568,5697.0927,5738.8961,5265774500.0,66883087274.5,5743.6473,2016-05-11
2016-05-11,5770.3526,5806.4691,5700.0955,5723.4104,5801112600.0,76234410711.7,5738.8961,2016-05-12
2016-05-12,5647.0653,5727.5784,5559.693,5726.4555,5821581400.0,74358072551.9,5723.4104,2016-05-13
2016-05-13,5708.6277,5779.8921,5677.9415,5714.3107,5307673600.0,70802834354.9,5726.4555,2016-05-16
2016-05-16,5692.6051,5813.0362,5665.2063,5812.5423,5796089800.0,76918597408.3,5714.3107,2016-05-17
2016-05-17,5814.1028,5853.6109,5763.5055,5790.3416,6526013800.0,88432065960.6,5812.5423,2016-05-18
2016-05-18,5743.0332,5743.0332,5563.0572,5631.1927,6370485600.0,79484187005.3,5790.3416,2016-05-19
2016-05-19,5628.7267,5729.4001,5628.6462,5666.7331,5643894000.0,76915663734.6,5631.1927,2016-05-20
2016-05-20,5619.9362,5733.2495,5600.492,5732.9018,5593607600.0,76729349143.9,5666.7331,2016-05-23
2016-05-23,5752.1453,5811.6842,5752.0785,5809.4761,6277779200.0,85829084666.8,5732.9018,2016-05-24
2016-05-24,5800.0034,5800.1706,5701.6635,5743.1782,5795641600.0,76372608104.4,5809.4761,2016-05-25
2016-05-25,5780.266,5803.9847,5691.6085,5715.1834,5330295600.0,74090916117.1,5743.1782,2016-05-26
2016-05-26,5705.0725,5744.8548,5598.6616,5744.3876,5966572700.0,79416816225.2,5715.1834,2016-05-27
2016-05-27,5728.9033,5780.0682,5712.4793,5739.5897,5998470400.0,80771652279.3,5744.3876,2016-05-30
2016-05-30,5705.9957,5764.7614,5655.6352,5711.3152,4888800300.0,65125799190.0,5739.5897,2016-05-31
2016-05-31,5721.8261,5947.4279,5721.8261,5947.3224,9523807200.0,123903097325.0,5711.3152,2016-06-01
2016-06-01,5957.1761,6013.9035,5949.6366,5973.7799,9451398700.0,130683567719.2,5947.3224,2016-06-02
2016-06-02,5961.7154,6014.6099,5955.3472,6013.8942,8124530800.0,108782016816.1,5973.7799,2016-06-03
2016-06-03,6016.9487,6062.1379,5992.3207,6032.603,8484351400.0,117598513465.3,6013.8942,2016-06-06
2016-06-06,6051.9476,6067.4652,6008.9257,6051.8595,7355282000.0,102119302871.2,6032.603,2016-06-07
2016-06-07,6048.3198,6052.0491,6010.3535,6045.3571,6959825800.0,95045442990.1,6051.8595,2016-06-08
2016-06-08,6037.4133,6058.1769,5972.7439,6023.8776,7349816300.0,102105515520.0,6045.3571,2016-06-13
2016-06-13,5943.7334,5992.3346,5745.9998,5746.4438,8713985700.0,117810313153.2,6023.8776,2016-06-14
2016-06-14,5723.9941,5778.8537,5700.5226,5762.7612,6203270400.0,81369911479.6,5746.4438,2016-06-15
2016-06-15,5701.3881,5972.8525,5692.8145,5952.846,9087860500.0,122434527649.1,5762.7612,2016-06-16
2016-06-16,5945.4943,5979.1155,5909.6871,5930.5454,9603146000.0,133397133792.7,5952.846,2016-06-17
2016-06-17,5937.3204,6002.6166,5918.1931,5964.2724,8906684100.0,118152309405.7,5930.5454,2016-06-20
2016-06-20,5965.8246,5994.9995,5908.4815,5985.5691,7453014500.0,100491970325.1,5964.2724,2016-06-21
2016-06-21,6023.9225,6053.4091,5888.3583,5916.8032,8814068600.0,118730709104.3,5985.5691,2016-06-22
2016-06-22,5901.1504,6009.0569,5895.9138,6008.8857,7241714500.0,93026461913.5,5916.8032,2016-06-23
2016-06-23,5998.6728,6015.182,5933.6833,5978.1737,7797955600.0,103604366491.9,6008.8857,2016-06-24
2016-06-24,5967.5154,6011.3713,5748.8387,5903.6202,9841986800.0,125507974957.0,5978.1737,2016-06-27
2016-06-27,5864.726,6044.3229,5864.6141,6044.2191,8404790700.0,111586009782.5,5903.6202,2016-06-28
2016-06-28,6018.912,6111.0708,6012.0512,6107.5105,9495272300.0,127682933115.2,6044.2191,2016-06-29
2016-06-29,6130.576,6145.0001,6100.084,6120.2021,9305521800.0,121775346891.2,6107.5105,2016-06-30
2016-06-30,6127.9892,6143.2323,6090.9036,6123.4939,7729966100.0,103442608063.4,6120.2021,2016-07-01
2016-07-01,6133.7178,6163.4256,6095.85,6111.5385,7381443300.0,96454340220.7,6123.4939,2016-07-04
2016-07-04,6079.5844,6240.603,6078.6278,6231.8811,10007819100.0,125652740518.6,6111.5385,2016-07-05
2016-07-05,6244.387,6276.8212,6226.2952,6269.5046,10792880000.0,136874960639.0,6231.8811,2016-07-06
2016-07-06,6250.4887,6299.7335,6231.5408,6297.3969,9506962200.0,121875951292.7,6269.5046,2016-07-07
2016-07-07,6291.0571,6342.4345,6256.272,6319.7926,11245359700.0,151625609210.9,6297.3969,2016-07-08
2016-07-08,6308.0623,6337.0713,6276.8299,6299.8533,8806474100.0,116856242481.6,6319.7926,2016-07-11
2016-07-11,6320.0629,6387.0702,6306.1335,6312.4988,10366286600.0,139771393776.2,6299.8533,2016-07-12
2016-07-12,6309.819,6395.4352,6248.934,6395.1448,11687378800.0,148468566389.0,6312.4988,2016-07-13
2016-07-13,6413.8122,6456.7724,6392.3995,6446.5634,11212208100.0,143467356701.4,6395.1448,2016-07-14
2016-07-14,6437.277,6458.288,6410.3989,6455.5827,9527158100.0,124877339065.6,6446.5634,2016-07-15
2016-07-15,6459.6255,6469.0454,6409.7969,6441.0159,9319290400.0,120337712840.6,6455.5827,2016-07-18
2016-07-18,6426.8558,6455.459,6379.0647,6412.0731,8933062800.0,116299508439.4,6441.0159,2016-07-19
2016-07-19,6407.0339,6431.9383,6355.4787,6431.9383,8096187200.0,109308249328.5,6412.0731,2016-07-20
2016-07-20,6429.689,6454.179,6404.1539,6417.9223,7482030800.0,101445290824.3,6431.9383,2016-07-21
2016-07-21,6414.8007,6487.0216,6405.6019,6442.7093,8743792600.0,117363958833.9,6417.9223,2016-07-22
2016-07-22,6437.8833,6448.3659,6385.2522,6390.9254,8644549300.0,114814545559.8,6442.7093,2016-07-25
2016-07-25,6383.5616,6441.3161,6374.2552,6408.7831,8109003900.0,105671170635.7,6390.9254,2016-07-26
2016-07-26,6410.8227,6494.7395,6410.8227,6494.4743,8155655600.0,103166813042.9,6408.7831,2016-07-27
2016-07-27,6499.3377,6515.8778,6154.4592,6229.2885,13852789300.0,174673313375.4,6494.4743,2016-07-28
2016-07-28,6220.9168,6273.3798,6148.8585,6243.2883,9131871200.0,114438917847.7,6229.2885,2016-07-29
2016-07-29,6239.8538,6259.1994,6183.1647,6202.8923,7268133200.0,90326551800.2,6243.2883,2016-08-01
2016-08-01,6179.2019,6179.2019,6046.4023,6109.2782,7291022100.0,87691638033.9,6202.8923,2016-08-02
2016-08-02,6100.7491,6168.6819,6099.2499,6168.5088,5580505600.0,66288104958.9,6109.2782,2016-08-03
2016-08-03,6154.4741,6203.6148,6140.8294,6198.3885,6868695100.0,80885121045.7,6168.5088,2016-08-04
2016-08-04,6194.2028,6245.3048,6174.2398,6238.2309,7055639400.0,84228162263.7,6198.3885,2016-08-05
2016-08-05,6231.5257,6251.3982,6202.8622,6203.2872,6754335600.0,81408223905.0,6238.2309,2016-08-08
2016-08-08,6191.6474,6290.8999,6152.5791,6290.7562,7704788000.0,87087721739.2,6203.2872,2016-08-09
2016-08-09,6283.2888,6341.7233,6281.0723,6341.5497,7816512200.0,92794683062.7,6290.7562,2016-08-10
2016-08-10,6336.5359,6366.089,6314.5125,6318.2681,7719742400.0,91372973411.3,6341.5497,2016-08-11
2016-08-11,6304.7771,6318.9779,6226.3129,6226.3129,7068452700.0,84068495380.8,6318.2681,2016-08-12
2016-08-12,6218.3533,6299.0915,6204.9613,6299.0915,6863547800.0,77608881955.6,6226.3129,2016-08-15
2016-08-15,6309.4141,6451.929,6289.7246,6442.5272,11798146800.0,136188716932.0,6299.0915,2016-08-16
2016-08-16,6449.9066,6488.7007,6446.2363,6468.8946,10971284000.0,130364641339.1,6442.5272,2016-08-17
2016-08-17,6462.0466,6502.1391,6437.2631,6488.3648,9578850800.0,110221545679.2,6468.8946,2016-08-18
2016-08-18,6485.9268,6527.1975,6466.3975,6490.408,11041553500.0,120247896486.4,6488.3648,2016-08-19
2016-08-19,6485.7195,6516.9793,6451.612,6499.5548,9182709900.0,100807655147.6,6490.408,2016-08-22
2016-08-22,6499.7527,6508.7968,6419.5628,6420.3544,9236915300.0,101907818836.1,6499.5548,2016-08-23
2016-08-23,6414.9819,6448.5425,6380.915,6428.6978,8057296300.0,86882141020.1,6420.3544,2016-08-24
2016-08-24,6432.8787,6466.6253,6415.6998,6435.0586,7386234400.0,83336139395.5,6428.6978,2016-08-25
2016-08-25,6398.5641,6398.5641,6312.6532,6382.5704,7972243100.0,90859885169.7,6435.0586,2016-08-26
2016-08-26,6395.772,6460.8679,6395.7304,6410.7335,7478579400.0,88200838748.9,6382.5704,2016-08-29
2016-08-29,6409.1178,6442.3982,6398.7765,6427.5291,6895657000.0,82355641766.2,6410.7335,2016-08-30
2016-08-30,6428.9659,6459.7148,6413.7103,6425.7543,6158835200.0,74080579913.6,6427.5291,2016-08-31
2016-08-31,6422.8012,6441.106,6390.699,6434.2103,6527700500.0,75033509484.0,6425.7543,2016-09-01
2016-09-01,6434.2608,6445.4324,6380.9005,6381.4755,7188610900.0,81004501535.3,6434.2103,2016-09-02
2016-09-02,6371.4921,6403.5722,6320.4791,6356.9538,6750696300.0,78519545107.5,6381.4755,2016-09-05
2016-09-05,6372.624,6419.7461,6372.624,6391.7923,6543463900.0,76419151271.3,6356.9538,2016-09-06
2016-09-06,6392.6082,6493.3473,6345.6948,6492.9722,8682608700.0,104828522285.0,6391.7923,2016-09-07
2016-09-07,6490.3301,6529.8114,6483.0878,6494.3159,9319020900.0,109431482868.2,6492.9722,2016-09-08
2016-09-08,6489.6169,6518.3321,6478.6477,6517.9835,7246413500.0,87823608439.2,6494.3159,2016-09-09
2016-09-09,6518.6757,6539.3476,6470.9046,6471.053,7867246300.0,95311303692.1,6517.9835,2016-09-12
2016-09-12,6362.77,6383.8434,6283.8161,6291.6364,9004175600.0,104742908971.7,6471.053,2016-09-13
2016-09-13,6324.7438,6340.8722,6284.0368,6320.0315,6863666000.0,81512867166.5,6291.6364,2016-09-14
2016-09-14,6286.6174,6318.2705,6260.6525,6278.158,5831969200.0,69112385409.5,6320.0315,2016-09-19
2016-09-19,6292.807,6344.4504,6292.807,6344.181,5497876400.0,63813913418.5,6278.158,2016-09-20
2016-09-20,6344.7056,6346.9304,6319.7623,6342.0328,5450561300.0,62741951535.6,6344.181,2016-09-21
2016-09-21,6342.004,6362.9993,6335.3916,6343.7541,5029034300.0,60152141208.5,6342.0328,2016-09-22
2016-09-22,6381.1565,6410.57,6377.1734,6385.6353,6297160000.0,73959516342.3,6343.7541,2016-09-23
2016-09-23,6397.3334,6402.6392,6369.2226,6370.5834,6257830700.0,72046479364.6,6385.6353,2016-09-26
2016-09-26,6363.9308,6364.2086,6239.8672,6241.5157,7210665900.0,80920791481.7,6370.5834,2016-09-27
2016-09-27,6229.8183,6287.3356,6200.5654,6286.9093,5640053300.0,63613816981.3,6241.5157,2016-09-28
2016-09-28,6300.8497,6300.8497,6266.7529,6281.2838,4916326200.0,55557965879.7,6286.9093,2016-09-29
2016-09-29,6288.9181,6323.4158,6288.9181,6298.7911,5069155800.0,58112818884.6,6281.2838,2016-09-30
2016-09-30,6292.0797,6338.299,6289.4658,6328.0856,4496512900.0,52590567655.5,6298.7911,2016-10-10
2016-10-10,6364.5166,6447.9361,6345.331,6447.6934,7272403500.0,87775587397.8,6328.0856,2016-10-11
2016-10-11,6451.0445,6486.6499,6443.7479,6486.4254,7885088700.0,89907667463.6,6447.6934,2016-10-12
2016-10-12,6463.8094,6484.0002,6452.4135,6482.7379,6771848700.0,77595765778.5,6486.4254,2016-10-13
2016-10-13,6480.9293,6501.5569,6468.1323,6484.831,6847165100.0,78494098696.3,6482.7379,2016-10-14
2016-10-14,6476.2612,6477.8533,6423.5788,6469.4915,6586009700.0,75444317293.1,6484.831,2016-10-17
2016-10-17,6478.5108,6487.6708,6394.4868,6413.1487,7170479600.0,83743641999.1,6469.4915,2016-10-18
2016-10-18,6409.7381,6509.2821,6409.7381,6509.2821,7369850800.0,86044533819.1,6413.1487,2016-10-19
2016-10-19,6518.7373,6531.162,6476.562,6495.2574,7504880700.0,87276975359.7,6509.2821,2016-10-20
2016-10-20,6495.8268,6506.581,6474.7793,6498.2375,6557491200.0,75634634720.1,6495.2574,2016-10-21
2016-10-21,6498.9857,6506.6107,6424.4429,6475.2807,7319512600.0,83617171252.9,6498.2375,2016-10-24
2016-10-24,6479.5541,6546.7881,6472.9393,6539.4661,8607674500.0,93119437036.5,6475.2807,2016-10-25
2016-10-25,6543.4668,6563.5233,6536.9443,6563.3539,8392323000.0,94315371653.8,6539.4661,2016-10-26
2016-10-26,6561.1581,6561.2466,6511.657,6530.3898,8085924400.0,91780594799.3,6563.3539,2016-10-27
2016-10-27,6522.8868,6529.4679,6488.3634,6517.3594,6710299700.0,76662910798.6,6530.3898,2016-10-28
2016-10-28,6512.038,6536.8349,6455.1476,6455.8349,7069709600.0,79712066801.7,6517.3594,2016-10-31
2016-10-31,6441.4348,6460.7728,6408.2731,6452.2058,6025368800.0,71768415874.2,6455.8349,2016-11-01
2016-11-01,6456.9993,6508.3642,6450.0204,6507.95,6253990200.0,72251174358.9,6452.2058,2016-11-02
2016-11-02,6494.9803,6506.7756,6450.0506,6455.1295,7229906800.0,82898303275.1,6507.95,2016-11-03
2016-11-03,6442.3549,6521.0003,6436.9074,6483.7322,7754984500.0,88683292153.6,6455.1295,2016-11-04
2016-11-04,6482.6008,6502.7409,6449.5605,6462.5928,7063540600.0,81640501576.2,6483.7322,2016-11-07
2016-11-07,6461.0006,6487.0601,6437.74,6468.8171,6881212600.0,76326265917.8,6462.5928,2016-11-08
2016-11-08,6487.6487,6518.1891,6476.4443,6503.1781,7244487800.0,78508137414.9,6468.8171,2016-11-09
2016-11-09,6504.4117,6507.8648,6380.5711,6453.5718,8806010200.0,96517280987.0,6503.1781,2016-11-10
2016-11-10,6501.6388,6538.7419,6501.6388,6536.9651,9062523800.0,96157565168.0,6453.5718,2016-11-11
2016-11-11,6539.3598,6584.4097,6527.4524,6583.8864,11037159400.0,117683140547.6,6536.9651,2016-11-14
2016-11-14,6568.6594,6624.2056,6566.0537,6615.0071,12666934300.0,129072810283.9,6583.8864,2016-11-15
2016-11-15,6622.878,6641.0354,6602.2812,6640.4616,10511091200.0,107784604579.1,6615.0071,2016-11-16
2016-11-16,6647.5287,6658.4279,6630.1238,6644.1878,9546867600.0,102794053203.2,6640.4616,2016-11-17
2016-11-17,6633.3099,6646.309,6596.896,6636.469,8453531200.0,87728988756.1,6644.1878,2016-11-18
2016-11-18,6632.627,6643.9408,6592.8358,6602.3265,8127855100.0,86902679609.2,6636.469,2016-11-21
2016-11-21,6597.1749,6635.8918,6591.9754,6611.5399,7875184400.0,90652603587.2,6602.3265,2016-11-22
2016-11-22,6619.8503,6661.5407,6617.0696,6661.246,9217780900.0,101984600257.1,6611.5399,2016-11-23
2016-11-23,6668.2484,6676.6675,6617.7752,6631.1733,9396324000.0,103904384970.6,6661.246,2016-11-24
2016-11-24,6635.2237,6656.9659,6607.0277,6623.0489,9358629900.0,104720238936.9,6631.1733,2016-11-25
2016-11-25,6620.2193,6652.916,6531.3667,6652.8177,8893463600.0,100029174595.0,6623.0489,2016-11-28
2016-11-28,6667.2656,6692.1415,6650.9193,6670.8035,9574136600.0,106722283957.4,6652.8177,2016-11-29
2016-11-29,6658.3551,6681.8812,6619.0387,6620.7949,10144690600.0,112700270233.0,6670.8035,2016-11-30
2016-11-30,6605.3611,6615.921,6568.7956,6585.5776,8152681300.0,91354956778.7,6620.7949,2016-12-01
2016-12-01,6593.5939,6624.8511,6593.0738,6624.4657,7781850900.0,87662536456.3,6585.5776,2016-12-02
2016-12-02,6617.8743,6623.7939,6520.9745,6520.9745,8109752500.0,91203225960.0,6624.4657,2016-12-05
2016-12-05,6462.2556,6522.5969,6451.0843,6486.0173,6682182100.0,75623703982.2,6520.9745,2016-12-06
2016-12-06,6496.1638,6514.0316,6484.979,6490.8897,5200919800.0,61621652399.3,6486.0173,2016-12-07
2016-12-07,6493.0029,6558.2433,6481.9199,6558.0247,5940641400.0,67819689395.1,6490.8897,2016-12-08
2016-12-08,6561.7215,6562.6574,6522.9608,6527.4338,5698976300.0,67589603420.6,6558.0247,2016-12-09
2016-12-09,6519.3949,6534.8963,6500.2146,6513.9155,5921829100.0,71500666285.7,6527.4338,2016-12-12
2016-12-12,6512.959,6519.628,6241.6118,6249.0784,9473677800.0,107463242985.3,6513.9155,2016-12-13
2016-12-13,6235.5581,6292.8031,6190.389,6278.1793,6520672800.0,75946019131.6,6249.0784,2016-12-14
2016-12-14,6269.0808,6299.0401,6216.9508,6239.4989,6897758400.0,81065251162.7,6278.1793,2016-12-15
2016-12-15,6216.1446,6310.7437,6211.2733,6280.3981,6473297300.0,75209830320.1,6239.4989,2016-12-16
2016-12-16,6279.2765,6329.1906,6273.0011,6318.5239,6220417600.0,71330845122.5,6280.3981,2016-12-19
2016-12-19,6319.8574,6330.3823,6297.3666,6320.7324,6257915800.0,70180562733.4,6318.5239,2016-12-20
2016-12-20,6314.6113,6315.5363,6275.3113,6300.6383,6092065700.0,65544588691.1,6320.7324,2016-12-21
2016-12-21,6311.0581,6348.376,6311.0581,6347.6058,6363287000.0,70594550289.7,6300.6383,2016-12-22
2016-12-22,6341.2009,6350.2726,6313.8578,6341.7879,5961720700.0,64478216465.2,6347.6058,2016-12-23
2016-12-23,6339.3466,6343.8546,6277.66,6281.9966,5718248200.0,64218562488.2,6341.7879,2016-12-26
2016-12-26,6260.3396,6295.236,6194.2656,6294.7546,5444435800.0,60864353719.4,6281.9966,2016-12-27
2016-12-27,6291.6466,6311.0357,6284.0401,6288.8594,4927552400.0,56430287095.1,6294.7546,2016-12-28
2016-12-28,6288.7324,6295.8909,6257.1041,6270.2395,4857416500.0,54961473637.1,6288.8594,2016-12-29
2016-12-29,6261.8676,6286.7413,6242.9837,6252.6076,4502814200.0,51113318088.0,6270.2395,2016-12-30
2016-12-30,6255.6201,6275.5494,6241.7188,6263.6256,4692493700.0,54554271035.9,6252.6076,2017-01-03
2017-01-03,6273.8182,6320.9526,6273.7528,6320.7626,4857779100.0,57302999275.0,6263.6256,2017-01-04
2017-01-04,6321.7473,6395.0039,6314.1267,6394.6694,6673942300.0,78531887327.4,6320.7626,2017-01-05
2017-01-05,6391.5838,6412.8739,6385.1212,6399.2841,6144520300.0,72267790980.5,6394.6694,2017-01-06
2017-01-06,6398.8633,6401.7389,6364.8875,6371.6168,6490247300.0,73723002444.1,6399.2841,2017-01-09
2017-01-09,6365.3886,6415.4682,6357.3566,6415.4176,6397903100.0,74310358180.7,6371.6168,2017-01-10
2017-01-10,6412.7619,6428.834,6388.9201,6393.9283,6821068400.0,76722142933.1,6415.4176,2017-01-11
2017-01-11,6381.7048,6402.8989,6331.5065,6331.9638,6284335900.0,68331890908.8,6393.9283,2017-01-12
2017-01-12,6325.6232,6339.3218,6269.199,6272.851,5343363400.0,57259476374.7,6331.9638,2017-01-13
2017-01-13,6272.7899,6282.7162,6182.1048,6194.6575,5361148400.0,58444907278.7,6272.851,2017-01-16
2017-01-16,6184.1292,6184.3369,5872.3953,6031.2414,7895834800.0,82148409479.2,6194.6575,2017-01-17
2017-01-17,6006.0795,6082.2006,5957.0439,6082.0657,5054089800.0,54018905761.7,6031.2414,2017-01-18
2017-01-18,6067.1677,6098.7843,6049.9691,6068.593,4614218000.0,48404585974.8,6082.0657,2017-01-19
2017-01-19,6054.7251,6074.4639,6029.6401,6043.675,4441961600.0,45854100379.1,6068.593,2017-01-20
2017-01-20,6037.5604,6129.5799,6034.9691,6121.9983,4571735400.0,49013086159.8,6043.675,2017-01-23
2017-01-23,6130.4404,6189.1736,6130.1951,6172.1671,5038973600.0,52727412759.2,6121.9983,2017-01-24
2017-01-24,6167.8403,6177.2076,6154.0678,6165.2642,5012780300.0,49571128604.3,6172.1671,2017-01-25
2017-01-25,6156.7761,6187.4333,6152.1441,6179.5681,4297428800.0,43740185010.2,6165.2642,2017-01-26
2017-01-26,6183.1588,6224.1897,6183.1588,6223.7061,4054247700.0,41944886986.9,6179.5681,2017-02-03
2017-02-03,6227.4615,6231.6039,6190.8278,6207.0921,3554149100.0,37929189874.5,6223.7061,2017-02-06
2017-02-06,6206.5352,6259.4103,6195.4953,6259.2471,4575565600.0,50034776941.3,6207.0921,2017-02-07
2017-02-07,6254.2002,6269.4606,6223.5399,6255.927,5092823200.0,53950802890.2,6259.2471,2017-02-08
2017-02-08,6248.4708,6291.7658,6219.0209,6291.5977,5388511900.0,57742142041.3,6255.927,2017-02-09
2017-02-09,6288.8842,6331.3294,6285.7284,6331.1771,7272232900.0,74903715864.4,6291.5977,2017-02-10
2017-02-10,6329.6825,6350.3394,6320.2482,6337.1081,8937713900.0,87202785397.0,6331.1771,2017-02-13
2017-02-13,6341.7267,6370.2071,6331.9619,6369.6526,8376505400.0,84625077163.4,6337.1081,2017-02-14
2017-02-14,6366.937,6378.0622,6346.5932,6374.8852,7606862900.0,75879186213.3,6369.6526,2017-02-15
2017-02-15,6367.6437,6379.7876,6301.0125,6311.6959,8407660700.0,84745249693.1,6374.8852,2017-02-16
2017-02-16,6308.3181,6363.8696,6306.5107,6359.3361,7507458100.0,75785517260.6,6311.6959,2017-02-17
2017-02-17,6356.0922,6365.6958,6300.51,6307.1627,7907995200.0,80705736069.3,6359.3361,2017-02-20
2017-02-20,6307.2342,6385.0625,6307.2342,6385.0625,7412663600.0,80325702731.1,6307.1627,2017-02-21
2017-02-21,6390.508,6434.5346,6386.904,6434.4383,7889690100.0,86222033428.0,6385.0625,2017-02-22
2017-02-22,6432.7507,6474.4899,6431.4088,6474.225,8752564100.0,95597767122.4,6434.4383,2017-02-23
2017-02-23,6470.617,6482.2481,6435.7455,6473.993,8936667800.0,99277240143.6,6474.225,2017-02-24
2017-02-24,6466.1821,6477.4217,6445.0669,6476.1655,7625812700.0,85426215440.3,6473.993,2017-02-27
2017-02-27,6476.376,6480.1867,6417.7848,6424.2549,7224501000.0,81011815135.3,6476.1655,2017-02-28
2017-02-28,6424.9954,6451.2916,6414.7839,6450.9701,6303112600.0,71170206500.1,6424.2549,2017-03-01
2017-03-01,6446.4356,6488.8245,6440.8074,6467.6385,7247967100.0,83177653148.5,6450.9701,2017-03-02
2017-03-02,6476.1055,6484.1156,6431.4355,6434.6262,7206417200.0,84092921491.9,6467.6385,2017-03-03
2017-03-03,6417.3888,6457.228,6398.8848,6452.839,6525325300.0,78891589124.7,6434.6262,2017-03-06
2017-03-06,6457.5928,6518.0421,6457.5928,6517.3235,6727767200.0,83853156141.4,6452.839,2017-03-07
2017-03-07,6517.8451,6523.3598,6491.2635,6523.1868,6853491500.0,82330583704.7,6517.3235,2017-03-08
2017-03-08,6519.9741,6525.1932,6478.5482,6497.0878,6306736900.0,75049470141.4,6523.1868,2017-03-09
2017-03-09,6484.5815,6484.8275,6425.0028,6439.3822,6423898200.0,73949329067.2,6497.0878,2017-03-10
2017-03-10,6436.7583,6464.6026,6436.6388,6447.9165,5635992900.0,69999414896.5,6439.3822,2017-03-13
2017-03-13,6444.5584,6508.0665,6412.708,6507.8964,6491243000.0,81201111068.9,6447.9165,2017-03-14
2017-03-14,6508.369,6518.7786,6480.0806,6493.4846,6027199500.0,74548113277.4,6507.8964,2017-03-15
2017-03-15,6486.3,6499.5423,6471.7207,6486.0616,5575008500.0,69104007280.6,6493.4846,2017-03-16
2017-03-16,6499.8323,6543.3407,6499.8323,6543.3407,6865461900.0,84809251031.3,6486.0616,2017-03-17
2017-03-17,6543.5573,6555.5786,6480.2914,6483.2463,7306370600.0,89911150468.6,6543.3407,2017-03-20
2017-03-20,6484.5404,6498.5658,6451.354,6498.3416,6164478300.0,76363964979.1,6483.2463,2017-03-21
2017-03-21,6494.7728,6516.0101,6484.687,6515.9458,5899504200.0,75784024756.7,6498.3416,2017-03-22
2017-03-22,6486.3011,6514.6285,6459.975,6499.7928,7227336600.0,88332148327.9,6515.9458,2017-03-23
2017-03-23,6502.1273,6533.6523,6445.8112,6512.1874,7691114700.0,95665083642.5,6499.7928,2017-03-24
2017-03-24,6509.2327,6552.7481,6500.0657,6546.615,8354782200.0,99764242487.0,6512.1874,2017-03-27
2017-03-27,6545.4462,6555.7939,6510.4398,6516.0326,7748273700.0,91609824449.8,6546.615,2017-03-28
2017-03-28,6509.0377,6519.0858,6483.6403,6498.6902,6126211400.0,74546542337.4,6516.0326,2017-03-29
2017-03-29,6504.2455,6522.5117,6461.5358,6480.543,8561404800.0,94145712453.2,6498.6902,2017-03-30
2017-03-30,6467.063,6471.935,6369.1202,6375.7437,9651272400.0,102559153020.6,6480.543,2017-03-31
2017-03-31,6374.565,6402.2179,6365.4474,6401.6479,7208277200.0,81869918411.9,6375.7437,2017-04-05
2017-04-05,6450.8955,6539.9665,6450.8955,6539.9665,9701497800.0,110261623595.1,6401.6479,2017-04-06
2017-04-06,6554.7454,6569.7021,6535.0376,6559.6526,9747113500.0,106538080096.5,6539.9665,2017-04-07
2017-04-07,6554.2567,6593.949,6544.2362,6578.726,10059667100.0,115145780025.8,6559.6526,2017-04-10
2017-04-10,6575.4597,6595.1986,6556.0781,6566.5441,10252932300.0,117949775725.3,6578.726,2017-04-11
2017-04-11,6566.84,6631.9963,6531.5307,6629.1661,12773804800.0,148200620589.2,6566.5441,2017-04-12
2017-04-12,6625.8795,6626.761,6571.4755,6576.4761,11417302700.0,125634063395.5,6629.1661,2017-04-13
2017-04-13,6569.2398,6627.702,6562.7621,6615.7042,8771144000.0,95722060560.7,6576.4761,2017-04-14
2017-04-14,6623.4544,6623.8014,6522.7905,6528.1624,9751115100.0,107518934105.2,6615.7042,2017-04-17
2017-04-17,6500.9489,6502.036,6426.2797,6456.598,8753220700.0,99323748146.5,6528.1624,2017-04-18
2017-04-18,6452.918,6491.8082,6416.1723,6418.2114,8018564100.0,91417770876.5,6456.598,2017-04-19
2017-04-19,6390.3311,6401.4112,6285.9903,6350.6465,8700044700.0,95577254209.1,6418.2114,2017-04-20
2017-04-20,6349.4075,6377.8003,6299.8941,6347.7732,7917415700.0,92055492681.1,6350.6465,2017-04-21
2017-04-21,6345.7705,6364.6737,6296.8103,6300.7128,6087110100.0,72187532636.1,6347.7732,2017-04-24
2017-04-24,6282.331,6282.7398,6137.9201,6138.5049,7077136800.0,78586553276.6,6300.7128,2017-04-25
2017-04-25,6139.4842,6203.6818,6131.9512,6160.4612,6465772900.0,73714024618.6,6138.5049,2017-04-26
2017-04-26,6159.8926,6195.3247,6157.3991,6176.3981,6974602900.0,81432873560.0,6160.4612,2017-04-27
2017-04-27,6157.5184,6205.2293,6052.8806,6192.3044,8935778900.0,101691925176.8,6176.3981,2017-04-28
2017-04-28,6174.142,6214.1617,6166.7979,6211.8624,6676916700.0,76705995604.3,6192.3044,2017-05-02
2017-05-02,6205.1005,6216.4949,6186.1678,6216.115,7028900300.0,83553106435.3,6211.8624,2017-05-03
2017-05-03,6205.6817,6225.6265,6174.6918,6197.4779,7247544700.0,85574278198.3,6216.115,2017-05-04
2017-05-04,6180.0292,6236.8865,6151.8088,6176.3053,7741351300.0,89915586361.4,6197.4779,2017-05-05
2017-05-05,6155.1974,6164.2461,6089.0909,6089.6828,7155199600.0,81292488329.6,6176.3053,2017-05-08
2017-05-08,6076.458,6083.362,5975.2213,5975.5395,6718255500.0,76311198233.9,6089.6828,2017-05-09
2017-05-09,5953.8391,6012.4429,5919.5993,6012.0016,5472699300.0,62722952718.9,5975.5395,2017-05-10
2017-05-10,6010.7303,6038.9734,5885.5213,5885.841,6264566000.0,71467192554.4,6012.0016,2017-05-11
2017-05-11,5856.4147,5873.9064,5731.4825,5872.6391,7305431400.0,77588395748.6,5885.841,2017-05-12
2017-05-12,5859.3374,5889.93,5820.2939,5863.7832,5668562800.0,62606811862.1,5872.6391,2017-05-15
2017-05-15,5880.6961,5912.2661,5880.6961,5893.5075,4972593300.0,58911836308.8,5863.7832,2017-05-16
2017-05-16,5882.3298,6014.8806,5839.2197,6014.7344,7342661600.0,84036099308.7,5893.5075,2017-05-17
2017-05-17,6006.4691,6055.9183,6001.0394,6027.6504,7314690900.0,84588690909.4,6014.7344,2017-05-18
2017-05-18,5983.3497,6030.109,5965.3503,5976.2998,6006212500.0,70971740790.1,6027.6504,2017-05-19
2017-05-19,5973.768,5990.4353,5942.6096,5974.9772,5506815200.0,64668962901.3,5976.2998,2017-05-22
2017-05-22,5962.2861,5987.3066,5873.0412,5888.8127,6089413900.0,66101127999.6,5974.9772,2017-05-23
2017-05-23,5879.5592,5893.816,5760.3248,5764.8759,6491864700.0,70779450169.3,5888.8127,2017-05-24
2017-05-24,5740.4428,5799.6834,5668.7221,5799.2499,5813084700.0,62845340537.7,5764.8759,2017-05-25
2017-05-25,5788.5567,5859.5019,5740.7985,5850.8006,7068395700.0,75351887954.4,5799.2499,2017-05-26
2017-05-26,5843.5212,5871.2139,5833.0876,5836.9338,5925619900.0,65692499036.2,5850.8006,2017-05-31
2017-05-31,5887.9405,5913.1835,5820.2063,5824.1042,5847776900.0,66221305694.3,5836.9338,2017-06-01
2017-06-01,5810.4191,5810.5989,5709.6885,5709.9994,6027890500.0,65490263888.3,5824.1042,2017-06-02
2017-06-02,5696.8285,5780.5015,5655.762,5772.5174,5886884700.0,61562500697.2,5709.9994,2017-06-05
2017-06-05,5778.1891,5830.0525,5777.9509,5815.8022,5433329200.0,59775835963.1,5772.5174,2017-06-06
2017-06-06,5808.9716,5841.8803,5793.4367,5841.5232,4878150000.0,53237820722.1,5815.8022,2017-06-07
2017-06-07,5838.8814,5955.0236,5836.4411,5955.0153,7466605900.0,81742004615.1,5841.5232,2017-06-08
2017-06-08,5947.975,5972.7277,5940.7235,5958.977,6650654700.0,74753009504.5,5955.0153,2017-06-09
2017-06-09,5952.4061,5971.5251,5922.7285,5969.2741,6210987400.0,69574732886.3,5958.977,2017-06-12
2017-06-12,5943.6443,5950.0431,5896.4049,5902.8551,6035967500.0,70214585116.9,5969.2741,2017-06-13
2017-06-13,5895.4692,5986.8692,5894.2253,5980.0566,6042416900.0,70753185224.1,5902.8551,2017-06-14
2017-06-14,5976.0141,5992.7818,5958.2003,5966.4314,6092696300.0,71476434179.6,5980.0566,2017-06-15
2017-06-15,5959.4746,6024.3764,5959.1892,6021.1651,6499111000.0,73277153513.9,5966.4314,2017-06-16
2017-06-16,6016.9727,6027.395,6003.2623,6012.9996,5691259600.0,66287703873.7,6021.1651,2017-06-19
2017-06-19,6010.9392,6057.4115,6009.2243,6057.4115,5923158500.0,67315215223.7,6012.9996,2017-06-20
2017-06-20,6061.1098,6089.8121,6058.6882,6066.9046,6612240800.0,77790508879.8,6057.4115,2017-06-21
2017-06-21,6074.6095,6080.5326,6035.2737,6078.1925,5673042900.0,66856678681.2,6066.9046,2017-06-22
2017-06-22,6074.3663,6094.5533,5992.3352,5992.3352,6922564100.0,82350322635.8,6078.1925,2017-06-23
2017-06-23,5978.2385,6010.3137,5923.5507,6010.3137,6350512400.0,73951244990.9,5992.3352,2017-06-26
2017-06-26,6013.4788,6111.707,6011.8591,6111.6406,6984617800.0,86328092267.8,6010.3137,2017-06-27
2017-06-27,6109.3701,6128.3768,6089.6802,6113.1658,6231684900.0,75563273773.1,6111.6406,2017-06-28
2017-06-28,6102.2283,6110.3484,6075.1424,6086.2112,6047948200.0,71450336215.3,6113.1658,2017-06-29
2017-06-29,6089.9202,6132.2451,6089.9202,6116.9932,5803528900.0,70846315031.6,6086.2112,2017-06-30
2017-06-30,6101.3648,6139.0677,6090.2523,6138.1556,5352122300.0,66361720180.4,6116.9932,2017-07-03
2017-07-03,6142.1711,6177.3953,6129.8406,6177.3953,6382532200.0,74248241219.7,6138.1556,2017-07-04
2017-07-04,6169.0335,6170.852,6134.8792,6146.8527,6311419600.0,76708822695.1,6177.3953,2017-07-05
2017-07-05,6135.713,6193.9641,6127.5143,6193.9641,6862163800.0,83041215552.7,6146.8527,2017-07-06
2017-07-06,6187.4304,6211.9654,6149.9308,6201.6535,8287181400.0,97626267779.9,6193.9641,2017-07-07
2017-07-07,6182.4538,6229.8309,6176.7431,6226.0108,7932830700.0,93885482337.7,6201.6535,2017-07-10
2017-07-10,6221.5252,6236.2921,6189.0004,6206.5568,9037099900.0,104581745916.1,6226.0108,2017-07-11
2017-07-11,6194.6164,6202.2032,6128.9942,6128.9942,7698233000.0,90795353529.7,6206.5568,2017-07-12
2017-07-12,6124.9574,6143.7984,6050.6501,6132.9922,7557950100.0,89554635963.2,6128.9942,2017-07-13
2017-07-13,6134.7513,6172.6827,6124.3599,6149.9337,7913600900.0,96251741978.6,6132.9922,2017-07-14
2017-07-14,6143.3257,6143.4587,6107.9089,6128.7397,6638636000.0,80743682309.2,6149.9337,2017-07-17
2017-07-17,6108.452,6108.452,5860.78,5876.4592,10153616900.0,113040983147.0,6128.7397,2017-07-18
2017-07-18,5854.072,5938.4342,5842.9557,5938.4342,7656432300.0,83831518528.7,5876.4592,2017-07-19
2017-07-19,5928.0076,6059.5323,5917.6696,6059.3582,10290191400.0,108845290784.0,5938.4342,2017-07-20
2017-07-20,6052.5111,6120.1918,6046.4096,6099.2835,9382877000.0,105755231486.5,6059.3582,2017-07-21
2017-07-21,6089.6581,6136.9731,6080.5615,6126.1083,8313265400.0,97182317720.4,6099.2835,2017-07-24
2017-07-24,6121.3267,6171.8185,6117.2961,6167.1282,9729992400.0,114327774239.7,6126.1083,2017-07-25
2017-07-25,6159.4123,6170.6462,6113.5608,6153.5984,8922430400.0,102685759983.2,6167.1282,2017-07-26
2017-07-26,6151.8543,6162.8805,6111.038,6146.7028,8875349500.0,105711416131.2,6153.5984,2017-07-27
2017-07-27,6136.9603,6192.9383,6105.962,6184.0207,10400553800.0,121283201418.7,6146.7028,2017-07-28
2017-07-28,6170.6584,6229.0561,6165.9919,6215.4633,8646787900.0,104848546512.5,6184.0207,2017-07-31
2017-07-31,6214.6567,6299.8004,6208.461,6298.0004,11333106600.0,129773218265.1,6215.4633,2017-08-01
2017-08-01,6293.0559,6299.1562,6261.2848,6286.5362,10108155700.0,116917914718.9,6298.0004,2017-08-02
2017-08-02,6289.2453,6313.5062,6248.3556,6251.8627,11401201100.0,132732752803.8,6286.5362,2017-08-03
2017-08-03,6240.1518,6288.4352,6236.66,6261.9676,10015993900.0,113164040246.7,6251.8627,2017-08-04
2017-08-04,6258.8472,6297.1163,6224.2026,6225.1151,12588838600.0,140098302354.1,6261.9676,2017-08-07
2017-08-07,6227.5184,6304.2674,6217.2893,6303.4209,10857231600.0,114075085978.2,6225.1151,2017-08-08
2017-08-08,6302.0261,6322.4694,6281.6178,6303.716,12038043700.0,131243284608.5,6303.4209,2017-08-09
2017-08-09,6296.115,6340.3754,6285.0247,6340.022,11534764800.0,123988807117.7,6303.716,2017-08-10
2017-08-10,6322.8308,6341.4803,6246.658,6289.2174,11269947000.0,127938266171.9,6340.022,2017-08-11
2017-08-11,6242.4877,6275.8931,6153.6005,6161.1903,11786061600.0,131559160783.5,6289.2174,2017-08-14
2017-08-14,6165.1298,6293.3517,6165.1298,6292.6418,8984502300.0,113335483019.3,6161.1903,2017-08-15
2017-08-15,6291.1835,6316.1989,6283.5442,6314.7608,8260366300.0,107585954405.5,6292.6418,2017-08-16
2017-08-16,6307.1705,6323.5599,6268.1876,6318.7986,8961769800.0,113207847055.0,6314.7608,2017-08-17
2017-08-17,6327.0275,6366.2517,6312.8892,6366.034,9872488600.0,119456888912.5,6318.7986,2017-08-18
2017-08-18,6324.8974,6361.9716,6313.1511,6347.7557,9117455400.0,111490643528.1,6366.034,2017-08-21
2017-08-21,6354.0964,6404.0497,6354.0107,6403.7803,8652179500.0,105733629878.1,6347.7557,2017-08-22
2017-08-22,6396.9258,6398.5649,6362.4094,6375.9814,8910016600.0,116758431356.0,6403.7803,2017-08-23
2017-08-23,6359.7757,6371.3,6310.0102,6322.7819,7560985100.0,94213289883.9,6375.9814,2017-08-24
2017-08-24,6322.6281,6329.0305,6267.2324,6278.59,6756758600.0,86463516863.7,6322.7819,2017-08-25
2017-08-25,6274.3511,6358.8868,6274.3511,6346.5305,7554972700.0,94698935464.0,6278.59,2017-08-28
2017-08-28,6348.87,6442.3999,6348.87,6424.5841,9489340100.0,123347859463.2,6346.5305,2017-08-29
2017-08-29,6420.5677,6439.0793,6393.4761,6408.1567,8770409700.0,111434485531.1,6424.5841,2017-08-30
2017-08-30,6405.8963,6462.7571,6405.8963,6453.4636,9555966100.0,115513787287.4,6408.1567,2017-08-31
2017-08-31,6451.517,6470.9433,6429.7427,6470.4259,9102916900.0,110910641361.0,6453.4636,2017-09-01
2017-09-01,6472.9476,6530.8989,6466.1264,6526.5046,12111719200.0,140862432142.2,6470.4259,2017-09-04
2017-09-04,6530.5086,6566.1014,6519.7882,6564.6804,11998402500.0,143876861352.4,6526.5046,2017-09-05
2017-09-05,6561.6726,6576.5616,6528.1132,6571.8591,9523207700.0,120125205054.6,6564.6804,2017-09-06
2017-09-06,6550.0614,6610.7452,6540.8253,6607.1176,10547823300.0,136238488046.1,6571.8591,2017-09-07
2017-09-07,6601.3433,6614.1021,6553.6993,6558.5963,10706180700.0,133940730899.8,6607.1176,2017-09-08
2017-09-08,6554.6011,6599.132,6537.0408,6574.1826,9385159300.0,120912386810.2,6558.5963,2017-09-11
2017-09-11,6579.8857,6650.1193,6566.2776,6649.6276,10254740000.0,134674487525.6,6574.1826,2017-09-12
2017-09-12,6659.8017,6715.3935,6628.8825,6644.0118,14188027500.0,190294359590.9,6649.6276,2017-09-13
2017-09-13,6635.1693,6684.8593,6630.5032,6684.3798,10472243700.0,136521604483.8,6644.0118,2017-09-14
2017-09-14,6683.4734,6701.691,6643.5877,6672.1849,11396678200.0,145426308338.6,6684.3798,2017-09-15
2017-09-15,6661.5211,6663.5099,6603.7281,6622.0438,10938423400.0,134077144215.6,6672.1849,2017-09-18
2017-09-18,6616.1288,6669.4548,6616.1288,6669.4548,8885059700.0,110670656817.2,6622.0438,2017-09-19
2017-09-19,6670.9661,6681.2538,6611.7512,6636.0201,9351872100.0,117508671750.2,6669.4548,2017-09-20
2017-09-20,6627.6924,6692.712,6613.6567,6692.4724,10197248600.0,126534090096.8,6636.0201,2017-09-21
2017-09-21,6684.6496,6687.1159,6612.0456,6612.0456,9893749300.0,121143624354.1,6692.4724,2017-09-22
2017-09-22,6591.1499,6592.8847,6547.2774,6572.0096,8523646900.0,103274189389.1,6612.0456,2017-09-25
2017-09-25,6560.1354,6567.9978,6484.2077,6489.8441,7782925000.0,97438346165.1,6572.0096,2017-09-26
2017-09-26,6484.3412,6520.7175,6482.2856,6520.7175,6776594500.0,82514551820.5,6489.8441,2017-09-27
2017-09-27,6523.4951,6589.7354,6522.2036,6583.1401,7517127200.0,94752430762.7,6520.7175,2017-09-28
2017-09-28,6577.4321,6599.127,6565.8825,6567.7915,7462589200.0,94419077216.6,6583.1401,2017-09-29
2017-09-29,6572.4498,6611.6531,6572.4498,6603.2587,7093629400.0,91769780477.8,6567.7915,2017-10-09
2017-10-09,6682.5774,6696.6664,6657.5305,6678.371,8641966900.0,110668639557.2,6603.2587,2017-10-10
2017-10-10,6677.3723,6705.7177,6658.8617,6705.4812,8700518600.0,111479285755.5,6678.371,2017-10-11
2017-10-11,6702.6899,6703.5828,6661.0883,6666.4696,9074605300.0,120911021265.5,6705.4812,2017-10-12
2017-10-12,6658.1296,6674.3844,6611.9745,6659.0957,7796096200.0,99226610300.5,6666.4696,2017-10-13
2017-10-13,6660.0264,6711.9305,6659.8792,6709.8164,7292562100.0,94892307593.1,6659.0957,2017-10-16
2017-10-16,6709.8738,6709.8738,6609.6192,6619.2056,8587104800.0,109216606950.5,6709.8164,2017-10-17
2017-10-17,6604.33,6644.7522,6589.5417,6612.9428,5941924700.0,78773100831.5,6619.2056,2017-10-18
2017-10-18,6612.4885,6630.6685,6557.6601,6563.4369,7337096600.0,88963265926.0,6612.9428,2017-10-19
2017-10-19,6553.8676,6562.3529,6494.731,6501.3999,7261579000.0,85253455867.4,6563.4369,2017-10-20
2017-10-20,6489.7895,6571.442,6485.8051,6571.424,6047931600.0,77533389310.5,6501.3999,2017-10-23
2017-10-23,6569.7861,6613.031,6562.9058,6612.7637,6048195300.0,79350010216.7,6571.424,2017-10-24
2017-10-24,6605.5206,6605.8991,6556.3449,6603.0042,5917131400.0,78606997171.5,6612.7637,2017-10-25
2017-10-25,6596.7906,6648.3874,6593.0745,6647.892,5864690200.0,80183428257.8,6603.0042,2017-10-26
2017-10-26,6639.8865,6686.1192,6630.9745,6671.9288,7490589400.0,104752208937.3,6647.892,2017-10-27
2017-10-27,6664.4291,6673.4661,6622.1242,6630.8067,6792114100.0,90443686926.9,6671.9288,2017-10-30
2017-10-30,6621.7788,6629.3003,6460.0478,6511.7616,8376417500.0,109249594174.0,6630.8067,2017-10-31
2017-10-31,6496.6865,6560.2533,6496.6865,6560.2054,6226143600.0,88141843093.6,6511.7616,2017-11-01
2017-11-01,6559.5217,6586.1324,6547.8498,6552.9545,6463277600.0,92988635162.6,6560.2054,2017-11-02
2017-11-02,6541.6099,6541.6099,6476.3728,6484.9258,6755234700.0,90871972558.4,6552.9545,2017-11-03
2017-11-03,6477.8238,6491.0479,6395.4575,6426.9799,6825710200.0,89315916521.4,6484.9258,2017-11-06
2017-11-06,6432.0743,6512.1347,6408.3599,6511.0958,6671760000.0,93924410675.4,6426.9799,2017-11-07
2017-11-07,6508.2062,6552.2591,6498.3931,6551.9363,7237767400.0,97329814711.2,6511.0958,2017-11-08
2017-11-08,6544.59,6601.4665,6534.1588,6561.6897,7380679800.0,101625899477.7,6551.9363,2017-11-09
2017-11-09,6562.3584,6611.3856,6558.4895,6611.3517,6881846600.0,93514199765.1,6561.6897,2017-11-10
2017-11-10,6599.6498,6647.228,6593.033,6641.2164,8001249700.0,112205348030.6,6611.3517,2017-11-13
2017-11-13,6644.6915,6671.2557,6624.671,6671.2054,8459671200.0,122270419657.9,6641.2164,2017-11-14
2017-11-14,6664.6121,6673.7496,6588.2531,6614.5136,8474906100.0,120407808368.9,6671.2054,2017-11-15
2017-11-15,6592.7575,6603.5083,6505.9924,6537.6563,7394918100.0,107724900824.3,6614.5136,2017-11-16
2017-11-16,6529.3137,6570.2755,6511.9028,6558.3085,6794015900.0,97928408032.5,6537.6563,2017-11-17
2017-11-17,6549.2242,6555.7461,6359.5177,6361.9415,8901897200.0,115827869490.7,6558.3085,2017-11-20
2017-11-20,6330.9046,6433.7791,6239.3207,6433.1702,7006670500.0,95164685556.9,6361.9415,2017-11-21
2017-11-21,6420.3884,6473.7012,6397.3583,6456.352,6775458000.0,97778880444.7,6433.1702,2017-11-22
2017-11-22,6456.324,6483.6282,6391.4563,6439.4419,7089592400.0,99818243007.6,6456.352,2017-11-23
2017-11-23,6427.5761,6427.5761,6274.5116,6274.5116,7500973200.0,104105221545.4,6439.4419,2017-11-24
2017-11-24,6250.0573,6307.8896,6243.9629,6278.0287,5904905600.0,82258346139.5,6274.5116,2017-11-27
2017-11-27,6269.2264,6279.5884,6186.0337,6194.5522,5940749100.0,78092823001.2,6278.0287,2017-11-28
2017-11-28,6188.089,6299.3122,6188.089,6299.3122,5647823400.0,71418772702.5,6194.5522,2017-11-29
2017-11-29,6293.246,6329.1768,6245.0599,6318.3684,7656391500.0,94409003341.6,6299.3122,2017-11-30
2017-11-30,6303.9177,6322.0435,6248.1826,6263.421,6088335500.0,77704182844.4,6318.3684,2017-12-01
2017-12-01,6259.9562,6323.8353,6256.2283,6316.4072,5474628200.0,72064723367.2,6263.421,2017-12-04
2017-12-04,6311.2164,6334.8705,6272.6686,6279.6206,6018816900.0,79301552971.8,6316.4072,2017-12-05
2017-12-05,6265.7867,6279.3926,6099.4066,6132.912,6969023200.0,87408924597.4,6279.6206,2017-12-06
2017-12-06,6116.1611,6173.3507,6053.2411,6172.8031,6026721300.0,74993647698.0,6132.912,2017-12-07
2017-12-07,6156.3505,6182.7533,6130.8335,6135.4702,5309797200.0,69245091449.4,6172.8031,2017-12-08
2017-12-08,6128.1209,6217.5728,6126.3771,6203.1433,5557924400.0,72390389048.2,6135.4702,2017-12-11
2017-12-11,6214.6446,6286.5003,6214.6446,6286.1656,6111290600.0,77392024898.2,6203.1433,2017-12-12
2017-12-12,6281.1391,6290.8469,6233.2115,6233.2115,5661439700.0,73964805523.1,6286.1656,2017-12-13
2017-12-13,6224.7821,6277.7254,6217.7869,6277.441,5035200100.0,64676017754.6,6233.2115,2017-12-14
2017-12-14,6273.607,6288.5024,6247.6765,6284.0807,5575924000.0,72497810175.5,6277.441,2017-12-15
2017-12-15,6274.0975,6278.9264,6214.6465,6235.7608,6193811200.0,77690464896.2,6284.0807,2017-12-18
2017-12-18,6229.7416,6247.5919,6179.028,6199.9889,5377219000.0,67137249169.2,6235.7608,2017-12-19
2017-12-19,6200.9337,6251.492,6200.7071,6251.2416,5263930800.0,65186684816.6,6199.9889,2017-12-20
2017-12-20,6244.0618,6246.9097,6188.3236,6199.3628,5781453200.0,69446005872.7,6251.2416,2017-12-21
2017-12-21,6191.7811,6255.8425,6148.8168,6238.4987,5924585900.0,73900048518.3,6199.3628,2017-12-22
2017-12-22,6236.226,6269.3135,6235.226,6242.8847,5501064400.0,70736577941.6,6238.4987,2017-12-25
2017-12-25,6244.8639,6257.0206,6170.682,6185.5907,6126471200.0,75604344578.0,6242.8847,2017-12-26
2017-12-26,6179.5601,6220.4992,6148.1044,6220.1473,5767165600.0,69117514462.3,6185.5907,2017-12-27
2017-12-27,6213.2428,6228.8826,6168.131,6173.1528,6419752900.0,78009656616.2,6220.1473,2017-12-28
2017-12-28,6163.9637,6219.5391,6157.1051,6204.2702,6587754200.0,78010228451.1,6173.1528,2017-12-29
2017-12-29,6201.4554,6250.8207,6201.4554,6250.8207,5716563100.0,71841804484.6,6204.2702,2018-01-02
2018-01-02,6263.1506,6332.6089,6258.1563,6332.2269,7303223500.0,88153985315.5,6250.8207,2018-01-03
2018-01-03,6331.7199,6391.9799,6324.2604,6388.2533,8393674500.0,103454686367.8,6332.2269,2018-01-04
2018-01-04,6380.2665,6418.256,6375.5134,6417.535,8054369000.0,102929659395.6,6388.2533,2018-01-05
2018-01-05,6414.7658,6435.854,6397.2929,6417.2537,8158101800.0,97642297444.1,6417.535,2018-01-08
2018-01-08,6413.8733,6446.7879,6393.8819,6446.1818,8947692900.0,106389590369.8,6417.2537,2018-01-09
2018-01-09,6441.6841,6449.0346,6425.0274,6445.7462,7557321700.0,92837783215.8,6446.1818,2018-01-10
2018-01-10,6443.4609,6444.3088,6361.0948,6405.9395,8096697400.0,98938304429.0,6445.7462,2018-01-11
2018-01-11,6391.9041,6432.4398,6371.5436,6425.9401,7877007100.0,91569210697.9,6405.9395,2018-01-12
2018-01-12,6418.8273,6435.1946,6387.7824,6399.3737,7783455800.0,89777057637.5,6425.9401,2018-01-15
2018-01-15,6391.3662,6392.5174,6236.5629,6253.3759,9147403200.0,110512921326.1,6399.3737,2018-01-16
2018-01-16,6245.153,6301.4047,6245.1129,6301.1327,7916973400.0,96364861655.1,6253.3759,2018-01-17
2018-01-17,6288.0169,6288.1439,6202.3151,6267.4599,8419550300.0,99694461861.5,6301.1327,2018-01-18
2018-01-18,6253.0611,6295.7766,6253.0611,6286.8007,6501529300.0,76896813454.7,6267.4599,2018-01-19
2018-01-19,6284.5962,6316.9977,6261.2353,6272.38,7180674200.0,84263163775.9,6286.8007,2018-01-22
2018-01-22,6264.755,6347.8147,6248.3142,6347.6383,7276116900.0,85475484244.8,6272.38,2018-01-23
2018-01-23,6342.6884,6362.58,6330.4561,6354.9978,6675388600.0,80539655636.3,6347.6383,2018-01-24
2018-01-24,6353.2979,6395.5723,6322.9197,6394.2999,7734772700.0,94754084072.6,6354.9978,2018-01-25
2018-01-25,6386.7993,6424.3507,6380.8375,6382.7165,8108293700.0,95990443458.7,6394.2999,2018-01-26
2018-01-26,6374.0998,6401.4838,6368.9006,6383.6312,6900454900.0,82476800609.4,6382.7165,2018-01-29
2018-01-29,6385.0365,6398.9699,6295.8952,6309.8836,8403116100.0,96862079561.9,6383.6312,2018-01-30
2018-01-30,6301.3482,6330.5373,6300.4556,6313.442,7069968800.0,81577586589.1,6309.8836,2018-01-31
2018-01-31,6277.7418,6277.7418,6170.1606,6189.3413,8073349500.0,88106213760.6,6313.442,2018-02-01
2018-02-01,6180.9992,6196.7148,5984.2843,5984.7428,9496852400.0,102122046941.5,6189.3413,2018-02-02
2018-02-02,5937.6198,6006.4745,5844.4638,6004.8494,8374756100.0,89557325619.6,5984.7428,2018-02-05
2018-02-05,5927.7367,6016.157,5907.4691,5998.2236,7404651900.0,79277070536.3,6004.8494,2018-02-06
2018-02-06,5886.3455,5920.7398,5702.8503,5704.2641,9234070900.0,95655940854.5,5998.2236,2018-02-07
2018-02-07,5805.965,5831.8113,5630.0868,5711.3322,8523599700.0,88965422772.9,5704.2641,2018-02-08
2018-02-08,5695.6656,5786.7852,5691.2916,5766.4797,6244479700.0,66338245095.3,5711.3322,2018-02-09
2018-02-09,5631.9603,5663.1036,5490.6248,5554.8974,8431884200.0,82291670302.2,5766.4797,2018-02-12
2018-02-12,5581.7113,5714.8183,5581.7113,5699.0979,5724649400.0,61430758213.2,5554.8974,2018-02-13
2018-02-13,5731.147,5789.6975,5727.754,5736.9505,5720863400.0,62790499693.1,5699.0979,2018-02-14
2018-02-14,5741.8838,5761.7685,5712.879,5754.8344,4139822200.0,42489982297.3,5736.9505,2018-02-22
2018-02-22,5800.9493,5875.7592,5797.9076,5875.7272,5963610700.0,61991950412.5,5754.8344,2018-02-23
2018-02-23,5877.7159,5902.9357,5848.5227,5897.6765,6214785000.0,64825103161.3,5875.7272,2018-02-26
2018-02-26,5926.4208,6032.1358,5917.6165,6029.6795,8307398700.0,92064854906.1,5897.6765,2018-02-27
2018-02-27,6025.8832,6042.3888,6000.881,6010.5573,7702215800.0,90285128511.5,6029.6795,2018-02-28
2018-02-28,5967.8977,6044.0694,5939.6425,6023.677,7098691700.0,82266508208.2,6010.5573,2018-03-01
2018-03-01,5987.3591,6090.9953,5974.1183,6090.2247,7310177300.0,86470400021.7,6023.677,2018-03-02
2018-03-02,6053.4765,6094.7976,6044.2591,6056.3354,7343482900.0,86135000102.6,6090.2247,2018-03-05
2018-03-05,6066.683,6080.9695,6031.9803,6064.0983,6732469300.0,82113731231.5,6056.3354,2018-03-06
2018-03-06,6077.3686,6145.8509,6070.7211,6145.5768,8349576700.0,99900152654.5,6064.0983,2018-03-07
2018-03-07,6133.9467,6149.097,6082.5838,6086.4874,7459412900.0,84935051856.6,6145.5768,2018-03-08
2018-03-08,6073.6712,6131.7046,6073.6712,6131.5142,6788991100.0,76733020342.1,6086.4874,2018-03-09
2018-03-09,6131.1248,6211.2784,6131.0147,6206.9754,8592834100.0,98413231491.5,6131.5142,2018-03-12
2018-03-12,6230.8127,6295.7805,6230.3909,6295.7776,9766227600.0,117237502376.7,6206.9754,2018-03-13
2018-03-13,6285.802,6297.4323,6251.3986,6254.1457,8480475800.0,97523497129.6,6295.7776,2018-03-14
2018-03-14,6234.2418,6253.172,6185.1784,6189.317,7546663300.0,87185225281.0,6254.1457,2018-03-15
2018-03-15,6172.853,6203.2422,6117.5974,6180.1108,7217392100.0,82975054447.7,6189.317,2018-03-16
2018-03-16,6181.381,6205.8679,6146.3058,6146.3058,6507353400.0,75643387215.7,6180.1108,2018-03-19
2018-03-19,6142.52,6186.6139,6118.2953,6153.8339,6723321400.0,78681889715.7,6146.3058,2018-03-20
2018-03-20,6109.605,6176.4962,6091.5038,6173.6984,6747566200.0,78423733545.7,6153.8339,2018-03-21
2018-03-21,6182.109,6224.5559,6125.1353,6129.2042,7948716100.0,92526116107.9,6173.6984,2018-03-22
2018-03-22,6130.0482,6161.3749,6074.6568,6101.2276,6740744100.0,78135866726.3,6129.2042,2018-03-23
2018-03-23,5913.3683,5978.4232,5722.773,5787.1523,12136706100.0,121045067670.7,6101.2276,2018-03-26
2018-03-26,5715.3523,5902.9588,5675.3664,5902.9588,8477291300.0,91809710463.2,5787.1523,2018-03-27
2018-03-27,5956.2359,6043.0533,5956.2359,6034.775,8919927100.0,106538869536.0,5902.9588,2018-03-28
2018-03-28,5962.5642,6036.1584,5949.1042,5973.3414,7529909400.0,90975268229.1,6034.775,2018-03-29
2018-03-29,5993.9722,6040.8623,5967.6342,6034.8572,6881373500.0,82742504255.8,5973.3414,2018-03-30
2018-03-30,6052.1757,6115.2732,6051.0212,6114.7382,7304648900.0,94445331821.3,6034.8572,2018-04-02
2018-04-02,6127.2334,6169.2991,6113.3388,6121.9642,8543383300.0,109910556973.9,6114.7382,2018-04-03
2018-04-03,6039.0675,6066.4443,6008.5085,6059.7089,7174988300.0,87808371289.4,6121.9642,2018-04-04
2018-04-04,6077.6466,6098.8378,6011.1516,6017.6863,6726019800.0,83134527957.9,6059.7089,2018-04-09
2018-04-09,5994.3471,6053.9687,5954.5372,6025.6493,6485182000.0,79255887033.3,6017.6863,2018-04-10
2018-04-10,6032.4888,6064.3858,5992.997,6063.7423,6942099000.0,81611900906.0,6025.6493,2018-04-11
2018-04-11,6082.0316,6110.1768,6073.22,6086.6126,6624885900.0,81079826331.4,6063.7423,2018-04-12
2018-04-12,6073.7659,6091.9834,6039.564,6051.3346,6052424000.0,72705100809.7,6086.6126,2018-04-13
2018-04-13,6073.8353,6093.3469,6018.0068,6027.1867,5415763600.0,66885602109.6,6051.3346,2018-04-16
2018-04-16,6018.1688,6053.9874,5966.1961,6012.4053,7098586100.0,87151671406.4,6027.1867,2018-04-17
2018-04-17,6024.5543,6038.2486,5886.023,5890.8571,7192025800.0,88004229070.6,6012.4053,2018-04-18
2018-04-18,5925.84,5981.3374,5826.6505,5970.6577,7620171200.0,98199217831.7,5890.8571,2018-04-19
2018-04-19,5965.2369,6041.9856,5962.7142,6004.7334,7599855600.0,99648952358.9,5970.6577,2018-04-20
2018-04-20,5984.0635,5999.0105,5872.5044,5880.8359,7239138900.0,90559645161.4,6004.7334,2018-04-23
2018-04-23,5885.6124,5913.5679,5761.9719,5823.9205,6395239900.0,81374959446.4,5880.8359,2018-04-24
2018-04-24,5825.4524,5957.8295,5825.4524,5957.1927,6795411800.0,85162005262.5,5823.9205,2018-04-25
2018-04-25,5929.405,5968.8794,5919.5228,5959.422,6038279000.0,78868220459.7,5957.1927,2018-04-26
2018-04-26,5951.1919,5955.2617,5846.0802,5847.9766,6263839400.0,77107589606.2,5959.422,2018-04-27
2018-04-27,5865.4419,5886.0043,5808.7832,5860.9836,5599782200.0,72295757676.1,5847.9766,2018-05-02
2018-05-02,5861.8413,5894.4595,5817.3868,5855.3233,6314702700.0,78765922510.6,5860.9836,2018-05-03
2018-05-03,5843.0903,5911.0865,5779.7298,5910.6058,6760449000.0,83816639268.5,5855.3233,2018-05-04
2018-05-04,5891.1201,5939.952,5883.7048,5909.2944,5546404700.0,73639276000.2,5910.6058,2018-05-07
2018-05-07,5921.3128,6023.1928,5918.3792,6019.1409,6403335800.0,83485023684.2,5909.2944,2018-05-08
2018-05-08,6023.5829,6042.0682,6012.1266,6041.8143,6219466600.0,80480596675.3,6019.1409,2018-05-09
2018-05-09,6034.4563,6042.906,6002.3882,6029.2329,5412415300.0,67413871006.6,6041.8143,2018-05-10
2018-05-10,6036.0064,6052.7094,5999.951,6040.5716,5831066500.0,72313749966.0,6029.2329,2018-05-11
2018-05-11,6044.9828,6052.5421,5989.4278,5991.3424,6384725300.0,76807400760.5,6040.5716,2018-05-14
2018-05-14,5982.4709,6008.8875,5951.6746,5967.5541,5979819200.0,75641885813.0,5991.3424,2018-05-15
2018-05-15,5972.1618,6021.016,5947.457,6020.5697,5472154600.0,69542971179.0,5967.5541,2018-05-16
2018-05-16,6002.7535,6045.0343,5991.3751,6004.0696,5833864000.0,74115190083.8,6020.5697,2018-05-17
2018-05-17,6000.7411,6010.2957,5959.7307,5973.7785,5299727300.0,65967379650.2,6004.0696,2018-05-18
2018-05-18,5968.5598,6000.9482,5932.1295,5995.1497,5786827400.0,70899023730.8,5973.7785,2018-05-21
2018-05-21,6034.4261,6080.8222,6034.0581,6072.1991,7072245100.0,86933285889.6,5995.1497,2018-05-22
2018-05-22,6066.2505,6092.9069,6052.0902,6092.9069,6226685200.0,74429137264.9,6072.1991,2018-05-23
2018-05-23,6080.7259,6081.533,6012.4165,6013.8472,6784586800.0,82629862738.1,6092.9069,2018-05-24
2018-05-24,6014.021,6028.5017,5986.7233,5992.6209,5371180800.0,67066127742.8,6013.8472,2018-05-25
2018-05-25,5983.9402,5992.4798,5909.0449,5917.7978,5779380900.0,69492013354.5,5992.6209,2018-05-28
2018-05-28,5910.4817,5938.0723,5858.2716,5891.2627,5781012200.0,68653122203.0,5917.7978,2018-05-29
2018-05-29,5884.5898,5921.7203,5832.5523,5835.4456,5617992900.0,67901925167.8,5891.2627,2018-05-30
2018-05-30,5759.449,5778.0424,5675.9116,5682.5881,6852788500.0,76127637098.0,5835.4456,2018-05-31
2018-05-31,5722.9475,5760.2038,5672.183,5754.4746,5600885400.0,65192215183.8,5682.5881,2018-06-01
2018-06-01,5729.9177,5759.4979,5654.8402,5685.1155,5383357100.0,61533903644.1,5754.4746,2018-06-04
2018-06-04,5692.9699,5707.4932,5652.1361,5683.1486,4675028200.0,54050300212.8,5685.1155,2018-06-05
2018-06-05,5681.2157,5779.862,5680.4942,5779.0778,4741047000.0,56450385317.5,5683.1486,2018-06-06
2018-06-06,5770.7144,5784.6061,5748.701,5774.2575,4818250800.0,56304602755.6,5779.0778,2018-06-07
2018-06-07,5786.4601,5798.3297,5734.6345,5738.0176,4737619100.0,54089371805.6,5774.2575,2018-06-08
2018-06-08,5731.8389,5731.8389,5630.6578,5669.3031,5292555500.0,58767162889.8,5738.0176,2018-06-11
2018-06-11,5657.6488,5672.6279,5612.8656,5632.3566,4310969100.0,48746492298.7,5669.3031,2018-06-12
2018-06-12,5638.3479,5693.6129,5594.9231,5693.3461,4664535800.0,54189505136.9,5632.3566,2018-06-13
2018-06-13,5678.8092,5679.6739,5605.5454,5607.0173,4923421400.0,53944405089.9,5693.3461,2018-06-14
2018-06-14,5590.5682,5645.194,5570.8344,5586.9314,4441970900.0,49865462907.5,5607.0173,2018-06-15
2018-06-15,5582.8396,5593.6872,5448.0748,5483.9446,5644857400.0,59537596123.6,5586.9314,2018-06-19
2018-06-19,5396.6847,5409.4108,5070.2182,5141.7095,8298635300.0,76922845435.4,5483.9446,2018-06-20
2018-06-20,5114.0613,5222.8827,5090.2209,5198.3935,6032941700.0,57106400036.8,5141.7095,2018-06-21
2018-06-21,5196.1295,5244.6532,5086.931,5089.2522,6324047800.0,60429343500.6,5198.3935,2018-06-22
2018-06-22,5052.436,5165.0353,5017.509,5160.1228,5168920600.0,49898726273.8,5089.2522,2018-06-25
2018-06-25,5196.6483,5211.7609,5121.2091,5125.0333,4786081100.0,46663143996.8,5160.1228,2018-06-26
2018-06-26,5059.3834,5170.1673,5044.2434,5160.2829,5106658700.0,49773352500.2,5125.0333,2018-06-27
2018-06-27,5159.6219,5188.2017,5089.711,5109.4975,4985784100.0,48613424210.3,5160.2829,2018-06-28
2018-06-28,5097.5086,5150.655,5050.324,5055.1093,4776751800.0,46664972984.3,5109.4975,2018-06-29
2018-06-29,5061.0885,5218.9061,5054.0532,5217.7643,5723493700.0,57894812192.6,5055.1093,2018-07-02
2018-07-02,5216.8532,5238.6382,5100.8747,5138.7826,5524892900.0,58629477980.9,5217.7643,2018-07-03
2018-07-03,5138.5477,5203.3646,5054.6573,5197.1313,6142423300.0,64268450147.8,5138.7826,2018-07-04
2018-07-04,5171.1897,5180.2744,5102.782,5121.3436,5385995100.0,53143823674.5,5197.1313,2018-07-05
2018-07-05,5109.1425,5126.4735,4981.7793,4982.7627,5292741400.0,52638805702.9,5121.3436,2018-07-06
2018-07-06,4981.983,5061.0439,4897.2582,4996.6299,6134025500.0,62083400326.3,4982.7627,2018-07-09
2018-07-09,5007.213,5107.8749,5007.213,5107.5507,5293715900.0,55786376988.2,4996.6299,2018-07-10
2018-07-10,5114.1215,5141.713,5094.2862,5136.5326,5222766900.0,54565886988.8,5107.5507,2018-07-11
2018-07-11,5060.0722,5070.4863,4973.9884,5036.1565,5891526200.0,58812377652.2,5136.5326,2018-07-12
2018-07-12,5029.2944,5184.0235,5029.2944,5172.5032,6808956600.0,71215041000.9,5036.1565,2018-07-13
2018-07-13,5174.5091,5207.3602,5167.1585,5204.1855,5635421000.0,61214640119.5,5172.5032,2018-07-16
2018-07-16,5201.528,5216.5644,5170.2219,5195.2002,5166737200.0,57488249263.2,5204.1855,2018-07-17
2018-07-17,5189.1488,5196.1969,5132.2064,5196.1969,4824332200.0,52610201449.3,5195.2002,2018-07-18
2018-07-18,5198.8899,5220.1757,5156.6363,5156.6363,5525713400.0,57391510842.7,5196.1969,2018-07-19
2018-07-19,5153.3769,5179.727,5088.1243,5111.3271,5048393400.0,51462192224.2,5156.6363,2018-07-20
2018-07-20,5105.6524,5184.8744,5072.1645,5175.2516,5786851400.0,58971319074.2,5111.3271,2018-07-23
2018-07-23,5146.6187,5214.3806,5132.3831,5214.0038,6848431500.0,71205888479.7,5175.2516,2018-07-24
2018-07-24,5213.3942,5315.6706,5211.9422,5304.641,8820181600.0,89531029280.2,5214.0038,2018-07-25
2018-07-25,5308.0154,5332.616,5294.4201,5308.6569,7485086000.0,72266872319.8,5304.641,2018-07-26
2018-07-26,5307.3043,5318.8808,5262.3114,5273.4789,7512024000.0,65271805644.8,5308.6569,2018-07-27
2018-07-27,5270.2317,5281.351,5230.1017,5249.2904,6171588700.0,54149400064.2,5273.4789,2018-07-30
2018-07-30,5244.7718,5255.1878,5167.4021,5185.151,6083602400.0,58367011437.8,5249.2904,2018-07-31
2018-07-31,5182.8265,5208.3796,5163.6611,5188.7166,4949635600.0,49340085643.8,5185.151,2018-08-01
2018-08-01,5198.4559,5233.5012,5105.3741,5105.3741,6036948500.0,58600856449.8,5188.7166,2018-08-02
2018-08-02,5094.3419,5094.3419,4887.5023,4996.012,7439032500.0,67786089635.1,5105.3741,2018-08-03
2018-08-03,4982.894,5008.2403,4929.75,4929.75,5073579700.0,48281908095.0,4996.012,2018-08-06
2018-08-06,4919.5015,4941.1774,4798.85,4825.2508,5245522000.0,51046892567.4,4929.75,2018-08-07
2018-08-07,4836.3133,4956.8718,4797.4529,4956.8718,5914578000.0,55813440681.5,4825.2508,2018-08-08
2018-08-08,4940.7793,4952.4185,4877.6644,4880.5694,5808305100.0,53408613615.2,4956.8718,2018-08-09
2018-08-09,4862.1543,5030.1616,4856.4815,5004.7733,6826483300.0,64727844418.3,4880.5694,2018-08-10
2018-08-10,5000.0489,5037.493,4990.8297,5030.5148,5318501200.0,53025202318.1,5004.7733,2018-08-13
2018-08-13,4981.3434,5064.0215,4958.8879,5055.2753,5572265200.0,57931356663.2,5030.5148,2018-08-14
2018-08-14,5043.89,5061.4064,5016.3217,5037.8831,4637591200.0,47977087129.2,5055.2753,2018-08-15
2018-08-15,5035.5656,5038.7747,4929.1978,4932.8063,5334998500.0,49219326097.4,5037.8831,2018-08-16
2018-08-16,4876.6946,4943.2003,4836.0505,4888.3712,5239384400.0,47422713812.2,4932.8063,2018-08-17
2018-08-17,4923.4353,4941.1012,4793.7669,4803.0285,5170797400.0,47777882688.9,4888.3712,2018-08-20
2018-08-20,4794.2367,4832.9089,4736.5592,4832.6512,5163111200.0,47753724288.6,4803.0285,2018-08-21
2018-08-21,4831.2092,4901.1166,4816.8528,4891.9801,4973790400.0,48883527002.3,4832.6512,2018-08-22
2018-08-22,4877.0124,4878.8189,4829.6051,4837.0183,4392226700.0,41150044535.3,4891.9801,2018-08-23
2018-08-23,4832.0069,4885.8114,4821.1107,4863.6651,4726381100.0,47302482148.5,4837.0183,2018-08-24
2018-08-24,4853.8649,4880.891,4831.8874,4852.2887,4389810000.0,41741677833.7,4863.6651,2018-08-27
2018-08-27,4859.1248,4964.4514,4859.1248,4960.0655,5854579900.0,58402040239.4,4852.2887,2018-08-28
2018-08-28,4964.7342,4983.9404,4954.1656,4974.2072,5346544000.0,53028656165.2,4960.0655,2018-08-29
2018-08-29,4972.0849,4974.1638,4929.4589,4941.9607,5327221200.0,45121110906.2,4974.2072,2018-08-30
2018-08-30,4937.6506,4952.6076,4861.0555,4867.1214,5415846200.0,47422496786.4,4941.9607,2018-08-31
2018-08-31,4854.9649,4862.4442,4805.207,4814.8237,4801205400.0,42052874630.5,4867.1214,2018-09-03
2018-09-03,4808.3791,4840.1523,4754.8097,4838.873,5290260200.0,46495749585.7,4814.8237,2018-09-04
2018-09-04,4833.8785,4905.016,4828.5239,4890.2806,6102491400.0,54969300206.2,4838.873,2018-09-05
2018-09-05,4877.1141,4886.2734,4814.9568,4815.0343,5840354300.0,47239977654.9,4890.2806,2018-09-06
2018-09-06,4800.935,4849.1761,4773.8777,4793.3454,4586849400.0,44572540920.2,4815.0343,2018-09-07
2018-09-07,4796.8356,4867.5336,4759.4919,4791.7779,5360007200.0,53242803442.3,4793.3454,2018-09-10
2018-09-10,4792.5991,4794.0136,4701.289,4704.8782,5132647500.0,45376003770.5,4791.7779,2018-09-11
2018-09-11,4702.8347,4738.2588,4669.4177,4702.9032,4996800700.0,42215660888.1,4704.8782,2018-09-12
2018-09-12,4700.8996,4733.5829,4681.1267,4693.9743,4254088200.0,38524810760.4,4702.9032,2018-09-13
2018-09-13,4727.4302,4752.8965,4655.2143,4721.2121,5569210200.0,47279214487.5,4693.9743,2018-09-14
2018-09-14,4720.7775,4724.003,4669.9429,4670.0799,5644793000.0,44931921145.7,4721.2121,2018-09-17
2018-09-17,4649.9497,4649.9497,4586.3157,4602.3901,4933894600.0,37905863065.0,4670.0799,2018-09-18
2018-09-18,4588.2344,4684.2885,4584.4336,4683.5056,5443232600.0,44579158885.4,4602.3901,2018-09-19
2018-09-19,4673.9479,4772.9524,4664.1301,4736.8934,6705585600.0,55671375968.9,4683.5056,2018-09-20
2018-09-20,4734.4822,4761.4084,4723.3049,4733.4806,5639897400.0,43574339399.9,4736.8934,2018-09-21
2018-09-21,4743.8051,4813.2902,4721.6883,4805.2151,6589519600.0,52507709798.8,4733.4806,2018-09-25
2018-09-25,4774.7923,4810.3431,4763.2055,4792.5507,5265424000.0,42641650958.5,4805.2151,2018-09-26
2018-09-26,4794.0697,4841.7044,4782.3906,4815.6306,6471955600.0,51709759381.7,4792.5507,2018-09-27
2018-09-27,4812.6445,4817.6168,4754.2773,4755.3803,6143767200.0,47097829211.4,4815.6306,2018-09-28
2018-09-28,4762.3345,4802.1578,4746.1771,4800.7287,5726864000.0,45938739634.3,4755.3803,2018-10-08
2018-10-08,4722.4176,4737.2892,4639.4004,4646.4929,6327566400.0,49494827742.0,4800.7287,2018-10-09
2018-10-09,4652.4876,4685.2177,4612.6352,4634.8939,5043745400.0,41244020750.1,4646.4929,2018-10-10
2018-10-10,4634.6392,4655.5462,4586.8864,4629.8877,5133963700.0,39541080143.7,4634.8939,2018-10-11
2018-10-11,4483.2662,4503.1983,4274.6995,4307.4208,9056360100.0,64480315025.4,4629.8877,2018-10-12
2018-10-12,4267.3555,4300.0061,4136.6293,4278.0353,8152514900.0,56700633804.0,4307.4208,2018-10-15
2018-10-15,4283.3557,4317.7101,4195.8308,4199.1532,6229184800.0,44849001650.6,4278.0353,2018-10-16
2018-10-16,4193.3791,4221.3422,4076.8707,4099.6831,6107665900.0,44015881330.7,4199.1532,2018-10-17
2018-10-17,4147.3455,4167.7603,4038.4243,4133.3832,6952388100.0,47137717264.1,4099.6831,2018-10-18
2018-10-18,4104.3335,4104.3335,4013.6486,4018.4614,5978391100.0,40382606948.5,4133.3832,2018-10-19
2018-10-19,3958.4458,4130.9325,3948.5593,4127.9854,6956157800.0,49937027367.6,4018.4614,2018-10-22
2018-10-22,4165.7571,4375.5985,4165.7571,4333.1445,9295831900.0,69510999528.9,4127.9854,2018-10-23
2018-10-23,4336.4461,4350.7285,4228.3294,4253.5561,7466806500.0,54448393796.6,4333.1445,2018-10-24
2018-10-24,4233.8377,4297.3708,4207.1648,4245.4884,6282348200.0,44264708175.2,4253.5561,2018-10-25
2018-10-25,4124.1854,4240.5841,4103.5602,4234.4208,6968720600.0,48371839269.6,4245.4884,2018-10-26
2018-10-26,4260.9102,4294.5553,4217.7896,4233.9585,6798362100.0,46824099369.3,4234.4208,2018-10-29
2018-10-29,4220.635,4227.6435,4144.8064,4162.5255,5745157000.0,41278101418.5,4233.9585,2018-10-30
2018-10-30,4145.3966,4233.7942,4096.136,4204.5424,7283465000.0,52308156537.7,4162.5255,2018-10-31
2018-10-31,4207.7588,4298.2426,4204.3595,4272.5518,7468776500.0,53243305592.6,4204.5424,2018-11-01
2018-11-01,4299.4595,4367.7304,4294.8669,4298.9837,8605914200.0,65004691637.8,4272.5518,2018-11-02
2018-11-02,4366.734,4437.9818,4360.8748,4437.9456,9689216800.0,75808808223.6,4298.9837,2018-11-05
2018-11-05,4427.6324,4466.1357,4375.0414,4440.8274,8777727700.0,66155141568.2,4437.9456,2018-11-06
2018-11-06,4427.3572,4440.1054,4385.3273,4438.0965,6980304900.0,51219256984.2,4440.8274,2018-11-07
2018-11-07,4437.7218,4479.6944,4414.0703,4415.136,7808636800.0,58896533554.8,4438.0965,2018-11-08
2018-11-08,4442.6555,4450.9818,4379.8833,4382.3286,7214535500.0,51522224307.5,4415.136,2018-11-09
2018-11-09,4363.2135,4396.3932,4348.8119,4368.6143,6742496000.0,45846347515.2,4382.3286,2018-11-12
2018-11-12,4360.6321,4481.7736,4354.4675,4481.6881,8699053600.0,59949621268.4,4368.6143,2018-11-13
2018-11-13,4430.9498,4588.4964,4422.9479,4563.5351,12871036300.0,84982054207.1,4481.6881,2018-11-14
2018-11-14,4551.7973,4600.1289,4534.5243,4545.5089,11259883000.0,74023764775.6,4563.5351,2018-11-15
2018-11-15,4540.8808,4619.8141,4539.9556,4619.8141,9830520000.0,69668883541.0,4545.5089,2018-11-16
2018-11-16,4625.0038,4691.5609,4609.8319,4659.0965,11067182400.0,82381068855.3,4619.8141,2018-11-19
2018-11-19,4660.475,4677.9674,4612.4837,4670.737,11101510600.0,82549163316.2,4659.0965,2018-11-20
2018-11-20,4629.1263,4645.9,4535.8739,4537.4493,10312422500.0,76300239206.5,4670.737,2018-11-21
2018-11-21,4483.378,4564.5342,4476.4164,4554.6747,9015662700.0,65298600566.4,4537.4493,2018-11-22
2018-11-22,4562.6424,4583.3734,4528.2409,4551.3264,7527499300.0,54157291828.3,4554.6747,2018-11-23
2018-11-23,4542.1102,4547.5147,4365.3486,4374.7644,9207482800.0,64245132838.1,4551.3264,2018-11-26
2018-11-26,4371.4238,4408.1135,4347.7472,4367.4619,6858469900.0,45641649802.9,4374.7644,2018-11-27
2018-11-27,4393.2898,4416.357,4361.0232,4387.6515,6235271000.0,43832226111.4,4367.4619,2018-11-28
2018-11-28,4389.8322,4441.8569,4333.0553,4441.8569,7250793100.0,50581746734.4,4387.6515,2018-11-29
2018-11-29,4462.7925,4473.3074,4344.9003,4345.703,7710248100.0,52609677006.8,4441.8569,2018-11-30
2018-11-30,4334.0405,4385.0031,4291.8111,4376.6511,6384878900.0,44026264210.0,4345.703,2018-12-03
2018-12-03,4483.6634,4536.8317,4460.3878,4515.1735,9626575200.0,72617444583.0,4376.6511,2018-12-04
2018-12-04,4506.2466,4538.423,4492.0568,4536.2104,7628021300.0,56315559771.3,4515.1735,2018-12-05
2018-12-05,4456.1979,4532.2794,4445.9731,4502.7021,7427597300.0,55251925549.3,4536.2104,2018-12-06
2018-12-06,4476.8102,4483.3157,4405.8361,4411.0884,6604759600.0,52051360375.0,4502.7021,2018-12-07
2018-12-07,4419.6086,4432.3298,4397.4243,4410.9593,5175505400.0,41253201540.4,4411.0884,2018-12-10
2018-12-10,4381.3803,4396.4047,4350.2267,4359.3122,5394034800.0,40103184692.1,4410.9593,2018-12-11
2018-12-11,4373.0273,4398.063,4365.1182,4395.5702,5043078100.0,37194242182.2,4359.3122,2018-12-12
2018-12-12,4408.9142,4417.6041,4381.3236,4393.324,4809361200.0,35826068754.4,4395.5702,2018-12-13
2018-12-13,4405.0861,4471.2565,4378.4604,4443.1572,6361391000.0,47775555072.2,4393.324,2018-12-14
2018-12-14,4436.0023,4439.0458,4331.3785,4337.1025,6578654600.0,47335305358.0,4443.1572,2018-12-17
2018-12-17,4322.5935,4341.2033,4285.2144,4330.6465,5150281500.0,38561891398.1,4337.1025,2018-12-18
2018-12-18,4308.0478,4339.4043,4266.4517,4307.2675,5130347800.0,37327896872.2,4330.6465,2018-12-19
2018-12-19,4311.2792,4315.1081,4245.1504,4247.8991,4626017400.0,33854346744.0,4307.2675,2018-12-20
2018-12-20,4240.3729,4274.0116,4225.1345,4259.7614,4696785200.0,34730999573.5,4247.8991,2018-12-21
2018-12-21,4246.4287,4260.289,4204.486,4231.144,4711042500.0,35374801446.7,4259.7614,2018-12-24
2018-12-24,4227.354,4276.9745,4215.0226,4274.7218,4184194100.0,32706121619.9,4231.144,2018-12-25
2018-12-25,4233.5432,4244.9521,4132.7639,4225.5124,6038367300.0,43750314455.8,4274.7218,2018-12-26
2018-12-26,4218.6618,4241.3508,4194.305,4208.4053,4503293300.0,34328585011.4,4225.5124,2018-12-27
2018-12-27,4263.3345,4272.8081,4159.7661,4161.2702,5421939300.0,40327766017.9,4208.4053,2018-12-28
2018-12-28,4168.9399,4192.6955,4138.9346,4168.0363,4996418500.0,37350056814.6,4161.2702,2019-01-02
2019-01-02,4176.1098,4179.7233,4125.9356,4131.9567,4749444900.0,35572462260.8,4168.0363,2019-01-03
2019-01-03,4131.6949,4182.1983,4110.527,4112.807,5549124400.0,41103713165.6,4131.9567,2019-01-04
2019-01-04,4075.6217,4210.8786,4071.6898,4210.8786,7344873700.0,52230681319.4,4112.807,2019-01-07
2019-01-07,4235.0346,4297.0238,4223.4585,4288.3234,8115345000.0,59231303976.4,4210.8786,2019-01-08
2019-01-08,4278.2802,4289.6278,4264.6001,4277.2967,6955693700.0,49700132327.3,4288.3234,2019-01-09
2019-01-09,4286.231,4354.1986,4280.6556,4288.7717,8515359500.0,61510931890.9,4277.2967,2019-01-10
2019-01-10,4289.5591,4319.4941,4274.1955,4281.8606,6891088900.0,49243142090.7,4288.7717,2019-01-11
2019-01-11,4282.3935,4316.5413,4267.2889,4314.8757,6835508500.0,46599960151.7,4281.8606,2019-01-14
2019-01-14,4317.5239,4325.9474,4278.761,4286.5474,6767961400.0,44765955489.7,4314.8757,2019-01-15
2019-01-15,4282.9863,4350.9338,4271.6362,4347.3555,7200518100.0,50608143346.9,4286.5474,2019-01-16
2019-01-16,4347.0758,4364.0963,4330.7437,4336.8779,6927474400.0,50030063790.1,4347.3555,2019-01-17
2019-01-17,4334.6309,4347.1786,4297.6681,4303.7308,7456211300.0,48421136077.9,4336.8779,2019-01-18
2019-01-18,4307.1386,4351.4382,4297.4773,4347.8112,8337161100.0,55476936296.5,4303.7308,2019-01-21
2019-01-21,4354.6997,4395.0631,4352.8102,4373.6333,7278153100.0,52937642777.6,4347.8112,2019-01-22
2019-01-22,4370.8568,4370.8568,4291.9624,4308.2518,6949667200.0,47826602460.9,4373.6333,2019-01-23
2019-01-23,4298.938,4322.8895,4292.0872,4315.6846,5848573500.0,40571874370.2,4308.2518,2019-01-24
2019-01-24,4318.7091,4363.2181,4292.8296,4338.17,7063030500.0,51572057926.8,4315.6846,2019-01-25
2019-01-25,4341.4133,4359.4637,4315.9525,4318.4417,7165747800.0,52504910506.0,4338.17,2019-01-28
2019-01-28,4341.4922,4370.898,4297.9632,4307.2196,6727993500.0,49287478131.6,4318.4417,2019-01-29
2019-01-29,4301.4692,4301.4692,4188.594,4254.2875,7775372700.0,54223809273.1,4307.2196,2019-01-30
2019-01-30,4235.2746,4266.8811,4211.1908,4211.6235,5851377000.0,42466758482.8,4254.2875,2019-01-31
2019-01-31,4203.9772,4240.7162,4151.414,4176.4739,7151120500.0,47694716159.1,4211.6235,2019-02-01
2019-02-01,4189.1098,4295.0379,4189.1098,4294.2696,6609967700.0,47693471397.3,4176.4739,2019-02-11
2019-02-11,4306.2006,4403.7282,4306.2006,4402.8668,7529735600.0,56743679261.6,4294.2696,2019-02-12
2019-02-12,4398.4427,4452.5007,4394.8339,4439.485,8527115600.0,61588925288.5,4402.8668,2019-02-13
2019-02-13,4442.7279,4526.2699,4433.0271,4512.4088,11321890300.0,82940466825.7,4439.485,2019-02-14
2019-02-14,4507.8406,4555.2331,4494.5521,4532.1699,9482853300.0,70164059523.1,4512.4088,2019-02-15
2019-02-15,4523.9449,4544.3864,4497.3858,4502.7348,9351160700.0,67254618818.2,4532.1699,2019-02-18
2019-02-18,4527.9685,4660.999,4527.9685,4660.999,12412400400.0,92189941712.6,4502.7348,2019-02-19
2019-02-19,4683.3252,4706.5253,4614.2779,4667.2836,14387476800.0,105704251187.5,4660.999,2019-02-20
2019-02-20,4667.3534,4677.9779,4619.46,4667.6243,12021312900.0,87303394554.9,4667.2836,2019-02-21
2019-02-21,4666.2814,4750.418,4643.1096,4659.1431,14595111300.0,111329120909.4,4667.6243,2019-02-22
2019-02-22,4651.538,4777.2977,4649.2158,4777.2977,14616614200.0,111540083318.7,4659.1431,2019-02-25
2019-02-25,4840.5434,5045.0755,4835.4825,5044.3466,24178357900.0,190541189539.8,4777.2977,2019-02-26
2019-02-26,5059.284,5149.6229,5004.552,5038.5435,26283326500.0,196257557763.0,5044.3466,2019-02-27
2019-02-27,5027.3875,5093.7952,4964.623,5017.8842,20885408700.0,155472037772.2,5038.5435,2019-02-28
2019-02-28,5017.4403,5072.6687,4994.0501,5025.2913,15604287700.0,116972246659.7,5017.8842,2019-03-01
2019-03-01,5047.2277,5067.3068,4984.993,5067.225,14982833000.0,112765394519.4,5025.2913,2019-03-04
2019-03-04,5112.9515,5253.388,5108.2823,5158.2467,23244686400.0,183781732245.9,5067.225,2019-03-05
2019-03-05,5146.6204,5295.2878,5125.154,5295.2878,20689126100.0,168045744430.0,5158.2467,2019-03-06
2019-03-06,5328.1279,5395.554,5256.7934,5390.0294,26496431800.0,209513257015.7,5295.2878,2019-03-07
2019-03-07,5381.2266,5512.6438,5353.5735,5458.6153,26696722000.0,214811701314.4,5390.0294,2019-03-08
2019-03-08,5340.1057,5480.1728,5245.5313,5245.6999,28568024900.0,229867708699.5,5458.6153,2019-03-11
2019-03-11,5279.7507,5456.4199,5272.1903,5456.381,21425221300.0,185766885697.5,5245.6999,2019-03-12
2019-03-12,5500.9359,5591.6863,5458.7596,5551.0029,24933399300.0,216216097858.9,5456.381,2019-03-13
2019-03-13,5557.1556,5557.1556,5388.2464,5424.8642,22434923600.0,201483723055.0,5551.0029,2019-03-14
2019-03-14,5381.11,5432.5207,5236.7529,5298.5024,17860867900.0,154289289898.8,5424.8642,2019-03-15
2019-03-15,5328.8085,5418.3293,5308.0621,5359.0087,15284646500.0,139681586047.2,5298.5024,2019-03-18
2019-03-18,5387.3756,5501.183,5333.2557,5501.183,17265525500.0,153883835940.4,5359.0087,2019-03-19
2019-03-19,5505.6985,5555.1227,5486.7986,5522.1801,16671393100.0,150233661548.1,5501.183,2019-03-20
2019-03-20,5518.3087,5533.0525,5415.7549,5515.7856,17682073500.0,154380099338.4,5522.1801,2019-03-21
2019-03-21,5525.9922,5634.6618,5513.392,5589.478,20715004500.0,184005098811.5,5515.7856,2019-03-22
2019-03-22,5591.0427,5625.095,5505.8058,5622.1402,18195482300.0,168610426964.1,5589.478,2019-03-25
2019-03-25,5521.251,5629.2277,5507.3576,5549.6711,17843293700.0,166384283611.4,5622.1402,2019-03-26
2019-03-26,5571.5251,5589.4127,5380.8535,5394.8787,17616473000.0,160539919363.1,5549.6711,2019-03-27
2019-03-27,5431.9779,5447.8795,5333.7848,5447.8795,14495660800.0,134714503064.4,5394.8787,2019-03-28
2019-03-28,5432.9438,5487.7654,5370.1234,5370.1234,14926108200.0,141312489924.2,5447.8795,2019-03-29
2019-03-29,5370.4209,5550.7601,5346.2139,5547.6561,17833301700.0,164954573844.1,5370.1234,2019-04-01
2019-04-01,5591.6651,5763.5806,5591.6651,5757.8379,22118163100.0,208464845273.6,5547.6561,2019-04-02
2019-04-02,5794.7878,5833.0223,5750.3296,5775.5497,22875028400.0,216017608686.9,5757.8379,2019-04-03
2019-04-03,5744.2215,5843.468,5724.1257,5836.0369,19910476300.0,182304278560.5,5775.5497,2019-04-04
2019-04-04,5868.3919,5894.9882,5813.4624,5871.5575,20883485900.0,196845266327.9,5836.0369,2019-04-08
2019-04-08,5921.2105,5939.4979,5765.9069,5847.6296,23831746600.0,222907102712.6,5871.5575,2019-04-09
2019-04-09,5834.29,5877.84,5798.3736,5858.0464,17936350200.0,169072553747.2,5847.6296,2019-04-10
2019-04-10,5826.0258,5906.4273,5782.3689,5850.7609,17875360700.0,172671580646.6,5858.0464,2019-04-11
2019-04-11,5852.636,5866.9221,5720.5516,5727.1749,16587607300.0,157397019816.4,5850.7609,2019-04-12
2019-04-12,5720.0481,5749.3368,5673.7447,5714.3676,14007834100.0,126121980270.3,5727.1749,2019-04-15
2019-04-15,5795.5011,5815.3916,5654.3441,5655.9825,15775413600.0,147932909423.9,5714.3676,2019-04-16
2019-04-16,5625.1221,5777.0111,5583.6142,5777.0111,15602963200.0,147394539976.1,5655.9825,2019-04-17
2019-04-17,5776.6352,5840.6249,5757.9952,5807.7288,16980015500.0,158856829046.1,5777.0111,2019-04-18
2019-04-18,5804.3014,5826.6736,5762.5678,5775.171,15132250500.0,141406848441.0,5807.7288,2019-04-19
2019-04-19,5762.5009,5810.1798,5710.7953,5810.1798,14872428900.0,133507303999.7,5775.171,2019-04-22
2019-04-22,5821.0229,5824.5207,5704.9769,5723.0417,15816102600.0,143410616804.9,5810.1798,2019-04-23
2019-04-23,5710.7334,5710.7334,5610.7353,5628.0624,14987146100.0,133768248901.6,5723.0417,2019-04-24
2019-04-24,5636.4016,5682.4788,5568.408,5679.7256,13478441200.0,121970724630.8,5628.0624,2019-04-25
2019-04-25,5652.0056,5662.7898,5457.8254,5458.4194,15140171800.0,132098714891.2,5679.7256,2019-04-26
2019-04-26,5427.6228,5496.0353,5407.1942,5408.0306,12427988000.0,108970816460.3,5458.4194,2019-04-29
2019-04-29,5405.1641,5421.6568,5252.0486,5265.6011,13867238700.0,119713196260.4,5408.0306,2019-04-30
2019-04-30,5244.0447,5349.9438,5244.0447,5307.56,10219034000.0,90849649254.3,5265.6011,2019-05-06
2019-05-06,5122.4696,5125.1616,4874.6433,4908.7984,14338623300.0,116597523171.7,5307.56,2019-05-07
2019-05-07,4933.0425,4990.1939,4886.0568,4973.4043,11657368700.0,97660954760.0,4908.7984,2019-05-08
2019-05-08,4865.7878,5028.526,4842.5603,4947.7419,10773812100.0,88503433406.3,4973.4043,2019-05-09
2019-05-09,4897.9781,4955.7835,4879.6945,4888.4128,9093465600.0,75438861419.0,4947.7419,2019-05-10
2019-05-10,4940.4814,5064.323,4842.6072,5064.323,12217748300.0,103926817467.4,4888.4128,2019-05-13
2019-05-13,5009.4748,5040.5037,4985.1882,5005.9044,9173639400.0,81269399674.7,5064.323,2019-05-14
2019-05-14,4942.3937,5018.4131,4941.9271,4965.6124,8754096900.0,78269150192.2,5005.9044,2019-05-15
2019-05-15,5002.6051,5086.7298,4999.3368,5076.555,9746386000.0,88150026771.1,4965.6124,2019-05-16
2019-05-16,5071.1085,5118.4448,5059.2068,5108.3588,10442216600.0,91206178690.5,5076.555,2019-05-17
2019-05-17,5112.2411,5116.9934,4923.6727,4942.5792,11907121300.0,103931108299.2,5108.3588,2019-05-20
2019-05-20,4937.1767,4947.7455,4835.8087,4923.5589,9568649700.0,84271517275.2,4942.5792,2019-05-21
2019-05-21,4917.3424,5026.2842,4904.8232,5009.8725,10083707300.0,91301255167.5,4923.5589,2019-05-22
2019-05-22,5002.1602,5018.1092,4941.0098,4976.3929,9409270900.0,86507936442.6,5009.8725,2019-05-23
2019-05-23,4955.2522,4957.9863,4860.1881,4872.9202,9056368100.0,82582767292.1,4976.3929,2019-05-24
2019-05-24,4848.5757,4892.4587,4831.3352,4841.7573,7793343600.0,69305381771.0,4872.9202,2019-05-27
2019-05-27,4848.6417,4974.2676,4824.142,4962.947,9307641400.0,81678357210.7,4841.7573,2019-05-28
2019-05-28,4965.5908,5002.2491,4933.8967,4955.4855,9026398900.0,83641973469.4,4962.947,2019-05-29
2019-05-29,4943.5678,4992.9887,4930.4307,4956.8638,8587685200.0,78641296290.8,4955.4855,2019-05-30
2019-05-30,4933.5006,4933.8544,4865.7753,4926.403,9477960200.0,80822550059.3,4956.8638,2019-05-31
2019-05-31,4923.9199,4969.0513,4902.7379,4912.0005,8671672900.0,75731116074.4,4926.403,2019-06-03
2019-06-03,4921.7084,4942.0652,4838.3523,4853.8153,9854083000.0,83580691984.2,4912.0005,2019-06-04
2019-06-04,4847.6634,4853.8105,4768.0393,4795.4129,8675165300.0,77250794625.1,4853.8153,2019-06-05
2019-06-05,4837.895,4850.8038,4777.9781,4783.8245,8130016500.0,72772853682.6,4795.4129,2019-06-06
2019-06-06,4776.4896,4776.6879,4668.5413,4678.7844,8341693100.0,70429637482.1,4783.8245,2019-06-10
2019-06-10,4693.7633,4750.5423,4662.7808,4725.2643,7336138100.0,63265364509.3,4678.7844,2019-06-11
2019-06-11,4730.8093,4903.8673,4728.4832,4901.4723,11681144600.0,99669915566.1,4725.2643,2019-06-12
2019-06-12,4889.3606,4917.0919,4852.9834,4863.4922,10784756100.0,94685225285.3,4901.4723,2019-06-13
2019-06-13,4855.5398,4892.5811,4831.5194,4877.6505,9617253800.0,79697102665.4,4863.4922,2019-06-14
2019-06-14,4880.2264,4893.9284,4786.195,4795.5267,10280389400.0,83140662637.5,4877.6505,2019-06-17
2019-06-17,4796.1203,4826.5959,4779.6429,4802.8185,7336113800.0,64090002525.5,4795.5267,2019-06-18
2019-06-18,4804.3018,4825.6252,4773.5495,4797.1468,6652389700.0,56694905767.0,4802.8185,2019-06-19
2019-06-19,4902.9598,4931.1098,4856.9033,4858.9164,9827437600.0,88246816060.7,4797.1468,2019-06-20
2019-06-20,4853.2088,4987.5951,4837.1763,4954.7338,11969596100.0,102804340132.3,4858.9164,2019-06-21
2019-06-21,4973.5853,5045.7149,4973.5853,5021.3051,12281421400.0,106832740482.8,4954.7338,2019-06-24
2019-06-24,5032.3746,5038.4798,4996.1699,5024.2046,9962015700.0,86442218788.6,5021.3051,2019-06-25
2019-06-25,5020.2009,5020.2009,4910.1971,4974.9882,9920218000.0,85713850536.5,5024.2046,2019-06-26
2019-06-26,4943.7751,4991.1275,4928.733,4962.5936,7003568700.0,64206718430.5,4974.9882,2019-06-27
2019-06-27,4974.9859,5030.3718,4972.6702,5007.4833,8163126600.0,77117707879.1,4962.5936,2019-06-28
2019-06-28,5005.1921,5005.1921,4920.4349,4950.4798,7716462800.0,70271421892.0,5007.4833,2019-07-01
2019-07-01,5044.6638,5100.2619,5016.2363,5100.2619,11163021400.0,108157182513.9,4950.4798,2019-07-02
2019-07-02,5092.8418,5102.4091,5066.2507,5084.41,9708063700.0,91618108604.6,5100.2619,2019-07-03
2019-07-03,5074.7097,5074.7097,5021.8958,5040.7227,8535858900.0,79210212964.4,5084.41,2019-07-04
2019-07-04,5046.883,5067.997,5002.3322,5025.0207,8014718900.0,72016475806.0,5040.7227,2019-07-05
2019-07-05,5026.3316,5055.0145,5001.5234,5042.6599,6490414100.0,60552010316.7,5025.0207,2019-07-08
2019-07-08,5028.6349,5028.6349,4855.2148,4870.7807,9176607700.0,81431278977.5,5042.6599,2019-07-09
2019-07-09,4868.475,4892.5583,4838.9366,4881.6235,6101251200.0,56755420859.3,4870.7807,2019-07-10
2019-07-10,4891.9111,4896.0413,4829.2848,4843.8649,6079519200.0,55261260669.1,4881.6235,2019-07-11
2019-07-11,4867.6825,4905.1604,4821.5516,4844.5474,6262848400.0,56483156357.0,4843.8649,2019-07-12
2019-07-12,4848.222,4874.3204,4820.6635,4861.5679,6147939800.0,54064544424.8,4844.5474,2019-07-15
2019-07-15,4850.8904,4951.6237,4787.9062,4925.3243,8459448100.0,75865112765.4,4861.5679,2019-07-16
2019-07-16,4917.7931,4940.2313,4909.6633,4932.0458,6892496200.0,60958972154.8,4925.3243,2019-07-17
2019-07-17,4930.6466,4953.4093,4914.4924,4929.085,7536108800.0,65860765215.8,4932.0458,2019-07-18
2019-07-18,4909.7172,4909.7172,4843.5134,4844.1087,7263615800.0,59848894329.2,4929.085,2019-07-19
2019-07-19,4861.2125,4920.4135,4861.2031,4878.6903,6859729800.0,57390762230.9,4844.1087,2019-07-22
2019-07-22,4885.4293,4886.402,4766.0716,4776.5749,7219157800.0,61198813614.8,4878.6903,2019-07-23
2019-07-23,4778.0529,4823.9182,4778.0529,4823.9182,5472926300.0,48300963629.5,4776.5749,2019-07-24
2019-07-24,4837.7669,4898.8054,4837.7669,4873.0271,6945138300.0,63586100131.0,4823.9182,2019-07-25
2019-07-25,4873.1742,4899.715,4861.7715,4891.6432,6738441800.0,65540811955.8,4873.0271,2019-07-26
2019-07-26,4880.7194,4902.0916,4868.197,4898.1099,5925277700.0,57190685291.2,4891.6432,2019-07-29
2019-07-29,4897.6519,4914.48,4872.545,4897.0183,5658152100.0,54815760176.9,4898.1099,2019-07-30
2019-07-30,4902.8411,4961.0247,4902.7813,4922.9175,7119412700.0,65553974536.0,4897.0183,2019-07-31
2019-07-31,4914.044,4921.7224,4892.5557,4903.203,6275454700.0,58776188915.0,4922.9175,2019-08-01
2019-08-01,4877.5573,4900.0866,4850.5281,4870.469,6433250400.0,61801931692.3,4903.203,2019-08-02
2019-08-02,4773.4302,4816.8104,4756.4044,4809.9198,7900236100.0,73848047874.7,4870.469,2019-08-05
2019-08-05,4795.9105,4838.7588,4749.9444,4751.9846,7161254200.0,69025913447.0,4809.9198,2019-08-06
2019-08-06,4665.8404,4684.5159,4558.0604,4650.5627,9866786600.0,84239326255.9,4751.9846,2019-08-07
2019-08-07,4678.4283,4686.7321,4624.7423,4626.3641,6741740600.0,62344725908.4,4650.5627,2019-08-08
2019-08-08,4641.8665,4663.032,4636.2385,4656.1009,6007779600.0,56743200906.6,4626.3641,2019-08-09
2019-08-09,4677.2477,4690.654,4593.2238,4600.3526,6444333700.0,64477323102.3,4656.1009,2019-08-12
2019-08-12,4608.1166,4685.045,4591.6615,4685.045,6194650700.0,62148044562.9,4600.3526,2019-08-13
2019-08-13,4649.349,4667.715,4638.0294,4658.3884,5869131700.0,57730564572.2,4685.045,2019-08-14
2019-08-14,4713.5026,4731.8627,4677.1302,4683.8403,7114878700.0,69438518109.2,4658.3884,2019-08-15
2019-08-15,4585.0944,4709.363,4576.4614,4706.5504,7826161100.0,72618382798.6,4683.8403,2019-08-16
2019-08-16,4702.1415,4755.9526,4696.9213,4722.6625,7754245800.0,76502437623.1,4706.5504,2019-08-19
2019-08-19,4765.0581,4875.0363,4765.0581,4875.0363,10658092600.0,105144365497.5,4722.6625,2019-08-20
2019-08-20,4878.6745,4912.9917,4864.8159,4872.6061,10020229300.0,94825269892.6,4875.0363,2019-08-21
2019-08-21,4865.7174,4896.2914,4859.328,4882.7213,8494079000.0,83121773981.2,4872.6061,2019-08-22
2019-08-22,4894.3625,4896.5752,4851.9692,4887.9142,8223811000.0,82031364627.7,4882.7213,2019-08-23
2019-08-23,4888.5329,4902.7831,4861.2002,4887.9024,8250252800.0,81178885784.7,4887.9142,2019-08-26
2019-08-26,4799.4831,4867.3032,4793.8441,4855.4584,8845314400.0,86780252776.6,4887.9024,2019-08-27
2019-08-27,4878.2891,4976.5805,4878.2891,4936.1238,10819263700.0,105376287946.2,4855.4584,2019-08-28
2019-08-28,4929.8939,4948.0177,4910.6033,4928.1935,9899429300.0,92168539738.9,4936.1238,2019-08-29
2019-08-29,4937.5909,4954.9574,4912.22,4934.1838,9681799600.0,94062432252.4,4928.1935,2019-08-30
2019-08-30,4963.2785,4975.9723,4862.5821,4886.494,10245163400.0,108135467947.0,4934.1838,2019-09-02
2019-09-02,4894.0496,5020.2648,4890.2253,5008.2958,10829293000.0,109204318758.9,4886.494,2019-09-03
2019-09-03,5019.4049,5044.1805,4999.8872,5044.1805,10909044900.0,115052722425.3,5008.2958,2019-09-04
2019-09-04,5036.5238,5093.2662,5027.6672,5093.2662,12249922400.0,123208416373.0,5044.1805,2019-09-05
2019-09-05,5119.5739,5208.9999,5119.4281,5138.4051,15894736900.0,160737034593.1,5093.2662,2019-09-06
2019-09-06,5152.185,5167.4828,5111.7349,5154.6378,11279857600.0,122605223229.7,5138.4051,2019-09-09
2019-09-09,5202.7058,5263.4594,5171.8514,5263.4594,13294192700.0,139542294574.0,5154.6378,2019-09-10
2019-09-10,5264.3276,5264.3276,5212.5251,5245.305,13111154700.0,138175230569.9,5263.4594,2019-09-11
2019-09-11,5262.4946,5273.9678,5206.9728,5217.2913,11560394100.0,119062341479.8,5245.305,2019-09-12
2019-09-12,5230.2944,5255.7851,5197.5696,5242.6115,9604422600.0,99874269567.8,5217.2913,2019-09-16
2019-09-16,5263.3007,5279.5896,5228.29,5250.3398,11413633900.0,116963948641.2,5242.6115,2019-09-17
2019-09-17,5237.5592,5237.5592,5118.2077,5140.4502,11477143500.0,113656216325.8,5250.3398,2019-09-18
2019-09-18,5148.0631,5163.8104,5119.6137,5141.0381,8955599900.0,92044125712.6,5140.4502,2019-09-19
2019-09-19,5150.4983,5191.6687,5126.1532,5191.6687,8812931100.0,92724183285.5,5141.0381,2019-09-20
2019-09-20,5198.7279,5220.2351,5180.0778,5204.4848,9418643800.0,104270351934.7,5191.6687,2019-09-23
2019-09-23,5192.8838,5192.8838,5124.7981,5171.484,9465768000.0,103757230386.2,5204.4848,2019-09-24
2019-09-24,5168.1222,5237.4102,5159.3315,5180.7418,9452799600.0,108590216780.5,5171.484,2019-09-25
2019-09-25,5162.1513,5162.1513,5087.0091,5087.0091,9220292000.0,103768929295.1,5180.7418,2019-09-26
2019-09-26,5099.5177,5108.8037,4970.2403,4970.2403,9467075200.0,100909210437.1,5087.0091,2019-09-27
2019-09-27,4974.0324,5033.185,4974.0324,5005.6299,7432983300.0,77773539941.2,4970.2403,2019-09-30
2019-09-30,5009.1385,5022.4285,4940.903,4940.903,6578513000.0,66977336936.6,5005.6299,2019-10-08
2019-10-08,4955.078,4994.4433,4937.0284,4941.7607,6644342500.0,69528043024.5,4940.903,2019-10-09
2019-10-09,4926.2085,4985.4405,4904.3222,4982.9535,6650575900.0,67224088877.7,4941.7607,2019-10-10
2019-10-10,4988.1408,5049.2193,4979.1948,5046.3594,7381815400.0,75962306588.5,4982.9535,2019-10-11
2019-10-11,5057.8108,5074.9035,5012.3843,5055.5165,8278601600.0,82692670947.9,5046.3594,2019-10-14
2019-10-14,5095.2164,5151.6944,5089.3126,5131.1312,10368887800.0,100737694041.6,5055.5165,2019-10-15
2019-10-15,5115.2478,5115.2478,5057.2839,5061.0029,8832143000.0,86494758013.9,5131.1312,2019-10-16
2019-10-16,5064.3325,5086.9729,5036.5028,5038.356,7822140800.0,73744399915.3,5061.0029,2019-10-17
2019-10-17,5039.2712,5049.3606,5017.4677,5029.854,7051450800.0,65942908151.8,5038.356,2019-10-18
2019-10-18,5033.8167,5056.5575,4953.1478,4961.8072,8203885000.0,74431254150.2,5029.854,2019-10-21
2019-10-21,4956.7929,4957.2357,4906.3624,4951.0354,6989927100.0,65366244551.4,4961.8072,2019-10-22
2019-10-22,4954.1075,5011.0127,4954.1075,5005.5525,6553498200.0,63627854013.6,4951.0354,2019-10-23
2019-10-23,5009.3572,5009.9404,4955.0555,4967.1949,6903650700.0,65559048969.1,5005.5525,2019-10-24
2019-10-24,4961.6853,4972.7625,4921.1123,4958.2465,6486844300.0,62074661055.7,4967.1949,2019-10-25
2019-10-25,4953.3271,5001.5089,4922.0836,4994.5684,7315877700.0,72672829238.8,4958.2465,2019-10-28
2019-10-28,5026.064,5084.6884,5026.064,5084.4677,10290739500.0,101064614545.5,4994.5684,2019-10-29
2019-10-29,5080.9295,5080.9295,5007.7126,5007.7126,10870630500.0,105275425054.2,5084.4677,2019-10-30
2019-10-30,4975.6732,4984.4037,4938.1025,4947.8954,8576215500.0,83620058905.4,5007.7126,2019-10-31
2019-10-31,4950.0259,4967.7453,4911.3756,4917.4174,7958268700.0,79650641370.5,4947.8954,2019-11-01
2019-11-01,4908.6477,4967.0484,4896.0073,4962.3495,7415565600.0,72447112677.3,4917.4174,2019-11-04
2019-11-04,4974.3632,5016.9371,4974.3632,4987.8364,8127822700.0,82241598022.4,4962.3495,2019-11-05
2019-11-05,4995.4616,5041.2355,4972.7168,5025.3029,8507295100.0,84235951765.0,4987.8364,2019-11-06
2019-11-06,5022.1048,5027.7894,4955.8258,4974.7343,8321627500.0,82703564204.0,5025.3029,2019-11-07
2019-11-07,4970.529,5020.2236,4960.8385,5007.0666,7209219800.0,70612908509.6,4974.7343,2019-11-08
2019-11-08,5036.6566,5051.5643,4985.9488,4988.2938,7909655600.0,80301698426.8,5007.0666,2019-11-11
2019-11-11,4961.1943,4961.1943,4868.4348,4876.1594,7709640100.0,71951297699.8,4988.2938,2019-11-12
2019-11-12,4878.9722,4887.2957,4823.4288,4881.6144,6878549300.0,64024939307.4,4876.1594,2019-11-13
2019-11-13,4878.9678,4888.1914,4853.5946,4875.543,6060640800.0,60162199835.3,4881.6144,2019-11-14
2019-11-14,4875.2493,4925.4416,4871.5569,4912.1075,6391011200.0,68278831817.1,4875.543,2019-11-15
2019-11-15,4910.2052,4936.9848,4868.4367,4868.4367,7007640400.0,74051052837.1,4912.1075,2019-11-18
2019-11-18,4862.2803,4901.001,4851.39,4892.4609,6396537200.0,63914780872.7,4868.4367,2019-11-19
2019-11-19,4892.3397,4975.1128,4890.7563,4975.1128,7236336900.0,73229636654.5,4892.4609,2019-11-20
2019-11-20,4975.7561,4991.6959,4941.9109,4946.2757,7899827700.0,81388200081.2,4975.1128,2019-11-21
2019-11-21,4929.8513,4963.0886,4919.5937,4945.7188,6616751300.0,63282046848.6,4946.2757,2019-11-22
2019-11-22,4954.3102,5018.0642,4876.8117,4904.0828,8802769500.0,89306629279.5,4945.7188,2019-11-25
2019-11-25,4904.9949,4915.3452,4853.8425,4901.5021,8634726500.0,78620478553.6,4904.0828,2019-11-26
2019-11-26,4906.4289,4920.6768,4882.1624,4882.1624,8125973000.0,74550160674.7,4901.5021,2019-11-27
2019-11-27,4881.402,4935.6277,4872.3024,4904.2568,7264694000.0,70087736428.7,4882.1624,2019-11-28
2019-11-28,4897.6525,4916.8046,4878.0072,4889.2595,5967231400.0,56925664898.3,4904.2568,2019-11-29
2019-11-29,4888.3484,4909.411,4850.5879,4894.9416,6139562000.0,58933970584.8,4889.2595,2019-12-02
2019-12-02,4897.6306,4930.5853,4889.319,4905.4209,6315015900.0,61517277181.6,4894.9416,2019-12-03
2019-12-03,4889.4069,4926.4548,4863.662,4926.4548,6034552500.0,59970188116.3,4905.4209,2019-12-04
2019-12-04,4902.4853,4935.5695,4901.0364,4920.6682,6349645000.0,65049445239.8,4926.4548,2019-12-05
2019-12-05,4927.7757,4978.9896,4923.1116,4967.6021,7407710400.0,77991494680.4,4920.6682,2019-12-06
2019-12-06,4968.041,5010.513,4954.7856,5010.5104,7370595700.0,77615890698.4,4967.6021,2019-12-09
2019-12-09,5020.2216,5040.2408,5005.8413,5024.604,8848641500.0,92501704118.5,5010.5104,2019-12-10
2019-12-10,5012.4716,5054.3122,4998.1479,5049.0514,8293633000.0,85621362339.6,5024.604,2019-12-11
2019-12-11,5044.9367,5052.3501,5007.5596,5027.2784,8601103800.0,87198618378.9,5049.0514,2019-12-12
2019-12-12,5025.4907,5044.1972,5008.3676,5012.0011,8005543900.0,82031906194.2,5027.2784,2019-12-13
2019-12-13,5047.8973,5082.7599,5029.8833,5073.6858,9997918400.0,100214793147.7,5012.0011,2019-12-16
2019-12-16,5095.3481,5166.0391,5081.9093,5166.0391,11652253300.0,118077922881.6,5073.6858,2019-12-17
2019-12-17,5167.2291,5257.8279,5161.1524,5236.0624,15021914200.0,143007732176.6,5166.0391,2019-12-18
2019-12-18,5235.4761,5267.4061,5221.698,5235.1248,12926439800.0,126380736889.7,5236.0624,2019-12-19
2019-12-19,5236.9151,5255.1689,5215.884,5241.7376,11366629400.0,111318995285.2,5235.1248,2019-12-20
2019-12-20,5244.2134,5258.0056,5182.0632,5184.6752,11799847200.0,107404905741.8,5241.7376,2019-12-23
2019-12-23,5161.2823,5188.85,5079.4417,5084.3505,10565253000.0,98214944067.9,5184.6752,2019-12-24
2019-12-24,5098.805,5165.1561,5092.9061,5162.0702,8545191600.0,80244021672.9,5084.3505,2019-12-25
2019-12-25,5157.3667,5195.8663,5153.5138,5183.0986,9591867600.0,97321480183.4,5162.0702,2019-12-26
2019-12-26,5181.3814,5219.1404,5171.4403,5219.1404,9562553300.0,89169212218.4,5183.0986,2019-12-27
2019-12-27,5223.4701,5252.7878,5175.852,5179.1929,12625962800.0,116273066098.6,5219.1404,2019-12-30
2019-12-30,5160.3102,5242.1238,5119.8558,5241.9383,11686945600.0,106835905579.0,5179.1929,2019-12-31
2019-12-31,5239.9132,5269.8736,5228.1726,5267.6622,10388965800.0,95356584996.5,5241.9383,2020-01-02
2020-01-02,5306.6677,5374.9082,5288.1675,5366.1375,14589440500.0,136813752305.0,5267.6622,2020-01-03
2020-01-03,5376.0328,5395.2585,5351.8049,5380.6372,12845202100.0,122199725543.2,5366.1375,2020-01-06
2020-01-06,5365.2171,5481.55,5355.0237,5434.8503,15958741400.0,158190935628.3,5380.6372,2020-01-07
2020-01-07,5441.9032,5499.8395,5440.6916,5499.8395,14414272200.0,142194161767.8,5434.8503,2020-01-08
2020-01-08,5481.9844,5500.1601,5409.569,5423.7966,15540684700.0,149838069326.0,5499.8395,2020-01-09
2020-01-09,5465.8574,5497.5429,5457.3498,5497.5429,13243166700.0,135961014647.3,5423.7966,2020-01-10
2020-01-10,5511.6739,5516.0948,5455.2516,5480.2279,11381982100.0,118196969042.4,5497.5429,2020-01-13
2020-01-13,5478.3159,5559.6272,5447.7315,5559.6272,11807618100.0,128651948006.7,5480.2279,2020-01-14
2020-01-14,5576.6291,5583.7202,5539.8997,5542.3316,12981138300.0,134845327468.6,5559.6272,2020-01-15
2020-01-15,5532.9613,5545.1012,5492.6508,5530.0266,11242502000.0,118142835148.1,5542.3316,2020-01-16
2020-01-16,5539.4211,5559.0175,5514.6912,5527.6676,11189727600.0,122337955367.5,5530.0266,2020-01-17
2020-01-17,5539.723,5555.4119,5499.4674,5510.0453,10494932900.0,110491857886.6,5527.6676,2020-01-20
2020-01-20,5523.0098,5587.5359,5500.5937,5587.5359,11540300100.0,128212120829.0,5510.0453,2020-01-21
2020-01-21,5581.0102,5581.98,5515.1928,5523.9419,12460480800.0,135220987296.1,5587.5359,2020-01-22
2020-01-22,5502.587,5597.9935,5440.1998,5575.5126,12347477000.0,138250254243.4,5523.9419,2020-01-23
2020-01-23,5521.7921,5558.4257,5326.9315,5377.7411,14577307100.0,161861917529.5,5575.5126,2020-02-03
2020-02-03,4896.8945,4960.7456,4896.8945,4910.9011,8177708400.0,89455038460.2,5377.7411,2020-02-04
2020-02-04,4736.1227,5013.7695,4736.1227,4996.4743,18967227900.0,175374996025.5,4910.9011,2020-02-05
2020-02-05,5035.4089,5178.4378,5026.4083,5123.9619,17109533900.0,177352350637.2,4996.4743,2020-02-06
2020-02-06,5128.1863,5299.178,5100.4818,5282.8922,18595745600.0,197274056315.6,5123.9619,2020-02-07
2020-02-07,5287.269,5329.3558,5226.6999,5327.0369,19114764200.0,203495543097.8,5282.8922,2020-02-10
2020-02-10,5322.0089,5389.0387,5301.4121,5388.4349,17670328200.0,186767921839.1,5327.0369,2020-02-11
2020-02-11,5390.5255,5396.9558,5323.7602,5361.2768,15250817700.0,157302894199.0,5388.4349,2020-02-12
2020-02-12,5345.522,5461.6736,5340.487,5459.9461,15104147300.0,164552224783.9,5361.2768,2020-02-13
2020-02-13,5456.6591,5482.7951,5397.2324,5412.8418,15820264200.0,175679828632.4,5459.9461,2020-02-14
2020-02-14,5407.4738,5474.4682,5375.9258,5420.8025,14534649600.0,162742004601.2,5412.8418,2020-02-17
2020-02-17,5454.4626,5594.4366,5454.4626,5594.4366,17463665700.0,183878721181.5,5420.8025,2020-02-18
2020-02-18,5607.8401,5660.8142,5577.8981,5660.8142,18509870100.0,206428524429.9,5594.4366,2020-02-19
2020-02-19,5654.1778,5678.8191,5601.3916,5603.2626,18564208500.0,210591418572.0,5660.8142,2020-02-20
2020-02-20,5619.5203,5712.1825,5580.0672,5706.7127,19207602600.0,205564978649.7,5603.2626,2020-02-21
2020-02-21,5704.836,5822.3973,5700.9519,5784.0321,20723623900.0,230175046237.0,5706.7127,2020-02-24
2020-02-24,5784.5751,5884.1397,5754.6794,5865.4665,21809896200.0,250154433482.9,5784.0321,2020-02-25
2020-02-25,5745.617,5912.2741,5643.8843,5897.7219,26736667800.0,301960915841.1,5865.4665,2020-02-26
2020-02-26,5824.0484,5885.2702,5724.499,5743.3929,26637508000.0,281045744357.2,5897.7219,2020-02-27
2020-02-27,5770.2183,5829.0372,5689.539,5753.7277,20469487500.0,221902086232.7,5743.3929,2020-02-28
2020-02-28,5558.4158,5641.7724,5438.8521,5451.2897,22430670900.0,232879770245.1,5753.7277,2020-03-02
2020-03-02,5516.4386,5683.2425,5505.2683,5656.4193,19951161200.0,213505004462.5,5451.2897,2020-03-03
2020-03-03,5756.7914,5832.3531,5658.1205,5710.0235,22632549400.0,244204351206.5,5656.4193,2020-03-04
2020-03-04,5670.4997,5719.1783,5603.9288,5716.5112,18513309800.0,194980150091.0,5710.0235,2020-03-05
2020-03-05,5795.25,5811.2074,5732.168,5801.1199,21723222100.0,217238387621.0,5716.5112,2020-03-06
2020-03-06,5737.0958,5802.6293,5723.7326,5763.8602,18529714700.0,177496499289.1,5801.1199,2020-03-09
2020-03-09,5668.6366,5699.9198,5525.8167,5525.8167,21853808900.0,212042107536.0,5763.8602,2020-03-10
2020-03-10,5459.1732,5675.8756,5423.4289,5675.1113,20840287700.0,210472315060.8,5525.8167,2020-03-11
2020-03-11,5692.7173,5708.9152,5589.5311,5589.5311,18775091200.0,190010266287.6,5675.1113,2020-03-12
2020-03-12,5507.3213,5549.3501,5446.7941,5493.8838,15875315700.0,154102925606.4,5589.5311,2020-03-13
2020-03-13,5225.5063,5507.3899,5224.7267,5457.2006,19526665900.0,188405108227.1,5493.8838,2020-03-16
2020-03-16,5496.889,5496.889,5183.3436,5200.1142,18684995200.0,184923547742.5,5457.2006,2020-03-17
2020-03-17,5245.5231,5300.5591,5052.6546,5212.0619,15913787800.0,152551271989.0,5200.1142,2020-03-18
2020-03-18,5257.9438,5333.1204,5119.4716,5119.4716,16428660400.0,160536059992.1,5212.0619,2020-03-19
2020-03-19,5119.9437,5185.0889,5020.4387,5157.8235,15459370200.0,148680627064.8,5119.4716,2020-03-20
2020-03-20,5217.488,5225.0268,5129.0733,5219.2809,12751328900.0,131519032482.5,5157.8235,2020-03-23
2020-03-23,5079.3549,5129.1405,4981.6682,4998.9095,13868474500.0,133727699571.8,5219.2809,2020-03-24
2020-03-24,5089.1516,5118.0355,4963.2918,5096.0408,14078770500.0,137371423374.7,4998.9095,2020-03-25
2020-03-25,5200.7752,5229.2205,5160.3887,5217.4237,14688107000.0,142310080633.2,5096.0408,2020-03-26
2020-03-26,5180.4657,5227.4679,5157.1478,5166.1091,12565245000.0,126982007995.4,5217.4237,2020-03-27
2020-03-27,5222.8511,5227.7921,5134.4903,5137.3371,11704507300.0,118480791099.6,5166.1091,2020-03-30
2020-03-30,5073.7047,5074.6251,4974.3165,5027.4856,12398131600.0,124559163372.3,5137.3371,2020-03-31
2020-03-31,5073.5232,5090.5675,5030.573,5041.4534,11160561200.0,106538446158.7,5027.4856,2020-04-01
2020-04-01,5029.5837,5108.175,5007.7115,5019.2187,11215411100.0,110651112519.1,5041.4534,2020-04-02
2020-04-02,4998.6259,5147.2019,4998.1063,5147.2019,11335107800.0,117822171439.6,5019.2187,2020-04-03
2020-04-03,5143.5185,5161.5728,5085.0948,5107.0393,10947897800.0,112751173060.0,5147.2019,2020-04-07
2020-04-07,5202.5465,5273.0857,5197.5826,5267.073,14510945200.0,146826555108.9,5107.0393,2020-04-08
2020-04-08,5243.1623,5291.4149,5232.6161,5271.7961,13778625400.0,136499534391.4,5267.073,2020-04-09
2020-04-09,5301.2663,5336.1174,5289.3845,5322.4614,12509846200.0,128352885531.3,5271.7961,2020-04-10
2020-04-10,5321.7865,5321.7865,5197.9841,5208.5102,12381638800.0,126468212009.4,5322.4614,2020-04-13
2020-04-13,5176.4431,5198.3708,5140.8505,5169.1757,9818099300.0,101355716432.4,5208.5102,2020-04-14
2020-04-14,5197.1716,5288.593,5189.8242,5288.593,11018824400.0,118917318030.8,5169.1757,2020-04-15
2020-04-15,5291.9664,5320.5792,5264.0114,5268.7497,12247740000.0,128025726348.5,5288.593,2020-04-16
2020-04-16,5245.9247,5328.1204,5238.4335,5316.9707,12074219300.0,122069165005.5,5268.7497,2020-04-17
2020-04-17,5354.9828,5377.147,5309.5809,5318.4547,13696983300.0,156745771336.3,5316.9707,2020-04-20
2020-04-20,5329.8688,5381.7857,5311.1974,5381.7857,12064218200.0,130825823688.1,5318.4547,2020-04-21
2020-04-21,5358.6005,5358.6005,5287.6633,5343.8806,13074442600.0,139768427426.9,5381.7857,2020-04-22
2020-04-22,5304.731,5388.2073,5296.2644,5387.6233,12359700600.0,127945771530.7,5343.8806,2020-04-23
2020-04-23,5402.6478,5407.49,5354.9401,5357.7904,14461830200.0,145324602210.3,5387.6233,2020-04-24
2020-04-24,5350.5426,5354.7629,5258.5692,5273.5474,13138336700.0,127211203386.7,5357.7904,2020-04-27
2020-04-27,5278.9787,5314.4114,5249.3133,5265.7248,11713242700.0,110738403020.7,5273.5474,2020-04-28
2020-04-28,5268.1255,5273.2565,5102.0608,5227.846,14082491000.0,133971236966.9,5265.7248,2020-04-29
2020-04-29,5203.7103,5269.735,5201.4734,5226.8116,10592684900.0,103339319168.3,5227.846,2020-04-30
2020-04-30,5261.0467,5368.8943,5261.0467,5353.8595,13303668600.0,142523793301.1,5226.8116,2020-05-06
2020-05-06,5320.94,5451.456,5318.443,5451.3159,14167905000.0,159945700644.7,5353.8595,2020-05-07
2020-05-07,5454.2515,5473.7738,5425.7964,5445.7519,14014635400.0,147975355319.2,5451.3159,2020-05-08
2020-05-08,5474.8739,5527.0903,5467.646,5507.6965,13631862200.0,146384767223.1,5445.7519,2020-05-11
2020-05-11,5529.1056,5547.9416,5466.6158,5496.192,12985198500.0,142054909597.6,5507.6965,2020-05-12
2020-05-12,5494.0693,5519.2868,5441.7013,5512.464,11594367700.0,127585356336.7,5496.192,2020-05-13
2020-05-13,5495.8969,5546.5535,5483.9868,5536.2802,10789582200.0,120477112076.0,5512.464,2020-05-14
2020-05-14,5513.0817,5528.0915,5485.0152,5487.107,11919770100.0,129595787537.9,5536.2802,2020-05-15
2020-05-15,5510.1454,5543.9334,5486.2557,5507.9336,11265151100.0,132317035662.0,5487.107,2020-05-18
2020-05-18,5522.7233,5528.7754,5454.9615,5478.8218,13365466400.0,158389049357.7,5507.9336,2020-05-19
2020-05-19,5515.0289,5548.2181,5504.2327,5547.8759,11200886000.0,133182704772.6,5478.8218,2020-05-20
2020-05-20,5545.0441,5547.1691,5473.7896,5489.7024,12349126400.0,141354557271.3,5547.8759,2020-05-21
2020-05-21,5508.2041,5511.2324,5415.5986,5426.1745,11455910800.0,128883851422.2,5489.7024,2020-05-22
2020-05-22,5421.7282,5421.887,5307.2962,5328.2268,10641571100.0,115705492517.1,5426.1745,2020-05-25
2020-05-25,5323.9656,5344.2849,5293.2294,5316.6036,8438568100.0,91375351529.7,5328.2268,2020-05-26
2020-05-26,5341.1113,5421.9045,5341.0821,5420.2126,9096900800.0,99351009048.7,5316.6036,2020-05-27
2020-05-27,5426.5558,5426.5558,5358.47,5369.4992,10396037100.0,113109428499.1,5420.2126,2020-05-28
2020-05-28,5367.2664,5390.1397,5290.2897,5361.167,10252425100.0,107583819701.5,5369.4992,2020-05-29
2020-05-29,5349.5678,5416.6599,5336.0669,5406.3403,10500325000.0,110023218185.6,5361.167,2020-06-01
2020-06-01,5446.2912,5576.6538,5446.2912,5569.48,14169758200.0,147879965490.3,5406.3403,2020-06-02
2020-06-02,5595.3589,5596.4399,5544.1862,5566.4438,13902910300.0,149203304081.4,5569.48,2020-06-03
2020-06-03,5583.701,5618.2892,5567.0729,5572.3125,13834551900.0,146218273434.1,5566.4438,2020-06-04
2020-06-04,5589.3445,5597.2621,5549.3577,5576.7535,12077846500.0,123809986180.5,5572.3125,2020-06-05
2020-06-05,5585.1592,5592.3453,5542.8701,5585.4231,11225389700.0,115167433561.3,5576.7535,2020-06-08
2020-06-08,5618.3753,5627.1893,5567.2087,5575.3036,11944619000.0,128061193175.3,5585.4231,2020-06-09
2020-06-09,5582.144,5616.0363,5560.139,5610.3774,11487092900.0,119378870791.8,5575.3036,2020-06-10
2020-06-10,5611.6579,5616.6108,5581.9153,5615.2417,10836809700.0,114114998789.0,5610.3774,2020-06-11
2020-06-11,5618.6411,5673.3108,5567.538,5589.1019,12751545400.0,144595249404.6,5615.2417,2020-06-12
2020-06-12,5483.7845,5620.2062,5479.2713,5591.4871,12954546500.0,142138382119.3,5589.1019,2020-06-15
2020-06-15,5605.8832,5661.9706,5590.6435,5590.6435,14535977600.0,152567150810.5,5591.4871,2020-06-16
2020-06-16,5633.2588,5695.3007,5624.8549,5695.3007,13395170300.0,142087502349.4,5590.6435,2020-06-17
2020-06-17,5708.6871,5735.4183,5685.6241,5735.4183,14683751800.0,153683182939.3,5695.3007,2020-06-18
2020-06-18,5738.0314,5744.4525,5705.295,5734.403,15815436600.0,160763116093.6,5735.4183,2020-06-19
2020-06-19,5733.4291,5796.3597,5727.6226,5787.1482,14176809800.0,147827142214.7,5734.403,2020-06-22
2020-06-22,5793.7883,5815.3942,5770.8094,5784.0269,14539234900.0,157370407892.1,5787.1482,2020-06-23
2020-06-23,5783.1198,5809.2832,5755.3982,5804.343,12574812700.0,140277421310.2,5784.0269,2020-06-24
2020-06-24,5808.5388,5824.3132,5773.2908,5789.0893,11024143600.0,128536776011.6,5804.343,2020-06-29
2020-06-29,5774.4585,5789.1592,5740.2558,5762.4378,11776115100.0,131671126495.1,5789.0893,2020-06-30
2020-06-30,5790.0647,5875.3274,5788.2081,5864.4164,11535032400.0,139671518549.7,5762.4378,2020-07-01
2020-07-01,5884.54,5885.8738,5814.7554,5881.8875,14283298200.0,161437631594.7,5864.4164,2020-07-02
2020-07-02,5880.8832,5979.9902,5858.5743,5975.2794,20118138000.0,200063179993.3,5881.8875,2020-07-03
2020-07-03,5989.9958,6052.523,5968.0663,6051.5099,22682681800.0,217087507631.7,5975.2794,2020-07-06
2020-07-06,6095.9561,6318.3081,6095.9561,6299.8551,30237648900.0,291741992284.1,6051.5099,2020-07-07
2020-07-07,6368.3135,6480.0286,6300.2446,6380.0276,32586542500.0,329327405395.3,6299.8551,2020-07-08
2020-07-08,6378.9461,6541.4382,6352.3731,6535.4151,28884738900.0,292261704951.5,6380.0276,2020-07-09
2020-07-09,6541.2854,6712.1445,6530.0207,6693.7452,31741227100.0,334582903483.0,6535.4151,2020-07-10
2020-07-10,6664.3263,6763.8121,6644.3586,6676.4373,28873667200.0,322509785233.7,6693.7452,2020-07-13
2020-07-13,6710.6352,6899.622,6710.6352,6899.5175,29730559500.0,335186154096.4,6676.4373,2020-07-14
2020-07-14,6897.0034,6897.0034,6672.7996,6807.727,29386829700.0,341854745106.6,6899.5175,2020-07-15
2020-07-15,6815.6162,6838.1524,6598.5228,6638.8384,25647283000.0,300879616805.6,6807.727,2020-07-16
2020-07-16,6642.3288,6710.995,6305.133,6319.9981,25331587000.0,277008155088.1,6638.8384,2020-07-17
2020-07-17,6327.0265,6447.5092,6272.9416,6344.5912,19680390900.0,215076901728.0,6319.9981,2020-07-20
2020-07-20,6419.08,6526.8325,6340.6495,6526.8325,21241322200.0,225848583600.9,6344.5912,2020-07-21
2020-07-21,6546.5653,6591.0097,6500.8682,6563.3239,19396594900.0,214682284529.3,6526.8325,2020-07-22
2020-07-22,6554.1681,6699.6871,6534.7427,6620.6893,21010119800.0,232947421316.2,6563.3239,2020-07-23
2020-07-23,6562.0485,6629.2067,6431.2609,6620.0859,20799246200.0,240882435490.9,6620.6893,2020-07-24
2020-07-24,6584.8093,6609.2877,6265.3789,6283.9831,21901777700.0,247232797429.5,6620.0859,2020-07-27
2020-07-27,6304.5859,6337.3275,6229.4712,6298.7351,14554248100.0,168023361892.0,6283.9831,2020-07-28
2020-07-28,6345.682,6385.3908,6307.7891,6359.6637,13883814400.0,162440480588.8,6298.7351,2020-07-29
2020-07-29,6341.0079,6530.2712,6324.0483,6530.2712,15922168400.0,186898356931.0,6359.6637,2020-07-30
2020-07-30,6548.7007,6564.775,6491.4492,6511.436,17761556100.0,209285453557.9,6530.2712,2020-07-31
2020-07-31,6499.3939,6619.2616,6463.415,6579.6696,17991294100.0,207862488529.4,6511.436,2020-08-03
2020-08-03,6635.3429,6739.8085,6614.4314,6739.8085,20726674600.0,240946720735.4,6579.6696,2020-08-04
2020-08-04,6758.4937,6764.9049,6672.894,6697.7071,20947893600.0,245084781553.8,6739.8085,2020-08-05
2020-08-05,6696.687,6790.008,6653.2772,6772.8422,18484381600.0,217994170977.7,6697.7071,2020-08-06
2020-08-06,6780.3265,6792.2759,6656.2782,6770.3016,20522984200.0,240928921871.6,6772.8422,2020-08-07
2020-08-07,6743.2907,6755.528,6578.6672,6688.8822,19812821400.0,227976663621.9,6770.3016,2020-08-10
2020-08-10,6666.5601,6768.866,6651.7421,6725.2956,17535322700.0,210390907232.4,6688.8822,2020-08-11
2020-08-11,6727.7692,6756.8451,6594.9793,6600.8472,18084577100.0,203427777772.4,6725.2956,2020-08-12
2020-08-12,6580.0058,6599.6573,6395.006,6528.3999,17788904500.0,197969436424.9,6600.8472,2020-08-13
2020-08-13,6552.3695,6592.1163,6518.4229,6552.6567,16206051500.0,166812245236.6,6528.3999,2020-08-14
2020-08-14,6542.6032,6629.5058,6506.0266,6623.5633,15687598800.0,161300612455.5,6552.6567,2020-08-17
2020-08-17,6646.5418,6752.3176,6614.1849,6744.5468,20140735700.0,207540650739.4,6623.5633,2020-08-18
2020-08-18,6747.6059,6811.5637,6737.5288,6789.3979,18916617500.0,208576358641.0,6744.5468,2020-08-19
2020-08-19,6782.5931,6782.5931,6661.9879,6666.274,19430913600.0,205475855509.4,6789.3979,2020-08-20
2020-08-20,6622.0053,6672.4908,6570.6949,6593.785,15764625800.0,163429358352.8,6666.274,2020-08-21
2020-08-21,6628.9007,6686.0233,6589.1968,6643.9444,14296349300.0,153128200636.0,6593.785,2020-08-24
2020-08-24,6667.2961,6702.7487,6589.9285,6688.9647,14302035400.0,157948512265.7,6643.9444,2020-08-25
2020-08-25,6698.1196,6734.4378,6631.6853,6652.5478,14709813000.0,158243101130.5,6688.9647,2020-08-26
2020-08-26,6650.449,6660.7634,6501.2409,6525.8786,15373477100.0,170546092542.3,6652.5478,2020-08-27
2020-08-27,6538.1362,6585.7193,6486.7508,6578.7912,12983619800.0,142139979127.3,6525.8786,2020-08-28
2020-08-28,6571.8981,6695.3574,6553.9227,6691.2096,14194959300.0,155878611730.4,6578.7912,2020-08-31
2020-08-31,6719.2859,6765.8853,6667.6792,6668.4331,15602438500.0,173312513829.2,6691.2096,2020-09-01
2020-09-01,6667.168,6710.4599,6637.6339,6710.4599,12563249000.0,140204445918.0,6668.4331,2020-09-02
2020-09-02,6725.6913,6742.5527,6647.0341,6717.5579,14956254800.0,160818469798.5,6710.4599,2020-09-03
2020-09-03,6715.1042,6732.6741,6638.4482,6662.2515,14211033500.0,151591727849.6,6717.5579,2020-09-04
2020-09-04,6545.888,6631.0289,6538.4896,6618.5762,12535846200.0,132077386325.3,6662.2515,2020-09-07
2020-09-07,6619.8982,6669.3935,6459.1029,6478.8124,15558174800.0,167216213932.1,6618.5762,2020-09-08
2020-09-08,6493.7737,6542.9954,6432.952,6525.098,16123031800.0,148148725285.5,6478.8124,2020-09-09
2020-09-09,6455.3053,6471.4824,6319.2713,6349.2234,21691635100.0,176688524174.1,6525.098,2020-09-10
2020-09-10,6404.6646,6414.9623,6219.6361,6235.5687,18104949700.0,149335340844.4,6349.2234,2020-09-11
2020-09-11,6209.7881,6319.6691,6209.7881,6311.967,12462919400.0,115690880160.5,6235.5687,2020-09-14
2020-09-14,6350.3551,6381.182,6297.9023,6351.2422,13050227700.0,129303970062.7,6311.967,2020-09-15
2020-09-15,6351.0366,6388.1304,6328.5366,6387.8805,11518415400.0,117077083505.1,6351.2422,2020-09-16
2020-09-16,6379.5178,6387.7666,6321.5668,6353.836,11337988700.0,112504425528.5,6387.8805,2020-09-17
2020-09-17,6345.6715,6416.0088,6291.6343,6367.0206,11895968100.0,123682498362.9,6353.836,2020-09-18
2020-09-18,6367.7923,6473.5997,6353.5609,6469.4692,13522626400.0,136788919948.3,6367.0206,2020-09-21
2020-09-21,6492.2249,6515.337,6434.3239,6445.9649,12602372100.0,133640323489.2,6469.4692,2020-09-22
2020-09-22,6392.025,6462.9751,6341.4838,6358.652,12130589400.0,122989741811.9,6445.9649,2020-09-23
2020-09-23,6382.2813,6411.2048,6356.1636,6392.0329,9504883300.0,106027143367.8,6358.652,2020-09-24
2020-09-24,6353.694,6354.6827,6243.282,6244.6389,11280146700.0,112624608424.9,6392.0329,2020-09-25
2020-09-25,6271.7008,6285.4717,6206.1823,6236.8904,8779878800.0,92989168390.1,6244.6389,2020-09-28
2020-09-28,6255.021,6261.9304,6171.02,6178.4693,7896291500.0,87526269792.6,6236.8904,2020-09-29
2020-09-29,6206.9908,6280.4433,6179.8807,6228.7708,8137116400.0,91783259881.9,6178.4693,2020-09-30
2020-09-30,6245.1158,6260.1234,6155.0208,6192.5045,8148409300.0,89615460415.2,6228.7708,2020-10-09
2020-10-09,6300.0703,6373.9367,6290.4705,6357.9711,10038623100.0,115149926305.0,6192.5045,2020-10-12
2020-10-12,6408.0827,6541.3102,6399.6833,6541.176,14482434900.0,160960006150.6,6357.9711,2020-10-13
2020-10-13,6538.8354,6557.8635,6486.3088,6551.3987,11155845000.0,130283812098.8,6541.176,2020-10-14
2020-10-14,6547.8376,6547.8376,6492.6581,6508.3743,11862960400.0,133539992970.6,6551.3987,2020-10-15
2020-10-15,6511.0707,6518.5503,6456.7714,6460.0408,10700425200.0,115595908995.5,6508.3743,2020-10-16
2020-10-16,6456.7375,6473.6343,6388.6459,6428.6822,9873202200.0,109046534531.3,6460.0408,2020-10-19
2020-10-19,6466.566,6483.5079,6346.2632,6358.3213,10366836300.0,114682882324.5,6428.6822,2020-10-20
2020-10-20,6349.6437,6423.1573,6324.3889,6423.1128,8618922400.0,95327322735.8,6358.3213,2020-10-21
2020-10-21,6426.194,6426.5095,6323.4406,6350.0127,8751225500.0,102120928452.3,6423.1128,2020-10-22
2020-10-22,6331.8037,6334.5424,6256.2324,6317.1438,8572472900.0,96745752080.7,6350.0127,2020-10-23
2020-10-23,6312.0076,6362.4283,6202.5347,6213.2626,8056509000.0,93954361163.2,6317.1438,2020-10-26
2020-10-26,6195.3539,6239.7156,6127.3829,6214.3779,7339295600.0,85255066150.9,6213.2626,2020-10-27
2020-10-27,6187.4731,6227.8424,6168.971,6221.3414,7558651600.0,89315873362.5,6214.3779,2020-10-28
2020-10-28,6221.7402,6254.716,6164.2406,6245.9986,8713088800.0,104079228634.8,6221.3414,2020-10-29
2020-10-29,6168.9076,6287.6478,6159.1435,6255.1933,9258748300.0,109761286278.4,6245.9986,2020-10-30
2020-10-30,6272.9273,6274.6162,6103.8909,6111.4803,11212236000.0,126461002490.3,6255.1933,2020-11-02
2020-11-02,6119.4514,6162.2763,6095.8038,6143.1157,11175637900.0,123794413318.8,6111.4803,2020-11-03
2020-11-03,6175.1593,6245.5576,6155.7346,6241.7676,10544003600.0,115863061000.7,6143.1157,2020-11-04
2020-11-04,6246.6368,6256.0695,6181.0972,6234.158,9292974500.0,108226613294.5,6241.7676,2020-11-05
2020-11-05,6294.6136,6358.4445,6273.3148,6351.9789,11884321500.0,132602148329.1,6234.158,2020-11-06
2020-11-06,6366.1854,6366.1854,6254.0869,6301.2477,11824421100.0,131702113343.4,6351.9789,2020-11-09
2020-11-09,6337.4415,6452.9139,6337.4415,6421.6506,16002788200.0,175071789214.3,6301.2477,2020-11-10
2020-11-10,6434.4298,6435.413,6339.2861,6373.0853,14192893200.0,155931471262.3,6421.6506,2020-11-11
2020-11-11,6356.3666,6375.2402,6292.8368,6294.6055,13072808100.0,134439037098.4,6373.0853,2020-11-12
2020-11-12,6305.0655,6340.9983,6285.2907,6315.4938,10468068700.0,113184124161.7,6294.6055,2020-11-13
2020-11-13,6304.4593,6319.4126,6248.355,6306.97,10711632200.0,112943607786.7,6315.4938,2020-11-16
2020-11-16,6319.7042,6387.4154,6294.2899,6387.371,13367733000.0,131781935048.7,6306.97,2020-11-17
2020-11-17,6380.7685,6380.7685,6300.5666,6336.9406,14127431800.0,138972383424.4,6387.371,2020-11-18
2020-11-18,6333.4506,6382.4966,6314.3093,6341.0136,13398246200.0,129795857711.1,6336.9406,2020-11-19
2020-11-19,6328.0837,6370.1805,6293.5553,6360.5998,12380484500.0,121059609478.7,6341.0136,2020-11-20
2020-11-20,6354.7873,6429.8695,6351.3079,6422.9854,13066764500.0,128065402931.0,6360.5998,2020-11-23
2020-11-23,6435.9187,6516.2407,6407.0565,6472.9301,18192566800.0,170218076144.5,6422.9854,2020-11-24
2020-11-24,6472.7468,6495.1373,6454.6653,6475.1881,15406296500.0,148759535147.5,6472.9301,2020-11-25
2020-11-25,6489.2553,6489.722,6350.3667,6350.3667,15381310600.0,156624909521.8,6475.1881,2020-11-26
2020-11-26,6349.8616,6358.174,6284.9727,6334.3042,12323693600.0,125528466079.5,6350.3667,2020-11-27
2020-11-27,6337.3839,6351.8103,6276.0729,6351.6119,12088511600.0,117407959618.1,6334.3042,2020-11-30
2020-11-30,6360.462,6397.7204,6309.4445,6320.9441,16315768200.0,157517649561.1,6351.6119,2020-12-01
2020-12-01,6307.8544,6437.9433,6299.414,6426.6155,15095734000.0,152562838800.9,6320.9441,2020-12-02
2020-12-02,6437.9561,6446.8066,6392.9892,6434.9791,14970510500.0,150490962737.2,6426.6155,2020-12-03
2020-12-03,6437.3843,6461.0881,6392.8987,6440.8808,15221493300.0,152891750850.0,6434.9791,2020-12-04
2020-12-04,6426.0263,6471.8561,6409.6779,6464.7345,12885516900.0,135320890716.2,6440.8808,2020-12-07
2020-12-07,6465.9879,6472.8495,6417.6481,6424.6823,12107828200.0,130847019898.5,6464.7345,2020-12-08
2020-12-08,6424.1589,6448.3926,6406.7236,6423.6513,10549499200.0,118324850768.4,6424.6823,2020-12-09
2020-12-09,6430.4767,6437.4327,6307.2207,6307.2207,12151621300.0,133439441028.8,6423.6513,2020-12-10
2020-12-10,6295.353,6350.9178,6267.1713,6320.0956,11057714200.0,122398601686.0,6307.2207,2020-12-11
2020-12-11,6328.8282,6340.3946,6163.4119,6209.427,13264160600.0,143457071945.4,6320.0956,2020-12-14
2020-12-14,6207.826,6260.6133,6176.5402,6259.0175,10687714900.0,123900781656.2,6209.427,2020-12-15
2020-12-15,6250.0967,6276.5843,6228.6787,6265.5819,9798099400.0,119718559344.7,6259.0175,2020-12-16
2020-12-16,6268.2111,6271.0304,6219.0857,6235.4352,9928395000.0,114108040736.8,6265.5819,2020-12-17
2020-12-17,6225.079,6312.0056,6184.5429,6308.9013,12770274400.0,140083142643.1,6235.4352,2020-12-18
2020-12-18,6310.1601,6332.5326,6269.2134,6291.918,12862228800.0,137531405179.9,6308.9013,2020-12-21
2020-12-21,6302.2576,6401.5463,6293.922,6398.5987,13634782200.0,156761702647.2,6291.918,2020-12-22
2020-12-22,6372.8787,6378.4986,6241.5603,6250.0606,15131061800.0,172456513342.7,6398.5987,2020-12-23
2020-12-23,6255.3524,6330.6028,6242.6249,6307.604,14404432300.0,166258560029.3,6250.0606,2020-12-24
2020-12-24,6308.4801,6308.4801,6202.4031,6205.2247,13122165300.0,147688966891.2,6307.604,2020-12-25
2020-12-25,6190.9922,6284.5851,6186.0254,6278.4981,13447826700.0,143831769330.4,6205.2247,2020-12-28
2020-12-28,6283.7821,6288.2442,6219.091,6244.4818,14896021400.0,160495558567.3,6278.4981,2020-12-29
2020-12-29,6240.7355,6280.0396,6196.4147,6199.8523,15447603200.0,155674658940.1,6244.4818,2020-12-30
2020-12-30,6196.4505,6289.2704,6188.5931,6269.2484,13804167300.0,148227835332.6,6199.8523,2020-12-31
2020-12-31,6282.9576,6370.5695,6281.0138,6367.1149,16019408600.0,174289318594.1,6269.2484,2021-01-04
2021-01-04,6395.6118,6501.5892,6359.0797,6482.7868,18662120900.0,211126911334.4,6367.1149,2021-01-05
2021-01-05,6470.2503,6539.7315,6452.5245,6539.7315,19672629200.0,227033005056.2,6482.7868,2021-01-06
2021-01-06,6549.731,6569.199,6472.7446,6528.1425,17852108600.0,209333367288.0,6539.7315,2021-01-07
2021-01-07,6523.6756,6567.2727,6467.4371,6538.1162,19713564100.0,219238806494.6,6528.1425,2021-01-08
2021-01-08,6541.5576,6598.3812,6484.3979,6557.5964,18083742900.0,207113827943.6,6538.1162,2021-01-11
2021-01-11,6557.4528,6572.8538,6419.731,6455.3987,18325727100.0,217940399022.5,6557.5964,2021-01-12
2021-01-12,6425.8148,6543.2286,6425.8148,6543.2286,16231123700.0,199048530439.2,6455.3987,2021-01-13
2021-01-13,6550.0346,6553.6488,6457.881,6496.9131,18491342000.0,222962632352.8,6543.2286,2021-01-14
2021-01-14,6471.7894,6516.2686,6402.6002,6439.8854,16302381600.0,198732646503.4,6496.9131,2021-01-15
2021-01-15,6427.1304,6447.8762,6339.4283,6417.5011,13824319900.0,166962801807.4,6439.8854,2021-01-18
2021-01-18,6414.8298,6529.4125,6392.0653,6514.4644,13683280700.0,169891546069.1,6417.5011,2021-01-19
2021-01-19,6510.4785,6532.6474,6456.1154,6476.3736,14761671600.0,174545108266.2,6514.4644,2021-01-20
2021-01-20,6477.6683,6535.4751,6449.2835,6535.4185,12852543200.0,153378909111.6,6476.3736,2021-01-21
2021-01-21,6552.0345,6649.8633,6550.8802,6622.4959,15680958700.0,189208745540.8,6535.4185,2021-01-22
2021-01-22,6619.8603,6643.6653,6573.8204,6637.8052,15806231000.0,202861676271.9,6622.4959,2021-01-25
2021-01-25,6636.2196,6711.5711,6599.9742,6645.3137,16562310300.0,223556746416.0,6637.8052,2021-01-26
2021-01-26,6621.1481,6624.4493,6515.2584,6532.961,14337131100.0,191892389929.2,6645.3137,2021-01-27
2021-01-27,6527.6804,6564.2855,6481.1571,6557.1608,13976004900.0,174776064769.4,6532.961,2021-01-28
2021-01-28,6475.8609,6529.8416,6405.8135,6414.3811,14482540600.0,174817693999.3,6557.1608,2021-01-29
2021-01-29,6448.6697,6462.3739,6255.7033,6346.1371,14604158100.0,172077242710.4,6414.3811,2021-02-01
2021-02-01,6338.6445,6397.0135,6328.3355,6393.278,13732518300.0,157579284924.2,6346.1371,2021-02-02
2021-02-02,6404.853,6459.4797,6361.0882,6454.7853,13239431300.0,161720464851.3,6393.278,2021-02-03
2021-02-03,6459.6641,6484.4931,6399.3315,6399.3315,14545715500.0,175699413269.2,6454.7853,2021-02-04
2021-02-04,6375.6723,6414.2983,6249.5311,6328.7881,14886133000.0,173708935488.7,6399.3315,2021-02-05
2021-02-05,6343.8303,6382.9572,6236.2674,6239.8709,13513287900.0,162500626708.2,6328.7881,2021-02-08
2021-02-08,6247.919,6354.0199,6215.7284,6323.1622,11613400400.0,141592202722.8,6239.8709,2021-02-09
2021-02-09,6334.4163,6468.4281,6330.792,6457.8814,11931911000.0,146850922947.9,6323.1622,2021-02-10
2021-02-10,6474.7495,6542.745,6424.7212,6525.1658,11904265900.0,150035763539.9,6457.8814,2021-02-18
2021-02-18,6657.3065,6678.6126,6564.3061,6614.5443,16689239200.0,194996422146.0,6525.1658,2021-02-19
2021-02-19,6600.2459,6706.3901,6542.7821,6703.4821,17876781700.0,201468755509.5,6614.5443,2021-02-22
2021-02-22,6731.5054,6810.9223,6657.056,6657.056,23706558500.0,259948295725.1,6703.4821,2021-02-23
2021-02-23,6613.6014,6701.4296,6609.0782,6631.2286,19265686600.0,206144665096.1,6657.056,2021-02-24
2021-02-24,6633.2823,6661.4326,6477.7512,6536.1861,17371883200.0,196797835530.2,6631.2286,2021-02-25
2021-02-25,6600.2054,6609.5637,6484.5547,6499.1528,16206818200.0,171451163368.9,6536.1861,2021-02-26
2021-02-26,6365.7385,6446.9461,6346.1326,6364.3529,15076020600.0,163655502841.0,6499.1528,2021-03-01
2021-03-01,6407.1642,6491.9367,6404.8885,6488.4388,15860843700.0,165792208050.0,6364.3529,2021-03-02
2021-03-02,6514.0213,6514.0213,6386.4903,6433.3282,16587706900.0,174025453382.7,6488.4388,2021-03-03
2021-03-03,6426.0369,6528.2217,6420.2068,6524.7513,17101752400.0,169667464343.0,6433.3282,2021-03-04
2021-03-04,6482.7869,6485.1639,6371.7302,6401.9917,19433461600.0,192657769864.8,6524.7513,2021-03-05
2021-03-05,6325.7517,6442.0155,6319.5318,6403.4964,16650488500.0,163666502404.3,6401.9917,2021-03-08
2021-03-08,6453.7799,6488.819,6253.6974,6256.4092,16854633900.0,177120047000.4,6403.4964,2021-03-09
2021-03-09,6235.3139,6250.9352,6033.4082,6108.0027,19643268600.0,181888459397.2,6256.4092,2021-03-10
2021-03-10,6164.7682,6179.8543,6053.0186,6062.2552,14255427900.0,135611236325.7,6108.0027,2021-03-11
2021-03-11,6074.3345,6213.9343,6045.5492,6213.8319,16081464300.0,149412660862.7,6062.2552,2021-03-12
2021-03-12,6231.4849,6232.5006,6137.9903,6222.3802,17574617800.0,160346945987.6,6213.8319,2021-03-15
2021-03-15,6192.299,6229.5721,6111.3575,6173.8721,17079969100.0,150564929107.2,6222.3802,2021-03-16
2021-03-16,6176.0685,6222.1819,6124.777,6195.2438,15284599200.0,138852788600.2,6173.8721,2021-03-17
2021-03-17,6180.8928,6230.559,6124.0498,6225.3588,13484039600.0,125106921644.8,6195.2438,2021-03-18
2021-03-18,6231.1932,6300.9446,6227.1926,6273.8556,14072566500.0,137984965631.0,6225.3588,2021-03-19
2021-03-19,6195.2534,6258.1321,6167.507,6206.6023,14323827500.0,143898488142.7,6273.8556,2021-03-22
2021-03-22,6208.9317,6307.5479,6206.081,6305.6919,14304144500.0,138484393048.5,6206.6023,2021-03-23
2021-03-23,6307.9803,6307.9803,6181.1338,6219.1666,15096405200.0,144085644479.5,6305.6919,2021-03-24
2021-03-24,6180.3124,6232.1309,6131.8232,6142.5439,14767311100.0,137684570621.8,6219.1666,2021-03-25
2021-03-25,6118.8697,6190.9381,6108.2613,6157.4072,12930709300.0,122101589124.7,6142.5439,2021-03-26
2021-03-26,6164.8237,6264.5552,6164.8237,6251.7941,12888761000.0,130405073058.5,6157.4072,2021-03-29
2021-03-29,6269.9988,6277.7649,6215.798,6254.9426,13963389400.0,137607136706.5,6251.7941,2021-03-30
2021-03-30,6239.4695,6287.8738,6217.3269,6280.359,13440958400.0,138902652260.9,6254.9426,2021-03-31
2021-03-31,6277.696,6277.696,6205.9386,6254.0695,12512849200.0,124539602404.6,6280.359,2021-04-01
2021-04-01,6259.4135,6321.5796,6238.3074,6311.6644,13037481800.0,124971608809.6,6254.0695,2021-04-02
2021-04-02,6316.5561,6341.6545,6291.7144,6326.6059,12393887100.0,125309449743.9,6311.6644,2021-04-06
2021-04-06,6345.8913,6367.7849,6323.2422,6343.0962,11148915800.0,115979707861.0,6326.6059,2021-04-07
2021-04-07,6350.3783,6350.3783,6289.0653,6348.0761,15001677500.0,139659141224.5,6343.0962,2021-04-08
2021-04-08,6332.9263,6385.1951,6309.1232,6356.7526,17374127800.0,147432805257.3,6348.0761,2021-04-09
2021-04-09,6345.2896,6360.4497,6307.6558,6335.2393,14130690000.0,127539220387.4,6356.7526,2021-04-12
2021-04-12,6325.2643,6344.1623,6203.569,6226.4182,15544143900.0,142018338674.3,6335.2393,2021-04-13
2021-04-13,6210.2229,6254.897,6193.8091,6209.7801,13038770900.0,116032381971.2,6226.4182,2021-04-14
2021-04-14,6206.6373,6287.8377,6206.6373,6277.2111,11743821700.0,107282816415.8,6209.7801,2021-04-15
2021-04-15,6263.6281,6281.4258,6211.6602,6276.4609,11977617600.0,111582123998.5,6277.2111,2021-04-16
2021-04-16,6283.8616,6344.9465,6276.4319,6339.5906,12676465300.0,119984627677.6,6276.4609,2021-04-19
2021-04-19,6331.7097,6431.7772,6315.0828,6425.2606,14220093000.0,144720530841.8,6339.5906,2021-04-20
2021-04-20,6419.7312,6467.3806,6410.2782,6428.5411,13467452300.0,143364748864.1,6425.2606,2021-04-21
2021-04-21,6396.2721,6434.6303,6369.7696,6420.2587,12105173300.0,128354894323.3,6428.5411,2021-04-22
2021-04-22,6444.2841,6472.8037,6424.7538,6445.4657,12492387700.0,131906162234.2,6420.2587,2021-04-23
2021-04-23,6445.5162,6463.9749,6412.9875,6462.7558,12611730600.0,135170990907.5,6445.4657,2021-04-26
2021-04-26,6480.3,6546.6427,6437.1905,6442.6451,14496413900.0,166586765811.5,6462.7558,2021-04-27
2021-04-27,6434.6133,6466.252,6399.4358,6446.2822,12589471200.0,138320089612.0,6442.6451,2021-04-28
2021-04-28,6433.0989,6489.7441,6410.3174,6489.7441,11723494300.0,136377845945.8,6446.2822,2021-04-29
2021-04-29,6495.6457,6502.425,6453.5198,6491.9281,12830543900.0,145502311777.1,6489.7441,2021-04-30
2021-04-30,6470.3528,6503.1544,6434.7302,6485.7075,14425423900.0,163746329854.7,6491.9281,2021-05-06
2021-05-06,6503.6009,6548.0656,6440.3308,6489.3485,15414198100.0,167436128821.0,6485.7075,2021-05-07
2021-05-07,6505.5752,6524.1804,6439.8945,6444.4429,17751874900.0,177915642405.9,6489.3485,2021-05-10
2021-05-10,6461.4184,6493.4965,6437.1068,6475.9938,18908013400.0,180906623674.1,6444.4429,2021-05-11
2021-05-11,6436.2918,6472.8694,6349.7869,6456.0376,18726361100.0,175350134124.8,6475.9938,2021-05-12
2021-05-12,6434.9139,6521.4879,6419.7374,6512.0501,15649093000.0,150127199439.1,6456.0376,2021-05-13
2021-05-13,6448.9598,6496.9964,6426.5758,6439.0273,15965864600.0,155853650959.6,6512.0501,2021-05-14
2021-05-14,6454.6791,6525.8036,6421.2082,6525.8036,16624340700.0,163611264403.2,6439.0273,2021-05-17
2021-05-17,6521.8855,6613.8947,6521.8855,6578.1402,15936375800.0,172029261941.2,6525.8036,2021-05-18
2021-05-18,6578.971,6604.6852,6558.7784,6599.5985,13250549100.0,141986530241.0,6578.1402,2021-05-19
2021-05-19,6582.1042,6590.9811,6544.8406,6584.3869,13518125500.0,146346354189.3,6599.5985,2021-05-20
2021-05-20,6541.0926,6580.4366,6506.4075,6548.7111,16232992300.0,167135804361.3,6584.3869,2021-05-21
2021-05-21,6557.4884,6570.4572,6512.8063,6527.864,13435069500.0,145990149052.2,6548.7111,2021-05-24
2021-05-24,6515.8325,6564.0707,6494.6163,6544.1218,13722661200.0,150739211897.2,6527.864,2021-05-25
2021-05-25,6549.3436,6628.6931,6524.3027,6619.6707,14469203600.0,158035570948.2,6544.1218,2021-05-26
2021-05-26,6631.3657,6642.3799,6612.4227,6628.2065,15623700300.0,169904624510.0,6619.6707,2021-05-27
2021-05-27,6629.2373,6685.4829,6620.7204,6685.4054,14516667600.0,164642448242.1,6628.2065,2021-05-28
2021-05-28,6699.284,6718.0899,6643.6437,6668.1696,15731838500.0,176611765480.0,6685.4054,2021-05-31
2021-05-31,6681.5496,6729.0737,6667.2578,6728.9906,14692949300.0,176728706904.1,6668.1696,2021-06-01
2021-06-01,6718.6433,6742.9797,6656.6634,6739.7624,16109195700.0,185038576025.0,6728.9906,2021-06-02
2021-06-02,6740.5032,6748.151,6662.7512,6681.4285,15736532000.0,174265553758.4,6739.7624,2021-06-03
2021-06-03,6680.1048,6744.5182,6654.4553,6667.7264,15488569100.0,167598938400.4,6681.4285,2021-06-04
2021-06-04,6642.0602,6725.6862,6628.0059,6693.0574,13786640400.0,161257142655.0,6667.7264,2021-06-07
2021-06-07,6705.7364,6729.8451,6689.7015,6721.5019,14056089600.0,174154017266.3,6693.0574,2021-06-08
2021-06-08,6726.0868,6752.6266,6652.3908,6684.5626,13868494700.0,169906611639.7,6721.5019,2021-06-09
2021-06-09,6677.1376,6712.252,6656.0547,6692.9049,13651103400.0,155486113450.7,6684.5626,2021-06-10
2021-06-10,6688.8192,6773.4555,6683.4936,6765.6436,15428096400.0,177003017372.4,6692.9049,2021-06-11
2021-06-11,6773.6422,6775.8628,6717.2725,6725.9152,16956960700.0,194413370189.0,6765.6436,2021-06-15
2021-06-15,6734.0952,6736.5371,6649.2043,6663.6623,15220925000.0,166359279929.9,6725.9152,2021-06-16
2021-06-16,6659.4935,6662.7783,6554.8926,6566.286,13680787700.0,152269456251.1,6663.6623,2021-06-17
2021-06-17,6554.3012,6618.5036,6554.3012,6616.174,12449256200.0,143795950500.7,6566.286,2021-06-18
2021-06-18,6610.2661,6671.8815,6587.0346,6657.7635,13802258100.0,161540069486.5,6616.174,2021-06-21
2021-06-21,6652.6527,6722.9843,6638.517,6707.1762,14303117200.0,174776560666.7,6657.7635,2021-06-22
2021-06-22,6723.2981,6748.9655,6691.8215,6739.7939,14654349700.0,170147487108.5,6707.1762,2021-06-23
2021-06-23,6741.577,6803.9743,6720.5819,6789.9464,15530960900.0,184582044261.0,6739.7939,2021-06-24
2021-06-24,6791.8613,6791.8613,6743.3265,6754.8657,14504652200.0,172627659565.8,6789.9464,2021-06-25
2021-06-25,6748.8658,6824.8583,6739.0158,6813.4138,15148565900.0,174329254834.2,6754.8657,2021-06-28
2021-06-28,6814.317,6843.5186,6802.8584,6828.5162,14550405000.0,175447981606.9,6813.4138,2021-06-29
2021-06-29,6833.0565,6835.0483,6756.9158,6765.4201,13662572200.0,167622236941.9,6828.5162,2021-06-30
2021-06-30,6767.7419,6812.3797,6757.3403,6808.1831,12540616100.0,155031841222.7,6765.4201,2021-07-01
2021-07-01,6827.6968,6827.6968,6716.6658,6716.6658,13835081100.0,168199910261.8,6808.1831,2021-07-02
2021-07-02,6701.0642,6718.5052,6651.4849,6658.0451,13647228700.0,162302314384.6,6716.6658,2021-07-05
2021-07-05,6670.1262,6716.147,6663.5441,6711.0136,13473472100.0,165135856954.1,6658.0451,2021-07-06
2021-07-06,6727.9674,6747.8474,6633.6146,6709.4983,14501795400.0,183569347568.2,6711.0136,2021-07-07
2021-07-07,6661.8535,6765.4341,6642.5714,6764.1319,14764695200.0,176266750638.3,6709.4983,2021-07-08
2021-07-08,6774.8448,6797.0765,6740.8503,6748.654,15956454300.0,203043021691.4,6764.1319,2021-07-09
2021-07-09,6721.6089,6814.6529,6683.7857,6804.5389,16610700400.0,204576733418.5,6748.654,2021-07-12
2021-07-12,6852.4754,6926.7584,6840.0176,6904.3818,19356104400.0,239883545712.2,6804.5389,2021-07-13
2021-07-13,6901.8116,6961.9744,6889.0257,6961.8475,17962084300.0,223831191046.1,6904.3818,2021-07-14
2021-07-14,6953.8224,6973.6146,6898.7502,6898.7502,17173544800.0,214904536798.0,6961.8475,2021-07-15
2021-07-15,6874.8047,6936.5787,6828.4823,6932.406,17322110800.0,205199287272.7,6898.7502,2021-07-16
2021-07-16,6931.0514,6992.8342,6922.3462,6925.1232,18490785800.0,221559303997.3,6932.406,2021-07-19
2021-07-19,6912.098,6931.1438,6856.6499,6889.3375,16973481800.0,208077102432.8,6925.1232,2021-07-20
2021-07-20,6831.0513,6901.1329,6825.8225,6901.1318,14014063000.0,171140493692.8,6889.3375,2021-07-21
2021-07-21,6923.6119,6998.2849,6922.9205,6984.5418,16300927100.0,204939577752.7,6901.1318,2021-07-22
2021-07-22,6996.2552,7026.7337,6960.2973,7026.5482,19023331600.0,219500277016.4,6984.5418,2021-07-23
2021-07-23,7036.2979,7061.6675,6968.3065,6985.7499,22507907400.0,253751241896.6,7026.5482,2021-07-26
2021-07-26,6974.1092,6986.497,6778.4971,6868.2074,20819723900.0,242702241755.1,6985.7499,2021-07-27
2021-07-27,6877.4423,6925.9705,6719.2557,6719.2557,22861433900.0,266957981725.4,6868.2074,2021-07-28
2021-07-28,6650.1519,6709.2256,6534.9179,6621.9845,19726716600.0,222466408799.2,6719.2557,2021-07-29
2021-07-29,6720.6164,6773.5669,6682.1185,6758.8869,17101788500.0,209142006693.7,6621.9845,2021-07-30
2021-07-30,6739.7545,6775.0062,6702.5114,6767.316,18971173400.0,222514805286.1,6758.8869,2021-08-02
2021-08-02,6756.8132,6875.4159,6731.7761,6872.0004,20620517300.0,249640208610.0,6767.316,2021-08-03
2021-08-03,6844.3695,6879.5933,6792.7117,6816.0107,19418943200.0,237723020657.0,6872.0004,2021-08-04
2021-08-04,6814.0846,6931.7808,6813.228,6931.3365,17406434700.0,216189753229.4,6816.0107,2021-08-05
2021-08-05,6920.9393,6946.3354,6880.6905,6911.8292,17937188500.0,226672383897.7,6931.3365,2021-08-06
2021-08-06,6929.0226,6947.5356,6885.6471,6938.8679,17235691200.0,214958730456.7,6911.8292,2021-08-09
2021-08-09,6914.3218,6989.7057,6877.1951,6979.5256,17383337100.0,210955642886.2,6938.8679,2021-08-10
2021-08-10,6970.8257,7019.6854,6958.8054,7019.2284,17308796200.0,222660420409.7,6979.5256,2021-08-11
2021-08-11,7024.7685,7076.3726,6999.9332,7073.5219,18835790600.0,221759523190.4,7019.2284,2021-08-12
2021-08-12,7059.4673,7115.8874,7051.0132,7095.2024,19407912500.0,226074875242.5,7073.5219,2021-08-13
2021-08-13,7070.4711,7124.9216,7050.3051,7088.8876,19219060400.0,221865974676.0,7095.2024,2021-08-16
2021-08-16,7087.5802,7102.3958,7039.1029,7052.4876,18817888600.0,222080461698.0,7088.8876,2021-08-17
2021-08-17,7045.7547,7063.0175,6876.4991,6894.4042,20193637200.0,226553000297.5,7052.4876,2021-08-18
2021-08-18,6883.2663,6950.8846,6865.0658,6941.008,17536733100.0,191997407327.9,6894.4042,2021-08-19
2021-08-19,6917.5093,6978.9832,6869.2927,6947.0564,17181358900.0,194992915174.4,6941.008,2021-08-20
2021-08-20,6915.0178,6952.5192,6843.0023,6920.0248,17562713900.0,205135637760.0,6947.0564,2021-08-23
2021-08-23,6949.3323,7031.884,6949.3323,7024.5647,18945660800.0,216299530693.2,6920.0248,2021-08-24
2021-08-24,7031.6481,7098.0287,7009.6901,7090.7817,20272689500.0,236479323511.5,7024.5647,2021-08-25
2021-08-25,7092.1469,7153.274,7058.5714,7153.0043,19812689000.0,228737398900.2,7090.7817,2021-08-26
2021-08-26,7151.5304,7175.5115,7115.8445,7118.8442,23017619600.0,255363535500.4,7153.0043,2021-08-27
2021-08-27,7096.6546,7185.7274,7083.2112,7180.1088,22383046300.0,258997827229.8,7118.8442,2021-08-30
2021-08-30,7202.6263,7262.6044,7190.6143,7226.8823,25064914800.0,301015443912.4,7180.1088,2021-08-31
2021-08-31,7202.5239,7255.3418,7159.3023,7255.3418,24510834200.0,288657326056.3,7226.8823,2021-09-01
2021-09-01,7271.0338,7278.1558,7100.307,7193.1,29552014000.0,331023151839.6,7255.3418,2021-09-02
2021-09-02,7172.3989,7309.3317,7172.3989,7307.0084,25341169800.0,271544871415.2,7193.1,2021-09-03
2021-09-03,7335.6955,7385.2425,7227.0348,7278.6809,28880124000.0,315016807341.7,7307.0084,2021-09-06
2021-09-06,7297.3609,7359.5367,7231.7285,7355.4013,25587515300.0,273720337786.8,7278.6809,2021-09-07
2021-09-07,7360.3829,7501.1262,7350.6962,7498.9255,26072754100.0,280403353971.0,7355.4013,2021-09-08
2021-09-08,7496.3344,7549.4542,7483.8711,7544.0411,27284780800.0,287850948370.8,7498.9255,2021-09-09
2021-09-09,7534.9816,7617.6574,7526.9689,7617.4505,28720406800.0,302380048527.9,7544.0411,2021-09-10
2021-09-10,7613.604,7661.4261,7564.2611,7607.6749,29346864200.0,322687990811.2,7617.4505,2021-09-13
2021-09-13,7613.5404,7650.8787,7566.7758,7648.7481,26361861000.0,298956061716.8,7607.6749,2021-09-14
2021-09-14,7630.7153,7688.6036,7544.0161,7556.6157,27150151200.0,306464420119.2,7648.7481,2021-09-15
2021-09-15,7535.2511,7627.6702,7521.8772,7592.3059,23339841600.0,274072796567.4,7556.6157,2021-09-16
2021-09-16,7616.8813,7657.2251,7445.2326,7446.9353,26764977900.0,301162982030.1,7592.3059,2021-09-17
2021-09-17,7421.805,7471.419,7275.9829,7395.5645,23360422600.0,259019107902.0,7446.9353,2021-09-22
2021-09-22,7305.0785,7453.9319,7298.0267,7453.6247,19679453400.0,221838873408.5,7395.5645,2021-09-23
2021-09-23,7512.3311,7543.6595,7467.2021,7502.8391,24115869400.0,267659234037.1,7453.6247,2021-09-24
2021-09-24,7490.5645,7490.5645,7373.2854,7380.3843,23171558200.0,248983141488.2,7502.8391,2021-09-27
2021-09-27,7400.0047,7410.4669,7128.5116,7170.5899,23954240700.0,255096916280.6,7380.3843,2021-09-28
2021-09-28,7158.6203,7227.4568,7155.2737,7198.8966,20280056700.0,196202379037.6,7170.5899,2021-09-29
2021-09-29,7142.7611,7161.2117,6996.5724,7010.2192,21057070200.0,207830603405.8,7198.8966,2021-09-30
2021-09-30,7034.6937,7116.037,7034.6937,7103.6076,20248261200.0,186185669931.7,7010.2192,2021-10-08
2021-10-08,7191.2254,7198.9614,7058.831,7091.3356,20546770500.0,202877493532.5,7103.6076,2021-10-11
2021-10-11,7102.882,7123.7457,7048.8733,7090.4673,19542083900.0,194709504374.7,7091.3356,2021-10-12
2021-10-12,7069.3516,7079.7053,6891.8448,6952.1903,20166672300.0,194146539017.6,7090.4673,2021-10-13
2021-10-13,6957.7292,6991.2444,6887.3389,6981.5947,16260465500.0,163678284334.2,6952.1903,2021-10-14
2021-10-14,6970.6469,7033.3956,6949.4809,7008.3326,15476466800.0,162946739426.8,6981.5947,2021-10-15
2021-10-15,6996.1199,7034.0279,6975.2395,7024.1596,17410833900.0,188999735572.0,7008.3326,2021-10-18
2021-10-18,7027.1401,7071.8702,6983.7158,7068.1048,17562701400.0,194312992634.8,7024.1596,2021-10-19
2021-10-19,7060.7748,7127.2362,7051.779,7120.3794,16813576400.0,182701165154.9,7068.1048,2021-10-20
2021-10-20,7081.9851,7154.9089,7067.1346,7118.7959,17051134100.0,186276501134.2,7120.3794,2021-10-21
2021-10-21,7127.6351,7145.5837,7069.4508,7098.2542,16797196700.0,184364872656.5,7118.7959,2021-10-22
2021-10-22,7089.1349,7110.657,7020.8705,7026.0676,17161515100.0,184191958090.4,7098.2542,2021-10-25
2021-10-25,7019.0224,7105.9767,7003.7789,7103.9856,15900460300.0,184607289163.6,7026.0676,2021-10-26
2021-10-26,7120.0662,7155.628,7085.0685,7102.4335,17503220500.0,204998019664.9,7103.9856,2021-10-27
2021-10-27,7093.1238,7097.8574,7017.8618,7048.604,17902088700.0,212523899547.3,7102.4335,2021-10-28
2021-10-28,7026.2937,7043.4168,6930.5413,6950.2768,18807533800.0,210380519313.0,7048.604,2021-10-29
2021-10-29,6955.8473,7022.7535,6920.3074,7022.4992,17077953300.0,207011899853.7,6950.2768,2021-11-01
2021-11-01,7005.0693,7087.2923,6993.27,7060.756,18414299100.0,226533562754.7,7022.4992,2021-11-02
2021-11-02,7061.0022,7093.6115,6921.8496,6985.0998,19611472800.0,230633597738.9,7060.756,2021-11-03
2021-11-03,6975.0635,7034.0916,6962.8685,7017.8541,15081464800.0,183530630396.2,6985.0998,2021-11-04
2021-11-04,7031.9467,7073.8522,7018.6086,7073.8522,15265204900.0,188533361387.7,7017.8541,2021-11-05
2021-11-05,7071.0831,7073.8516,6991.1519,6991.9077,17724139200.0,207299701331.0,7073.8522,2021-11-08
2021-11-08,6986.4961,7034.141,6984.8099,7026.9715,14636085700.0,176810356754.4,6991.9077,2021-11-09
2021-11-09,7037.5733,7087.0231,7028.3131,7081.7539,14169684700.0,175620424710.2,7026.9715,2021-11-10
2021-11-10,7061.6357,7072.1479,6965.8634,7062.3313,16213835400.0,187121573688.1,7081.7539,2021-11-11
2021-11-11,7048.8625,7121.9221,7033.0881,7119.8589,16540069300.0,186637770929.3,7062.3313,2021-11-12
2021-11-12,7118.9925,7165.1056,7112.5819,7156.6127,16851342300.0,195249975661.0,7119.8589,2021-11-15
2021-11-15,7166.0372,7176.7701,7083.7783,7098.2129,16114820200.0,201939758494.8,7156.6127,2021-11-16
2021-11-16,7083.9214,7121.7443,7040.5069,7045.9387,16237031600.0,192032230405.6,7098.2129,2021-11-17
2021-11-17,7043.633,7106.0537,7033.9529,7104.5344,14034710700.0,168875300039.3,7045.9387,2021-11-18
2021-11-18,7108.7797,7130.2877,7066.4894,7084.6827,16271486000.0,185152969061.1,7104.5344,2021-11-19
2021-11-19,7083.0066,7174.2512,7073.717,7169.8759,17818585400.0,193601338401.8,7084.6827,2021-11-22
2021-11-22,7177.4005,7259.5317,7177.4005,7255.0736,18052248000.0,222986228038.5,7169.8759,2021-11-23
2021-11-23,7245.9455,7292.917,7239.0001,7261.3791,18959503300.0,218299011123.4,7255.0736,2021-11-24
2021-11-24,7260.2161,7278.3963,7229.604,7256.1117,17767407200.0,209537055308.1,7261.3791,2021-11-25
2021-11-25,7262.7934,7262.7934,7228.2913,7233.5423,16406809800.0,190327760943.3,7256.1117,2021-11-26
2021-11-26,7216.6383,7249.1985,7201.1952,7219.8622,15942313700.0,192093829800.3,7233.5423,2021-11-29
2021-11-29,7129.9393,7226.3391,7125.4296,7221.8978,16694140600.0,198551719061.9,7219.8622,2021-11-30
2021-11-30,7252.3323,7281.1339,7210.8352,7252.7552,18633616300.0,213217510814.3,7221.8978,2021-12-01
2021-12-01,7239.1277,7272.9398,7215.6723,7272.837,17180629500.0,196111868499.2,7252.7552,2021-12-02
2021-12-02,7256.4241,7279.9456,7221.3624,7229.988,17655554400.0,198627048458.5,7272.837,2021-12-03
2021-12-03,7233.5723,7310.2748,7223.7957,7301.9173,18622273800.0,200791224128.9,7229.988,2021-12-06
2021-12-06,7308.9885,7330.4685,7235.4479,7240.4558,21306995200.0,218322693799.7,7301.9173,2021-12-07
2021-12-07,7274.1261,7284.6445,7148.0679,7206.8257,19224385400.0,206136079286.9,7240.4558,2021-12-08
2021-12-08,7224.9995,7302.9905,7214.2588,7302.9905,16928045300.0,190279976219.1,7206.8257,2021-12-09
2021-12-09,7298.7955,7331.5838,7290.268,7320.3177,19608716800.0,211492054441.2,7302.9905,2021-12-10
2021-12-10,7285.9735,7317.2658,7276.6134,7306.646,18723069500.0,209397677738.1,7320.3177,2021-12-13
2021-12-13,7334.11,7371.31,7322.4381,7353.0306,18536306100.0,210741544041.8,7306.646,2021-12-14
2021-12-14,7330.236,7349.8781,7314.4295,7324.1331,15958375300.0,183555994743.8,7353.0306,2021-12-15
2021-12-15,7319.6641,7352.379,7302.3831,7314.2586,15992392300.0,183859414382.0,7324.1331,2021-12-16
2021-12-16,7323.4117,7380.9974,7323.4117,7380.9974,17769034000.0,187008756369.3,7314.2586,2021-12-17
2021-12-17,7380.7202,7384.0175,7308.7215,7314.5601,19626533600.0,203439633902.9,7380.9974,2021-12-20
2021-12-20,7290.9488,7313.4816,7191.0499,7195.9732,18172785300.0,190350688407.0,7314.5601,2021-12-21
2021-12-21,7190.9728,7285.7209,7190.9728,7275.4675,17621674600.0,164258060881.9,7195.9732,2021-12-22
2021-12-22,7289.9065,7318.605,7271.8182,7302.463,17411719000.0,171088399938.4,7275.4675,2021-12-23
2021-12-23,7306.1587,7349.9951,7290.3792,7337.19,16913176000.0,180467002801.9,7302.463,2021-12-24
2021-12-24,7335.9996,7339.9405,7257.5267,7278.7556,16941870200.0,182681103358.1,7337.19,2021-12-27
2021-12-27,7269.37,7323.876,7255.7163,7272.7493,14861878900.0,165585648493.7,7278.7556,2021-12-28
2021-12-28,7281.0041,7290.5389,7240.9278,7286.0336,14326204000.0,164782846852.7,7272.7493,2021-12-29
2021-12-29,7275.6736,7290.8597,7242.3024,7247.7741,13620955200.0,155743984428.4,7286.0336,2021-12-30
2021-12-30,7246.0313,7324.4981,7244.2221,7310.96,14165111100.0,158448274389.6,7247.7741,2021-12-31
2021-12-31,7320.9363,7368.1297,7317.7047,7359.4024,14990900300.0,169456916309.8,7310.96,2022-01-04
2022-01-04,7387.8055,7392.1023,7317.5011,7354.4562,20081001800.0,219175107618.1,7359.4024,2022-01-05
2022-01-05,7343.8995,7346.2621,7200.7314,7222.6747,19400240400.0,209809761803.8,7354.4562,2022-01-06
2022-01-06,7187.9499,7242.766,7167.8078,7229.9601,17333576500.0,179907539895.0,7222.6747,2022-01-07
2022-01-07,7232.4087,7262.805,7168.0396,7175.676,20001801100.0,202498452621.9,7229.9601,2022-01-10
2022-01-10,7161.4375,7193.9224,7122.0892,7191.4511,16574887800.0,176717915891.8,7175.676,2022-01-11
2022-01-11,7187.0155,7206.9187,7118.8378,7135.2232,16949456500.0,179645357798.7,7191.4511,2022-01-12
2022-01-12,7160.1762,7196.9327,7148.6276,7196.9327,15605148300.0,170334290986.6,7135.2232,2022-01-13
2022-01-13,7203.2434,7203.2434,7096.3251,7097.7594,16914896800.0,174599014140.3,7196.9327,2022-01-14
2022-01-14,7063.4231,7125.092,7052.6348,7081.1408,17559119800.0,181513954243.3,7097.7594,2022-01-17
2022-01-17,7080.6157,7169.3446,7078.6629,7157.8593,16177971900.0,183490792953.4,7081.1408,2022-01-18
2022-01-18,7163.1284,7191.0046,7133.1954,7163.1586,17923539100.0,195000211959.9,7157.8593,2022-01-19
2022-01-19,7144.4768,7182.0623,7078.3609,7118.762,16317836800.0,174675276058.6,7163.1586,2022-01-20
2022-01-20,7119.5101,7135.7759,7040.0143,7056.7854,16866628200.0,172753201584.8,7118.762,2022-01-21
2022-01-21,7037.9389,7040.425,6965.333,6976.6155,14467978900.0,158204017340.6,7056.7854,2022-01-24
2022-01-24,6942.9178,7006.7008,6925.7709,6979.2456,12267956400.0,135920720796.5,6976.6155,2022-01-25
2022-01-25,6959.995,6979.483,6743.9566,6743.9566,15033724400.0,154265494910.4,6979.2456,2022-01-26
2022-01-26,6762.3509,6799.8129,6721.8961,6782.5763,12061531000.0,130234705546.0,6743.9566,2022-01-27
2022-01-27,6781.6081,6785.7265,6605.9159,6605.9159,12524375600.0,132244728276.2,6782.5763,2022-01-28
2022-01-28,6690.1755,6690.1755,6510.1811,6580.53,12708881900.0,130258015986.6,6605.9159,2022-02-07
2022-02-07,6664.5682,6702.3323,6656.1312,6676.6122,14509261900.0,138641531840.6,6580.53,2022-02-08
2022-02-08,6678.9894,6742.4015,6599.3668,6742.1921,15959857500.0,145458655721.1,6676.6122,2022-02-09
2022-02-09,6736.7511,6848.6947,6725.7983,6843.0271,16282272100.0,155362517482.0,6742.1921,2022-02-10
2022-02-10,6841.1608,6864.6863,6797.0071,6840.485,15491656500.0,147064848237.7,6843.0271,2022-02-11
2022-02-11,6811.7797,6840.7212,6735.894,6745.0235,15980135400.0,156700185551.4,6840.485,2022-02-14
2022-02-14,6711.5875,6765.5158,6667.4898,6695.6958,13708245900.0,132192013548.4,6745.0235,2022-02-15
2022-02-15,6700.8179,6762.8586,6686.9491,6760.2776,11280576000.0,121268405355.2,6695.6958,2022-02-16
2022-02-16,6779.2077,6788.3641,6751.8001,6772.0336,10841400300.0,114685136207.6,6760.2776,2022-02-17
2022-02-17,6764.3343,6797.6154,6730.1804,6768.7888,12298508900.0,130706760947.1,6772.0336,2022-02-18
2022-02-18,6734.519,6835.2033,6727.8158,6835.0217,13995263800.0,134406668671.3,6768.7888,2022-02-21
2022-02-21,6843.0844,6871.9925,6822.8758,6867.1129,14514631300.0,150072396911.2,6835.0217,2022-02-22
2022-02-22,6827.0469,6827.0469,6743.8487,6784.7622,14860991500.0,152906258314.5,6867.1129,2022-02-23
2022-02-23,6785.1032,6889.6961,6785.1032,6887.4236,14411662000.0,159413008185.2,6784.7622,2022-02-24
2022-02-24,6861.4115,6898.4143,6688.7529,6764.8756,21084975500.0,218057095132.3,6887.4236,2022-02-25
2022-02-25,6805.6374,6895.0443,6801.3265,6819.4311,15642913900.0,164105581755.5,6764.8756,2022-02-28
2022-02-28,6831.4875,6853.3427,6770.0507,6853.3081,13960138800.0,148585345164.0,6819.4311,2022-03-01
2022-03-01,6868.6218,6889.3312,6837.2469,6874.0447,13771721800.0,147535308435.5,6853.3081,2022-03-02
2022-03-02,6853.0715,6878.35,6828.0631,6875.2404,13711497800.0,140871322089.8,6874.0447,2022-03-03
2022-03-03,6900.9773,6907.4088,6843.9865,6859.5522,18909178100.0,173516746093.0,6875.2404,2022-03-04
2022-03-04,6823.8348,6871.0857,6779.414,6803.8337,17741188200.0,165852587305.5,6859.5522,2022-03-07
2022-03-07,6800.7674,6800.8159,6628.4825,6659.3902,16648459400.0,164636761947.0,6803.8337,2022-03-08
2022-03-08,6650.5797,6665.9467,6416.8002,6429.8888,18629607900.0,184444202760.5,6659.3902,2022-03-09
2022-03-09,6443.2024,6462.4778,6066.7635,6305.6093,19780274000.0,188335592554.8,6429.8888,2022-03-10
2022-03-10,6424.9121,6475.1435,6390.7252,6414.9402,15315235500.0,158971825326.8,6305.6093,2022-03-11
2022-03-11,6343.1858,6479.7207,6270.0233,6474.1269,15211450300.0,158771247766.1,6414.9402,2022-03-14
2022-03-14,6419.2391,6490.6124,6323.5779,6323.5779,13795400500.0,153706453659.8,6474.1269,2022-03-15
2022-03-15,6272.4432,6278.0688,5964.9813,5964.9813,19471374500.0,184102450787.5,6323.5779,2022-03-16
2022-03-16,6068.8999,6173.7875,5824.3301,6156.2714,17882684700.0,178613442534.0,5964.9813,2022-03-17
2022-03-17,6233.6437,6369.8884,6225.9795,6267.5244,17043854100.0,184845065443.2,6156.2714,2022-03-18
2022-03-18,6249.476,6338.2235,6231.7261,6332.2166,15262021400.0,153302421271.9,6267.5244,2022-03-21
2022-03-21,6340.5589,6389.2103,6284.8526,6358.943,15965372300.0,161774094329.4,6332.2166,2022-03-22
2022-03-22,6343.4004,6404.827,6313.2741,6358.1093,15110787400.0,145705387844.5,6358.943,2022-03-23
2022-03-23,6368.3126,6420.1586,6353.3361,6398.1009,14317935800.0,141684925864.7,6358.1093,2022-03-24
2022-03-24,6370.971,6384.4046,6315.1424,6344.115,13774908600.0,139175992839.2,6398.1009,2022-03-25
2022-03-25,6346.7106,6373.4658,6268.2376,6268.2376,13497225600.0,135181835619.8,6344.115,2022-03-28
2022-03-28,6230.1211,6322.1284,6176.2482,6283.2814,14485788700.0,136991737399.1,6268.2376,2022-03-29
2022-03-29,6289.4756,6316.3129,6233.2822,6253.0692,14136212400.0,140401394967.6,6283.2814,2022-03-30
2022-03-30,6272.0017,6377.8744,6261.8037,6377.8744,16401457500.0,155600799511.1,6253.0692,2022-03-31
2022-03-31,6361.1036,6383.0744,6313.9663,6324.9609,17690394800.0,167072822890.9,6377.8744,2022-04-01
2022-04-01,6289.39,6373.2603,6274.0006,6364.5206,17512859600.0,154551712332.6,6324.9609,2022-04-06
2022-04-06,6363.002,6363.002,6279.0719,6356.9271,19685358400.0,169525010204.0,6364.5206,2022-04-07
2022-04-07,6321.8086,6364.6276,6221.5908,6221.5908,19076219200.0,163735810257.4,6356.9271,2022-04-08
2022-04-08,6227.1952,6237.9145,6117.0139,6224.1167,18395489200.0,159245297292.2,6221.5908,2022-04-11
2022-04-11,6202.0226,6202.0226,6001.5658,6029.8935,17838481200.0,162201440592.2,6224.1167,2022-04-12
2022-04-12,6019.6735,6135.5702,5964.3887,6126.9065,17318018800.0,151432386370.2,6029.8935,2022-04-13
2022-04-13,6094.6845,6129.6592,6039.9234,6044.3263,16704306000.0,147270109711.9,6126.9065,2022-04-14
2022-04-14,6074.1342,6156.4962,6060.6813,6126.4902,15903310600.0,147089465759.8,6044.3263,2022-04-15
2022-04-15,6094.1219,6122.2895,6048.1602,6070.7489,18462700000.0,162170121562.1,6126.4902,2022-04-18
2022-04-18,6019.5305,6094.6714,5975.4455,6074.0069,14918638000.0,131553629165.0,6070.7489,2022-04-19
2022-04-19,6067.4795,6106.9313,6052.0964,6092.3963,14199753400.0,129227432636.5,6074.0069,2022-04-20
2022-04-20,6082.8122,6093.7827,5942.0045,5956.9208,15105560300.0,134720863250.9,6092.3963,2022-04-21
2022-04-21,5933.7886,5971.1943,5742.4182,5759.8013,15785450500.0,135625763585.4,5956.9208,2022-04-22
2022-04-22,5728.193,5794.3351,5667.3384,5740.9844,13999759800.0,120243690113.6,5759.8013,2022-04-25
2022-04-25,5656.3939,5656.3939,5369.7171,5369.7171,18675348000.0,150663973302.5,5740.9844,2022-04-26
2022-04-26,5374.2548,5434.7038,5225.2065,5234.0059,17129943300.0,139143826428.0,5369.7171,2022-04-27
2022-04-27,5179.0311,5440.0693,5158.476,5437.0374,17969338400.0,148165593331.4,5234.0059,2022-04-28
2022-04-28,5398.9043,5472.8233,5339.6085,5418.7641,15503977300.0,133023979699.0,5437.0374,2022-04-29
2022-04-29,5458.9146,5630.9326,5443.6651,5627.9021,18128951200.0,157723206297.8,5418.7641,2022-05-05
2022-05-05,5612.4964,5728.6163,5606.9405,5686.7023,16864320800.0,153614014864.4,5627.9021,2022-05-06
2022-05-06,5560.9758,5629.647,5542.1811,5563.7693,15299334100.0,128084917441.6,5686.7023,2022-05-09
2022-05-09,5552.4756,5626.5906,5537.9754,5608.5162,13155392900.0,114555068564.0,5563.7693,2022-05-10
2022-05-10,5532.6001,5698.5144,5519.4721,5690.0868,16532961300.0,141136837683.5,5608.5162,2022-05-11
2022-05-11,5697.4294,5856.1924,5696.7023,5737.8173,18516362700.0,172855135622.5,5690.0868,2022-05-12
2022-05-12,5707.5559,5779.3195,5687.175,5743.1007,13921616900.0,125952896230.6,5737.8173,2022-05-13
2022-05-13,5765.3172,5796.8014,5731.8598,5796.8014,13655977500.0,116785287132.3,5743.1007,2022-05-16
2022-05-16,5840.243,5855.7226,5767.5448,5791.0809,15138727500.0,132450886599.5,5796.8014,2022-05-17
2022-05-17,5789.9157,5816.3379,5724.4448,5816.3379,13082939100.0,119260447955.2,5791.0809,2022-05-18
2022-05-18,5815.6052,5846.844,5785.4545,5797.4896,12724384500.0,114319973944.7,5816.3379,2022-05-19
2022-05-19,5708.8006,5838.4074,5700.1061,5838.4074,13662374000.0,122730054522.0,5797.4896,2022-05-20
2022-05-20,5854.014,5929.5421,5849.7614,5929.4882,16572732900.0,151890808353.4,5838.4074,2022-05-23
2022-05-23,5941.1422,5968.851,5908.6589,5965.7277,15387601700.0,143376161124.0,5929.4882,2022-05-24
2022-05-24,5962.1488,5967.2326,5745.6751,5745.6751,17754083400.0,161859191392.5,5965.7277,2022-05-25
2022-05-25,5741.2348,5844.282,5736.1388,5844.2546,14359063500.0,126687497293.5,5745.6751,2022-05-26
2022-05-26,5848.0259,5928.7066,5780.9701,5911.5607,16235036200.0,142667052821.1,5844.2546,2022-05-27
2022-05-27,5921.3316,5952.615,5854.61,5899.915,14340686200.0,128502607015.8,5911.5607,2022-05-30
2022-05-30,5918.2429,5942.9969,5867.1924,5942.8317,13385264700.0,124183592946.5,5899.915,2022-05-31
2022-05-31,5940.3724,6033.4732,5902.2751,6026.2373,15594491800.0,147825250552.3,5942.8317,2022-06-01
2022-06-01,6008.7519,6042.3715,5970.493,6023.644,15536577300.0,143127245305.2,6026.2373,2022-06-02
2022-06-02,6000.6176,6084.3166,5987.6409,6078.4349,15957167500.0,150036301464.4,6023.644,2022-06-06
2022-06-06,6079.8854,6194.4258,6070.707,6187.4441,18267996300.0,180119370874.6,6078.4349,2022-06-07
2022-06-07,6186.5768,6199.7233,6136.0388,6186.5672,17731171800.0,169115475173.6,6187.4441,2022-06-08
2022-06-08,6184.9604,6227.3285,6110.0604,6217.8276,18642886400.0,176670594408.9,6186.5672,2022-06-09
2022-06-09,6207.7272,6209.1099,6088.4637,6130.6862,17212977500.0,160399014376.8,6217.8276,2022-06-10
2022-06-10,6083.5009,6250.3633,6078.7845,6240.1032,19254134000.0,178686545011.3,6130.6862,2022-06-13
2022-06-13,6188.7655,6250.6808,6172.9148,6233.6194,18813239700.0,197652384588.3,6240.1032,2022-06-14
2022-06-14,6161.6197,6278.9724,6061.1905,6275.5652,19740316500.0,196166211157.9,6233.6194,2022-06-15
2022-06-15,6275.3708,6398.3587,6261.0394,6261.0613,23814076500.0,231704740913.9,6275.5652,2022-06-16
2022-06-16,6262.2871,6330.3502,6242.3287,6264.822,19461508300.0,200890496403.0,6261.0613,2022-06-17
2022-06-17,6220.5832,6328.3614,6181.8541,6316.3092,16785912900.0,188555335283.8,6264.822,2022-06-20
2022-06-20,6323.4058,6359.0,6277.2155,6330.3942,17520714600.0,202463104716.5,6316.3092,2022-06-21
2022-06-21,6324.8405,6337.0828,6215.292,6277.0014,16446163000.0,178813382248.4,6330.3942,2022-06-22
2022-06-22,6281.8672,6285.6521,6176.8507,6179.57,15409431800.0,164240856131.8,6277.0014,2022-06-23
2022-06-23,6186.9871,6300.4746,6142.9367,6300.4746,16826604400.0,179525605665.7,6179.57,2022-06-24
2022-06-24,6306.829,6378.498,6304.0817,6368.2827,15771270400.0,181995576916.7,6300.4746,2022-06-27
2022-06-27,6398.3596,6449.3379,6390.2849,6407.7447,16891819100.0,201652930730.9,6368.2827,2022-06-28
2022-06-28,6412.44,6506.665,6392.1091,6501.352,17058271100.0,196479374873.5,6407.7447,2022-06-29
2022-06-29,6479.1702,6501.3927,6370.0158,6374.2974,19072830800.0,215976296586.3,6501.352,2022-06-30
2022-06-30,6385.2145,6493.0905,6385.2145,6454.0778,16384677500.0,193598970720.0,6374.2974,2022-07-01
2022-07-01,6450.7504,6481.1493,6423.8571,6438.5375,14420464300.0,172657742424.2,6454.0778,2022-07-04
2022-07-04,6445.0746,6524.295,6405.3788,6523.1311,15781996900.0,193784450973.9,6438.5375,2022-07-05
2022-07-05,6535.4543,6548.3018,6435.7372,6511.5297,18662546900.0,206724929047.1,6523.1311,2022-07-06
2022-07-06,6489.0207,6496.972,6359.4656,6418.5453,17710450200.0,188283101873.7,6511.5297,2022-07-07
2022-07-07,6414.4083,6482.4181,6380.1669,6452.9863,15735112300.0,176906222167.7,6418.5453,2022-07-08
2022-07-08,6478.2911,6490.1491,6404.1612,6404.4393,15098669800.0,171162738886.7,6452.9863,2022-07-11
2022-07-11,6387.4493,6387.4493,6274.7378,6319.1402,15199366600.0,169420490499.2,6404.4393,2022-07-12
2022-07-12,6317.8781,6346.514,6238.5626,6241.4793,14451309200.0,162745221371.3,6319.1402,2022-07-13
2022-07-13,6238.6803,6287.6398,6207.7219,6268.4943,14271072300.0,148941203951.1,6241.4793,2022-07-14
2022-07-14,6267.4723,6339.4222,6254.6817,6302.4319,14035405000.0,156034965327.2,6268.4943,2022-07-15
2022-07-15,6279.6767,6323.5345,6196.7999,6196.7999,15838682800.0,169165272836.9,6302.4319,2022-07-18
2022-07-18,6216.0998,6315.6563,6200.5203,6312.3557,15914462400.0,163899480504.9,6196.7999,2022-07-19
2022-07-19,6318.8373,6347.2428,6283.4024,6335.7093,14638478000.0,163012682490.6,6312.3557,2022-07-20
2022-07-20,6353.0031,6416.8716,6351.8184,6410.7088,14293257300.0,157782312749.0,6335.7093,2022-07-21
2022-07-21,6400.0661,6408.458,6347.5984,6347.5984,14821018400.0,163172754178.8,6410.7088,2022-07-22
2022-07-22,6353.9247,6371.3183,6236.343,6289.5325,13062066900.0,143788393867.5,6347.5984,2022-07-25
2022-07-25,6297.0995,6319.1797,6213.4739,6231.2355,12945802900.0,139714096679.5,6289.5325,2022-07-26
2022-07-26,6239.2088,6319.2494,6213.8365,6307.956,11727654100.0,129165891647.9,6231.2355,2022-07-27
2022-07-27,6301.6083,6344.207,6286.3516,6332.2327,12043512700.0,133249678638.3,6307.956,2022-07-28
2022-07-28,6361.2729,6393.7268,6339.5502,6348.1655,13847342900.0,152662265342.6,6332.2327,2022-07-29
2022-07-29,6356.5204,6365.2595,6285.7193,6294.1144,13792579200.0,152961332812.8,6348.1655,2022-08-01
2022-08-01,6293.3831,6350.0383,6253.0553,6347.2211,12867901200.0,151348904696.9,6294.1144,2022-08-02
2022-08-02,6288.6064,6288.6064,6095.0566,6169.9961,18290253900.0,192873382570.5,6347.2211,2022-08-03
2022-08-03,6171.6172,6261.9097,6111.2198,6124.3146,14721340900.0,175544841793.6,6169.9961,2022-08-04
2022-08-04,6160.4864,6177.6166,6080.101,6158.7346,11364638100.0,137805652801.6,6124.3146,2022-08-05
2022-08-05,6175.4805,6274.2729,6163.5051,6270.5113,12428444800.0,150450721916.0,6158.7346,2022-08-08
2022-08-08,6266.5673,6324.3401,6249.6163,6323.0746,11613293400.0,149909676464.1,6270.5113,2022-08-09
2022-08-09,6314.1043,6344.84,6290.8724,6341.4806,11696665300.0,148682025631.8,6323.0746,2022-08-10
2022-08-10,6331.4129,6362.2914,6298.8613,6322.0558,11889992800.0,153411737859.6,6341.4806,2022-08-11
2022-08-11,6349.4961,6439.3586,6341.7215,6439.3586,14203828400.0,168399100707.5,6322.0558,2022-08-12
2022-08-12,6425.1102,6463.0667,6416.2908,6420.853,14039991700.0,158383471763.4,6439.3586,2022-08-15
2022-08-15,6405.7169,6462.5378,6394.2182,6442.8093,13362748200.0,151481917268.3,6420.853,2022-08-16
2022-08-16,6446.7604,6492.5396,6440.3764,6465.1866,13584149500.0,150950901281.8,6442.8093,2022-08-17
2022-08-17,6473.2526,6501.362,6428.9652,6493.5047,14622031900.0,165336992378.1,6465.1866,2022-08-18
2022-08-18,6481.3704,6483.6928,6448.7455,6468.8056,13045175900.0,151581053114.9,6493.5047,2022-08-19
2022-08-19,6468.8233,6477.3137,6390.9328,6391.7159,14259085100.0,161777617603.6,6468.8056,2022-08-22
2022-08-22,6381.3397,6472.7936,6363.218,6472.6799,13373550000.0,155429477947.4,6391.7159,2022-08-23
2022-08-23,6460.1716,6475.8227,6436.081,6466.4045,13367637700.0,152812386392.9,6472.6799,2022-08-24
2022-08-24,6470.6864,6472.6832,6277.9892,6284.5769,15810387200.0,171922926765.6,6466.4045,2022-08-25
2022-08-25,6303.1445,6327.0917,6225.6756,6322.6961,14194636700.0,152348524289.3,6284.5769,2022-08-26
2022-08-26,6331.079,6381.4834,6286.5227,6298.3739,13040583700.0,145604215469.3,6322.6961,2022-08-29
2022-08-29,6213.4016,6310.9932,6205.1266,6310.402,12526884900.0,132966408290.4,6298.3739,2022-08-30
2022-08-30,6309.5791,6319.1701,6248.1377,6285.9273,13210920000.0,136583215311.8,6310.402,2022-08-31
2022-08-31,6265.5934,6280.1856,6132.2326,6155.7455,14727540800.0,153776542736.6,6285.9273,2022-09-01
2022-09-01,6153.287,6207.244,6118.5774,6126.7685,11857505400.0,124670857677.4,6155.7455,2022-09-02
2022-09-02,6135.2957,6176.1706,6117.7266,6149.4273,10656438400.0,114216217368.2,6126.7685,2022-09-05
2022-09-05,6147.7062,6184.8042,6122.619,6182.6465,11747924400.0,119757999919.0,6149.4273,2022-09-06
2022-09-06,6198.4868,6292.5319,6187.9517,6291.5707,12984604000.0,135891977558.3,6182.6465,2022-09-07
2022-09-07,6269.9911,6314.1182,6256.6131,6301.5644,12016029200.0,130718396246.6,6291.5707,2022-09-08
2022-09-08,6299.9068,6309.8969,6266.5175,6272.5752,11616426900.0,120970235492.1,6301.5644,2022-09-09
2022-09-09,6275.8978,6321.8229,6254.2611,6316.9724,12138922800.0,124658337639.2,6272.5752,2022-09-13
2022-09-13,6334.8609,6343.7743,6291.4445,6300.422,11810631400.0,123861798297.2,6316.9724,2022-09-14
2022-09-14,6214.9119,6273.6335,6206.9248,6249.963,10912116000.0,114644793268.9,6300.422,2022-09-15
2022-09-15,6280.4462,6282.6932,6053.7988,6107.7964,14164350000.0,148202355024.8,6249.963,2022-09-16
2022-09-16,6091.4195,6102.5416,5954.5037,5954.5037,13717211500.0,131508079987.8,6107.7964,2022-09-19
2022-09-19,5947.8566,5967.6548,5880.4941,5913.1493,10402541200.0,104609796776.0,5954.5037,2022-09-20
2022-09-20,5949.3355,6002.792,5940.5814,5958.2922,8881300000.0,96795084956.1,5913.1493,2022-09-21
2022-09-21,5943.0935,5998.7001,5876.5156,5978.581,10346364400.0,100001264102.8,5958.2922,2022-09-22
2022-09-22,5938.0989,6015.1192,5931.7309,5965.8854,9986760200.0,102285806654.7,5978.581,2022-09-23
2022-09-23,5961.0615,5986.8209,5839.9316,5889.6019,10060943700.0,104706616405.3,5965.8854,2022-09-26
2022-09-26,5841.5777,5922.3202,5798.2786,5806.3181,10324436000.0,102568347040.7,5889.6019,2022-09-27
2022-09-27,5823.5478,5920.0531,5808.2522,5920.0531,9741802200.0,103953587047.6,5806.3181,2022-09-28
2022-09-28,5910.0494,5910.0494,5769.5198,5769.5198,9369485300.0,99052683111.1,5920.0531,2022-09-29
2022-09-29,5823.2724,5856.1602,5741.0175,5771.8812,9538579800.0,97557854862.3,5769.5198,2022-09-30
2022-09-30,5764.1521,5804.2022,5714.0629,5714.0629,8554516800.0,87143078864.7,5771.8812,2022-10-10
2022-10-10,5729.7548,5758.0415,5618.8038,5635.7109,9746934500.0,97320936443.0,5714.0629,2022-10-11
2022-10-11,5642.4791,5703.2705,5606.9944,5684.5063,8657146900.0,88733098158.6,5635.7109,2022-10-12
2022-10-12,5680.3641,5820.4537,5594.2971,5820.4537,10610175700.0,110816368258.8,5684.5063,2022-10-13
2022-10-13,5789.661,5876.4759,5780.1758,5830.3355,10572226800.0,114922152769.8,5820.4537,2022-10-14
2022-10-14,5866.8591,5996.044,5866.8591,5973.4389,11821224500.0,138463009285.8,5830.3355,2022-10-17
2022-10-17,5952.3801,6023.5259,5945.4277,6015.5963,11146186900.0,127160232940.9,5973.4389,2022-10-18
2022-10-18,6031.047,6074.3734,5996.3927,6035.6737,10575019500.0,127130541930.8,6015.5963,2022-10-19
2022-10-19,6021.8,6037.4429,5970.4371,5972.7226,9388106500.0,112290658653.1,6035.6737,2022-10-20
2022-10-20,5943.4767,6035.5523,5886.3955,5948.8621,10338824500.0,121766931023.7,5972.7226,2022-10-21
2022-10-21,5959.2074,5993.8762,5928.9185,5956.8811,9682629500.0,112261082744.7,5948.8621,2022-10-24
2022-10-24,5968.5417,6061.2078,5857.8584,5896.9031,11950108100.0,137328967809.0,5956.8811,2022-10-25
2022-10-25,5864.0249,5926.5683,5785.4086,5869.781,10704585400.0,123655965044.2,5896.9031,2022-10-26
2022-10-26,5871.0773,6016.9172,5871.0773,5971.6009,11653007900.0,143742557269.8,5869.781,2022-10-27
2022-10-27,5978.2847,6020.893,5962.9743,5963.0037,11708821900.0,147969762402.1,5971.6009,2022-10-28
2022-10-28,5922.8193,5934.7974,5760.0452,5781.7972,13167633200.0,147373418224.4,5963.0037,2022-10-31
2022-10-31,5745.0776,5859.5968,5743.5552,5807.1063,12701606400.0,150059218566.0,5781.7972,2022-11-01
2022-11-01,5814.2148,5942.1356,5786.8711,5941.1451,13661677600.0,165176134816.8,5807.1063,2022-11-02
2022-11-02,5925.6508,6028.767,5916.0613,5997.8038,14233028600.0,183166205234.3,5941.1451,2022-11-03
2022-11-03,5944.5114,6018.4176,5937.605,5996.7187,10638690600.0,145162731659.8,5997.8038,2022-11-04
2022-11-04,5996.3054,6157.4279,5996.3054,6133.4629,13870711100.0,174457116038.9,5996.7187,2022-11-07
2022-11-07,6133.2389,6166.1908,6100.6056,6141.4088,13809240900.0,167294752766.8,6133.4629,2022-11-08
2022-11-08,6139.8902,6141.0231,6095.4447,6134.2564,10826753100.0,134372666241.4,6141.4088,2022-11-09
2022-11-09,6140.5417,6182.3383,6118.7288,6120.8286,10476225000.0,127037472145.0,6134.2564,2022-11-10
2022-11-10,6085.2848,6119.0345,6061.8078,6089.6951,11640192800.0,129142711483.4,6120.8286,2022-11-11
2022-11-11,6223.228,6249.3487,6134.6815,6138.6211,17649212100.0,198177118398.1,6089.6951,2022-11-14
2022-11-14,6140.1875,6189.3825,6104.9304,6129.5129,15948672500.0,174064714506.7,6138.6211,2022-11-15
2022-11-15,6125.1067,6236.3838,6112.6193,6236.3838,14986096500.0,171481798607.2,6129.5129,2022-11-16
2022-11-16,6238.5838,6263.1555,6190.0123,6203.9174,12977037600.0,151854939979.7,6236.3838,2022-11-17
2022-11-17,6182.6909,6217.2052,6148.6148,6217.2052,12343019600.0,152683752658.2,6203.9174,2022-11-18
2022-11-18,6213.0909,6251.1066,6181.5541,6191.6477,13118109300.0,164591218427.4,6217.2052,2022-11-21
2022-11-21,6147.7174,6196.6472,6116.2957,6189.7092,11285438700.0,141789496020.9,6191.6477,2022-11-22
2022-11-22,6178.1632,6196.1962,6100.1131,6125.3999,11608602400.0,137587008255.8,6189.7092,2022-11-23
2022-11-23,6114.2692,6140.1142,6045.0243,6115.6049,11519351700.0,128686794201.7,6125.3999,2022-11-24
2022-11-24,6126.5982,6149.9599,6099.7498,6120.0659,10020069900.0,117480438950.3,6115.6049,2022-11-25
2022-11-25,6095.1259,6107.0725,6062.0028,6087.8591,10774234500.0,110059809752.5,6120.0659,2022-11-28
2022-11-28,5999.8546,6059.0163,5970.0861,6055.2843,11794010700.0,125697913892.5,6087.8591,2022-11-29
2022-11-29,6071.4494,6173.849,6071.2244,6163.8214,15532447100.0,159512108828.4,6055.2843,2022-11-30
2022-11-30,6156.7719,6175.6824,6118.902,6156.1465,15464797200.0,153125576728.1,6163.8214,2022-12-01
2022-12-01,6211.2911,6229.834,6186.1021,6186.1021,15252332500.0,171479199866.6,6156.1465,2022-12-02
2022-12-02,6177.9231,6206.9855,6154.2094,6168.0127,11550097500.0,133339764575.1,6186.1021,2022-12-05
2022-12-05,6201.9803,6227.2141,6182.9759,6215.1244,17047721100.0,177698737275.3,6168.0127,2022-12-06
2022-12-06,6202.5242,6244.6382,6185.494,6211.2515,14937281500.0,164215807003.7,6215.1244,2022-12-07
2022-12-07,6198.0532,6243.9022,6183.3338,6204.0051,13782124600.0,155238837726.6,6211.2515,2022-12-08
2022-12-08,6199.164,6206.1408,6168.7805,6186.2835,13105132500.0,149348401389.7,6204.0051,2022-12-09
2022-12-09,6185.7939,6213.5165,6159.5043,6192.3009,16780682500.0,180239306547.1,6186.2835,2022-12-12
2022-12-12,6181.2441,6182.0784,6146.2547,6154.8092,13409831000.0,162420257195.9,6192.3009,2022-12-13
2022-12-13,6153.7384,6154.2972,6113.4142,6121.6615,10485751500.0,131515610802.4,6154.8092,2022-12-14
2022-12-14,6122.4318,6139.7384,6084.0799,6096.3856,9508991600.0,125346101098.7,6121.6615,2022-12-15
2022-12-15,6090.1178,6108.9595,6078.0039,6101.8787,8819045400.0,113088367630.4,6096.3856,2022-12-16
2022-12-16,6071.9564,6087.4579,6036.0507,6072.8627,9391067200.0,113412125964.0,6101.8787,2022-12-19
2022-12-19,6058.8941,6081.4436,5911.8803,5936.4751,10510620100.0,121083184766.5,6072.8627,2022-12-20
2022-12-20,5919.0267,5920.9868,5857.8575,5878.0314,7862327300.0,96369670928.2,5936.4751,2022-12-21
2022-12-21,5879.2722,5892.907,5819.6676,5845.835,6978343100.0,85257777709.1,5878.0314,2022-12-22
2022-12-22,5867.724,5875.4736,5761.9836,5779.0555,8223187300.0,97446795232.4,5845.835,2022-12-23
2022-12-23,5751.9489,5805.5101,5732.4711,5763.3458,6655686500.0,81911192697.9,5779.0555,2022-12-26
2022-12-26,5769.0686,5850.9115,5769.0686,5843.2555,7542413300.0,93646097254.9,5763.3458,2022-12-27
2022-12-27,5857.7543,5891.3544,5832.2697,5885.6622,8178042300.0,101272091294.0,5843.2555,2022-12-28
2022-12-28,5869.4556,5889.318,5848.2421,5862.0967,9009889800.0,102679233203.2,5885.6622,2022-12-29
2022-12-29,5843.9431,5895.9811,5835.3337,5857.4021,7951079400.0,94429698666.4,5862.0967,2022-12-30
2022-12-30,5875.2787,5885.8903,5848.9547,5864.4669,7534503200.0,86117939625.6,5857.4021,2023-01-03
2023-01-03,5861.5504,5964.8185,5848.1461,5955.8969,9955783700.0,119271237764.2,5864.4669,2023-01-04
2023-01-04,5952.5062,5970.5758,5922.8646,5952.4538,9716044100.0,114358731440.4,5955.8969,2023-01-05
2023-01-05,5959.4378,6017.3406,5950.0896,6010.4641,9662997900.0,117479981150.9,5952.4538,2023-01-06
2023-01-06,6004.1731,6050.8874,5998.8349,6012.8152,9924487700.0,121596399779.3,6010.4641,2023-01-09
2023-01-09,6028.399,6070.1614,6023.6388,6040.0193,10069682900.0,124921325580.9,6012.8152,2023-01-10
2023-01-10,6044.641,6053.5849,6017.1524,6048.2968,9639335100.0,113967056402.2,6040.0193,2023-01-11
2023-01-11,6049.0393,6070.4478,6004.2194,6014.1565,9440638900.0,112879598037.5,6048.2968,2023-01-12
2023-01-12,6022.561,6048.1893,5995.9111,6015.2871,9290012400.0,104902996993.9,6014.1565,2023-01-13
2023-01-13,6030.93,6058.2249,6015.218,6057.6902,9002502000.0,102449872563.5,6015.2871,2023-01-16
2023-01-16,6068.9115,6168.7448,6068.14,6126.1772,12961973000.0,146526749755.3,6057.6902,2023-01-17
2023-01-17,6129.7345,6138.1742,6107.7606,6132.6391,9592169900.0,109180206701.1,6126.1772,2023-01-18
2023-01-18,6139.6912,6168.3735,6136.9704,6151.4557,9455583600.0,103052545401.6,6132.6391,2023-01-19
2023-01-19,6145.6211,6204.3261,6130.424,6204.3261,9977779300.0,114472416014.4,6151.4557,2023-01-20
2023-01-20,6214.0251,6253.269,6214.0251,6251.4337,11390454200.0,128362190660.4,6204.3261,2023-01-30
2023-01-30,6331.8759,6342.4494,6279.4508,6283.3272,14651792000.0,173697713880.0,6251.4337,2023-01-31
2023-01-31,6266.2956,6303.9117,6259.5275,6289.15,13530209300.0,146630404005.4,6283.3272,2023-02-01
2023-02-01,6300.4997,6368.7906,6293.4917,6365.9051,15244222000.0,166449081743.9,6289.15,2023-02-02
2023-02-02,6383.298,6402.2639,6347.7289,6370.1411,14929281100.0,166213113911.5,6365.9051,2023-02-03
2023-02-03,6354.7135,6354.7135,6267.4377,6343.6861,12150718200.0,138714379584.2,6370.1411,2023-02-06
2023-02-06,6314.5995,6330.7929,6274.5427,6302.3349,10848530800.0,127652063425.2,6343.6861,2023-02-07
2023-02-07,6309.2209,6318.8407,6273.5954,6317.2377,10966268300.0,125078065034.8,6302.3349,2023-02-08
2023-02-08,6319.5164,6323.8492,6263.7627,6268.2759,10599489500.0,116986269907.4,6317.2377,2023-02-09
2023-02-09,6256.3124,6354.8028,6250.4545,6354.562,10903111900.0,129044254163.8,6268.2759,2023-02-10
2023-02-10,6348.9994,6368.4882,6296.5476,6334.252,12010082900.0,134994907399.5,6354.562,2023-02-13
2023-02-13,6333.2194,6386.7243,6331.3687,6383.8279,13156622700.0,151374560994.8,6334.252,2023-02-14
2023-02-14,6394.6196,6408.5508,6369.5727,6397.2146,12467438900.0,143967118961.2,6383.8279,2023-02-15
2023-02-15,6398.8735,6407.753,6365.3107,6384.3479,11590702200.0,143472324421.4,6397.2146,2023-02-16
2023-02-16,6384.2145,6429.0531,6244.4787,6289.4786,16838841600.0,190791364474.4,6384.3479,2023-02-17
2023-02-17,6284.9225,6308.568,6237.4053,6237.4053,11721098500.0,143422448167.7,6289.4786,2023-02-20
2023-02-20,6248.2555,6349.4074,6227.3489,6346.0678,14033407500.0,157289265128.8,6237.4053,2023-02-21
2023-02-21,6349.9071,6396.742,6337.5976,6383.4248,14182471400.0,153705795821.1,6346.0678,2023-02-22
2023-02-22,6352.0275,6397.1452,6344.9861,6375.0684,10908302900.0,128341320025.0,6383.4248,2023-02-23
2023-02-23,6377.2925,6396.6563,6328.644,6360.3202,11606465400.0,135992246881.1,6375.0684,2023-02-24
2023-02-24,6367.6311,6372.4918,6308.2213,6340.8435,9695728100.0,119877925583.4,6360.3202,2023-02-27
2023-02-27,6318.6393,6349.091,6288.2994,6307.2057,10108273800.0,124887490151.6,6340.8435,2023-02-28
2023-02-28,6323.8417,6357.5352,6293.1792,6357.5352,9660316300.0,119094834715.1,6307.2057,2023-03-01
2023-03-01,6356.5035,6410.5217,6340.0045,6402.1411,12390763900.0,144327640100.9,6357.5352,2023-03-02
2023-03-02,6398.2563,6410.2306,6375.0068,6382.2322,12534929700.0,147597102774.1,6402.1411,2023-03-03
2023-03-03,6384.0636,6398.4707,6346.9593,6390.3177,12323477500.0,140273359354.4,6382.2322,2023-03-06
2023-03-06,6398.1023,6405.8199,6362.4723,6395.2191,12684563400.0,155123686031.2,6390.3177,2023-03-07
2023-03-07,6389.8109,6396.5414,6284.2198,6284.2986,13792886900.0,149308292189.0,6395.2191,2023-03-08
2023-03-08,6264.4315,6303.7106,6258.3174,6301.5157,9869835700.0,114463801002.9,6284.2986,2023-03-09
2023-03-09,6311.0424,6311.3353,6258.4498,6285.9521,9268891400.0,111866575503.5,6301.5157,2023-03-10
2023-03-10,6251.56,6261.3301,6202.6117,6204.8989,10805229000.0,129144574718.6,6285.9521,2023-03-13
2023-03-13,6189.9761,6245.0029,6178.672,6245.0029,10800655200.0,132474098352.3,6204.8989,2023-03-14
2023-03-14,6237.7306,6243.4184,6127.6878,6189.3969,12120014500.0,149977754662.0,6245.0029,2023-03-15
2023-03-15,6210.928,6254.4857,6210.928,6224.64,11294852800.0,129455795140.3,6189.3969,2023-03-16
2023-03-16,6191.2955,6209.9732,6133.8328,6140.8317,12763268500.0,143759016862.1,6224.64,2023-03-17
2023-03-17,6174.1919,6233.7534,6169.8441,6183.1843,13710833400.0,157222487365.1,6140.8317,2023-03-20
2023-03-20,6195.3506,6201.9742,6152.8083,6160.3541,14558089100.0,167826184366.7,6183.1843,2023-03-21
2023-03-21,6171.8856,6235.0064,6171.2834,6234.6793,12302533100.0,144174739305.4,6160.3541,2023-03-22
2023-03-22,6244.3623,6271.5228,6242.157,6269.7384,12826638600.0,149867921197.4,6234.6793,2023-03-23
2023-03-23,6253.5774,6305.7585,6245.9826,6305.7585,12917964800.0,164124553074.5,6269.7384,2023-03-24
2023-03-24,6312.4308,6315.6795,6279.5407,6310.0979,14102098900.0,179449338405.6,6305.7585,2023-03-27
2023-03-27,6304.4792,6320.6622,6265.0053,6311.5998,14466486300.0,184209306469.8,6310.0979,2023-03-28
2023-03-28,6314.5821,6331.5584,6272.7168,6279.9217,13915610400.0,174935282609.8,6311.5998,2023-03-29
2023-03-29,6285.9539,6294.2951,6239.9373,6260.551,13154828400.0,166565424024.2,6279.9217,2023-03-30
2023-03-30,6257.6398,6287.4396,6213.9745,6286.1773,12321859900.0,155158644767.8,6260.551,2023-03-31
2023-03-31,6284.8522,6343.2299,6282.1402,6339.8183,12948983500.0,164138969077.5,6286.1773,2023-04-03
2023-04-03,6346.6925,6419.8686,6346.6925,6413.8073,16392104800.0,215330527397.2,6339.8183,2023-04-04
2023-04-04,6414.8177,6423.3058,6377.5322,6408.8994,15749175500.0,218740913531.4,6413.8073,2023-04-06
2023-04-06,6387.2289,6428.7215,6382.0333,6416.8456,14406444800.0,207002794759.6,6408.8994,2023-04-07
2023-04-07,6418.2601,6470.0888,6416.6812,6464.4664,12796462500.0,177737436540.0,6416.8456,2023-04-10
2023-04-10,6474.9415,6476.2165,6395.3745,6410.5218,14513418700.0,203397862936.4,6464.4664,2023-04-11
2023-04-11,6405.6279,6421.4857,6381.0566,6420.877,14239910900.0,188800337843.3,6410.5218,2023-04-12
2023-04-12,6415.7038,6450.3488,6407.1996,6443.4391,14944795600.0,188164796583.5,6420.877,2023-04-13
2023-04-13,6438.1638,6451.7864,6396.0167,6404.6463,15619957300.0,196031015021.2,6443.4391,2023-04-14
2023-04-14,6420.3118,6444.886,6390.9182,6431.0688,14530066800.0,190743030851.0,6404.6463,2023-04-17
2023-04-17,6422.8669,6459.2396,6421.3936,6459.2396,16882307900.0,196752268308.1,6431.0688,2023-04-18
2023-04-18,6448.7565,6462.2489,6422.053,6449.8531,14347134100.0,184598154225.6,6459.2396,2023-04-19
2023-04-19,6444.8726,6456.1491,6404.9942,6416.9696,14869977400.0,192403574162.7,6449.8531,2023-04-20
2023-04-20,6408.8077,6413.0794,6376.3489,6411.7564,15050129400.0,196199845238.5,6416.9696,2023-04-21
2023-04-21,6411.5137,6411.5137,6250.5446,6250.5446,16231329700.0,210802112228.2,6411.7564,2023-04-24
2023-04-24,6250.9635,6260.5395,6184.7122,6208.7797,14769484500.0,191204975164.8,6250.5446,2023-04-25
2023-04-25,6205.6184,6208.4027,6042.6423,6118.1526,16245927700.0,200847244830.6,6208.7797,2023-04-26
2023-04-26,6095.1335,6178.1675,6093.1976,6142.1541,15216635400.0,197699832955.3,6118.1526,2023-04-27
2023-04-27,6127.6444,6190.2503,6121.6098,6157.936,14313611600.0,179308956550.4,6142.1541,2023-04-28
2023-04-28,6151.6433,6245.55,6151.6433,6241.2441,16787648200.0,199335712325.8,6157.936,2023-05-04
2023-05-04,6223.2261,6264.5158,6218.7822,6262.3891,20248797000.0,215098748101.1,6241.2441,2023-05-05
2023-05-05,6255.7044,6256.2287,6172.6931,6200.5759,17826101700.0,192217857467.7,6262.3891,2023-05-08
2023-05-08,6202.6787,6259.6869,6200.1467,6248.5828,20271825500.0,198162493586.1,6200.5759,2023-05-09
2023-05-09,6242.6615,6274.898,6177.6544,6181.9757,22438946700.0,215437054342.0,6248.5828,2023-05-10
2023-05-10,6167.1346,6199.1609,6137.1536,6173.8093,17545372700.0,180485291578.1,6181.9757,2023-05-11
2023-05-11,6185.6686,6190.3906,6151.0696,6154.4703,14606494600.0,152275213604.4,6173.8093,2023-05-12
2023-05-12,6138.9404,6173.9124,6088.2239,6091.6464,14041066400.0,142316419328.4,6154.4703,2023-05-15
2023-05-15,6094.6758,6159.3888,6036.8139,6159.3888,14984358300.0,159620224620.0,6091.6464,2023-05-16
2023-05-16,6159.1693,6159.1693,6095.6879,6110.8271,12184111600.0,142447474647.0,6159.3888,2023-05-17
2023-05-17,6097.9771,6137.0165,6090.8823,6122.0518,10726634900.0,125585549046.7,6110.8271,2023-05-18
2023-05-18,6132.5182,6153.992,6101.2437,6128.1762,12294211100.0,144557618052.5,6122.0518,2023-05-19
2023-05-19,6116.8432,6149.1426,6085.0442,6117.0833,11930489600.0,147524516028.4,6128.1762,2023-05-22
2023-05-22,6111.8445,6136.8627,6086.233,6115.3151,11271568200.0,126363418363.6,6117.0833,2023-05-23
2023-05-23,6114.2135,6117.3597,6052.4297,6052.4297,11110424400.0,120628486661.7,6115.3151,2023-05-24
2023-05-24,6032.689,6058.3946,5988.0278,6005.7913,10722341400.0,116914166402.6,6052.4297,2023-05-25
2023-05-25,6000.2187,6028.6386,5926.2038,5988.1885,10992283200.0,126769237204.5,6005.7913,2023-05-26
2023-05-26,5983.1367,6045.1292,5953.8807,6034.9834,10638158800.0,123263014837.6,5988.1885,2023-05-29
2023-05-29,6046.5431,6058.9211,6012.4012,6025.1552,12513941700.0,146808330637.6,6034.9834,2023-05-30
2023-05-30,6008.4621,6061.3089,5960.3372,6061.3089,12731201700.0,151849134859.6,6025.1552,2023-05-31
2023-05-31,6044.02,6063.1925,6009.2476,6047.8021,11747610600.0,144653727477.5,6061.3089,2023-06-01
2023-06-01,6028.8032,6094.2403,6008.2705,6051.4603,12625031500.0,154907281920.7,6047.8021,2023-06-02
2023-06-02,6061.911,6115.0679,6061.911,6105.2181,12230673800.0,142073539923.0,6051.4603,2023-06-05
2023-06-05,6102.1295,6107.1211,6075.5921,6097.1059,11574795300.0,131118706647.8,6105.2181,2023-06-06
2023-06-06,6088.6625,6089.0746,5969.2945,5983.4202,12304538700.0,133636232835.4,6097.1059,2023-06-07
2023-06-07,5982.3085,6010.0304,5969.1593,5987.011,9359789200.0,113593743557.7,5983.4202,2023-06-08
2023-06-08,5971.7247,5992.9692,5922.3872,5966.1477,10898163200.0,124387889683.3,5987.011,2023-06-09
2023-06-09,5968.7001,6017.2812,5960.106,6009.5826,12755343200.0,158760400688.5,5966.1477,2023-06-12
2023-06-12,5999.6174,6045.6593,5987.2682,6027.7122,11361247100.0,151203107291.2,6009.5826,2023-06-13
2023-06-13,6016.6857,6047.06,6014.0625,6044.0371,9868029800.0,134425849549.1,6027.7122,2023-06-14
2023-06-14,6046.4375,6064.2896,6034.4718,6044.0766,10968902100.0,148046160093.7,6044.0371,2023-06-15
2023-06-15,6049.4683,6100.2336,6046.1621,6096.8075,11841773400.0,165700035083.1,6044.0766,2023-06-16
2023-06-16,6094.8437,6154.9321,6091.1847,6148.0125,11534956800.0,165690149218.5,6096.8075,2023-06-19
2023-06-19,6148.8548,6148.8548,6126.3881,6131.3849,11378720900.0,164780447140.9,6148.0125,2023-06-20
2023-06-20,6122.7448,6144.0071,6100.1435,6126.1133,10663083200.0,161419763306.8,6131.3849,2023-06-21
2023-06-21,6104.2468,6104.2468,5990.7866,5990.8455,10644776600.0,154200972220.3,6126.1133,2023-06-26
2023-06-26,5947.57,5970.6114,5875.9378,5887.0324,11108179100.0,148203624502.1,5990.8455,2023-06-27
2023-06-27,5897.6948,5956.181,5884.9486,5948.0029,9303915500.0,118625135535.9,5887.0324,2023-06-28
2023-06-28,5945.6446,5951.1273,5857.1313,5942.3112,9394430200.0,128454934662.7,5948.0029,2023-06-29
2023-06-29,5928.709,5964.8577,5924.2783,5940.5782,8837685700.0,123484005846.8,5942.3112,2023-06-30
2023-06-30,5931.8714,6016.4459,5927.9362,5998.7293,9450466800.0,133367471516.9,5940.5782,2023-07-03
2023-07-03,6009.2697,6056.1632,5997.8471,6042.3122,11307590500.0,153065229521.6,5998.7293,2023-07-04
2023-07-04,6042.7217,6059.5729,6027.2909,6055.2577,10558376500.0,144484638910.0,6042.3122,2023-07-05
2023-07-05,6050.3461,6059.3789,6011.87,6020.8212,10412904100.0,142198505817.2,6055.2577,2023-07-06
2023-07-06,6010.6552,6042.2947,5983.4842,5988.5525,9396503800.0,131979482562.6,6020.8212,2023-07-07
2023-07-07,5973.9756,5994.2828,5936.2272,5961.6057,9411834600.0,121687700019.0,5988.5525,2023-07-10
2023-07-10,5980.6083,6003.4018,5958.7306,5984.2814,8516856400.0,113940191969.5,5961.6057,2023-07-11
2023-07-11,5991.0207,6029.2318,5972.1378,6029.2318,8453189700.0,117919697046.3,5984.2814,2023-07-12
2023-07-12,6030.6447,6033.5832,5960.431,5962.7938,9669224100.0,134419386322.7,6029.2318,2023-07-13
2023-07-13,5986.2518,6049.0626,5986.2518,6044.0583,9965639800.0,138941870295.0,5962.7938,2023-07-14
2023-07-14,6052.9495,6055.5275,6026.3263,6030.5188,9496319700.0,137880575951.9,6044.0583,2023-07-17
2023-07-17,6012.7648,6018.0694,5985.4382,6012.6895,8842021200.0,124991560881.3,6030.5188,2023-07-18
2023-07-18,6015.9819,6027.6063,5984.0598,6001.7998,8771991000.0,121310187887.2,6012.6895,2023-07-19
2023-07-19,5998.3813,6017.4492,5962.9863,5993.4126,7779103400.0,104054562581.1,6001.7998,2023-07-20
2023-07-20,5996.838,6009.4266,5920.151,5925.4843,9119536800.0,123684933457.2,5993.4126,2023-07-21
2023-07-21,5914.3541,5961.0501,5904.7877,5925.6255,8197530700.0,107065413903.9,5925.4843,2023-07-24
2023-07-24,5913.5709,5954.2372,5896.4481,5916.7141,7592800100.0,99623302711.1,5925.6255,2023-07-25
2023-07-25,5976.9683,6016.7544,5971.7319,6016.6312,13189639200.0,145732847141.7,5916.7141,2023-07-26
2023-07-26,6014.7614,6015.5833,5984.3913,6001.5402,12182521900.0,120547387629.8,6016.6312,2023-07-27
2023-07-27,5998.8485,6017.6706,5952.8932,5961.1843,12300082500.0,117272101565.3,6001.5402,2023-07-28
2023-07-28,5945.9139,6049.7643,5932.0603,6043.2438,16317187100.0,149147477703.5,5961.1843,2023-07-31
2023-07-31,6059.1096,6133.718,6059.1096,6088.2431,18655110300.0,179595743483.0,6043.2438,2023-08-01
2023-08-01,6086.8982,6113.9839,6077.1053,6098.8789,18758860000.0,166628364673.4,6088.2431,2023-08-02
2023-08-02,6088.1355,6111.2437,6059.8653,6077.4645,14715452900.0,135758673344.6,6098.8789,2023-08-03
2023-08-03,6062.6427,6101.8106,6047.676,6098.6868,14647901100.0,138777463929.6,6077.4645,2023-08-04
2023-08-04,6126.1504,6164.1552,6105.6391,6128.556,19694350100.0,186850093568.5,6098.6868,2023-08-07
2023-08-07,6115.8362,6117.9163,6072.5354,6090.7307,14531913700.0,154416328543.1,6128.556,2023-08-08
2023-08-08,6077.3032,6088.0983,6044.2376,6066.1019,12154572800.0,131357351526.3,6090.7307,2023-08-09
2023-08-09,6049.449,6062.0243,6012.247,6021.7506,9880917400.0,116294678353.9,6066.1019,2023-08-10
2023-08-10,6013.3501,6040.4605,5999.5626,6031.7105,9984263800.0,103950301369.3,6021.7506,2023-08-11
2023-08-11,6030.0453,6030.0453,5913.3502,5913.3502,11307200700.0,115393420336.3,6031.7105,2023-08-14
2023-08-14,5864.4821,5919.8035,5833.4629,5916.8029,10367570600.0,116321082192.1,5913.3502,2023-08-15
2023-08-15,5919.7688,5926.4197,5830.9695,5879.7782,9241738100.0,107626210841.9,5916.8029,2023-08-16
2023-08-16,5858.5966,5891.8116,5833.2155,5833.2155,10495042500.0,114013689380.0,5879.7782,2023-08-17
2023-08-17,5808.9095,5882.1512,5778.5287,5874.3609,11357638400.0,120852973476.6,5833.2155,2023-08-18
2023-08-18,5875.1097,5891.3976,5777.7972,5777.7972,10293184500.0,109766358594.4,5874.3609,2023-08-21
2023-08-21,5764.6679,5802.5119,5710.7783,5710.7783,9283569800.0,96691987125.6,5777.7972,2023-08-22
2023-08-22,5733.2548,5754.5746,5646.5119,5741.0606,10617519300.0,120035178924.1,5710.7783,2023-08-23
2023-08-23,5732.3943,5732.3943,5629.4999,5629.4999,9418672500.0,101871329162.8,5741.0606,2023-08-24
2023-08-24,5650.3593,5701.3208,5619.333,5652.6729,10808677100.0,120640882887.6,5629.4999,2023-08-25
2023-08-25,5624.7697,5648.624,5560.2171,5581.2116,10624160200.0,114730298316.4,5652.6729,2023-08-28
2023-08-28,5885.8843,5887.5085,5631.694,5644.1405,18574561900.0,181457042375.4,5581.2116,2023-08-29
2023-08-29,5631.006,5789.9623,5626.5175,5770.3155,16085189500.0,165476278766.7,5644.1405,2023-08-30
2023-08-30,5780.2848,5817.7342,5753.2161,5775.1534,13600438400.0,145078565405.8,5770.3155,2023-08-31
2023-08-31,5770.9531,5777.422,5728.4729,5739.3984,11633513400.0,121252796160.9,5775.1534,2023-09-01
2023-09-01,5746.4128,5775.1769,5732.9674,5750.8027,10417910300.0,107061408580.6,5739.3984,2023-09-04
2023-09-04,5772.0266,5829.784,5758.0309,5829.784,13564887300.0,135994054181.1,5750.8027,2023-09-05
2023-09-05,5819.9667,5822.0615,5779.3725,5788.7149,10651765800.0,114971726102.7,5829.784,2023-09-06
2023-09-06,5771.849,5800.9647,5748.6467,5790.3806,9048050200.0,106512753384.6,5788.7149,2023-09-07
2023-09-07,5782.0706,5782.0706,5701.7975,5702.7008,9292051800.0,105713167275.8,5790.3806,2023-09-08
2023-09-08,5684.6558,5732.3747,5683.3973,5708.6227,7952002800.0,93059123325.2,5702.7008,2023-09-11
2023-09-11,5723.0181,5802.2053,5704.7003,5774.7305,11283713700.0,132425678094.5,5708.6227,2023-09-12
2023-09-12,5774.4661,5793.829,5763.2995,5770.9259,8604120700.0,105032116597.9,5774.7305,2023-09-13
2023-09-13,5764.8241,5770.4141,5681.5003,5715.3973,9147247300.0,101933192541.5,5770.9259,2023-09-14
2023-09-14,5714.6748,5721.2073,5679.199,5702.102,9024779200.0,97979765540.8,5715.3973,2023-09-15
2023-09-15,5716.2937,5741.0711,5680.8954,5704.6632,9837596400.0,110557876200.1,5702.102,2023-09-18
2023-09-18,5685.8527,5734.1861,5665.579,5719.6887,9230572200.0,109249767455.6,5704.6632,2023-09-19
2023-09-19,5713.4945,5713.6003,5670.4201,5687.9007,8511210200.0,94544819485.1,5719.6887,2023-09-20
2023-09-20,5677.9249,5689.8254,5651.0062,5651.0062,7763415800.0,84080282560.4,5687.9007,2023-09-21
2023-09-21,5638.4406,5666.6958,5609.2143,5611.9186,8193150900.0,84847061987.6,5651.0062,2023-09-22
2023-09-22,5606.8347,5700.323,5603.8126,5698.8168,10411898200.0,120276386023.4,5611.9186,2023-09-25
2023-09-25,5694.9025,5699.1544,5659.3191,5666.6642,9334071900.0,114172282948.0,5698.8168,2023-09-26
2023-09-26,5661.0321,5682.2786,5646.6544,5646.6544,7430961500.0,100424427689.8,5666.6642,2023-09-27
2023-09-27,5642.3852,5701.5084,5641.8508,5674.3451,8108624000.0,102149151673.6,5646.6544,2023-09-28
2023-09-28,5687.6411,5704.6228,5677.531,5690.7697,7947733800.0,101456952317.7,5674.3451,2023-10-09
2023-10-09,5679.6412,5680.9516,5634.3532,5658.0832,9002983600.0,109095282387.9,5690.7697,2023-10-10
2023-10-10,5665.6622,5678.4631,5627.4139,5630.3714,8772642500.0,104621240810.9,5658.0832,2023-10-11
2023-10-11,5639.0722,5674.2543,5617.8727,5629.7886,9064482600.0,112202131187.6,5630.3714,2023-10-12
2023-10-12,5655.6129,5677.8191,5642.4931,5671.6419,10050298600.0,119947478383.3,5629.7886,2023-10-13
2023-10-13,5645.4366,5646.0737,5616.8508,5633.3831,8939170200.0,110878380412.7,5671.6419,2023-10-16
2023-10-16,5633.3012,5636.3194,5559.4212,5580.6666,8986755000.0,107684372825.8,5633.3831,2023-10-17
2023-10-17,5585.1448,5599.424,5556.5739,5595.3423,9251673700.0,105060399668.5,5580.6666,2023-10-18
2023-10-18,5586.0206,5586.0206,5519.4562,5524.5988,9895356200.0,110310590720.5,5595.3423,2023-10-19
2023-10-19,5496.7574,5529.8697,5463.6516,5464.027,10807833500.0,117347195293.0,5524.5988,2023-10-20
2023-10-20,5443.4557,5473.2111,5413.0233,5423.6748,9493611500.0,107713531625.7,5464.027,2023-10-23
2023-10-23,5400.5436,5400.7943,5269.8274,5290.3343,10308312600.0,112227737477.3,5423.6748,2023-10-24
2023-10-24,5311.6694,5363.1951,5290.5047,5352.0123,11474572900.0,126190795980.9,5290.3343,2023-10-25
2023-10-25,5386.4255,5423.0139,5375.9983,5375.9983,11492124400.0,129741397087.7,5352.0123,2023-10-26
2023-10-26,5351.1628,5404.9918,5337.4926,5398.934,10248504400.0,116893043685.1,5375.9983,2023-10-27
2023-10-27,5387.2742,5514.3081,5380.9409,5492.0274,11254280400.0,132776259320.2,5398.934,2023-10-30
2023-10-30,5484.624,5559.7847,5483.1591,5546.3881,12303418500.0,153066651404.1,5492.0274,2023-10-31
2023-10-31,5547.3243,5554.1902,5505.9335,5528.2385,10567937500.0,127527068558.9,5546.3881,2023-11-01
2023-11-01,5534.8883,5534.9432,5496.8278,5509.9662,8718578500.0,105639439602.5,5528.2385,2023-11-02
2023-11-02,5514.5172,5532.8505,5457.7453,5459.4517,9020264500.0,101795786004.1,5509.9662,2023-11-03
2023-11-03,5462.144,5537.7293,5462.144,5510.357,9799057600.0,114009935832.3,5459.4517,2023-11-06
2023-11-06,5549.2909,5609.2576,5549.2909,5605.0621,13924104600.0,156664899021.4,5510.357,2023-11-07
2023-11-07,5594.4667,5631.1001,5578.5126,5611.0983,12057932100.0,139898836824.0,5605.0621,2023-11-08
2023-11-08,5602.9707,5633.9706,5577.3911,5608.0173,12299455800.0,139708501031.2,5611.0983,2023-11-09
2023-11-09,5602.49,5638.0805,5582.1194,5592.0568,10636280000.0,123039510738.4,5608.0173,2023-11-10
2023-11-10,5577.3371,5585.2123,5550.8219,5573.0999,9432402400.0,109671917967.6,5592.0568,2023-11-13
2023-11-13,5589.0595,5605.5688,5565.0914,5605.5688,10215893200.0,117833772398.6,5573.0999,2023-11-14
2023-11-14,5602.9829,5639.188,5600.7841,5630.5534,10107313600.0,116072656381.1,5605.5688,2023-11-15
2023-11-15,5677.5503,5684.7473,5649.7168,5664.617,11308793700.0,131864342620.6,5630.5534,2023-11-16
2023-11-16,5647.0613,5652.4004,5609.3607,5609.3607,9466267700.0,105765074960.8,5664.617,2023-11-17
2023-11-17,5598.953,5632.3894,5593.4903,5631.4233,8942234200.0,101443839223.4,5609.3607,2023-11-20
2023-11-20,5635.5867,5669.3846,5609.2691,5659.7727,10310507200.0,119885024783.4,5631.4233,2023-11-21
2023-11-21,5669.1651,5696.0944,5634.2723,5641.0844,11486120500.0,126740611037.5,5659.7727,2023-11-22
2023-11-22,5622.8615,5639.0036,5572.8986,5572.8986,10471840800.0,109971792008.8,5641.0844,2023-11-23
2023-11-23,5566.7332,5627.7947,5548.972,5622.9891,9804243200.0,101151204629.6,5572.8986,2023-11-24
2023-11-24,5619.3187,5619.3187,5556.7138,5570.4205,10124804400.0,100701104772.1,5622.9891,2023-11-27
2023-11-27,5562.7486,5579.7151,5531.6548,5566.5069,9821865300.0,107690772117.8,5570.4205,2023-11-28
2023-11-28,5561.5765,5594.718,5529.5352,5591.4955,8937327200.0,98930980618.3,5566.5069,2023-11-29
2023-11-29,5588.7739,5593.3712,5547.8408,5553.3349,8950915100.0,96924084400.2,5591.4955,2023-11-30
2023-11-30,5548.524,5560.3283,5509.9646,5545.0504,8784150500.0,95350481599.1,5553.3349,2023-12-01
2023-12-01,5541.226,5576.7275,5521.0558,5566.8689,9337170800.0,107454844321.7,5545.0504,2023-12-04
2023-12-04,5578.4205,5590.8353,5559.0682,5559.0682,9930654300.0,119628388288.4,5566.8689,2023-12-05
2023-12-05,5542.8669,5542.8669,5460.4088,5460.4088,9129824800.0,103824359571.7,5559.0682,2023-12-06
2023-12-06,5448.4575,5513.0858,5443.0738,5481.824,8837399700.0,102084528903.4,5460.4088,2023-12-07
2023-12-07,5475.2678,5501.4783,5443.2936,5481.1355,8904868700.0,103621973820.8,5481.824,2023-12-08
2023-12-08,5484.6829,5522.0575,5477.5286,5497.9897,11812377400.0,140788027712.1,5481.1355,2023-12-11
2023-12-11,5473.6514,5574.1237,5429.443,5564.8538,11860591100.0,140631297822.3,5497.9897,2023-12-12
2023-12-12,5560.4355,5576.0089,5545.1624,5566.1778,8423233100.0,110639096839.0,5564.8538,2023-12-13
2023-12-13,5557.0463,5558.0572,5507.5128,5507.5128,7592989400.0,96464641302.3,5566.1778,2023-12-14
2023-12-14,5532.9861,5557.3719,5487.7542,5489.3267,7411809700.0,89999982306.2,5507.5128,2023-12-15
2023-12-15,5499.3692,5516.2199,5438.5282,5449.7864,8012541800.0,94631897359.6,5489.3267,2023-12-18
2023-12-18,5436.9888,5448.0772,5374.5881,5385.2702,7802249300.0,88053828533.8,5449.7864,2023-12-19
2023-12-19,5380.7346,5406.9585,5344.0325,5379.8735,7032372200.0,82191407660.2,5385.2702,2023-12-20
2023-12-20,5385.9956,5388.463,5308.5727,5309.2865,7538709700.0,86209163297.2,5379.8735,2023-12-21
2023-12-21,5286.4531,5352.5049,5253.3152,5338.762,8152231800.0,96981042377.4,5309.2865,2023-12-22
2023-12-22,5337.3807,5366.2345,5293.2193,5311.6902,9038700400.0,108918439607.9,5338.762,2023-12-25
2023-12-25,5301.5735,5339.6644,5288.4665,5315.3746,6591877200.0,81018151918.5,5311.6902,2023-12-26
2023-12-26,5312.7999,5313.9193,5238.0417,5258.2841,6753200700.0,80910364895.8,5315.3746,2023-12-27
2023-12-27,5261.5699,5293.7973,5235.4559,5285.5301,7539791800.0,84253444705.4,5258.2841,2023-12-28
2023-12-28,5280.6904,5400.2364,5275.4028,5382.7966,10769923900.0,126896204801.3,5285.5301,2023-12-29
2023-12-29,5376.9768,5437.1538,5374.6877,5429.2288,9093176600.0,112533613054.4,5382.7966,2024-01-02
2024-01-02,5431.4784,5439.4778,5409.4554,5409.4554,9296474700.0,106839922689.4,5429.2288,2024-01-03
2024-01-03,5398.2939,5428.5204,5373.8317,5401.395,8670522900.0,99883598918.1,5409.4554,2024-01-04
2024-01-04,5395.1428,5395.1428,5331.892,5355.3216,7884656800.0,91011406056.3,5401.395,2024-01-05
2024-01-05,5347.0727,5373.6788,5260.5939,5281.8711,8953888400.0,101084569596.5,5355.3216,2024-01-08
2024-01-08,5268.2339,5268.9787,5167.6997,5167.6997,8378515500.0,92792791379.5,5281.8711,2024-01-09
2024-01-09,5176.1129,5220.4578,5152.9987,5180.653,7874041800.0,90959823751.5,5167.6997,2024-01-10
2024-01-10,5167.7319,5211.8158,5118.4332,5158.0784,7117394600.0,84227807644.4,5180.653,2024-01-11
2024-01-11,5152.359,5243.1387,5146.8978,5223.8633,8504129500.0,106151947191.7,5158.0784,2024-01-12
2024-01-12,5213.1356,5262.6165,5206.1607,5206.178,7661983100.0,93271394880.1,5223.8633,2024-01-15
2024-01-15,5189.5279,5238.9581,5171.2399,5193.2956,7392509700.0,88027788849.7,5206.178,2024-01-16
2024-01-16,5188.3692,5210.0834,5124.0823,5190.3975,8307037100.0,92337607304.7,5193.2956,2024-01-17
2024-01-17,5180.9251,5180.9251,5061.5395,5061.5395,7874184900.0,87930639304.5,5190.3975,2024-01-18
2024-01-18,5033.1032,5069.2295,4924.6815,5066.9579,11875105500.0,123436419725.2,5061.5395,2024-01-19
2024-01-19,5056.4765,5084.2902,5014.7667,5018.4332,7846738300.0,92039421274.4,5066.9579,2024-01-22
2024-01-22,5008.6804,5008.7672,4753.6302,4780.9748,10970849200.0,115622857135.0,5018.4332,2024-01-23
2024-01-23,4771.4963,4889.4223,4727.8806,4865.743,9994471800.0,107808853142.3,4780.9748,2024-01-24
2024-01-24,4886.2037,4941.4403,4766.8035,4933.7009,11402580500.0,112683270494.8,4865.743,2024-01-25
2024-01-25,4931.6273,5074.4943,4910.9591,5073.1779,13230776600.0,134822852027.2,4933.7009,2024-01-26
2024-01-26,5055.2878,5086.129,5009.9729,5027.0932,11700983600.0,119232918977.8,5073.1779,2024-01-29
2024-01-29,5032.1113,5050.1092,4927.9137,4927.9137,11687665700.0,117835011090.9,5027.0932,2024-01-30
2024-01-30,4898.3613,4939.3511,4810.099,4814.9908,9967581100.0,95474113525.6,4927.9137,2024-01-31
2024-01-31,4786.8128,4832.401,4690.9429,4696.9796,12109315800.0,116592536773.1,4814.9908,2024-02-01
2024-02-01,4667.9126,4771.0465,4629.9901,4678.7308,11147191000.0,107508825587.6,4696.9796,2024-02-02
2024-02-02,4686.0999,4724.0488,4435.5569,4563.2221,13750183200.0,124953077788.8,4678.7308,2024-02-05
2024-02-05,4527.7091,4598.0608,4281.2399,4460.2635,16595833700.0,143547017412.4,4563.2221,2024-02-06
2024-02-06,4411.298,4817.1179,4405.3085,4805.9013,17305833500.0,156485198829.2,4460.2635,2024-02-07
2024-02-07,4813.9545,5110.8041,4813.2326,5109.5685,22719893400.0,212618286127.8,4805.9013,2024-02-08
2024-02-08,5131.8032,5367.2243,5129.7843,5150.2288,21367612300.0,212255665093.8,5109.5685,2024-02-19
2024-02-19,5225.1379,5225.1379,5074.7611,5141.6037,16294989300.0,172805832899.6,5150.2288,2024-02-20
2024-02-20,5107.5677,5151.7201,5072.8837,5140.9575,12164637900.0,133242205643.5,5141.6037,2024-02-21
2024-02-21,5101.4113,5252.8785,5074.8224,5139.0372,15087250100.0,155561259421.7,5140.9575,2024-02-22
2024-02-22,5133.5478,5184.6228,5117.6799,5176.3431,11661480600.0,127546517889.3,5139.0372,2024-02-23
2024-02-23,5190.6466,5197.7115,5118.568,5197.7115,13526500400.0,145442447176.8,5176.3431,2024-02-26
2024-02-26,5194.737,5255.3615,5162.9504,5195.4642,14401894400.0,152600869381.9,5197.7115,2024-02-27
2024-02-27,5174.8194,5307.8043,5160.8782,5307.8043,13897175100.0,157201596730.4,5195.4642,2024-02-28
2024-02-28,5311.4253,5383.3193,5184.0471,5184.0471,20256098500.0,214135426954.0,5307.8043,2024-02-29
2024-02-29,5154.1487,5349.7678,5154.1487,5346.7929,16079016500.0,178975999913.2,5184.0471,2024-03-01
2024-03-01,5350.8566,5387.7839,5321.5587,5379.0482,14229839500.0,171103270101.0,5346.7929,2024-03-04
2024-03-04,5386.9441,5400.1227,5325.9642,5388.82,14392846900.0,175906403369.0,5379.0482,2024-03-05
2024-03-05,5358.2206,5382.9834,5329.9702,5351.8268,14081647900.0,174282675002.5,5388.82,2024-03-06
2024-03-06,5332.8328,5405.4908,5293.9518,5350.1016,12109956400.0,146843351594.8,5351.8268,2024-03-07
2024-03-07,5354.3337,5384.6567,5277.2988,5277.2988,13983134200.0,157442183149.0,5350.1016,2024-03-08
2024-03-08,5282.4077,5361.7104,5268.5296,5349.595,12146797800.0,144003562005.9,5277.2988,2024-03-11
2024-03-11,5342.1778,5443.0421,5339.2607,5441.0507,14298173200.0,173588864750.5,5349.595,2024-03-12
2024-03-12,5445.8776,5473.2901,5385.1402,5423.7183,14707253600.0,178848761377.9,5441.0507,2024-03-13
2024-03-13,5430.0437,5459.3222,5389.5251,5415.1126,12974630100.0,164526330861.1,5423.7183,2024-03-14
2024-03-14,5415.1499,5447.5416,5352.1195,5392.9267,13188735700.0,157337167775.7,5415.1126,2024-03-15
2024-03-15,5380.019,5456.7336,5357.1797,5454.1463,13640503000.0,158718756617.2,5392.9267,2024-03-18
2024-03-18,5472.3147,5528.447,5459.5453,5528.447,15986263800.0,190794115131.3,5454.1463,2024-03-19
2024-03-19,5514.55,5533.639,5477.1172,5478.2248,14677724000.0,176661748327.6,5528.447,2024-03-20
2024-03-20,5469.606,5499.2382,5455.7613,5493.414,12627326200.0,157036230421.8,5478.2248,2024-03-21
2024-03-21,5505.6985,5517.4566,5454.2313,5465.8286,12948945800.0,159252387801.8,5493.414,2024-03-22
2024-03-22,5454.4143,5463.5407,5356.108,5384.5656,13709602900.0,163185963748.5,5465.8286,2024-03-25
2024-03-25,5369.7761,5401.5975,5292.6372,5294.7463,13077825400.0,156251665726.7,5384.5656,2024-03-26
2024-03-26,5291.5227,5318.8757,5237.8993,5284.4188,11646811200.0,145296216679.9,5294.7463,2024-03-27
2024-03-27,5280.7332,5282.6954,5156.684,5156.684,11010714200.0,129828707609.3,5284.4188,2024-03-28
2024-03-28,5156.4803,5276.6382,5156.4803,5223.806,11631819200.0,140612607112.3,5156.684,2024-03-29
2024-03-29,5220.5524,5287.0376,5211.1946,5286.1612,10904714900.0,126574031377.1,5223.806,2024-04-01
2024-04-01,5309.8325,5401.7799,5309.8325,5401.2249,13673485400.0,166553105409.3,5286.1612,2024-04-02
2024-04-02,5395.4811,5402.1597,5353.3119,5381.2291,13214864200.0,155779915085.8,5401.2249,2024-04-03
2024-04-03,5373.5021,5386.3422,5350.1601,5374.5954,13362805300.0,154114398165.9,5381.2291,2024-04-08
2024-04-08,5358.9565,5383.6587,5297.559,5298.5912,14858855900.0,161260958590.0,5374.5954,2024-04-09
2024-04-09,5294.4743,5342.8982,5284.9557,5342.8982,11330074500.0,133262737277.5,5298.5912,2024-04-10
2024-04-10,5335.7302,5335.7302,5242.863,5275.4727,11790861800.0,132251020973.6,5342.8982,2024-04-11
2024-04-11,5244.0544,5353.8091,5240.5101,5301.8094,12774514300.0,141290912857.4,5275.4727,2024-04-12
2024-04-12,5307.7225,5336.4477,5270.4618,5277.219,11852493300.0,136145117631.0,5301.8094,2024-04-15
2024-04-15,5270.0415,5376.0484,5219.4286,5339.7223,15921762400.0,169269295711.9,5277.219,2024-04-16
2024-04-16,5309.1005,5346.7615,5184.6535,5191.554,16258397300.0,168778499341.7,5339.7223,2024-04-17
2024-04-17,5211.2486,5339.7467,5211.2486,5339.7467,14759455200.0,155660732929.5,5191.554,2024-04-18
2024-04-18,5317.7986,5410.6963,5299.2288,5349.8361,15349768200.0,167338860159.0,5339.7467,2024-04-19
2024-04-19,5322.3588,5369.9543,5292.0162,5314.8667,14213421600.0,156010347135.9,5349.8361,2024-04-22
2024-04-22,5289.4066,5340.6307,5264.1859,5267.5811,13526688200.0,150190436487.7,5314.8667,2024-04-23
2024-04-23,5257.766,5280.0593,5196.955,5208.2712,12580112000.0,139018868110.2,5267.5811,2024-04-24
2024-04-24,5210.1831,5263.0391,5183.7005,5263.0391,11729722000.0,139471094806.5,5208.2712,2024-04-25
2024-04-25,5240.4817,5297.1627,5229.8248,5259.3354,11083392900.0,127544603285.3,5263.0391,2024-04-26
2024-04-26,5258.3847,5379.6707,5258.3847,5372.1209,17377770100.0,193788859192.2,5259.3354,2024-04-29
2024-04-29,5371.2122,5488.2776,5371.2122,5478.4908,19093605500.0,212148850246.6,5372.1209,2024-04-30
2024-04-30,5471.1676,5478.0353,5436.5752,5441.1411,16279734400.0,175143689576.2,5478.4908,2024-05-06
2024-05-06,5498.4442,5535.9488,5496.9071,5528.6036,16579162600.0,187906843862.2,5441.1411,2024-05-07
2024-05-07,5532.323,5543.1251,5507.5008,5527.0847,13653540200.0,162155744860.2,5528.6036,2024-05-08
2024-05-08,5516.4477,5516.4477,5454.8735,5458.7559,12395562100.0,139472996786.3,5527.0847,2024-05-09
2024-05-09,5461.36,5568.7324,5461.36,5556.7712,13112123000.0,153999870752.3,5458.7559,2024-05-10
2024-05-10,5562.1931,5570.5652,5497.4972,5535.3954,12868803000.0,144026969940.9,5556.7712,2024-05-13
2024-05-13,5503.1286,5527.2001,5462.5075,5505.2595,13162758800.0,146159918962.1,5535.3954,2024-05-14
2024-05-14,5508.4663,5538.7434,5484.964,5500.7379,11899439900.0,132592062465.6,5505.2595,2024-05-15
2024-05-15,5495.5571,5497.0842,5441.3548,5446.6557,11012498900.0,121525793558.0,5500.7379,2024-05-16
2024-05-16,5461.1077,5475.3735,5408.1251,5424.6652,12210811900.0,133148761562.0,5446.6557,2024-05-17
2024-05-17,5418.6575,5493.2007,5409.7047,5491.8944,12691616800.0,139244609264.9,5424.6652,2024-05-20
2024-05-20,5496.7904,5536.662,5484.358,5523.5013,14497144800.0,163572079873.3,5491.8944,2024-05-21
2024-05-21,5511.4838,5513.4235,5460.975,5478.9131,10869119200.0,123832374658.6,5523.5013,2024-05-22
2024-05-22,5472.0098,5486.3049,5455.0766,5468.6068,11305778200.0,126572719199.3,5478.9131,2024-05-23
2024-05-23,5448.9403,5448.9403,5352.3934,5362.3053,12665756900.0,135749197020.0,5468.6068,2024-05-24
2024-05-24,5348.51,5400.1594,5311.4888,5313.4546,10656417500.0,117396142024.9,5362.3053,2024-05-27
2024-05-27,5325.8508,5373.1116,5284.5055,5371.3693,11564322900.0,124785634504.8,5313.4546,2024-05-28
2024-05-28,5363.33,5365.473,5310.3183,5316.1286,11096537300.0,120979080988.0,5371.3693,2024-05-29
2024-05-29,5308.593,5361.744,5305.9631,5328.3064,10436126700.0,112762595771.6,5316.1286,2024-05-30
2024-05-30,5316.3983,5349.688,5296.4925,5308.66,10735018700.0,114757614217.4,5328.3064,2024-05-31
2024-05-31,5310.7218,5357.021,5308.5403,5308.5403,10415114700.0,113019704335.1,5308.66,2024-06-03
2024-06-03,5300.7869,5316.3352,5232.688,5274.0687,12696851500.0,129543758977.7,5308.5403,2024-06-04
2024-06-04,5263.2256,5352.2839,5247.5837,5341.9496,10808314400.0,117835610768.9,5274.0687,2024-06-05
2024-06-05,5328.8678,5347.4297,5277.9405,5277.9405,10579275700.0,111608396273.0,5341.9496,2024-06-06
2024-06-06,5291.5208,5305.878,5213.6618,5228.8002,13336823100.0,135739981470.4,5277.9405,2024-06-07
2024-06-07,5247.1462,5258.818,5172.0505,5208.9798,11352747800.0,118553769519.2,5228.8002,2024-06-11
2024-06-11,5182.4129,5232.8495,5159.334,5217.4702,11643711600.0,119660626659.4,5208.9798,2024-06-12
2024-06-12,5209.1344,5245.9909,5205.5716,5232.9534,10306556900.0,111341271703.7,5217.4702,2024-06-13
2024-06-13,5231.9096,5233.7954,5182.7423,5194.59,11823276400.0,123194241679.1,5232.9534,2024-06-14
2024-06-14,5180.2887,5235.8781,5163.384,5213.0927,13399862000.0,146009261400.6,5194.59,2024-06-17
2024-06-17,5189.284,5223.5894,5184.5987,5207.128,10797066400.0,135704407617.0,5213.0927,2024-06-18
2024-06-18,5207.9777,5243.5867,5204.9707,5230.8913,9409090300.0,120391272834.4,5207.128,2024-06-19
2024-06-19,5235.4758,5236.3018,5168.8204,5168.8204,8784959000.0,111740529823.1,5230.8913,2024-06-20
2024-06-20,5162.1609,5184.747,5092.2867,5094.5653,9560900300.0,113062777426.7,5168.8204,2024-06-21
2024-06-21,5079.9226,5128.1378,5071.6547,5102.3292,8383890700.0,98090349439.3,5094.5653,2024-06-24
2024-06-24,5072.8028,5078.955,4986.7679,4992.9097,10018664600.0,113108464981.7,5102.3292,2024-06-25
2024-06-25,4989.0713,5007.3355,4918.0393,4948.6343,9163677900.0,104683752506.4,4992.9097,2024-06-26
2024-06-26,4942.1652,5024.7679,4915.6644,5020.4318,9339462100.0,102152255030.0,4948.6343,2024-06-27
2024-06-27,4998.9936,5000.1752,4925.1601,4928.0514,8853718700.0,97364975399.3,5020.4318,2024-06-28
2024-06-28,4914.6693,5003.4091,4914.5467,4942.7817,10630834200.0,114743251798.9,4928.0514,2024-07-01
2024-07-01,4943.7867,5017.6099,4929.0871,5003.1608,9731279300.0,110821074065.9,4942.7817,2024-07-02
2024-07-02,5000.5757,5002.7424,4934.1169,4949.4771,9620933400.0,105902911013.0,5003.1608,2024-07-03
2024-07-03,4945.3994,4950.5148,4905.3897,4910.9245,8452833100.0,96121126342.0,4949.4771,2024-07-04
2024-07-04,4917.4414,4935.6055,4827.342,4834.4982,9100846600.0,98771611006.7,4910.9245,2024-07-05
2024-07-05,4828.8628,4877.9326,4794.1292,4866.2647,8313327900.0,93724633826.8,4834.4982,2024-07-08
2024-07-08,4857.0245,4857.2655,4768.5636,4783.6165,9025450000.0,96789200226.5,4866.2647,2024-07-09
2024-07-09,4775.3131,4888.4822,4745.3165,4876.899,11140196800.0,126704548339.3,4783.6165,2024-07-10
2024-07-10,4857.483,4891.3725,4836.17,4844.1624,10095318600.0,117244916014.0,4876.899,2024-07-11
2024-07-11,4902.8106,4941.7015,4871.172,4939.7318,11527549400.0,133127527342.5,4844.1624,2024-07-12
2024-07-12,4926.9812,4937.3471,4905.7967,4919.3639,9717510600.0,115594261299.6,4939.7318,2024-07-15
2024-07-15,4903.5161,4903.5161,4868.743,4883.8971,8682431200.0,102734711417.3,4919.3639,2024-07-16
2024-07-16,4877.601,4907.8321,4850.4315,4898.3626,8726797800.0,113648284397.5,4883.8971,2024-07-17
2024-07-17,4893.4137,4900.3599,4853.603,4856.5794,9690954700.0,117932902593.7,4898.3626,2024-07-18
2024-07-18,4822.1303,4879.6927,4793.4294,4877.6916,9665475000.0,115283847816.1,4856.5794,2024-07-19
2024-07-19,4853.0422,4900.3787,4842.9297,4872.0532,9329074600.0,111989382468.3,4877.6916,2024-07-22
2024-07-22,4872.6362,4885.3641,4839.1121,4865.9778,9271045800.0,110307683161.2,4872.0532,2024-07-23
2024-07-23,4862.9705,4862.9705,4722.7994,4722.7994,10240371200.0,110578297603.3,4865.9778,2024-07-24
2024-07-24,4712.287,4738.762,4661.8271,4668.0621,11267463500.0,103026731862.0,4722.7994,2024-07-25
2024-07-25,4644.4217,4710.4627,4635.244,4665.4488,8860007400.0,95885153870.2,4668.0621,2024-07-26
2024-07-26,4670.4463,4744.4537,4670.4463,4736.3771,8647204900.0,94118612207.0,4665.4488,2024-07-29
2024-07-29,4740.499,4742.1481,4702.9803,4708.8443,8110203900.0,90979232032.0,4736.3771,2024-07-30
2024-07-30,4694.5247,4712.0417,4650.5592,4699.282,8335338200.0,86181033613.6,4708.8443,2024-07-31
2024-07-31,4694.7288,4887.9192,4687.0458,4886.4136,14318091900.0,146601666177.8,4699.282,2024-08-01
2024-08-01,4893.8709,4928.2412,4834.6536,4852.9725,11321339300.0,119765528788.7,4886.4136,2024-08-02
2024-08-02,4816.9369,4874.7114,4783.115,4788.6159,9852984400.0,105654740577.4,4852.9725,2024-08-05
2024-08-05,4756.0755,4846.542,4693.8165,4693.8478,11333814800.0,123487463651.4,4788.6159,2024-08-06
2024-08-06,4740.4539,4774.9279,4699.1769,4750.776,10777477000.0,105286322238.1,4693.8478,2024-08-07
2024-08-07,4747.9803,4783.4202,4719.938,4751.9408,9698948100.0,96834771203.2,4750.776,2024-08-08
2024-08-08,4737.0927,4791.6592,4701.7856,4755.8149,10430925300.0,95364149202.0,4751.9408,2024-08-09
2024-08-09,4778.2568,4805.0992,4720.3104,4720.3104,10881958600.0,88057504682.2,4755.8149,2024-08-12
2024-08-12,4716.9605,4737.1908,4696.0525,4714.1586,8910083200.0,76375856580.1,4720.3104,2024-08-13
2024-08-13,4713.9598,4731.8353,4680.5879,4731.8353,8136517300.0,71101413451.5,4714.1586,2024-08-14
2024-08-14,4729.8146,4730.2369,4667.0731,4667.0731,7458803000.0,68308163886.2,4731.8353,2024-08-15
2024-08-15,4656.695,4746.4095,4647.7947,4698.375,9097329300.0,83712897622.1,4667.0731,2024-08-16
2024-08-16,4703.6042,4708.0187,4662.1132,4670.3789,8737958000.0,81927269812.8,4698.375,2024-08-19
2024-08-19,4666.3308,4729.8742,4666.2577,4682.9628,8713686700.0,80742361426.1,4670.3789,2024-08-20
2024-08-20,4684.2948,4686.3633,4590.3913,4602.0095,9184614600.0,81351685184.9,4682.9628,2024-08-21
2024-08-21,4589.0885,4610.8666,4582.2653,4587.1218,8352691000.0,74809964819.1,4602.0095,2024-08-22
2024-08-22,4589.4956,4595.0496,4526.2499,4533.3695,8585686800.0,78202476718.8,4587.1218,2024-08-23
2024-08-23,4523.9907,4549.3026,4513.2038,4537.0872,7577836400.0,71369991695.7,4533.3695,2024-08-26
2024-08-26,4542.8564,4558.5917,4523.7274,4544.3594,8711829600.0,84365247766.9,4537.0872,2024-08-27
2024-08-27,4532.4861,4532.4861,4487.0915,4495.2856,8252920500.0,78742868644.7,4544.3594,2024-08-28
2024-08-28,4486.4311,4527.7686,4482.0324,4500.0088,8268119900.0,74244549232.7,4495.2856,2024-08-29
2024-08-29,4483.5534,4577.7919,4475.2228,4557.9006,10311556200.0,96829969885.4,4500.0088,2024-08-30
2024-08-30,4557.5014,4704.3407,4548.3827,4639.1144,15159336100.0,144749168233.3,4557.9006,2024-09-02
2024-09-02,4631.9003,4632.3107,4546.8393,4546.8832,12636851700.0,115893027848.1,4639.1144,2024-09-03
2024-09-03,4543.2198,4612.2826,4543.2198,4596.4819,9858968600.0,92749159672.5,4546.8832,2024-09-04
2024-09-04,4567.6858,4623.3782,4552.3037,4582.084,9243568500.0,88646018095.4,4596.4819,2024-09-05
2024-09-05,4585.1677,4630.6388,4582.0535,4601.0911,8058372300.0,80148632780.7,4582.084,2024-09-06
2024-09-06,4609.3419,4613.3097,4535.3486,4537.4544,9014759600.0,80215749103.2,4601.0911,2024-09-09
2024-09-09,4517.5658,4541.7935,4487.8427,4507.1866,9194460800.0,81907584834.7,4537.4544,2024-09-10
2024-09-10,4509.3236,4528.6691,4432.9128,4507.7074,9852954200.0,87011759811.7,4507.1866,2024-09-11
2024-09-11,4490.1867,4529.3452,4479.0306,4514.9158,8520684200.0,81707868059.9,4507.7074,2024-09-12
2024-09-12,4518.9882,4568.7462,4496.5919,4496.5919,8665430400.0,80916511375.5,4514.9158,2024-09-13
2024-09-13,4500.3949,4509.072,4450.9587,4450.9587,9253375700.0,85710614259.9,4496.5919,2024-09-18
2024-09-18,4450.089,4474.722,4397.161,4462.8701,9098968300.0,79102523647.7,4450.9587,2024-09-19
2024-09-19,4481.4635,4565.3899,4437.5363,4520.3939,11561186800.0,105405904204.6,4462.8701,2024-09-20
2024-09-20,4514.9598,4515.8064,4471.9438,4498.3901,9431204400.0,89084435754.7,4520.3939,2024-09-23
2024-09-23,4495.7805,4545.5411,4483.13,4494.6878,8993522700.0,85104838086.0,4498.3901,2024-09-24
2024-09-24,4524.2214,4690.5736,4503.1245,4689.5964,17714470300.0,159947071682.9,4494.6878,2024-09-25
2024-09-25,4743.6343,4847.2034,4724.4301,4731.4755,20459351900.0,182209573751.3,4689.5964,2024-09-26
2024-09-26,4725.996,4938.1839,4719.3492,4938.1839,22993032300.0,196122560309.1,4731.4755,2024-09-27
2024-09-27,5027.2644,5227.9577,5021.5148,5201.6656,23017750800.0,232646658012.5,4938.1839,2024-09-30
2024-09-30,5449.7889,5757.9213,5387.338,5743.217,38870320000.0,418784669568.5,5201.6656,2024-10-08
2024-10-08,6417.8142,6417.8142,5868.8525,6155.5817,49354642000.0,579263323621.8,5743.217,2024-10-09
2024-10-09,6013.7015,6088.0804,5704.4779,5735.641,43115641600.0,529447530363.7,6155.5817,2024-10-10
2024-10-10,5768.6107,5875.9358,5597.4766,5690.8822,35348024500.0,390814224053.0,5735.641,2024-10-11
2024-10-11,5650.0488,5652.852,5408.8696,5470.8133,24438337300.0,266749263112.0,5690.8822,2024-10-14
2024-10-14,5503.6461,5623.9685,5408.3917,5608.153,25060854100.0,279231292488.6,5470.8133,2024-10-15
2024-10-15,5578.2611,5661.0749,5471.8807,5472.56,23899701900.0,276816614630.7,5608.153,2024-10-16
2024-10-16,5393.6657,5546.1764,5393.6657,5461.0877,20545092600.0,222425749319.4,5472.56,2024-10-17
2024-10-17,5499.7659,5541.0331,5417.881,5418.9883,20276868500.0,234458932483.4,5461.0877,2024-10-18
2024-10-18,5416.0319,5774.1408,5404.2035,5640.0198,28711421900.0,352062136787.1,5418.9883,2024-10-21
2024-10-21,5680.5648,5797.8808,5631.2316,5704.225,26688518600.0,359965731439.6,5640.0198,2024-10-22
2024-10-22,5703.3196,5779.2983,5673.7901,5753.8497,23702362400.0,312584329119.8,5704.225,2024-10-23
2024-10-23,5745.1069,5853.4555,5727.7736,5776.383,27341264000.0,336167749458.4,5753.8497,2024-10-24
2024-10-24,5747.5577,5759.8651,5694.7789,5726.7041,20769004600.0,257232250889.5,5776.383,2024-10-25
2024-10-25,5735.2853,5855.2647,5729.4384,5809.6879,23672570800.0,299590180533.3,5726.7041,2024-10-28
2024-10-28,5816.3296,5883.7203,5787.4843,5883.7203,27065378700.0,312663682663.8,5809.6879,2024-10-29
2024-10-29,5903.3065,5917.2149,5807.29,5812.5286,27537114300.0,332481504886.9,5883.7203,2024-10-30
2024-10-30,5793.8326,5869.1113,5777.43,5837.9338,25202127500.0,315956554496.2,5812.5286,2024-10-31
2024-10-31,5839.9766,5935.1827,5812.0324,5901.2904,31354920200.0,377454102584.7,5837.9338,2024-11-01
2024-11-01,5893.3192,5934.2031,5795.0805,5831.8217,36984064100.0,429257467070.0,5901.2904,2024-11-04
2024-11-04,5835.3918,5928.9085,5835.3918,5928.9085,28655229400.0,342776867779.9,5831.8217,2024-11-05
2024-11-05,5925.8652,6119.2536,5910.8887,6111.9707,36634449200.0,441462863294.4,5928.9085,2024-11-06
2024-11-06,6134.9236,6204.5331,6081.8065,6125.7868,41518773700.0,502324104677.0,6111.9707,2024-11-07
2024-11-07,6061.7349,6240.7574,6049.587,6239.5598,41841332300.0,465814955829.2,6125.7868,2024-11-08
2024-11-08,6306.7986,6333.6792,6206.2949,6222.445,38564834700.0,470080201608.9,6239.5598,2024-11-11
2024-11-11,6211.0328,6330.8046,6199.0563,6330.6152,33409692100.0,453328339552.7,6222.445,2024-11-12
2024-11-12,6349.2295,6382.9784,6205.0988,6263.883,33285691900.0,452685440809.0,6330.6152,2024-11-13
2024-11-13,6234.1577,6282.2777,6162.8979,6259.8412,26040067300.0,347812976326.8,6263.883,2024-11-14
2024-11-14,6240.6093,6240.6093,6068.6584,6078.3051,23974313800.0,317335892174.5,6259.8412,2024-11-15
2024-11-15,6055.5354,6093.4226,5924.35,5924.4834,23622604200.0,309679795180.8,6078.3051,2024-11-18
2024-11-18,5940.4862,5977.4919,5799.9082,5833.0358,28252722400.0,296423264134.4,5924.4834,2024-11-19
2024-11-19,5836.6108,5936.9347,5776.2017,5936.6015,24140421500.0,262477730599.7,5833.0358,2024-11-20
2024-11-20,5920.3229,6015.2339,5909.106,5992.3904,21734522400.0,261005441610.0,5936.6015,2024-11-21
2024-11-21,5973.1547,6009.6285,5937.8052,5985.3128,20619894100.0,252722313895.1,5992.3904,2024-11-22
2024-11-22,5969.0753,5983.3393,5750.2457,5750.2457,22506673700.0,267675732292.4,5985.3128,2024-11-25
2024-11-25,5754.5473,5774.8166,5662.0946,5735.6493,18600506000.0,215261571671.1,5750.2457,2024-11-26
2024-11-26,5727.3734,5773.3559,5688.5764,5690.4792,14756286500.0,170186745318.8,5735.6493,2024-11-27
2024-11-27,5669.5549,5805.635,5603.9955,5804.9368,17531330200.0,204528721580.5,5690.4792,2024-11-28
2024-11-28,5802.797,5826.4882,5749.2874,5757.5965,17218353700.0,204358289211.1,5804.9368,2024-11-29
2024-11-29,5748.1665,5899.873,5736.4093,5851.9385,20425554400.0,243571196943.7,5757.5965,2024-12-02
2024-12-02,5853.7053,5956.5981,5848.4235,5943.6245,23618130800.0,257212815525.1,5851.9385,2024-12-03
2024-12-03,5946.7352,5954.6607,5877.8012,5932.1207,20987050900.0,229346951926.7,5943.6245,2024-12-04
2024-12-04,5929.4763,5940.8545,5850.9094,5879.2695,21599163400.0,234212942758.9,5932.1207,2024-12-05
2024-12-05,5855.7419,5923.6243,5853.527,5901.9859,19854223600.0,212251881677.0,5879.2695,2024-12-06
2024-12-06,5903.4988,6011.7691,5877.0434,5979.197,26532953600.0,255600553068.3,5901.9859,2024-12-09
2024-12-09,5983.3343,6004.2343,5911.3619,5947.1089,28446220900.0,237294662391.5,5979.197,2024-12-10
2024-12-10,6132.291,6141.0655,5982.5833,5992.0937,32052782300.0,324711288431.3,5947.1089,2024-12-11
2024-12-11,5973.326,6051.4718,5972.2696,6047.105,25388394100.0,250011474489.1,5992.0937,2024-12-12
2024-12-12,6048.7814,6107.7146,6023.2343,6100.3945,24365369000.0,258380795570.8,6047.105,2024-12-13
2024-12-13,6065.9542,6065.9542,5988.292,5988.292,28632819800.0,307316221178.0,6100.3945,2024-12-16
2024-12-16,5983.1598,5991.5772,5888.0426,5912.6014,21464744100.0,241790858877.2,5988.292,2024-12-17
2024-12-17,5896.9676,5924.6244,5837.2514,5848.1628,19310854700.0,204630242337.7,5912.6014,2024-12-18
2024-12-18,5861.2624,5921.9798,5853.1628,5888.6162,18799629000.0,193282038369.0,5848.1628,2024-12-19
2024-12-19,5829.2631,5918.4895,5816.4729,5901.9155,19653119400.0,211287492264.4,5888.6162,2024-12-20
2024-12-20,5889.946,5962.4154,5889.946,5917.1751,17809039900.0,221132517265.6,5901.9155,2024-12-23
2024-12-23,5917.6939,5935.1523,5815.3415,5818.551,17731548600.0,217347047187.5,5917.1751,2024-12-24
2024-12-24,5827.1597,5897.1946,5827.1597,5895.2595,16736582400.0,196112525345.7,5818.551,2024-12-25
2024-12-25,5896.4295,5897.5101,5796.6475,5840.2889,15727913200.0,191269446368.3,5895.2595,2024-12-26
2024-12-26,5830.7212,5897.4827,5830.7212,5887.0605,14531944400.0,201723277582.2,5840.2889,2024-12-27
2024-12-27,5892.6943,5975.7919,5881.7173,5899.1665,17908549800.0,236680633735.7,5887.0605,2024-12-30
2024-12-30,5890.4633,5928.5718,5867.8538,5898.884,15556558600.0,196182578970.3,5899.1665,2024-12-31
2024-12-31,5902.033,5905.463,5725.7324,5725.7324,18215885500.0,217194009078.8,5898.884,2025-01-02
2025-01-02,5717.9157,5722.1107,5498.8216,5545.8174,19376315700.0,220078999057.0,5725.7324,2025-01-03
2025-01-03,5552.75,5581.3978,5419.7429,5427.8041,17407731000.0,187233075270.9,5545.8174,2025-01-06
2025-01-06,5421.0653,5482.6253,5384.3326,5427.1007,14626565800.0,156743673376.1,5427.8041,2025-01-07
2025-01-07,5429.1729,5485.5848,5405.1327,5484.6847,14506527800.0,159836326878.2,5427.1007,2025-01-08
2025-01-08,5462.324,5501.6555,5326.9259,5461.5861,16384991500.0,181141237075.9,5484.6847,2025-01-09
2025-01-09,5437.8128,5493.6799,5436.7036,5456.5863,12983262700.0,156798867820.6,5461.5861,2025-01-10
2025-01-10,5449.0014,5496.3833,5369.2811,5369.2811,13017955300.0,159984103633.2,5456.5863,2025-01-13
2025-01-13,5319.7013,5422.0115,5319.2741,5381.6974,11968293700.0,139406540969.0,5369.2811,2025-01-14
2025-01-14,5393.763,5582.835,5378.5875,5572.2722,17214286000.0,208083727936.2,5381.6974,2025-01-15
2025-01-15,5559.5785,5569.1895,5509.5757,5522.459,13839324300.0,169060453013.4,5572.2722,2025-01-16
2025-01-16,5546.6997,5633.8547,5508.9146,5545.6336,14931808500.0,182995873631.7,5522.459,2025-01-17
2025-01-17,5524.205,5621.9367,5519.4109,5587.2939,12669117400.0,164437435727.2,5545.6336,2025-01-20
2025-01-20,5621.9247,5665.183,5598.1584,5614.3311,13571250700.0,173426107632.4,5587.2939,2025-01-21
2025-01-21,5639.6037,5642.9168,5573.5002,5633.9249,12649130000.0,170909135202.8,5614.3311,2025-01-22
2025-01-22,5606.8472,5618.581,5567.7793,5607.0594,11537499600.0,158106585548.6,5633.9249,2025-01-23
2025-01-23,5659.3685,5717.6887,5584.2548,5584.2548,16341998700.0,203633761249.2,5607.0594,2025-01-24
2025-01-24,5570.48,5660.4337,5570.48,5649.9504,13943805800.0,180858845316.0,5584.2548,2025-01-27
2025-01-27,5660.4848,5676.0261,5589.3432,5589.3432,13654605600.0,163085841547.7,5649.9504,2025-02-05
2025-02-05,5643.1747,5646.0366,5588.5558,5614.3872,15567414100.0,214999512244.8,5589.3432,2025-02-06
2025-02-06,5606.8707,5749.0232,5597.3246,5747.9012,18142819300.0,257122087039.6,5614.3872,2025-02-07
2025-02-07,5750.2887,5889.4279,5741.7326,5833.9883,23271886300.0,327949184790.5,5747.9012,2025-02-10
2025-02-10,5858.2425,5895.4055,5836.1713,5888.5509,20930090500.0,286253277530.5,5833.9883,2025-02-11
2025-02-11,5890.3732,5890.3732,5827.3777,5858.2805,18192050800.0,260281069640.5,5888.5509,2025-02-12
2025-02-12,5841.3618,5940.5374,5841.3188,5940.5299,19544615500.0,285438865878.9,5858.2805,2025-02-13
2025-02-13,5938.2034,5957.5798,5889.6952,5898.2611,22828183900.0,313080162906.2,5940.5299,2025-02-14
2025-02-14,5893.9342,5954.477,5886.9501,5947.796,21191426100.0,306627494264.1,5898.2611,2025-02-17
2025-02-17,5979.8446,5985.3644,5906.2661,5948.7197,23390168900.0,356940293723.8,5947.796,2025-02-18
2025-02-18,5935.4993,5947.9342,5816.0511,5840.7112,21494148200.0,306905660928.8,5948.7197,2025-02-19
2025-02-19,5834.9547,5945.3461,5831.4815,5943.8823,20529830500.0,313960331576.5,5840.7112,2025-02-20
2025-02-20,5941.599,5977.7301,5920.5681,5957.5465,19820741100.0,305885399073.0,5943.8823,2025-02-21
2025-02-21,5969.6462,6061.824,5943.1948,6057.0648,25231712800.0,396960769353.7,5957.5465,2025-02-24
2025-02-24,6057.3801,6079.0169,6007.1786,6044.973,24381379800.0,382362648270.6,6057.0648,2025-02-25
2025-02-25,5967.0367,6044.7559,5956.1761,5979.9653,20683395300.0,340316449158.0,6044.973,2025-02-26
2025-02-26,5990.2901,6055.8727,5973.8574,6051.7401,21086089800.0,327265336672.0,5979.9653,2025-02-27
2025-02-27,6050.1864,6064.491,5940.3354,6028.9856,21665293000.0,328254761442.7,6051.7401,2025-02-28
2025-02-28,5997.9175,6007.4724,5847.1512,5859.8708,20522381400.0,298290643729.1,6028.9856,2025-03-03
2025-03-03,5875.9522,5964.2684,5851.56,5885.7696,18502458100.0,266955659875.8,5859.8708,2025-03-04
2025-03-04,5845.4712,5943.0837,5843.4633,5937.6302,15392221100.0,231145314804.5,5885.7696,2025-03-05
2025-03-05,5937.1074,5955.8988,5892.5332,5950.7034,16307150000.0,241738025092.7,5937.6302,2025-03-06
2025-03-06,5980.3798,6062.5412,5972.6039,6047.7734,21304285200.0,320542701863.5,5950.7034,2025-03-07
2025-03-07,6029.3813,6067.3481,5989.3206,6013.7747,20743714900.0,301122130059.3,6047.7734,2025-03-10
2025-03-10,6022.6814,6041.5219,5971.8131,6013.6191,17304433600.0,248513462299.4,6013.7747,2025-03-11
2025-03-11,5944.4197,6044.9742,5942.9124,6044.9742,17385564300.0,245205106219.3,6013.6191,2025-03-12
2025-03-12,6068.3762,6098.2352,6038.8221,6040.4965,18476353700.0,267906301206.6,6044.9742,2025-03-13
2025-03-13,6032.8545,6050.1782,5947.7816,5993.967,19371071700.0,253622427436.4,6040.4965,2025-03-14
2025-03-14,5993.9702,6099.9809,5978.5321,6099.9809,21924583400.0,289038080526.0,5993.967,2025-03-17
2025-03-17,6119.6064,6129.8543,6098.5079,6108.0176,18431727300.0,250160671107.9,6099.9809,2025-03-18
2025-03-18,6126.0357,6161.2281,6114.2064,6133.3018,16602304300.0,236342189394.2,6108.0176,2025-03-19
2025-03-19,6117.4233,6128.2297,6076.5643,6101.4369,15389378000.0,218871992193.0,6133.3018,2025-03-20
2025-03-20,6094.8426,6109.1829,6055.3811,6059.4859,14718786500.0,203849586195.9,6101.4369,2025-03-21
2025-03-21,6038.9899,6071.0846,5951.7952,5971.9302,17410378500.0,225801003414.7,6059.4859,2025-03-24
2025-03-24,5973.0466,5987.0606,5882.878,5969.0789,16919243500.0,220094329255.6,5971.9302,2025-03-25
2025-03-25,5969.4164,5993.9312,5929.6734,5946.951,14748394800.0,192227014821.0,5969.0789,2025-03-26
2025-03-26,5935.8537,5983.4739,5935.8537,5948.4986,13670211100.0,171695842016.5,5946.951,2025-03-27
2025-03-27,5932.5165,6000.6615,5891.7664,5957.6017,13470890400.0,176590477346.0,5948.4986,2025-03-28
2025-03-28,5954.7297,5973.8015,5904.9159,5916.0314,13426192700.0,168899478619.3,5957.6017,2025-03-31
2025-03-31,5886.956,5908.3026,5802.4187,5857.7721,15425609000.0,189563392181.2,5916.0314,2025-04-01
2025-04-01,5870.9424,5931.5038,5867.848,5892.8502,13644860200.0,179327950524.9,5857.7721,2025-04-02
2025-04-02,5884.8925,5936.6467,5884.1126,5899.0865,11215996000.0,140642079451.3,5892.8502,2025-04-03
2025-04-03,5842.6167,5906.7057,5817.9662,5845.5045,13493862500.0,173662140191.8,5899.0865,2025-04-07
2025-04-07,5523.9636,5587.8502,5212.6773,5287.0333,23652265600.0,267397400609.4,5845.5045,2025-04-08
2025-04-08,5279.7566,5371.1834,5249.2318,5326.914,22384066500.0,261875349400.4,5287.0333,2025-04-09
2025-04-09,5249.6841,5465.1449,5135.9655,5439.7716,24511802700.0,288257435803.9,5326.914,2025-04-10
2025-04-10,5534.559,5610.1895,5513.9544,5544.0646,21196303500.0,268666431276.5,5439.7716,2025-04-11
2025-04-11,5514.188,5631.5954,5510.8949,5581.3184,16441166300.0,227659789695.8,5544.0646,2025-04-14
2025-04-14,5633.7792,5661.8049,5608.7297,5627.1375,15548707700.0,207470466690.5,5581.3184,2025-04-15
2025-04-15,5625.0005,5626.677,5567.0271,5602.534,12327370800.0,161900884812.5,5627.1375,2025-04-16
2025-04-16,5589.7769,5592.6741,5492.6546,5556.8642,13253722400.0,163751037649.9,5602.534,2025-04-17
2025-04-17,5527.5905,5604.6198,5526.8881,5557.0105,11365238200.0,148283242243.4,5556.8642,2025-04-18
2025-04-18,5546.9666,5579.4791,5525.4046,5560.7207,11164425800.0,139804146811.9,5557.0105,2025-04-21
2025-04-21,5556.5126,5646.2179,5535.6994,5642.3805,12311188300.0,160264813233.9,5560.7207,2025-04-22
2025-04-22,5634.8936,5651.5541,5617.8786,5624.209,12466668900.0,164464321326.5,5642.3805,2025-04-23
2025-04-23,5647.9148,5670.2595,5614.7677,5634.9487,12700776400.0,177991292765.2,5624.209,2025-04-24
2025-04-24,5633.024,5651.5343,5583.4302,5605.8796,12269669600.0,157899194340.6,5634.9487,2025-04-25
2025-04-25,5613.1407,5661.5869,5596.5266,5627.1804,14000080000.0,171933817273.4,5605.8796,2025-04-28
2025-04-28,5624.4166,5628.0778,5587.7857,5598.2951,13621809400.0,167616287077.3,5627.1804,2025-04-29
2025-04-29,5583.7186,5622.022,5571.2363,5604.9057,12674292700.0,158033003939.8,5598.2951,2025-04-30
2025-04-30,5604.6537,5647.7821,5603.1718,5631.8249,13838662100.0,181616584522.5,5604.9057,2025-05-06
2025-05-06,5668.8762,5740.3338,5666.4698,5740.3338,16277360600.0,217059975785.3,5631.8249,2025-05-07
2025-05-07,5805.656,5819.2422,5713.2734,5750.2911,17101175700.0,227566204818.1,5740.3338,2025-05-08
2025-05-08,5731.7157,5783.7915,5724.9511,5773.8056,13614032200.0,187032631458.8,5750.2911,2025-05-09
2025-05-09,5770.441,5770.441,5705.1654,5721.7225,12393900700.0,178162276679.5,5773.8056,2025-05-12
2025-05-12,5751.4372,5794.5161,5737.4622,5793.6743,13582436700.0,199426833721.2,5721.7225,2025-05-13
2025-05-13,5838.0341,5838.0341,5772.0723,5781.6683,13827108100.0,194252270526.7,5793.6743,2025-05-14
2025-05-14,5778.0791,5835.4912,5750.5367,5799.1191,15627999400.0,188145126840.3,5781.6683,2025-05-15
2025-05-15,5786.7833,5786.7833,5715.2938,5715.2966,13516076800.0,165136693963.9,5799.1191,2025-05-16
2025-05-16,5703.7354,5735.0121,5703.7354,5715.8491,11670913600.0,141882122895.5,5715.2966,2025-05-19
2025-05-19,5719.4381,5729.0703,5669.7208,5720.7949,11538493900.0,141098692009.1,5715.8491,2025-05-20
2025-05-20,5723.5055,5759.4582,5707.8101,5747.367,11689661500.0,151751185853.6,5720.7949,2025-05-21
2025-05-21,5741.6885,5763.0788,5733.8275,5757.9225,11580454200.0,155147378006.4,5747.367,2025-05-22
2025-05-22,5739.1909,5757.7946,5701.1614,5703.2797,10905772000.0,141620883824.3,5757.9225,2025-05-23
2025-05-23,5697.1362,5738.0829,5653.0436,5653.0436,11436119800.0,148123602870.9,5703.2797,2025-05-26
2025-05-26,5653.2063,5693.625,5644.5794,5669.4609,9717098900.0,127343603493.8,5653.0436,2025-05-27
2025-05-27,5666.3027,5667.871,5629.1343,5652.1454,9514936300.0,125275690002.2,5669.4609,2025-05-28
2025-05-28,5651.8755,5660.4696,5628.4165,5637.2378,9490888300.0,119959827369.0,5652.1454,2025-05-29
2025-05-29,5637.0633,5724.5185,5637.0633,5719.9101,11468248400.0,148095092966.2,5637.2378,2025-05-30
2025-05-30,5704.771,5704.771,5665.5177,5671.0723,10990070700.0,137670579253.9,5719.9101,2025-06-03
2025-06-03,5653.6747,5710.4203,5653.2978,5694.8385,12285390300.0,159996843500.1,5671.0723,2025-06-04
2025-06-04,5696.5692,5744.4543,5696.5692,5739.0058,11619607700.0,150314940398.1,5694.8385,2025-06-05
2025-06-05,5741.0298,5778.0959,5719.5466,5769.9675,12522358400.0,174970104156.2,5739.0058,2025-06-06
2025-06-06,5768.3989,5771.7558,5750.6592,5762.0778,10821766000.0,148022372105.1,5769.9675,2025-06-09
2025-06-09,5772.7792,5823.899,5765.3547,5805.6543,12818861900.0,171482411225.9,5762.0778,2025-06-10
2025-06-10,5809.8283,5810.9224,5715.9712,5757.9921,13826918100.0,182980299992.1,5805.6543,2025-06-11
2025-06-11,5758.5287,5818.5734,5758.5287,5792.9464,12371670700.0,161353672422.0,5757.9921,2025-06-12
2025-06-12,5780.967,5808.8047,5766.5212,5799.9319,12561584600.0,165393538363.1,5792.9464,2025-06-13
2025-06-13,5783.156,5794.6698,5728.2114,5740.2397,16761337400.0,216010351562.9,5799.9319,2025-06-16
2025-06-16,5725.0029,5775.9487,5725.0029,5767.8083,12824265800.0,170989175829.1,5740.2397,2025-06-17
2025-06-17,5772.296,5776.6325,5734.829,5750.9122,12152662400.0,160121673881.7,5767.8083,2025-06-18
2025-06-18,5740.1556,5753.7124,5709.8031,5745.8714,11270384400.0,154540142782.6,5750.9122,2025-06-19
2025-06-19,5733.8068,5750.4643,5660.0504,5676.8317,12553113400.0,162657974788.2,5745.8714,2025-06-20
2025-06-20,5669.0901,5688.7362,5636.7846,5639.513,10179476600.0,135042595005.9,5676.8317,2025-06-23
2025-06-23,5613.2813,5684.3973,5613.2813,5674.1704,11160180200.0,146034994434.9,5639.513,2025-06-24
2025-06-24,5683.4622,5766.0189,5683.4622,5765.8373,14208225600.0,191935453604.6,5674.1704,2025-06-25
2025-06-25,5777.7404,5866.5246,5776.1237,5862.5529,18463231000.0,239260448527.5,5765.8373,2025-06-26
2025-06-26,5868.2924,5885.2508,5835.3395,5838.2454,18016416300.0,235223723201.8,5862.5529,2025-06-27
2025-06-27,5850.4252,5905.6962,5839.5775,5863.7282,19938972500.0,243302989299.7,5838.2454,2025-06-30
2025-06-30,5877.6748,5918.3068,5872.2251,5915.3876,16627514700.0,226516690563.4,5863.7282,2025-07-01
2025-07-01,5915.8043,5936.9237,5890.114,5934.67,15419236500.0,213595657433.4,5915.3876,2025-07-02
2025-07-02,5922.5407,5922.5407,5873.8918,5892.9505,16250048500.0,194981070907.2,5934.67,2025-07-03
2025-07-03,5896.2403,5929.7268,5885.943,5922.66,13007004600.0,174689067393.9,5892.9505,2025-07-04
2025-07-04,5917.753,5969.3028,5889.7303,5911.4352,16494106000.0,211373135686.2,5922.66,2025-07-07
2025-07-07,5901.4018,5910.8036,5889.6023,5900.4056,13720736200.0,165759099335.8,5911.4352,2025-07-08
2025-07-08,5903.1017,5979.6273,5903.1017,5977.7437,16868114200.0,216966438897.8,5900.4056,2025-07-09
2025-07-09,5980.6451,5992.1349,5940.1761,5953.4871,16491440200.0,207864435842.8,5977.7437,2025-07-10
2025-07-10,5950.9657,6000.6858,5942.2901,5983.0505,17624260700.0,207636636985.2,5953.4871,2025-07-11
2025-07-11,5985.8236,6057.6225,5963.2571,6027.0789,22236309800.0,263484519394.2,5983.0505,2025-07-14
2025-07-14,6033.1782,6042.8856,6011.6872,6020.8585,18927744400.0,226290847208.0,6027.0789,2025-07-15
2025-07-15,6018.6274,6049.7867,5973.7969,6018.7583,18973623400.0,246076758437.0,6020.8585,2025-07-16
2025-07-16,6019.5765,6061.199,5997.1633,6017.1947,14861006200.0,213065134852.4,6018.7583,2025-07-17
2025-07-17,6013.7141,6082.4644,6013.0436,6082.4644,14969265800.0,235042939349.0,6017.1947,2025-07-18
2025-07-18,6092.2296,6112.1098,6073.6384,6099.6104,15315220400.0,236482711042.0,6082.4644,2025-07-21
2025-07-21,6115.0255,6162.4401,6110.988,6161.3086,20735050700.0,272008062680.9,6099.6104,2025-07-22
2025-07-22,6166.6164,6215.4058,6152.8142,6213.4072,24621164200.0,313661670874.1,6161.3086,2025-07-23
2025-07-23,6218.2069,6256.1516,6187.0121,6196.7577,25837789600.0,311060238982.0,6213.4072,2025-07-24
2025-07-24,6197.8532,6293.5984,6197.8532,6293.5984,26835556400.0,320187942645.6,6196.7577,2025-07-25
2025-07-25,6297.6255,6311.1687,6276.4156,6299.5908,23705532800.0,304368073044.4,6293.5984,2025-07-28
2025-07-28,6305.2247,6329.0304,6271.93,6323.4198,21444826700.0,305210098011.3,6299.5908,2025-07-29
2025-07-29,6308.1228,6356.1497,6272.3139,6356.1327,20175762900.0,292526917595.6,6323.4198,2025-07-30
2025-07-30,6345.3737,6368.2693,6269.5128,6314.6873,21212841100.0,304778465291.6,6356.1327,2025-07-31
2025-07-31,6297.9122,6322.0651,6206.1902,6226.3432,22421423700.0,322273638101.9,6314.6873,2025-08-01
2025-08-01,6221.0505,6253.6575,6177.4781,6213.2014,16590719100.0,254479551590.7,6226.3432,2025-08-04
2025-08-04,6190.3443,6261.9617,6187.6219,6261.7313,14859148000.0,236649250157.6,6213.2014,2025-08-05
2025-08-05,6277.0114,6303.2359,6272.5062,6303.2359,15420666500.0,235654712149.9,6261.7313,2025-08-06
2025-08-06,6298.9291,6357.5899,6293.2247,6357.3769,16602763800.0,263770937890.4,6303.2359,2025-08-07
2025-08-07,6356.3322,6366.2138,6299.4929,6337.5425,17044640000.0,274900586379.3,6357.3769,2025-08-08
2025-08-08,6324.1746,6351.3348,6308.1478,6323.4999,17250752600.0,259175300068.3,6337.5425,2025-08-11
2025-08-11,6335.4267,6404.8331,6335.4267,6391.7595,17490919900.0,277034087552.0,6323.4999,2025-08-12
2025-08-12,6392.4021,6418.1595,6360.1093,6418.1595,16835191800.0,290495345645.2,6391.7595,2025-08-13
2025-08-13,6422.7889,6514.4558,6422.2147,6508.0978,21602242300.0,353506820818.3,6418.1595,2025-08-14
2025-08-14,6509.2085,6519.7938,6411.9209,6429.8462,22895316800.0,367959844603.9,6508.0978,2025-08-15
2025-08-15,6417.3889,6570.4994,6417.3889,6568.57,24521724000.0,381378599737.4,6429.8462,2025-08-18
2025-08-18,6612.9878,6709.7812,6580.4373,6668.1726,30244822900.0,491491240868.3,6568.57,2025-08-19
2025-08-19,6663.157,6707.1139,6631.1193,6655.3105,25283927600.0,444629213612.5,6668.1726,2025-08-20
2025-08-20,6623.6138,6728.0692,6598.5506,6728.0692,24423390700.0,409671381116.0,6655.3105,2025-08-21
2025-08-21,6739.6899,6767.3225,6673.0608,6704.1657,24254016400.0,404122614402.8,6728.0692,2025-08-22
2025-08-22,6704.0297,6823.3626,6704.0297,6822.8469,25678382000.0,446681185868.5,6704.1657,2025-08-25
2025-08-25,6886.2682,6967.7963,6863.9322,6951.8955,33382894500.0,574922701236.5,6822.8469,2025-08-26
2025-08-26,6928.2862,7008.9627,6910.4055,6964.0653,28153238200.0,490812217440.6,6951.8955,2025-08-27
2025-08-27,6964.7697,7074.6302,6862.5624,6862.5624,32806018300.0,583863938867.0,6964.0653,2025-08-28
2025-08-28,6858.5028,7011.1602,6798.9335,7011.1602,30806178600.0,563651749090.8,6862.5624,2025-08-29
2025-08-29,7030.2741,7078.923,6990.7532,7043.9416,28091581400.0,523041433984.9,7011.1602,2025-09-01
2025-09-01,7087.7337,7110.687,7038.3444,7110.2882,28590831100.0,536161179931.4,7043.9416,2025-09-02
2025-09-02,7108.9446,7108.9446,6909.7234,6961.6894,29403653900.0,541493734529.3,7110.2882,2025-09-03
2025-09-03,6988.0205,7003.2681,6846.1814,6868.4615,25908326600.0,449579909558.7,6961.6894,2025-09-04
2025-09-04,6884.3577,6906.6919,6607.9849,6698.4474,27034189400.0,471991424482.0,6868.4615,2025-09-05
2025-09-05,6709.145,6919.336,6678.5997,6913.9532,24085745700.0,431958521699.5,6698.4474,2025-09-08
2025-09-08,6927.4071,6995.7178,6896.6601,6992.1169,24417430400.0,455360584113.9,6913.9532,2025-09-09
2025-09-09,6959.9373,6999.7308,6895.5091,6928.9651,22584355700.0,394761613186.2,6992.1169,2025-09-10
2025-09-10,6911.1119,6977.7671,6870.4039,6932.1092,18992286700.0,359667340648.0,6928.9651,2025-09-11
2025-09-11,6924.3036,7123.0523,6889.5863,7122.7051,24395106100.0,469498304002.7,6932.1092,2025-09-12
2025-09-12,7115.6102,7200.1556,7112.4216,7147.7489,26656750800.0,499359865690.2,7122.7051,2025-09-15
2025-09-15,7170.4123,7174.8905,7126.8293,7137.3627,23826572400.0,441828732816.1,7147.7489,2025-09-16
2025-09-16,7152.1887,7195.4246,7080.427,7190.9928,24234918300.0,435210189393.5,7137.3627,2025-09-17
2025-09-17,7184.2638,7265.3931,7159.6665,7260.0353,25826444900.0,445549244676.8,7190.9928,2025-09-18
2025-09-18,7248.2786,7350.9772,7115.6308,7199.8828,34858954100.0,604238742366.8,7260.0353,2025-09-19
2025-09-19,7200.692,7231.9992,7142.061,7170.3488,27150719300.0,450654116274.6,7199.8828,2025-09-22
2025-09-22,7182.8876,7225.8581,7143.0754,7225.1281,23185806900.0,421916002388.8,7170.3488,2025-09-23
2025-09-23,7240.8466,7250.8156,7045.5606,7180.7137,28128363400.0,495068970675.9,7225.1281,2025-09-24
2025-09-24,7140.3128,7327.0207,7133.4321,7323.7093,24006493800.0,477262274280.4,7180.7137,2025-09-25
2025-09-25,7325.6602,7379.6109,7312.3508,7341.3238,23617503000.0,493046787219.8,7323.7093,2025-09-26
2025-09-26,7311.8433,7351.7931,7237.0459,7240.9114,21144414800.0,430197601817.0,7341.3238,2025-09-29
2025-09-29,7251.5221,7377.2217,7216.7357,7350.5599,23353941800.0,433864489694.5,7240.9114,2025-09-30
2025-09-30,7372.524,7428.0307,7372.0634,7412.3684,22070750200.0,444956374594.1,7350.5599,2025-10-09
2025-10-09,7470.0474,7559.092,7437.3242,7548.9226,28313078400.0,535756806831.8,7412.3684,2025-10-10
2025-10-10,7499.3917,7509.1161,7373.9841,7398.2241,26225664600.0,502127435137.5,7548.9226,2025-10-13
2025-10-13,7135.104,7391.8246,7135.104,7376.5636,25802781700.0,473285532818.8,7398.2241,2025-10-14
2025-10-14,7434.1149,7459.0156,7166.0822,7194.8509,27735887300.0,505838515442.6,7376.5636,2025-10-15
2025-10-15,7205.7367,7294.0014,7153.4185,7294.0014,21755977700.0,397458970801.8,7194.8509,2025-10-16
2025-10-16,7269.2587,7305.9472,7206.4433,7231.5336,19493637000.0,359837530025.8,7294.0014,2025-10-17
2025-10-17,7226.4214,7254.5786,7009.8906,7016.0661,20004411300.0,348113892817.2,7231.5336,2025-10-20
2025-10-20,7092.8836,7129.9939,7033.3835,7069.6412,17683419200.0,314675076901.6,7016.0661,2025-10-21
2025-10-21,7095.6159,7193.73,7082.2995,7185.624,20597382900.0,344991294992.6,7069.6412,2025-10-22
2025-10-22,7135.2084,7166.5571,7101.8265,7128.4776,16974325400.0,286200266692.2,7185.624,2025-10-23
2025-10-23,7108.8545,7153.6555,7022.2945,7142.9536,18893373200.0,286304409856.4,7128.4776,2025-10-24
2025-10-24,7175.9233,7258.5343,7174.351,7258.5343,19532393300.0,366061817471.7,7142.9536,2025-10-27
2025-10-27,7336.2041,7391.2121,7302.0165,7379.3941,23205182100.0,471762068046.1,7258.5343,2025-10-28
2025-10-28,7344.4539,7404.756,7308.2722,7341.0304,20211846300.0,422068633884.5,7379.3941,2025-10-29
2025-10-29,7350.7566,7480.9666,7350.7566,7480.9666,22384413300.0,443141380250.4,7341.0304,2025-10-30
2025-10-30,7462.4326,7463.6529,7375.2391,7385.7109,24341203600.0,473832269828.3,7480.9666,2025-10-31
2025-10-31,7385.7423,7430.8564,7331.0031,7331.0031,23204167600.0,434918176654.6,7385.7109,2025-11-03
2025-11-03,7327.12,7336.5108,7214.8331,7333.6013,22168706000.0,390397102165.8,7331.0031,2025-11-04
2025-11-04,7315.1888,7323.7044,7167.3474,7210.8253,19332584200.0,326392392688.4,7333.6013,2025-11-05
2025-11-05,7098.9557,7257.84,7098.9557,7229.341,19558024300.0,311844646147.3,7210.8253,2025-11-06
2025-11-06,7243.1959,7352.1766,7243.1959,7345.723,20172296700.0,352809569430.2,7229.341,2025-11-07
2025-11-07,7307.2959,7371.4378,7285.8192,7327.9108,19292057800.0,336398935520.3,7345.723,2025-11-10
2025-11-10,7357.3392,7384.7854,7289.7682,7343.8017,20450133000.0,371310636981.7,7327.9108,2025-11-11
2025-11-11,7364.9251,7379.806,7281.9746,7291.6084,19166031300.0,338597660848.1,7343.8017,2025-11-12
2025-11-12,7264.792,7305.8564,7187.8685,7243.2483,18550701000.0,313840341324.2,7291.6084,2025-11-13
2025-11-13,7243.64,7366.4121,7243.64,7355.2911,19989023000.0,339596060555.8,7243.2483,2025-11-14
2025-11-14,7283.6993,7329.5958,7235.4617,7235.4617,20586491000.0,310485059932.4,7355.2911,2025-11-17
2025-11-17,7248.9216,7262.3306,7202.5932,7235.3512,20305060200.0,310823159399.7,7235.4617,2025-11-18
2025-11-18,7215.0302,7230.5416,7118.4085,7151.0176,20221412100.0,306540024621.6,7235.3512,2025-11-19
2025-11-19,7141.2641,7178.1495,7086.1232,7122.7465,16278660200.0,256755086038.0,7151.0176,2025-11-20
2025-11-20,7174.1046,7180.732,7056.9003,7061.9497,15961874600.0,254158167502.1,7122.7465,2025-11-21
2025-11-21,6955.7485,6986.7784,6817.4103,6817.4103,20893338400.0,310968718151.3,7061.9497,2025-11-24
2025-11-24,6856.7546,6905.9229,6797.4956,6868.9664,16636391300.0,270213254389.5,6817.4103,2025-11-25
2025-11-25,6915.1233,7018.4695,6912.3198,6954.6034,16271253000.0,289204914941.8,6868.9664,2025-11-26
2025-11-26,6946.0812,7024.8824,6936.8765,6965.0453,14894352600.0,274858341724.5,6954.6034,2025-11-27
2025-11-27,6970.7329,7045.8447,6943.4443,6951.2844,13784110300.0,253013152924.5,6965.0453,2025-11-28
2025-11-28,6947.2369,7031.7124,6941.4833,7031.5505,14021118400.0,243255194578.2,6951.2844,2025-12-01
2025-12-01,7053.8471,7101.8323,7040.8033,7101.8323,17897343200.0,308533693613.8,7031.5505,2025-12-02
2025-12-02,7084.799,7085.3031,7022.6102,7040.3008,14951819700.0,247360273405.6,7101.8323,2025-12-03
2025-12-03,7044.8568,7064.16,6975.0888,6996.3552,15783886700.0,251308651462.9,7040.3008,2025-12-04
2025-12-04,7001.6423,7039.7157,6958.6322,7012.8061,14103833800.0,239912559988.0,6996.3552,2025-12-05
2025-12-05,7008.6492,7104.0208,6965.8064,7097.8389,16873827400.0,275108399690.5,7012.8061,2025-12-08
2025-12-08,7119.051,7193.723,7114.3234,7172.3671,19261175000.0,347244592783.5,7097.8389,2025-12-09
2025-12-09,7150.9729,7185.1071,7103.8325,7121.3256,16690106600.0,305522303623.1,7172.3671,2025-12-10
2025-12-10,7111.5705,7171.9733,7070.4751,7155.9944,15396782700.0,280495257218.4,7121.3256,2025-12-11
2025-12-11,7171.2079,7179.4249,7082.8932,7082.8932,18184855400.0,300744575886.1,7155.9944,2025-12-12
2025-12-12,7088.1001,7187.0997,7063.8407,7169.791,19840247300.0,373144936682.2,7082.8932,2025-12-15
2025-12-15,7121.3805,7177.1541,7110.6781,7113.962,17217406400.0,301023637030.3,7169.791,2025-12-16
2025-12-16,7101.6696,7102.7717,6962.6451,7001.3188,17206587400.0,284968704393.8,7113.962,2025-12-17
2025-12-17,7002.5064,7160.7763,6988.871,7137.8339,17441313600.0,302410118522.7,7001.3188,2025-12-18
2025-12-18,7096.9815,7172.9624,7094.5396,7100.8359,15489612300.0,275510779270.5,7137.8339,2025-12-19
2025-12-19,7124.4045,7197.0681,7117.1583,7169.5511,17884314600.0,292738015322.5,7100.8359,2025-12-22
2025-12-22,7205.489,7277.386,7205.489,7255.6607,17824288100.0,327207674824.3,7169.5511,2025-12-23
2025-12-23,7257.9076,7297.7034,7228.7225,7256.7864,17347600200.0,328559029521.9,7255.6607,2025-12-24
2025-12-24,7257.615,7362.5704,7247.4054,7352.0396,16883771300.0,331930929314.7,7256.7864,2025-12-25
2025-12-25,7341.9223,7426.1367,7334.3404,7410.7119,16841420100.0,336366985228.8,7352.0396,2025-12-26
2025-12-26,7422.6014,7484.9158,7397.4255,7458.8386,19927688400.0,386914288411.3,7410.7119,2025-12-29
2025-12-29,7467.5042,7491.6926,7411.4472,7430.6147,19884433800.0,390446087065.9,7458.8386,2025-12-30
2025-12-30,7390.1398,7495.0606,7389.8691,7458.936,19620361500.0,407623516139.8,7430.6147,2025-12-31
2025-12-31,7473.7519,7488.0663,7435.0664,7465.5742,19442774300.0,380369638018.7,7458.936,2026-01-05
2026-01-05,7523.8754,7651.2383,7523.2477,7651.1981,25185386300.0,504690493732.0,7465.5742,2026-01-06
2026-01-06,7663.9415,7814.6506,7663.6621,7814.1356,31312510200.0,571675102991.1,7651.1981,2026-01-07
2026-01-07,7838.9115,7909.6559,7828.3941,7875.0822,29390344000.0,582740692942.6,7814.1356,2026-01-08
2026-01-08,7853.2089,7938.5946,7849.0679,7894.5447,29356173500.0,564453373682.6,7875.0822,2026-01-09
2026-01-09,7907.8485,8064.7584,7907.8485,8056.6858,31462467400.0,631145879411.5,7894.5447,2026-01-12
2026-01-12,8141.6262,8261.3544,8103.2382,8249.1275,33523628600.0,685824116976.6,8056.6858,2026-01-13
2026-01-13,8270.4224,8270.4224,8106.6099,8143.28,36413103300.0,735218804688.9,8249.1275,2026-01-14
2026-01-14,8165.352,8368.2215,8123.4045,8227.697,42276600200.0,815959272095.4,8143.28,2026-01-15
2026-01-15,8170.3486,8249.0307,8148.7884,8223.2683,31359583000.0,600802134839.4,8227.697,2026-01-16
2026-01-16,8241.6934,8292.7409,8204.5254,8232.674,28197904200.0,616185542296.4,8223.2683,2026-01-19
2026-01-19,8199.4986,8318.3703,8195.089,8287.947,26149738200.0,560926083767.2,8232.674,2026-01-20
2026-01-20,8307.6416,8342.8738,8142.1424,8247.8049,28986446000.0,588171478668.1,8287.947,2026-01-21
2026-01-21,8196.5565,8351.4545,8196.5565,8340.1133,24330438100.0,517592184757.5,8247.8049,2026-01-22
2026-01-22,8355.6781,8396.1328,8337.195,8387.595,26880524300.0,546138129653.9,8340.1133,2026-01-23
2026-01-23,8422.3561,8590.1659,8417.752,8590.1659,31969006900.0,639421447042.0,8387.595,2026-01-26
2026-01-26,8624.8883,8671.3461,8453.4762,8506.6932,34928559700.0,692104522399.7,8590.1659,2026-01-27
2026-01-27,8464.6504,8581.1049,8368.1751,8548.9321,30285260600.0,610885915269.2,8506.6932,2026-01-28
2026-01-28,8565.3388,8633.1468,8526.5335,8601.1644,31177425700.0,612731517849.5,8548.9321,2026-01-29
2026-01-29,8584.6806,8658.9445,8503.0945,8517.8429,35419838700.0,666256871148.3,8601.1644,2026-01-30
2026-01-30,8439.6524,8496.3367,8194.5842,8370.5203,32894717000.0,600497374470.5,8517.8429,2026-02-02
2026-02-02,8279.7152,8324.4341,8032.35,8037.0456,29964602200.0,546055656717.8,8370.5203,2026-02-03
2026-02-03,8135.8699,8286.7005,8075.3738,8286.7005,27222713600.0,543264486191.1,8037.0456,2026-02-04
2026-02-04,8270.842,8309.8579,8179.3522,8299.0574,26886027700.0,501886746835.7,8286.7005,2026-02-05
2026-02-05,8203.0627,8224.7847,8081.4283,8146.1073,23184051500.0,435277701063.7,8299.0574,2026-02-06
2026-02-06,8054.218,8247.2968,8014.6599,8146.4128,21864214400.0,418373434780.9,8146.1073,2026-02-09
2026-02-09,8280.1088,8313.4692,8229.0026,8311.2829,21166756600.0,427982319251.6,8146.4128,2026-02-10
2026-02-10,8318.5325,8331.9858,8258.1519,8306.4448,19580622000.0,394283311159.0,8311.2829,2026-02-11
2026-02-11,8295.3326,8373.5033,8295.1223,8325.8107,20401970300.0,388612429404.3,8306.4448,2026-02-12
2026-02-12,8342.365,8437.4202,8341.7705,8423.5695,21213831800.0,438320451204.1,8325.8107,2026-02-13
2026-02-13,8366.3327,8419.7618,8290.8388,8299.585,20278572500.0,406320461061.6,8423.5695,2026-02-24
2026-02-24,8403.3106,8444.1283,8328.5678,8392.9098,22462927800.0,449713840344.2,8299.585,2026-02-25
2026-02-25,8412.08,8551.5345,8401.5965,8527.5593,27789338900.0,506848669829.3,8392.9098,2026-02-26
2026-02-26,8542.8324,8582.7633,8490.9215,8557.216,25411176500.0,513984663150.7,8527.5593,2026-02-27
2026-02-27,8499.7957,8658.4503,8499.7957,8658.4503,28036116700.0,512821943080.7,8557.216,2026-03-02
2026-03-02,8585.8534,8683.9816,8551.4601,8658.3336,33903229600.0,619505358994.6,8658.4503,2026-03-03
2026-03-03,8651.06,8654.5678,8267.1091,8281.6139,34615390600.0,634660475372.6,8658.3336,2026-03-04
2026-03-04,8167.9811,8377.1743,8167.9811,8248.945,27210771400.0,471470145318.9,8281.6139,2026-03-05
2026-03-05,8383.5464,8391.0367,8251.1062,8309.1713,25634345400.0,472940762598.8,8248.945,2026-03-06
2026-03-06,8273.1829,8394.3341,8258.6447,8360.3347,23451496000.0,427695132113.2,8309.1713,2026-03-09
2026-03-09,8234.1927,8305.9247,8066.1408,8279.4811,28651851000.0,523828528067.1,8360.3347,2026-03-10
2026-03-10,8341.1447,8412.9325,8330.9345,8410.303,23994135800.0,465082278986.8,8279.4811,2026-03-11
2026-03-11,8419.3105,8439.6188,8379.0332,8403.3296,26448738900.0,495752480830.4,8410.303,2026-03-12
2026-03-12,8396.7222,8433.0374,8290.5879,8359.4721,28243650400.0,478413662733.3,8403.3296,2026-03-13
2026-03-13,8317.7799,8371.7157,8217.9686,8239.798,28813099000.0,482367288675.4,8359.4721,2026-03-16
2026-03-16,8227.6932,8233.6551,8060.7824,8185.152,25620598200.0,460796897377.5,8239.798,2026-03-17
2026-03-17,8199.9926,8207.4607,8016.002,8016.0262,23013280000.0,406247342906.9,8185.152,2026-03-18
2026-03-18,8044.9186,8105.9551,7958.4504,8096.4276,20649392300.0,391242647481.5,8016.0262,2026-03-19
2026-03-19,7975.8477,8000.4297,7844.1519,7877.09,21974486600.0,394855039942.2,8096.4276,2026-03-20
2026-03-20,7913.4854,7941.5857,7757.8333,7760.0365,21944878800.0,417113691310.9,7877.09,2026-03-23
2026-03-23,7623.2446,7708.4298,7399.0423,7440.7451,27156102400.0,451938508509.5,7760.0365,2026-03-24
2026-03-24,7555.0818,7597.3732,7379.8608,7597.3732,22896641800.0,388538162383.5,7440.7451,2026-03-25
2026-03-25,7660.4009,7806.9106,7660.4009,7767.6654,24071155400.0,423378163951.9,7597.3732,2026-03-26
2026-03-26,7757.0185,7777.29,7620.7773,7642.1302,20621612600.0,355916679311.1,7767.6654,2026-03-27
2026-03-27,7539.1959,7785.3777,7539.1959,7737.6144,18820506600.0,344204684320.8,7642.1302,2026-03-30
2026-03-30,7655.1534,7766.1107,7610.5492,7753.7234,19783856900.0,361442205072.7,7737.6144,2026-03-31
2026-03-31,7740.5787,7788.8928,7617.3262,7617.3262,19908603500.0,376502133010.5,7753.7234,2026-04-01
2026-04-01,7764.3363,7778.9878,7689.5897,7750.0924,17596067000.0,354799494800.9,7617.3262,2026-04-02
2026-04-02,7726.4451,7740.0952,7562.2104,7605.2932,17208487300.0,325589868202.8,7750.0924,2026-04-03
2026-04-03,7636.6633,7640.8412,7518.3455,7534.938,15163735600.0,283332454878.6,7605.2932,2026-04-07
2026-04-07,7562.1371,7630.1357,7529.3992,7571.1106,14696135700.0,279371106677.1,7534.938,2026-04-08
2026-04-08,7741.6345,7945.1527,7741.6345,7945.1527,23193661200.0,460383859320.9,7571.1106,2026-04-09
2026-04-09,7865.2051,7947.6782,7845.9575,7898.6329,19055565000.0,398032241410.3,7945.1527,2026-04-10
2026-04-10,7958.8149,8070.6482,7953.4969,7969.3646,20340435100.0,433921803732.1,7898.6329,2026-04-13
2026-04-13,7917.9194,7990.9809,7917.9194,7967.697,19494869500.0,409703666198.3,7969.3646,2026-04-14
2026-04-14,8039.0737,8088.5687,8002.6484,8088.5687,21429567200.0,460131213095.0,7967.697,2026-04-15
2026-04-15,8144.8093,8150.622,8020.868,8044.0773,20365606600.0,456985404068.8,8088.5687,2026-04-16
2026-04-16,8068.1536,8189.1751,8056.781,8180.0815,18845568300.0,429996215501.7,8044.0773,2026-04-17
2026-04-17,8155.3958,8230.1072,8149.938,8214.1939,19157884000.0,453410855651.4,8180.0815,2026-04-20
2026-04-20,8223.5842,8310.9444,8214.2626,8290.0224,21376402000.0,507388177413.2,8214.1939,2026-04-21
2026-04-21,8263.3791,8281.3207,8189.7576,8270.3266,20183631700.0,441523125471.6,8290.0224,2026-04-22
2026-04-22,8226.8516,8377.3362,8226.8516,8376.1808,21333723600.0,501951553119.2,8270.3266,2026-04-23
2026-04-23,8387.7647,8401.4992,8220.9526,8295.207,24948698900.0,565097207106.9,8376.1808,2026-04-24
2026-04-24,8244.7784,8299.8778,8165.8037,8247.8759,22231189300.0,518618099348.0,8295.207,2026-04-27
2026-04-27,8236.4336,8326.1546,8219.943,8299.0486,22459580200.0,524219030970.4,8247.8759,2026-04-28
2026-04-28,8274.6312,8275.328,8173.4448,8203.9614,22010913000.0,494514573512.5,8299.0486,2026-04-29
2026-04-29,8157.3548,8356.7152,8157.3548,8342.4217,23087201700.0,489715085654.2,8203.9614,2026-04-30
2026-04-30,8331.4394,8375.1934,8300.5019,8349.5081,24755465200.0,535036483480.5,8342.4217,2026-05-06
2026-05-06,8441.3419,8621.3457,8441.3419,8588.4399,27464745200.0,635607537782.5,8349.5081,2026-05-07
2026-05-07,8637.8414,8700.3353,8598.7116,8696.7989,27099417900.0,620440650748.1,8588.4399,2026-05-08
2026-05-08,8638.8383,8706.333,8616.2233,8694.1709,27114353500.0,609002654328.0,8696.7989,2026-05-11
2026-05-11,8771.1761,8863.769,8716.4515,8839.7415,28833019600.0,709124529147.4,8694.1709,2026-05-12
2026-05-12,8856.1797,8856.1797,8736.4171,8785.9791,26987096800.0,633557984263.0,8839.7415,2026-05-13
2026-05-13,8730.913,8925.877,8730.913,8918.239,25409688800.0,637052785957.5,8785.9791,2026-05-14
2026-05-14,8952.9502,8956.6619,8670.1574,8670.1574,28950256600.0,658225134861.2,8918.239,2026-05-15
2026-05-15,8676.621,8717.0924,8473.0421,8536.3444,27096176200.0,643023956618.1,8670.1574,2026-05-18
2026-05-18,8493.0157,8606.4096,8472.4244,8554.2372,23109341700.0,559260917340.2,8536.3444,2026-05-19
2026-05-19,8524.1543,8633.0613,8416.515,8627.9461,24386882000.0,571306974464.0,8554.2372,2026-05-20
2026-05-20,8581.3938,8681.7226,8552.4273,8656.3062,23041869700.0,574479528727.3,8627.9461,2026-05-21
2026-05-21,8703.1742,8790.3751,8406.2885,8419.8373,27948915800.0,687607693449.2,8656.3062,2026-05-22
2026-05-22,8473.6091,8591.1549,8414.9398,8576.9402,22161039100.0,556432683501.9,8419.8373,2026-05-25
2026-05-25,8631.2078,8705.1965,8543.8916,8703.8901,23505289000.0,629332990093.7,8576.9402,2026-05-26
2026-05-26,8665.4355,8673.2096,8529.666,8658.6192,24710784400.0,647239450010.5,8703.8901,2026-05-27
2026-05-27,8659.2188,8722.5814,8491.3163,8530.9802,25911673400.0,676927953502.8,8658.6192,2026-05-28
2026-05-28,8503.6714,8596.4487,8424.449,8563.2218,24224000600.0,596276737161.3,8530.9802,2026-05-29
2026-05-29,8589.818,8597.9839,8296.2406,8359.5596,28119061600.0,661406695203.3,8563.2218,2026-06-01
2026-06-01,8358.4866,8442.5323,8259.6,8274.212,25817502700.0,584223622413.5,8359.5596,2026-06-02
2026-06-02,8290.8329,8378.4341,8142.5071,8321.4347,23958969600.0,548050911652.5,8274.212,2026-06-03
2026-06-03,8317.0025,8462.67,8294.2881,8362.156,25357653100.0,608167868400.1,8321.4347,2026-06-04
2026-06-04,8279.8632,8391.0521,8279.8632,8356.7444,23082197600.0,570131396502.5,8362.156,2026-06-05
2026-06-05,8317.6415,8399.4084,8218.1415,8251.1407,24708934700.0,612246476401.0,8356.7444,2026-06-08
2026-06-08,7978.6598,8142.3354,7889.3991,7963.4529,24479319800.0,562548949697.2,8251.1407,2026-06-09
2026-06-09,8059.339,8181.1277,7965.4851,8176.1785,20929297800.0,506484788545.9,7963.4529,2026-06-10
2026-06-10,8094.1367,8148.255,7973.547,8063.8637,21091009800.0,509158413551.9,8176.1785,2026-06-11
2026-06-11,8025.608,8091.6829,7965.0233,8035.7788,19685777600.0,512698921092.9,8063.8637,2026-06-12
2026-06-12,8189.2103,8258.9084,8098.7805,8106.203,26624408000.0,668679920723.6,8035.7788,2026-06-15
2026-06-15,8175.0523,8406.7793,8174.5906,8406.7479,25556263800.0,624419626262.0,8106.203,2026-06-16
2026-06-16,8430.9157,8538.1941,8413.5082,8507.9799,23149509400.0,637593605919.7,8406.7479,2026-06-17
2026-06-17,8451.6325,8630.5156,8451.6325,8627.0862,22464601500.0,655611276492.6,8507.9799,2026-06-18
2026-06-18,8590.4987,8716.3417,8587.9818,8673.0899,23946757900.0,667474010744.9,8627.0862,2026-06-22
2026-06-22,8709.664,8870.485,8605.223,8868.782,28002311900.0,759846035627.1,8673.0899,2026-06-23
2026-06-23,8831.5916,8895.3398,8629.0106,8688.5923,27240314900.0,713885739558.1,8868.782,2026-06-24
2026-06-24,8638.6561,8850.7909,8613.0845,8842.9378,24531147300.0,684019604157.1,8688.5923,2026-06-25
2026-06-25,8844.849,8940.9587,8803.5962,8938.0113,26010208600.0,744120017737.6,8842.9378,2026-06-26
2026-06-26,8891.0312,8926.7514,8647.7678,8703.5652,25855829600.0,745538234894.3,8938.0113,2026-06-29
2026-06-29,8731.5763,8837.0312,8587.8817,8821.0944,25146106600.0,741568075882.6,8703.5652,2026-06-30
2026-06-30,8815.1067,9040.1322,8771.6552,9031.3788,22433080900.0,695096018633.9,8821.0944,2026-07-01
2026-07-01,9052.0429,9147.5592,8956.1848,9028.9326,26310457800.0,757642507575.4,9031.3788,2026-07-02
2026-07-02,8829.6208,8932.6466,8667.4191,8694.1756,26128140700.0,732955232218.3,9028.9326,2026-07-03
2026-07-03,8702.3265,8860.4157,8636.1503,8745.2607,23014842400.0,661131228372.8,8694.1756,2026-07-06
2026-07-06,8790.9674,8823.0502,8570.8924,8651.1339,23015291000.0,647313365609.8,8745.2607,2026-07-07
2026-07-07,8604.0756,8663.6652,8457.5756,8508.7885,19963919000.0,530938136092.4,8651.1339,2026-07-08
2026-07-08,8539.0155,8571.5247,8343.9232,8390.0194,19722016500.0,550698180810.9,8508.7885,2026-07-09
2026-07-09,8437.1473,8659.6504,8281.9533,8652.787,21508048800.0,602726823296.4,8390.0194,2026-07-10
2026-07-10,8672.3631,8783.249,8503.2448,8503.9705,25141438800.0,713405548512.5,8652.787,2026-07-13
2026-07-13,8409.1434,8457.6923,8106.2688,8138.1443,22403763100.0,572975762103.9,8503.9705,2026-07-14
2026-07-14,8135.0456,8275.9601,7955.3082,8275.9388,21584109000.0,562942515965.9,8138.1443,2026-07-15
2026-07-15,8294.1422,8305.2723,8117.4588,8147.5786,20911552400.0,512588772725.3,8275.9388,2026-07-16
2026-07-16,8006.4489,8148.0419,7907.0974,7955.6635,19311060300.0,474607241054.8,8147.5786,2026-07-17
2026-07-17,7900.097,7908.7387,7474.1508,7513.7627,23674574300.0,511959798326.9,7955.6635,2026-07-20
2026-07-20,7597.7694,7626.489,7253.5179,7411.3134,25376330200.0,537630257769.9,7513.7627,2026-07-21
2026-07-21,7437.4524,7802.7549,7270.9541,7800.6085,26838145300.0,606955225201.1,7411.3134,2026-07-22
2026-07-22,7741.9063,7889.4455,7701.2212,7751.6618,23074728500.0,569079906333.4,7800.6085,2026-07-23
2026-07-23,7750.8521,7795.3499,7658.9994,7734.31,20497442000.0,453036704959.9,7751.6618,2026-07-24
2026-07-24,7625.2021,7703.5986,7532.6682,7532.7006,18662483500.0,402009190340.4,7734.31,2026-07-27
2026-07-27,7512.4036,7721.4028,7466.5446,7720.5975,17419255300.0,405637050375.7,7532.7006,2026-07-28
2026-07-28,7589.7596,7646.0156,7412.6308,7443.4332,16183245800.0,389809155088.6,7720.5975,2026-07-29
2026-07-29,7444.802,7572.8138,7325.3558,7524.5075,20660412100.0,451332728691.5,7443.4332,2026-07-30
2026-07-30,7477.3139,7536.4854,7221.9471,7309.5753,20873575700.0,459995793562.8,7524.5075,2026-07-31
2026-07-31,7537.8478,7638.7805,7487.4314,7493.985,21663596000.0,513956392642.6,7309.5753,2026-08-03
2026-08-03,7457.1176,7499.5786,7397.9416,7414.5227,19831234600.0,409591536926.2,7493.985,2026-08-04
2026-08-04,7467.0793,7645.4754,7450.3175,7607.4867,20353489600.0,443792059028.4,7414.5227,2026-08-05
2026-08-05,7567.9561,7845.3919,7567.9561,7809.2065,22203181700.0,526922799394.2,7607.4867,2026-08-06
2026-08-06,7737.5918,7868.8549,7722.5705,7829.3615,21546810800.0,494375379388.5,7809.2065,2026-08-07
2026-08-07,7828.7906,7983.1726,7763.5287,7980.1245,20657563200.0,525281484431.5,7829.3615,2026-08-10
2026-08-10,8003.9204,8031.1557,7910.8357,8030.9483,20057990700.0,490434040531.3,7980.1245,2026-08-11
2026-08-11,7979.276,8078.361,7947.6668,7967.5386,19508369300.0,452799545701.6,8030.9483,2026-08-12
2026-08-12,7978.0412,8067.5276,7961.8285,8045.3099,18074269700.0,408869420388.4,7967.5386,2026-08-13
2026-08-13,8096.8517,8142.3265,7966.8665,7968.3809,22320329800.0,497028095331.1,8045.3099,2026-08-14
2026-08-14,7989.6469,8005.1484,7897.2428,7990.3277,18332791500.0,408994310842.4,7968.3809,2026-08-17
2026-08-17,8007.8703,8184.6407,7992.3579,8184.6407,17573061900.0,448608373143.8,7990.3277,
