date,target_date,open,high,low,close,volume,amount,prev_close,phase,target_return,target_bp,score,score_threshold,score_excess,predicted,actual_extreme,correct,direction_correct,signed_return_bp,indicator_1,indicator_2,indicator_3,indicator_4,prediction_label
2018-01-02,2018-01-03,6263.1506,6332.6089,6258.1563,6332.2269,7303223500.0,88153985315.5,6250.8207,Development,0.010948052247059081,109.48052247059081,0.5061426417836834,0.6832148298881413,-0.1770721881044579,0,0,0,0,-109.48052247059081,0.5458080971675704,0.4099672059301729,0.4659419913775419,0.6454364561450111,
2018-01-03,2018-01-04,6331.7199,6391.9799,6324.2604,6388.2533,8393674500.0,103454686367.8,6332.2269,Development,0.007667205872451843,76.67205872451844,0.47855836512974703,0.6832148298881413,-0.20465646475839427,0,0,0,0,-76.67205872451844,0.5403401494308432,0.3183628723578966,0.48034874547573014,0.6251524128649288,
2018-01-04,2018-01-05,6380.2665,6418.256,6375.5134,6417.535,8054369000.0,102929659395.6,6388.2533,Development,0.005407187928592183,54.07187928592183,0.4815869262934413,0.6832148298881413,-0.2016279035947,0,0,0,0,-54.07187928592183,0.5746009349840293,0.2749890944134143,0.4917624576857098,0.6314870079516196,
2018-01-05,2018-01-08,6414.7658,6435.854,6397.2929,6417.2537,8158101800.0,97642297444.1,6417.535,Development,-0.00013913212544713893,-1.3913212544713893,0.4956451992069755,0.6832148298881413,-0.18756963068116583,0,0,0,0,1.3913212544713893,0.5900109568071441,0.29178507070720905,0.5125335547754483,0.6286517002745582,
2018-01-08,2018-01-09,6413.8733,6446.7879,6393.8819,6446.1818,8947692900.0,106389590369.8,6417.2537,Development,0.004336038256321784,43.36038256321784,0.474185249933589,0.6832148298881413,-0.2090295799545523,0,0,0,0,-43.36038256321784,0.5776257819153007,0.2194056555843963,0.5271365555786564,0.6274303643215712,
2018-01-09,2018-01-10,6441.6841,6449.0346,6425.0274,6445.7462,7557321700.0,92837783215.8,6446.1818,Development,0.00027582849025442613,2.7582849025442613,0.4989001532912214,0.6832148298881413,-0.1843146765969199,0,0,0,0,-2.7582849025442613,0.6309798775051383,0.24528608430163,0.5269832963393335,0.6234410383772788,
2018-01-10,2018-01-11,6443.4609,6444.3088,6361.0948,6405.9395,8096697400.0,98938304429.0,6445.7462,Development,-0.008001414271017082,-80.01414271017082,0.5031087490458804,0.6832148298881413,-0.18010608084226087,0,0,0,0,80.01414271017082,0.6578420835939548,0.26599629636045224,0.5061352543770927,0.5850857605003051,
2018-01-11,2018-01-12,6391.9041,6432.4398,6371.5436,6425.9401,7877007100.0,91569210697.9,6405.9395,Development,0.004212078213125858,42.12078213125858,0.47552982659884135,0.6832148298881413,-0.20768500328929995,0,0,0,0,-42.12078213125858,0.6539112861587035,0.19210093470477363,0.47567830057460925,0.5922656341320718,
2018-01-12,2018-01-15,6418.8273,6435.1946,6387.7824,6399.3737,7783455800.0,89777057637.5,6425.9401,Development,-0.004278211379826313,-42.78211379826313,0.5309836466559039,0.6832148298881413,-0.1522311832322374,0,0,0,0,42.78211379826313,0.7368014689588287,0.2946011642233794,0.4758154523056339,0.5831463857507275,
2018-01-15,2018-01-16,6391.3662,6392.5174,6236.5629,6253.3759,9147403200.0,110512921326.1,6399.3737,Development,-0.022876673847916917,-228.76673847916916,0.49263763778193936,0.6832148298881413,-0.19057719210620194,0,1,0,0,228.76673847916916,0.6860151839641347,0.23155796685989286,0.46785132796809903,0.5726809522523855,
2018-01-16,2018-01-17,6245.153,6301.4047,6245.1129,6301.1327,7916973400.0,96364861655.1,6253.3759,Development,0.00686354681782797,68.6354681782797,0.5057659950265907,0.6832148298881413,-0.1774488348615506,0,0,0,0,-68.6354681782797,0.6522450744215433,0.29621400948655713,0.4587574251205728,0.62585070962815,
2018-01-17,2018-01-18,6288.0169,6288.1439,6202.3151,6267.4599,8419550300.0,99694461861.5,6301.1327,Development,-0.00555911355772587,-55.5911355772587,0.609965390168162,0.6832148298881413,-0.07324943971997933,0,0,0,0,55.5911355772587,0.7054173305008218,0.6192427766018096,0.4341942885323209,0.6325798554516576,
2018-01-18,2018-01-19,6253.0611,6295.7766,6253.0611,6286.8007,6501529300.0,76896813454.7,6267.4599,Development,0.005043145988130604,50.43145988130604,0.5943558940616154,0.6832148298881413,-0.08885893582652593,0,0,0,0,-50.43145988130604,0.6611921942109212,0.6125066163742018,0.4404203670211117,0.6322263418780061,
2018-01-19,2018-01-22,6284.5962,6316.9977,6261.2353,6272.38,7180674200.0,84263163775.9,6286.8007,Development,-0.0031571161246604085,-31.571161246604085,0.6577042989803805,0.6832148298881413,-0.025510530907760787,0,0,0,0,31.571161246604085,0.7923991977022249,0.6811770553887543,0.4407692179118424,0.6286860519510465,
2018-01-22,2018-01-23,6264.755,6347.8147,6248.3142,6347.6383,7276116900.0,85475484244.8,6272.38,Development,0.012439975705354822,124.39975705354823,0.6331971776363409,0.6832148298881413,-0.05001765225180044,0,0,0,0,-124.39975705354823,0.7366998973732217,0.6692250549996558,0.43326066362844934,0.6251178195705186,
2018-01-23,2018-01-24,6342.6884,6362.58,6330.4561,6354.9978,6675388600.0,80539655636.3,6347.6383,Development,0.0016727134191236726,16.727134191236726,0.6414288484451856,0.6832148298881413,-0.041785981442955755,0,0,0,0,-16.727134191236726,0.7268269950569058,0.6978988692378348,0.43365586011845864,0.6468231094573927,
2018-01-24,2018-01-25,6353.2979,6395.5723,6322.9197,6394.2999,7734772700.0,94754084072.6,6354.9978,Development,0.005273072430619141,52.73072430619141,0.6543393854596663,0.6832148298881413,-0.028875444428475006,0,0,0,0,-52.73072430619141,0.7830774637806301,0.6842209066128124,0.4586021099513473,0.5976170608335507,
2018-01-25,2018-01-26,6386.7993,6424.3507,6380.8375,6382.7165,8108293700.0,95990443458.7,6394.2999,Development,-0.001988398163693672,-19.88398163693672,0.6367748023619384,0.6832148298881413,-0.04644002752620291,0,0,0,0,19.88398163693672,0.7680107600649089,0.6719616778430134,0.42875655075873353,0.5823464561056511,
2018-01-26,2018-01-29,6374.0998,6401.4838,6368.9006,6383.6312,6900454900.0,82476800609.4,6382.7165,Development,0.0017158030691644122,17.15803069164412,0.5713867279942887,0.6832148298881413,-0.11182810189385262,0,0,0,0,-17.15803069164412,0.681714750565681,0.5319660144345376,0.44435351969182474,0.5805965901755319,
2018-01-29,2018-01-30,6385.0365,6398.9699,6295.8952,6309.8836,8403116100.0,96862079561.9,6383.6312,Development,-0.013106941518658433,-131.06941518658434,0.5819526407936928,0.6832148298881413,-0.10126218909444851,0,0,0,0,131.06941518658434,0.7050922693888397,0.5659557119497386,0.4236544076389221,0.5659356260937345,
2018-01-30,2018-01-31,6301.3482,6330.5373,6300.4556,6313.442,7069968800.0,81577586589.1,6309.8836,Development,-0.0037462459224203437,-37.462459224203435,0.5551959800442502,0.6832148298881413,-0.1280188498438911,0,0,0,0,37.462459224203435,0.6824156296569099,0.4816763621711715,0.42907187635965915,0.5869341984615488,
2018-01-31,2018-02-01,6277.7418,6277.7418,6170.1606,6189.3413,8073349500.0,88106213760.6,6313.442,Development,-0.015410413980390114,-154.10413980390115,0.5125500446618992,0.6832148298881413,-0.17066478522624207,0,0,0,0,154.10413980390115,0.7104554599826026,0.30508679277315864,0.4294950860200321,0.5692622960432675,
2018-02-01,2018-02-02,6180.9992,6196.7148,5984.2843,5984.7428,9496852400.0,102122046941.5,6189.3413,Development,-0.03937541360626606,-393.7541360626606,0.5051171424130154,0.6832148298881413,-0.1780976874751259,0,1,0,0,393.7541360626606,0.6332014001024556,0.3838980494048308,0.4058725259062635,0.5815328552840617,
2018-02-02,2018-02-05,5937.6198,6006.4745,5844.4638,6004.8494,8374756100.0,89557325619.6,5984.7428,Development,-0.0016644885211410942,-16.644885211410944,0.5568789226792104,0.6832148298881413,-0.12633590720893095,0,0,0,0,16.644885211410944,0.5378423492787145,0.593918835140922,0.406460158792233,0.7393375946918618,
2018-02-05,2018-02-06,5927.7367,6016.157,5907.4691,5998.2236,7404651900.0,79277070536.3,6004.8494,Development,-0.0069826313304367504,-69.8263133043675,0.6832030683229575,0.6832148298881413,-1.1761565183787681e-05,0,0,0,0,69.8263133043675,0.6390584563607877,0.9223672313812162,0.3823599607424728,0.7721323563137817,
2018-02-06,2018-02-07,5886.3455,5920.7398,5702.8503,5704.2641,9234070900.0,95655940854.5,5998.2236,Development,-0.013655416590820257,-136.55416590820258,0.7793968899801037,0.6832148298881413,0.0961820600919624,1,0,0,1,136.55416590820258,0.946092336763289,0.8648388553228553,0.3831364579102768,0.8205037203120312,预测大跌
2018-02-07,2018-02-08,5805.965,5831.8113,5630.0868,5711.3322,8523599700.0,88965422772.9,5704.2641,Development,-0.018997599882190075,-189.97599882190076,0.7512064093573141,0.6832148298881413,0.06799157946917278,1,1,1,1,189.97599882190076,0.8658680118629483,0.8553392838995657,0.3839063721757452,0.830355524708558,预测大跌
2018-02-08,2018-02-09,5695.6656,5786.7852,5691.2916,5766.4797,6244479700.0,66338245095.3,5711.3322,Development,-0.011184873634435322,-111.84873634435321,0.7683205667012695,0.6832148298881413,0.08510573681312816,1,0,0,1,111.84873634435321,0.8727383194436263,0.8676627089273707,0.3846697895618727,0.9001039117947544,预测大跌
2018-02-09,2018-02-12,5631.9603,5663.1036,5490.6248,5554.8974,8431884200.0,82291670302.2,5766.4797,Development,-0.008922115448860679,-89.22115448860679,0.7506453191729477,0.6832148298881413,0.06743048928480644,1,0,0,1,89.22115448860679,0.8218832418937704,0.8799546164187769,0.3681075655465125,0.8989628744473467,预测大跌
2018-02-12,2018-02-13,5581.7113,5714.8183,5581.7113,5699.0979,5724649400.0,61430758213.2,5554.8974,Development,0.02677238072130317,267.7238072130317,0.7231961133793563,0.6832148298881413,0.03998128349121499,1,0,0,0,-267.7238072130317,0.7752728309684086,0.8599353005451964,0.3457656080473415,0.8922064557939193,预测大跌
2018-02-13,2018-02-14,5731.147,5789.6975,5727.754,5736.9505,5720863400.0,62790499693.1,5699.0979,Development,0.0018734120761514372,18.734120761514372,0.6920481994443606,0.6832148298881413,0.008833369556219273,1,0,0,0,-18.734120761514372,0.7164523432027686,0.8438437226603723,0.3468933335599134,0.8491351689208377,预测大跌
2018-02-14,2018-02-22,5741.8838,5761.7685,5712.879,5754.8344,4139822200.0,42489982297.3,5736.9505,Development,0.010286780794832584,102.86780794832583,0.6608106846781072,0.6832148298881413,-0.022404145210034088,0,0,0,0,-102.86780794832583,0.684339050227062,0.7661210950794239,0.37653130554285064,0.8174038359952512,
2018-02-22,2018-02-23,5800.9493,5875.7592,5797.9076,5875.7272,5963610700.0,61991950412.5,5754.8344,Development,0.013233454738175388,132.33454738175388,0.6435686615683882,0.6832148298881413,-0.039646168319753095,0,0,0,0,-132.33454738175388,0.6647638793217602,0.7285258980334549,0.38283154731029095,0.8083671921334894,
2018-02-23,2018-02-26,5877.7159,5902.9357,5848.5227,5897.6765,6214785000.0,64825103161.3,5875.7272,Development,0.008286365116762395,82.86365116762396,0.5953741470663422,0.6832148298881413,-0.08784068282179913,0,0,0,0,-82.86365116762396,0.5902414916672213,0.63441026915287,0.40291275819517636,0.8026022358359033,
2018-02-26,2018-02-27,5926.4208,6032.1358,5917.6165,6029.6795,8307398700.0,92064854906.1,5897.6765,Development,0.016782878461819806,167.82878461819806,0.5135030219773774,0.6832148298881413,-0.1697118079107639,0,0,0,0,-167.82878461819806,0.5561714740467409,0.3833510987523869,0.4440124291950553,0.7461479920494061,
2018-02-27,2018-02-28,6025.8832,6042.3888,6000.881,6010.5573,7702215800.0,90285128511.5,6029.6795,Development,-0.009622738787900764,-96.22738787900764,0.4968828062033386,0.6832148298881413,-0.18633202368480273,0,0,0,0,96.22738787900764,0.49205980127593985,0.37975748974308016,0.4693838661673439,0.7499120380290059,
2018-02-28,2018-03-01,5967.8977,6044.0694,5939.6425,6023.677,7098691700.0,82266508208.2,6010.5573,Development,0.0032610143434594896,32.610143434594896,0.4719155234776895,0.6832148298881413,-0.2112993064104518,0,0,0,0,-32.610143434594896,0.4375880073538298,0.3439063505800278,0.49901968744385683,0.7316093223583188,
2018-03-01,2018-03-02,5987.3591,6090.9953,5974.1183,6090.2247,7310177300.0,86470400021.7,6023.677,Development,0.01104283188893751,110.4283188893751,0.5150997663707936,0.6832148298881413,-0.16811506351734773,0,0,0,0,-110.4283188893751,0.5822821077430379,0.3293416888727142,0.4990251912926606,0.719516467308846,
2018-03-02,2018-03-05,6053.4765,6094.7976,6044.2591,6056.3354,7343482900.0,86135000102.6,6090.2247,Development,0.0021816389309514683,21.816389309514683,0.5349115655220366,0.6832148298881413,-0.14830326436610475,0,0,0,0,-21.816389309514683,0.6895681882202941,0.2405103255785625,0.5055284525362017,0.7618701925448416,
2018-03-05,2018-03-06,6066.683,6080.9695,6031.9803,6064.0983,6732469300.0,82113731231.5,6056.3354,Development,0.0017613578952451192,17.613578952451192,0.5977808358835367,0.6832148298881413,-0.08543399400460461,0,0,0,0,-17.613578952451192,0.8756891896372896,0.21484224366962298,0.5410169770472906,0.755418426430999,
2018-03-06,2018-03-07,6077.3686,6145.8509,6070.7211,6145.5768,8349576700.0,99900152654.5,6064.0983,Development,0.009309637727091369,93.09637727091369,0.4504781954809627,0.6832148298881413,-0.23273663440717862,0,0,0,0,-93.09637727091369,0.4481416211864802,0.20663024885159162,0.5477966422967482,0.7483644580864324,
2018-03-07,2018-03-08,6133.9467,6149.097,6082.5838,6086.4874,7459412900.0,84935051856.6,6145.5768,Development,-0.00982654446606146,-98.2654446606146,0.46328123282466505,0.6832148298881413,-0.21993359706347626,0,0,0,0,98.2654446606146,0.48789893612403634,0.23322411767174037,0.5132299250894072,0.7448891129670986,
2018-03-08,2018-03-09,6073.6712,6131.7046,6073.6712,6131.5142,6788991100.0,76733020342.1,6086.4874,Development,0.009459451805688746,94.59451805688745,0.42030600189786205,0.6832148298881413,-0.26290882799027926,0,0,0,0,-94.59451805688745,0.3566871154030049,0.25564762187915746,0.5258200900883376,0.6985664294702626,
2018-03-09,2018-03-12,6131.1248,6211.2784,6131.0147,6206.9754,8592834100.0,98413231491.5,6131.5142,Development,0.01625931672439629,162.59316724396288,0.4524445830200206,0.6832148298881413,-0.2307702468681207,0,0,0,0,-162.59316724396288,0.39816369943828983,0.32203786987800415,0.525673759637659,0.6953130907804743,
2018-03-12,2018-03-13,6230.8127,6295.7805,6230.3909,6295.7776,9766227600.0,117237502376.7,6206.9754,Development,0.008825381639220087,88.25381639220086,0.4794030689350946,0.6832148298881413,-0.2038117609530467,0,0,0,0,-88.25381639220086,0.458467559685045,0.33364681981741645,0.5351866920873067,0.7022619802130949,
2018-03-13,2018-03-14,6285.802,6297.4323,6251.3986,6254.1457,8480475800.0,97523497129.6,6295.7776,Development,-0.008202644626731814,-82.02644626731814,0.4794025507358494,0.6832148298881413,-0.2038122791522919,0,0,0,0,82.02644626731814,0.429854218382818,0.34416503248387975,0.5762570351103816,0.6881834979120063,
2018-03-14,2018-03-15,6234.2418,6253.172,6185.1784,6189.317,7546663300.0,87185225281.0,6254.1457,Development,-0.009847035448641073,-98.47035448641073,0.4708815054380583,0.6832148298881413,-0.21233332445008302,0,0,0,0,98.47035448641073,0.3804504045585566,0.35375127195616596,0.6043104452464155,0.6845607111638194,
2018-03-15,2018-03-16,6172.853,6203.2422,6117.5974,6180.1108,7217392100.0,82975054447.7,6189.317,Development,0.0013815329799689025,13.815329799689025,0.4496425664742524,0.6832148298881413,-0.23357226341388893,0,0,0,0,-13.815329799689025,0.32212723784494945,0.35363697735619426,0.6036424411761205,0.6768725930530538,
2018-03-16,2018-03-19,6181.381,6205.8679,6146.3058,6146.3058,6507353400.0,75643387215.7,6180.1108,Development,-0.006286782840274618,-62.867828402746184,0.500282686448984,0.6832148298881413,-0.1829321434391573,0,0,0,0,62.867828402746184,0.43290373780529784,0.4301326188657142,0.5713804624589703,0.6684661285738078,
2018-03-19,2018-03-20,6142.52,6186.6139,6118.2953,6153.8339,6723321400.0,78681889715.7,6146.3058,Development,-0.00535854991111151,-53.5854991111151,0.5080749508193372,0.6832148298881413,-0.17513987906880413,0,0,0,0,53.5854991111151,0.44699599460439,0.4337280229834807,0.575535684799056,0.6752163472667354,
2018-03-20,2018-03-21,6109.605,6176.4962,6091.5038,6173.6984,6747566200.0,78423733545.7,6153.8339,Development,0.011867215638327044,118.67215638327045,0.5502868796540663,0.6832148298881413,-0.132927950234075,0,0,0,0,-118.67215638327045,0.5308911937586985,0.48760371212037107,0.575079801423117,0.6671079879332452,
2018-03-21,2018-03-22,6182.109,6224.5559,6125.1353,6129.2042,7948716100.0,92526116107.9,6173.6984,Development,-0.008421203831896262,-84.21203831896263,0.6303712107576336,0.6832148298881413,-0.052843619130507724,0,0,0,0,84.21203831896263,0.7188450246568713,0.5338234189886949,0.5746269771926955,0.687971312969186,
2018-03-22,2018-03-23,6130.0482,6161.3749,6074.6568,6101.2276,6740744100.0,78135866726.3,6129.2042,Development,-0.035347177204903546,-353.47177204903545,0.6036343087685793,0.6832148298881413,-0.07958052111956204,0,1,0,0,353.47177204903545,0.6354903249622519,0.5321494240935809,0.5742812436311908,0.7013992871021808,
2018-03-23,2018-03-26,5913.3683,5978.4232,5722.773,5787.1523,12136706100.0,121045067670.7,6101.2276,Development,-0.03348616050179054,-334.8616050179054,0.5472011844235631,0.6832148298881413,-0.13601364546457817,0,1,0,0,334.8616050179054,0.4964967156054082,0.5173867428203655,0.5548182867265394,0.6966499378011454,
2018-03-26,2018-03-27,5715.3523,5902.9588,5675.3664,5902.9588,8477291300.0,91809710463.2,5787.1523,Development,0.04214676320128152,421.4676320128152,0.4884782234538721,0.6832148298881413,-0.1947366064342692,0,0,0,0,-421.4676320128152,0.10490525007465665,0.7915569984585795,0.5451472951793848,0.6952629620038865,
2018-03-27,2018-03-28,5956.2359,6043.0533,5956.2359,6034.775,8919927100.0,106538869536.0,5902.9588,Development,0.0010624663136662438,10.624663136662438,0.5605161766306488,0.6832148298881413,-0.12269865325749252,0,0,0,0,-10.624663136662438,0.18331411682231777,0.8805886400273839,0.525106958345218,0.8506314179215326,
2018-03-28,2018-03-29,5962.5642,6036.1584,5949.1042,5973.3414,7529909400.0,90975268229.1,6034.775,Development,0.005267532381454387,52.67532381454387,0.5733266749504987,0.6832148298881413,-0.10988815493764259,0,0,0,0,-52.67532381454387,0.18780027622349188,0.8374353399712667,0.6447153767808211,0.8322206434423504,
2018-03-29,2018-03-30,5993.9722,6040.8623,5967.6342,6034.8572,6881373500.0,82742504255.8,5973.3414,Development,0.009710338663232232,97.10338663232233,0.7114888877137517,0.6832148298881413,0.028274057825610432,1,0,0,0,-97.10338663232233,0.6519423607128628,0.7733218509605257,0.6374246735473292,0.8316558663876167,预测大跌
2018-03-30,2018-04-02,6052.1757,6115.2732,6051.0212,6114.7382,7304648900.0,94445331821.3,6034.8572,Development,0.01240177148194821,124.0177148194821,0.6387277243851184,0.6832148298881413,-0.04448710550302293,0,0,0,0,-124.0177148194821,0.49097572648560944,0.7031805583749023,0.6534598008752652,0.8196516552655007,
2018-04-02,2018-04-03,6127.2334,6169.2991,6113.3388,6121.9642,8543383300.0,109910556973.9,6114.7382,Development,-0.01438918582732629,-143.8918582732629,0.6149414581229196,0.6832148298881413,-0.06827337176522175,0,0,0,0,143.8918582732629,0.41674654630392555,0.6889604987595566,0.6827215049533332,0.8133747602323479,
2018-04-03,2018-04-04,6039.0675,6066.4443,6008.5085,6059.7089,7174988300.0,87808371289.4,6121.9642,Development,0.00638825447802982,63.882544780298204,0.6399752541952719,0.6832148298881413,-0.0432395756928694,0,0,0,0,-63.882544780298204,0.5169969801008975,0.6382677664139264,0.7091688865822978,0.8091509457310119,
2018-04-04,2018-04-09,6077.6466,6098.8378,6011.1516,6017.6863,6726019800.0,83134527957.9,6059.7089,Development,-0.013705880825647276,-137.05880825647276,0.7807864152529826,0.6832148298881413,0.09757158536484134,1,0,0,1,137.05880825647276,0.8904545454273932,0.6863771385361473,0.7073416947906002,0.8139443635225978,预测大跌
2018-04-09,2018-04-10,5994.3471,6053.9687,5954.5372,6025.6493,6485182000.0,79255887033.3,6017.6863,Development,0.006362944848488983,63.62944848488983,0.7751616220448498,0.6832148298881413,0.09194679215670853,1,0,0,0,-63.62944848488983,0.8956128451552243,0.6739327547885822,0.6823101381915695,0.824024080932033,预测大跌
2018-04-10,2018-04-11,6032.4888,6064.3858,5992.997,6063.7423,6942099000.0,81611900906.0,6025.6493,Development,0.008212663403535991,82.12663403535991,0.7672715889055005,0.6832148298881413,0.0840567590173592,1,0,0,0,-82.12663403535991,0.8692704706085086,0.6954441802191001,0.6633465790363409,0.8191188190579034,预测大跌
2018-04-11,2018-04-12,6082.0316,6110.1768,6073.22,6086.6126,6624885900.0,81079826331.4,6063.7423,Development,-0.0013590360168467264,-13.590360168467264,0.6809269157049006,0.6832148298881413,-0.0022879141832407024,0,0,0,0,13.590360168467264,0.8331908025501815,0.4198041727827679,0.6820722160261644,0.812756168330673,
2018-04-12,2018-04-13,6073.7659,6091.9834,6039.564,6051.3346,6052424000.0,72705100809.7,6086.6126,Development,1.1426189474805781e-05,0.11426189474805781,0.6177027012974002,0.6832148298881413,-0.06551212859074107,0,0,0,0,-0.11426189474805781,0.802111373034688,0.21559208193765264,0.7054701782275117,0.8088475769563189,
2018-04-13,2018-04-16,6073.8353,6093.3469,6018.0068,6027.1867,5415763600.0,66885602109.6,6051.3346,Development,-0.00916496698552216,-91.6496698552216,0.5817763190368234,0.6832148298881413,-0.10143851085131794,0,0,0,0,91.6496698552216,0.6794421453699141,0.2472709218948175,0.6945114083036932,0.80461013533557,
2018-04-16,2018-04-17,6018.1688,6053.9874,5966.1961,6012.4053,7098586100.0,87151671406.4,6027.1867,Development,0.0010610370383761225,10.610370383761225,0.5963847989546983,0.6832148298881413,-0.08683003093344299,0,0,0,0,-10.610370383761225,0.7048880503999134,0.26767406967481383,0.692926869366206,0.8083138190575907,
2018-04-17,2018-04-18,6024.5543,6038.2486,5886.023,5890.8571,7192025800.0,88004229070.6,6012.4053,Development,-0.016385328288932466,-163.85328288932465,0.5995437575483091,0.6832148298881413,-0.08367107233983218,0,0,0,0,163.85328288932465,0.6925888257255757,0.3414441621238428,0.6370473923420735,0.8019297818230072,
2018-04-18,2018-04-19,5925.84,5981.3374,5826.6505,5970.6577,7620171200.0,98199217831.7,5890.8571,Development,0.00664832327568754,66.4832327568754,0.6232644848811507,0.6832148298881413,-0.05995034500699059,0,0,0,0,-66.4832327568754,0.7389193975208277,0.35126870381388176,0.6339667993719114,0.8387747299647622,
2018-04-19,2018-04-20,5965.2369,6041.9856,5962.7142,6004.7334,7599855600.0,99648952358.9,5970.6577,Development,0.00315605236063643,31.5605236063643,0.6241648752644493,0.6832148298881413,-0.059049954623692,0,0,0,0,-31.5605236063643,0.645752279140468,0.4901929185516373,0.6330394700480299,0.8005399984479069,
2018-04-20,2018-04-23,5984.0635,5999.0105,5872.5044,5880.8359,7239138900.0,90559645161.4,6004.7334,Development,-0.01645221512104611,-164.5221512104611,0.607567624378357,0.6832148298881413,-0.07564720550978432,0,0,0,0,164.5221512104611,0.7034028998783974,0.3699615927098033,0.6268924102362081,0.7931566388061945,
2018-04-23,2018-04-24,5885.6124,5913.5679,5761.9719,5823.9205,6395239900.0,81374959446.4,5880.8359,Development,-0.010221536165038625,-102.21536165038626,0.4882477248786722,0.6832148298881413,-0.19496710500946912,0,0,0,0,102.21536165038626,0.33437500644253015,0.3774734781055789,0.636761546286057,0.804875678973233,
2018-04-24,2018-04-25,5825.4524,5957.8295,5825.4524,5957.1927,6795411800.0,85162005262.5,5823.9205,Development,0.017844554012663494,178.44554012663494,0.5164296517348516,0.6832148298881413,-0.16678517815328975,0,0,0,0,-178.44554012663494,0.3900756698442988,0.40851265402126874,0.6358072170516275,0.8096424569404791,
2018-04-25,2018-04-26,5929.405,5968.8794,5919.5228,5959.422,6038279000.0,78868220459.7,5957.1927,Development,0.003674382168193935,36.74382168193935,0.5608079046610095,0.6832148298881413,-0.12240692522713181,0,0,0,0,-36.74382168193935,0.44322501240787643,0.5123434125939814,0.6121490971368939,0.8248902721618747,
2018-04-26,2018-04-27,5951.1919,5955.2617,5846.0802,5847.9766,6263839400.0,77107589606.2,5959.422,Development,-0.014408878329062125,-144.08878329062125,0.6095640244685727,0.6832148298881413,-0.07365080541956859,0,0,0,0,144.08878329062125,0.5536177767971779,0.5117387585168673,0.6719031093219958,0.8139277745123142,
2018-04-27,2018-05-02,5865.4419,5886.0043,5808.7832,5860.9836,5599782200.0,72295757676.1,5847.9766,Development,-0.0006138667915199791,-6.138667915199791,0.47979155846926896,0.6832148298881413,-0.20342327141887234,0,0,0,0,6.138667915199791,0.20198523257592868,0.49642588954737576,0.6355853662533564,0.8268034359028096,
2018-05-02,2018-05-03,5861.8413,5894.4595,5817.3868,5855.3233,6314702700.0,78765922510.6,5860.9836,Development,-0.003198824232924946,-31.98824232924946,0.5127354921791091,0.6832148298881413,-0.17047933770903223,0,0,0,0,31.98824232924946,0.19758614681456776,0.6527645583730441,0.5969644344756214,0.8215621895816685,
2018-05-03,2018-05-04,5843.0903,5911.0865,5779.7298,5910.6058,6760449000.0,83816639268.5,5855.3233,Development,0.008219931155265536,82.19931155265536,0.48492444942763646,0.6832148298881413,-0.19829038046050484,0,0,0,0,-82.19931155265536,0.20399042600085068,0.5493053712810634,0.5963518269300047,0.8160299919003029,
2018-05-04,2018-05-07,5891.1201,5939.952,5883.7048,5909.2944,5546404700.0,73639276000.2,5910.6058,Development,0.005125120433378871,51.25120433378871,0.5010141316075906,0.6832148298881413,-0.18220069828055074,0,0,0,0,-51.25120433378871,0.24038283545033268,0.5851719030441671,0.5670040154472842,0.8168434456481756,
2018-05-07,2018-05-08,5921.3128,6023.1928,5918.3792,6019.1409,6403335800.0,83485023684.2,5909.2944,Development,0.01727152465243864,172.7152465243864,0.4625884432424598,0.6832148298881413,-0.22062638664568152,0,0,0,0,-172.7152465243864,0.2891889578659147,0.37490024730950444,0.5965816862508326,0.8002759834137774,
2018-05-08,2018-05-09,6023.5829,6042.0682,6012.1266,6041.8143,6219466600.0,80480596675.3,6019.1409,Development,0.0018051382674586502,18.051382674586502,0.47365598674274156,0.6832148298881413,-0.20955884314539974,0,0,0,0,-18.051382674586502,0.3031932092581271,0.3820554239941248,0.6145655954827318,0.8024396616901402,
2018-05-09,2018-05-10,6034.4563,6042.906,6002.3882,6029.2329,5412415300.0,67413871006.6,6041.8143,Development,0.0002568748405717969,2.568748405717969,0.46788440317410596,0.6832148298881413,-0.21533042671403535,0,0,0,0,-2.568748405717969,0.24828894039767538,0.3886965120275814,0.6739293726477233,0.789791738054215,
2018-05-10,2018-05-11,6036.0064,6052.7094,5999.951,6040.5716,5831066500.0,72313749966.0,6029.2329,Development,0.0014871422270195112,14.871422270195112,0.4068893542556662,0.6832148298881413,-0.2763254756324751,0,0,0,0,-14.871422270195112,0.2587018220850647,0.21887306198720485,0.655084143316222,0.7095485366297375,
2018-05-11,2018-05-14,6044.9828,6052.5421,5989.4278,5991.3424,6384725300.0,76807400760.5,6040.5716,Development,-0.010341121235282857,-103.41121235282857,0.3891594994489186,0.6832148298881413,-0.2940553304392227,0,0,0,0,103.41121235282857,0.2539891000433524,0.1734242978366159,0.6548296140472333,0.6886367934345938,
2018-05-14,2018-05-15,5982.4709,6008.8875,5951.6746,5967.5541,5979819200.0,75641885813.0,5991.3424,Development,-0.0017232177426889095,-17.232177426889095,0.4034684357963677,0.6832148298881413,-0.2797463940917736,0,0,0,0,17.232177426889095,0.2963692472464875,0.20585993204434377,0.6336648656477134,0.6603490019853047,
2018-05-15,2018-05-16,5972.1618,6021.016,5947.457,6020.5697,5472154600.0,69542971179.0,5967.5541,Development,0.005122382987011509,51.22382987011509,0.42797143268684196,0.6832148298881413,-0.25524339720129935,0,0,0,0,-51.22382987011509,0.28791857707432483,0.3201126995496433,0.627761526091252,0.6396251554224746,
2018-05-16,2018-05-17,6002.7535,6045.0343,5991.3751,6004.0696,5833864000.0,74115190083.8,6020.5697,Development,-0.0003352461499542825,-3.352461499542825,0.38855592496614494,0.6832148298881413,-0.29465890492199637,0,0,0,0,3.352461499542825,0.3190537872948593,0.2226285672165051,0.6268902832362233,0.49891110095813873,
2018-05-17,2018-05-18,6000.7411,6010.2957,5959.7307,5973.7785,5299727300.0,65967379650.2,6004.0696,Development,-0.00536288759400072,-53.628875940007205,0.39352882635982883,0.6832148298881413,-0.2896860035283125,0,0,0,0,53.628875940007205,0.3259529185349188,0.2421178172375708,0.6248311695302333,0.4840561745924075,
2018-05-18,2018-05-21,5968.5598,6000.9482,5932.1295,5995.1497,5786827400.0,70899023730.8,5973.7785,Development,0.011035543281312066,110.35543281312066,0.3938062452522835,0.6832148298881413,-0.2894085846358578,0,0,0,0,-110.35543281312066,0.3270531142555548,0.24156486981344155,0.62398628257076,0.4855815043253999,
2018-05-21,2018-05-22,6034.4261,6080.8222,6034.0581,6072.1991,7072245100.0,86933285889.6,5995.1497,Development,0.005273807230815386,52.73807230815386,0.3796971250138457,0.6832148298881413,-0.3035177048742956,0,0,0,0,-52.73807230815386,0.2545758411198312,0.30825900752384905,0.6004925945685247,0.467002788258437,
2018-05-22,2018-05-23,6066.2505,6092.9069,6052.0902,6092.9069,6226685200.0,74429137264.9,6072.1991,Development,0.0023862186370313676,23.862186370313676,0.3776866049722423,0.6832148298881413,-0.305528224915899,0,0,0,0,-23.862186370313676,0.23812309798640982,0.32126664568615515,0.6039587441618399,0.46186979468209216,
2018-05-23,2018-05-24,6080.7259,6081.533,6012.4165,6013.8472,6784586800.0,82629862738.1,6092.9069,Development,-0.010969890946737282,-109.69890946737281,0.38761807303253365,0.6832148298881413,-0.29559675685560766,0,0,0,0,109.69890946737281,0.27191367697674607,0.33296532837213644,0.581583241823255,0.46243011071953544,
2018-05-24,2018-05-25,6014.021,6028.5017,5986.7233,5992.6209,5371180800.0,67066127742.8,6013.8472,Development,-0.005001778344305707,-50.01778344305707,0.3825915680384545,0.6832148298881413,-0.3006232618496868,0,0,0,0,50.01778344305707,0.2542267583480036,0.3435606759449142,0.5604641970280597,0.479095984933651,
2018-05-25,2018-05-28,5983.9402,5992.4798,5909.0449,5917.7978,5779380900.0,69492013354.5,5992.6209,Development,-0.012275941527624123,-122.75941527624124,0.42030466733674865,0.6832148298881413,-0.26291016255139266,0,0,0,0,122.75941527624124,0.2573211711540258,0.48877253101509355,0.5386492412966718,0.48410204609303653,
2018-05-28,2018-05-29,5910.4817,5938.0723,5858.2716,5891.2627,5781012200.0,68653122203.0,5917.7978,Development,-0.004380675097936715,-43.80675097936715,0.43072766584257344,0.6832148298881413,-0.25248716404556787,0,0,0,0,43.80675097936715,0.22879620965709507,0.5573122030663953,0.5384263899275303,0.49022332447821076,
2018-05-29,2018-05-30,5884.5898,5921.7203,5832.5523,5835.4456,5617992900.0,67901925167.8,5891.2627,Development,-0.021265849320542318,-212.65849320542318,0.44400467612768124,0.6832148298881413,-0.23921015376046006,0,1,0,0,212.65849320542318,0.25945230044826234,0.5813290284304963,0.5206961219063438,0.49041011997085865,
2018-05-30,2018-05-31,5759.449,5778.0424,5675.9116,5682.5881,6852788500.0,76127637098.0,5835.4456,Development,-0.006337672232187397,-63.37672232187397,0.4592191161430511,0.6832148298881413,-0.2239957137450902,0,0,0,0,63.37672232187397,0.2838365479725557,0.6145742571163241,0.5194561523179805,0.4772096520615982,
2018-05-31,2018-06-01,5722.9475,5760.2038,5672.183,5754.4746,5600885400.0,65192215183.8,5682.5881,Development,0.0012179388330926244,12.179388330926244,0.4970187889023912,0.6832148298881413,-0.1861960409857501,0,0,0,0,-12.179388330926244,0.24701798321459925,0.8254030503615278,0.519345453168887,0.422898880069028,
2018-06-01,2018-06-04,5729.9177,5759.4979,5654.8402,5685.1155,5383357100.0,61533903644.1,5754.4746,Development,-0.0064482252511235405,-64.4822525112354,0.4885894637118996,0.6832148298881413,-0.1946253661762417,0,0,0,0,64.4822525112354,0.22986963147813377,0.830415033224875,0.5018935581749038,0.42188123067431443,
2018-06-04,2018-06-05,5692.9699,5707.4932,5652.1361,5683.1486,4675028200.0,54050300212.8,5685.1155,Development,-0.0020646868341953617,-20.646868341953617,0.4651753261882515,0.6832148298881413,-0.21803950369988978,0,0,0,0,20.646868341953617,0.21533551379570467,0.7592184552467994,0.5069270606980479,0.4241008167189841,
2018-06-05,2018-06-06,5681.2157,5779.862,5680.4942,5779.0778,4741047000.0,56450385317.5,5683.1486,Development,0.015753441644541066,157.53441644541067,0.4825171406717344,0.6832148298881413,-0.2006976892164069,0,0,0,0,-157.53441644541067,0.2455961750217085,0.7867422170144751,0.5068877847048177,0.4200706735327537,
2018-06-06,2018-06-07,5770.7144,5784.6061,5748.701,5774.2575,4818250800.0,56304602755.6,5779.0778,Development,0.0027285529847049794,27.285529847049794,0.4865798572137289,0.6832148298881413,-0.19663497267441243,0,0,0,0,-27.285529847049794,0.27274385835979975,0.775873719350806,0.47812526205387307,0.4463421643832446,
2018-06-07,2018-06-08,5786.4601,5798.3297,5734.6345,5738.0176,4737619100.0,54089371805.6,5774.2575,Development,-0.009439484426756906,-94.39484426756906,0.49769896450662954,0.6832148298881413,-0.18551586538151177,0,0,0,0,94.39484426756906,0.2878823481637547,0.7520558150723455,0.5444284355384565,0.4341817630764731,
2018-06-08,2018-06-11,5731.8389,5731.8389,5630.6578,5669.3031,5292555500.0,58767162889.8,5738.0176,Development,-0.012943507536473109,-129.4350753647311,0.4801258170535848,0.6832148298881413,-0.2030890128345565,0,0,0,0,129.4350753647311,0.3434906906165585,0.6280802246250853,0.5344398857957774,0.43687340296162525,
2018-06-11,2018-06-12,5657.6488,5672.6279,5612.8656,5632.3566,4310969100.0,48746492298.7,5669.3031,Development,-0.003411470149932261,-34.11470149932261,0.4897818543462218,0.6832148298881413,-0.19343297554191952,0,0,0,0,34.11470149932261,0.33327391849401095,0.6684851519639192,0.5342416064214868,0.44849828809770975,
2018-06-12,2018-06-13,5638.3479,5693.6129,5594.9231,5693.3461,4664535800.0,54189505136.9,5632.3566,Development,0.0071760914220990735,71.76091422099074,0.49062183119502206,0.6832148298881413,-0.19259299869311924,0,0,0,0,-71.76091422099074,0.37349632849425835,0.6648822777560439,0.48090269059253427,0.44792156128077754,
2018-06-13,2018-06-14,5678.8092,5679.6739,5605.5454,5607.0173,4923421400.0,53944405089.9,5693.3461,Development,-0.015538644968033033,-155.38644968033032,0.4729153894826409,0.6832148298881413,-0.21029944040550042,0,0,0,0,155.38644968033032,0.34126074627947095,0.6435586645498311,0.47383419844329705,0.4527924126008918,
2018-06-14,2018-06-15,5590.5682,5645.194,5570.8344,5586.9314,4441970900.0,49865462907.5,5607.0173,Development,-0.0013824355098644991,-13.824355098644991,0.3990084020976423,0.6832148298881413,-0.284206427790499,0,0,0,0,13.824355098644991,0.34518139732123804,0.3594772964614859,0.4821944486880242,0.4681894080490001,
2018-06-15,2018-06-19,5582.8396,5593.6872,5448.0748,5483.9446,5644857400.0,59537596123.6,5586.9314,Development,-0.033344124735376734,-333.4412473537673,0.43591750494269077,0.6832148298881413,-0.24729732494545054,0,1,0,0,333.4412473537673,0.3478362537886835,0.49120468548301727,0.4822959504467889,0.4625672351312499,
2018-06-19,2018-06-20,5396.6847,5409.4108,5070.2182,5141.7095,8298635300.0,76922845435.4,5483.9446,Development,-0.05236981882599134,-523.6981882599134,0.4555743817869862,0.6832148298881413,-0.22764044810115508,0,1,0,0,523.6981882599134,0.37361565247887,0.5119297011297631,0.4749131616690523,0.5045240503790326,
2018-06-20,2018-06-21,5114.0613,5222.8827,5090.2209,5198.3935,6032941700.0,57106400036.8,5141.7095,Development,0.01604755891369547,160.4755891369547,0.5456710993909273,0.6832148298881413,-0.13754373049721402,0,0,0,0,-160.4755891369547,0.34399896802685076,0.8189519905448692,0.47505680884374657,0.5930774685225647,
2018-06-21,2018-06-22,5196.1295,5244.6532,5086.931,5089.2522,6324047800.0,60429343500.6,5198.3935,Development,-0.027653948963358266,-276.53948963358266,0.6055395429045947,0.6832148298881413,-0.07767528698354664,0,1,0,0,276.53948963358266,0.40793479379206293,0.9304064039858778,0.4751996583190226,0.6361499691816401,
2018-06-22,2018-06-25,5052.436,5165.0353,5017.509,5160.1228,5168920600.0,49898726273.8,5089.2522,Development,0.028543122565035883,285.43122565035884,0.6414749177058964,0.6832148298881413,-0.04173991218224493,0,0,0,0,-285.43122565035884,0.4921206669160304,0.8767997306857911,0.5464450073146061,0.6777004047075701,
2018-06-25,2018-06-26,5196.6483,5211.7609,5121.2091,5125.0333,4786081100.0,46663143996.8,5160.1228,Development,-0.026414121579095506,-264.1412157909551,0.699264983793678,0.6832148298881413,0.016050153905536657,1,1,1,1,264.1412157909551,0.6211164807051874,0.8885563805972196,0.5461737567300418,0.7445710456630225,预测大跌
2018-06-26,2018-06-27,5059.3834,5170.1673,5044.2434,5160.2829,5106658700.0,49773352500.2,5125.0333,Development,0.01981239453013206,198.1239453013206,0.7218222332065805,0.6832148298881413,0.03860740331843915,1,0,0,0,-198.1239453013206,0.7479274628124548,0.8228357575114538,0.6670058674654331,0.5649474556546464,预测大跌
2018-06-27,2018-06-28,5159.6219,5188.2017,5089.711,5109.4975,4985784100.0,48613424210.3,5160.2829,Development,-0.012038343352252179,-120.38343352252178,0.7676770654607898,0.6832148298881413,0.08446223557264854,1,0,0,1,120.38343352252178,0.823180134083017,0.8249563962725913,0.6657242741613927,0.6896793037545753,预测大跌
2018-06-28,2018-06-29,5097.5086,5150.655,5050.324,5055.1093,4776751800.0,46664972984.3,5109.4975,Development,-0.007144686327748451,-71.44686327748451,0.7606842482947083,0.6832148298881413,0.07746941840656696,1,0,0,1,71.44686327748451,0.7964259897818854,0.7837669440534047,0.738153525812885,0.6753180734692444,预测大跌
2018-06-29,2018-07-02,5061.0885,5218.9061,5054.0532,5217.7643,5723493700.0,57894812192.6,5055.1093,Development,0.030776916862844672,307.7691686284467,0.7504163942624328,0.6832148298881413,0.06720156437429148,1,0,0,0,-307.7691686284467,0.7612993297989383,0.7919561809762931,0.7358491743468251,0.6746254568820635,预测大跌
2018-07-02,2018-07-03,5216.8532,5238.6382,5100.8747,5138.7826,5524892900.0,58629477980.9,5217.7643,Development,-0.015010102258579794,-150.10102258579795,0.7275298509338719,0.6832148298881413,0.044315021045730596,1,0,0,1,150.10102258579795,0.6998309731433507,0.7407129913242179,0.7335847322423343,0.7549940087564875,预测大跌
2018-07-03,2018-07-04,5138.5477,5203.3646,5054.6573,5197.1313,6142423300.0,64268450147.8,5138.7826,Development,0.006352378513485357,63.52378513485357,0.7424647678646561,0.6832148298881413,0.05924993797651479,1,0,0,0,-63.52378513485357,0.6987826623265699,0.7172614274345024,0.8236525052984993,0.7677619489143238,预测大跌
2018-07-04,2018-07-05,5171.1897,5180.2744,5102.782,5121.3436,5385995100.0,53143823674.5,5197.1313,Development,-0.011998631572150642,-119.98631572150641,0.7010792235001289,0.6832148298881413,0.01786439361198755,1,0,0,1,119.98631572150641,0.7128275861064797,0.628112621013281,0.7402565432217211,0.7499366926964277,预测大跌
2018-07-05,2018-07-06,5109.1425,5126.4735,4981.7793,4982.7627,5292741400.0,52638805702.9,5121.3436,Development,-0.02488861878485471,-248.8861878485471,0.6135098692802221,0.6832148298881413,-0.0697049606079192,0,1,0,0,248.8861878485471,0.6691960811960768,0.36732973701349964,0.7528159980964434,0.7344459733034909,
2018-07-06,2018-07-09,4981.983,5061.0439,4897.2582,4996.6299,6134025500.0,62083400326.3,4982.7627,Development,0.005064248513092062,50.64248513092062,0.6323206432139913,0.6832148298881413,-0.05089418667415002,0,0,0,0,-50.64248513092062,0.6810416186302976,0.4336691093642801,0.7149307552818301,0.7628398505980564,
2018-07-09,2018-07-10,5007.213,5107.8749,5007.213,5107.5507,5293715900.0,55786376988.2,4996.6299,Development,0.021350899192824624,213.50899192824625,0.6153971603050307,0.6832148298881413,-0.06781766958311064,0,0,0,0,-213.50899192824625,0.6764122386285522,0.42247949720661326,0.6628851019706117,0.7580501094996036,
2018-07-10,2018-07-11,5114.1215,5141.713,5094.2862,5136.5326,5222766900.0,54565886988.8,5107.5507,Development,-0.010568638230437188,-105.68638230437189,0.6070764863108282,0.6832148298881413,-0.07613834357731308,0,0,0,0,105.68638230437189,0.646674993277327,0.426513128189124,0.6487035313753395,0.7816783487562973,
2018-07-11,2018-07-12,5060.0722,5070.4863,4973.9884,5036.1565,5891526200.0,58812377652.2,5136.5326,Development,-0.006082482380389664,-60.82482380389664,0.5787733128157316,0.6832148298881413,-0.10444151707240967,0,0,0,0,60.82482380389664,0.6633467081948168,0.29369070321979185,0.6659938160434644,0.7780212224899377,
2018-07-12,2018-07-13,5029.2944,5184.0235,5029.2944,5172.5032,6808956600.0,71215041000.9,5036.1565,Development,0.028873772034502476,288.73772034502474,0.5689791022423177,0.6832148298881413,-0.11423572764582357,0,0,0,0,-288.73772034502474,0.5822475372311822,0.3611140150074857,0.6647238818180684,0.7728985086352795,
2018-07-13,2018-07-16,5174.5091,5207.3602,5167.1585,5204.1855,5635421000.0,61214640119.5,5172.5032,Development,0.005221538792926195,52.21538792926195,0.573649382688902,0.6832148298881413,-0.10956544719923933,0,0,0,0,-52.21538792926195,0.5991906158044145,0.3371099961115969,0.6502806532199764,0.8279501918484942,
2018-07-16,2018-07-17,5201.528,5216.5644,5170.2219,5195.2002,5166737200.0,57488249263.2,5204.1855,Development,-0.002379916055436082,-23.79916055436082,0.5417543562769996,0.6832148298881413,-0.14146047361114167,0,0,0,0,23.79916055436082,0.5046347084859507,0.30981451614069117,0.7181813631397082,0.7839411936352946,
2018-07-17,2018-07-18,5189.1488,5196.1969,5132.2064,5196.1969,4824332200.0,52610201449.3,5195.2002,Development,0.0018772057567515432,18.772057567515432,0.5000931829790665,0.6832148298881413,-0.18312164690907484,0,0,0,0,-18.772057567515432,0.3679375017572502,0.3226462590879991,0.7271153846778837,0.7793005950489202,
2018-07-18,2018-07-19,5198.8899,5220.1757,5156.6363,5156.6363,5525713400.0,57391510842.7,5196.1969,Development,-0.008754368889404618,-87.54368889404618,0.43603389243301,0.6832148298881413,-0.2471809374551313,0,0,0,0,87.54368889404618,0.23177878446210579,0.2702655276918704,0.7186783425083046,0.7715345163146453,
2018-07-19,2018-07-20,5153.3769,5179.727,5088.1243,5111.3271,5048393400.0,51462192224.2,5156.6363,Development,-0.009260820802763359,-92.6082080276336,0.4406742235609643,0.6832148298881413,-0.242540606327177,0,0,0,0,92.6082080276336,0.25680181031676663,0.2876160160467426,0.688879787792248,0.7579723140367571,
2018-07-20,2018-07-23,5105.6524,5184.8744,5072.1645,5175.2516,5786851400.0,58971319074.2,5111.3271,Development,0.008023715049618296,80.23715049618296,0.4466562934074425,0.6832148298881413,-0.2365585364806988,0,0,0,0,-80.23715049618296,0.280900865508428,0.2865957910741749,0.6873265709520561,0.7480708251522231,
2018-07-23,2018-07-24,5146.6187,5214.3806,5132.3831,5214.0038,6848431500.0,71205888479.7,5175.2516,Development,0.01297463517163222,129.7463517163222,0.42974164224303324,0.6832148298881413,-0.25347318764510807,0,0,0,0,-129.7463517163222,0.3146183590456277,0.23122191987419036,0.6478392262674484,0.7219039551494241,
2018-07-24,2018-07-25,5213.3942,5315.6706,5211.9422,5304.641,8820181600.0,89531029280.2,5214.0038,Development,0.018149634646848822,181.4963464684882,0.4741852268097333,0.6832148298881413,-0.209029603078408,0,0,0,0,-181.4963464684882,0.44186655023731886,0.25394436978552076,0.6118279728611373,0.7390251384978049,
2018-07-25,2018-07-26,5308.0154,5332.616,5294.4201,5308.6569,7485086000.0,72266872319.8,5304.641,Development,-0.00013396720740499468,-1.3396720740499468,0.48403885272206515,0.6832148298881413,-0.19917597716607616,0,0,0,0,1.3396720740499468,0.4458972755051371,0.27342616191252955,0.6289644719663603,0.7343891867638189,
2018-07-26,2018-07-27,5307.3043,5318.8808,5262.3114,5273.4789,7512024000.0,65271805644.8,5308.6569,Development,-0.006985203392238071,-69.85203392238071,0.5146573492187076,0.6832148298881413,-0.16855748066943366,0,0,0,0,69.85203392238071,0.5158104901773823,0.24362615293968856,0.7017819463830259,0.7292151970688695,
2018-07-27,2018-07-30,5270.2317,5281.351,5230.1017,5249.2904,6171588700.0,54149400064.2,5273.4789,Development,-0.004830888175182069,-48.308881751820685,0.5231061330607762,0.6832148298881413,-0.16010869682736506,0,0,0,0,48.308881751820685,0.5442419890632643,0.24011411462193438,0.700050870133447,0.7301294578485396,
2018-07-30,2018-07-31,5244.7718,5255.1878,5167.4021,5185.151,6083602400.0,58367011437.8,5249.2904,Development,-0.011810866585272639,-118.10866585272639,0.5289315287860723,0.6832148298881413,-0.154283301102069,0,0,0,0,118.10866585272639,0.5295565746476746,0.292708264809566,0.6929998853519773,0.7154000280109338,
2018-07-31,2018-08-01,5182.8265,5208.3796,5163.6611,5188.7166,4949635600.0,49340085643.8,5185.151,Development,0.003015613198705358,30.15613198705358,0.5491723615460781,0.6832148298881413,-0.13404246834206324,0,0,0,0,-30.15613198705358,0.5547419177712651,0.33240984781241584,0.6913906204640027,0.7211213475893182,
2018-08-01,2018-08-02,5198.4559,5233.5012,5105.3741,5105.3741,6036948500.0,58600856449.8,5188.7166,Development,-0.020027870198918052,-200.27870198918052,0.5765492419638971,0.6832148298881413,-0.10666558792424419,0,1,0,0,200.27870198918052,0.5906631018407098,0.39911812796358653,0.6898029473923399,0.7013378942621041,
2018-08-02,2018-08-03,5094.3419,5094.3419,4887.5023,4996.012,7439032500.0,67786089635.1,5105.3741,Development,-0.021876800220260062,-218.76800220260063,0.5955652732848178,0.6832148298881413,-0.08764955660332352,0,1,0,0,218.76800220260063,0.6513091505796471,0.4045897965298543,0.6522162520205157,0.7334215225929066,
2018-08-03,2018-08-06,4982.894,5008.2403,4929.75,4929.75,5073579700.0,48281908095.0,4996.012,Development,-0.012722024590529069,-127.22024590529068,0.6090455253943361,0.6832148298881413,-0.07416930449380521,0,0,0,0,127.22024590529068,0.6121269086794145,0.4897100892833363,0.6510973810547487,0.7535132975747271,
2018-08-06,2018-08-07,4919.5015,4941.1774,4798.85,4825.2508,5245522000.0,51046892567.4,4929.75,Development,-0.016909884060407387,-169.09884060407387,0.6196481687500797,0.6832148298881413,-0.06356666113806164,0,1,0,0,169.09884060407387,0.5652455471096594,0.5848683586320423,0.6499902161901299,0.7543980922124686,
2018-08-07,2018-08-08,4836.3133,4956.8718,4797.4529,4956.8718,5914578000.0,55813440681.5,4825.2508,Development,0.021600337595995,216.00337595995,0.6364447416534934,0.6832148298881413,-0.0467700882346479,0,0,0,0,-216.00337595995,0.5393935358849516,0.6710206500851356,0.6488945547980551,0.7650522210824984,
2018-08-08,2018-08-09,4940.7793,4952.4185,4877.6644,4880.5694,5808305100.0,53408613615.2,4956.8718,Development,-0.015913481502806692,-159.13481502806692,0.6097833882986802,0.6832148298881413,-0.07343144158946113,0,0,0,0,159.13481502806692,0.4992784570286815,0.7594341752950797,0.4544563736256312,0.79629213517917,
2018-08-09,2018-08-10,4862.1543,5030.1616,4856.4815,5004.7733,6826483300.0,64727844418.3,4880.5694,Development,0.028360802946957087,283.60802946957085,0.5856905834743558,0.6832148298881413,-0.09752424641378554,0,0,0,0,-283.60802946957085,0.3849359597584093,0.7380798986854313,0.5515531297211814,0.7925518561619741,
2018-08-10,2018-08-13,5000.0489,5037.493,4990.8297,5030.5148,5318501200.0,53025202318.1,5004.7733,Development,-0.003741063412399881,-37.41063412399881,0.6285562991665338,0.6832148298881413,-0.054658530721607534,0,0,0,0,37.41063412399881,0.45507088987010774,0.7946548380491334,0.5263677410533553,0.8470496182825096,
2018-08-13,2018-08-14,4981.3434,5064.0215,4958.8879,5055.2753,5572265200.0,57931356663.2,5030.5148,Development,0.012556171092320323,125.56171092320324,0.6385689661910314,0.6832148298881413,-0.04464586369710988,0,0,0,0,-125.56171092320324,0.4802397628618936,0.7348709607446435,0.6132662761182843,0.8412812316466554,
2018-08-14,2018-08-15,5043.89,5061.4064,5016.3217,5037.8831,4637591200.0,47977087129.2,5055.2753,Development,-0.0016503928515492206,-16.503928515492206,0.6324447582371154,0.6832148298881413,-0.05077007165102587,0,0,0,0,16.503928515492206,0.51147426152686,0.7108821696409738,0.5548339519868297,0.8589564523837988,
2018-08-15,2018-08-16,5035.5656,5038.7747,4929.1978,4932.8063,5334998500.0,49219326097.4,5037.8831,Development,-0.03154978261031893,-315.4978261031893,0.6087395869594766,0.6832148298881413,-0.0744752429286647,0,1,0,0,315.4978261031893,0.4828800631508608,0.619407728259723,0.613198031266804,0.8513914668547786,
2018-08-16,2018-08-17,4876.6946,4943.2003,4836.0505,4888.3712,5239384400.0,47422713812.2,4932.8063,Development,0.00958450422546453,95.84504225464529,0.6004569544177697,0.6832148298881413,-0.08275787547037161,0,0,0,0,-95.84504225464529,0.4697111148625829,0.624699964336764,0.5827601653398673,0.8601996810964171,
2018-08-17,2018-08-20,4923.4353,4941.1012,4793.7669,4803.0285,5170797400.0,47777882688.9,4888.3712,Development,-0.026241555362776836,-262.41555362776836,0.6394575810207181,0.6832148298881413,-0.04375724886742316,0,1,0,0,262.41555362776836,0.5264804755860101,0.697911620640676,0.582246759160342,0.8559042407925631,
2018-08-20,2018-08-21,4794.2367,4832.9089,4736.5592,4832.6512,5163111200.0,47753724288.6,4803.0285,Development,0.007711863705018862,77.11863705018862,0.6505595403532396,0.6832148298881413,-0.03265528953490171,0,0,0,0,-77.11863705018862,0.6874642459582238,0.5148774551724288,0.5969595135631277,0.883280726845471,
2018-08-21,2018-08-22,4831.2092,4901.1166,4816.8528,4891.9801,4973790400.0,48883527002.3,4832.6512,Development,0.009480690672637238,94.80690672637238,0.684715354107821,0.6832148298881413,0.001500524219679722,1,0,0,0,-94.80690672637238,0.7239426683647135,0.6290429999721089,0.5570162435559366,0.8743702080582616,预测大跌
2018-08-22,2018-08-23,4877.0124,4878.8189,4829.6051,4837.0183,4392226700.0,41150044535.3,4891.9801,Development,-0.009228088081137398,-92.28088081137398,0.6450343265029944,0.6832148298881413,-0.03818050338514689,0,0,0,0,92.28088081137398,0.7158208678266907,0.4703927671081417,0.5938288241974388,0.8706432208012712,
2018-08-23,2018-08-24,4832.0069,4885.8114,4821.1107,4863.6651,4726381100.0,47302482148.5,4837.0183,Development,0.004523586255640311,45.235862556403106,0.5978648263464515,0.6832148298881413,-0.08535000354168976,0,0,0,0,-45.235862556403106,0.5518302505144632,0.4718542031075086,0.6375151716043919,0.861687665927909,
2018-08-24,2018-08-27,4853.8649,4880.891,4831.8874,4852.2887,4389810000.0,41741677833.7,4863.6651,Development,0.0010836519162287228,10.836519162287228,0.5948558258531411,0.6832148298881413,-0.08835900403500019,0,0,0,0,-10.836519162287228,0.5997846013132258,0.40719303873561524,0.63654293600853,0.8554722789924716,
2018-08-27,2018-08-28,4859.1248,4964.4514,4859.1248,4960.0655,5854579900.0,58402040239.4,4852.2887,Development,0.02173424317070438,217.34243170704383,0.6252148675189532,0.6832148298881413,-0.05799996236918814,0,0,0,0,-217.34243170704383,0.6789694489698161,0.41215565988905795,0.6513675220641519,0.8478800952885378,
2018-08-28,2018-08-29,4964.7342,4983.9404,4954.1656,4974.2072,5346544000.0,53028656165.2,4960.0655,Development,0.0014805827872919064,14.805827872919064,0.6125612831845196,0.6832148298881413,-0.07065354670362167,0,0,0,0,-14.805827872919064,0.6657485591080916,0.37821264148762473,0.6551484376455317,0.8510911074326034,
2018-08-29,2018-08-30,4972.0849,4974.1638,4929.4589,4941.9607,5327221200.0,45121110906.2,4974.2072,Development,-0.006925525346520134,-69.25525346520133,0.6254012831615365,0.6832148298881413,-0.05781354672660477,0,0,0,0,69.25525346520133,0.6605436497590953,0.3851220468186631,0.718494769125912,0.8432088745407366,
2018-08-30,2018-08-31,4937.6506,4952.6076,4861.0555,4867.1214,5415846200.0,47422496786.4,4941.9607,Development,-0.016745960113095038,-167.45960113095038,0.6454317859765892,0.6832148298881413,-0.03778304391155207,0,0,0,0,167.45960113095038,0.7414975536496582,0.37353152596871253,0.7097035934131232,0.8287437494598678,
2018-08-31,2018-09-03,4854.9649,4862.4442,4805.207,4814.8237,4801205400.0,42052874630.5,4867.1214,Development,-0.009595496766619194,-95.95496766619193,0.555602743962761,0.6832148298881413,-0.12761208592538031,0,0,0,0,95.95496766619193,0.6370886648438475,0.1803424909662572,0.707851661934154,0.8298083426236682,
2018-09-03,2018-09-04,4808.3791,4840.1523,4754.8097,4838.873,5290260200.0,46495749585.7,4814.8237,Development,0.005303117634797072,53.03117634797072,0.5372546578189099,0.6832148298881413,-0.1459601720692314,0,0,0,0,-53.03117634797072,0.45565124064505524,0.3419396696482867,0.7060271485256036,0.8204009738902385,
2018-09-04,2018-09-05,4833.8785,4905.016,4828.5239,4890.2806,6102491400.0,54969300206.2,4838.873,Development,0.00894428769775657,89.4428769775657,0.40184343052442617,0.6832148298881413,-0.28137139936371514,0,0,0,0,-89.4428769775657,0.21852830079852587,0.21508185429142546,0.6248346768909279,0.8116078758457754,
2018-09-05,2018-09-06,4877.1141,4886.2734,4814.9568,4815.0343,5840354300.0,47239977654.9,4890.2806,Development,-0.015619708384513542,-156.1970838451354,0.4342104473497673,0.6832148298881413,-0.24900438253837398,0,0,0,0,156.1970838451354,0.28915408677152943,0.2403172222478996,0.6316599432195416,0.810275300685852,
2018-09-06,2018-09-07,4800.935,4849.1761,4773.8777,4793.3454,4586849400.0,44572540920.2,4815.0343,Development,-0.0008538753388662723,-8.538753388662723,0.42477980719172814,0.6832148298881413,-0.25843502269641316,0,0,0,0,8.538753388662723,0.2191657209434778,0.26171763558115013,0.6717699432305416,0.8074571037344029,
2018-09-07,2018-09-10,4796.8356,4867.5336,4759.4919,4791.7779,5360007200.0,53242803442.3,4793.3454,Development,-0.0008831864073056694,-8.831864073056694,0.4354675039117546,0.6832148298881413,-0.2477473259763867,0,0,0,0,8.831864073056694,0.1958466836008943,0.33523040580550856,0.6704256916217763,0.7970091606569836,
2018-09-10,2018-09-11,4792.5991,4794.0136,4701.289,4704.8782,5132647500.0,45376003770.5,4791.7779,Development,-0.018729795279559314,-187.29795279559315,0.42050912549488406,0.6832148298881413,-0.26270570439325724,0,1,0,0,187.29795279559315,0.13947120746647135,0.35405587071333744,0.6690973157676415,0.7921991355479259,
2018-09-11,2018-09-12,4702.8347,4738.2588,4669.4177,4702.9032,4996800700.0,42215660888.1,4704.8782,Development,-0.00041147523216167325,-4.1147523216167325,0.42263593401738564,0.6832148298881413,-0.26057889587075567,0,0,0,0,4.1147523216167325,0.15763526990142832,0.3721594532220803,0.6296465572912494,0.7894565796540166,
2018-09-12,2018-09-13,4700.8996,4733.5829,4681.1267,4693.9743,4254088200.0,38524810760.4,4702.9032,Development,0.005643728277030302,56.43728277030302,0.48046058060655306,0.6832148298881413,-0.20275424928158825,0,0,0,0,-56.43728277030302,0.17819487339783036,0.6038119583008533,0.6039037565744105,0.7371759305042596,
2018-09-13,2018-09-14,4727.4302,4752.8965,4655.2143,4721.2121,5569210200.0,47279214487.5,4693.9743,Development,-0.0014072550452463028,-14.072550452463028,0.48742387558071176,0.6832148298881413,-0.19579095430742954,0,0,0,0,14.072550452463028,0.2675578774644308,0.6030844068808222,0.5155686372512266,0.7135341445056577,
2018-09-14,2018-09-17,4720.7775,4724.003,4669.9429,4670.0799,5644793000.0,44931921145.7,4721.2121,Development,-0.015003418398770174,-150.03418398770174,0.46242349844192787,0.6832148298881413,-0.22079133144621343,0,0,0,0,150.03418398770174,0.27113063563533524,0.5068361852714427,0.5353655597504975,0.6909032956550031,
2018-09-17,2018-09-18,4649.9497,4649.9497,4586.3157,4602.3901,4933894600.0,37905863065.0,4670.0799,Development,-0.013272251095533316,-132.72251095533315,0.40426770892213815,0.6832148298881413,-0.27894712096600316,0,0,0,0,132.72251095533315,0.2824471689648543,0.3079016702346309,0.5338245661731869,0.6536362453143121,
2018-09-18,2018-09-19,4588.2344,4684.2885,4584.4336,4683.5056,5443232600.0,44579158885.4,4602.3901,Development,0.01868115107632673,186.8115107632673,0.40931147980321025,0.6832148298881413,-0.27390335008493105,0,0,0,0,-186.8115107632673,0.25007707173436994,0.3878903283414621,0.5258488870593822,0.6249326770303186,
2018-09-19,2018-09-20,4673.9479,4772.9524,4664.1301,4736.8934,6705585600.0,55671375968.9,4683.5056,Development,0.012951428063629145,129.51428063629146,0.5019130221900423,0.6832148298881413,-0.181301807698099,0,0,0,0,-129.51428063629146,0.37372989178451466,0.5876947449047079,0.5256991967255867,0.5914781695647503,
2018-09-20,2018-09-21,4734.4822,4761.4084,4723.3049,4733.4806,5639897400.0,43574339399.9,4736.8934,Development,0.001969148812091648,19.69148812091648,0.5443132446790799,0.6832148298881413,-0.13890158520906137,0,0,0,0,-19.69148812091648,0.43758522237943215,0.5830382551906907,0.622020486655869,0.5964940659524277,
2018-09-21,2018-09-25,4743.8051,4813.2902,4721.6883,4805.2151,6589519600.0,52507709798.8,4733.4806,Development,0.006532140201122694,65.32140201122694,0.4922892302799326,0.6832148298881413,-0.1909255996082087,0,0,0,0,-65.32140201122694,0.4661141681141087,0.3359070362310431,0.6593752817259597,0.5918367562295778,
2018-09-25,2018-09-26,4774.7923,4810.3431,4763.2055,4792.5507,5265424000.0,42641650958.5,4805.2151,Development,0.0040373274456357855,40.373274456357855,0.49974011815880126,0.6832148298881413,-0.18347471172934005,0,0,0,0,-40.373274456357855,0.5088084932250735,0.33423549522597473,0.6675052860145468,0.5394258054737691,
2018-09-26,2018-09-27,4794.0697,4841.7044,4782.3906,4815.6306,6471955600.0,51709759381.7,4792.5507,Development,0.0038745369096324644,38.745369096324644,0.6510422800516827,0.6832148298881413,-0.032172549836458564,0,0,0,0,-38.745369096324644,0.9438876455822691,0.3320248752963678,0.6962965395218563,0.5248017298494992,
2018-09-27,2018-09-28,4812.6445,4817.6168,4754.2773,4755.3803,6143767200.0,47097829211.4,4815.6306,Development,-0.010453712091138323,-104.53712091138323,0.5770778687768767,0.6832148298881413,-0.10613696111126458,0,0,0,0,104.53712091138323,0.8971314783520039,0.1554993447158116,0.662188883795015,0.5176987198866547,
2018-09-28,2018-10-08,4762.3345,4802.1578,4746.1771,4800.7287,5726864000.0,45938739634.3,4755.3803,Development,-0.008381792585128167,-83.81792585128167,0.580110032371363,0.6832148298881413,-0.10310479751677826,0,0,0,0,83.81792585128167,0.8795586969609426,0.18849866201648374,0.6542195683907391,0.5272009062129028,
2018-10-08,2018-10-09,4722.4176,4737.2892,4639.4004,4646.4929,6327566400.0,49494827742.0,4800.7287,Development,-0.014808093210562201,-148.080932105622,0.5931100906003645,0.6832148298881413,-0.09010473928777685,0,0,0,0,148.080932105622,0.8373262956855808,0.32124272793103575,0.6413812575442799,0.48354568491772115,
2018-10-09,2018-10-10,4652.4876,4685.2177,4612.6352,4634.8939,5043745400.0,41244020750.1,4646.4929,Development,-0.003836313287541193,-38.363132875411935,0.5954268921225729,0.6832148298881413,-0.08778793776556837,0,0,0,0,38.363132875411935,0.7562809288175875,0.42858847091755703,0.640366489306365,0.48378735512673005,
2018-10-10,2018-10-11,4634.6392,4655.5462,4586.8864,4629.8877,5133963700.0,39541080143.7,4634.8939,Development,-0.032661226358245865,-326.61226358245864,0.5887991426962284,0.6832148298881413,-0.09441568719191296,0,1,0,0,326.61226358245864,0.7451396612909799,0.42927850048832056,0.6393616452205569,0.4662132235752682,
2018-10-11,2018-10-12,4483.2662,4503.1983,4274.6995,4307.4208,9056360100.0,64480315025.4,4629.8877,Development,-0.048159241581505974,-481.5924158150597,0.5468418163428983,0.6832148298881413,-0.136373013545243,0,1,0,0,481.5924158150597,0.7316403364498122,0.2962933522753559,0.6383665660546607,0.4667582423802323,
2018-10-12,2018-10-15,4267.3555,4300.0061,4136.6293,4278.0353,8152514900.0,56700633804.0,4307.4208,Development,0.0037494415452381524,37.494415452381524,0.6538855558030336,0.6832148298881413,-0.02932927408510766,0,0,0,0,-37.494415452381524,0.6486818939362556,0.7799953737773487,0.6373810963206828,0.4669447876031179,
2018-10-15,2018-10-16,4283.3557,4317.7101,4195.8308,4199.1532,6229184800.0,44849001650.6,4278.0353,Development,-0.021006100427288787,-210.06100427288789,0.6833206839747947,0.6832148298881413,0.000105854086653423,1,1,1,1,210.06100427288789,0.6399292517301641,0.9306160110867898,0.6364050841607652,0.40726960479293384,预测大跌
2018-10-16,2018-10-17,4193.3791,4221.3422,4076.8707,4099.6831,6107665900.0,44015881330.7,4199.1532,Development,-0.010977686229227346,-109.77686229227346,0.6814395081536491,0.6832148298881413,-0.0017753217344922412,0,0,0,0,109.77686229227346,0.6491339580361187,0.8769644762083605,0.6542597684328083,0.4452922501738123,
2018-10-17,2018-10-18,4147.3455,4167.7603,4038.4243,4133.3832,6952388100.0,47137717264.1,4099.6831,Development,-0.010370971022308328,-103.70971022308328,0.700146567347267,0.6832148298881413,0.016931737459125684,1,0,0,1,103.70971022308328,0.6857133084695874,0.8830700177033278,0.647020106208299,0.48375008840531014,预测大跌
2018-10-18,2018-10-19,4104.3335,4104.3335,4013.6486,4018.4614,5978391100.0,40382606948.5,4133.3832,Development,-0.03554479673739952,-355.4479673739952,0.6813265094607888,0.6832148298881413,-0.0018883204273525411,0,1,0,0,355.4479673739952,0.6391936897225301,0.8627174865136851,0.645946509618484,0.5020720413451891,
2018-10-19,2018-10-22,3958.4458,4130.9325,3948.5593,4127.9854,6956157800.0,49937027367.6,4018.4614,Development,0.052371893029329764,523.7189302932976,0.6415619768443277,0.6832148298881413,-0.04165285304381361,0,0,0,0,-523.7189302932976,0.5322309393748328,0.8458532968486143,0.6448837897556833,0.5118131287063883,
2018-10-22,2018-10-23,4165.7571,4375.5985,4165.7571,4333.1445,9295831900.0,69510999528.9,4127.9854,Development,0.04097430452678097,409.7430452678097,0.711156614415393,0.6832148298881413,0.027941784527251712,1,0,0,0,-409.7430452678097,0.6720534107786853,0.8582312828150594,0.5599927925500626,0.7447205075088098,预测大跌
2018-10-23,2018-10-24,4336.4461,4350.7285,4228.3294,4253.5561,7466806500.0,54448393796.6,4333.1445,Development,-0.023661864493138784,-236.61864493138785,0.7456123509435466,0.6832148298881413,0.0623975210554053,1,1,1,1,236.61864493138785,0.6531377940583756,0.8022766447475579,0.7926454570006041,0.778287749339061,预测大跌
2018-10-24,2018-10-25,4233.8377,4297.3708,4207.1648,4245.4884,6282348200.0,44264708175.2,4253.5561,Development,-0.025899032454645088,-258.9903245464509,0.5813388496678961,0.6832148298881413,-0.10187598022024524,0,1,0,0,258.9903245464509,0.15759198261159832,0.7333483964237012,0.8992239062891262,0.7786922824856783,
2018-10-25,2018-10-26,4124.1854,4240.5841,4103.5602,4234.4208,6968720600.0,48371839269.6,4245.4884,Development,0.03315195286807415,331.51952868074153,0.5996105013892161,0.6832148298881413,-0.08360432849892518,0,0,0,0,-331.51952868074153,0.1911406767535742,0.7724521158132001,0.8929508334421232,0.7617930969252361,
2018-10-26,2018-10-29,4260.9102,4294.5553,4217.7896,4233.9585,6798362100.0,46824099369.3,4234.4208,Development,-0.009452252713516462,-94.52252713516462,0.820812581494899,0.6832148298881413,0.1375977516067577,1,0,0,1,94.52252713516462,0.8293403382223352,0.7297906374424247,0.886859227954892,0.8711653616584365,预测大跌
2018-10-29,2018-10-30,4220.635,4227.6435,4144.8064,4162.5255,5745157000.0,41278101418.5,4233.9585,Development,-0.017826322342491152,-178.26322342491153,0.7763298030513959,0.6832148298881413,0.09311497316325457,1,1,1,1,178.26322342491153,0.8451705347150775,0.5247648247721418,0.924301657844538,0.8668206599141965,预测大跌
2018-10-30,2018-10-31,4145.3966,4233.7942,4096.136,4204.5424,7283465000.0,52308156537.7,4162.5255,Development,0.015043723440116619,150.4372344011662,0.784948874665879,0.6832148298881413,0.10173404477773773,1,0,0,0,-150.4372344011662,0.8427898987201581,0.5665605120796608,0.9173589000682265,0.8621525481481899,预测大跌
2018-10-31,2018-11-01,4207.7588,4298.2426,4204.3595,4272.5518,7468776500.0,53243305592.6,4204.5424,Development,0.02179324062016108,217.9324062016108,0.7712407897224224,0.6832148298881413,0.08802595983428108,1,0,0,0,-217.9324062016108,0.8235854395475719,0.5480822072591995,0.910593994752794,0.8589252712378586,预测大跌
2018-11-01,2018-11-02,4299.4595,4367.7304,4294.8669,4298.9837,8605914200.0,65004691637.8,4272.5518,Development,0.015647199374712262,156.4719937471226,0.7485671014808917,0.6832148298881413,0.06535227159275037,1,0,0,0,-156.4719937471226,0.7968129069940785,0.49018796229261397,0.9246233451523059,0.8561309232966606,预测大跌
2018-11-02,2018-11-05,4366.734,4437.9818,4360.8748,4437.9456,9689216800.0,75808808223.6,4298.9837,Development,0.013945983428347075,139.45983428347074,0.7407759401188119,0.6832148298881413,0.057561110230670565,1,0,0,0,-139.45983428347074,0.8166431448979005,0.4359187260043085,0.9413294931140096,0.8372971192952324,预测大跌
2018-11-05,2018-11-06,4427.6324,4466.1357,4375.0414,4440.8274,8777727700.0,66155141568.2,4437.9456,Development,-6.215511477425384e-05,-0.6215511477425384,0.664857759537728,0.6832148298881413,-0.01835707035041334,0,0,0,0,0.6215511477425384,0.7427737902350927,0.27090959490690664,0.9336347110943929,0.819127174019351,
2018-11-06,2018-11-07,4427.3572,4440.1054,4385.3273,4438.0965,6980304900.0,51219256984.2,4440.8274,Development,0.0023410354149875356,23.410354149875356,0.6640157985537318,0.6832148298881413,-0.019199031334409478,0,0,0,0,-23.410354149875356,0.7263579402093134,0.2881771059662742,0.9398807405008421,0.8099421643863947,
2018-11-07,2018-11-08,4437.7218,4479.6944,4414.0703,4415.136,7808636800.0,58896533554.8,4438.0965,Development,0.001111764148892691,11.11764148892691,0.6584470133445885,0.6832148298881413,-0.024767816543552756,0,0,0,0,-11.11764148892691,0.7321885264428984,0.30363706388051365,0.8997236112080137,0.7909083875106014,
2018-11-08,2018-11-09,4442.6555,4450.9818,4379.8833,4382.3286,7214535500.0,51522224307.5,4415.136,Development,-0.01788164758667421,-178.8164758667421,0.625444767082207,0.6832148298881413,-0.05777006280593433,0,1,0,0,178.8164758667421,0.709813336858385,0.2257417361482578,0.8967903972621293,0.7725416189448461,
2018-11-09,2018-11-12,4363.2135,4396.3932,4348.8119,4368.6143,6742496000.0,45846347515.2,4382.3286,Development,-0.0005916281658002731,-5.916281658002731,0.6378701369258475,0.6832148298881413,-0.04534469296229382,0,0,0,0,5.916281658002731,0.8061621243537601,0.17652837507373878,0.8600007817284364,0.7821681102791632,
2018-11-12,2018-11-13,4360.6321,4481.7736,4354.4675,4481.6881,8699053600.0,59949621268.4,4368.6143,Development,0.016125575005513593,161.25575005513593,0.62833291771991,0.6832148298881413,-0.05488191216823135,0,0,0,0,-161.25575005513593,0.7322872863559622,0.2615459793288463,0.8548789101263388,0.7378062869938209,
2018-11-13,2018-11-14,4430.9498,4588.4964,4422.9479,4563.5351,12871036300.0,84982054207.1,4481.6881,Development,0.027273497885261566,272.73497885261565,0.6364430820677849,0.6832148298881413,-0.046771747820356424,0,0,0,0,-272.73497885261565,0.7558463382471692,0.24974114009391296,0.8499021232516774,0.765933379513017,
2018-11-14,2018-11-15,4551.7973,4600.1289,4534.5243,4545.5089,11259883000.0,74023764775.6,4563.5351,Development,-0.0023982834209248516,-23.982834209248516,0.6349606911069581,0.6832148298881413,-0.04825413878118323,0,0,0,0,23.982834209248516,0.7867047487551876,0.21553096014578763,0.8144021687634394,0.7997745660088571,
2018-11-15,2018-11-16,4540.8808,4619.8141,4539.9556,4619.8141,9830520000.0,69668883541.0,4545.5089,Development,0.018525701004968198,185.25701004968198,0.6431623720841266,0.6832148298881413,-0.040052457804014674,0,0,0,0,-185.25701004968198,0.7601199796043963,0.24067638937218133,0.864586824264227,0.7945193041018199,
2018-11-16,2018-11-19,4625.0038,4691.5609,4609.8319,4659.0965,11067182400.0,82381068855.3,4619.8141,Development,0.007669442347268962,76.69442347268962,0.4891260440173386,0.6832148298881413,-0.1940887858708027,0,0,0,0,-76.69442347268962,0.30067167913775167,0.26973044001103585,0.8479135019132278,0.780201121790643,
2018-11-19,2018-11-20,4660.475,4677.9674,4612.4837,4670.737,11101510600.0,82549163316.2,4659.0965,Development,-0.006726503199781186,-67.26503199781186,0.4900263066918722,0.6832148298881413,-0.1931885231962691,0,0,0,0,67.26503199781186,0.2755840397829491,0.28714480990522967,0.8748650642010299,0.7716054516748663,
2018-11-20,2018-11-21,4629.1263,4645.9,4535.8739,4537.4493,10312422500.0,76300239206.5,4670.737,Development,-0.031485055830081876,-314.85055830081876,0.49856860504110606,0.6832148298881413,-0.18464622484703525,0,1,0,0,314.85055830081876,0.3097496901603067,0.3024546935946481,0.8809209133052085,0.7172737203309649,
2018-11-21,2018-11-22,4483.378,4564.5342,4476.4164,4554.6747,9015662700.0,65298600566.4,4537.4493,Development,0.017679615682639316,176.79615682639314,0.48948765133718614,0.6832148298881413,-0.19372717855095517,0,0,0,0,-176.79615682639314,0.2564027790762966,0.3430569285734506,0.8674548215523881,0.7213419106822108,
2018-11-22,2018-11-23,4562.6424,4583.3734,4528.2409,4551.3264,7527499300.0,54157291828.3,4554.6747,Development,-0.004500067767747806,-45.000677677478066,0.6791520487283902,0.6832148298881413,-0.0040627811597511165,0,0,0,0,45.000677677478066,0.6995024641828306,0.5056689396728071,0.8237358017730535,0.7407001962985623,
2018-11-23,2018-11-26,4542.1102,4547.5147,4365.3486,4374.7644,9207482800.0,64245132838.1,4551.3264,Development,-0.037578656722155324,-375.78656722155324,0.6838961965823447,0.6832148298881413,0.000681366694203378,1,1,1,1,375.78656722155324,0.6970458599785223,0.5053919962460336,0.8524093534623838,0.7366299217439575,预测大跌
2018-11-26,2018-11-27,4371.4238,4408.1135,4347.7472,4367.4619,6858469900.0,45641649802.9,4374.7644,Development,0.005002031603524637,50.02031603524637,0.6831604120377144,0.6832148298881413,-5.4417850426924375e-05,0,0,0,0,-50.02031603524637,0.735805219940817,0.4306114479340608,0.8475064428105231,0.787275090112403,
2018-11-27,2018-11-28,4393.2898,4416.357,4361.0232,4387.6515,6235271000.0,43832226111.4,4367.4619,Development,-0.0007870184206831832,-7.870184206831832,0.7226380628540745,0.6832148298881413,0.0394232329659332,1,0,0,1,7.870184206831832,0.7185999684160604,0.6445404640120631,0.7846101067127434,0.782678251202704,预测大跌
2018-11-28,2018-11-29,4389.8322,4441.8569,4333.0553,4441.8569,7250793100.0,50581746734.4,4387.6515,Development,0.01662029359573247,166.2029359573247,0.713775543501407,0.6832148298881413,0.030560713613265733,1,0,0,0,-166.2029359573247,0.7076193424958697,0.6359003232060977,0.7809022717090243,0.7708398548694915,预测大跌
2018-11-29,2018-11-30,4462.7925,4473.3074,4344.9003,4345.703,7710248100.0,52609677006.8,4441.8569,Development,-0.028850097780705575,-288.50097780705573,0.7078007285361717,0.6832148298881413,0.024585898648030402,1,1,1,1,288.50097780705573,0.6955710210656423,0.6323821614571763,0.7777798625463993,0.7695500400352252,预测大跌
2018-11-30,2018-12-03,4334.0405,4385.0031,4291.8111,4376.6511,6384878900.0,44026264210.0,4345.703,Development,0.0345227276948612,345.227276948612,0.6931211379635491,0.6832148298881413,0.009906308075407821,1,0,0,0,-345.227276948612,0.6370469652094536,0.6103844744668648,0.8071589634413919,0.8002659061531654,预测大跌
2018-12-03,2018-12-04,4483.6634,4536.8317,4460.3878,4515.1735,9626575200.0,72617444583.0,4376.6511,Development,0.0050367741699790525,50.36774169979053,0.7310892465966744,0.6832148298881413,0.047874416708533096,1,0,0,0,-50.36774169979053,0.6350345723519278,0.7567463427672476,0.8034383432120976,0.7908255032220498,预测大跌
2018-12-04,2018-12-05,4506.2466,4538.423,4492.0568,4536.2104,7628021300.0,56315559771.3,4515.1735,Development,-0.011106516008245193,-111.06516008245192,0.7167498249497959,0.6832148298881413,0.03353499506165458,1,0,0,1,111.06516008245192,0.569604998744118,0.7357797316810298,0.862178682660542,0.7961655645049263,预测大跌
2018-12-05,2018-12-06,4456.1979,4532.2794,4445.9731,4502.7021,7427597300.0,55251925549.3,4536.2104,Development,0.004625535145106552,46.25535145106552,0.683959801869559,0.6832148298881413,0.0007449719814176525,1,0,0,0,-46.25535145106552,0.5245548172415258,0.6838650277926448,0.8522899614490824,0.7914072794168842,预测大跌
2018-12-06,2018-12-07,4476.8102,4483.3157,4405.8361,4411.0884,6604759600.0,52051360375.0,4502.7021,Development,-0.012777311845831751,-127.77311845831751,0.7599163668760086,0.6832148298881413,0.0767015369878673,1,0,0,1,127.77311845831751,0.8748271969517323,0.5443426113166357,0.8249324494634248,0.8035878116363008,预测大跌
2018-12-07,2018-12-10,4419.6086,4432.3298,4397.4243,4410.9593,5175505400.0,41253201540.4,4411.0884,Development,-0.008649702600361464,-86.49702600361464,0.7298984834187107,0.6832148298881413,0.04668365353056936,1,0,0,1,86.49702600361464,0.8111851446994895,0.5421296974968018,0.7941408612795465,0.7974264340017466,预测大跌
2018-12-10,2018-12-11,4381.3803,4396.4047,4350.2267,4359.3122,5394034800.0,40103184692.1,4410.9593,Development,-0.0019064768242099683,-19.06476824209968,0.7425844000138914,0.6832148298881413,0.05936957012575006,1,0,0,1,19.06476824209968,0.8047929372132427,0.6001782356260957,0.7907269893089649,0.793405985863186,预测大跌
2018-12-11,2018-12-12,4373.0273,4398.063,4365.1182,4395.5702,5043078100.0,37194242182.2,4359.3122,Development,0.008206420298359607,82.06420298359606,0.6599650836337134,0.6832148298881413,-0.023249746254427883,0,0,0,0,-82.06420298359606,0.7525836011180107,0.3742876609073485,0.7873905555628252,0.7878761998481917,
2018-12-12,2018-12-13,4408.9142,4417.6041,4381.3236,4393.324,4809361200.0,35826068754.4,4395.5702,Development,-0.0008682636645548358,-8.682636645548358,0.6578735423577347,0.6832148298881413,-0.025341287530406653,0,0,0,0,8.682636645548358,0.7397584779773471,0.39578167725520946,0.784128685092809,0.7689279968347498,
2018-12-13,2018-12-14,4405.0861,4471.2565,4378.4604,4443.1572,6361391000.0,47775555072.2,4393.324,Development,0.007018296418769054,70.18296418769054,0.5308367235487551,0.6832148298881413,-0.1523781063393862,0,0,0,0,-70.18296418769054,0.3583315697553653,0.3952323769623546,0.7980274017113219,0.7673305994123798,
2018-12-14,2018-12-17,4436.0023,4439.0458,4331.3785,4337.1025,6578654600.0,47335305358.0,4443.1572,Development,-0.025565541298299133,-255.65541298299132,0.5261692533610358,0.6832148298881413,-0.1570455765271055,0,1,0,0,255.65541298299132,0.34222409279588745,0.4081954281353144,0.7883197734664803,0.7630499485620025,
2018-12-17,2018-12-18,4322.5935,4341.2033,4285.2144,4330.6465,5150281500.0,38561891398.1,4337.1025,Development,-0.0033650399927728225,-33.65039992772822,0.47702059417938353,0.6832148298881413,-0.20619423570875778,0,0,0,0,33.65039992772822,0.34562120439464855,0.21432572376009218,0.7993715882976054,0.7727277037931498,
2018-12-18,2018-12-19,4308.0478,4339.4043,4266.4517,4307.2675,5130347800.0,37327896872.2,4330.6465,Development,0.0007500845278456403,7.500845278456403,0.5381977019458861,0.6832148298881413,-0.1450171279422552,0,0,0,0,-7.500845278456403,0.36360400050134173,0.4193957236559952,0.7958379488397841,0.7628574400437421,
2018-12-19,2018-12-20,4311.2792,4315.1081,4245.1504,4247.8991,4626017400.0,33854346744.0,4307.2675,Development,-0.016446696377260706,-164.46696377260704,0.5429955747282056,0.6832148298881413,-0.14021925515993572,0,0,0,0,164.46696377260704,0.35438155179527814,0.4541379355555798,0.7923862587160158,0.7563890515295323,
2018-12-20,2018-12-21,4240.3729,4274.0116,4225.1345,4259.7614,4696785200.0,34730999573.5,4247.8991,Development,0.0014281291157201004,14.281291157201004,0.5218003531925673,0.6832148298881413,-0.16141447669557396,0,0,0,0,-14.281291157201004,0.3787470207749982,0.3548363902694293,0.7905377242549323,0.7484617344846415,
2018-12-21,2018-12-24,4246.4287,4260.289,4204.486,4231.144,4711042500.0,35374801446.7,4259.7614,Development,-0.004491939308906789,-44.919393089067896,0.5488364229591854,0.6832148298881413,-0.13437840692895586,0,0,0,0,44.919393089067896,0.35671148876809783,0.5235568224547987,0.7394897035161877,0.739192948232045,
2018-12-24,2018-12-25,4227.354,4276.9745,4215.0226,4274.7218,4184194100.0,32706121619.9,4231.144,Development,0.0014640836797674694,14.640836797674694,0.5005798341032163,0.6832148298881413,-0.18263499578492504,0,0,0,0,-14.640836797674694,0.32559406753396064,0.39003177307057096,0.7405712398790971,0.7358955119281774,
2018-12-25,2018-12-26,4233.5432,4244.9521,4132.7639,4225.5124,6038367300.0,43750314455.8,4274.7218,Development,-0.003515117077345531,-35.151170773455306,0.49501376852356205,0.6832148298881413,-0.18820106136457926,0,0,0,0,35.151170773455306,0.3883003522485733,0.35475803912652115,0.6650288406476139,0.7334565803821631,
2018-12-26,2018-12-27,4218.6618,4241.3508,4194.305,4208.4053,4503293300.0,34328585011.4,4225.5124,Development,0.010589305831531615,105.89305831531615,0.4777956524773531,0.6832148298881413,-0.2054191774107882,0,0,0,0,-105.89305831531615,0.3462564406003663,0.3446256419334195,0.6678442669938067,0.7290471512077105,
2018-12-27,2018-12-28,4263.3345,4272.8081,4159.7661,4161.2702,5421939300.0,40327766017.9,4208.4053,Development,-0.022141025997373553,-221.41025997373555,0.3955808476793181,0.6832148298881413,-0.2876339822088232,0,1,0,0,221.41025997373555,0.09149721914672887,0.39123356853462427,0.6307433363779155,0.726017874853713,
2018-12-28,2019-01-02,4168.9399,4192.6955,4138.9346,4168.0363,4996418500.0,37350056814.6,4161.2702,Development,0.0017198376978282415,17.198376978282415,0.4457800790939743,0.6832148298881413,-0.23743475079416698,0,0,0,0,-17.198376978282415,0.20323834678079605,0.38739458086618017,0.6603321806740577,0.7683467424855034,
2019-01-02,2019-01-03,4176.1098,4179.7233,4125.9356,4131.9567,4749444900.0,35572462260.8,4168.0363,Development,-0.010635472276135927,-106.35472276135927,0.5248983531690277,0.6832148298881413,-0.15831647671911364,0,0,0,0,106.35472276135927,0.21221365200274164,0.6626562833928079,0.6591374979519067,0.7636981411793116,
2019-01-03,2019-01-04,4131.6949,4182.1983,4110.527,4112.807,5549124400.0,41103713165.6,4131.9567,Development,-0.01357147644178669,-135.7147644178669,0.45530208147987705,0.6832148298881413,-0.22791274840826425,0,0,0,0,135.7147644178669,0.29075861958561655,0.3364170769322924,0.6352189980014636,0.765619935746272,
2019-01-04,2019-01-07,4075.6217,4210.8786,4071.6898,4210.8786,7344873700.0,52230681319.4,4112.807,Development,0.03911376269294076,391.1376269294076,0.5030416945660947,0.6832148298881413,-0.1801731353220466,0,0,0,0,-391.1376269294076,0.3512316461557797,0.4367135008100635,0.6342826033282843,0.7612561369630583,
2019-01-07,2019-01-08,4235.0346,4297.0238,4223.4585,4288.3234,8115345000.0,59231303976.4,4210.8786,Development,0.010211392369734229,102.11392369734229,0.5695081455687018,0.6832148298881413,-0.11370668431943953,0,0,0,0,-102.11392369734229,0.385960035701738,0.6261175140265995,0.6101896016127442,0.8045444821741202,
2019-01-08,2019-01-09,4278.2802,4289.6278,4264.6001,4277.2967,6955693700.0,49700132327.3,4288.3234,Development,0.001858410302345126,18.58410302345126,0.5095918722816075,0.6832148298881413,-0.1736229576065338,0,0,0,0,-18.58410302345126,0.3562601790166509,0.38558189670671106,0.6951493272967714,0.7972976770798587,
2019-01-09,2019-01-10,4286.231,4354.1986,4280.6556,4288.7717,8515359500.0,61510931890.9,4277.2967,Development,0.0007764630511049031,7.764630511049031,0.5216850698842629,0.6832148298881413,-0.16152976000387842,0,0,0,0,-7.764630511049031,0.3737992808923226,0.3919793044944707,0.7204614013471269,0.7896100051628343,
2019-01-10,2019-01-11,4289.5591,4319.4941,4274.1955,4281.8606,6891088900.0,49243142090.7,4288.7717,Development,-0.0016704747114919538,-16.704747114919538,0.498141096469503,0.6832148298881413,-0.1850737334186383,0,0,0,0,16.704747114919538,0.36652572849287496,0.3349406064292115,0.7115497460459993,0.7699877178226651,
2019-01-11,2019-01-14,4282.3935,4316.5413,4267.2889,4314.8757,6835508500.0,46599960151.7,4281.8606,Development,0.008203449776392535,82.03449776392534,0.4996375025495541,0.6832148298881413,-0.18357732733858723,0,0,0,0,-82.03449776392534,0.3737040008357775,0.34536964998720204,0.7088820960988048,0.7495036195452255,
2019-01-14,2019-01-15,4317.5239,4325.9474,4278.761,4286.5474,6767961400.0,44765955489.7,4314.8757,Development,-0.007999399841191468,-79.99399841191467,0.47455892220764784,0.6832148298881413,-0.20865590768049347,0,0,0,0,79.99399841191467,0.3604039664026485,0.328779378026326,0.6462303814090355,0.7362041492086762,
2019-01-15,2019-01-16,4282.9863,4350.9338,4271.6362,4347.3555,7200518100.0,50608143346.9,4286.5474,Development,0.014963741537067365,149.63741537067366,0.47959654937233354,0.6832148298881413,-0.20361828051580777,0,0,0,0,-149.63741537067366,0.35841296862963234,0.3397801208918946,0.6647739319914318,0.7271715071900816,
2019-01-16,2019-01-17,4347.0758,4364.0963,4330.7437,4336.8779,6927474400.0,50030063790.1,4347.3555,Development,-0.0028628210255730036,-28.628210255730036,0.4320063068015894,0.6832148298881413,-0.2512085230865519,0,0,0,0,28.628210255730036,0.3976168599639499,0.18895388548172376,0.6635287264377847,0.6120822916415696,
2019-01-17,2019-01-18,4334.6309,4347.1786,4297.6681,4303.7308,7456211300.0,48421136077.9,4336.8779,Development,-0.006342477741299701,-63.42477741299702,0.43861397997267115,0.6832148298881413,-0.24460084991547015,0,0,0,0,63.42477741299702,0.3844572419144747,0.2186031162179961,0.7041325137208818,0.5736280760132302,
2019-01-18,2019-01-21,4307.1386,4351.4382,4297.4773,4347.8112,8337161100.0,55476936296.5,4303.7308,Development,0.011042389023654842,110.42389023654842,0.42446515058940515,0.6832148298881413,-0.25874967929873616,0,0,0,0,-110.42389023654842,0.38472373867672727,0.18062415895990594,0.7023815459401268,0.5535023426482268,
2019-01-21,2019-01-22,4354.6997,4395.0631,4352.8102,4373.6333,7278153100.0,52937642777.6,4347.8112,Development,0.0037102673233699868,37.10267323369987,0.41620423935402695,0.6832148298881413,-0.26701059053411436,0,0,0,0,-37.10267323369987,0.38344027411886183,0.16535345830844075,0.6860548143109055,0.5537719917428208,
2019-01-22,2019-01-23,4370.8568,4370.8568,4291.9624,4308.2518,6949667200.0,47826602460.9,4373.6333,Development,-0.016454165233690476,-164.54165233690478,0.35227219410586696,0.6832148298881413,-0.33094263578227434,0,0,0,0,164.54165233690478,0.23496854941566672,0.1993049212337829,0.6904053623291607,0.40430206029166077,
2019-01-23,2019-01-24,4298.938,4322.8895,4292.0872,4315.6846,5848573500.0,40571874370.2,4308.2518,Development,0.004599066094928439,45.99066094928439,0.3651554048499943,0.6832148298881413,-0.318059425038147,0,0,0,0,-45.99066094928439,0.24309726361904568,0.22714617928332242,0.6990889084407711,0.4068865322701174,
2019-01-24,2019-01-25,4318.7091,4363.2181,4292.8296,4338.17,7063030500.0,51572057926.8,4315.6846,Development,0.005257172797306531,52.57172797306531,0.42565018553202777,0.6832148298881413,-0.25756464435611354,0,0,0,0,-52.57172797306531,0.2689357886655659,0.4163940679721591,0.6974092764806467,0.4011977345486782,
2019-01-25,2019-01-28,4341.4133,4359.4637,4315.9525,4318.4417,7165747800.0,52504910506.0,4338.17,Development,1.8173805290455647e-05,0.18173805290455647,0.4300472050128595,0.6832148298881413,-0.2531676248752818,0,0,0,0,-0.18173805290455647,0.2779367168291799,0.4207976053311709,0.7082866372279824,0.3868895725503394,
2019-01-28,2019-01-29,4341.4922,4370.898,4297.9632,4307.2196,6727993500.0,49287478131.6,4318.4417,Development,-0.009218719775656914,-92.18719775656913,0.4105553949401751,0.6832148298881413,-0.2726594349479662,0,0,0,0,92.18719775656913,0.2301415174308272,0.4031054494487522,0.7204682030652734,0.3808421780855194,
2019-01-29,2019-01-30,4301.4692,4301.4692,4188.594,4254.2875,7775372700.0,54223809273.1,4307.2196,Development,-0.015388835051986405,-153.88835051986405,0.44993519005831256,0.6832148298881413,-0.23327963982982874,0,0,0,0,153.88835051986405,0.3386247254174349,0.4083336952387127,0.7185184548716101,0.3899705542361934,
2019-01-30,2019-01-31,4235.2746,4266.8811,4211.1908,4211.6235,5851377000.0,42466758482.8,4254.2875,Development,-0.007389697943080087,-73.89697943080087,0.4554880503720231,0.6832148298881413,-0.2277267795161182,0,0,0,0,73.89697943080087,0.3443166222830652,0.4307481274862785,0.7013627091025482,0.3969445443566398,
2019-01-31,2019-02-01,4203.9772,4240.7162,4151.414,4176.4739,7151120500.0,47694716159.1,4211.6235,Development,-0.0035365082379609225,-35.36508237960923,0.5067116510269452,0.6832148298881413,-0.17650317886119615,0,0,0,0,35.36508237960923,0.30388593025907695,0.6641836501825066,0.6996509397997633,0.39684878707380716,
2019-02-01,2019-02-11,4189.1098,4295.0379,4189.1098,4294.2696,6609967700.0,47693471397.3,4176.4739,Development,0.027951236799761192,279.51236799761193,0.5196848863674656,0.6832148298881413,-0.16352994352067574,0,0,0,0,-279.51236799761193,0.30371080406781625,0.71143942969676,0.6979632507155077,0.39792660944939684,
2019-02-11,2019-02-12,4306.2006,4403.7282,4306.2006,4402.8668,7529735600.0,56743679261.6,4294.2696,Development,0.021420762423375983,214.20762423375982,0.5026572654325804,0.6832148298881413,-0.18055756445556093,0,0,0,0,-214.20762423375982,0.2854491303274789,0.6596630366678173,0.696299067492666,0.4232069750366383,
2019-02-12,2019-02-13,4398.4427,4452.5007,4394.8339,4439.485,8527115600.0,61588925288.5,4402.8668,Development,0.010068381702460272,100.68381702460272,0.494528672650626,0.6832148298881413,-0.1886861572375153,0,0,0,0,-100.68381702460272,0.25677035745081067,0.6497143972745569,0.7198450805416572,0.4183800135081864,
2019-02-13,2019-02-14,4442.7279,4526.2699,4433.0271,4512.4088,11321890300.0,82940466825.7,4439.485,Development,0.014656017983905922,146.56017983905923,0.5033464261626854,0.6832148298881413,-0.17986840372545587,0,0,0,0,-146.56017983905923,0.2753079366936912,0.6406173693502463,0.7397634367172394,0.42263067619355477,
2019-02-14,2019-02-15,4507.8406,4555.2331,4494.5521,4532.1699,9482853300.0,70164059523.1,4512.4088,Development,0.003572508752860415,35.72508752860415,0.4223242179273758,0.6832148298881413,-0.2608906119607655,0,0,0,0,-35.72508752860415,0.27976475255083777,0.3517548049772406,0.7573761694987983,0.3880631211045498,
2019-02-15,2019-02-18,4523.9449,4544.3864,4497.3858,4502.7348,9351160700.0,67254618818.2,4532.1699,Development,0.0008894007528694736,8.894007528694736,0.4244552093901389,0.6832148298881413,-0.2587596204980024,0,0,0,0,-8.894007528694736,0.3096085817204253,0.3607344180628707,0.7737157242599195,0.29978247006505143,
2019-02-18,2019-02-19,4527.9685,4660.999,4527.9685,4660.999,12412400400.0,92189941712.6,4502.7348,Development,0.034310463953095116,343.10463953095115,0.4258044767138806,0.6832148298881413,-0.2574103531742607,0,0,0,0,-343.10463953095115,0.3078859007211823,0.36898908405258074,0.7696840043736362,0.3029740373234753,
2019-02-19,2019-02-20,4683.3252,4706.5253,4614.2779,4667.2836,14387476800.0,105704251187.5,4660.999,Development,-0.0034103546770573034,-34.10354677057303,0.42271626488297653,0.6832148298881413,-0.2604985650051648,0,0,0,0,34.10354677057303,0.2920679896492268,0.3766072591539688,0.7598393379736929,0.3174903842807234,
2019-02-20,2019-02-21,4667.3534,4677.9779,4619.46,4667.6243,12021312900.0,87303394554.9,4667.2836,Development,-0.00022968048659011142,-2.296804865901114,0.41166633613193604,0.6832148298881413,-0.27154849375620527,0,0,0,0,2.296804865901114,0.3253852438856381,0.23996288833067145,0.8285530133029478,0.32227550969739094,
2019-02-21,2019-02-22,4666.2814,4750.418,4643.1096,4659.1431,14595111300.0,111329120909.4,4667.6243,Development,-0.0031595608443160117,-31.595608443160117,0.3694355856995234,0.6832148298881413,-0.3137792441886179,0,0,0,0,31.595608443160117,0.2774273227870597,0.14959022367262684,0.8242973764149172,0.3242475657019116,
2019-02-22,2019-02-25,4651.538,4777.2977,4649.2158,4777.2977,14616614200.0,111540083318.7,4659.1431,Development,0.040632883145316656,406.3288314531666,0.370642330015582,0.6832148298881413,-0.3125724998725593,0,0,0,0,-406.3288314531666,0.29239325958064216,0.14197030598711588,0.8201520795993363,0.31902174106198233,
2019-02-25,2019-02-26,4840.5434,5045.0755,4835.4825,5044.3466,24178357900.0,190541189539.8,4777.2977,Development,0.045189265320914274,451.89265320914274,0.38631317001802973,0.6832148298881413,-0.2969016598701116,0,0,0,0,-451.89265320914274,0.3090607305484284,0.1781283547701723,0.8161126859855631,0.32382369611932454,
2019-02-26,2019-02-27,5059.284,5149.6229,5004.552,5038.5435,26283326500.0,196257557763.0,5044.3466,Development,-0.0063045482325166935,-63.04548232516694,0.38502513092127166,0.6832148298881413,-0.29818969896686964,0,0,0,0,63.04548232516694,0.2185604646660013,0.2097065710001701,0.8763470448329007,0.37000239494715875,
2019-02-27,2019-02-28,5027.3875,5093.7952,4964.623,5017.8842,20885408700.0,155472037772.2,5038.5435,Development,-0.001978602206414326,-19.78602206414326,0.3994091125306477,0.6832148298881413,-0.2838057173574936,0,0,0,0,19.78602206414326,0.24504964783813749,0.2358207601183735,0.9192316463108081,0.2989466077759912,
2019-02-28,2019-03-01,5017.4403,5072.6687,4994.0501,5025.2913,15604287700.0,116972246659.7,5017.8842,Development,0.005936772182421501,59.36772182421501,0.4407768862962631,0.6832148298881413,-0.2424379435918782,0,0,0,0,-59.36772182421501,0.30301210230531866,0.3197902225866176,0.9090404892886667,0.3013912596543448,
2019-03-01,2019-03-04,5047.2277,5067.3068,4984.993,5067.225,14982833000.0,112765394519.4,5025.2913,Development,0.013021762422170902,130.217624221709,0.4552123228786557,0.6832148298881413,-0.2280025070094856,0,0,0,0,-130.217624221709,0.32175354220895247,0.3548930681266655,0.9025206287919492,0.29932200698697903,
2019-03-04,2019-03-05,5112.9515,5253.388,5108.2823,5158.2467,23244686400.0,183781732245.9,5067.225,Development,0.0065850223691736876,65.85022369173687,0.4635856671760298,0.6832148298881413,-0.21962916271211153,0,0,0,0,-65.85022369173687,0.34073378662716286,0.3635989286682698,0.9019714238355148,0.2968422903241597,
2019-03-05,2019-03-06,5146.6204,5295.2878,5125.154,5295.2878,20689126100.0,168045744430.0,5158.2467,Development,0.035267318335737485,352.67318335737485,0.46534476110675876,0.6832148298881413,-0.21787006878138254,0,0,0,0,-352.67318335737485,0.3618703359915133,0.37161282866797607,0.907736640985239,0.24096996141161448,
2019-03-06,2019-03-07,5328.1279,5395.554,5256.7934,5390.0294,26496431800.0,209513257015.7,5295.2878,Development,0.00996573299225778,99.65732992257782,0.4767920517977477,0.6832148298881413,-0.2064227780903936,0,0,0,0,-99.65732992257782,0.3695263635416846,0.3790173869778342,0.9070786423624545,0.28419324075025826,
2019-03-07,2019-03-08,5381.2266,5512.6438,5353.5735,5458.6153,26696722000.0,214811701314.4,5390.0294,Development,-0.007641547746753519,-76.41547746753518,0.4478571496106359,0.6832148298881413,-0.23535768027750542,0,0,0,0,76.41547746753518,0.342063181853271,0.33793556807584624,0.8841096581170005,0.2651848995846667,
2019-03-08,2019-03-11,5340.1057,5480.1728,5245.5313,5245.6999,28568024900.0,229867708699.5,5458.6153,Development,-0.011302210740884888,-113.02210740884888,0.44382185238279137,0.6832148298881413,-0.23939297750534994,0,0,0,0,113.02210740884888,0.3473837898293622,0.344873152223472,0.8407298620839311,0.27616444724857053,
2019-03-11,2019-03-12,5279.7507,5456.4199,5272.1903,5456.381,21425221300.0,185766885697.5,5245.6999,Development,0.04189311438511689,418.93114385116894,0.444488139632491,0.6832148298881413,-0.2387266902556503,0,0,0,0,-418.93114385116894,0.30182134948141887,0.4242431499366525,0.8361565728043829,0.24453970505988487,
2019-03-12,2019-03-13,5500.9359,5591.6863,5458.7596,5551.0029,24933399300.0,216216097858.9,5456.381,Development,0.01022002455982074,102.2002455982074,0.5067404659062866,0.6832148298881413,-0.17647436398185468,0,0,0,0,-102.2002455982074,0.3107023039079621,0.6233991701886774,0.8317064520861736,0.2723405966611975,
2019-03-13,2019-03-14,5557.1556,5557.1556,5388.2464,5424.8642,22434923600.0,201483723055.0,5551.0029,Development,-0.03167908417032639,-316.7908417032639,0.4888952147289158,0.6832148298881413,-0.19431961515922552,0,1,0,0,316.7908417032639,0.2587369722987792,0.616351997413335,0.8394223432466525,0.27295730848333405,
2019-03-14,2019-03-15,5381.11,5432.5207,5236.7529,5298.5024,17860867900.0,154289289898.8,5424.8642,Development,-0.009719463084753799,-97.194630847538,0.4716935862450064,0.6832148298881413,-0.2115212436431349,0,0,0,0,97.194630847538,0.282028972639524,0.4921942641454495,0.8482328837362951,0.32111316978035886,
2019-03-15,2019-03-18,5328.8085,5418.3293,5308.0621,5359.0087,15284646500.0,139681586047.2,5298.5024,Development,0.01099065579106484,109.9065579106484,0.5700857796272224,0.6832148298881413,-0.1131290502609189,0,0,0,0,-109.9065579106484,0.2591123307579962,0.8705571724646166,0.8434551765411138,0.32919650025228747,
2019-03-18,2019-03-19,5387.3756,5501.183,5333.2557,5501.183,17265525500.0,153883835940.4,5359.0087,Development,0.021962994375220424,219.62994375220424,0.5567932705664567,0.6832148298881413,-0.12642155932168464,0,0,0,0,-219.62994375220424,0.2320760870392625,0.8773399108127423,0.8182230332554743,0.3263947414333456,
2019-03-19,2019-03-20,5505.6985,5555.1227,5486.7986,5522.1801,16671393100.0,150233661548.1,5501.183,Development,0.002290390583501667,22.90390583501667,0.5548387243379319,0.6832148298881413,-0.1283761055502094,0,0,0,0,-22.90390583501667,0.2689098426109956,0.834844081352463,0.7979584335122242,0.3381386231175898,
2019-03-20,2019-03-21,5518.3087,5533.0525,5415.7549,5515.7856,17682073500.0,154380099338.4,5522.1801,Development,0.0013923650193763404,13.923650193763404,0.5419221777116459,0.6832148298881413,-0.14129265217649545,0,0,0,0,-13.923650193763404,0.2702175584528279,0.8008577648028459,0.8042060484964522,0.30551689389792497,
2019-03-21,2019-03-22,5525.9922,5634.6618,5513.392,5589.478,20715004500.0,184005098811.5,5515.7856,Development,0.01177173214251015,117.71732142510149,0.5344688299962056,0.6832148298881413,-0.1487459998919357,0,0,0,0,-117.71732142510149,0.284256250643528,0.7729913117732441,0.7821272466019354,0.30822589517794946,
2019-03-22,2019-03-25,5591.0427,5625.095,5505.8058,5622.1402,18195482300.0,168610426964.1,5589.478,Development,-0.012482769984926034,-124.82769984926034,0.5265782807068976,0.6832148298881413,-0.1566365491812437,0,0,0,0,124.82769984926034,0.27867439844517905,0.7496156510155313,0.781275303702279,0.31285022585429095,
2019-03-25,2019-03-26,5521.251,5629.2277,5507.3576,5549.6711,17843293700.0,166384283611.4,5622.1402,Development,0.009105563213844148,91.05563213844148,0.5129553031779513,0.6832148298881413,-0.17025952671018996,0,0,0,0,-91.05563213844148,0.313392257264838,0.6605710131206477,0.7932835481912313,0.29324794645033864,
2019-03-26,2019-03-27,5571.5251,5589.4127,5380.8535,5394.8787,17616473000.0,160539919363.1,5549.6711,Development,-0.025046499386676024,-250.46499386676024,0.6920825903878962,0.6832148298881413,0.008867760499754906,1,1,1,1,250.46499386676024,0.8299929874477225,0.6627750568881549,0.7881420915706321,0.31822936613405023,预测大跌
2019-03-27,2019-03-28,5431.9779,5447.8795,5333.7848,5447.8795,14495660800.0,134714503064.4,5394.8787,Development,0.00017781736556776728,1.7781736556776728,0.7020544298479026,0.6832148298881413,0.018839599959761255,1,0,0,0,-1.7781736556776728,0.8133686648674793,0.6525655098177994,0.7990196169207011,0.41879015825888427,预测大跌
2019-03-28,2019-03-29,5432.9438,5487.7654,5370.1234,5370.1234,14926108200.0,141312489924.2,5447.8795,Development,-0.011508107262217626,-115.08107262217626,0.7503994387208331,0.6832148298881413,0.06718460883269184,1,0,0,1,115.08107262217626,0.8064964712024193,0.8369878615996585,0.7955009502865797,0.4176489262566162,预测大跌
2019-03-29,2019-04-01,5370.4209,5550.7601,5346.2139,5547.6561,17833301700.0,164954573844.1,5370.1234,Development,0.04119680824272076,411.9680824272076,0.6405521230028471,0.6832148298881413,-0.042662706885294166,0,0,0,0,-411.9680824272076,0.7616537467121408,0.5171911507365151,0.7663767391933739,0.4260840268247044,
2019-04-01,2019-04-02,5591.6651,5763.5806,5591.6651,5757.8379,22118163100.0,208464845273.6,5547.6561,Development,0.036325977390884834,363.25977390884833,0.6573826956848906,0.6832148298881413,-0.0258321342032507,0,0,0,0,-363.25977390884833,0.7995046356202528,0.5382982384525382,0.7140608262240826,0.48583894398747396,
2019-04-02,2019-04-03,5794.7878,5833.0223,5750.3296,5775.5497,22875028400.0,216017608686.9,5757.8379,Development,-0.008726169403476813,-87.26169403476814,0.6494980199564648,0.6832148298881413,-0.03371680993167647,0,0,0,0,87.26169403476814,0.7750335503693095,0.536393237609568,0.7847992821298944,0.3946291514477732,
2019-04-03,2019-04-04,5744.2215,5843.468,5724.1257,5836.0369,19910476300.0,182304278560.5,5775.5497,Development,0.021616575892834167,216.16575892834166,0.6680260358470325,0.6832148298881413,-0.015188794041108844,0,0,0,0,-216.16575892834166,0.8102008116310527,0.5345852010368232,0.8084937155872216,0.4062830385810959,
2019-04-04,2019-04-08,5868.3919,5894.9882,5813.4624,5871.5575,20883485900.0,196845266327.9,5836.0369,Development,0.009000523635785296,90.00523635785297,0.7017533057079083,0.6832148298881413,0.018538475819766975,1,0,0,0,-90.00523635785297,0.8238598529678827,0.6499069783639388,0.7934043146631298,0.4069878283189798,预测大跌
2019-04-08,2019-04-09,5921.2105,5939.4979,5765.9069,5847.6296,23831746600.0,222907102712.6,5871.5575,Development,-0.014679515278168243,-146.79515278168242,0.7029083088232289,0.6832148298881413,0.01969347893508755,1,0,0,1,146.79515278168242,0.8162056876779853,0.640803393136344,0.8209672465367521,0.4085039418528255,预测大跌
2019-04-09,2019-04-10,5834.29,5877.84,5798.3736,5858.0464,17936350200.0,169072553747.2,5847.6296,Development,-0.0014164876960177653,-14.164876960177653,0.6970325345082794,0.6832148298881413,0.013817704620138094,1,0,0,1,14.164876960177653,0.8268350988894155,0.6324412979487005,0.8287669559246862,0.3531019197300689,预测大跌
2019-04-10,2019-04-11,5826.0258,5906.4273,5782.3689,5850.7609,17875360700.0,172671580646.6,5858.0464,Development,0.0045674703328639765,45.674703328639765,0.6984914161796424,0.6832148298881413,0.015276586291501082,1,0,0,0,-45.674703328639765,0.8301728584427203,0.6551742527223408,0.8003157723959878,0.3544648976234043,预测大跌
2019-04-11,2019-04-12,5852.636,5866.9221,5720.5516,5727.1749,16587607300.0,157397019816.4,5850.7609,Development,-0.022654390261072188,-226.5439026107219,0.696803513970658,0.6832148298881413,0.013588684082516678,1,1,1,1,226.5439026107219,0.8174528690652805,0.665209529917406,0.7967675924907491,0.3582624985226505,预测大跌
2019-04-12,2019-04-15,5720.0481,5749.3368,5673.7447,5714.3676,14007834100.0,126121980270.3,5727.1749,Development,0.01319097299199301,131.9097299199301,0.5885295165575861,0.6832148298881413,-0.09468531333055519,0,0,0,0,-131.9097299199301,0.7977752037898783,0.27410793880848344,0.799920955546603,0.4034569636399969,
2019-04-15,2019-04-16,5795.5011,5815.3916,5654.3441,5655.9825,15775413600.0,147932909423.9,5714.3676,Development,-0.029398493255397895,-293.984932553979,0.6845894321330467,0.6832148298881413,0.0013746022449053763,1,1,1,1,293.984932553979,0.7849664657082375,0.6415508184842007,0.789061142244666,0.40295720826777015,预测大跌
2019-04-16,2019-04-17,5625.1221,5777.0111,5583.6142,5777.0111,15602963200.0,147394539976.1,5655.9825,Development,0.026935077551472286,269.35077551472284,0.6673198581478375,0.6832148298881413,-0.015894971740303854,0,0,0,0,-269.35077551472284,0.8323272127567605,0.4395540899577322,0.8047957014570924,0.5262400393863341,
2019-04-17,2019-04-18,5776.6352,5840.6249,5757.9952,5807.7288,16980015500.0,158856829046.1,5777.0111,Development,0.004789327877239069,47.89327877239069,0.6996452497767639,0.6832148298881413,0.016430419888622594,1,0,0,0,-47.89327877239069,0.5935240976334532,0.8376879752552879,0.7767298492181283,0.5775866042620057,预测大跌
2019-04-18,2019-04-19,5804.3014,5826.6736,5762.5678,5775.171,15132250500.0,141406848441.0,5807.7288,Development,-0.007201641872009001,-72.01641872009002,0.6869081827851429,0.6832148298881413,0.003693352897001567,1,0,0,1,72.01641872009002,0.5666182191955386,0.8031425420796654,0.8124655083773447,0.5664729039583593,预测大跌
2019-04-19,2019-04-22,5762.5009,5810.1798,5710.7953,5810.1798,14872428900.0,133507303999.7,5775.171,Development,0.010155660019072643,101.55660019072643,0.6444692424024328,0.6832148298881413,-0.038745587485708555,0,0,0,0,-101.55660019072643,0.5701700775417564,0.6836629366298839,0.7651333813427045,0.5678528117904569,
2019-04-22,2019-04-23,5821.0229,5824.5207,5704.9769,5723.0417,15816102600.0,143410616804.9,5810.1798,Development,-0.01894675590436168,-189.46755904361677,0.6727673232697831,0.6832148298881413,-0.010447506618358249,0,1,0,0,189.46755904361677,0.6047629204139741,0.7535895079695745,0.7542351705065239,0.5638195661632235,
2019-04-23,2019-04-24,5710.7334,5710.7334,5610.7353,5628.0624,14987146100.0,133768248901.6,5723.0417,Development,-0.013016156558805503,-130.16156558805503,0.68099723273239,0.6832148298881413,-0.0022175971557513163,0,0,0,0,130.16156558805503,0.6224744269613973,0.7330352025861469,0.7679174133989615,0.5947764993351385,
2019-04-24,2019-04-25,5636.4016,5682.4788,5568.408,5679.7256,13478441200.0,121970724630.8,5628.0624,Development,0.0027684329661676887,27.684329661676887,0.6941415145212084,0.6832148298881413,0.010926684633067119,1,0,0,0,-27.684329661676887,0.6391729538369592,0.7592006659814818,0.7577252066379466,0.6096686142592442,预测大跌
2019-04-25,2019-04-26,5652.0056,5662.7898,5457.8254,5458.4194,15140171800.0,132098714891.2,5679.7256,Development,-0.03969967757993731,-396.9967757993731,0.694772467707518,0.6832148298881413,0.011557637819376687,1,1,1,1,396.9967757993731,0.5944250350150344,0.8289054580728967,0.7550851636373341,0.5903480721361354,预测大跌
2019-04-26,2019-04-29,5427.6228,5496.0353,5407.1942,5408.0306,12427988000.0,108970816460.3,5458.4194,Development,-0.004137852026120936,-41.37852026120936,0.6608125531884826,0.6832148298881413,-0.022402276699658663,0,0,0,0,41.37852026120936,0.4887648487699268,0.7960311772375167,0.7569705710944813,0.6575640583713565,
2019-04-29,2019-04-30,5405.1641,5421.6568,5252.0486,5265.6011,13867238700.0,119713196260.4,5408.0306,Development,-0.029808419692567645,-298.08419692567645,0.6712608455785197,0.6832148298881413,-0.01195398430962158,0,1,0,0,298.08419692567645,0.46808430589685845,0.8615579502827843,0.7543450504503006,0.6557502774708878,
2019-04-30,2019-05-06,5244.0447,5349.9438,5244.0447,5307.56,10219034000.0,90849649254.3,5265.6011,Development,-0.02318345989689985,-231.8345989689985,0.6526450485700844,0.6832148298881413,-0.030569781318056877,0,1,0,0,231.8345989689985,0.4224365482012144,0.8402077602213834,0.7381738036226186,0.6960013282669251,
2019-05-06,2019-05-07,5122.4696,5125.1616,4874.6433,4908.7984,14338623300.0,116597523171.7,5307.56,Development,-0.03697964356879746,-369.7964356879746,0.6516901006869924,0.6832148298881413,-0.031524729201148904,0,1,0,0,369.7964356879746,0.4509900045300972,0.8071658631740442,0.7358913012522997,0.690318569890756,
2019-05-07,2019-05-08,4933.0425,4990.1939,4886.0568,4973.4043,11657368700.0,97660954760.0,4908.7984,Development,-0.013633513191909308,-136.33513191909307,0.6319213909643623,0.6832148298881413,-0.05129343892377902,0,0,0,0,136.33513191909307,0.35633609356568086,0.8662050151598724,0.7214886474283069,0.684388827956494,
2019-05-08,2019-05-09,4865.7878,5028.526,4842.5603,4947.7419,10773812100.0,88503433406.3,4973.4043,Development,0.006615639917548544,66.15639917548543,0.6314913233390136,0.6832148298881413,-0.05172350654912772,0,0,0,0,-66.15639917548543,0.32845540049045463,0.9018634571893815,0.7194831188451526,0.681302706333117,
2019-05-09,2019-05-10,4897.9781,4955.7835,4879.6945,4888.4128,9093465600.0,75438861419.0,4947.7419,Development,0.00867772356924168,86.7772356924168,0.6664962270424929,0.6832148298881413,-0.01671860284564841,0,0,0,0,-86.7772356924168,0.4325823283124753,0.8657465942604944,0.717509193386992,0.7447322904885917,
2019-05-10,2019-05-13,4940.4814,5064.323,4842.6072,5064.323,12217748300.0,103926817467.4,4888.4128,Development,0.013964914431213282,139.64914431213282,0.5947157079040375,0.6832148298881413,-0.08849912198410381,0,0,0,0,-139.64914431213282,0.2586969895084622,0.8256751883622635,0.7259155706179927,0.7241765824610507,
2019-05-13,2019-05-14,5009.4748,5040.5037,4985.1882,5005.9044,9173639400.0,81269399674.7,5064.323,Development,-0.013390844884577535,-133.90844884577535,0.5532311336579454,0.6832148298881413,-0.1299836962301959,0,0,0,0,133.90844884577535,0.2067995921149163,0.7366961135409147,0.7387633674743544,0.7132276231441231,
2019-05-14,2019-05-15,4942.3937,5018.4131,4941.9271,4965.6124,8754096900.0,78269150192.2,5005.9044,Development,0.012182639355500902,121.82639355500902,0.54084540961919,0.6832148298881413,-0.14236942026895127,0,0,0,0,-121.82639355500902,0.21771336577394948,0.6664602788233286,0.7571448357215684,0.710263270792313,
2019-05-15,2019-05-16,5002.6051,5086.7298,4999.3368,5076.555,9746386000.0,88150026771.1,4965.6124,Development,0.013693545388981487,136.93545388981488,0.7070966325084166,0.6832148298881413,0.023881802620275283,1,0,0,0,-136.93545388981488,0.6703520826180619,0.7122003486160904,0.754516012822949,0.7110456499045091,预测大跌
2019-05-16,2019-05-17,5071.1085,5118.4448,5059.2068,5108.3588,10442216600.0,91206178690.5,5076.555,Development,0.008111165438483559,81.11165438483559,0.6185817893815496,0.6832148298881413,-0.06463304050659169,0,0,0,0,-81.11165438483559,0.5749429585754361,0.5020069059541882,0.7688697943178733,0.7086743440549784,
2019-05-17,2019-05-20,5112.2411,5116.9934,4923.6727,4942.5792,11907121300.0,103931108299.2,5108.3588,Development,-0.034244159572208055,-342.44159572208054,0.6122836585694131,0.6832148298881413,-0.07093117131872817,0,1,0,0,342.44159572208054,0.5659476070435357,0.4785406523928558,0.7865006905641972,0.7052496098780496,
2019-05-20,2019-05-21,4937.1767,4947.7455,4835.8087,4923.5589,9568649700.0,84271517275.2,4942.5792,Development,-0.004017336466811017,-40.17336466811017,0.585518227335904,0.6832148298881413,-0.09769660255223733,0,0,0,0,40.17336466811017,0.6028258965293174,0.31702208082777417,0.7796378364931432,0.751693224097923,
2019-05-21,2019-05-22,4917.3424,5026.2842,4904.8232,5009.8725,10083707300.0,91301255167.5,4923.5589,Development,0.017248707350539627,172.48707350539627,0.6049379733972289,0.6832148298881413,-0.07827685649091243,0,0,0,0,-172.48707350539627,0.6077847110587047,0.3877060904964253,0.7765534887736295,0.7430731173004482,
2019-05-22,2019-05-23,5002.1602,5018.1092,4941.0098,4976.3929,9409270900.0,86507936442.6,5009.8725,Development,-0.009377548523935797,-93.77548523935798,0.5812182884786576,0.6832148298881413,-0.10199654140948367,0,0,0,0,93.77548523935798,0.6622493611565853,0.23502163443258264,0.7709515582269634,0.7539881577147719,
2019-05-23,2019-05-24,4955.2522,4957.9863,4860.1881,4872.9202,9056368100.0,82582767292.1,4976.3929,Development,-0.021527965821800055,-215.27965821800055,0.581652002719788,0.6832148298881413,-0.1015628271683533,0,1,0,0,215.27965821800055,0.6718109345474739,0.2090144315110259,0.7931331433833813,0.7513934537888487,
2019-05-24,2019-05-27,4848.5757,4892.4587,4831.3352,4841.7573,7793343600.0,69305381771.0,4872.9202,Development,1.3612244931904272e-05,0.13612244931904272,0.5753457962989784,0.6832148298881413,-0.10786903358916289,0,0,0,0,-0.13612244931904272,0.6177638370094036,0.2702513619989082,0.7897515934703411,0.7243147487038238,
2019-05-27,2019-05-28,4848.6417,4974.2676,4824.142,4962.947,9307641400.0,81678357210.7,4841.7573,Development,0.02411997157884449,241.1997157884449,0.5619296671303412,0.6832148298881413,-0.1212851627578001,0,0,0,0,-241.1997157884449,0.5382805026251248,0.3940414135962617,0.7255997694704469,0.6809421946709191,
2019-05-28,2019-05-29,4965.5908,5002.2491,4933.8967,4955.4855,9026398900.0,83641973469.4,4962.947,Development,-0.004435121798598507,-44.35121798598507,0.590251297592413,0.6832148298881413,-0.09296353229572829,0,0,0,0,44.35121798598507,0.62180068782367,0.3998457469970206,0.7057813875747603,0.6975646831672014,
2019-05-29,2019-05-30,4943.5678,4992.9887,4930.4307,4956.8638,8587685200.0,78641296290.8,4955.4855,Development,-0.0020364239770311876,-20.364239770311876,0.5908203561765859,0.6832148298881413,-0.0923944737115554,0,0,0,0,20.364239770311876,0.6591456799671278,0.3288268434217663,0.7420201790139285,0.6962179340412722,
2019-05-30,2019-05-31,4933.5006,4933.8544,4865.7753,4926.403,9477960200.0,80822550059.3,4956.8638,Development,-0.0019419679405735524,-19.419679405735522,0.5623607839707037,0.6832148298881413,-0.12085404591743765,0,0,0,0,19.419679405735522,0.548822350308643,0.36513038965197425,0.7383966201844623,0.6942338707664403,
2019-05-31,2019-06-03,4923.9199,4969.0513,4902.7379,4912.0005,8671672900.0,75731116074.4,4926.403,Development,-0.00044913403241986227,-4.491340324198623,0.5774538444320704,0.6832148298881413,-0.10576098545607093,0,0,0,0,4.491340324198623,0.5790676335056273,0.3856810122769254,0.7361106080716051,0.6914739489179051,
2019-06-03,2019-06-04,4921.7084,4942.0652,4838.3523,4853.8153,9854083000.0,83580691984.2,4912.0005,Development,-0.015044572734134398,-150.44572734134397,0.5989859135370785,0.6832148298881413,-0.08422891635106278,0,0,0,0,150.44572734134397,0.6376962566740582,0.40499329566821457,0.7199954869850814,0.6898253521505048,
2019-06-04,2019-06-05,4847.6634,4853.8105,4768.0393,4795.4129,8675165300.0,77250794625.1,4853.8153,Development,-0.002015073901376896,-20.15073901376896,0.5543525876425103,0.6832148298881413,-0.12886224224563103,0,0,0,0,20.15073901376896,0.6761919435135215,0.22054932622412637,0.7180138701522397,0.6545654004479052,
2019-06-05,2019-06-06,4837.895,4850.8038,4777.9781,4783.8245,8130016500.0,72772853682.6,4795.4129,Development,-0.01269258634178716,-126.9258634178716,0.3850559615507606,0.6832148298881413,-0.2981588683373807,0,0,0,0,126.9258634178716,0.1299833111771867,0.29896532046777063,0.6893179262761596,0.659383763992414,
2019-06-06,2019-06-10,4776.4896,4776.6879,4668.5413,4678.7844,8341693100.0,70429637482.1,4783.8245,Development,-0.017319476629866437,-173.19476629866438,0.47028932993177375,0.6832148298881413,-0.21292549995636756,0,1,0,0,173.19476629866438,0.3549957213175869,0.32468918455711115,0.6877785890037428,0.6710407714186228,
2019-06-10,2019-06-11,4693.7633,4750.5423,4662.7808,4725.2643,7336138100.0,63265364509.3,4678.7844,Development,0.007892600804987326,78.92600804987326,0.4676395100252161,0.6832148298881413,-0.21557531986292522,0,0,0,0,-78.92600804987326,0.3119834603628433,0.35720910360089775,0.6862594077713997,0.6910594673993126,
2019-06-11,2019-06-12,4730.8093,4903.8673,4728.4832,4901.4723,11681144600.0,99669915566.1,4725.2643,Development,0.03351462507693981,335.1462507693981,0.44171636661054947,0.6832148298881413,-0.24149846327759183,0,0,0,0,-335.1462507693981,0.28827777109916425,0.3376396011747642,0.6638036893167184,0.644537652863885,
2019-06-12,2019-06-13,4889.3606,4917.0919,4852.9834,4863.4922,10784756100.0,94685225285.3,4901.4723,Development,-0.006917223491349822,-69.17223491349822,0.4578074476034497,0.6832148298881413,-0.2254073822846916,0,0,0,0,69.17223491349822,0.28917318484501375,0.347800046000379,0.6706400411055915,0.7160233927050551,
2019-06-13,2019-06-14,4855.5398,4892.5811,4831.5194,4877.6505,9617253800.0,79697102665.4,4863.4922,Development,0.005084213293854667,50.84213293854667,0.4554705545790802,0.6832148298881413,-0.2277442753090611,0,0,0,0,-50.84213293854667,0.2551847355062117,0.3570783234306892,0.7301784818594169,0.6755409246081467,
2019-06-14,2019-06-17,4880.2264,4893.9284,4786.195,4795.5267,10280389400.0,83140662637.5,4877.6505,Development,-0.017234057010142023,-172.34057010142024,0.47551595745147546,0.6832148298881413,-0.20769887243666585,0,1,0,0,172.34057010142024,0.3001556674078053,0.38457336136743714,0.7200982987126587,0.6710053977072146,
2019-06-17,2019-06-18,4796.1203,4826.5959,4779.6429,4802.8185,7336113800.0,64090002525.5,4795.5267,Development,0.0017058579619031455,17.058579619031455,0.5015937562243997,0.6832148298881413,-0.18162107366374158,0,0,0,0,-17.058579619031455,0.3773111455165591,0.37461954844755935,0.7178120188558738,0.6905990564697544,
2019-06-18,2019-06-19,4804.3018,4825.6252,4773.5495,4797.1468,6652389700.0,56694905767.0,4802.8185,Development,0.020535346051740344,205.35346051740345,0.5476956125203367,0.6832148298881413,-0.1355192173678046,0,0,0,0,-205.35346051740345,0.4038065520728047,0.5180153191845573,0.715832332413295,0.6742123894561383,
2019-06-19,2019-06-20,4902.9598,4931.1098,4856.9033,4858.9164,9827437600.0,88246816060.7,4797.1468,Development,-0.010147136021796288,-101.47136021796288,0.5544538354939941,0.6832148298881413,-0.12876099439414723,0,0,0,0,101.47136021796288,0.4281316996978534,0.5128198996810746,0.7169242031196451,0.6723510062481319,
2019-06-20,2019-06-21,4853.2088,4987.5951,4837.1763,4954.7338,11969596100.0,102804340132.3,4858.9164,Development,0.024803486715840428,248.03486715840427,0.39489588706446976,0.6832148298881413,-0.28831894282367154,0,0,0,0,-248.03486715840427,0.032826545247227695,0.36560301945774476,0.7497512276883987,0.7276296633799757,
2019-06-21,2019-06-24,4973.5853,5045.7149,4973.5853,5021.3051,12281421400.0,106832740482.8,4954.7338,Development,0.011820305967206401,118.20305967206401,0.43606809584422085,0.6832148298881413,-0.24714673404392046,0,0,0,0,-118.20305967206401,0.07414286324151524,0.4542763252129348,0.7472616069811467,0.7454037359164475,
2019-06-24,2019-06-25,5032.3746,5038.4798,4996.1699,5024.2046,9962015700.0,86442218788.6,5021.3051,Development,-0.002419076672074527,-24.190766720745273,0.4192690337624703,0.6832148298881413,-0.263945796125671,0,0,0,0,24.190766720745273,0.10653082005717868,0.32868170838119093,0.7830967019171632,0.7421025135907512,
2019-06-25,2019-06-26,5020.2009,5020.2009,4910.1971,4974.9882,9920218000.0,85713850536.5,5024.2046,Development,-0.015223653698799189,-152.23653698799188,0.3870115213990259,0.6832148298881413,-0.2962033084891154,0,0,0,0,152.23653698799188,0.1431440611568419,0.2090322285469392,0.7553989639533474,0.7101609033926262,
2019-06-26,2019-06-27,4943.7751,4991.1275,4928.733,4962.5936,7003568700.0,64206718430.5,4974.9882,Development,0.006313151259651706,63.131512596517055,0.3850406388509951,0.6832148298881413,-0.2981741910371462,0,0,0,0,-63.131512596517055,0.16402044359755955,0.25102704869654646,0.7170504989113391,0.6327187789518578,
2019-06-27,2019-06-28,4974.9859,5030.3718,4972.6702,5007.4833,8163126600.0,77117707879.1,4962.5936,Development,0.006071615197944746,60.71615197944746,0.43871113307646553,0.6832148298881413,-0.24450369681167577,0,0,0,0,-60.71615197944746,0.20646730715208367,0.4045965165073081,0.6971001412647488,0.6366449559029129,
2019-06-28,2019-07-01,5005.1921,5005.1921,4920.4349,4950.4798,7716462800.0,70271421892.0,5007.4833,Development,0.007886150863220642,78.86150863220642,0.4059471285776161,0.6832148298881413,-0.2772677013105252,0,0,0,0,-78.86150863220642,0.1771487873998144,0.3403548944133547,0.6799424017990028,0.6301865126884953,
2019-07-01,2019-07-02,5044.6638,5100.2619,5016.2363,5100.2619,11163021400.0,108157182513.9,4950.4798,Development,0.009550289555470437,95.50289555470437,0.40694423197329116,0.6832148298881413,-0.27627059791485015,0,0,0,0,-95.50289555470437,0.2027729679231586,0.35028341407864977,0.6832402044090679,0.560057637296252,
2019-07-02,2019-07-03,5092.8418,5102.4091,5066.2507,5084.41,9708063700.0,91618108604.6,5100.2619,Development,-0.0035603108661258487,-35.60310866125849,0.3677578677270539,0.6832148298881413,-0.31545696216108743,0,0,0,0,35.60310866125849,0.2063128459697215,0.21617848901106257,0.6948356574438715,0.5263604908537455,
2019-07-03,2019-07-04,5074.7097,5074.7097,5021.8958,5040.7227,8535858900.0,79210212964.4,5084.41,Development,-0.0054834072577590875,-54.834072577590874,0.36855539767437573,0.6832148298881413,-0.3146594322137656,0,0,0,0,54.834072577590874,0.22321603748034075,0.24123890267433465,0.6454305978061857,0.5195020041555328,
2019-07-04,2019-07-05,5046.883,5067.997,5002.3322,5025.0207,8014718900.0,72016475806.0,5040.7227,Development,-0.004072097569925659,-40.72097569925659,0.3814208920674727,0.6832148298881413,-0.3017939378206686,0,0,0,0,40.72097569925659,0.2390992672894336,0.2903173073378662,0.644399123131304,0.48169055028484925,
2019-07-05,2019-07-08,5026.3316,5055.0145,5001.5234,5042.6599,6490414100.0,60552010316.7,5025.0207,Development,0.0004582467261013967,4.582467261013967,0.379335099830696,0.6832148298881413,-0.3038797300574453,0,0,0,0,-4.582467261013967,0.2524248114590889,0.2671784022011504,0.643378003494274,0.48223469093464655,
2019-07-08,2019-07-09,5028.6349,5028.6349,4855.2148,4870.7807,9176607700.0,81431278977.5,5042.6599,Development,-0.03184957810319444,-318.49578103194443,0.39244272889324516,0.6832148298881413,-0.29077210099489614,0,1,0,0,318.49578103194443,0.26325897728505526,0.32000407914587187,0.6423670705257202,0.45007986837389874,
2019-07-09,2019-07-10,4868.475,4892.5583,4838.9366,4881.6235,6101251200.0,56755420859.3,4870.7807,Development,0.004813848278978572,48.13848278978572,0.38827422107372944,0.6832148298881413,-0.29494060881441186,0,0,0,0,-48.13848278978572,0.2691417111152684,0.33182370492117097,0.5556331202532739,0.5101007216305629,
2019-07-10,2019-07-11,4891.9111,4896.0413,4829.2848,4843.8649,6079519200.0,55261260669.1,4881.6235,Development,-0.004952788287587717,-49.52788287587717,0.4641928900842973,0.6832148298881413,-0.219021939803844,0,0,0,0,49.52788287587717,0.2819795859799337,0.6717612581317065,0.4542439169598377,0.5018313552692356,
2019-07-11,2019-07-12,4867.6825,4905.1604,4821.5516,4844.5474,6262848400.0,56483156357.0,4843.8649,Development,-0.0039978983838818705,-39.978983838818706,0.5507642841667701,0.6832148298881413,-0.13245054572137116,0,0,0,0,39.978983838818706,0.6957088606543103,0.48467918851271113,0.4652954976574489,0.47592555797566705,
2019-07-12,2019-07-15,4848.222,4874.3204,4820.6635,4861.5679,6147939800.0,54064544424.8,4844.5474,Development,0.0005503873378736035,5.503873378736035,0.5688186062399615,0.6832148298881413,-0.1143962236481798,0,0,0,0,-5.503873378736035,0.6930690893603757,0.5486433154438373,0.46549208476499837,0.4821670555303736,
2019-07-15,2019-07-16,4850.8904,4951.6237,4787.9062,4925.3243,8459448100.0,75865112765.4,4861.5679,Development,0.013791839122978322,137.91839122978323,0.5617548758781862,0.6832148298881413,-0.12145995400995513,0,0,0,0,-137.91839122978323,0.6955367233837917,0.5981103998150681,0.4522411190326354,0.3644276987018637,
2019-07-16,2019-07-17,4917.7931,4940.2313,4909.6633,4932.0458,6892496200.0,60958972154.8,4925.3243,Development,0.0026136723808083406,26.136723808083406,0.540494677230987,0.6832148298881413,-0.14272015265715432,0,0,0,0,-26.136723808083406,0.6836788538632841,0.592805023857049,0.42438133345495554,0.30434104298378983,
2019-07-17,2019-07-18,4930.6466,4953.4093,4914.4924,4929.085,7536108800.0,65860765215.8,4932.0458,Development,-0.004244757675392896,-42.44757675392896,0.5459329682947218,0.6832148298881413,-0.13728186159341949,0,0,0,0,42.44757675392896,0.6922197905152745,0.587834415125995,0.4411272109056824,0.30585385553124805,
2019-07-18,2019-07-19,4909.7172,4909.7172,4843.5134,4844.1087,7263615800.0,59848894329.2,4929.085,Development,-0.009879326654496645,-98.79326654496646,0.503911761632807,0.6832148298881413,-0.17930306825533426,0,0,0,0,98.79326654496646,0.662458558098332,0.5298849531784368,0.368870264478869,0.3072287925253789,
2019-07-19,2019-07-22,4861.2125,4920.4135,4861.2031,4878.6903,6859729800.0,57390762230.9,4844.1087,Development,0.00498163781155414,49.816378115541404,0.48650181209131976,0.6832148298881413,-0.19671301779682154,0,0,0,0,-49.816378115541404,0.6429231762813654,0.5085499924962812,0.3485439619465498,0.3052141414278487,
2019-07-22,2019-07-23,4885.4293,4886.402,4766.0716,4776.5749,7219157800.0,61198813614.8,4878.6903,Development,-0.021978907769681588,-219.7890776968159,0.5061187528731569,0.6832148298881413,-0.17709607701498442,0,1,0,0,219.7890776968159,0.6318633956081446,0.6037654282222571,0.34963803161506635,0.28319069693025695,
2019-07-23,2019-07-24,4778.0529,4823.9182,4778.0529,4823.9182,5472926300.0,48300963629.5,4776.5749,Development,0.012497559413793935,124.97559413793935,0.5251356778552925,0.6832148298881413,-0.15807915203284884,0,0,0,0,-124.97559413793935,0.6692167834245113,0.5980823932293735,0.3613575782616632,0.3165014635573002,
2019-07-24,2019-07-25,4837.7669,4898.8054,4837.7669,4873.0271,6945138300.0,63586100131.0,4823.9182,Development,0.0073189346927815535,73.18934692781554,0.45483339878145357,0.6832148298881413,-0.22838143110668774,0,0,0,0,-73.18934692781554,0.6645107031889245,0.41465002432367476,0.27780836025935074,0.3229994601845818,
2019-07-25,2019-07-26,4873.1742,4899.715,4861.7715,4891.6432,6738441800.0,65540811955.8,4873.0271,Development,0.0015483132123614851,15.483132123614851,0.44529464094847343,0.6832148298881413,-0.23792018893966788,0,0,0,0,-15.483132123614851,0.657086334873599,0.41917301965979503,0.28410081979827984,0.26259163269428465,
2019-07-26,2019-07-29,4880.7194,4902.0916,4868.197,4898.1099,5925277700.0,57190685291.2,4891.6432,Development,0.003469263158213831,34.69263158213831,0.4215178784576215,0.6832148298881413,-0.2616969514305198,0,0,0,0,-34.69263158213831,0.645151031672675,0.33377349016468905,0.30010977367446906,0.2667862514650989,
2019-07-29,2019-07-30,4897.6519,4914.48,4872.545,4897.0183,5658152100.0,54815760176.9,4898.1099,Development,0.0010595281383718458,10.595281383718458,0.4087519254991464,0.6832148298881413,-0.2744629043889949,0,0,0,0,-10.595281383718458,0.6674149761490735,0.28015493023341126,0.30484349798233784,0.22701177241869944,
2019-07-30,2019-07-31,4902.8411,4961.0247,4902.7813,4922.9175,7119412700.0,65553974536.0,4897.0183,Development,0.0022849812530127966,22.849812530127966,0.40934708667883085,0.6832148298881413,-0.27386774320931045,0,0,0,0,-22.849812530127966,0.6703555069046396,0.2963513799833134,0.2917499380373261,0.2141427597982118,
2019-07-31,2019-08-01,4914.044,4921.7224,4892.5557,4903.203,6275454700.0,58776188915.0,4922.9175,Development,-0.00742498439167405,-74.2498439167405,0.40086519973379214,0.6832148298881413,-0.28234963015434916,0,0,0,0,74.2498439167405,0.6564174103251774,0.31068144139964765,0.25488404408788845,0.2163624183249685,
2019-08-01,2019-08-02,4877.5573,4900.0866,4850.5281,4870.469,6433250400.0,61801931692.3,4903.203,Development,-0.021348206406514247,-213.48206406514248,0.39032999302332844,0.6832148298881413,-0.29288483686481287,0,1,0,0,213.48206406514248,0.6114202629822952,0.32348280019464226,0.2572806838152749,0.22043855697179815,
2019-08-02,2019-08-05,4773.4302,4816.8104,4756.4044,4809.9198,7900236100.0,73848047874.7,4870.469,Development,0.004709464485308734,47.094644853087345,0.38713184464209743,0.6832148298881413,-0.2960829852460439,0,0,0,0,-47.094644853087345,0.579426285527903,0.3965300489361218,0.25717122655519287,0.14075515011471174,
2019-08-05,2019-08-06,4795.9105,4838.7588,4749.9444,4751.9846,7161254200.0,69025913447.0,4809.9198,Development,-0.027121044064521205,-271.21044064521203,0.5330848442198095,0.6832148298881413,-0.1501299856683318,0,1,0,0,271.21044064521203,0.787780013836592,0.6531285970002463,0.23917651964644362,0.1859049877067598,
2019-08-06,2019-08-07,4665.8404,4684.5159,4558.0604,4650.5627,9866786600.0,84239326255.9,4751.9846,Development,0.0026978848226355545,26.978848226355545,0.521246508791003,0.6832148298881413,-0.16196832109713832,0,0,0,0,-26.978848226355545,0.7560111734806192,0.6437125641965327,0.24992889490538037,0.18111771845862268,
2019-08-07,2019-08-08,4678.4283,4686.7321,4624.7423,4626.3641,6741740600.0,62344725908.4,4650.5627,Development,-0.007814974956439902,-78.14974956439902,0.5331123240649082,0.6832148298881413,-0.15010250582323315,0,0,0,0,78.14974956439902,0.7199053313709857,0.7326772300883868,0.23693629178852088,0.19418064237843782,
2019-08-08,2019-08-09,4641.8665,4663.032,4636.2385,4656.1009,6007779600.0,56743200906.6,4626.3641,Development,0.007622192495195579,76.22192495195578,0.5443321679326213,0.6832148298881413,-0.13888266195552001,0,0,0,0,-76.22192495195578,0.7619663328576324,0.7148675034459622,0.24422467645180837,0.1960705311047437,
2019-08-09,2019-08-12,4677.2477,4690.654,4593.2238,4600.3526,6444333700.0,64477323102.3,4656.1009,Development,-0.014780294830226692,-147.8029483022669,0.5674763275108462,0.6832148298881413,-0.1157385023772951,0,0,0,0,147.8029483022669,0.7482977539325745,0.811617397772984,0.2465249480507956,0.19729207016350192,
2019-08-12,2019-08-13,4608.1166,4685.045,4591.6615,4685.045,6194650700.0,62148044562.9,4600.3526,Development,0.008947777059286954,89.47777059286955,0.5715926504715991,0.6832148298881413,-0.11162217941654218,0,0,0,0,-89.47777059286955,0.7638519930653929,0.7818249833092493,0.26240056372875425,0.22027408426531142,
2019-08-13,2019-08-14,4649.349,4667.715,4638.0294,4658.3884,5869131700.0,57730564572.2,4685.045,Development,0.013798404894964866,137.98404894964867,0.5673146459611099,0.6832148298881413,-0.11590018392703139,0,0,0,0,-137.98404894964867,0.7325269574588421,0.8796564430982653,0.1981788124337506,0.17720211013852602,
2019-08-14,2019-08-15,4713.5026,4731.8627,4677.1302,4683.8403,7114878700.0,69438518109.2,4658.3884,Development,-0.02724262844365455,-272.4262844365455,0.5887244039071257,0.6832148298881413,-0.09449042598101565,0,1,0,0,272.4262844365455,0.8466634563188664,0.8366558770197636,0.16512851726201633,0.1891681837220852,
2019-08-15,2019-08-16,4585.0944,4709.363,4576.4614,4706.5504,7826161100.0,72618382798.6,4683.8403,Development,0.02552774049755646,255.27740497556462,0.44425084803110343,0.6832148298881413,-0.23896398185703788,0,0,0,0,-255.27740497556462,0.4368694837359808,0.8023065535041597,0.1874613992433559,0.18642425466354345,
2019-08-16,2019-08-19,4702.1415,4755.9526,4696.9213,4722.6625,7754245800.0,76502437623.1,4706.5504,Development,0.013380414009233954,133.80414009233954,0.5879295953669375,0.6832148298881413,-0.09528523452120385,0,0,0,0,-133.80414009233954,0.7304957707279439,0.8828278020994377,0.1635834697393994,0.35238053368078803,
2019-08-19,2019-08-20,4765.0581,4875.0363,4765.0581,4875.0363,10658092600.0,105144365497.5,4722.6625,Development,0.023843654708008755,238.43654708008754,0.52677923552588,0.6832148298881413,-0.1564355943622613,0,0,0,0,-238.43654708008754,0.6983530884056063,0.6876183489589716,0.18916557299657302,0.3449351356263483,
2019-08-20,2019-08-21,4878.6745,4912.9917,4864.8159,4872.6061,10020229300.0,94825269892.6,4875.0363,Development,-0.002655864825579113,-26.558648255791127,0.516941520373295,0.6832148298881413,-0.1662733095148463,0,0,0,0,26.558648255791127,0.6573667204477349,0.6750312053311792,0.21181896860158939,0.3614245302249075,
2019-08-21,2019-08-22,4865.7174,4896.2914,4859.328,4882.7213,8494079000.0,83121773981.2,4872.6061,Development,0.005887127764551137,58.87127764551137,0.42049969144608873,0.6832148298881413,-0.2627151384420526,0,0,0,0,-58.87127764551137,0.6571487972885072,0.32037166841687825,0.25246918177234545,0.32388633263346456,
2019-08-22,2019-08-23,4894.3625,4896.5752,4851.9692,4887.9142,8223811000.0,82031364627.7,4882.7213,Development,-0.001191084640747353,-11.91084640747353,0.44068423821246716,0.6832148298881413,-0.24253059167567415,0,0,0,0,11.91084640747353,0.6824309905950862,0.3636241383872761,0.24736740394239373,0.3276382112148367,
2019-08-23,2019-08-26,4888.5329,4902.7831,4861.2002,4887.9024,8250252800.0,81178885784.7,4887.9142,Development,-0.018216058237022326,-182.16058237022327,0.42340280735638003,0.6832148298881413,-0.2598120225317613,0,1,0,0,182.16058237022327,0.6911442273018892,0.28127175512900393,0.2597306313534817,0.32823087337406615,
2019-08-26,2019-08-27,4799.4831,4867.3032,4793.8441,4855.4584,8845314400.0,86780252776.6,4887.9024,Development,0.016419684861480155,164.19684861480155,0.3407009209958482,0.6832148298881413,-0.3425139088922931,0,0,0,0,-164.19684861480155,0.43605163347076864,0.310422285158027,0.2402933687914201,0.3291286539839179,
2019-08-27,2019-08-28,4878.2891,4976.5805,4878.2891,4936.1238,10819263700.0,105376287946.2,4855.4584,Development,0.01057846284673869,105.7846284673869,0.4749137498625524,0.6832148298881413,-0.2083010800255889,0,0,0,0,-105.7846284673869,0.7478502744414275,0.36606005487740784,0.2429716821838595,0.4043379444146485,
2019-08-28,2019-08-29,4929.8939,4948.0177,4910.6033,4928.1935,9899429300.0,92168539738.9,4936.1238,Development,0.0015612912075044783,15.612912075044783,0.4639650031544586,0.6832148298881413,-0.2192498267336827,0,0,0,0,-15.612912075044783,0.726168000113966,0.37388480426708953,0.22901196239622426,0.38748441371097353,
2019-08-29,2019-08-30,4937.5909,4954.9574,4912.22,4934.1838,9681799600.0,94062432252.4,4928.1935,Development,0.005202456120858567,52.02456120858567,0.441339788888057,0.6832148298881413,-0.24187504100008428,0,0,0,0,-52.02456120858567,0.6494148298869529,0.3811219901296395,0.24100044677228025,0.38002807000182687,
2019-08-30,2019-09-02,4963.2785,4975.9723,4862.5821,4886.494,10245163400.0,108135467947.0,4934.1838,Development,-0.013948219911495974,-139.48219911495974,0.37759025571825316,0.6832148298881413,-0.30562457416988814,0,0,0,0,139.48219911495974,0.6763594861202712,0.1361806930076834,0.2461749191644343,0.34586846361896273,
2019-09-02,2019-09-03,4894.0496,5020.2648,4890.2253,5008.2958,10829293000.0,109204318758.9,4886.494,Development,0.025613818870981575,256.1381887098157,0.3866376624007226,0.6832148298881413,-0.2965771674874187,0,0,0,0,-256.1381887098157,0.6689254894662475,0.17588551089484533,0.24079347402216908,0.35612805404227865,
2019-09-03,2019-09-04,5019.4049,5044.1805,4999.8872,5044.1805,10909044900.0,115052722425.3,5008.2958,Development,0.0034105437479250433,34.10543747925043,0.434485753455602,0.6832148298881413,-0.24872907643253933,0,0,0,0,-34.10543747925043,0.6653695492337021,0.3273855514776356,0.24346195232604637,0.3939407674417192,
2019-09-04,2019-09-05,5036.5238,5093.2662,5027.6672,5093.2662,12249922400.0,123208416373.0,5044.1805,Development,0.016489567665698424,164.89567665698422,0.33594898285423225,0.6832148298881413,-0.34726584703390906,0,0,0,0,-164.89567665698422,0.3813767506422608,0.33850193868709166,0.289637605113646,0.2986254479904737,
2019-09-05,2019-09-06,5119.5739,5208.9999,5119.4281,5138.4051,15894736900.0,160737034593.1,5093.2662,Development,0.006369885587548696,63.698855875486956,0.49743320985628897,0.6832148298881413,-0.18578162003185233,0,0,0,0,-63.698855875486956,0.8649251406333099,0.3182617622050913,0.2926311268269954,0.31166575450999384,
2019-09-06,2019-09-09,5152.185,5167.4828,5111.7349,5154.6378,11279857600.0,122605223229.7,5138.4051,Development,0.009805703793632992,98.05703793632992,0.4130474541894025,0.6832148298881413,-0.27016737569873883,0,0,0,0,-98.05703793632992,0.5855213332699337,0.3302617954375947,0.3252951660229415,0.3120747601878206,
2019-09-09,2019-09-10,5202.7058,5263.4594,5171.8514,5263.4594,13294192700.0,139542294574.0,5154.6378,Development,0.011844183078735693,118.44183078735693,0.40742540870691946,0.6832148298881413,-0.27578942118122185,0,0,0,0,-118.44183078735693,0.574807653762872,0.3268236478012853,0.33910748821275033,0.28672836022736226,
2019-09-10,2019-09-11,5264.3276,5264.3276,5212.5251,5245.305,13111154700.0,138175230569.9,5263.4594,Development,-0.00034819261628016296,-3.4819261628016296,0.36574103973052685,0.6832148298881413,-0.31747379015761445,0,0,0,0,3.4819261628016296,0.5623800076547244,0.17492120297295372,0.3600432623032645,0.28965239117984554,
2019-09-11,2019-09-12,5262.4946,5273.9678,5206.9728,5217.2913,11560394100.0,119062341479.8,5245.305,Development,-0.006118809129039393,-61.18809129039393,0.3800329494407713,0.6832148298881413,-0.30318188044737,0,0,0,0,61.18809129039393,0.5594877144422647,0.20708384555280587,0.38567125266306485,0.2935998386858834,
2019-09-12,2019-09-16,5230.2944,5255.7851,5197.5696,5242.6115,9604422600.0,99874269567.8,5217.2913,Development,0.006310600795244037,63.106007952440365,0.3844009955920877,0.6832148298881413,-0.2988138342960536,0,0,0,0,-63.106007952440365,0.5774560494480386,0.23626950351165543,0.38641630379319697,0.23061806851242284,
2019-09-16,2019-09-17,5263.3007,5279.5896,5228.29,5250.3398,11413633900.0,116963948641.2,5242.6115,Development,-0.004890752299217871,-48.90752299217871,0.3946527303103175,0.6832148298881413,-0.2885620995778238,0,0,0,0,48.90752299217871,0.5545403582862504,0.3146199155310151,0.38715515331549666,0.20525811509311773,
2019-09-17,2019-09-18,5237.5592,5237.5592,5118.2077,5140.4502,11477143500.0,113656216325.8,5250.3398,Development,-0.0170873677189175,-170.873677189175,0.4070868413679065,0.6832148298881413,-0.2761279885202348,0,1,0,0,170.873677189175,0.5775835232110007,0.32697966451975385,0.3872345267099595,0.2122658845902758,
2019-09-18,2019-09-19,5148.0631,5163.8104,5119.6137,5141.0381,8955599900.0,92044125712.6,5140.4502,Development,0.00047303227499284617,4.730322749928462,0.2603993633845698,0.6832148298881413,-0.4228154665035715,0,0,0,0,-4.730322749928462,0.21083592056843115,0.24933428232360938,0.36947548703544697,0.23510590120558905,
2019-09-19,2019-09-20,5150.4983,5191.6687,5126.1532,5191.6687,8812931100.0,92724183285.5,5141.0381,Development,0.009364064832328767,93.64064832328766,0.32684687376234445,0.6832148298881413,-0.35636795612579686,0,0,0,0,-93.64064832328766,0.2476341227990282,0.4643948269187145,0.3413197206506803,0.23456488706428222,
2019-09-20,2019-09-23,5198.7279,5220.2351,5180.0778,5204.4848,9418643800.0,104270351934.7,5191.6687,Development,-0.0011241403882669143,-11.241403882669143,0.3278292435335908,0.6832148298881413,-0.35538558635455053,0,0,0,0,11.241403882669143,0.24768439431764086,0.46616290479999195,0.34346049100283427,0.23456017563107218,
2019-09-23,2019-09-24,5192.8838,5192.8838,5124.7981,5171.484,9465768000.0,103757230386.2,5204.4848,Development,-0.004768371670477167,-47.68371670477167,0.33014218972799003,0.6832148298881413,-0.3530726401601513,0,0,0,0,47.68371670477167,0.2545306972261527,0.4678415634684543,0.33882436113878833,0.23790472155873432,
2019-09-24,2019-09-25,5168.1222,5237.4102,5159.3315,5180.7418,9452799600.0,108590216780.5,5171.484,Development,-0.0011553325886913823,-11.553325886913823,0.3216785902301114,0.6832148298881413,-0.3615362396580299,0,0,0,0,11.553325886913823,0.23315745283887104,0.48662785342005593,0.3125352989699953,0.23369682208675377,
2019-09-25,2019-09-26,5162.1513,5162.1513,5087.0091,5087.0091,9220292000.0,103768929295.1,5180.7418,Development,-0.012133236001819703,-121.33236001819702,0.3483479910394274,0.6832148298881413,-0.33486683884871393,0,0,0,0,121.33236001819702,0.25780177658607023,0.5636176580290426,0.2983164203943281,0.23283018915799622,
2019-09-26,2019-09-27,5099.5177,5108.8037,4970.2403,4970.2403,9467075200.0,100909210437.1,5087.0091,Development,-0.024607287861752147,-246.07287861752147,0.3586600469331732,0.6832148298881413,-0.3245547829549681,0,1,0,0,246.07287861752147,0.26754577444844746,0.5792771418997098,0.30002549347130414,0.24682047078184632,
2019-09-27,2019-09-30,4974.0324,5033.185,4974.0324,5005.6299,7432983300.0,77773539941.2,4970.2403,Development,0.0070578752160923575,70.57875216092357,0.4187731708019647,0.6832148298881413,-0.2644416590861766,0,0,0,0,-70.57875216092357,0.27673253422705724,0.7451452769704593,0.3017105024996633,0.3104195066444416,
2019-09-30,2019-10-08,5009.1385,5022.4285,4940.903,4940.903,6578513000.0,66977336936.6,5005.6299,Development,-0.01079237477662065,-107.9237477662065,0.45101637249610455,0.6832148298881413,-0.23219845739203676,0,0,0,0,107.9237477662065,0.2893658890396944,0.8680998446609699,0.2710840576509951,0.3120345064644869,
2019-10-08,2019-10-09,4955.078,4994.4433,4937.0284,4941.7607,6644342500.0,69528043024.5,4940.903,Development,-0.005826245318439116,-58.26245318439116,0.4527283528740721,0.6832148298881413,-0.2304864770140692,0,0,0,0,58.26245318439116,0.3088105785868156,0.8275148942581676,0.28620750891467023,0.3316433362565025,
2019-10-09,2019-10-10,4926.2085,4985.4405,4904.3222,4982.9535,6650575900.0,67224088877.7,4941.7607,Development,0.012572001367786356,125.72001367786356,0.468874891546115,0.6832148298881413,-0.2143399383420263,0,0,0,0,-125.72001367786356,0.38299452545981466,0.8298595969325425,0.28809425406483946,0.26822081159000877,
2019-10-10,2019-10-11,4988.1408,5049.2193,4979.1948,5046.3594,7381815400.0,75962306588.5,4982.9535,Development,0.013967127792383183,139.67127792383184,0.4509625227603647,0.6832148298881413,-0.2322523071277766,0,0,0,0,-139.67127792383184,0.41838311137915374,0.7111224402323454,0.28992681684902954,0.2863380119975574,
2019-10-11,2019-10-14,5057.8108,5074.9035,5012.3843,5055.5165,8278601600.0,82692670947.9,5046.3594,Development,0.007395610765037031,73.95610765037031,0.42343187208062144,0.6832148298881413,-0.25978295780751987,0,0,0,0,-73.95610765037031,0.36393618888307583,0.6959911031483923,0.2703678635950737,0.28334455617443505,
2019-10-14,2019-10-15,5095.2164,5151.6944,5089.3126,5131.1312,10368887800.0,100737694041.6,5055.5165,Development,0.003931413001418305,39.31413001418305,0.4313706712082414,0.6832148298881413,-0.2518441586798999,0,0,0,0,-39.31413001418305,0.38257002015547475,0.682532632317273,0.29864159544752267,0.2780411019255536,
2019-10-15,2019-10-16,5115.2478,5115.2478,5057.2839,5061.0029,8832143000.0,86494758013.9,5131.1312,Development,-0.009953633135817874,-99.53633135817874,0.40908551135203614,0.6832148298881413,-0.27412931853610517,0,0,0,0,99.53633135817874,0.3251449545082992,0.6580502289590757,0.31486464137707143,0.2813246350482338,
2019-10-16,2019-10-17,5064.3325,5086.9729,5036.5028,5038.356,7822140800.0,73744399915.3,5061.0029,Development,-0.004948588979890256,-49.48588979890256,0.38553852850921483,0.6832148298881413,-0.2976763013789265,0,0,0,0,49.48588979890256,0.3126834586934092,0.5890988931010886,0.3242697594352891,0.2683694713086705,
2019-10-17,2019-10-18,5039.2712,5049.3606,5017.4677,5029.854,7051450800.0,65942908151.8,5038.356,Development,-0.0010823985817631776,-10.823985817631776,0.41940058732743135,0.6832148298881413,-0.26381424256070996,0,0,0,0,10.823985817631776,0.3228238403738016,0.693518752582548,0.3256380965461389,0.27384281023171714,
2019-10-18,2019-10-21,5033.8167,5056.5575,4953.1478,4961.8072,8203885000.0,74431254150.2,5029.854,Development,-0.015301272293049561,-153.0127229304956,0.4019496601259143,0.6832148298881413,-0.281265169762227,0,0,0,0,153.0127229304956,0.35534765069828755,0.5885659486318637,0.3269899132941635,0.2774700771678669,
2019-10-21,2019-10-22,4956.7929,4957.2357,4906.3624,4951.0354,6989927100.0,65366244551.4,4961.8072,Development,-0.0005417615894341976,-5.417615894341976,0.32027962090746015,0.6832148298881413,-0.36293520898068116,0,0,0,0,5.417615894341976,0.3750131741024944,0.2635210451044077,0.3283255432956186,0.2922351847396363,
2019-10-22,2019-10-23,4954.1075,5011.0127,4954.1075,5005.5525,6553498200.0,63627854013.6,4951.0354,Development,0.01115230139838519,111.5230139838519,0.38790882793057047,0.6832148298881413,-0.29530600195757084,0,0,0,0,-111.5230139838519,0.3881635031572354,0.48650943660755386,0.3296453104385494,0.29492891444071523,
2019-10-23,2019-10-24,5009.3572,5009.9404,4955.0555,4967.1949,6903650700.0,65559048969.1,5005.5525,Development,-0.0095165703096598,-95.165703096598,0.33603697787005393,0.6832148298881413,-0.3471778520180874,0,0,0,0,95.165703096598,0.37776511248372635,0.3350236126690911,0.33094952924523546,0.2561333227768101,
2019-10-24,2019-10-25,4961.6853,4972.7625,4921.1123,4958.2465,6486844300.0,62074661055.7,4967.1949,Development,-0.0016845485948090433,-16.845485948090435,0.3448177567072761,0.6832148298881413,-0.3383970731808652,0,0,0,0,16.845485948090435,0.44715771914874614,0.2723155661624379,0.33908330766562117,0.26210903740489433,
2019-10-25,2019-10-28,4953.3271,5001.5089,4922.0836,4994.5684,7315877700.0,72672829238.8,4958.2465,Development,0.014684453203181347,146.84453203181346,0.36350380087517303,0.6832148298881413,-0.3197110290129683,0,0,0,0,-146.84453203181346,0.4198050030240704,0.4225568452337558,0.2733917092281645,0.2644250446958833,
2019-10-28,2019-10-29,5026.064,5084.6884,5026.064,5084.4677,10290739500.0,101064614545.5,4994.5684,Development,0.010916196053213811,109.16196053213811,0.38226773508770373,0.6832148298881413,-0.3009470948004376,0,0,0,0,-109.16196053213811,0.4431801913149562,0.45470225892894117,0.27548056841062946,0.2729007030636042,
2019-10-29,2019-10-30,5080.9295,5080.9295,5007.7126,5007.7126,10870630500.0,105275425054.2,5084.4677,Development,-0.02071595364588308,-207.1595364588308,0.35932966228049146,0.6832148298881413,-0.32388516760764985,0,1,0,0,207.1595364588308,0.3592901403316025,0.4569756146973916,0.2959739996143409,0.2756472658582622,
2019-10-30,2019-10-31,4975.6732,4984.4037,4938.1025,4947.8954,8576215500.0,83620058905.4,5007.7126,Development,-0.00515453868634308,-51.5453868634308,0.3595673104558631,0.6832148298881413,-0.3236475194322782,0,0,0,0,51.5453868634308,0.3334394468261804,0.4591315146814377,0.31968725821441324,0.295686735106177,
2019-10-31,2019-11-01,4950.0259,4967.7453,4911.3756,4917.4174,7958268700.0,79650641370.5,4947.8954,Development,-0.008359188585255528,-83.59188585255528,0.3888440209798556,0.6832148298881413,-0.2943708089082857,0,0,0,0,83.59188585255528,0.25176036239563726,0.6632959795908906,0.3176013261512366,0.2978145732913592,
2019-11-01,2019-11-04,4908.6477,4967.0484,4896.0073,4962.3495,7415565600.0,72447112677.3,4917.4174,Development,0.013387699426870459,133.87699426870458,0.39160164393013736,0.6832148298881413,-0.29161318595800395,0,0,0,0,-133.87699426870458,0.28738394539796175,0.6565629967047294,0.2783846219843592,0.30505529113091917,
2019-11-04,2019-11-05,4974.3632,5016.9371,4974.3632,4987.8364,8127822700.0,82241598022.4,4962.3495,Development,0.004241427324808145,42.41427324808144,0.43509880760368663,0.6832148298881413,-0.24811602228445467,0,0,0,0,-42.41427324808144,0.3232052635073492,0.7585505119554704,0.2803932703858529,0.3195522198673034,
2019-11-05,2019-11-06,4995.4616,5041.2355,4972.7168,5025.3029,8507295100.0,84235951765.0,4987.8364,Development,0.005333481094119685,53.33481094119685,0.3505593880261575,0.6832148298881413,-0.3326554418619838,0,0,0,0,-53.33481094119685,0.36273705042597376,0.4582854743388729,0.2610607566370029,0.2592218225393834,
2019-11-06,2019-11-07,5022.1048,5027.7894,4955.8258,4974.7343,8321627500.0,82703564204.0,5025.3029,Development,-0.01026975781150552,-102.6975781150552,0.3606659781943865,0.6832148298881413,-0.3225488516937548,0,0,0,0,102.6975781150552,0.40677171477930696,0.4488623138016389,0.249761811792463,0.26084092944138404,
2019-11-07,2019-11-08,4970.529,5020.2236,4960.8385,5007.0666,7209219800.0,70612908509.6,4974.7343,Development,0.013303936059924304,133.03936059924303,0.3560946028790928,0.6832148298881413,-0.3271202270090485,0,0,0,0,-133.03936059924303,0.3870249109830608,0.4514525340258937,0.26183172030810764,0.25310278218636345,
2019-11-08,2019-11-11,5036.6566,5051.5643,4985.9488,4988.2938,7909655600.0,80301698426.8,5007.0666,Development,-0.01498261763567521,-149.82617635675211,0.3658780691936985,0.6832148298881413,-0.31733676069444283,0,0,0,0,149.82617635675211,0.40446318317091956,0.4715894432975259,0.2641152636155791,0.23881365498031976,
2019-11-11,2019-11-12,4961.1943,4961.1943,4868.4348,4876.1594,7709640100.0,71951297699.8,4988.2938,Development,-0.01657304572812235,-165.7304572812235,0.40479876587890995,0.6832148298881413,-0.27841606400923136,0,0,0,0,165.7304572812235,0.5308633564817872,0.4317400473742434,0.27941754711106265,0.26216344403675224,
2019-11-12,2019-11-13,4878.9722,4887.2957,4823.4288,4881.6144,6878549300.0,64024939307.4,4876.1594,Development,-9.018292828066876e-07,-0.009018292828066876,0.4718327567633031,0.6832148298881413,-0.2113820731248382,0,0,0,0,0.009018292828066876,0.4656525980781265,0.7695886760804131,0.2699843638580336,0.24143427540910642,
2019-11-13,2019-11-14,4878.9678,4888.1914,4853.5946,4875.543,6060640800.0,60162199835.3,4881.6144,Development,-0.0007621489119071789,-7.621489119071789,0.5084859620348944,0.6832148298881413,-0.17472886785324693,0,0,0,0,7.621489119071789,0.485146623497041,0.8939216650624094,0.2576851213249084,0.22842073210591157,
2019-11-14,2019-11-15,4875.2493,4925.4416,4871.5569,4912.1075,6391011200.0,68278831817.1,4875.543,Development,0.007170074359069245,71.70074359069245,0.41028733687939967,0.6832148298881413,-0.27292749300874164,0,0,0,0,-71.70074359069245,0.4582695023790577,0.5887755592204498,0.2431819475166706,0.22574075646954125,
2019-11-15,2019-11-18,4910.2052,4936.9848,4868.4367,4868.4367,7007640400.0,74051052837.1,4912.1075,Development,-0.00976026419425402,-97.6026419425402,0.38382544292265774,0.6832148298881413,-0.29938938696548356,0,0,0,0,97.6026419425402,0.46468982272041887,0.4931027338979694,0.2458056676190088,0.2105305676881373,
2019-11-18,2019-11-19,4862.2803,4901.001,4851.39,4892.4609,6396537200.0,63914780872.7,4868.4367,Development,0.006182161073683856,61.821610736838565,0.3131267816685988,0.6832148298881413,-0.3700880482195425,0,0,0,0,-61.821610736838565,0.44244012301379376,0.32224887651761647,0.26111060012475323,0.0938945149470663,
2019-11-19,2019-11-20,4892.3397,4975.1128,4890.7563,4975.1128,7236336900.0,73229636654.5,4892.4609,Development,0.017050410461072252,170.50410461072252,0.4282450168415202,0.6832148298881413,-0.2549698130466211,0,0,0,0,-170.50410461072252,0.5923857541628124,0.5433331166849182,0.26340662163708606,0.1046945687139245,
2019-11-20,2019-11-21,4975.7561,4991.6959,4941.9109,4946.2757,7899827700.0,81388200081.2,4975.1128,Development,-0.009225693357437503,-92.25693357437504,0.43891018539103893,0.6832148298881413,-0.24430464449710237,0,0,0,0,92.25693357437504,0.6110492762357597,0.5411532430058127,0.2762602017129215,0.1178329940775648,
2019-11-21,2019-11-22,4929.8513,4963.0886,4919.5937,4945.7188,6616751300.0,63282046848.6,4946.2757,Development,0.00496138696921733,49.613869692173296,0.47624120355817906,0.6832148298881413,-0.20697362632996225,0,0,0,0,-49.613869692173296,0.6950471416781254,0.5390850001765547,0.3116446719953666,0.12762217187000277,
2019-11-22,2019-11-25,4954.3102,5018.0642,4876.8117,4904.0828,8802769500.0,89306629279.5,4945.7188,Development,-0.009954019431403394,-99.54019431403394,0.48065270858790154,0.6832148298881413,-0.20256212130023976,0,0,0,0,99.54019431403394,0.7329643799102464,0.510009429786459,0.3034746485176827,0.13673597752699357,
2019-11-25,2019-11-26,4904.9949,4915.3452,4853.8425,4901.5021,8634726500.0,78620478553.6,4904.0828,Development,0.0002923550440390166,2.9235504403901658,0.4710910567886716,0.6832148298881413,-0.21212377309946973,0,0,0,0,-2.9235504403901658,0.6912820581563605,0.5095136849815436,0.31515895568197866,0.15035221856650904,
2019-11-26,2019-11-27,4906.4289,4920.6768,4882.1624,4882.1624,8125973000.0,74550160674.7,4901.5021,Development,-0.005100838208416669,-51.00838208416669,0.43829171054870114,0.6832148298881413,-0.24492311933944017,0,0,0,0,51.00838208416669,0.7059339101247915,0.36934833238842657,0.316641360986542,0.15747217887795859,
2019-11-27,2019-11-28,4881.402,4935.6277,4872.3024,4904.2568,7264694000.0,70087736428.7,4882.1624,Development,0.0033290640680689876,33.290640680689876,0.377107112920819,0.6832148298881413,-0.3061077169673223,0,0,0,0,-33.290640680689876,0.7471353756959653,0.12222671681628162,0.3175724793507369,0.11869786886543607,
2019-11-28,2019-11-29,4897.6525,4916.8046,4878.0072,4889.2595,5967231400.0,56925664898.3,4904.2568,Development,-0.0018997060326351178,-18.99706032635118,0.3997025472939642,0.6832148298881413,-0.2835122825941771,0,0,0,0,18.99706032635118,0.7460397063972337,0.2210274713477155,0.29119466164936453,0.12561580986677603,
2019-11-29,2019-12-02,4888.3484,4909.411,4850.5879,4894.9416,6139562000.0,58933970584.8,4889.2595,Development,0.001898841743767754,18.98841743767754,0.3899274300516272,0.6832148298881413,-0.2932873998365141,0,0,0,0,-18.98841743767754,0.7003705652020934,0.23448514807630144,0.2944199318417476,0.13358257135229118,
2019-12-02,2019-12-03,4897.6306,4930.5853,4889.319,4905.4209,6315015900.0,61517277181.6,4894.9416,Development,-0.0016791180617011792,-16.79118061701179,0.34756841910469377,0.6832148298881413,-0.33564641078344754,0,0,0,0,16.79118061701179,0.5272134792531165,0.287392866494817,0.2961854425864537,0.14178147606915986,
2019-12-03,2019-12-04,4889.4069,4926.4548,4863.662,4926.4548,6034552500.0,59970188116.3,4905.4209,Development,0.0026748438547834485,26.748438547834485,0.3420705960664324,0.6832148298881413,-0.3411442338217089,0,0,0,0,-26.748438547834485,0.6073810244677738,0.172658855491563,0.3017330997601607,0.13022053914072731,
2019-12-04,2019-12-05,4902.4853,4935.5695,4901.0364,4920.6682,6349645000.0,65049445239.8,4926.4548,Development,0.005158689614020773,51.58689614020773,0.3783068315201455,0.6832148298881413,-0.3049079983679958,0,0,0,0,-51.58689614020773,0.681146076902835,0.2243071899372129,0.2934194321324221,0.12099298201018191,
2019-12-05,2019-12-06,4927.7757,4978.9896,4923.1116,4967.6021,7407710400.0,77991494680.4,4920.6682,Development,0.00817109025477758,81.7109025477758,0.4771342735077753,0.6832148298881413,-0.206080556380366,0,0,0,0,-81.7109025477758,0.9419248408961587,0.24814873468033777,0.3005567982066884,0.13297303929447063,
2019-12-06,2019-12-09,4968.041,5010.513,4954.7856,5010.5104,7370595700.0,77615890698.4,4967.6021,Development,0.010503254703413178,105.03254703413178,0.4363520722915512,0.6832148298881413,-0.2468627575965901,0,0,0,0,-105.03254703413178,0.8945749421585202,0.1692297194836723,0.2876065865352792,0.13461763415290398,
2019-12-09,2019-12-10,5020.2216,5040.2408,5005.8413,5024.604,8848641500.0,92501704118.5,5010.5104,Development,-0.001543756554491571,-15.43756554491571,0.43772573916048774,0.6832148298881413,-0.24548909072765357,0,0,0,0,15.43756554491571,0.8632000795225326,0.20248106826314896,0.29115661539692134,0.14680348513638908,
2019-12-10,2019-12-11,5012.4716,5054.3122,4998.1479,5049.0514,8293633000.0,85621362339.6,5024.604,Development,0.006476864627023682,64.76864627023681,0.41391472101414034,0.6832148298881413,-0.26930010887400097,0,0,0,0,-64.76864627023681,0.8185787059106078,0.15181705437201212,0.31111980832087693,0.15401767468610855,
2019-12-11,2019-12-12,5044.9367,5052.3501,5007.5596,5027.2784,8601103800.0,87198618378.9,5049.0514,Development,-0.0038545577786932572,-38.54557778693257,0.4283410636458284,0.6832148298881413,-0.2548737662423129,0,0,0,0,38.54557778693257,0.8193739392876933,0.19977274775323853,0.3055098033644717,0.1662837386057631,
2019-12-12,2019-12-13,5025.4907,5044.1972,5008.3676,5012.0011,8005543900.0,82031906194.2,5027.2784,Development,0.004458589486594722,44.58589486594722,0.4191015947874923,0.6832148298881413,-0.264113235100649,0,0,0,0,-44.58589486594722,0.7901916475938665,0.18854391928085715,0.3183739681027893,0.17251165140202568,
2019-12-13,2019-12-16,5047.8973,5082.7599,5029.8833,5073.6858,9997918400.0,100214793147.7,5012.0011,Development,0.009400112003071115,94.00112003071115,0.41915857227170705,0.6832148298881413,-0.26405625761643425,0,0,0,0,-94.00112003071115,0.7415663123524155,0.2504979540865347,0.3150167477188803,0.1723932151843898,
2019-12-16,2019-12-17,5095.3481,5166.0391,5081.9093,5166.0391,11652253300.0,118077922881.6,5073.6858,Development,0.014107181411216807,141.07181411216806,0.4026664776435229,0.6832148298881413,-0.2805483522446184,0,0,0,0,-141.07181411216806,0.6812704170131108,0.2526074519421537,0.32594922167097123,0.17872262842280323,
2019-12-17,2019-12-18,5167.2291,5257.8279,5161.1524,5236.0624,15021914200.0,143007732176.6,5166.0391,Development,0.013207659013996453,132.07659013996454,0.3955715546894011,0.6832148298881413,-0.2876432751987402,0,0,0,0,-132.07659013996454,0.6253599507261093,0.2722970464359355,0.34781102178785106,0.18867233529459226,
2019-12-18,2019-12-19,5235.4761,5267.4061,5221.698,5235.1248,12926439800.0,126380736889.7,5236.0624,Development,0.0002748556143730152,2.748556143730152,0.3903140886178903,0.6832148298881413,-0.292900741270251,0,0,0,0,-2.748556143730152,0.5945209027188668,0.27251554229051883,0.37014517645756473,0.190254318946663,
2019-12-19,2019-12-20,5236.9151,5255.1689,5215.884,5241.7376,11366629400.0,111318995285.2,5235.1248,Development,0.0013936258008075963,13.936258008075963,0.4012911415488384,0.6832148298881413,-0.2819236883393029,0,0,0,0,-13.936258008075963,0.5897445665326692,0.28960983933511214,0.401930672780299,0.19539053688896044,
2019-12-20,2019-12-23,5244.2134,5258.0056,5182.0632,5184.6752,11799847200.0,107404905741.8,5241.7376,Development,-0.01581383015420379,-158.1383015420379,0.4071414337482022,0.6832148298881413,-0.2760733961399391,0,0,0,0,158.1383015420379,0.5963536236698044,0.3046639363086796,0.3967758011093162,0.19865389556243027,
2019-12-23,2019-12-24,5161.2823,5188.85,5079.4417,5084.3505,10565253000.0,98214944067.9,5184.6752,Development,-0.012104995690702558,-121.04995690702557,0.41529588469291484,0.6832148298881413,-0.26791894519522647,0,0,0,0,121.04995690702557,0.6005052683710891,0.3180594471608201,0.40076389239450144,0.2118711994682786,
2019-12-24,2019-12-25,5098.805,5165.1561,5092.9061,5162.0702,8545191600.0,80244021672.9,5084.3505,Development,0.011485377456090129,114.85377456090129,0.46218243300167694,0.6832148298881413,-0.22103239688646437,0,0,0,0,-114.85377456090129,0.5499670478697933,0.5545349736143099,0.3831965899821677,0.22262871448664712,
2019-12-25,2019-12-26,5157.3667,5195.8663,5153.5138,5183.0986,9591867600.0,97321480183.4,5162.0702,Development,0.004656387919827587,46.56387919827587,0.4682784363217741,0.6832148298881413,-0.21493639356636718,0,0,0,0,-46.56387919827587,0.444230100150171,0.6985152025630195,0.3839636319148357,0.23239966582379157,
2019-12-26,2019-12-27,5181.3814,5219.1404,5171.4403,5219.1404,9562553300.0,89169212218.4,5183.0986,Development,0.008123065404912921,81.23065404912921,0.3595737347681324,0.6832148298881413,-0.3236410951200089,0,0,0,0,-81.23065404912921,0.13175387987271714,0.684773907509406,0.39080615150801545,0.23164605110632167,
2019-12-27,2019-12-30,5223.4701,5252.7878,5175.852,5179.1929,12625962800.0,116273066098.6,5219.1404,Development,-0.012091559593688461,-120.91559593688461,0.3451873920758979,0.6832148298881413,-0.3380274378122434,0,0,0,0,120.91559593688461,0.17655164333953582,0.6182530070987552,0.36967087821515815,0.19200873840918398,
2019-12-30,2019-12-31,5160.3102,5242.1238,5119.8558,5241.9383,11686945600.0,106835905579.0,5179.1929,Development,0.015426010630136266,154.26010630136267,0.35915640639920926,0.6832148298881413,-0.32405842348893205,0,0,0,0,-154.26010630136267,0.20546121224697114,0.6115811284732007,0.3900340153699232,0.20155871800849837,
2019-12-31,2020-01-02,5239.9132,5269.8736,5228.1726,5267.6622,10388965800.0,95356584996.5,5241.9383,Development,0.012739619427283744,127.39619427283743,0.40738740104265314,0.6832148298881413,-0.27582742884548817,0,0,0,0,-127.39619427283743,0.25159537741424437,0.7669031880518524,0.33077885082149566,0.21462958054101444,
2020-01-02,2020-01-03,5306.6677,5374.9082,5288.1675,5366.1375,14589440500.0,136813752305.0,5267.6622,Development,0.013071310268777614,130.71310268777614,0.39991806963603765,0.6832148298881413,-0.28329676025210365,0,0,0,0,-130.71310268777614,0.24265716387256428,0.7444181362191223,0.3367187543764284,0.2181214363449826,
2020-01-03,2020-01-06,5376.0328,5395.2585,5351.8049,5380.6372,12845202100.0,122199725543.2,5366.1375,Development,-0.0020118366837345025,-20.118366837345025,0.3823484105860373,0.6832148298881413,-0.300866419302104,0,0,0,0,20.118366837345025,0.22514893780641643,0.7251171734264876,0.3130164242824244,0.2118834364394111,
2020-01-06,2020-01-07,5365.2171,5481.55,5355.0237,5434.8503,15958741400.0,158190935628.3,5380.6372,Development,0.01429319607588675,142.9319607588675,0.38960647368357737,0.6832148298881413,-0.29360835620456394,0,0,0,0,-142.9319607588675,0.24060108012235282,0.7083017086255895,0.34411679376750176,0.2110745837372619,
2020-01-07,2020-01-08,5441.9032,5499.8395,5440.6916,5499.8395,14414272200.0,142194161767.8,5434.8503,Development,0.007365290878382558,73.65290878382558,0.4166342468253603,0.6832148298881413,-0.266580583062781,0,0,0,0,-73.65290878382558,0.3107668810158773,0.71914050571434,0.33168716654720964,0.22901868149725457,
2020-01-08,2020-01-09,5481.9844,5500.1601,5409.569,5423.7966,15540684700.0,149838069326.0,5499.8395,Development,-0.0029418179300182423,-29.418179300182423,0.36014587275748794,0.6832148298881413,-0.32306895713065337,0,0,0,0,29.418179300182423,0.3403087832305636,0.449344923722288,0.36655010799947557,0.23739552535606878,
2020-01-09,2020-01-10,5465.8574,5497.5429,5457.3498,5497.5429,13243166700.0,135961014647.3,5423.7966,Development,0.0083823079614187,83.82307961418701,0.30519797558183925,0.6832148298881413,-0.37801685430630205,0,0,0,0,-83.82307961418701,0.3164434978868004,0.26500584807589284,0.38544327452291816,0.24130017777521956,
2020-01-10,2020-01-13,5511.6739,5516.0948,5455.2516,5480.2279,11381982100.0,118196969042.4,5497.5429,Development,-0.006052244854326427,-60.522448543264275,0.2963359539528899,0.6832148298881413,-0.3868788759352514,0,0,0,0,60.522448543264275,0.26655356434241984,0.3237613373831178,0.34644595535177564,0.24272785894877189,
2020-01-13,2020-01-14,5478.3159,5559.6272,5447.7315,5559.6272,11807618100.0,128651948006.7,5480.2279,Development,0.017945880046822404,179.45880046822404,0.3144731779407458,0.6832148298881413,-0.3687416519473955,0,0,0,0,-179.45880046822404,0.3087996650154261,0.3352451211526384,0.34237731388761705,0.25181030535929,
2020-01-14,2020-01-15,5576.6291,5583.7202,5539.8997,5542.3316,12981138300.0,134845327468.6,5559.6272,Development,-0.007830501045873794,-78.30501045873794,0.3484926993113412,0.6832148298881413,-0.3347221305768001,0,0,0,0,78.30501045873794,0.314309168452985,0.45303495555204126,0.33985806982842715,0.25005636950312954,
2020-01-15,2020-01-16,5532.9613,5545.1012,5492.6508,5530.0266,11242502000.0,118142835148.1,5542.3316,Development,0.0011675122325542908,11.675122325542908,0.34958895271603574,0.6832148298881413,-0.33362587717210557,0,0,0,0,-11.675122325542908,0.45620246553138366,0.25312230074795594,0.3718043422274223,0.2613057183494043,
2020-01-16,2020-01-17,5539.4211,5559.0175,5514.6912,5527.6676,11189727600.0,122337955367.5,5530.0266,Development,5.450027982178973e-05,0.5450027982178973,0.40575727324989264,0.6832148298881413,-0.27745755663824867,0,0,0,0,-0.5450027982178973,0.50021826095445,0.4003095635201326,0.3726723985664725,0.26005286909449093,
2020-01-17,2020-01-20,5539.723,5555.4119,5499.4674,5510.0453,10494932900.0,110491857886.6,5527.6676,Development,-0.0030169739533908446,-30.169739533908448,0.39293043144157663,0.6832148298881413,-0.2902843984465647,0,0,0,0,30.169739533908448,0.49631889717319244,0.40573624108726264,0.31514345011595973,0.25777687420466583,
2020-01-20,2020-01-21,5523.0098,5587.5359,5500.5937,5587.5359,11540300100.0,128212120829.0,5510.0453,Development,0.010501592809051274,105.01592809051274,0.4046842253275224,0.6832148298881413,-0.2785306045606189,0,0,0,0,-105.01592809051274,0.5265201060036705,0.41081868231458357,0.3089906610310168,0.2666263300710456,
2020-01-21,2020-01-22,5581.0102,5581.98,5515.1928,5523.9419,12460480800.0,135220987296.1,5587.5359,Development,-0.014051792989018264,-140.51792989018264,0.38714878774378075,0.6832148298881413,-0.29606604214436055,0,0,0,0,140.51792989018264,0.4737695865360612,0.43747577544100225,0.2744932039262181,0.26990878958919534,
2020-01-22,2020-01-23,5502.587,5597.9935,5440.1998,5575.5126,12347477000.0,138250254243.4,5523.9419,Development,0.003490194702964189,34.90194702964189,0.37035011192739337,0.6832148298881413,-0.31286471796074794,0,0,0,0,-34.90194702964189,0.4102822326540091,0.4406881897159047,0.2853828689315005,0.2792326783727928,
2020-01-23,2020-02-03,5521.7921,5558.4257,5326.9315,5377.7411,14577307100.0,161861917529.5,5575.5126,Development,-0.11316934587232996,-1131.6934587232997,0.4583557119524708,0.6832148298881413,-0.22485911793567048,0,1,0,0,1131.6934587232997,0.4248644560886301,0.7494881276447616,0.2665490043283249,0.283777126184824,
2020-02-03,2020-02-04,4896.8945,4960.7456,4896.8945,4910.9011,8177708400.0,89455038460.2,5377.7411,Development,-0.03283137915264467,-328.31379152644666,0.44928079085885503,0.6832148298881413,-0.23393403902928628,0,1,0,0,328.31379152644666,0.4563544322614476,0.6757323103410042,0.251817006435204,0.3094718473671047,
2020-02-04,2020-02-05,4736.1227,5013.7695,4736.1227,4996.4743,18967227900.0,175374996025.5,4910.9011,Development,0.06319223950849095,631.9223950849096,0.724750504178556,0.6832148298881413,0.041535674290414715,1,0,0,0,-631.9223950849096,0.8114856071969074,0.958071020136663,0.25428127906827197,0.7790226918645112,预测大跌
2020-02-05,2020-02-06,5035.4089,5178.4378,5026.4083,5123.9619,17109533900.0,177352350637.2,4996.4743,Development,0.01842499821613286,184.2499821613286,0.7812741696058476,0.6832148298881413,0.0980593397177063,1,0,0,0,-184.2499821613286,0.9402081710162972,0.9198525903040099,0.2567007006491581,0.9223157002023065,预测大跌
2020-02-06,2020-02-07,5128.1863,5299.178,5100.4818,5282.8922,18595745600.0,197274056315.6,5123.9619,Development,0.031021240394484062,310.2124039448406,0.7810256501693087,0.6832148298881413,0.09781082028116739,1,0,0,0,-310.2124039448406,0.9004641956952388,0.8684126340778314,0.38976039320560923,0.912281247411879,预测大跌
2020-02-07,2020-02-10,5287.269,5329.3558,5226.6999,5327.0369,19114764200.0,203495543097.8,5282.8922,Development,0.006570480904224851,65.70480904224851,0.7676971564296514,0.6832148298881413,0.08448232654151011,1,0,0,0,-65.70480904224851,0.8751717968495005,0.8150462431074641,0.43836971690263615,0.9092778732009458,预测大跌
2020-02-10,2020-02-11,5322.0089,5389.0387,5301.4121,5388.4349,17670328200.0,186767921839.1,5327.0369,Development,0.01287419868839379,128.7419868839379,0.771770475170322,0.6832148298881413,0.08855564528218074,1,0,0,0,-128.7419868839379,0.8634681932537461,0.7847327573620203,0.5221353695026952,0.89747710070056,预测大跌
2020-02-11,2020-02-12,5390.5255,5396.9558,5323.7602,5361.2768,15250817700.0,157302894199.0,5388.4349,Development,-0.008348629461079393,-83.48629461079393,0.7551790307743783,0.6832148298881413,0.071964200886237,1,0,0,1,83.48629461079393,0.828795616953177,0.7595470578861944,0.538496220253545,0.8890386021648979,预测大跌
2020-02-12,2020-02-13,5345.522,5461.6736,5340.487,5459.9461,15104147300.0,164552224783.9,5361.2768,Development,0.02079069172290371,207.9069172290371,0.7392845073924658,0.6832148298881413,0.056069677504324456,1,0,0,0,-207.9069172290371,0.8056083546542415,0.730972093661308,0.5477804414772779,0.8762111466241013,预测大跌
2020-02-13,2020-02-14,5456.6591,5482.7951,5397.2324,5412.8418,15820264200.0,175679828632.4,5459.9461,Development,-0.009013812132775523,-90.13812132775523,0.7252862857404698,0.6832148298881413,0.04207145585232852,1,0,0,1,90.13812132775523,0.765464814206991,0.7342700790508692,0.5475052463944775,0.8686342035566524,预测大跌
2020-02-14,2020-02-17,5407.4738,5474.4682,5375.9258,5420.8025,14534649600.0,162742004601.2,5412.8418,Development,0.008689602897382631,86.8960289738263,0.7151942253635909,0.6832148298881413,0.03197939547544959,1,0,0,0,-86.8960289738263,0.7488121296559764,0.678133079088708,0.6031253642443013,0.86270786876234,预测大跌
2020-02-17,2020-02-18,5454.4626,5594.4366,5454.4626,5594.4366,17463665700.0,183878721181.5,5420.8025,Development,0.02811963547059615,281.1963547059615,0.7110494489351832,0.6832148298881413,0.027834619047041875,1,0,0,0,-281.1963547059615,0.7286843246494498,0.6929231165997226,0.6024694066190046,0.8545939778141676,预测大跌
2020-02-18,2020-02-19,5607.8401,5660.8142,5577.8981,5660.8142,18509870100.0,206428524429.9,5594.4366,Development,0.008263020908887864,82.63020908887864,0.5860849180738947,0.6832148298881413,-0.09712991181424657,0,0,0,0,-82.63020908887864,0.677778703683036,0.29367463532673155,0.6246777846273492,0.8498884269510051,
2020-02-19,2020-02-20,5654.1778,5678.8191,5601.3916,5603.2626,18564208500.0,210591418572.0,5660.8142,Development,-0.006129538409634039,-61.295384096340385,0.5784453066830418,0.6832148298881413,-0.10476952320509947,0,0,0,0,61.295384096340385,0.6710058051068513,0.22615657434009565,0.6937908425421556,0.8396594173263208,
2020-02-20,2020-02-21,5619.5203,5712.1825,5580.0672,5706.7127,19207602600.0,205564978649.7,5603.2626,Development,0.015182025412382671,151.82025412382671,0.5829690221452852,0.6832148298881413,-0.10024580774285607,0,0,0,0,-151.82025412382671,0.6659191864508244,0.24964017076567896,0.6950243539138017,0.8359493317286152,
2020-02-21,2020-02-24,5704.836,5822.3973,5700.9519,5784.0321,20723623900.0,230175046237.0,5706.7127,Development,0.013977457020674988,139.77457020674987,0.5805661207860269,0.6832148298881413,-0.10264870910211443,0,0,0,0,-139.77457020674987,0.6342419887710696,0.2852358038460228,0.6934046110612714,0.8281800318343566,
2020-02-24,2020-02-25,5784.5751,5884.1397,5754.6794,5865.4665,21809896200.0,250154433482.9,5784.0321,Development,-0.006734824827496766,-67.34824827496766,0.5973499898032891,0.6832148298881413,-0.08586484008485218,0,0,0,0,67.34824827496766,0.652998521551727,0.30076618638476443,0.726501959172709,0.8205345579373245,
2020-02-25,2020-02-26,5745.617,5912.2741,5643.8843,5897.7219,26736667800.0,301960915841.1,5865.4665,Development,0.013650648833710921,136.5064883371092,0.5295986021382333,0.6832148298881413,-0.15361622774990802,0,0,0,0,-136.5064883371092,0.44411378136844715,0.31454990527310966,0.7275053282585742,0.8154673173725263,
2020-02-26,2020-02-27,5824.0484,5885.2702,5724.499,5743.3929,26637508000.0,281045744357.2,5897.7219,Development,-0.00924272882072874,-92.4272882072874,0.4570317216796614,0.6832148298881413,-0.22618310820847992,0,0,0,0,92.4272882072874,0.21853587966798754,0.34822088689103214,0.6934842474932269,0.8291321238409168,
2020-02-27,2020-02-28,5770.2183,5829.0372,5689.539,5753.7277,20469487500.0,221902086232.7,5743.3929,Development,-0.036706150268179694,-367.0615026817969,0.45549406585717894,0.6832148298881413,-0.22772076403096236,0,1,0,0,367.0615026817969,0.22365039562148462,0.3298142362428085,0.7065249113009031,0.822934154448057,
2020-02-28,2020-03-02,5558.4158,5641.7724,5438.8521,5451.2897,22430670900.0,232879770245.1,5753.7277,Development,-0.007552007894047641,-75.52007894047641,0.4716728184095149,0.6832148298881413,-0.2115420114786264,0,0,0,0,75.52007894047641,0.24534673066226748,0.37296027037195334,0.6955471427183939,0.8175355180134397,
2020-03-02,2020-03-03,5516.4386,5683.2425,5505.2683,5656.4193,19951161200.0,213505004462.5,5451.2897,Development,0.043570284639803614,435.7028463980361,0.4996527813007108,0.6832148298881413,-0.18356204858743053,0,0,0,0,-435.7028463980361,0.23348103845740542,0.4915407489910178,0.6939201232318135,0.8123461962294306,
2020-03-03,2020-03-04,5756.7914,5832.3531,5658.1205,5710.0235,22632549400.0,244204351206.5,5656.4193,Development,-0.014989547823462845,-149.89547823462846,0.5041591653617913,0.6832148298881413,-0.17905566452635002,0,0,0,0,149.89547823462846,0.2232021838190561,0.5249128713312463,0.6923152155571421,0.8061591966749501,
2020-03-04,2020-03-05,5670.4997,5719.1783,5603.9288,5716.5112,18513309800.0,194980150091.0,5710.0235,Development,0.02199987771800771,219.9987771800771,0.5373056529180718,0.6832148298881413,-0.14590917697006955,0,0,0,0,-219.9987771800771,0.25730454361263405,0.5236881381779852,0.7838737472029955,0.8171075313455084,
2020-03-05,2020-03-06,5795.25,5811.2074,5732.168,5801.1199,21723222100.0,217238387621.0,5716.5112,Development,-0.010034804365644301,-100.34804365644301,0.5603139019277644,0.6832148298881413,-0.12290092796037688,0,0,0,0,100.34804365644301,0.27250568722847984,0.5931146037402304,0.7806930781258649,0.8114837627195407,
2020-03-06,2020-03-09,5737.0958,5802.6293,5723.7326,5763.8602,18529714700.0,177496499289.1,5801.1199,Development,-0.011932727356583461,-119.32727356583462,0.5609282359639105,0.6832148298881413,-0.1222865939242308,0,0,0,0,119.32727356583462,0.27987224953255607,0.5583183801813099,0.8163075688436601,0.8115928720404338,
2020-03-09,2020-03-10,5668.6366,5699.9198,5525.8167,5525.8167,21853808900.0,212042107536.0,5763.8602,Development,-0.03695128384133839,-369.5128384133839,0.6485514901148,0.6832148298881413,-0.03466333977334135,0,1,0,0,369.5128384133839,0.5152995553178064,0.6061185242105978,0.793292662729474,0.8069504295455886,
2020-03-10,2020-03-11,5459.1732,5675.8756,5423.4289,5675.1113,20840287700.0,210472315060.8,5525.8167,Development,0.04278012282152921,427.8012282152921,0.6561525233697991,0.6832148298881413,-0.027062306518342183,0,0,0,0,-427.8012282152921,0.4972059881915747,0.6589454777613445,0.7899027330422347,0.8051197021387221,
2020-03-11,2020-03-12,5692.7173,5708.9152,5589.5311,5589.5311,18775091200.0,190010266287.6,5675.1113,Development,-0.032567224091735736,-325.6722409173574,0.7132055580795136,0.6832148298881413,0.029990728191372273,1,1,1,1,325.6722409173574,0.5647823921334746,0.7712459633177998,0.7865893635007873,0.8261313440935936,预测大跌
2020-03-12,2020-03-13,5507.3213,5549.3501,5446.7941,5493.8838,15875315700.0,154102925606.4,5589.5311,Development,-0.05117097489845013,-511.7097489845013,0.7287092128423757,0.6832148298881413,0.04549438295423436,1,1,1,1,511.7097489845013,0.5999249334158874,0.7481544802753766,0.8298743671734838,0.8292445014106379,预测大跌
2020-03-13,2020-03-16,5225.5063,5507.3899,5224.7267,5457.2006,19526665900.0,188405108227.1,5493.8838,Development,0.051934240324234215,519.3424032423421,0.7384884421130753,0.6832148298881413,0.05527361222493399,1,0,0,0,-519.3424032423421,0.6016074867291376,0.8013920011545886,0.8084044507011631,0.8231447321726736,预测大跌
2020-03-16,2020-03-17,5496.889,5496.889,5183.3436,5200.1142,18684995200.0,184923547742.5,5457.2006,Development,-0.045728756756776345,-457.28756756776346,0.8370791750643698,0.6832148298881413,0.1538643451762285,1,1,1,1,457.28756756776346,0.857511513348951,0.8106122134566267,0.8046605435806163,0.8845532573133464,预测大跌
2020-03-17,2020-03-18,5245.5231,5300.5591,5052.6546,5212.0619,15913787800.0,152551271989.0,5200.1142,Development,0.002367866800548457,23.67866800548457,0.8357922417927414,0.6832148298881413,0.15257741190460006,1,0,0,0,-23.67866800548457,0.8407689400212973,0.760363512178573,0.8730695642351568,0.9059607165235337,预测大跌
2020-03-18,2020-03-19,5257.9438,5333.1204,5119.4716,5119.4716,16428660400.0,160536059992.1,5212.0619,Development,-0.02624602035495327,-262.4602035495327,0.8405341232470263,0.6832148298881413,0.15731929335888495,1,1,1,1,262.4602035495327,0.7930208205838518,0.8436571949523114,0.8675863015419173,0.8988377707665482,预测大跌
2020-03-19,2020-03-20,5119.9437,5185.0889,5020.4387,5157.8235,15459370200.0,148680627064.8,5119.4716,Development,0.019051830589465357,190.51830589465357,0.8230522587864215,0.6832148298881413,0.1398374288982802,1,0,0,0,-190.51830589465357,0.8091761870587331,0.7760519780457805,0.8487183226104116,0.8994985647458948,预测大跌
2020-03-20,2020-03-23,5217.488,5225.0268,5129.0733,5219.2809,12751328900.0,131519032482.5,5157.8235,Development,-0.02647502016295966,-264.75020162959663,0.8209390472405191,0.6832148298881413,0.13772421735237783,1,1,1,1,264.75020162959663,0.7862936212538165,0.80986319527424,0.8383144973539355,0.8900520744973026,预测大跌
2020-03-23,2020-03-24,5079.3549,5129.1405,4981.6682,4998.9095,13868474500.0,133727699571.8,5219.2809,Development,0.0019287291777938531,19.28729177793853,0.809416259934217,0.6832148298881413,0.12620143004607565,1,0,0,0,-19.28729177793853,0.7898102273408786,0.7581356578720637,0.8516094124258247,0.882804548127868,预测大跌
2020-03-24,2020-03-25,5089.1516,5118.0355,4963.2918,5096.0408,14078770500.0,137371423374.7,4998.9095,Development,0.021933636246953103,219.33636246953102,0.8031252273000931,0.6832148298881413,0.11991039741195175,1,0,0,0,-219.33636246953102,0.7677266557971986,0.7712675490310865,0.8467380097008074,0.8741305529135229,预测大跌
2020-03-25,2020-03-26,5200.7752,5229.2205,5160.3887,5217.4237,14688107000.0,142310080633.2,5096.0408,Development,-0.0039050909179847437,-39.05090917984744,0.7496641460178162,0.6832148298881413,0.06644931612967486,1,0,0,1,39.05090917984744,0.731879692583439,0.6433956995577468,0.8269031149299892,0.867222308616751,预测大跌
2020-03-26,2020-03-27,5180.4657,5227.4679,5157.1478,5166.1091,12565245000.0,126982007995.4,5217.4237,Development,0.008181774082588689,81.81774082588689,0.7371236497346808,0.6832148298881413,0.0539088198465395,1,0,0,0,-81.81774082588689,0.6892083133599123,0.6348507270509437,0.8511478189371774,0.8611381215741712,预测大跌
2020-03-27,2020-03-30,5222.8511,5227.7921,5134.4903,5137.3371,11704507300.0,118480791099.6,5166.1091,Development,-0.028556510064014606,-285.56510064014606,0.6958499990797695,0.6832148298881413,0.012635169191628215,1,1,1,1,285.56510064014606,0.6723676315954892,0.5160654321284905,0.84628987427254,0.8535181937585443,预测大跌
2020-03-30,2020-03-31,5073.7047,5074.6251,4974.3165,5027.4856,12398131600.0,124559163372.3,5137.3371,Development,-3.577267711318832e-05,-0.3577267711318832,0.4640286669821171,0.6832148298881413,-0.21918616290602422,0,0,0,0,0.3577267711318832,0.15369002474503604,0.31397036774425097,0.851426673121624,0.8534280469603575,
2020-03-31,2020-04-01,5073.5232,5090.5675,5030.573,5041.4534,11160561200.0,106538446158.7,5027.4856,Development,-0.00866054973395991,-86.6054973395991,0.5086606783773723,0.6832148298881413,-0.17455415151076903,0,0,0,0,86.6054973395991,0.18938890008238968,0.4379871866832085,0.846561382611274,0.8461783493973821,
2020-04-01,2020-04-02,5029.5837,5108.175,5007.7115,5019.2187,11215411100.0,110651112519.1,5041.4534,Development,-0.006155141627327998,-61.55141627327998,0.4187905314301022,0.6832148298881413,-0.2644242984580391,0,0,0,0,61.55141627327998,0.07754500804083908,0.26669516815779076,0.8329414728814692,0.8406466098632016,
2020-04-02,2020-04-03,4998.6259,5147.2019,4998.1063,5147.2019,11335107800.0,117822171439.6,5019.2187,Development,0.02898648606610066,289.86486066100656,0.440914147857143,0.6832148298881413,-0.2423006820309983,0,0,0,0,-289.86486066100656,0.11016890762172747,0.31396722008414396,0.8285787966717334,0.8328660148400877,
2020-04-03,2020-04-07,5143.5185,5161.5728,5085.0948,5107.0393,10947897800.0,112751173060.0,5147.2019,Development,0.011476190860400415,114.76190860400415,0.43586413000585267,0.6832148298881413,-0.24735069988228864,0,0,0,0,-114.76190860400415,0.14966631640482814,0.2585209446097964,0.8161196682228901,0.8315336933027014,
2020-04-07,2020-04-08,5202.5465,5273.0857,5197.5826,5267.073,14510945200.0,146826555108.9,5107.0393,Development,0.007806907636481508,78.06907636481509,0.43019431604038044,0.6832148298881413,-0.25302051384776086,0,0,0,0,-78.06907636481509,0.11236019663317244,0.2773850454904714,0.8279388066582589,0.8261093686434555,
2020-04-08,2020-04-09,5243.1623,5291.4149,5232.6161,5271.7961,13778625400.0,136499534391.4,5267.073,Development,0.011081861799319137,110.81861799319137,0.42190262716218085,0.6832148298881413,-0.26131220272596045,0,0,0,0,-110.81861799319137,0.13393275457256099,0.2168614001544651,0.8379557151834003,0.8205877576494488,
2020-04-09,2020-04-10,5301.2663,5336.1174,5289.3845,5322.4614,12509846200.0,128352885531.3,5271.7961,Development,0.0038708110173601984,38.70811017360198,0.4392669845011045,0.6832148298881413,-0.2439478453870368,0,0,0,0,-38.70811017360198,0.16824840875540792,0.2417943639178405,0.8368829483720992,0.814036593658804,
2020-04-10,2020-04-13,5321.7865,5321.7865,5197.9841,5208.5102,12381638800.0,126468212009.4,5322.4614,Development,-0.02731101670463476,-273.1101670463476,0.4505272144975795,0.6832148298881413,-0.23268761539056182,0,1,0,0,273.1101670463476,0.18102596285679756,0.2629648313116758,0.8453549503374921,0.8085634080296921,
2020-04-13,2020-04-14,5176.4431,5198.3708,5140.8505,5169.1757,9818099300.0,101355716432.4,5208.5102,Development,0.004004390582405648,40.04390582405648,0.4592612336527263,0.6832148298881413,-0.223953596235415,0,0,0,0,-40.04390582405648,0.20264189568252805,0.2694365428327377,0.8447085826494679,0.8067804309038579,
2020-04-14,2020-04-15,5197.1716,5288.593,5189.8242,5288.593,11018824400.0,118917318030.8,5169.1757,Development,0.01823969021919547,182.3969021919547,0.49563251844662015,0.6832148298881413,-0.18758231144152115,0,0,0,0,-182.3969021919547,0.22005375135149258,0.3852173325043643,0.8400302553627053,0.8009170856630969,
2020-04-15,2020-04-16,5291.9664,5320.5792,5264.0114,5268.7497,12247740000.0,128025726348.5,5288.593,Development,-0.008700300893822899,-87.00300893822899,0.4717330649668253,0.6832148298881413,-0.21148176492131598,0,0,0,0,87.00300893822899,0.2382517075578904,0.2843612881663598,0.8362564829307261,0.7945618591612634,
2020-04-16,2020-04-17,5245.9247,5328.1204,5238.4335,5316.9707,12074219300.0,122069165005.5,5268.7497,Development,0.02078910892487662,207.8910892487662,0.4846507809607207,0.6832148298881413,-0.19856404892742063,0,0,0,0,-207.8910892487662,0.2556466789307417,0.29987176857701137,0.8519092713556581,0.7896673451528782,
2020-04-17,2020-04-20,5354.9828,5377.147,5309.5809,5318.4547,13696983300.0,156745771336.3,5316.9707,Development,-0.004689837659235696,-46.89837659235696,0.4957979623484277,0.6832148298881413,-0.1874168675397136,0,0,0,0,46.89837659235696,0.2839090953329067,0.31389871188701485,0.8450095677999266,0.7842195355680714,
2020-04-20,2020-04-21,5329.8688,5381.7857,5311.1974,5381.7857,12064218200.0,130825823688.1,5318.4547,Development,0.005390695545826496,53.90695545826496,0.5074614593015014,0.6832148298881413,-0.17575337058663987,0,0,0,0,-53.90695545826496,0.3171433107903804,0.3033318947635773,0.8615753103336533,0.7822077176597925,
2020-04-21,2020-04-22,5358.6005,5358.6005,5287.6633,5343.8806,13074442600.0,139768427426.9,5381.7857,Development,-0.010052904671658203,-100.52904671658203,0.5682414092345085,0.6832148298881413,-0.11497342065363281,0,0,0,0,100.52904671658203,0.47721718625062126,0.33518040078180333,0.8537915447771816,0.7768932114963274,
2020-04-22,2020-04-23,5304.731,5388.2073,5296.2644,5387.6233,12359700600.0,127945771530.7,5343.8806,Development,0.018458391198347357,184.58391198347357,0.5712519723667868,0.6832148298881413,-0.11196285752135449,0,0,0,0,-184.58391198347357,0.48325100974033774,0.3455567259173196,0.849096926870694,0.7711838867916858,
2020-04-23,2020-04-24,5402.6478,5407.49,5354.9401,5357.7904,14461830200.0,145324602210.3,5387.6233,Development,-0.009644382149064046,-96.44382149064046,0.655151840983667,0.6832148298881413,-0.02806298890447434,0,0,0,0,96.44382149064046,0.6937418441297372,0.4014109370487907,0.8357114665351849,0.7689251810509636,
2020-04-24,2020-04-27,5350.5426,5354.7629,5258.5692,5273.5474,13138336700.0,127211203386.7,5357.7904,Development,-0.013375073399097936,-133.75073399097937,0.6590855434105445,0.6832148298881413,-0.024129286477596823,0,0,0,0,133.75073399097937,0.7000681189117756,0.4067329667827821,0.8397630954114577,0.7651829455677567,
2020-04-27,2020-04-28,5278.9787,5314.4114,5249.3133,5265.7248,11713242700.0,110738403020.7,5273.5474,Development,-0.0020559279771292793,-20.559279771292793,0.6663509675334667,0.6832148298881413,-0.01686386235467463,0,0,0,0,20.559279771292793,0.6784435686781949,0.46383666143053315,0.8352206045365432,0.7628584749018225,
2020-04-28,2020-04-29,5268.1255,5273.2565,5102.0608,5227.846,14082491000.0,133971236966.9,5265.7248,Development,-0.012227347279407108,-122.27347279407108,0.639454050823896,0.6832148298881413,-0.04376077906424536,0,0,0,0,122.27347279407108,0.6730564242217846,0.38747332189557776,0.8237290488062435,0.7556371607522118,
2020-04-29,2020-04-30,5203.7103,5269.735,5201.4734,5226.8116,10592684900.0,103339319168.3,5227.846,Development,0.011018368951092539,110.18368951092539,0.6347223401634233,0.6832148298881413,-0.04849248972471798,0,0,0,0,-110.18368951092539,0.6800797499171362,0.40540060913355735,0.8196088763736679,0.6854318864499623,
2020-04-30,2020-05-06,5261.0467,5368.8943,5261.0467,5353.8595,13303668600.0,142523793301.1,5226.8116,Development,0.011384293547517688,113.84293547517687,0.6366207392374098,0.6832148298881413,-0.0465940906507315,0,0,0,0,-113.84293547517687,0.6666984352487143,0.4863214332216271,0.8104671933137343,0.5966905463860613,
2020-05-06,2020-05-07,5320.94,5451.456,5318.443,5451.3159,14167905000.0,159945700644.7,5353.8595,Development,0.025054125774769176,250.54125774769176,0.6176872273596921,0.6832148298881413,-0.06552760252844925,0,0,0,0,-250.54125774769176,0.6590568251718684,0.42983934681154257,0.8085720875504211,0.5960439402058262,
2020-05-07,2020-05-08,5454.2515,5473.7738,5425.7964,5445.7519,14014635400.0,147975355319.2,5451.3159,Development,0.003780977096490501,37.80977096490501,0.6208874164368225,0.6832148298881413,-0.06232741345131876,0,0,0,0,-37.80977096490501,0.6699896388138981,0.43345067349233113,0.8016045307231143,0.5960734618947454,
2020-05-08,2020-05-11,5474.8739,5527.0903,5467.646,5507.6965,13631862200.0,146384767223.1,5445.7519,Development,0.00990556147786359,99.05561477863588,0.6137712079958672,0.6832148298881413,-0.06944362189227415,0,0,0,0,-99.05561477863588,0.6670167752431821,0.40400423488050335,0.8118807371422085,0.5953159779709902,
2020-05-11,2020-05-12,5529.1056,5547.9416,5466.6158,5496.192,12985198500.0,142054909597.6,5507.6965,Development,-0.006336702992252419,-63.36702992252419,0.6132882252204644,0.6832148298881413,-0.06992660466767686,0,0,0,0,63.36702992252419,0.6623465351668011,0.4091633006515392,0.8120452197102637,0.5929670671566438,
2020-05-12,2020-05-13,5494.0693,5519.2868,5441.7013,5512.464,11594367700.0,127585356336.7,5496.192,Development,0.00033264960818746303,3.3264960818746303,0.5954262468300219,0.6832148298881413,-0.08778858305811943,0,0,0,0,-3.3264960818746303,0.6615559658365769,0.34173019426617396,0.8177121362495292,0.5932255879760031,
2020-05-13,2020-05-14,5495.8969,5546.5535,5483.9868,5536.2802,10789582200.0,120477112076.0,5512.464,Development,0.0031268417717225105,31.268417717225105,0.601657040351197,0.6832148298881413,-0.08155778953694426,0,0,0,0,-31.268417717225105,0.6393266520334917,0.3983051055002014,0.8137450322346023,0.5858540126758806,
2020-05-14,2020-05-15,5513.0817,5528.0915,5485.0152,5487.107,11919770100.0,129595787537.9,5536.2802,Development,-0.0005326059289125773,-5.326059289125773,0.5762205134117829,0.6832148298881413,-0.10699431647635838,0,0,0,0,5.326059289125773,0.6229437538376137,0.3307908940920938,0.8102474696138277,0.5846483965385371,
2020-05-15,2020-05-18,5510.1454,5543.9334,5486.2557,5507.9336,11265151100.0,132317035662.0,5487.107,Development,0.0022826802356248344,22.826802356248344,0.5469238970633605,0.6832148298881413,-0.13629093282478077,0,0,0,0,-22.826802356248344,0.6085448246559039,0.2545278374849935,0.7968755599915739,0.5839889936650546,
2020-05-18,2020-05-19,5522.7233,5528.7754,5454.9615,5478.8218,13365466400.0,158389049357.7,5507.9336,Development,-0.0013932256935630383,-13.932256935630383,0.5474469726894718,0.6832148298881413,-0.13576785719866946,0,0,0,0,13.932256935630383,0.6093385948558098,0.26495768230821387,0.7878577301884471,0.5797187421921141,
2020-05-19,2020-05-20,5515.0289,5548.2181,5504.2327,5547.8759,11200886000.0,133182704772.6,5478.8218,Development,0.0054424374820591925,54.42437482059192,0.5220836044849149,0.6832148298881413,-0.16113122540322644,0,0,0,0,-54.42437482059192,0.5801632462217164,0.21737239738566552,0.7774118605898473,0.5808326260736155,
2020-05-20,2020-05-21,5545.0441,5547.1691,5473.7896,5489.7024,12349126400.0,141354557271.3,5547.8759,Development,-0.00664377042555897,-66.43770425558971,0.5125405980804696,0.6832148298881413,-0.17067423180767172,0,0,0,0,66.43770425558971,0.5286237473381746,0.249377875115532,0.7743770446012678,0.5788735571303899,
2020-05-21,2020-05-22,5508.2041,5511.2324,5415.5986,5426.1745,11455910800.0,128883851422.2,5489.7024,Development,-0.015699472719248098,-156.99472719248098,0.5152575741046955,0.6832148298881413,-0.16795725578344578,0,0,0,0,156.99472719248098,0.530615834069678,0.2694892942623847,0.7585276853338188,0.5782193584631073,
2020-05-22,2020-05-25,5421.7282,5421.887,5307.2962,5328.2268,10641571100.0,115705492517.1,5426.1745,Development,-0.018031630578603908,-180.31630578603907,0.5331044258159339,0.6832148298881413,-0.15011040407220744,0,1,0,0,180.31630578603907,0.5455413442275151,0.3294479346354151,0.7385798399080477,0.5805461393805749,
2020-05-25,2020-05-26,5323.9656,5344.2849,5293.2294,5316.6036,8438568100.0,91375351529.7,5328.2268,Development,0.003220475353935326,32.20475353935326,0.5646900108957649,0.6832148298881413,-0.11852481899237644,0,0,0,0,-32.20475353935326,0.540386908367407,0.46444562688858304,0.7175845428186488,0.581531794387128,
2020-05-26,2020-05-27,5341.1113,5421.9045,5341.0821,5420.2126,9096900800.0,99351009048.7,5316.6036,Development,0.015997513476268654,159.97513476268654,0.5975948316171682,0.6832148298881413,-0.08561999827097311,0,0,0,0,-159.97513476268654,0.5238455528876602,0.6228653486454149,0.7156423720240358,0.5477732760584973,
2020-05-27,2020-05-28,5426.5558,5426.5558,5358.47,5369.4992,10396037100.0,113109428499.1,5420.2126,Development,-0.01092578832415203,-109.2578832415203,0.5751649633182904,0.6832148298881413,-0.10804986656985094,0,0,0,0,109.2578832415203,0.520955872422243,0.5601381337763285,0.6970574102315011,0.5490541186651592,
2020-05-28,2020-05-29,5367.2664,5390.1397,5290.2897,5361.167,10252425100.0,107583819701.5,5369.4992,Development,-0.003297507274839351,-32.97507274839351,0.5697625631575685,0.6832148298881413,-0.11345226673057285,0,0,0,0,32.97507274839351,0.4997815676878025,0.5570819204796086,0.708529962416524,0.5498581292361863,
2020-05-29,2020-06-01,5349.5678,5416.6599,5336.0669,5406.3403,10500325000.0,110023218185.6,5361.167,Development,0.018080600829098792,180.8060082909879,0.5961562828718348,0.6832148298881413,-0.08705854701630655,0,0,0,0,-180.8060082909879,0.4982320126362668,0.6569348201176657,0.7067245780001089,0.5458515111408349,
2020-06-01,2020-06-02,5446.2912,5576.6538,5446.2912,5569.48,14169758200.0,147879965490.3,5406.3403,Development,0.027370497559880747,273.70497559880744,0.6079593408160839,0.6832148298881413,-0.07525548907205737,0,0,0,0,-273.70497559880744,0.5305990705869428,0.6716691398080956,0.6920898077572429,0.5451783747728949,
2020-06-02,2020-06-03,5595.3589,5596.4399,5544.1862,5566.4438,13902910300.0,149203304081.4,5569.48,Development,-0.002083494590490065,-20.83494590490065,0.5963501190135783,0.6832148298881413,-0.08686471087456304,0,0,0,0,20.83494590490065,0.49220418588020615,0.6606502247747514,0.717959594074022,0.5379220136318305,
2020-06-03,2020-06-04,5583.701,5618.2892,5567.0729,5572.3125,13834551900.0,146218273434.1,5566.4438,Development,0.0010107095634239727,10.107095634239727,0.6048126755858687,0.6832148298881413,-0.0784021543022726,0,0,0,0,-10.107095634239727,0.5299432104004101,0.6372060286887695,0.7297470653143897,0.5354371352981754,
2020-06-04,2020-06-05,5589.3445,5597.2621,5549.3577,5576.7535,12077846500.0,123809986180.5,5572.3125,Development,-0.0007487997921760137,-7.487997921760137,0.6023446581719947,0.6832148298881413,-0.08087017171614663,0,0,0,0,7.487997921760137,0.5146380420041763,0.6501002480000955,0.7276097499529098,0.532909434130674,
2020-06-05,2020-06-08,5585.1592,5592.3453,5542.8701,5585.4231,11225389700.0,115167433561.3,5576.7535,Development,0.0059472073777233625,59.472073777233625,0.5944556521623899,0.6832148298881413,-0.08875917772575137,0,0,0,0,-59.472073777233625,0.5624063514450957,0.5681316658199679,0.7252804350906846,0.528743315759474,
2020-06-08,2020-06-09,5618.3753,5627.1893,5567.2087,5575.3036,11944619000.0,128061193175.3,5585.4231,Development,-0.006448714809065836,-64.48714809065837,0.5405475802694949,0.6832148298881413,-0.1426672496186464,0,0,0,0,64.48714809065837,0.5578046458903627,0.3836694123531985,0.7231368606291689,0.5273528491841177,
2020-06-09,2020-06-10,5582.144,5616.0363,5560.139,5610.3774,11487092900.0,119378870791.8,5575.3036,Development,0.005287197893855788,52.87197893855789,0.5023507087555636,0.6832148298881413,-0.18086412113257766,0,0,0,0,-52.87197893855789,0.598188551261164,0.21947473621815564,0.7297307718436006,0.48108065862557586,
2020-06-10,2020-06-11,5611.6579,5616.6108,5581.9153,5615.2417,10836809700.0,114114998789.0,5610.3774,Development,0.0012444094284507212,12.444094284507212,0.527945480444679,0.6832148298881413,-0.15526934944346227,0,0,0,0,-12.444094284507212,0.6229009840423839,0.29853559596858104,0.7121653555149676,0.47433000491108096,
2020-06-11,2020-06-12,5618.6411,5673.3108,5567.538,5589.1019,12751545400.0,144595249404.6,5615.2417,Development,-0.024001639827110566,-240.01639827110566,0.5324099819117557,0.6832148298881413,-0.1508048479763856,0,1,0,0,240.01639827110566,0.6220205792385861,0.3125834595658731,0.7181834503722493,0.4712453575643565,
2020-06-12,2020-06-15,5483.7845,5620.2062,5479.2713,5591.4871,12954546500.0,142138382119.3,5589.1019,Development,0.022265408131920683,222.65408131920682,0.4689101083862799,0.6832148298881413,-0.21430472150186142,0,0,0,0,-222.65408131920682,0.5918434790802164,0.22865502659455772,0.7128857700538217,0.29265655400430846,
2020-06-15,2020-06-16,5605.8832,5661.9706,5590.6435,5590.6435,14535977600.0,152567150810.5,5591.4871,Development,0.004883369671347948,48.83369671347948,0.6027460529158238,0.6832148298881413,-0.08046877697231747,0,0,0,0,-48.83369671347948,0.8037927851406499,0.47050192413067415,0.7110153777168882,0.2580786507106166,
2020-06-16,2020-06-17,5633.2588,5695.3007,5624.8549,5695.3007,13395170300.0,142087502349.4,5590.6435,Development,0.013389816210822802,133.89816210822804,0.6049310880561107,0.6832148298881413,-0.07828374183203057,0,0,0,0,-133.89816210822804,0.7892906715457305,0.4719599625481068,0.7415521800714889,0.25801244125853057,
2020-06-17,2020-06-18,5708.6871,5735.4183,5685.6241,5735.4183,14683751800.0,153683182939.3,5695.3007,Development,0.005140288736441567,51.402887364415676,0.5733119511662145,0.6832148298881413,-0.10990287872192683,0,0,0,0,-51.402887364415676,0.7643967372708456,0.47334512233894377,0.6489356991113104,0.23821607771708955,
2020-06-18,2020-06-19,5738.0314,5744.4525,5705.295,5734.403,15815436600.0,160763116093.6,5735.4183,Development,-0.0008020695041855985,-8.020695041855985,0.5497101872291617,0.6832148298881413,-0.13350464265897966,0,0,0,0,8.020695041855985,0.7233767955069993,0.44470650450839944,0.6393228029651263,0.241207742763139,
2020-06-19,2020-06-22,5733.4291,5796.3597,5727.6226,5787.1482,14176809800.0,147827142214.7,5734.403,Development,0.010527591594356567,105.27591594356566,0.5369515549646459,0.6832148298881413,-0.14626327492349545,0,0,0,0,-105.27591594356566,0.7128932756552039,0.44750676039653925,0.5928072964487926,0.24280214445069473,
2020-06-22,2020-06-23,5793.7883,5815.3942,5770.8094,5784.0269,14539234900.0,157370407892.1,5787.1482,Development,-0.0018413686257745532,-18.413686257745532,0.5280533303895666,0.6832148298881413,-0.15516149949857472,0,0,0,0,18.413686257745532,0.6903978020371686,0.45099623328731414,0.5802940470855172,0.2460902626104219,
2020-06-23,2020-06-24,5783.1198,5809.2832,5755.3982,5804.343,12574812700.0,140277421310.2,5784.0269,Development,0.004395378425326779,43.95378425326779,0.5335870714387914,0.6832148298881413,-0.14962775844934995,0,0,0,0,-43.95378425326779,0.708504490056419,0.4534629855430487,0.5754978404258859,0.2444773998366267,
2020-06-24,2020-06-29,5808.5388,5824.3132,5773.2908,5789.0893,11024143600.0,128536776011.6,5804.343,Development,-0.005867275948987505,-58.67275948987505,0.49601885612035235,0.6832148298881413,-0.18719597376778896,0,0,0,0,58.67275948987505,0.661020995396503,0.37851251927068363,0.575046566981947,0.2423622972107597,
2020-06-29,2020-06-30,5774.4585,5789.1592,5740.2558,5762.4378,11776115100.0,131671126495.1,5789.0893,Development,0.00270262570940627,27.0262570940627,0.4872436402040544,0.6832148298881413,-0.1959711896840869,0,0,0,0,-27.0262570940627,0.6478599721091557,0.3854206877834459,0.5438424414921301,0.24630074987067502,
2020-06-30,2020-07-01,5790.0647,5875.3274,5788.2081,5864.4164,11535032400.0,139671518549.7,5762.4378,Development,0.016316795216468005,163.16795216468006,0.5062723286797529,0.6832148298881413,-0.1769425012083884,0,0,0,0,-163.16795216468006,0.6149032502407346,0.5005861327993919,0.5435922923172261,0.23406751315177307,
2020-07-01,2020-07-02,5884.54,5885.8738,5814.7554,5881.8875,14283298200.0,161437631594.7,5864.4164,Development,-0.0006214249542020323,-6.2142495420203225,0.39868453702534823,0.6832148298881413,-0.2845302928627931,0,0,0,0,6.2142495420203225,0.5830457215608225,0.16127286248629022,0.5318852797170727,0.2392364291296958,
2020-07-02,2020-07-03,5880.8832,5979.9902,5858.5743,5975.2794,20118138000.0,200063179993.3,5881.8875,Development,0.018553777772699176,185.53777772699175,0.37817831715767436,0.6832148298881413,-0.30503651273046695,0,0,0,0,-185.53777772699175,0.5095186487090467,0.1960267956120342,0.508898491955485,0.23810503496888843,
2020-07-03,2020-07-06,5989.9958,6052.523,5968.0663,6051.5099,22682681800.0,217087507631.7,5975.2794,Development,0.01768954495761088,176.8954495761088,0.3900670491176458,0.6832148298881413,-0.2931477807704955,0,0,0,0,-176.8954495761088,0.5223987121423527,0.23037812108951497,0.49276390784688034,0.2471097084866749,
2020-07-06,2020-07-07,6095.9561,6318.3081,6095.9561,6299.8551,30237648900.0,291741992284.1,6051.5099,Development,0.04467837292988386,446.7837292988386,0.39288564108820373,0.6832148298881413,-0.2903291887999376,0,0,0,0,-446.7837292988386,0.4970791093829358,0.25326668306214284,0.5290893062462872,0.22852765791513951,
2020-07-07,2020-07-08,6368.3135,6480.0286,6300.2446,6380.0276,32586542500.0,329327405395.3,6299.8551,Development,0.0016696100152733262,16.696100152733262,0.39264793398384007,0.6832148298881413,-0.29056689590430124,0,0,0,0,-16.696100152733262,0.46919245880905397,0.2728782411082694,0.5338403042985402,0.2454482720797964,
2020-07-08,2020-07-09,6378.9461,6541.4382,6352.3731,6535.4151,28884738900.0,292261704951.5,6380.0276,Development,0.025449235258470093,254.49235258470094,0.31648148652794866,0.6832148298881413,-0.36673334336019264,0,0,0,0,-254.49235258470094,0.19822050829112767,0.2803930432193412,0.5932806733868328,0.25034195914029045,
2020-07-09,2020-07-10,6541.2854,6712.1445,6530.0207,6693.7452,31741227100.0,334582903483.0,6535.4151,Development,0.018809896293471517,188.0989629347152,0.3289764087757739,0.6832148298881413,-0.3542384211123674,0,0,0,0,-188.0989629347152,0.2133104581414852,0.29653733837564283,0.5958967551330747,0.2645194508325776,
2020-07-10,2020-07-13,6664.3263,6763.8121,6644.3586,6676.4373,28873667200.0,322509785233.7,6693.7452,Development,0.006948774401997593,69.48774401997593,0.34881978963106236,0.6832148298881413,-0.33439504025707895,0,0,0,0,-69.48774401997593,0.2590194420159434,0.2874501302848927,0.6177253708249965,0.2772972580273275,
2020-07-13,2020-07-14,6710.6352,6899.622,6710.6352,6899.5175,29730559500.0,335186154096.4,6676.4373,Development,0.027772065452164707,277.7206545216471,0.37226483687774037,0.6832148298881413,-0.31094999301040094,0,0,0,0,-277.7206545216471,0.2974684878043249,0.30276538764302063,0.6517674364727755,0.2685150403763345,
2020-07-14,2020-07-15,6897.0034,6897.0034,6672.7996,6807.727,29386829700.0,341854745106.6,6899.5175,Development,-0.011800371158291578,-118.00371158291578,0.3567892388802729,0.6832148298881413,-0.3264255910078684,0,0,0,0,118.00371158291578,0.28594831195459314,0.24521393909005418,0.6631922143519119,0.2812788919567217,
2020-07-15,2020-07-16,6815.6162,6838.1524,6598.5228,6638.8384,25647283000.0,300879616805.6,6807.727,Development,-0.02542505254330496,-254.2505254330496,0.37656053793734656,0.6832148298881413,-0.30665429195079474,0,1,0,0,254.2505254330496,0.294159537915094,0.2659438518745397,0.7097338621560557,0.28712854279382,
2020-07-16,2020-07-17,6642.3288,6710.995,6305.133,6319.9981,25331587000.0,277008155088.1,6638.8384,Development,-0.0474686378066681,-474.686378066681,0.41970607501011387,0.6832148298881413,-0.26350875487802744,0,1,0,0,474.686378066681,0.30279389572471205,0.4593925305307199,0.6308813876971783,0.3083271038858182,
2020-07-17,2020-07-20,6327.0265,6447.5092,6272.9416,6344.5912,19680390900.0,215076901728.0,6319.9981,Development,0.014549251532295582,145.49251532295582,0.5293772885898171,0.6832148298881413,-0.15383754129832417,0,0,0,0,-145.49251532295582,0.31214613369521504,0.8093791252720186,0.6299913117863425,0.36264599665177083,
2020-07-20,2020-07-21,6419.08,6526.8325,6340.6495,6526.8325,21241322200.0,225848583600.9,6344.5912,Development,0.019860369398730038,198.60369398730037,0.5548610015380011,0.6832148298881413,-0.1283538283501402,0,0,0,0,-198.60369398730037,0.3146856948258159,0.9335047387633804,0.5865456289023927,0.3590406255309427,
2020-07-21,2020-07-22,6546.5653,6591.0097,6500.8682,6563.3239,19396594900.0,214682284529.3,6526.8325,Development,0.0011613418107965234,11.613418107965234,0.5398106561702979,0.6832148298881413,-0.14340417371784342,0,0,0,0,-11.613418107965234,0.2965885220981501,0.8792788572689626,0.6145149590898865,0.3598699226365136,
2020-07-22,2020-07-23,6554.1681,6699.6871,6534.7427,6620.6893,21010119800.0,232947421316.2,6563.3239,Development,0.0012023493874073754,12.023493874073754,0.5466719936486438,0.6832148298881413,-0.13654283623949748,0,0,0,0,-12.023493874073754,0.32744057250853453,0.8363982614299005,0.6515153334960615,0.36135820266397717,
2020-07-23,2020-07-24,6562.0485,6629.2067,6431.2609,6620.0859,20799246200.0,240882435490.9,6620.6893,Development,0.003468551017262289,34.68551017262289,0.5394550388233098,0.6832148298881413,-0.1437597910648315,0,0,0,0,-34.68551017262289,0.33724556825508273,0.8021346517042839,0.6525835491161525,0.35390913958642845,
2020-07-24,2020-07-27,6584.8093,6609.2877,6265.3789,6283.9831,21901777700.0,247232797429.5,6620.0859,Development,-0.04255603879067538,-425.56038790675376,0.5220135985043078,0.6832148298881413,-0.16120123138383347,0,1,0,0,425.56038790675376,0.3601204455221481,0.7740677752855047,0.5701714404460034,0.35872470655447086,
2020-07-27,2020-07-28,6304.5859,6337.3275,6229.4712,6298.7351,14554248100.0,168023361892.0,6283.9831,Development,0.006518445565155906,65.18445565155906,0.5277175134968621,0.6832148298881413,-0.15549731639127917,0,0,0,0,-65.18445565155906,0.3743828957327923,0.7505435658821578,0.57680593841004,0.3961114003156233,
2020-07-28,2020-07-29,6345.682,6385.3908,6307.7891,6359.6637,13883814400.0,162440480588.8,6298.7351,Development,-0.0007365796142951853,-7.365796142951853,0.5712665152905168,0.6832148298881413,-0.11194831459762455,0,0,0,0,7.365796142951853,0.4092019594586925,0.8635135259137569,0.5763453170086595,0.39723807548002626,
2020-07-29,2020-07-30,6341.0079,6530.2712,6324.0483,6530.2712,15922168400.0,186898356931.0,6359.6637,Development,0.032753909674202,327.53909674202,0.5354801362976472,0.6832148298881413,-0.14773469359049407,0,0,0,0,-327.53909674202,0.39822146290985233,0.8238974276646522,0.48109934983064,0.3971981387465872,
2020-07-30,2020-07-31,6548.7007,6564.775,6491.4492,6511.436,17761556100.0,209285453557.9,6530.2712,Development,-0.0075292492753562534,-75.29249275356253,0.5283843835312442,0.6832148298881413,-0.15483044635689713,0,0,0,0,75.29249275356253,0.42052885190634287,0.7578730289397686,0.4812051650401663,0.4208436841944734,
2020-07-31,2020-08-03,6499.3939,6619.2616,6463.415,6579.6696,17991294100.0,207862488529.4,6511.436,Development,0.020917181215928338,209.17181215928338,0.5198956771810819,0.6832148298881413,-0.16331915270705943,0,0,0,0,-209.17181215928338,0.46190101417724444,0.6263926676647326,0.5457173608271084,0.4212597877045613,
2020-08-03,2020-08-04,6635.3429,6739.8085,6614.4314,6739.8085,20726674600.0,240946720735.4,6579.6696,Development,0.018559824541999337,185.59824541999336,0.45449699076491007,0.6832148298881413,-0.22871783912323124,0,0,0,0,-185.59824541999336,0.46703974998191444,0.396311173899845,0.545455664798455,0.4046006301465152,
2020-08-04,2020-08-05,6758.4937,6764.9049,6672.894,6697.7071,20947893600.0,245084781553.8,6739.8085,Development,-0.009145040706333707,-91.45040706333707,0.44879056363205017,0.6832148298881413,-0.23442426625609114,0,0,0,0,91.45040706333707,0.4423557281480585,0.4019651631821379,0.5491628098587965,0.4063972012611024,
2020-08-05,2020-08-06,6696.687,6790.008,6653.2772,6772.8422,18484381600.0,217994170977.7,6697.7071,Development,0.012489683331474266,124.89683331474266,0.47333283362468703,0.6832148298881413,-0.20988199626345427,0,0,0,0,-124.89683331474266,0.482791644694021,0.40725256067198234,0.5881191453635082,0.41104215912870656,
2020-08-06,2020-08-07,6780.3265,6792.2759,6656.2782,6770.3016,20522984200.0,240928921871.6,6772.8422,Development,-0.005462244332924193,-54.62244332924193,0.48836305203521185,0.6832148298881413,-0.19485177785292945,0,0,0,0,54.62244332924193,0.4775364758028072,0.4703501148273304,0.5835256293840394,0.41204362278822626,
2020-08-07,2020-08-10,6743.2907,6755.528,6578.6672,6688.8822,19812821400.0,227976663621.9,6770.3016,Development,-0.01137880649280032,-113.7880649280032,0.4843448352983517,0.6832148298881413,-0.1988699945897896,0,0,0,0,113.7880649280032,0.47744767508374014,0.4718124876162076,0.5629032937610976,0.4129150288118775,
2020-08-10,2020-08-11,6666.5601,6768.866,6651.7421,6725.2956,17535322700.0,210390907232.4,6688.8822,Development,0.009181511766465533,91.81511766465533,0.49192430654331964,0.6832148298881413,-0.19129052334482166,0,0,0,0,-91.81511766465533,0.46703619813726915,0.5124130390744279,0.5625346510307718,0.4118670313064903,
2020-08-11,2020-08-12,6727.7692,6756.8451,6594.9793,6600.8472,18084577100.0,203427777772.4,6725.2956,Development,-0.02196320884491698,-219.63208844916983,0.46371982660504113,0.6832148298881413,-0.21949500328310018,0,1,0,0,219.63208844916983,0.5714323393710778,0.296804198197381,0.544369276518904,0.41604009305905676,
2020-08-12,2020-08-13,6580.0058,6599.6573,6395.006,6528.3999,17788904500.0,197969436424.9,6600.8472,Development,-0.004200041890540573,-42.00041890540574,0.4785462144227054,0.6832148298881413,-0.2046686154654359,0,0,0,0,42.00041890540574,0.5857347367513527,0.31102735132268644,0.5641877046177071,0.426171565881236,
2020-08-13,2020-08-14,6552.3695,6592.1163,6518.4229,6552.6567,16206051500.0,166812245236.6,6528.3999,Development,-0.0014904989714026318,-14.904989714026318,0.5180965251141101,0.6832148298881413,-0.16511830477403122,0,0,0,0,14.904989714026318,0.5668974577914117,0.47650494839638124,0.5638107094606286,0.42432279895440694,
2020-08-14,2020-08-17,6542.6032,6629.5058,6506.0266,6623.5633,15687598800.0,161300612455.5,6552.6567,Development,0.01588642881475688,158.8642881475688,0.5168992165364074,0.6832148298881413,-0.16631561335173395,0,0,0,0,-158.8642881475688,0.5338229487300052,0.5120628549391728,0.5634361266977516,0.42541166694832355,
2020-08-17,2020-08-18,6646.5418,6752.3176,6614.1849,6744.5468,20140735700.0,207540650739.4,6623.5633,Development,0.0152055163483662,152.055163483662,0.5188588253682113,0.6832148298881413,-0.16435600451993004,0,0,0,0,-152.055163483662,0.5818661814722997,0.4595810864382459,0.5630639368753673,0.4279222084521232,
2020-08-18,2020-08-19,6747.6059,6811.5637,6737.5288,6789.3979,18916617500.0,208576358641.0,6744.5468,Development,0.0051851279577546094,51.851279577546094,0.4948929034829662,0.6832148298881413,-0.1883219264051751,0,0,0,0,-51.851279577546094,0.5320378028314324,0.46159211491833746,0.5333846934636701,0.42131016113210773,
2020-08-19,2020-08-20,6782.5931,6782.5931,6661.9879,6666.274,19430913600.0,205475855509.4,6789.3979,Development,-0.023676460850939218,-236.7646085093922,0.503915789307623,0.6832148298881413,-0.17929904058051827,0,1,0,0,236.7646085093922,0.5552119299293921,0.4635001244690138,0.5416202403832949,0.4137952837248813,
2020-08-20,2020-08-21,6622.0053,6672.4908,6570.6949,6593.785,15764625800.0,163429358352.8,6666.274,Development,0.0010412857869503966,10.412857869503966,0.46164700610150233,0.6832148298881413,-0.22156782378663897,0,0,0,0,-10.412857869503966,0.5009837696922897,0.37800242842479764,0.5354303487625011,0.4229822982464387,
2020-08-21,2020-08-24,6628.9007,6686.0233,6589.1968,6643.9444,14296349300.0,153128200636.0,6593.785,Development,0.0057921217616065945,57.921217616065945,0.49013119041463066,0.6832148298881413,-0.19308363947351065,0,0,0,0,-57.921217616065945,0.40035112551725255,0.6228237029398045,0.50983323784153,0.42161161619051823,
2020-08-24,2020-08-25,6667.2961,6702.7487,6589.9285,6688.9647,14302035400.0,157948512265.7,6643.9444,Development,0.004623088511098272,46.230885110982726,0.45897542560763727,0.6832148298881413,-0.22423940428050404,0,0,0,0,-46.230885110982726,0.36633863386869164,0.5600149997175111,0.5032437035338762,0.4181404712120389,
2020-08-25,2020-08-26,6698.1196,6734.4378,6631.6853,6652.5478,14709813000.0,158243101130.5,6688.9647,Development,-0.0071170123626935755,-71.17012362693575,0.45337531726941077,0.6832148298881413,-0.22983951261873053,0,0,0,0,71.17012362693575,0.4481468493434487,0.4297323240384203,0.516672202626692,0.4188278324000514,
2020-08-26,2020-08-27,6650.449,6660.7634,6501.2409,6525.8786,15373477100.0,170546092542.3,6652.5478,Development,-0.01688800259952372,-168.88002599523722,0.44126532580417016,0.6832148298881413,-0.24194950408397115,0,0,0,0,168.88002599523722,0.40885018631476044,0.43335525895891136,0.5180219321762157,0.4184497804368057,
2020-08-27,2020-08-28,6538.1362,6585.7193,6486.7508,6578.7912,12983619800.0,142139979127.3,6525.8786,Development,0.0051638416464925285,51.638416464925285,0.38858668725958145,0.6832148298881413,-0.29462814262855985,0,0,0,0,-51.638416464925285,0.40577871135082566,0.2795440156218314,0.4751187914454448,0.4238966681761879,
2020-08-28,2020-08-31,6571.8981,6695.3574,6553.9227,6691.2096,14194959300.0,155878611730.4,6578.7912,Development,0.022426975853444775,224.26975853444776,0.42418808413288317,0.6832148298881413,-0.25902674575525814,0,0,0,0,-224.26975853444776,0.38470470169038545,0.43337446312246236,0.47525875991878686,0.42179192938580934,
2020-08-31,2020-09-01,6719.2859,6765.8853,6667.6792,6668.4331,15602438500.0,173312513829.2,6691.2096,Development,-0.007756464120688755,-77.56464120688756,0.4275750794169879,0.6832148298881413,-0.2556397504711534,0,0,0,0,77.56464120688756,0.42679758305890464,0.41801530755277894,0.4386130583169201,0.4307796389528739,
2020-09-01,2020-09-02,6667.168,6710.4599,6637.6339,6710.4599,12563249000.0,140204445918.0,6668.4331,Development,0.008777834906815052,87.77834906815052,0.4507345512024291,0.6832148298881413,-0.2324802786857122,0,0,0,0,-87.77834906815052,0.45473321081294765,0.4223228400966512,0.4921667763294916,0.4349885844154775,
2020-09-02,2020-09-03,6725.6913,6742.5527,6647.0341,6717.5579,14956254800.0,160818469798.5,6710.4599,Development,-0.0015741281494737747,-15.741281494737747,0.4801559853135008,0.6832148298881413,-0.20305884457464052,0,0,0,0,15.741281494737747,0.4554072041665751,0.5360024917939412,0.4792870612128864,0.43621052954829187,
2020-09-03,2020-09-04,6715.1042,6732.6741,6638.4482,6662.2515,14211033500.0,151591727849.6,6717.5579,Development,-0.025199340912684498,-251.993409126845,0.49106768690749747,0.6832148298881413,-0.19214714298064384,0,1,0,0,251.993409126845,0.4776727888577422,0.5342131685281027,0.500569728477969,0.43096194526776926,
2020-09-04,2020-09-07,6545.888,6631.0289,6538.4896,6618.5762,12535846200.0,132077386325.3,6662.2515,Development,0.011306365156263043,113.06365156263043,0.39596935475578166,0.6832148298881413,-0.28724547513235965,0,0,0,0,-113.06365156263043,0.4710447839464888,0.2361522821721643,0.4559071296738204,0.433699504234556,
2020-09-07,2020-09-08,6619.8982,6669.3935,6459.1029,6478.8124,15558174800.0,167216213932.1,6618.5762,Development,-0.019052332254897775,-190.52332254897775,0.6583729740265774,0.6832148298881413,-0.024841855861563955,0,1,0,0,190.52332254897775,0.9273873093659578,0.6063745964235442,0.45615950584052767,0.45575819099152,
2020-09-08,2020-09-09,6493.7737,6542.9954,6432.952,6525.098,16123031800.0,148148725285.5,6478.8124,Development,-0.00592388983311809,-59.2388983311809,0.6564619665684441,0.6832148298881413,-0.026752863319697173,0,0,0,0,59.2388983311809,0.9018016782555532,0.6005229237288603,0.4840227684304803,0.4701123016423085,
2020-09-09,2020-09-10,6455.3053,6471.4824,6319.2713,6349.2234,21691635100.0,176688524174.1,6525.098,Development,-0.007844818741570614,-78.44818741570614,0.6976818466295609,0.6832148298881413,0.014467016741419592,1,0,0,1,78.44818741570614,0.8661491914904889,0.8144402143847506,0.4841122870988296,0.4290197395832624,预测大跌
2020-09-10,2020-09-11,6404.6646,6414.9623,6219.6361,6235.5687,18104949700.0,149335340844.4,6349.2234,Development,-0.030427276394770164,-304.27276394770166,0.6702085256400038,0.6832148298881413,-0.013006304248137535,0,1,0,0,304.27276394770166,0.8180854552553094,0.77415718037571,0.4842013086903041,0.4298198277258303,
2020-09-11,2020-09-14,6209.7881,6319.6691,6209.7881,6311.967,12462919400.0,115690880160.5,6235.5687,Development,0.022636360168231784,226.36360168231784,0.646313780074975,0.6832148298881413,-0.03690104981316633,0,0,0,0,-226.36360168231784,0.851026550923552,0.6480153954257865,0.4569312068880946,0.4687223532897888,
2020-09-14,2020-09-15,6350.3551,6381.182,6297.9023,6351.2422,13050227700.0,129303970062.7,6311.967,Development,0.0001073168333531882,1.073168333531882,0.7091185128604831,0.6832148298881413,0.0259036829723418,1,0,0,0,-1.073168333531882,0.8584556300261512,0.8781373633743528,0.4290482019119062,0.48109082803845904,预测大跌
2020-09-15,2020-09-16,6351.0366,6388.1304,6328.5366,6387.8805,11518415400.0,117077083505.1,6351.2422,Development,0.004484496278922334,44.844962789223345,0.6883253499991918,0.6832148298881413,0.005110520111050509,1,0,0,0,-44.844962789223345,0.8353826257434971,0.8354800502143718,0.4235204944798745,0.4824145900050391,预测大跌
2020-09-16,2020-09-17,6379.5178,6387.7666,6321.5668,6353.836,11337988700.0,112504425528.5,6387.8805,Development,-0.005305463682537148,-53.05463682537148,0.6527827199293743,0.6832148298881413,-0.030432109958766995,0,0,0,0,53.05463682537148,0.8063969579088197,0.7513297410762669,0.4149375578011281,0.48093227514232856,
2020-09-17,2020-09-18,6345.6715,6416.0088,6291.6343,6367.0206,11895968100.0,123682498362.9,6353.836,Development,0.0034859667727835664,34.859667727835664,0.6355193289808787,0.6832148298881413,-0.0476955009072626,0,0,0,0,-34.859667727835664,0.7804805494690105,0.7311087034396676,0.40215665156570135,0.48106901158658677,
2020-09-18,2020-09-21,6367.7923,6473.5997,6353.5609,6469.4692,13522626400.0,136788919948.3,6367.0206,Development,0.019540932577213566,195.40932577213565,0.6366620427129397,0.6832148298881413,-0.046552787175201615,0,0,0,0,-195.40932577213565,0.7730735841486147,0.7435001122602983,0.4027707717385608,0.48142139304402365,
2020-09-21,2020-09-22,6492.2249,6515.337,6434.3239,6445.9649,12602372100.0,133640323489.2,6469.4692,Development,-0.015433830704170592,-154.33830704170592,0.551827202263177,0.6832148298881413,-0.13138762762496425,0,0,0,0,154.33830704170592,0.7491719695311261,0.45910214388336434,0.41117974310693045,0.48812868032329626,
2020-09-22,2020-09-23,6392.025,6462.9751,6341.4838,6358.652,12130589400.0,122989741811.9,6445.9649,Development,-0.0015243526112617145,-15.243526112617145,0.5583317654348267,0.6832148298881413,-0.12488306445331465,0,0,0,0,15.243526112617145,0.7375141775722013,0.4611403045017456,0.45322221428893006,0.4921798291014051,
2020-09-23,2020-09-24,6382.2813,6411.2048,6356.1636,6392.0329,9504883300.0,106027143367.8,6358.652,Development,-0.004479166407159063,-44.79166407159063,0.5332017514893653,0.6832148298881413,-0.15001307839877598,0,0,0,0,44.79166407159063,0.6999711575226137,0.4176203906210871,0.4534910440808083,0.4906863678749649,
2020-09-24,2020-09-25,6353.694,6354.6827,6243.282,6244.6389,11280146700.0,112624608424.9,6392.0329,Development,-0.012904807817310848,-129.04807817310848,0.5082926181891434,0.6832148298881413,-0.1749222116989979,0,0,0,0,129.04807817310848,0.6721700215337563,0.367006726604708,0.44786774519775113,0.49038764671776713,
2020-09-25,2020-09-28,6271.7008,6285.4717,6206.1823,6236.8904,8779878800.0,92989168390.1,6244.6389,Development,-0.0026595337583705803,-26.595337583705803,0.4825840704697838,0.6832148298881413,-0.2006307594183575,0,0,0,0,26.595337583705803,0.6253007423067121,0.3340743550077614,0.44816939021084873,0.4865233302308857,
2020-09-28,2020-09-29,6255.021,6261.9304,6171.02,6178.4693,7896291500.0,87526269792.6,6236.8904,Development,-0.00767866326907618,-76.7866326907618,0.32079913412587047,0.6832148298881413,-0.36241569576227084,0,0,0,0,76.7866326907618,0.27988213556562436,0.1859037553173055,0.4343390701242824,0.4876972569835657,
2020-09-29,2020-09-30,6206.9908,6280.4433,6179.8807,6228.7708,8137116400.0,91783259881.9,6178.4693,Development,0.0061422678441862555,61.42267844186256,0.34758917721912885,0.6832148298881413,-0.33562565266901245,0,0,0,0,-61.42267844186256,0.3250186725239908,0.23576851952553093,0.43472659586419793,0.47142370002312345,
2020-09-30,2020-10-09,6245.1158,6260.1234,6155.0208,6192.5045,8148409300.0,89615460415.2,6228.7708,Development,0.008799596638384255,87.99596638384256,0.37538050853614224,0.6832148298881413,-0.30783432135199906,0,0,0,0,-87.99596638384256,0.3281075914215381,0.33209194901570305,0.43511163002195535,0.46946014452245155,
2020-10-09,2020-10-12,6300.0703,6373.9367,6290.4705,6357.9711,10038623100.0,115149926305.0,6192.5045,Development,0.01714463408447986,171.44634084479858,0.40252030872715183,0.6832148298881413,-0.2806945211609895,0,0,0,0,-171.44634084479858,0.3972737847880026,0.34277026482506856,0.4517055546799691,0.4506020357413658,
2020-10-12,2020-10-13,6408.0827,6541.3102,6399.6833,6541.176,14482434900.0,160960006150.6,6357.9711,Development,0.0204043402873062,204.043402873062,0.3553115732100828,0.6832148298881413,-0.32790325667805853,0,0,0,0,-204.043402873062,0.2977588603956526,0.29337837637646785,0.46688550640659643,0.4325800242543667,
2020-10-13,2020-10-14,6538.8354,6557.8635,6486.3088,6551.3987,11155845000.0,130283812098.8,6541.176,Development,0.0013767283391168395,13.767283391168395,0.3367290704553567,0.6832148298881413,-0.3464857594327846,0,0,0,0,-13.767283391168395,0.22616921356171407,0.3080036246684463,0.47016287416160135,0.438466816385354,
2020-10-14,2020-10-15,6547.8376,6547.8376,6492.6581,6508.3743,11862960400.0,133539992970.6,6551.3987,Development,-0.005615120937024987,-56.151209370249866,0.3554879011519009,0.6832148298881413,-0.32772692873624043,0,0,0,0,56.151209370249866,0.24441666872944767,0.3210463724536178,0.5257569364430774,0.41766702174624143,
2020-10-15,2020-10-16,6511.0707,6518.5503,6456.7714,6460.0408,10700425200.0,115595908995.5,6508.3743,Development,-0.008344741211303353,-83.44741211303352,0.3216192060546593,0.6832148298881413,-0.361595623833482,0,0,0,0,83.44741211303352,0.2509672861173011,0.19087750028382358,0.5293637063779109,0.41490383307603723,
2020-10-16,2020-10-19,6456.7375,6473.6343,6388.6459,6428.6822,9873202200.0,109046534531.3,6460.0408,Development,0.0015222083908474904,15.222083908474904,0.3350545775039472,0.6832148298881413,-0.3481602523841941,0,0,0,0,-15.222083908474904,0.2812996077304693,0.2529787963361419,0.4795403746557579,0.39424853423250694,
2020-10-19,2020-10-20,6466.566,6483.5079,6346.2632,6358.3213,10366836300.0,114682882324.5,6428.6822,Development,-0.01808104950912126,-180.8104950912126,0.32409505574404385,0.6832148298881413,-0.35911977414409746,0,1,0,0,180.8104950912126,0.2873590767997118,0.31123564778452983,0.40522617137801936,0.3131076909331826,
2020-10-20,2020-10-21,6349.6437,6423.1573,6324.3889,6423.1128,8618922400.0,95327322735.8,6358.3213,Development,0.012055841810462598,120.55841810462597,0.31966175901850463,0.6832148298881413,-0.3635530708696367,0,0,0,0,-120.55841810462597,0.3479234422633053,0.2075696920304237,0.4098921317392377,0.3317000368614368,
2020-10-21,2020-10-22,6426.194,6426.5095,6323.4406,6350.0127,8751225500.0,102120928452.3,6423.1128,Development,-0.014688367640317113,-146.88367640317114,0.3657060117418805,0.6832148298881413,-0.3175088181462608,0,0,0,0,146.88367640317114,0.3315220467929343,0.3891495995088782,0.4077281989210881,0.33954015129473464,
2020-10-22,2020-10-23,6331.8037,6334.5424,6256.2324,6317.1438,8572472900.0,96745752080.7,6350.0127,Development,-0.0031264551047279765,-31.264551047279767,0.36531309853891936,0.6832148298881413,-0.31790173134922195,0,0,0,0,31.264551047279767,0.3752891224451829,0.30469901493858803,0.44127144457473033,0.3457459682394489,
2020-10-23,2020-10-26,6312.0076,6362.4283,6202.5347,6213.2626,8056509000.0,93954361163.2,6317.1438,Development,-0.018481235668981078,-184.81235668981077,0.42436278233049035,0.6832148298881413,-0.25885204755765095,0,1,0,0,184.81235668981077,0.39234101954171036,0.5101146732355168,0.4251732358474156,0.34122884558707894,
2020-10-26,2020-10-27,6195.3539,6239.7156,6127.3829,6214.3779,7339295600.0,85255066150.9,6213.2626,Development,-0.0012720500115417366,-12.720500115417366,0.4541441347982364,0.6832148298881413,-0.2290706950899049,0,0,0,0,12.720500115417366,0.44532598865347195,0.5554050029164052,0.42562232854152265,0.334893659752047,
2020-10-27,2020-10-28,6187.4731,6227.8424,6168.971,6221.3414,7558651600.0,89315873362.5,6214.3779,Development,0.005538141248646378,55.38141248646377,0.4932231176742102,0.6832148298881413,-0.18999171221393113,0,0,0,0,-55.38141248646377,0.4106399830744994,0.7774188862540891,0.41144319569423354,0.28381707640627507,
2020-10-28,2020-10-29,6221.7402,6254.716,6164.2406,6245.9986,8713088800.0,104079228634.8,6221.3414,Development,-0.008491611398367405,-84.91611398367405,0.5013805996894498,0.6832148298881413,-0.1818342301986915,0,0,0,0,84.91611398367405,0.44360816932687586,0.7647670382843255,0.4085520264442404,0.29086003488104967,
2020-10-29,2020-10-30,6168.9076,6287.6478,6159.1435,6255.1933,9258748300.0,109761286278.4,6245.9986,Development,0.01686193192454377,168.6193192454377,0.5062366669557838,0.6832148298881413,-0.17697816293235746,0,0,0,0,-168.6193192454377,0.4643881821679754,0.7426111418543001,0.4245636665641107,0.29380974159602363,
2020-10-30,2020-11-02,6272.9273,6274.6162,6103.8909,6111.4803,11212236000.0,126461002490.3,6255.1933,Development,-0.024466392269523074,-244.66392269523075,0.5314355066032305,0.6832148298881413,-0.15177932328491084,0,1,0,0,244.66392269523075,0.5763511401498638,0.7512165726456381,0.36386777981598045,0.28177854407488967,
2020-11-02,2020-11-03,6119.4514,6162.2763,6095.8038,6143.1157,11175637900.0,123794413318.8,6111.4803,Development,0.009103414074013383,91.03414074013384,0.5413295958016935,0.6832148298881413,-0.14188523408644782,0,0,0,0,-91.03414074013384,0.6644410755282889,0.6366864909718976,0.3974299743297091,0.3107051143587997,
2020-11-03,2020-11-04,6175.1593,6245.5576,6155.7346,6241.7676,10544003600.0,115863061000.7,6143.1157,Development,0.011575005036712271,115.75005036712271,0.6037042654186876,0.6832148298881413,-0.0795105644694537,0,0,0,0,-115.75005036712271,0.70236325529521,0.8453459335870409,0.3615119798380708,0.3041953853098063,
2020-11-04,2020-11-05,6246.6368,6256.0695,6181.0972,6234.158,9292974500.0,108226613294.5,6241.7676,Development,0.007680420926665654,76.80420926665654,0.5279107181798244,0.6832148298881413,-0.15530411170831693,0,0,0,0,-76.80420926665654,0.6288979619247538,0.653902063019597,0.37320006835442904,0.30555511526216605,
2020-11-05,2020-11-06,6294.6136,6358.4445,6273.3148,6351.9789,11884321500.0,132602148329.1,6234.158,Development,0.011370324621673422,113.70324621673421,0.5363938226698501,0.6832148298881413,-0.14682100721829117,0,0,0,0,-113.70324621673421,0.6409499862698959,0.6444641933792065,0.406264674156388,0.30401640548439013,
2020-11-06,2020-11-09,6366.1854,6366.1854,6254.0869,6301.2477,11824421100.0,131702113343.4,6351.9789,Development,-0.004515089994080346,-45.150899940803455,0.4415654159167709,0.6832148298881413,-0.2416494139713704,0,0,0,0,45.150899940803455,0.542994722712937,0.43301514299557436,0.39879232716954277,0.2998041136144506,
2020-11-09,2020-11-10,6337.4415,6452.9139,6337.4415,6421.6506,16002788200.0,175071789214.3,6301.2477,Development,0.01530401503508938,153.0401503508938,0.44916084105463494,0.6832148298881413,-0.23405398883350637,0,0,0,0,-153.0401503508938,0.5742897059464898,0.3920517731725031,0.4320796611588143,0.3066894943099273,
2020-11-10,2020-11-11,6434.4298,6435.413,6339.2861,6373.0853,14192893200.0,155931471262.3,6421.6506,Development,-0.012132108427074573,-121.32108427074573,0.35489525772651925,0.6832148298881413,-0.32831957216162205,0,0,0,0,121.32108427074573,0.43378563433051553,0.23253538964557702,0.41970311131872173,0.3122721778953976,
2020-11-11,2020-11-12,6356.3666,6375.2402,6292.8368,6294.6055,13072808100.0,134439037098.4,6373.0853,Development,-0.008070821465835598,-80.70821465835598,0.37100312263498436,0.6832148298881413,-0.31221170725315694,0,0,0,0,80.70821465835598,0.4438361242421845,0.2430972312424616,0.46530083420930946,0.3104089507419017,
2020-11-12,2020-11-13,6305.0655,6340.9983,6285.2907,6315.4938,10468068700.0,113184124161.7,6294.6055,Development,-9.614491713039186e-05,-0.9614491713039186,0.391951218607188,0.6832148298881413,-0.2912636112809533,0,0,0,0,0.9614491713039186,0.37496998963465555,0.41257298398191206,0.45742092674488083,0.3019273920787245,
2020-11-13,2020-11-16,6304.4593,6319.4126,6248.355,6306.97,10711632200.0,112943607786.7,6315.4938,Development,0.002418113794469212,24.18113794469212,0.38228693628244936,0.6832148298881413,-0.30092789360569194,0,0,0,0,-24.18113794469212,0.37794697232982705,0.4109515419122178,0.4092992534581558,0.30420436371308046,
2020-11-16,2020-11-17,6319.7042,6387.4154,6294.2899,6387.371,13367733000.0,131781935048.7,6306.97,Development,0.009662525027674507,96.62525027674506,0.3898043365648028,0.6832148298881413,-0.2934104933233385,0,0,0,0,-96.62525027674506,0.39319505708399743,0.4171912873667806,0.40986151641365254,0.30709326926588454,
2020-11-17,2020-11-18,6380.7685,6380.7685,6300.5666,6336.9406,14127431800.0,138972383424.4,6387.371,Development,-0.007415705490647406,-74.15705490647406,0.2893478571727986,0.6832148298881413,-0.3938669727153427,0,0,0,0,74.15705490647406,0.3445540566942045,0.1554078657618158,0.36387998708723585,0.3039479895266797,
2020-11-18,2020-11-19,6333.4506,6382.4966,6314.3093,6341.0136,13398246200.0,129795857711.1,6336.9406,Development,-0.0008473895730709557,-8.473895730709557,0.2593657510079792,0.6832148298881413,-0.4238490788801621,0,0,0,0,8.473895730709557,0.2425807914858027,0.19128060762304733,0.3424759219144973,0.29990630591977263,
2020-11-19,2020-11-20,6328.0837,6370.1805,6293.5553,6360.5998,12380484500.0,121059609478.7,6341.0136,Development,0.004219855688697649,42.19855688697649,0.2681814620073834,0.6832148298881413,-0.4150333678807579,0,0,0,0,-42.19855688697649,0.259390816860058,0.28762420842594627,0.23351289837790745,0.3005060517034944,
2020-11-20,2020-11-23,6354.7873,6429.8695,6351.3079,6422.9854,13066764500.0,128065402931.0,6360.5998,Development,0.012766973333631526,127.66973333631526,0.24784345507233405,0.6832148298881413,-0.43537137481580723,0,0,0,0,-127.66973333631526,0.180765261179962,0.3124096877966493,0.23274004100571494,0.298160904167674,
2020-11-23,2020-11-24,6435.9187,6516.2407,6407.0565,6472.9301,18192566800.0,170218076144.5,6422.9854,Development,0.005722275516003572,57.22275516003572,0.24891979266766676,0.6832148298881413,-0.4342950372204746,0,0,0,0,-57.22275516003572,0.19484100780119343,0.32500019980506534,0.19316623173326683,0.3073576443032749,
2020-11-24,2020-11-25,6472.7468,6495.1373,6454.6653,6475.1881,15406296500.0,148759535147.5,6472.9301,Development,0.0025504628112442695,25.504628112442695,0.24322054911422,0.6832148298881413,-0.43999428077392133,0,0,0,0,-25.504628112442695,0.2154848887757672,0.2833370414377921,0.18589166665527485,0.31078217914823053,
2020-11-25,2020-11-26,6489.2553,6489.722,6350.3667,6350.3667,15381310600.0,156624909521.8,6475.1881,Development,-0.021480692861629236,-214.80692861629237,0.27416595972694396,0.6832148298881413,-0.40904887016119734,0,1,0,0,214.80692861629237,0.29128378920626863,0.299124301205356,0.18758884231335243,0.31315701093984616,
2020-11-26,2020-11-27,6349.8616,6358.174,6284.9727,6334.3042,12323693600.0,125528466079.5,6350.3667,Development,-0.001965034954462652,-19.650349544626522,0.25461321909220797,0.6832148298881413,-0.42860161079593334,0,0,0,0,19.650349544626522,0.3321191554006477,0.1969061719560831,0.15047008205872017,0.33409725034603766,
2020-11-27,2020-11-30,6337.3839,6351.8103,6276.0729,6351.6119,12088511600.0,117407959618.1,6334.3042,Development,0.0036415815049488653,36.41581504948866,0.33368105133488135,0.6832148298881413,-0.34953377855325996,0,0,0,0,-36.41581504948866,0.4259859553948142,0.36738204183482154,0.15528739780881695,0.32384767043096735,
2020-11-30,2020-12-01,6360.462,6397.7204,6309.4445,6320.9441,16315768200.0,157517649561.1,6351.6119,Development,-0.008271034399702448,-82.71034399702448,0.33368113995242926,0.6832148298881413,-0.34953368993571204,0,0,0,0,82.71034399702448,0.3945845609870192,0.40124295703080026,0.1599717137617569,0.3248786513789507,
2020-12-01,2020-12-02,6307.8544,6437.9433,6299.414,6426.6155,15095734000.0,152562838800.9,6320.9441,Development,0.020625349247122893,206.25349247122892,0.36272032004492205,0.6832148298881413,-0.32049450984321926,0,0,0,0,-206.25349247122892,0.47625259819448523,0.4065943956304267,0.17017810622546056,0.3094301407042266,
2020-12-02,2020-12-03,6437.9561,6446.8066,6392.9892,6434.9791,14970510500.0,150490962737.2,6426.6155,Development,-8.881700824281413e-05,-0.8881700824281413,0.40096976932857986,0.6832148298881413,-0.28224506055956144,0,0,0,0,0.8881700824281413,0.47541054145538636,0.5465712546091228,0.15255919465714743,0.32954506949138557,
2020-12-03,2020-12-04,6437.3843,6461.0881,6392.8987,6440.8808,15221493300.0,152891750850.0,6434.9791,Development,-0.0017643812254612978,-17.64381225461298,0.3929236456949599,0.6832148298881413,-0.2902911841931814,0,0,0,0,17.64381225461298,0.5550590316733387,0.41706969499272223,0.15842382264010768,0.3285676209202425,
2020-12-04,2020-12-07,6426.0263,6471.8561,6409.6779,6464.7345,12885516900.0,135320890716.2,6440.8808,Development,0.006218710931824134,62.18710931824134,0.39629982471889025,0.6832148298881413,-0.28691500516925106,0,0,0,0,-62.18710931824134,0.5694180051915885,0.40832029514406365,0.16131967846103012,0.3304855690749101,
2020-12-07,2020-12-08,6465.9879,6472.8495,6417.6481,6424.6823,12107828200.0,130847019898.5,6464.7345,Development,-0.006469081081948769,-64.6908108194877,0.430797267063323,0.6832148298881413,-0.2524175628248183,0,0,0,0,64.6908108194877,0.6363458260793996,0.4455549565971922,0.16406797820340469,0.33493339465227645,
2020-12-08,2020-12-09,6424.1589,6448.3926,6406.7236,6423.6513,10549499200.0,118324850768.4,6424.6823,Development,0.000983443918238125,9.83443918238125,0.4435188695015347,0.6832148298881413,-0.23969596038660662,0,0,0,0,-9.83443918238125,0.6835673292772487,0.4483172365774631,0.1726443214617313,0.29747125364999694,
2020-12-09,2020-12-10,6430.4767,6437.4327,6307.2207,6307.2207,12151621300.0,133439441028.8,6423.6513,Development,-0.02101301447838233,-210.1301447838233,0.4829102163690087,0.6832148298881413,-0.2003046135191326,0,1,0,0,210.1301447838233,0.6918842856174727,0.5840169058772279,0.1768638236422214,0.28271740257597155,
2020-12-10,2020-12-11,6295.353,6350.9178,6267.1713,6320.0956,11057714200.0,122398601686.0,6307.2207,Development,0.005317446059021513,53.17446059021513,0.4868904995073931,0.6832148298881413,-0.1963243303807482,0,0,0,0,-53.17446059021513,0.7018421436194747,0.5795669536131001,0.1725410162941405,0.3001650005024546,
2020-12-11,2020-12-14,6328.8282,6340.3946,6163.4119,6209.427,13264160600.0,143457071945.4,6320.0956,Development,-0.019119210725296654,-191.19210725296654,0.47669263043660287,0.6832148298881413,-0.20652219945153844,0,1,0,0,191.19210725296654,0.6789993810662662,0.5650753089090461,0.17676282062857254,0.30452458650783404,
2020-12-14,2020-12-15,6207.826,6260.6133,6176.5402,6259.0175,10687714900.0,123900781656.2,6209.427,Development,0.006809259795619305,68.09259795619305,0.44243521931726926,0.6832148298881413,-0.24077961057087205,0,0,0,0,-68.09259795619305,0.6563545416939056,0.5154158429796112,0.14289699200115966,0.27200563041746895,
2020-12-15,2020-12-16,6250.0967,6276.5843,6228.6787,6265.5819,9798099400.0,119718559344.7,6259.0175,Development,0.002898259158134353,28.98259158134353,0.5393966478250615,0.6832148298881413,-0.14381818206307984,0,0,0,0,-28.98259158134353,0.6746836899205793,0.8434978090727963,0.14792332049014145,0.2580104762740649,
2020-12-16,2020-12-17,6268.2111,6271.0304,6219.0857,6235.4352,9928395000.0,114108040736.8,6265.5819,Development,-0.006881086056594432,-68.81086056594432,0.503050638068352,0.6832148298881413,-0.18016419181978927,0,0,0,0,68.81086056594432,0.6951311257694677,0.6963342022021807,0.13555662698843063,0.2619376297041734,
2020-12-17,2020-12-18,6225.079,6312.0056,6184.5429,6308.9013,12770274400.0,140083142643.1,6235.4352,Development,0.013667473135682284,136.67473135682283,0.48238832325665143,0.6832148298881413,-0.20082650663148988,0,0,0,0,-136.67473135682283,0.6525964042233681,0.6827877637679239,0.12336069209174937,0.26366012315939186,
2020-12-18,2020-12-21,6310.1601,6332.5326,6269.2134,6291.918,12862228800.0,137531405179.9,6308.9013,Development,-0.0012523454040413995,-12.523454040413995,0.5201739698104302,0.6832148298881413,-0.16304086007771112,0,0,0,0,12.523454040413995,0.6741374300066035,0.7782086248577658,0.12894643738334946,0.2793788276479603,
2020-12-21,2020-12-22,6302.2576,6401.5463,6293.922,6398.5987,13634782200.0,156761702647.2,6291.918,Development,0.011205682865137234,112.05682865137234,0.5075428694385606,0.6832148298881413,-0.17567196044958067,0,0,0,0,-112.05682865137234,0.6731991308525328,0.7281447151250249,0.13566852167399415,0.28079731215883597,
2020-12-22,2020-12-23,6372.8787,6378.4986,6241.5603,6250.0606,15131061800.0,172456513342.7,6398.5987,Development,-0.018441634547351482,-184.4163454735148,0.4828967132167249,0.6832148298881413,-0.2003181166714164,0,1,0,0,184.4163454735148,0.5953016805449884,0.7308082770458779,0.140898789521601,0.28043806602394217,
2020-12-23,2020-12-24,6255.3524,6330.6028,6242.6249,6307.604,14404432300.0,166258560029.3,6250.0606,Development,0.008493158594869987,84.93158594869988,0.4033306293950213,0.6832148298881413,-0.27988420049312,0,0,0,0,-84.93158594869988,0.46178178971526657,0.5897642463636298,0.1594137949649568,0.28824873136077356,
2020-12-24,2020-12-25,6308.4801,6308.4801,6202.4031,6205.2247,13122165300.0,147688966891.2,6307.604,Development,-0.018623804488184126,-186.23804488184126,0.466426320816004,0.6832148298881413,-0.21678850907213731,0,1,0,0,186.23804488184126,0.43284858413899496,0.852315778782626,0.15272489517592452,0.29381192006816875,
2020-12-25,2020-12-28,6190.9922,6284.5851,6186.0254,6278.4981,13447826700.0,143831769330.4,6205.2247,Development,0.014987888371108093,149.87888371108093,0.37029709826267765,0.6832148298881413,-0.31291773162546366,0,0,0,0,-149.87888371108093,0.4416126366926166,0.4788343959185681,0.1680247056081277,0.30693584810125546,
2020-12-28,2020-12-29,6283.7821,6288.2442,6219.091,6244.4818,14896021400.0,160495558567.3,6278.4981,Development,-0.006850428502287009,-68.50428502287009,0.45981153019583243,0.6832148298881413,-0.22340329969230888,0,0,0,0,68.50428502287009,0.4297288547771044,0.8019178213448973,0.17236190640035665,0.32029443866854496,
2020-12-29,2020-12-30,6240.7355,6280.0396,6196.4147,6199.8523,15447603200.0,155674658940.1,6244.4818,Development,-0.007096118718699085,-70.96118718699086,0.3699838902795038,0.6832148298881413,-0.3132309396086375,0,0,0,0,70.96118718699086,0.45059447920799983,0.43619522192741883,0.19716368028164233,0.320444347169658,
2020-12-30,2020-12-31,6196.4505,6289.2704,6188.5931,6269.2484,13804167300.0,148227835332.6,6199.8523,Development,0.013960750594231186,139.60750594231186,0.40224866265539383,0.6832148298881413,-0.2809661672327475,0,0,0,0,-139.60750594231186,0.4365458184882898,0.586523351806508,0.1788011909088516,0.31412677414753554,
2020-12-31,2021-01-04,6282.9576,6370.5695,6281.0138,6367.1149,16019408600.0,174289318594.1,6269.2484,Development,0.017930122590672948,179.30122590672948,0.43193465748618,0.6832148298881413,-0.2512801724019613,0,0,0,0,-179.30122590672948,0.4202090357731058,0.7181647871342564,0.1635321701720014,0.32500229679932446,
2021-01-04,2021-01-05,6395.6118,6501.5892,6359.0797,6482.7868,18662120900.0,211126911334.4,6367.1149,Development,0.011670267416793445,116.70267416793445,0.35712590296552815,0.6832148298881413,-0.32608892692261315,0,0,0,0,-116.70267416793445,0.31491246344014084,0.5645404375466822,0.17906298908247292,0.3286905330291572,
2021-01-05,2021-01-06,6470.2503,6539.7315,6452.5245,6539.7315,19672629200.0,227033005056.2,6482.7868,Development,0.01228402245891469,122.8402245891469,0.3356208023571949,0.6832148298881413,-0.3475940275309464,0,0,0,0,-122.8402245891469,0.23413756555097662,0.5612148684885654,0.20790651472616456,0.3320902103331767,
2021-01-06,2021-01-07,6549.731,6569.199,6472.7446,6528.1425,17852108600.0,209333367288.0,6539.7315,Development,-0.003978087038994493,-39.78087038994494,0.35590410823732727,0.6832148298881413,-0.32731072165081404,0,0,0,0,39.78087038994494,0.308616604666419,0.5270487765218634,0.22730938622869454,0.333704626589439,
2021-01-07,2021-01-08,6523.6756,6567.2727,6467.4371,6538.1162,19713564100.0,219238806494.6,6528.1425,Development,0.0027410927667832485,27.410927667832485,0.35396435479263594,0.6832148298881413,-0.32925047509550537,0,0,0,0,-27.410927667832485,0.294222790550608,0.5257013934447311,0.24056319691895792,0.33630195324208606,
2021-01-08,2021-01-11,6541.5576,6598.3812,6484.3979,6557.5964,18083742900.0,207113827943.6,6538.1162,Development,0.002429880002891016,24.29880002891016,0.261014463018623,0.6832148298881413,-0.4222003668695183,0,0,0,0,-24.29880002891016,0.2885127350929453,0.20387334563015982,0.2358089982137634,0.3372351043971807,
2021-01-11,2021-01-12,6557.4528,6572.8538,6419.731,6455.3987,18325727100.0,217940399022.5,6557.5964,Development,-0.02007456309864708,-200.74563098647081,0.2618627121483992,0.6832148298881413,-0.4213521177397421,0,1,0,0,200.74563098647081,0.26465419690739944,0.23103652087074758,0.24298683558190065,0.3358309720503494,
2021-01-12,2021-01-13,6425.8148,6543.2286,6425.8148,6543.2286,16231123700.0,199048530439.2,6455.3987,Development,0.019331369463060133,193.31369463060133,0.2311069507507904,0.6832148298881413,-0.4521078791373509,0,0,0,0,-193.31369463060133,0.27345673342368937,0.09760692885536744,0.24959751395806534,0.3493141764778673,
2021-01-13,2021-01-14,6550.0346,6553.6488,6457.881,6496.9131,18491342000.0,222962632352.8,6543.2286,Development,-0.011945768958228187,-119.45768958228187,0.39462694923217045,0.6832148298881413,-0.28858788065597085,0,0,0,0,119.45768958228187,0.5328364273143402,0.37056713908356403,0.24363689475931885,0.35064780096779186,
2021-01-14,2021-01-15,6471.7894,6516.2686,6402.6002,6439.8854,16302381600.0,198732646503.4,6496.9131,Development,-0.00690056447139642,-69.0056447139642,0.4088504312026708,0.6832148298881413,-0.2743643986854705,0,0,0,0,69.0056447139642,0.6623091603584899,0.26714989650221643,0.24124680867174894,0.34868154845236765,
2021-01-15,2021-01-18,6427.1304,6447.8762,6339.4283,6417.5011,13824319900.0,166962801807.4,6439.8854,Development,-0.0019138556765551096,-19.138556765551094,0.42648639563827057,0.6832148298881413,-0.25672843424987074,0,0,0,0,19.138556765551094,0.6355645411096226,0.36436414361450237,0.24390667663537083,0.34195639118222876,
2021-01-18,2021-01-19,6414.8298,6529.4125,6392.0653,6514.4644,13683280700.0,169891546069.1,6417.5011,Development,0.014910559279374791,149.10559279374792,0.4590885292188534,0.6832148298881413,-0.2241263006692879,0,0,0,0,-149.10559279374792,0.6155297392154375,0.5130573805625633,0.23255640147912074,0.34368714376675163,
2021-01-19,2021-01-20,6510.4785,6532.6474,6456.1154,6476.3736,14761671600.0,174545108266.2,6514.4644,Development,-0.00503959885590588,-50.3959885590588,0.4364720187596284,0.6832148298881413,-0.24674281112851293,0,0,0,0,50.3959885590588,0.5124098935073413,0.5544278733685994,0.2353877560389278,0.34517215059600237,
2021-01-20,2021-01-21,6477.6683,6535.4751,6449.2835,6535.4185,12852543200.0,153378909111.6,6476.3736,Development,0.011480396425979311,114.8039642597931,0.4211444893209634,0.6832148298881413,-0.26207034056717793,0,0,0,0,-114.8039642597931,0.45119021995204245,0.5516596378367736,0.2625222223167381,0.3470014189580624,
2021-01-21,2021-01-22,6552.0345,6649.8633,6550.8802,6622.4959,15680958700.0,189208745540.8,6535.4185,Development,0.0103518685684576,103.51868568457601,0.4528764214663547,0.6832148298881413,-0.2303384084217866,0,0,0,0,-103.51868568457601,0.4639416942086537,0.6620785798047677,0.24605766478803484,0.34763473022943653,
2021-01-22,2021-01-25,6619.8603,6643.6653,6573.8204,6637.8052,15806231000.0,202861676271.9,6622.4959,Development,0.0024712455034738845,24.712455034738845,0.3942003983954647,0.6832148298881413,-0.2890144314926766,0,0,0,0,-24.712455034738845,0.3594761151998195,0.5599183083938197,0.26776564794042806,0.351830939564765,
2021-01-25,2021-01-26,6636.2196,6711.5711,6599.9742,6645.3137,16562310300.0,223556746416.0,6637.8052,Development,-0.0022710972373488625,-22.710972373488623,0.43397800739934367,0.6832148298881413,-0.24923682248879764,0,0,0,0,22.710972373488623,0.482141196948062,0.5568431785324429,0.28813911169965983,0.31714566171245867,
2021-01-26,2021-01-27,6621.1481,6624.4493,6515.2584,6532.961,14337131100.0,191892389929.2,6645.3137,Development,-0.014116539698001973,-141.16539698001972,0.47008976286197707,0.6832148298881413,-0.21312506702616424,0,0,0,0,141.16539698001972,0.6073864299595358,0.5539333112971141,0.29447567659678636,0.2730775041328118,
2021-01-27,2021-01-28,6527.6804,6564.2855,6481.1571,6557.1608,13976004900.0,174776064769.4,6532.961,Development,-0.007938424804008526,-79.38424804008525,0.27804555511224355,0.6832148298881413,-0.40516927477589776,0,0,0,0,79.38424804008525,0.35536140903328145,0.1676625531511512,0.2962392210755193,0.28190332826244546,
2021-01-28,2021-01-29,6475.8609,6529.8416,6405.8135,6414.3811,14482540600.0,174817693999.3,6557.1608,Development,-0.004198854858046608,-41.98854858046608,0.36222295670612764,0.6832148298881413,-0.32099187318201367,0,0,0,0,41.98854858046608,0.36064701748552114,0.4901910610516109,0.2581871068631586,0.2846769384794028,
2021-01-29,2021-02-01,6448.6697,6462.3739,6255.7033,6346.1371,14604158100.0,172077242710.4,6414.3811,Development,-0.01706168948302622,-170.6168948302622,0.27503735284892217,0.6832148298881413,-0.40817747703921914,0,1,0,0,170.6168948302622,0.18951749174032234,0.38352262874393317,0.26035283683762833,0.28710903440395646,
2021-02-01,2021-02-02,6338.6445,6397.0135,6328.3355,6393.278,13732518300.0,157579284924.2,6346.1371,Development,0.010445214272546632,104.45214272546633,0.2883308819245445,0.6832148298881413,-0.3948839479635968,0,0,0,0,-104.45214272546633,0.26820715318143223,0.32279404945826307,0.25515031155009676,0.31640654658451584,
2021-02-02,2021-02-03,6404.853,6459.4797,6361.0882,6454.7853,13239431300.0,161720464851.3,6393.278,Development,0.008557745197274702,85.57745197274701,0.43378843028574493,0.6832148298881413,-0.24942639960239638,0,0,0,0,-85.57745197274701,0.35645981213491995,0.7347529079191559,0.25755079717395957,0.3137506535264838,
2021-02-03,2021-02-04,6459.6641,6484.4931,6399.3315,6399.3315,14545715500.0,175699413269.2,6454.7853,Development,-0.013002502715272701,-130.025027152727,0.3617532035607972,0.6832148298881413,-0.3214616263273441,0,0,0,0,130.025027152727,0.1497702124968958,0.7166334986191978,0.27175895623967533,0.31491863328592895,
2021-02-04,2021-02-05,6375.6723,6414.2983,6249.5311,6328.7881,14886133000.0,173708935488.7,6399.3315,Development,-0.004994296836743128,-49.942968367431284,0.3265221691340069,0.6832148298881413,-0.3566926607541344,0,0,0,0,49.942968367431284,0.17638373139292965,0.5712972712441792,0.2552341743041568,0.3152309135320384,
2021-02-05,2021-02-08,6343.8303,6382.9572,6236.2674,6239.8709,13513287900.0,162500626708.2,6328.7881,Development,-0.015118831283995715,-151.18831283995715,0.41225622557646396,0.6832148298881413,-0.27095860431167734,0,0,0,0,151.18831283995715,0.209774510737055,0.8352028436212653,0.25763313098509016,0.31498004309494426,
2021-02-08,2021-02-09,6247.919,6354.0199,6215.7284,6323.1622,11613400400.0,141592202722.8,6239.8709,Development,0.01384417755735945,138.4417755735945,0.4457581186452713,0.6832148298881413,-0.23745671124287,0,0,0,0,-138.4417755735945,0.28017412005717335,0.8536574509926274,0.2599892180180716,0.3392325223995055,
2021-02-09,2021-02-10,6334.4163,6468.4281,6330.792,6457.8814,11931911000.0,146850922947.9,6323.1622,Development,0.022154085452198657,221.54085452198657,0.45532222836340797,0.6832148298881413,-0.22789260152473334,0,0,0,0,-221.54085452198657,0.2600547249365586,0.90601368870311,0.262303728606551,0.3469560547166623,
2021-02-10,2021-02-18,6474.7495,6542.745,6424.7212,6525.1658,11904265900.0,150035763539.9,6457.8814,Development,0.028195222069981263,281.95222069981264,0.44145617747663407,0.6832148298881413,-0.24175865241150724,0,0,0,0,-281.95222069981264,0.24561423787361583,0.8446621514210051,0.2887260924657405,0.36201371162037677,
2021-02-18,2021-02-19,6657.3065,6678.6126,6564.3061,6614.5443,16689239200.0,194996422146.0,6525.1658,Development,-0.008571124072475844,-85.71124072475844,0.39337791221025675,0.6832148298881413,-0.28983691767788455,0,0,0,0,85.71124072475844,0.22930518298218644,0.6587310506686846,0.3321975578731812,0.36178745673113594,
2021-02-19,2021-02-22,6600.2459,6706.3901,6542.7821,6703.4821,17876781700.0,201468755509.5,6614.5443,Development,0.019887062086580753,198.87062086580752,0.30533963956548016,0.6832148298881413,-0.37787519032266115,0,0,0,0,-198.87062086580752,0.02401452503326482,0.5205164106269979,0.39097284237876556,0.40885050472051426,
2021-02-22,2021-02-23,6731.5054,6810.9223,6657.056,6657.056,23706558500.0,259948295725.1,6703.4821,Development,-0.017515250006335914,-175.15250006335913,0.3411997212321829,0.6832148298881413,-0.3420151086559584,0,1,0,0,175.15250006335913,0.06747193578558164,0.5961842817958118,0.3787326951882876,0.42504044513021566,
2021-02-23,2021-02-24,6613.6014,6701.4296,6609.0782,6631.2286,19265686600.0,206144665096.1,6657.056,Development,0.0029758219175410883,29.758219175410883,0.27800802357078397,0.6832148298881413,-0.40520680631735734,0,0,0,0,-29.758219175410883,0.1107558815456002,0.2940920735270186,0.4031360417212529,0.4332207129939942,
2021-02-24,2021-02-25,6633.2823,6661.4326,6477.7512,6536.1861,17371883200.0,196797835530.2,6631.2286,Development,-0.004986505700202204,-49.86505700202204,0.3790160617439094,0.6832148298881413,-0.3041987681442319,0,0,0,0,49.86505700202204,0.16009199115370806,0.620383208980326,0.3673061536816374,0.43793832766998186,
2021-02-25,2021-02-26,6600.2054,6609.5637,6484.5547,6499.1528,16206818200.0,171451163368.9,6536.1861,Development,-0.035524182323174336,-355.24182323174335,0.37964790119916325,0.6832148298881413,-0.30356692868897805,0,1,0,0,355.24182323174335,0.18309972286850812,0.6135490117739575,0.33258717392254467,0.4526943366512658,
2021-02-26,2021-03-01,6365.7385,6446.9461,6346.1326,6364.3529,15076020600.0,163655502841.0,6499.1528,Development,0.006507603163403486,65.07603163403486,0.36708235117198484,0.6832148298881413,-0.31613247871615646,0,0,0,0,-65.07603163403486,0.2828296047053523,0.44585702060112725,0.33110768327239787,0.4577289342745118,
2021-03-01,2021-03-02,6407.1642,6491.9367,6404.8885,6488.4388,15860843700.0,165792208050.0,6364.3529,Development,0.016677752694397974,166.77752694397975,0.4904810663512976,0.6832148298881413,-0.19273376353684368,0,0,0,0,-166.77752694397975,0.2805379251837491,0.874158779844321,0.3323942974122998,0.48254355001066923,
2021-03-02,2021-03-03,6514.0213,6514.0213,6386.4903,6433.3282,16587706900.0,174025453382.7,6488.4388,Development,-0.013506925437901218,-135.0692543790122,0.42766636783233125,0.6832148298881413,-0.25554846205581006,0,0,0,0,135.0692543790122,0.24988919703553672,0.6745612469873847,0.34689208041062036,0.4844414624590282,
2021-03-03,2021-03-04,6426.0369,6528.2217,6420.2068,6524.7513,17101752400.0,169667464343.0,6433.3282,Development,0.008831259590183826,88.31259590183826,0.44761266179325243,0.6832148298881413,-0.23560216809488888,0,0,0,0,-88.31259590183826,0.2901215920253945,0.6632383006556556,0.37992553755051134,0.498006112874514,
2021-03-04,2021-03-05,6482.7869,6485.1639,6371.7302,6401.9917,19433461600.0,192657769864.8,6524.7513,Development,-0.024223409225436754,-242.23409225436754,0.49346647356456796,0.6832148298881413,-0.18974835632357334,0,1,0,0,242.23409225436754,0.3036844342522721,0.8156680816447822,0.3807198090075668,0.4879271567286983,
2021-03-05,2021-03-08,6325.7517,6442.0155,6319.5318,6403.4964,16650488500.0,163666502404.3,6401.9917,Development,0.02023920730243023,202.39207302430228,0.4815074566951306,0.6832148298881413,-0.2017073731930107,0,0,0,0,-202.39207302430228,0.2965652187343671,0.7851918421388392,0.37453984397812135,0.49014250532115045,
2021-03-08,2021-03-09,6453.7799,6488.819,6253.6974,6256.4092,16854633900.0,177120047000.4,6403.4964,Development,-0.033850860020807394,-338.5086002080739,0.5983004387338597,0.6832148298881413,-0.08491439115428157,0,1,0,0,338.5086002080739,0.5550961327392196,0.867457170986478,0.37538168058640436,0.5255985999831387,
2021-03-09,2021-03-10,6235.3139,6250.9352,6033.4082,6108.0027,19643268600.0,181888459397.2,6256.4092,Development,-0.011313897123928274,-113.13897123928274,0.6240393939621487,0.6832148298881413,-0.059175435925992614,0,0,0,0,113.13897123928274,0.5949816181938244,0.8270056835298099,0.42119082868998453,0.6095129379756568,
2021-03-10,2021-03-11,6164.7682,6179.8543,6053.0186,6062.2552,14255427900.0,135611236325.7,6108.0027,Development,-0.014669440450332027,-146.69440450332027,0.6381538492866119,0.6832148298881413,-0.04506098060152941,0,0,0,0,146.69440450332027,0.5938643836675085,0.8714000409708121,0.4216658468176883,0.6217591316746262,
2021-03-11,2021-03-12,6074.3345,6213.9343,6045.5492,6213.8319,16081464300.0,149412660862.7,6062.2552,Development,0.025871212722974102,258.71212722974104,0.6697370012406313,0.6832148298881413,-0.013477828647510015,0,0,0,0,-258.71212722974104,0.6726312954511828,0.869471362973117,0.4221376118163365,0.6545006534697639,
2021-03-12,2021-03-15,6231.4849,6232.5006,6137.9903,6222.3802,17574617800.0,160346945987.6,6213.8319,Development,-0.006288372776126039,-62.88372776126039,0.7482847405738436,0.6832148298881413,0.06506991068570234,1,0,0,1,62.88372776126039,0.9191485110486414,0.8593532694620339,0.4099237280255716,0.6560756950144396,预测大跌
2021-03-15,2021-03-16,6192.299,6229.5721,6111.3575,6173.8721,17079969100.0,150564929107.2,6222.3802,Development,-0.002621078213438932,-26.21078213438932,0.6822459006340729,0.6832148298881413,-0.0009689292540684402,0,0,0,0,26.21078213438932,0.8809536957271098,0.6235199559119432,0.4708408492893196,0.6534441849241321,
2021-03-16,2021-03-17,6176.0685,6222.1819,6124.777,6195.2438,15284599200.0,138852788600.2,6173.8721,Development,0.0007811279942895322,7.811279942895322,0.6684542995130363,0.6832148298881413,-0.014760530375105052,0,0,0,0,-7.811279942895322,0.842558662224854,0.6651800343506621,0.4312235432272478,0.6304047826775374,
2021-03-17,2021-03-18,6180.8928,6230.559,6124.0498,6225.3588,13484039600.0,125106921644.8,6195.2438,Development,0.008138047629624001,81.38047629624,0.6595886040720376,0.6832148298881413,-0.02362622581610374,0,0,0,0,-81.38047629624,0.8107281360840987,0.6745919377138132,0.43163090268577375,0.6256031040794137,
2021-03-18,2021-03-19,6231.1932,6300.9446,6227.1926,6273.8556,14072566500.0,137984965631.0,6225.3588,Development,-0.005767723587835505,-57.67723587835505,0.6145183312374477,0.6832148298881413,-0.0686964986506936,0,0,0,0,57.67723587835505,0.7939895490431471,0.5473641676324885,0.4125034833591679,0.6284321955416501,
2021-03-19,2021-03-22,6195.2534,6258.1321,6167.507,6206.6023,14323827500.0,143898488142.7,6273.8556,Development,0.002207867720148471,22.07867720148471,0.5916280128278093,0.6832148298881413,-0.091586817060332,0,0,0,0,-22.07867720148471,0.7341365223205223,0.5449916382623458,0.40501295791456915,0.6270067861510606,
2021-03-22,2021-03-23,6208.9317,6307.5479,6206.081,6305.6919,14304144500.0,138484393048.5,6206.6023,Development,0.015952599381951593,159.52599381951592,0.5626495633309547,0.6832148298881413,-0.12056526655718658,0,0,0,0,-159.52599381951592,0.8137255720000843,0.35982864505664763,0.3877751220268685,0.62450200868221,
2021-03-23,2021-03-24,6307.9803,6307.9803,6181.1338,6219.1666,15096405200.0,144085644479.5,6305.6919,Development,-0.02023910886341862,-202.3910886341862,0.5595314014362694,0.6832148298881413,-0.12368342845187186,0,1,0,0,202.3910886341862,0.8060434013480983,0.36812684095220033,0.36754211480187476,0.6346366515930468,
2021-03-24,2021-03-25,6180.3124,6232.1309,6131.8232,6142.5439,14767311100.0,137684570621.8,6219.1666,Development,-0.009941681912389977,-99.41681912389977,0.49834874472274354,0.6832148298881413,-0.18486608516539776,0,0,0,0,99.41681912389977,0.7774238205500773,0.15399950339111496,0.4054188840539648,0.6357039393395799,
2021-03-25,2021-03-26,6118.8697,6190.9381,6108.2613,6157.4072,12930709300.0,122101589124.7,6142.5439,Development,0.007510210586769039,75.1021058676904,0.4992312514451793,0.6832148298881413,-0.18398357844296198,0,0,0,0,-75.1021058676904,0.7432938091294177,0.23472541401382796,0.37032748996897835,0.6207262039008138,
2021-03-26,2021-03-29,6164.8237,6264.5552,6164.8237,6251.7941,12888761000.0,130405073058.5,6157.4072,Development,0.017060520319502448,170.60520319502447,0.5018562710630864,0.6832148298881413,-0.18135855882505492,0,0,0,0,-170.60520319502447,0.754140251007822,0.22946267998958786,0.37120822512812035,0.6220826612197239,
2021-03-29,2021-03-30,6269.9988,6277.7649,6215.798,6254.9426,13963389400.0,137607136706.5,6251.7941,Development,-0.004869107789940874,-48.69107789940874,0.45429136134524645,0.6832148298881413,-0.22892346854289486,0,0,0,0,48.69107789940874,0.5879962330294298,0.252456881615724,0.3896033243894007,0.612324899357309,
2021-03-30,2021-03-31,6239.4695,6287.8738,6217.3269,6280.359,13440958400.0,138902652260.9,6254.9426,Development,0.006126562522663193,61.265625226631926,0.4508975217133271,0.6832148298881413,-0.23231730817481422,0,0,0,0,-61.265625226631926,0.5715713095191903,0.23515767108362898,0.4314062724496844,0.5988109289653479,
2021-03-31,2021-04-01,6277.696,6277.696,6205.9386,6254.0695,12512849200.0,124539602404.6,6280.359,Development,-0.0029122945743151885,-29.122945743151885,0.4666537239958225,0.6832148298881413,-0.2165611058923188,0,0,0,0,29.122945743151885,0.5922800412704978,0.27087553256518027,0.4258805317807462,0.5983727740864911,
2021-04-01,2021-04-02,6259.4135,6321.5796,6238.3074,6311.6644,13037481800.0,124971608809.6,6254.0695,Development,0.00912906616570397,91.29066165703969,0.4513861700349009,0.6832148298881413,-0.23182865985324042,0,0,0,0,-91.29066165703969,0.5397373489311837,0.2881555402826439,0.41764483082397724,0.5956878583617694,
2021-04-02,2021-04-06,6316.5561,6341.6545,6291.7144,6326.6059,12393887100.0,125309449743.9,6311.6644,Development,0.00464417627827296,46.4417627827296,0.4611028221667378,0.6832148298881413,-0.2221120077214035,0,0,0,0,-46.4417627827296,0.5410746497975147,0.32443002625059186,0.41814516445275185,0.5894068606613229,
2021-04-06,2021-04-07,6345.8913,6367.7849,6323.2422,6343.0962,11148915800.0,115979707861.0,6326.6059,Development,0.0007070716764405738,7.070716764405738,0.45388320942614924,0.6832148298881413,-0.22933162046199207,0,0,0,0,-7.070716764405738,0.5342639909671449,0.29308826259963355,0.44138392841412466,0.5816517169894694,
2021-04-07,2021-04-08,6350.3783,6350.3783,6289.0653,6348.0761,15001677500.0,139659141224.5,6343.0962,Development,-0.002748182734247484,-27.48182734247484,0.46058771683532307,0.6832148298881413,-0.22262711305281824,0,0,0,0,27.48182734247484,0.5431116401827472,0.3077301483475206,0.44279599613605614,0.5771887405371928,
2021-04-08,2021-04-09,6332.9263,6385.1951,6309.1232,6356.7526,17374127800.0,147432805257.3,6348.0761,Development,0.001952225466448354,19.52225466448354,0.4559499821868811,0.6832148298881413,-0.2272648477012602,0,0,0,0,-19.52225466448354,0.5430346598533686,0.32078562958954465,0.412814662000059,0.566743724447814,
2021-04-09,2021-04-12,6345.2896,6360.4497,6307.6558,6335.2393,14130690000.0,127539220387.4,6356.7526,Development,-0.0031559316063367593,-31.559316063367593,0.4233580562071648,0.6832148298881413,-0.2598567736809765,0,0,0,0,31.559316063367593,0.5425687046656398,0.21573575250127597,0.3991192408933792,0.5667028307746663,
2021-04-12,2021-04-13,6325.2643,6344.1623,6203.569,6226.4182,15544143900.0,142018338674.3,6335.2393,Development,-0.01818760363894989,-181.8760363894989,0.41585949388719634,0.6832148298881413,-0.26735533600094497,0,1,0,0,181.8760363894989,0.5414907145323158,0.19151109599604368,0.39827155910700446,0.565686256648598,
2021-04-13,2021-04-14,6210.2229,6254.897,6193.8091,6209.7801,13038770900.0,116032381971.2,6226.4182,Development,-0.0005773705803698848,-5.773705803698848,0.3666138931895824,0.6832148298881413,-0.31660093669855893,0,0,0,0,5.773705803698848,0.35306451349766155,0.23662994726596334,0.39891591432550244,0.5784629513393574,
2021-04-14,2021-04-15,6206.6373,6287.8377,6206.6373,6277.2111,11743821700.0,107282816415.8,6209.7801,Development,0.009182234637748143,91.82234637748144,0.4087550603080349,0.6832148298881413,-0.2744597695801064,0,0,0,0,-91.82234637748144,0.36219844065179024,0.3852974535517177,0.3995552855952014,0.5613883791312557,
2021-04-15,2021-04-16,6263.6281,6281.4258,6211.6602,6276.4609,11977617600.0,111582123998.5,6277.2111,Development,0.003230316308211245,32.30316308211245,0.3975115055931368,0.6832148298881413,-0.2857033242950045,0,0,0,0,-32.30316308211245,0.37111746141941043,0.3562348827760776,0.3910517244964608,0.534715138400088,
2021-04-16,2021-04-19,6283.8616,6344.9465,6276.4319,6339.5906,12676465300.0,119984627677.6,6276.4609,Development,0.007614442049455716,76.14442049455717,0.41666285414661364,0.6832148298881413,-0.26655197574152767,0,0,0,0,-76.14442049455717,0.40746593231185174,0.36481837527511896,0.415054402130617,0.5291457725925935,
2021-04-19,2021-04-20,6331.7097,6431.7772,6315.0828,6425.2606,14220093000.0,144720530841.8,6339.5906,Development,0.013901695461495889,139.01695461495888,0.3906676096540005,0.6832148298881413,-0.2925472202341408,0,0,0,0,-139.01695461495888,0.371721315581567,0.3475949286184966,0.37163651247278723,0.5324734349942215,
2021-04-20,2021-04-21,6419.7312,6467.3806,6410.2782,6428.5411,13467452300.0,143364748864.1,6425.2606,Development,-0.0036542184196123317,-36.542184196123316,0.40876671108268425,0.6832148298881413,-0.27444811880545705,0,0,0,0,36.542184196123316,0.3965456124667669,0.35689487711645174,0.39160512721557017,0.5491094328996972,
2021-04-21,2021-04-22,6396.2721,6434.6303,6369.7696,6420.2587,12105173300.0,128354894323.3,6428.5411,Development,0.0075062472717506434,75.06247271750644,0.4142062157372982,0.6832148298881413,-0.2690086141508431,0,0,0,0,-75.06247271750644,0.3898628681573508,0.3654273712644914,0.42824211578742705,0.5319994446031714,
2021-04-22,2021-04-23,6444.2841,6472.8037,6424.7538,6445.4657,12492387700.0,131906162234.2,6420.2587,Development,0.00019119268810641188,1.9119268810641188,0.4287551099795527,0.6832148298881413,-0.2544597199085886,0,0,0,0,-1.9119268810641188,0.40506464617781923,0.40999387580506297,0.41238123478074806,0.5344435837619496,
2021-04-23,2021-04-26,6445.5162,6463.9749,6412.9875,6462.7558,12611730600.0,135170990907.5,6445.4657,Development,0.005396588716975126,53.965887169751255,0.42704802745784387,0.6832148298881413,-0.25616680243029744,0,0,0,0,-53.965887169751255,0.4087290622189905,0.385595405648253,0.4327058367448725,0.5307384289875269,
2021-04-26,2021-04-27,6480.3,6546.6427,6437.1905,6442.6451,14496413900.0,166586765811.5,6462.7558,Development,-0.007050090273598486,-70.50090273598487,0.4317037458054486,0.6832148298881413,-0.2515110840826927,0,0,0,0,70.50090273598487,0.4203062225825103,0.3919830794861126,0.4309926010850497,0.526412472703579,
2021-04-27,2021-04-28,6434.6133,6466.252,6399.4358,6446.2822,12589471200.0,138320089612.0,6442.6451,Development,-0.00023535213841052727,-2.3535213841052727,0.434090289939184,0.6832148298881413,-0.24912453994895728,0,0,0,0,2.3535213841052727,0.43932195081284625,0.3626790700895701,0.445911924093151,0.5316878983577712,
2021-04-28,2021-04-29,6433.0989,6489.7441,6410.3174,6489.7441,11723494300.0,136377845945.8,6446.2822,Development,0.009722654815706333,97.22654815706333,0.40264325737441764,0.6832148298881413,-0.28057157251372367,0,0,0,0,-97.22654815706333,0.44002933806906647,0.26045640804584663,0.43185112831499717,0.5318639996799914,
2021-04-29,2021-04-30,6495.6457,6502.425,6453.5198,6491.9281,12830543900.0,145502311777.1,6489.7441,Development,-0.003893823827244791,-38.93823827244791,0.416899830903925,0.6832148298881413,-0.2663149989842163,0,0,0,0,38.93823827244791,0.4688668996687614,0.276061237015785,0.43225526809642706,0.5318236229432022,
2021-04-30,2021-05-06,6470.3528,6503.1544,6434.7302,6485.7075,14425423900.0,163746329854.7,6491.9281,Development,0.005138529695011496,51.385296950114956,0.4190720118910315,0.6832148298881413,-0.2641428179971098,0,0,0,0,-51.385296950114956,0.45691039408201445,0.29271163035547704,0.440603302084419,0.5301905934065049,
2021-05-06,2021-05-07,6503.6009,6548.0656,6440.3308,6489.3485,15414198100.0,167436128821.0,6485.7075,Development,0.000303570288268995,3.03570288268995,0.4432784037882106,0.6832148298881413,-0.2399364260999307,0,0,0,0,-3.03570288268995,0.48670035410360024,0.3481832868725501,0.43300300379916606,0.53155188895535,
2021-05-07,2021-05-10,6505.5752,6524.1804,6439.8945,6444.4429,17751874900.0,177915642405.9,6489.3485,Development,-0.0067875320233021785,-67.87532023302178,0.4498269694679019,0.6832148298881413,-0.2333878604202394,0,0,0,0,67.87532023302178,0.5059566893571709,0.3574423064501661,0.44758866880242726,0.49530213839927056,
2021-05-10,2021-05-11,6461.4184,6493.4965,6437.1068,6475.9938,18908013400.0,180906623674.1,6444.4429,Development,-0.0038887127321765025,-38.88712732176502,0.4580435823697223,0.6832148298881413,-0.225171247518419,0,0,0,0,38.88712732176502,0.5438421614124713,0.36593969433868945,0.4110434794078666,0.5015285475307393,
2021-05-11,2021-05-12,6436.2918,6472.8694,6349.7869,6456.0376,18726361100.0,175350134124.8,6475.9938,Development,-0.0002140828978575149,-2.140828978575149,0.46049214116454323,0.6832148298881413,-0.22272268872359807,0,0,0,0,2.140828978575149,0.5113925481102051,0.41505081671869715,0.4115921635399345,0.49908856341907937,
2021-05-12,2021-05-13,6434.9139,6521.4879,6419.7374,6512.0501,15649093000.0,150127199439.1,6456.0376,Development,0.002182764248018998,21.82764248018998,0.47169094150332996,0.6832148298881413,-0.21152388838481134,0,0,0,0,-21.82764248018998,0.514955971364027,0.4760730470165134,0.38170493621790946,0.495814825668731,
2021-05-13,2021-05-14,6448.9598,6496.9964,6426.5758,6439.0273,15965864600.0,155853650959.6,6512.0501,Development,0.0008868562027632976,8.868562027632976,0.49997468761736175,0.6832148298881413,-0.18324014227077956,0,0,0,0,-8.868562027632976,0.5866667927480107,0.4805768224949736,0.38248623446589924,0.5112468512621724,
2021-05-14,2021-05-17,6454.6791,6525.8036,6421.2082,6525.8036,16624340700.0,163611264403.2,6439.0273,Development,0.010412043566968343,104.12043566968343,0.47645327534425236,0.6832148298881413,-0.20676155454388895,0,0,0,0,-104.12043566968343,0.5412015498591036,0.48153338529171325,0.36636239300075063,0.4813479628144514,
2021-05-17,2021-05-18,6521.8855,6613.8947,6521.8855,6578.1402,15936375800.0,172029261941.2,6525.8036,Development,0.008752913555443387,87.52913555443386,0.4315036800210374,0.6832148298881413,-0.2517111498671039,0,0,0,0,-87.52913555443386,0.50290837349096,0.36655703710821425,0.3696486685937785,0.4784759722073734,
2021-05-18,2021-05-19,6578.971,6604.6852,6558.7784,6599.5985,13250549100.0,141986530241.0,6578.1402,Development,0.00047624468932916386,4.762446893291639,0.40962351059369506,0.6832148298881413,-0.27359131929444624,0,0,0,0,-4.762446893291639,0.4508063197143554,0.37058641394697533,0.3583401688562895,0.46093955523298347,
2021-05-19,2021-05-20,6582.1042,6590.9811,6544.8406,6584.3869,13518125500.0,146346354189.3,6599.5985,Development,-0.006230773435643822,-62.30773435643822,0.41782288815815194,0.6832148298881413,-0.26539194172998937,0,0,0,0,62.30773435643822,0.4531738129429534,0.37807892531936543,0.38294061027280696,0.4602172400506748,
2021-05-20,2021-05-21,6541.0926,6580.4366,6506.4075,6548.7111,16232992300.0,167135804361.3,6584.3869,Development,0.002506584297553127,25.06584297553127,0.39318452143791954,0.6832148298881413,-0.29003030845022176,0,0,0,0,-25.06584297553127,0.45949911278106725,0.3206351137267616,0.38502073079223176,0.39045269046607767,
2021-05-21,2021-05-24,6557.4884,6570.4572,6512.8063,6527.864,13435069500.0,145990149052.2,6548.7111,Development,-0.006352416879608969,-63.52416879608968,0.4170270899307827,0.6832148298881413,-0.2661877399573586,0,0,0,0,63.52416879608968,0.46071143949905546,0.44400803799623256,0.3480154951176321,0.3718721308517478,
2021-05-24,2021-05-25,6515.8325,6564.0707,6494.6163,6544.1218,13722661200.0,150739211897.2,6527.864,Development,0.005143026620159308,51.43026620159308,0.4140011591220764,0.6832148298881413,-0.2692136707660649,0,0,0,0,-51.43026620159308,0.4832978489063406,0.44685526920392965,0.3094717759206076,0.35297890258929154,
2021-05-25,2021-05-26,6549.3436,6628.6931,6524.3027,6619.6707,14469203600.0,158035570948.2,6544.1218,Development,0.012523713063397723,125.23713063397723,0.3999525106819142,0.6832148298881413,-0.28326231920622713,0,0,0,0,-125.23713063397723,0.4653791161249734,0.4403544625495073,0.2827268153556149,0.35140288942078646,
2021-05-26,2021-05-27,6631.3657,6642.3799,6612.4227,6628.2065,15623700300.0,169904624510.0,6619.6707,Development,-0.0003209595272358756,-3.209595272358756,0.36636298306359943,0.6832148298881413,-0.31685184682454187,0,0,0,0,3.209595272358756,0.44958028200098776,0.36121456097424504,0.2681101911438433,0.33363355036768383,
2021-05-27,2021-05-28,6629.2373,6685.4829,6620.7204,6685.4054,14516667600.0,164642448242.1,6628.2065,Development,0.01056632864839524,105.6632864839524,0.3612841001618322,0.6832148298881413,-0.3219307297263091,0,0,0,0,-105.6632864839524,0.4391520433178659,0.36499982074091514,0.29991222981249177,0.2736985316722085,
2021-05-28,2021-05-31,6699.284,6718.0899,6643.6437,6668.1696,15731838500.0,176611765480.0,6685.4054,Development,-0.0026472082688238086,-26.472082688238086,0.35688803419627435,0.6832148298881413,-0.32632679569186696,0,0,0,0,26.472082688238086,0.426397290218025,0.3799684760504273,0.2949179515025619,0.25399895560914104,
2021-05-31,2021-06-01,6681.5496,6729.0737,6667.2578,6728.9906,14692949300.0,176728706904.1,6668.1696,Development,0.005551661249360462,55.516612493604626,0.3570958620085749,0.6832148298881413,-0.3261189678795664,0,0,0,0,-55.516612493604626,0.40301552829010345,0.3868016118793479,0.31688610427854724,0.2628199257652619,
2021-06-01,2021-06-02,6718.6433,6742.9797,6656.6634,6739.7624,16109195700.0,185038576025.0,6728.9906,Development,0.0032536181821112287,32.53618182111229,0.36275003345510703,0.6832148298881413,-0.32046479643303427,0,0,0,0,-32.53618182111229,0.36950899694536987,0.45977435508715175,0.3183500860781472,0.23964460082553996,
2021-06-02,2021-06-03,6740.5032,6748.151,6662.7512,6681.4285,15736532000.0,174265553758.4,6739.7624,Development,-0.008960517962516512,-89.60517962516512,0.3532887991438853,0.6832148298881413,-0.329926030744256,0,0,0,0,89.60517962516512,0.3661732587924963,0.4617991063945602,0.2857124555104039,0.22893375719794246,
2021-06-03,2021-06-04,6680.1048,6744.5182,6654.4553,6667.7264,15488569100.0,167598938400.4,6681.4285,Development,-0.005695210051195665,-56.95210051195665,0.33814916231467773,0.6832148298881413,-0.3450656675734636,0,0,0,0,56.95210051195665,0.3097451453654867,0.4637212784690079,0.2954864764862538,0.2374176880757135,
2021-06-04,2021-06-07,6642.0602,6725.6862,6628.0059,6693.0574,13786640400.0,161257142655.0,6667.7264,Development,0.00958681464525113,95.8681464525113,0.3717707487303672,0.6832148298881413,-0.3114440811577741,0,0,0,0,-95.8681464525113,0.35308322829384925,0.5476064644932576,0.2972405122821296,0.20624830218923584,
2021-06-07,2021-06-08,6705.7364,6729.8451,6689.7015,6721.5019,14056089600.0,174154017266.3,6693.0574,Development,0.003034774823537756,30.34774823537756,0.4419670021017025,0.6832148298881413,-0.24124782778643883,0,0,0,0,-30.34774823537756,0.4707993768454255,0.7045856670931329,0.29896942762418016,0.1177372069428811,
2021-06-08,2021-06-09,6726.0868,6752.6266,6652.3908,6684.5626,13868494700.0,169906611639.7,6721.5019,Development,-0.007277515360045617,-72.77515360045616,0.35669963997109216,0.6832148298881413,-0.32651518991704914,0,0,0,0,72.77515360045616,0.39790600205400495,0.5031371228159685,0.2876628253117458,0.10779614572296964,
2021-06-09,2021-06-10,6677.1376,6712.252,6656.0547,6692.9049,13651103400.0,155486113450.7,6684.5626,Development,0.0017494921776062267,17.494921776062267,0.36093275172305134,0.6832148298881413,-0.32228207816508997,0,0,0,0,-17.494921776062267,0.41509111841609614,0.5029808415087278,0.296941973884185,0.08524938490383842,
2021-06-10,2021-06-11,6688.8192,6773.4555,6683.4936,6765.6436,15428096400.0,177003017372.4,6692.9049,Development,0.012681311523564665,126.81311523564665,0.42335304056365763,0.6832148298881413,-0.25986178932448367,0,0,0,0,-126.81311523564665,0.43043925227165436,0.7289770335181421,0.271132780610488,0.08275571044942455,
2021-06-11,2021-06-15,6773.6422,6775.8628,6717.2725,6725.9152,16956960700.0,194413370189.0,6765.6436,Development,-0.005838365657991229,-58.38365657991229,0.4119900036251899,0.6832148298881413,-0.2712248262629514,0,0,0,0,58.38365657991229,0.42436545350178956,0.7031731848584559,0.25366903071681884,0.09381294322821011,
2021-06-15,2021-06-16,6734.0952,6736.5371,6649.2043,6663.6623,15220925000.0,166359279929.9,6725.9152,Development,-0.011078206913380129,-110.78206913380129,0.4232092284106385,0.6832148298881413,-0.2600056014775028,0,0,0,0,110.78206913380129,0.44535737862378244,0.6887707596207894,0.2795958068950427,0.10888018417388819,
2021-06-16,2021-06-17,6659.4935,6662.7783,6554.8926,6566.286,13680787700.0,152269456251.1,6663.6623,Development,-0.01579584092994457,-157.95840929944572,0.44760356751649344,0.6832148298881413,-0.23561126237164787,0,0,0,0,157.95840929944572,0.44997120421152814,0.757851426749903,0.28158966797920054,0.12790769774485564,
2021-06-17,2021-06-18,6554.3012,6618.5036,6554.3012,6616.174,12449256200.0,143795950500.7,6566.286,Development,0.00853865245008878,85.38652450088779,0.4879268130768992,0.6832148298881413,-0.19528801681124208,0,0,0,0,-85.38652450088779,0.4521451565099862,0.8869301193671151,0.2835522733106393,0.14672203945231896,
2021-06-18,2021-06-21,6610.2661,6671.8815,6587.0346,6657.7635,13802258100.0,161540069486.5,6616.174,Development,0.0064122380791902245,64.12238079190224,0.5298782297468116,0.6832148298881413,-0.15333660014132966,0,0,0,0,-64.12238079190224,0.540710706250536,0.9214903755263666,0.2854844543449074,0.15757940323979341,
2021-06-21,2021-06-22,6652.6527,6722.9843,6638.517,6707.1762,14303117200.0,174776560666.7,6657.7635,Development,0.010619132425175426,106.19132425175425,0.5151272626858868,0.6832148298881413,-0.16808756720225448,0,0,0,0,-106.19132425175425,0.5729524904239323,0.8111594539850594,0.30850173635574685,0.15830241767293046,
2021-06-22,2021-06-23,6723.2981,6748.9655,6691.8215,6739.7939,14654349700.0,170147487108.5,6707.1762,Development,0.0027187400778794224,27.187400778794224,0.4828756064829085,0.6832148298881413,-0.2003392234052328,0,0,0,0,-27.187400778794224,0.5450665140404874,0.7155927957568564,0.32660121267266096,0.15834213818273504,
2021-06-23,2021-06-24,6741.577,6803.9743,6720.5819,6789.9464,15530960900.0,184582044261.0,6739.7939,Development,0.007458833445052937,74.58833445052937,0.49623039020243703,0.6832148298881413,-0.18698443968570427,0,0,0,0,-74.58833445052937,0.6001144858823194,0.6999133218502108,0.32840270474891176,0.14979462399767973,
2021-06-24,2021-06-25,6791.8613,6791.8613,6743.3265,6754.8657,14504652200.0,172627659565.8,6789.9464,Development,-0.0063304443510942,-63.304443510942,0.47958876895039304,0.6832148298881413,-0.20362606093774827,0,0,0,0,63.304443510942,0.5679293127963043,0.6860047605340687,0.31449626414482024,0.15763932211406134,
2021-06-25,2021-06-28,6748.8658,6824.8583,6739.0158,6813.4138,15148565900.0,174329254834.2,6754.8657,Development,0.009698103642837408,96.98103642837408,0.45082951393905,0.6832148298881413,-0.2323853159490913,0,0,0,0,-96.98103642837408,0.5826534794187437,0.544593165513882,0.3356090192241474,0.16504537727173582,
2021-06-28,2021-06-29,6814.317,6843.5186,6802.8584,6828.5162,14550405000.0,175447981606.9,6813.4138,Development,0.0027500188206681653,27.500188206681653,0.49669832127903474,0.6832148298881413,-0.18651650860910657,0,0,0,0,-27.500188206681653,0.6186324914803493,0.6615095872429831,0.3368482984222183,0.16896227559245366,
2021-06-29,2021-06-30,6833.0565,6835.0483,6756.9158,6765.4201,13662572200.0,167622236941.9,6828.5162,Development,-0.009558621387076194,-95.58621387076194,0.4616469693914451,0.6832148298881413,-0.2215678604966962,0,0,0,0,95.58621387076194,0.5044492973891463,0.6513773241749939,0.36476067744515,0.1718825529512749,
2021-06-30,2021-07-01,6767.7419,6812.3797,6757.3403,6808.1831,12540616100.0,155031841222.7,6765.4201,Development,0.008858922353407017,88.58922353407017,0.4667697499750941,0.6832148298881413,-0.21644507991304723,0,0,0,0,-88.58922353407017,0.6383130231014932,0.5227254976546268,0.3350994863782639,0.18536434858795459,
2021-07-01,2021-07-02,6827.6968,6827.6968,6716.6658,6716.6658,13835081100.0,168199910261.8,6808.1831,Development,-0.018546898567610715,-185.46898567610714,0.4305333906763152,0.6832148298881413,-0.2526814392118261,0,1,0,0,185.46898567610714,0.5948843200613683,0.48722342215060715,0.2793509896789616,0.18995591202442746,
2021-07-02,2021-07-05,6701.0642,6718.5052,6651.4849,6658.0451,13647228700.0,162302314384.6,6716.6658,Development,-0.004616878614593811,-46.168786145938114,0.3790095456091918,0.6832148298881413,-0.3042052842789495,0,0,0,0,46.168786145938114,0.6939121779689292,0.19792579897117726,0.2368347478114181,0.22222835543321368,
2021-07-05,2021-07-06,6670.1262,6716.147,6663.5441,6711.0136,13473472100.0,165135856954.1,6658.0451,Development,0.008671680005094995,86.71680005094996,0.4355975746632107,0.6832148298881413,-0.2476172552249306,0,0,0,0,-86.71680005094996,0.537257612780466,0.5842298149021731,0.23958735598558908,0.22897762392758853,
2021-07-06,2021-07-07,6727.9674,6747.8474,6633.6146,6709.4983,14501795400.0,183569347568.2,6711.0136,Development,-0.009826727162798088,-98.26727162798088,0.38024770784864464,0.6832148298881413,-0.30296712203949666,0,0,0,0,98.26727162798088,0.3215858141857291,0.676661510293348,0.2016066317831807,0.231811557194122,
2021-07-07,2021-07-08,6661.8535,6765.4341,6642.5714,6764.1319,14764695200.0,176266750638.3,6709.4983,Development,0.016960940374927125,169.60940374927125,0.37279961050853166,0.6832148298881413,-0.31041521937960964,0,0,0,0,-169.60940374927125,0.29257550898090634,0.6651049945314669,0.22228713235541656,0.23869606167513202,
2021-07-08,2021-07-09,6774.8448,6797.0765,6740.8503,6748.654,15956454300.0,203043021691.4,6764.1319,Development,-0.007857877423258386,-78.57877423258385,0.5245614165595343,0.6832148298881413,-0.15865341332860705,0,0,0,0,78.57877423258385,0.6062846498988681,0.8104035648351758,0.21927842658747065,0.2704398974426642,
2021-07-09,2021-07-12,6721.6089,6814.6529,6683.7857,6804.5389,16610700400.0,204576733418.5,6748.654,Development,0.019469520162055165,194.69520162055164,0.4966447355011507,0.6832148298881413,-0.18657009438699063,0,0,0,0,-194.69520162055164,0.5196724601969858,0.7808218255313908,0.25885573695223485,0.27736078597434033,
2021-07-12,2021-07-13,6852.4754,6926.7584,6840.0176,6904.3818,19356104400.0,239883545712.2,6804.5389,Development,0.007199763168795892,71.99763168795891,0.5245800253274943,0.6832148298881413,-0.15863480456064705,0,0,0,0,-71.99763168795891,0.6051828854904562,0.7759781581806303,0.2611962099598093,0.2755049611187789,
2021-07-13,2021-07-14,6901.8116,6961.9744,6889.0257,6961.8475,17962084300.0,223831191046.1,6904.3818,Development,0.0075358185668237265,75.35818566823727,0.457351726448165,0.6832148298881413,-0.2258631034399763,0,0,0,0,-75.35818566823727,0.40409133860270613,0.7520881344514562,0.29437320979632625,0.2788367970102835,
2021-07-14,2021-07-15,6953.8224,6973.6146,6898.7502,6898.7502,17173544800.0,214904536798.0,6961.8475,Development,-0.011363203638908081,-113.63203638908081,0.48550337332890675,0.6832148298881413,-0.19771145655923456,0,0,0,0,113.63203638908081,0.517483096325492,0.7317076416043798,0.2732254786100121,0.27857109771756483,
2021-07-15,2021-07-16,6874.8047,6936.5787,6828.4823,6932.406,17322110800.0,205199287272.7,6898.7502,Development,0.00818157059792557,81.8157059792557,0.4119273054612502,0.6832148298881413,-0.2712875244268911,0,0,0,0,-81.8157059792557,0.44766555896497334,0.532738777786613,0.2935394203304319,0.287346782251329,
2021-07-16,2021-07-19,6931.0514,6992.8342,6922.3462,6925.1232,18490785800.0,221559303997.3,6932.406,Development,-0.002734563474742102,-27.345634747421023,0.5017857764150886,0.6832148298881413,-0.18142905347305271,0,0,0,0,27.345634747421023,0.5443590280838729,0.7474473574266954,0.2739394895253191,0.29469849432204304,
2021-07-19,2021-07-20,6912.098,6931.1438,6856.6499,6889.3375,16973481800.0,208077102432.8,6925.1232,Development,-0.011725340121045758,-117.25340121045758,0.3727642673058955,0.6832148298881413,-0.3104505625822458,0,0,0,0,117.25340121045758,0.4826316422895009,0.3505922432222281,0.2958986310726542,0.28378738743285864,
2021-07-20,2021-07-21,6831.0513,6901.1329,6825.8225,6901.1318,14014063000.0,171140493692.8,6889.3375,Development,0.013549978756564052,135.49978756564053,0.33801319310782807,0.6832148298881413,-0.34520163678031324,0,0,0,0,-135.49978756564053,0.43111026108144096,0.3230611391648464,0.24988997821452594,0.2875174385424089,
2021-07-21,2021-07-22,6923.6119,6998.2849,6922.9205,6984.5418,16300927100.0,204939577752.7,6901.1318,Development,0.01049211033911357,104.92110339113569,0.6025344309160214,0.6832148298881413,-0.08068039897211987,0,0,0,0,-104.92110339113569,0.9708219912325421,0.5988902206663137,0.2523925652301697,0.30774579849844946,
2021-07-22,2021-07-23,6996.2552,7026.7337,6960.2973,7026.5482,19023331600.0,219500277016.4,6984.5418,Development,0.005723447595222142,57.234475952221416,0.5261275269732961,0.6832148298881413,-0.15708730291484518,0,0,0,0,-57.234475952221416,0.9207573432966176,0.3596072332159604,0.2865452451642304,0.30837531884904074,
2021-07-23,2021-07-26,7036.2979,7061.6675,6968.3065,6985.7499,22507907400.0,253751241896.6,7026.5482,Development,-0.00883826990895309,-88.38269908953089,0.5102925772112433,0.6832148298881413,-0.17292225267689798,0,0,0,0,88.38269908953089,0.8479208506010465,0.3679839659426292,0.3147745365228678,0.3107098719245024,
2021-07-26,2021-07-27,6974.1092,6986.497,6778.4971,6868.2074,20819723900.0,242702241755.1,6985.7499,Development,-0.013860823974479852,-138.6082397447985,0.4629258793849186,0.6832148298881413,-0.22028895050322272,0,0,0,0,138.6082397447985,0.856876689192661,0.22435768972130823,0.2667064055865255,0.313076516927574,
2021-07-27,2021-07-28,6877.4423,6925.9705,6719.2557,6719.2557,22861433900.0,266957981725.4,6868.2074,Development,-0.033048681484394216,-330.48681484394217,0.5220336686590227,0.6832148298881413,-0.16118116122911863,0,1,0,0,330.48681484394217,0.8482148706233738,0.4320239627558271,0.2689112558058541,0.33445891748847567,
2021-07-28,2021-07-29,6650.1519,6709.2256,6534.9179,6621.9845,19726716600.0,222466408799.2,6719.2557,Development,0.010595923380336547,105.95923380336546,0.6136484690234139,0.6832148298881413,-0.06956636086472745,0,0,0,0,-105.95923380336546,0.8240998964254452,0.7587643640626917,0.27107900250610967,0.383519385936654,
2021-07-29,2021-07-30,6720.6164,6773.5669,6682.1185,6758.8869,17101788500.0,209142006693.7,6621.9845,Development,0.002847670341666886,28.476703416668858,0.6273362829881873,0.6832148298881413,-0.055878546899953974,0,0,0,0,-28.476703416668858,0.7192242781001987,0.9335894906634573,0.2713693598461861,0.3855856992636916,
2021-07-30,2021-08-02,6739.7545,6775.0062,6702.5114,6767.316,18971173400.0,222514805286.1,6758.8869,Development,0.0025310565837375343,25.310565837375343,0.5724360293654898,0.6832148298881413,-0.11077880052265154,0,0,0,0,-25.310565837375343,0.6362899030595354,0.8269540276092929,0.2793489222531506,0.39433482311845325,
2021-08-02,2021-08-03,6756.8132,6875.4159,6731.7761,6872.0004,20620517300.0,249640208610.0,6767.316,Development,0.012958224152178843,129.58224152178843,0.5601023848805615,0.6832148298881413,-0.12311244500757978,0,0,0,0,-129.58224152178843,0.6209430547164163,0.7944396555607631,0.2882649739228189,0.394502177855913,
2021-08-03,2021-08-04,6844.3695,6879.5933,6792.7117,6816.0107,19418943200.0,237723020657.0,6872.0004,Development,-0.004424790333134365,-44.24790333134365,0.5704429652164336,0.6832148298881413,-0.11277186467170774,0,0,0,0,44.24790333134365,0.6867793200651334,0.7442986793488059,0.2909216730670355,0.4033224881367171,
2021-08-04,2021-08-05,6814.0846,6931.7808,6813.228,6931.3365,17406434700.0,216189753229.4,6816.0107,Development,0.015681446044858216,156.81446044858217,0.508580829622473,0.6832148298881413,-0.17463400026566833,0,0,0,0,-156.81446044858217,0.6361329840286283,0.5887529056258354,0.2853840481839707,0.4041269429814496,
2021-08-05,2021-08-06,6920.9393,6946.3354,6880.6905,6911.8292,17937188500.0,226672383897.7,6931.3365,Development,0.0011679484026105857,11.679484026105857,0.5356795689588856,0.6832148298881413,-0.14753526092925573,0,0,0,0,-11.679484026105857,0.6620875134093143,0.6432426298691598,0.28728846248893897,0.4203651018049211,
2021-08-06,2021-08-09,6929.0226,6947.5356,6885.6471,6938.8679,17235691200.0,214958730456.7,6911.8292,Development,-0.002121626793366249,-21.216267933662493,0.5215551020873713,0.6832148298881413,-0.16165972780076998,0,0,0,0,21.216267933662493,0.6067158133543368,0.6346854212180619,0.32935733780093096,0.4068824580602161,
2021-08-09,2021-08-10,6914.3218,6989.7057,6877.1951,6979.5256,17383337100.0,210955642886.2,6938.8679,Development,0.008172009003110103,81.72009003110104,0.5089520197878168,0.6832148298881413,-0.17426281010032452,0,0,0,0,-81.72009003110104,0.5869326194741268,0.6268018729556692,0.31396016880040933,0.4051197975183511,
2021-08-10,2021-08-11,6970.8257,7019.6854,6958.8054,7019.2284,17308796200.0,222660420409.7,6979.5256,Development,0.0077383659155327855,77.38365915532785,0.49141009922882095,0.6832148298881413,-0.19180473065932035,0,0,0,0,-77.38365915532785,0.6509403430537796,0.5144294364294508,0.2728546143970315,0.41263828264339203,
2021-08-11,2021-08-12,7024.7685,7076.3726,6999.9332,7073.5219,18835790600.0,221759523190.4,7019.2284,Development,0.004939493735629963,49.39493735629963,0.2615633616703911,0.6832148298881413,-0.4216514682177502,0,0,0,0,-49.39493735629963,0.13914639194555248,0.2978611372702701,0.29498477658243605,0.41222386953182294,
2021-08-12,2021-08-13,7059.4673,7115.8874,7051.0132,7095.2024,19407912500.0,226074875242.5,7073.5219,Development,0.0015587295092365228,15.587295092365228,0.22183505347041216,0.6832148298881413,-0.46137977641772915,0,0,0,0,-15.587295092365228,0.18343133625713506,0.09631353219976937,0.3008228670624792,0.4144973710831588,
2021-08-13,2021-08-16,7070.4711,7124.9216,7050.3051,7088.8876,19219060400.0,221865974676.0,7095.2024,Development,0.0024197963272913903,24.197963272913903,0.2609340970483672,0.6832148298881413,-0.42228073283977413,0,0,0,0,-24.197963272913903,0.24811630307422672,0.14436960657395423,0.31526496503000456,0.4174548240988867,
2021-08-16,2021-08-17,7087.5802,7102.3958,7039.1029,7052.4876,18817888600.0,222080461698.0,7088.8876,Development,-0.005901238338015591,-59.01238338015591,0.2744858210458798,0.6832148298881413,-0.4087290088422615,0,0,0,0,59.01238338015591,0.2686461232162538,0.182408032249577,0.2972221018136841,0.41676892327163395,
2021-08-17,2021-08-18,7045.7547,7063.0175,6876.4991,6894.4042,20193637200.0,226553000297.5,7052.4876,Development,-0.02306188718151092,-230.6188718151092,0.28782460431434864,0.6832148298881413,-0.39539022557379266,0,1,0,0,230.6188718151092,0.2853405657768619,0.21319490739261188,0.293329085865658,0.41613649368649697,
2021-08-18,2021-08-19,6883.2663,6950.8846,6865.0658,6941.008,17536733100.0,191997407327.9,6894.4042,Development,0.004974818423050031,49.748184230500314,0.3105535765882427,0.6832148298881413,-0.37266125329989863,0,0,0,0,-49.748184230500314,0.27878072787364927,0.27810384161520146,0.2933328712452801,0.458536386156149,
2021-08-19,2021-08-20,6917.5093,6978.9832,6869.2927,6947.0564,17181358900.0,194992915174.4,6941.008,Development,-0.00036017298885304694,-3.6017298885304694,0.38200112714599455,0.6832148298881413,-0.30121370274214676,0,0,0,0,3.6017298885304694,0.3322793149977398,0.4666519513694651,0.2951189738249505,0.4589839963863982,
2021-08-20,2021-08-23,6915.0178,6952.5192,6843.0023,6920.0248,17562713900.0,205135637760.0,6947.0564,Development,0.004962315498305836,49.623154983058356,0.41248834723578337,0.6832148298881413,-0.27072648265235794,0,0,0,0,-49.623154983058356,0.41334158719835196,0.46830298367960804,0.3046210690498073,0.46131710604434933,
2021-08-23,2021-08-24,6949.3323,7031.884,6949.3323,7024.5647,18945660800.0,216299530693.2,6920.0248,Development,0.011845137985414755,118.45137985414755,0.4044806049742096,0.6832148298881413,-0.2787342249139317,0,0,0,0,-118.45137985414755,0.38521085567074276,0.4739733405370952,0.3062477493698675,0.458886711464997,
2021-08-24,2021-08-25,7031.6481,7098.0287,7009.6901,7090.7817,20272689500.0,236479323511.5,7024.5647,Development,0.008603786642849665,86.03786642849664,0.374840168176506,0.6832148298881413,-0.3083746617116353,0,0,0,0,-86.03786642849664,0.31012682665462094,0.4499727681136439,0.32094727865372713,0.4549766921143417,
2021-08-25,2021-08-26,7092.1469,7153.274,7058.5714,7153.0043,19812689000.0,228737398900.2,7090.7817,Development,0.008373134515868408,83.73134515868408,0.39204234035298313,0.6832148298881413,-0.2911724895351582,0,0,0,0,-83.73134515868408,0.3355754649976117,0.45248838870765823,0.3549877482384299,0.4572039300199766,
2021-08-26,2021-08-27,7151.5304,7175.5115,7115.8445,7118.8442,23017619600.0,255363535500.4,7153.0043,Development,-0.0076732946559242565,-76.73294655924256,0.3925800229379047,0.6832148298881413,-0.2906348069502366,0,0,0,0,76.73294655924256,0.3339363773696424,0.45487198297543197,0.3543811999092693,0.4607102213691634,
2021-08-27,2021-08-30,7096.6546,7185.7274,7083.2112,7180.1088,22383046300.0,258997827229.8,7118.8442,Development,0.01493262755101532,149.3262755101532,0.39905371149594515,0.6832148298881413,-0.28416111839219615,0,0,0,0,-149.3262755101532,0.34409262720722755,0.4571313992632919,0.3701828549596867,0.4539074897539684,
2021-08-30,2021-08-31,7202.6263,7262.6044,7190.6143,7226.8823,25064914800.0,301015443912.4,7180.1088,Development,-1.4217036360730795e-05,-0.14217036360730795,0.4597758685965377,0.6832148298881413,-0.22343896129160362,0,0,0,0,0.14217036360730795,0.4364204610080827,0.570305610725523,0.34920157998579743,0.468018707836048,
2021-08-31,2021-09-01,7202.5239,7255.3418,7159.3023,7255.3418,24510834200.0,288657326056.3,7226.8823,Development,0.009511929561247356,95.11929561247356,0.43086327516159445,0.6832148298881413,-0.25235155472654686,0,0,0,0,-95.11929561247356,0.3553095093786334,0.5666748148416026,0.3532312873005023,0.46048881631937383,
2021-09-01,2021-09-02,7271.0338,7278.1558,7100.307,7193.1,29552014000.0,331023151839.6,7255.3418,Development,-0.013565457500692713,-135.65457500692713,0.4105678270294668,0.6832148298881413,-0.2726470028586745,0,0,0,0,135.65457500692713,0.3715681728571194,0.4696741502329333,0.3542814171322048,0.4673998401483742,
2021-09-02,2021-09-03,7172.3989,7309.3317,7172.3989,7307.0084,25341169800.0,271544871415.2,7193.1,Development,0.022767361698190047,227.67361698190047,0.34853793038262165,0.6832148298881413,-0.33467689950551965,0,0,0,0,-227.67361698190047,0.41233513237605446,0.18525146108651927,0.36112707069194466,0.4814101294894367,
2021-09-03,2021-09-06,7335.6955,7385.2425,7227.0348,7278.6809,28880124000.0,315016807341.7,7307.0084,Development,-0.005225762165291692,-52.25762165291692,0.4104532477819252,0.6832148298881413,-0.2727615821062161,0,0,0,0,52.25762165291692,0.42865408204808897,0.36626237437465664,0.3615404423920383,0.5163656108401415,
2021-09-06,2021-09-07,7297.3609,7359.5367,7231.7285,7355.4013,25587515300.0,273720337786.8,7278.6809,Development,0.008636272875033546,86.36272875033546,0.42250507720598984,0.6832148298881413,-0.26070975268215146,0,0,0,0,-86.36272875033546,0.4232529641113421,0.3688176123194437,0.4149187431221644,0.5253000904488316,
2021-09-07,2021-09-08,7360.3829,7501.1262,7350.6962,7498.9255,26072754100.0,280403353971.0,7355.4013,Development,0.018470710266988988,184.70710266988988,0.4389426471583955,0.6832148298881413,-0.24427218272974582,0,0,0,0,-184.70710266988988,0.40013368509751734,0.46052159079328436,0.415440768631949,0.5159636231505698,
2021-09-08,2021-09-09,7496.3344,7549.4542,7483.8711,7544.0411,27284780800.0,287850948370.8,7498.9255,Development,0.005155479723530032,51.55479723530032,0.44725194673997987,0.6832148298881413,-0.23596288314816144,0,0,0,0,-51.55479723530032,0.4032324148883281,0.46249228323782177,0.4431736623019966,0.5197305041557434,
2021-09-09,2021-09-10,7534.9816,7617.6574,7526.9689,7617.4505,28720406800.0,302380048527.9,7544.0411,Development,0.010434318777898577,104.34318777898577,0.4416031741548214,0.6832148298881413,-0.24161165573331989,0,0,0,0,-104.34318777898577,0.3781438856031459,0.46436263139782735,0.47159752317492504,0.49538288224922916,
2021-09-10,2021-09-13,7613.604,7661.4261,7564.2611,7607.6749,29346864200.0,322687990811.2,7617.4505,Development,-8.353468344379777e-06,-0.08353468344379777,0.4532620291497046,0.6832148298881413,-0.2299528007384367,0,0,0,0,0.08353468344379777,0.3993196468894255,0.4661382284310177,0.488507432648055,0.4968938129002674,
2021-09-13,2021-09-14,7613.5404,7650.8787,7566.7758,7648.7481,26361861000.0,298956061716.8,7607.6749,Development,0.002255836194157368,22.55836194157368,0.4153853218495338,0.6832148298881413,-0.2678295080386075,0,0,0,0,-22.55836194157368,0.39479583930959233,0.3234600652314071,0.5058994348073584,0.49555026601162205,
2021-09-14,2021-09-15,7630.7153,7688.6036,7544.0161,7556.6157,27150151200.0,306464420119.2,7648.7481,Development,-0.0125105178540732,-125.105178540732,0.4466025214281207,0.6832148298881413,-0.23661230846002063,0,0,0,0,125.105178540732,0.47929895941392753,0.33513135428936597,0.5048675500150035,0.49208271889413796,
2021-09-15,2021-09-16,7535.2511,7627.6702,7521.8772,7592.3059,23339841600.0,274072796567.4,7556.6157,Development,0.010833109463332935,108.33109463332934,0.4508032863049291,0.6832148298881413,-0.2324115435832122,0,0,0,0,-108.33109463332934,0.4739041135032116,0.34530801280711343,0.5123008647713868,0.5017715867383765,
2021-09-16,2021-09-17,7616.8813,7657.2251,7445.2326,7446.9353,26764977900.0,301162982030.1,7592.3059,Development,-0.025611046347801092,-256.1104634780109,0.553286375002894,0.6832148298881413,-0.1299284548852473,0,1,0,0,256.1104634780109,0.546004108764953,0.6215001779291485,0.5122315902651994,0.5058373646519034,
2021-09-17,2021-09-22,7421.805,7471.419,7275.9829,7395.5645,23360422600.0,259019107902.0,7446.9353,Development,-0.015727508335236617,-157.27508335236618,0.5090754002348589,0.6832148298881413,-0.17413942965328244,0,0,0,0,157.27508335236618,0.6083037281889669,0.3193224949670715,0.5482383576700394,0.5764337210776339,
2021-09-22,2021-09-23,7305.0785,7453.9319,7298.0267,7453.6247,19679453400.0,221838873408.5,7395.5645,Development,0.028371029825347005,283.71029825347006,0.603067693198701,0.6832148298881413,-0.08014713668944029,0,0,0,0,-283.71029825347006,0.4822650280372546,0.8174898273162381,0.5406814130827624,0.5703157571204998,
2021-09-23,2021-09-24,7512.3311,7543.6595,7467.2021,7502.8391,24115869400.0,267659234037.1,7453.6247,Development,-0.0028974495013938117,-28.974495013938117,0.7438588412872539,0.6832148298881413,0.060644011399112574,1,0,0,1,28.974495013938117,0.817797253072407,0.8699550883731264,0.5374693504030487,0.6498568338093084,预测大跌
2021-09-24,2021-09-27,7490.5645,7490.5645,7373.2854,7380.3843,23171558200.0,248983141488.2,7502.8391,Development,-0.012089849837085054,-120.89849837085053,0.47831919984821936,0.6832148298881413,-0.20489563003992195,0,0,0,0,120.89849837085053,0.03419217871311676,0.8289684986988771,0.5970308443329572,0.6452243356051471,
2021-09-27,2021-09-28,7400.0047,7410.4669,7128.5116,7170.5899,23954240700.0,255096916280.6,7380.3843,Development,-0.03261949279572762,-326.1949279572762,0.48427066674856534,0.6832148298881413,-0.19894416313957597,0,1,0,0,326.1949279572762,0.07098390848619246,0.8183196488163597,0.5674001281170252,0.6636163000558348,
2021-09-28,2021-09-29,7158.6203,7227.4568,7155.2737,7198.8966,20280056700.0,196202379037.6,7170.5899,Development,-0.002215398964518278,-22.153989645182783,0.5164033637377082,0.6832148298881413,-0.16681146615043307,0,0,0,0,22.153989645182783,0.10318352137592707,0.8607398311672831,0.565395212825989,0.724542918258351,
2021-09-29,2021-09-30,7142.7611,7161.2117,6996.5724,7010.2192,21057070200.0,207830603405.8,7198.8966,Development,-0.015129639433131836,-151.29639433131837,0.543077682199215,0.6832148298881413,-0.14013714768892627,0,0,0,0,151.29639433131837,0.1383406321129359,0.9160994480105036,0.5650071240793452,0.7202028408776239,
2021-09-30,2021-10-08,7034.6937,7116.037,7034.6937,7103.6076,20248261200.0,186185669931.7,7010.2192,Development,0.02225138814501615,222.51388145016148,0.5357885210742387,0.6832148298881413,-0.14742630881390262,0,0,0,0,-222.51388145016148,0.15595190512248866,0.8707846816216253,0.5560673697254753,0.7288146321183306,
2021-10-08,2021-10-11,7191.2254,7198.9614,7058.831,7091.3356,20546770500.0,202877493532.5,7103.6076,Development,-0.012284888191656518,-122.84888191656518,0.5389728052647077,0.6832148298881413,-0.1442420246234336,0,0,0,0,122.84888191656518,0.17036459232983828,0.8683737900780056,0.5557391036497593,0.7227598740485873,
2021-10-11,2021-10-12,7102.882,7123.7457,7048.8733,7090.4673,19542083900.0,194709504374.7,7091.3356,Development,-0.004720675354032311,-47.206753540323106,0.49807217749756766,0.6832148298881413,-0.18514265239057365,0,0,0,0,47.206753540323106,0.0683605188789685,0.7881131672109618,0.6134378898982786,0.7450098655126733,
2021-10-12,2021-10-13,7069.3516,7079.7053,6891.8448,6952.1903,20166672300.0,194146539017.6,7090.4673,Development,-0.01578962347834001,-157.8962347834001,0.505048668670802,0.6832148298881413,-0.1781661612173393,0,0,0,0,157.8962347834001,0.10442386535762316,0.806137988455243,0.570241932693533,0.7398293280572797,
2021-10-13,2021-10-14,6957.7292,6991.2444,6887.3389,6981.5947,16260465500.0,163678284334.2,6952.1903,Development,0.0018565971207962217,18.565971207962217,0.4815963115875558,0.6832148298881413,-0.20161851830058553,0,0,0,0,-18.565971207962217,0.1347946558323556,0.6876803868563446,0.5698214587382338,0.7365931210147932,
2021-10-14,2021-10-15,6970.6469,7033.3956,6949.4809,7008.3326,15476466800.0,162946739426.8,6981.5947,Development,0.0036543236754682518,36.54323675468252,0.4792743117334735,0.6832148298881413,-0.2039405181546678,0,0,0,0,-36.54323675468252,0.1638589932976192,0.6754383744264228,0.53229137544926,0.7333462910877959,
2021-10-15,2021-10-18,6996.1199,7034.0279,6975.2395,7024.1596,17410833900.0,188999735572.0,7008.3326,Development,0.0044339148618650626,44.339148618650626,0.48713184513444824,0.6832148298881413,-0.19608298475369307,0,0,0,0,-44.339148618650626,0.19460671099313,0.66407192802581,0.538704078961934,0.7281907886120733,
2021-10-18,2021-10-19,7027.1401,7071.8702,6983.7158,7068.1048,17562701400.0,194312992634.8,7024.1596,Development,0.004786399519770557,47.86399519770556,0.4834311783879711,0.6832148298881413,-0.1997836515001702,0,0,0,0,-47.86399519770556,0.21406576359141496,0.6362366473436157,0.5317033971747475,0.7220488133264575,
2021-10-19,2021-10-20,7060.7748,7127.2362,7051.779,7120.3794,16813576400.0,182701165154.9,7068.1048,Development,0.003003962114752623,30.03962114752623,0.4611890213260883,0.6832148298881413,-0.222025808562053,0,0,0,0,-30.03962114752623,0.22505958449313404,0.5456516792317618,0.5357637513961645,0.7126141694148322,
2021-10-20,2021-10-21,7081.9851,7154.9089,7067.1346,7118.7959,17051134100.0,186276501134.2,7120.3794,Development,0.006445932793617493,64.45932793617493,0.40761947337253757,0.6832148298881413,-0.27559535651560374,0,0,0,0,-64.45932793617493,0.247691675825201,0.3126174526006354,0.5527881265404949,0.7141126814055153,
2021-10-21,2021-10-22,7127.6351,7145.5837,7069.4508,7098.2542,16797196700.0,184364872656.5,7118.7959,Development,-0.005401539144449297,-54.01539144449296,0.40635988742267726,0.6832148298881413,-0.27685494246546405,0,0,0,0,54.01539144449296,0.23703193643680062,0.31155248657113327,0.563284912983017,0.7163228246123996,
2021-10-22,2021-10-25,7089.1349,7110.657,7020.8705,7026.0676,17161515100.0,184191958090.4,7098.2542,Development,-0.00989013483154344,-98.9013483154344,0.47350450038875813,0.6832148298881413,-0.20971032949938317,0,0,0,0,98.9013483154344,0.5103092116617359,0.24054607888301438,0.5515510542351034,0.6956577150300068,
2021-10-25,2021-10-26,7019.0224,7105.9767,7003.7789,7103.9856,15900460300.0,184607289163.6,7026.0676,Development,0.014395708439397525,143.95708439397526,0.4855857428888573,0.6832148298881413,-0.197629086999284,0,0,0,0,-143.95708439397526,0.5109140190505455,0.29091921423765327,0.5401613444210742,0.6973881290780787,
2021-10-26,2021-10-27,7120.0662,7155.628,7085.0685,7102.4335,17503220500.0,204998019664.9,7103.9856,Development,-0.0037840097610328804,-37.840097610328804,0.4869057785349402,0.6832148298881413,-0.1963090513532011,0,0,0,0,37.840097610328804,0.5106501255916602,0.2917397464802367,0.5399301629051744,0.7050810686260692,
2021-10-27,2021-10-28,7093.1238,7097.8574,7017.8618,7048.604,17902088700.0,212523899547.3,7102.4335,Development,-0.009421814969590714,-94.21814969590714,0.49093425924252515,0.6832148298881413,-0.19228057064561616,0,0,0,0,94.21814969590714,0.5064019664253531,0.2790626759377823,0.5859935100570377,0.6981341823923608,
2021-10-28,2021-10-29,7026.2937,7043.4168,6930.5413,6950.2768,18807533800.0,210380519313.0,7048.604,Development,-0.010026110921039333,-100.26110921039333,0.46972418986834424,0.6832148298881413,-0.21349064001979706,0,0,0,0,100.26110921039333,0.5202518830430151,0.23263584918322602,0.5388007495051361,0.6822771685705366,
2021-10-29,2021-11-01,6955.8473,7022.7535,6920.3074,7022.4992,17077953300.0,207011899853.7,6950.2768,Development,0.007076348556415146,70.76348556415147,0.483425233624433,0.6832148298881413,-0.1997895962637083,0,0,0,0,-70.76348556415147,0.522836327833739,0.30665826136235574,0.5385775788552563,0.6331843851959109,
2021-11-01,2021-11-02,7005.0693,7087.2923,6993.27,7060.756,18414299100.0,226533562754.7,7022.4992,Development,0.007984631929337294,79.84631929337294,0.5920868257869787,0.6832148298881413,-0.09112800410116262,0,0,0,0,-79.84631929337294,0.7748384843672733,0.38817467005077505,0.538355697353453,0.6344661254383072,
2021-11-02,2021-11-03,7061.0022,7093.6115,6921.8496,6985.0998,19611472800.0,230633597738.9,7060.756,Development,-0.01217089268149496,-121.7089268149496,0.5952704135964779,0.6832148298881413,-0.08794441629166339,0,0,0,0,121.7089268149496,0.7646866233971874,0.3943776726470149,0.564746336873535,0.6287938699255766,
2021-11-03,2021-11-04,6975.0635,7034.0916,6962.8685,7017.8541,15081464800.0,183530630396.2,6985.0998,Development,0.008155223246354648,81.55223246354649,0.5944310123597594,0.6832148298881413,-0.08878381752838194,0,0,0,0,-81.55223246354649,0.7541836102509127,0.4001627778675662,0.5622789387631916,0.6391352533976773,
2021-11-04,2021-11-05,7031.9467,7073.8522,7018.6086,7073.8522,15265204900.0,188533361387.7,7017.8541,Development,0.0055655143119897055,55.655143119897055,0.6143905192420775,0.6832148298881413,-0.06882431064606376,0,0,0,0,-55.655143119897055,0.7474937757209558,0.512356363691981,0.5375300961489168,0.6157889531902259,
2021-11-05,2021-11-08,7071.0831,7073.8516,6991.1519,6991.9077,17724139200.0,207299701331.0,7073.8522,Development,-0.011962382396552451,-119.62382396552451,0.6002987392235056,0.6832148298881413,-0.08291609066463568,0,0,0,0,119.62382396552451,0.7132457496003675,0.511751275415295,0.5278373072574158,0.614878872790416,
2021-11-08,2021-11-09,6986.4961,7034.141,6984.8099,7026.9715,14636085700.0,176810356754.4,6991.9077,Development,0.007310846419852579,73.1084641985258,0.5782312671650907,0.6832148298881413,-0.10498356272305065,0,0,0,0,-73.1084641985258,0.69071985299085,0.45807890640109533,0.5386850985292313,0.6038356354966499,
2021-11-09,2021-11-10,7037.5733,7087.0231,7028.3131,7081.7539,14169684700.0,175620424710.2,7026.9715,Development,0.003419133126471241,34.19133126471241,0.578985554102285,0.6832148298881413,-0.10422927578585628,0,0,0,0,-34.19133126471241,0.691869201125375,0.48149668816732516,0.5094122279543883,0.6053766430177565,
2021-11-10,2021-11-11,7061.6357,7072.1479,6965.8634,7062.3313,16213835400.0,187121573688.1,7081.7539,Development,-0.0018088160509327489,-18.088160509327487,0.5754893023640847,0.6832148298881413,-0.10772552752405662,0,0,0,0,18.088160509327487,0.6625535709483806,0.48240516265259864,0.5379896400111706,0.6049370118528132,
2021-11-11,2021-11-12,7048.8625,7121.9221,7033.0881,7119.8589,16540069300.0,186637770929.3,7062.3313,Development,0.009949122996795623,99.49122996795623,0.5471031095498011,0.6832148298881413,-0.13611172033834018,0,0,0,0,-99.49122996795623,0.6361374878857642,0.44045062007151065,0.5130574388880283,0.5913597093328251,
2021-11-12,2021-11-15,7118.9925,7165.1056,7112.5819,7156.6127,16851342300.0,195249975661.0,7119.8589,Development,0.006608336783610724,66.08336783610724,0.5236074578081107,0.6832148298881413,-0.15960737208003062,0,0,0,0,-66.08336783610724,0.6392068326417594,0.35827065434515803,0.5020713641658432,0.5969103211048918,
2021-11-15,2021-11-16,7166.0372,7176.7701,7083.7783,7098.2129,16114820200.0,201939758494.8,7156.6127,Development,-0.01145902508013763,-114.5902508013763,0.5083482199616683,0.6832148298881413,-0.17486660992647296,0,0,0,0,114.5902508013763,0.6429996090007492,0.2689456897126884,0.5416610996496795,0.5953632366183212,
2021-11-16,2021-11-17,7083.9214,7121.7443,7040.5069,7045.9387,16237031600.0,192032230405.6,7098.2129,Development,-0.005687301951148194,-56.873019511481935,0.5113921149833341,0.6832148298881413,-0.17182271490480716,0,0,0,0,56.873019511481935,0.6391006995415203,0.28647994073037686,0.5324438354891907,0.6046615620443113,
2021-11-17,2021-11-18,7043.633,7106.0537,7033.9529,7104.5344,14034710700.0,168875300039.3,7045.9387,Development,0.00924901964653757,92.4901964653757,0.5428216345577692,0.6832148298881413,-0.1403931953303721,0,0,0,0,-92.4901964653757,0.6167732475520891,0.4270541552314076,0.532257790695152,0.6027928310770713,
2021-11-18,2021-11-19,7108.7797,7130.2877,7066.4894,7084.6827,16271486000.0,185152969061.1,7104.5344,Development,-0.0036255308347789006,-36.255308347789004,0.5243712558815188,0.6832148298881413,-0.15884357400662252,0,0,0,0,36.255308347789004,0.6229530849386954,0.35256937976543096,0.5320727997410282,0.6049485295313471,
2021-11-19,2021-11-22,7083.0066,7174.2512,7073.717,7169.8759,17818585400.0,193601338401.8,7084.6827,Development,0.013326812373717134,133.26812373717135,0.524765063094391,0.6832148298881413,-0.15844976679375034,0,0,0,0,-133.26812373717135,0.6367797971012985,0.3614631287867141,0.5342315433130824,0.5594957280674461,
2021-11-22,2021-11-23,7177.4005,7259.5317,7177.4005,7255.0736,18052248000.0,222986228038.5,7169.8759,Development,0.009550114975470647,95.50114975470647,0.5412109318556382,0.6832148298881413,-0.14200389803250313,0,0,0,0,-95.50114975470647,0.6376794131887128,0.41662746965350256,0.5340348222489318,0.5641036185858128,
2021-11-23,2021-11-24,7245.9455,7292.917,7239.0001,7261.3791,18959503300.0,218299011123.4,7255.0736,Development,0.001969460024230152,19.69460024230152,0.48832729868898783,0.6832148298881413,-0.19488753119915347,0,0,0,0,-19.69460024230152,0.6077811549146543,0.2744237531084907,0.5189107177535449,0.5667668577615507,
2021-11-24,2021-11-25,7260.2161,7278.3963,7229.604,7256.1117,17767407200.0,209537055308.1,7261.3791,Development,0.0003549894334411441,3.549894334411441,0.5022896907637293,0.6832148298881413,-0.180925139124412,0,0,0,0,-3.549894334411441,0.6104571998684414,0.2912836272137555,0.5580948864479724,0.5649622010628356,
2021-11-25,2021-11-26,7262.7934,7262.7934,7228.2913,7233.5423,16406809800.0,190327760943.3,7256.1117,Development,-0.006355006601179047,-63.55006601179048,0.4842172066757346,0.6832148298881413,-0.19899762321240672,0,0,0,0,63.55006601179048,0.593768391268243,0.30614881367612584,0.4851618430700751,0.5617417521237515,
2021-11-26,2021-11-29,7216.6383,7249.1985,7201.1952,7219.8622,15942313700.0,192093829800.3,7233.5423,Development,-0.01201376546750299,-120.1376546750299,0.4919028381710353,0.6832148298881413,-0.191311991717106,0,0,0,0,120.1376546750299,0.6416436076331268,0.29826612316736634,0.4567012525227616,0.5609701345868882,
2021-11-29,2021-11-30,7129.9393,7226.3391,7125.4296,7221.8978,16694140600.0,198551719061.9,7219.8622,Development,0.017166064793847635,171.66064793847636,0.5122750543266577,0.6832148298881413,-0.17093977556148365,0,0,0,0,-171.66064793847636,0.6439437905161609,0.39605877411493046,0.42571383666054113,0.5548791545853956,
2021-11-30,2021-12-01,7252.3323,7281.1339,7210.8352,7252.7552,18633616300.0,213217510814.3,7221.8978,Development,-0.0018207384126620596,-18.207384126620596,0.6383029388470768,0.6832148298881413,-0.04491189104106452,0,0,0,0,18.207384126620596,0.8280336499515034,0.5893023613130125,0.4261645059143461,0.6125665337172866,
2021-12-01,2021-12-02,7239.1277,7272.9398,7215.6723,7272.837,17180629500.0,196111868499.2,7252.7552,Development,0.0023892933951144,23.892933951144002,0.5858417602572463,0.6832148298881413,-0.09737306963089498,0,0,0,0,-23.892933951144002,0.8148645974088029,0.39773652342828464,0.46429506639640017,0.5954790998195354,
2021-12-02,2021-12-03,7256.4241,7279.9456,7221.3624,7229.988,17655554400.0,198627048458.5,7272.837,Development,-0.0031491819779387864,-31.491819779387864,0.5674529708749131,0.6832148298881413,-0.11576185901322822,0,0,0,0,31.491819779387864,0.8045959899473191,0.34320771790990884,0.4645008975663237,0.5975123488341177,
2021-12-03,2021-12-06,7233.5723,7310.2748,7223.7957,7301.9173,18622273800.0,200791224128.9,7229.988,Development,0.010425858327288706,104.25858327288707,0.5567901363874973,0.6832148298881413,-0.126424693500644,0,0,0,0,-104.25858327288707,0.763192110959979,0.3529102814586341,0.4749291218192392,0.5875345815778388,
2021-12-06,2021-12-07,7308.9885,7330.4685,7235.4479,7240.4558,21306995200.0,218322693799.7,7301.9173,Development,-0.0047697981738512585,-47.69798173851258,0.5352947087663561,0.6832148298881413,-0.1479201211217852,0,0,0,0,47.69798173851258,0.7436876768111262,0.35412070223833386,0.41734683002807604,0.5716924963603932,
2021-12-07,2021-12-08,7274.1261,7284.6445,7148.0679,7206.8257,19224385400.0,206136079286.9,7240.4558,Development,-0.00675360851937945,-67.5360851937945,0.5272751500530767,0.6832148298881413,-0.15593967983506463,0,0,0,0,67.5360851937945,0.728364746916444,0.36290804288146655,0.41757737989567867,0.5384366282351606,
2021-12-08,2021-12-09,7224.9995,7302.9905,7214.2588,7302.9905,16928045300.0,190279976219.1,7206.8257,Development,0.010213979945604246,102.13979945604245,0.5534510082414164,0.6832148298881413,-0.12976382164672495,0,0,0,0,-102.13979945604245,0.7373063242535232,0.4602406135758231,0.39407237971520714,0.5450222666040149,
2021-12-09,2021-12-10,7298.7955,7331.5838,7290.268,7320.3177,19608716800.0,211492054441.2,7302.9905,Development,-0.0017567282163201137,-17.567282163201135,0.5823797090771705,0.6832148298881413,-0.10083512081097079,0,0,0,0,17.567282163201135,0.705561141724637,0.5995076654640622,0.39475919334678783,0.5486234501535195,
2021-12-10,2021-12-13,7285.9735,7317.2658,7276.6134,7306.646,18723069500.0,209397677738.1,7320.3177,Development,0.006606735530948482,66.06735530948482,0.5826485379592137,0.6832148298881413,-0.10056629192892763,0,0,0,0,-66.06735530948482,0.6987275809589105,0.5940897904661985,0.4390267065163925,0.5134383979315131,
2021-12-13,2021-12-14,7334.11,7371.31,7322.4381,7353.0306,18536306100.0,210741544041.8,7306.646,Development,-0.0005282167843132513,-5.2821678431325125,0.5923738995225343,0.6832148298881413,-0.09084093036560703,0,0,0,0,5.2821678431325125,0.8145975119388607,0.48717169890123124,0.4393894661330234,0.5146061701356986,
2021-12-14,2021-12-15,7330.236,7349.8781,7314.4295,7324.1331,15958375300.0,183555994743.8,7353.0306,Development,-0.001442231873571287,-14.422318735712869,0.5103984578384303,0.6832148298881413,-0.172816372049711,0,0,0,0,14.422318735712869,0.7894948238236894,0.24752101156266532,0.4223831760777421,0.49837522352328956,
2021-12-15,2021-12-16,7319.6641,7352.379,7302.3831,7314.2586,15992392300.0,183859414382.0,7324.1331,Development,0.0005119907073332097,5.119907073332097,0.50571858167682,0.6832148298881413,-0.17749624821132126,0,0,0,0,-5.119907073332097,0.7594459627418472,0.27640825328435087,0.4105181877583633,0.4987415132383361,
2021-12-16,2021-12-17,7323.4117,7380.9974,7323.4117,7380.9974,17769034000.0,187008756369.3,7314.2586,Development,0.007825382806213144,78.25382806213143,0.5007889685615393,0.6832148298881413,-0.182425861326602,0,0,0,0,-78.25382806213143,0.7439200384926759,0.28660853482014054,0.4001541158799012,0.4973241264425743,
2021-12-17,2021-12-20,7380.7202,7384.0175,7308.7215,7314.5601,19626533600.0,203439633902.9,7380.9974,Development,-0.012162959381660343,-121.62959381660343,0.47928910643026634,0.6832148298881413,-0.20392572345787496,0,0,0,0,121.62959381660343,0.7028050164502765,0.3020623141428967,0.3485226348987782,0.4942685824964376,
2021-12-20,2021-12-21,7290.9488,7313.4816,7191.0499,7195.9732,18172785300.0,190350688407.0,7314.5601,Development,-0.013712344269925514,-137.12344269925515,0.470778418442959,0.6832148298881413,-0.21243641144518233,0,0,0,0,137.12344269925515,0.6901803909291941,0.26120876340721605,0.38229026688335477,0.49296733161671463,
2021-12-21,2021-12-22,7190.9728,7285.7209,7190.9728,7275.4675,17621674600.0,164258060881.9,7195.9732,Development,0.013758041192980297,137.58041192980298,0.4346629035447679,0.6832148298881413,-0.24855192634337342,0,0,0,0,-137.58041192980298,0.4280630189847481,0.5424939713491882,0.31876208796522965,0.41934691099893917,
2021-12-22,2021-12-23,7289.9065,7318.605,7271.8182,7302.463,17411719000.0,171088399938.4,7275.4675,Development,0.002229411310007867,22.294113100078672,0.4931518275356932,0.6832148298881413,-0.1900630023524481,0,0,0,0,-22.294113100078672,0.4373240210885056,0.7318684986875728,0.31565127909119883,0.43809499583135725,
2021-12-23,2021-12-24,7306.1587,7349.9951,7290.3792,7337.19,16913176000.0,180467002801.9,7302.463,Development,0.004084348728970344,40.84348728970344,0.4295204876622902,0.6832148298881413,-0.25369434222585113,0,0,0,0,-40.84348728970344,0.4084419938812901,0.569284970815731,0.3733848437066887,0.3069109518673455,
2021-12-24,2021-12-27,7335.9996,7339.9405,7257.5267,7278.7556,16941870200.0,182681103358.1,7337.19,Development,-0.00908255229457755,-90.8255229457755,0.42776890145458324,0.6832148298881413,-0.25544592843355807,0,0,0,0,90.8255229457755,0.4252067454125052,0.5656850612854316,0.34926914574781465,0.29979736743682106,
2021-12-27,2021-12-28,7269.37,7323.876,7255.7163,7272.7493,14861878900.0,165585648493.7,7278.7556,Development,0.0016004275473666674,16.004275473666674,0.41060456788181116,0.6832148298881413,-0.27261026200633015,0,0,0,0,-16.004275473666674,0.4311895011197698,0.5147113948643933,0.33535557078280226,0.28814200854276706,
2021-12-28,2021-12-29,7281.0041,7290.5389,7240.9278,7286.0336,14326204000.0,164782846852.7,7272.7493,Development,-0.000732110561509014,-7.32110561509014,0.44838093473782425,0.6832148298881413,-0.23483389515031705,0,0,0,0,7.32110561509014,0.4264066487939445,0.7392150476206177,0.31677339811750754,0.16707695767661512,
2021-12-29,2021-12-30,7275.6736,7290.8597,7242.3024,7247.7741,13620955200.0,155743984428.4,7286.0336,Development,-0.004074165723982004,-40.74165723982004,0.4345448201089855,0.6832148298881413,-0.24867000977915582,0,0,0,0,40.74165723982004,0.40744822701358113,0.7096721488960506,0.31841934177701686,0.17032478776581259,
2021-12-30,2021-12-31,7246.0313,7324.4981,7244.2221,7310.96,14165111100.0,158448274389.6,7247.7741,Development,0.010337382892618763,103.37382892618763,0.4260394252981804,0.6832148298881413,-0.2571754045899609,0,0,0,0,-103.37382892618763,0.415607255651702,0.6784870730632623,0.3103140478471195,0.16554679620326196,
2021-12-31,2022-01-04,7320.9363,7368.1297,7317.7047,7359.4024,14990900300.0,169456916309.8,7310.96,Development,0.009133968287635463,91.33968287635463,0.4480173871422824,0.6832148298881413,-0.2351974427458589,0,0,0,0,-91.33968287635463,0.41276085604433727,0.7535626790668333,0.3118789386365268,0.17542362155286528,
2022-01-04,2022-01-05,7387.8055,7392.1023,7317.5011,7354.4562,20081001800.0,219175107618.1,7359.4024,Development,-0.005943036805719948,-59.43036805719948,0.374831913209025,0.6832148298881413,-0.3083829166791163,0,0,0,0,59.43036805719948,0.21134097262767676,0.7329122563060297,0.3557871873590088,0.12179605956840331,
2022-01-05,2022-01-06,7343.8995,7346.2621,7200.7314,7222.6747,19400240400.0,209809761803.8,7354.4562,Development,-0.021235257917132544,-212.35257917132543,0.3023872918913606,0.6832148298881413,-0.3808275379967807,0,1,0,0,212.35257917132543,0.2623947265234376,0.38947675461908876,0.37471078364169624,0.13552013236796126,
2022-01-06,2022-01-07,7187.9499,7242.766,7167.8078,7229.9601,17333576500.0,179907539895.0,7222.6747,Development,0.006185185013601879,61.8518501360188,0.2632616990730027,0.6832148298881413,-0.41995313081513863,0,0,0,0,-61.8518501360188,0.2800667232495428,0.2211467756797872,0.37556546600104856,0.14683445910991885,
2022-01-07,2022-01-10,7232.4087,7262.805,7168.0396,7175.676,20001801100.0,202498452621.9,7229.9601,Development,-0.009812941019220922,-98.12941019220922,0.4305500959939199,0.6832148298881413,-0.2526647338942214,0,0,0,0,98.12941019220922,0.32870165399959006,0.7679752407234047,0.354905494777675,0.16049535862760905,
2022-01-10,2022-01-11,7161.4375,7193.9224,7122.0892,7191.4511,16574887800.0,176717915891.8,7175.676,Development,0.0035716292992853393,35.7162929928534,0.4306167601572672,0.6832148298881413,-0.2525980697308741,0,0,0,0,-35.7162929928534,0.3566461171011832,0.7452424569468254,0.3320506837587033,0.17273776231774357,
2022-01-11,2022-01-12,7187.0155,7206.9187,7118.8378,7135.2232,16949456500.0,179645357798.7,7191.4511,Development,-0.003734415210319253,-37.34415210319253,0.462002674981714,0.6832148298881413,-0.22121215490642732,0,0,0,0,37.34415210319253,0.3764949974012931,0.8557740225142733,0.2985779300436919,0.1793156559479098,
2022-01-12,2022-01-13,7160.1762,7196.9327,7148.6276,7196.9327,15605148300.0,170334290986.6,7135.2232,Development,0.006014824048603762,60.14824048603762,0.4200722096067676,0.6832148298881413,-0.2631426202813737,0,0,0,0,-60.14824048603762,0.4015514993750976,0.6829906105623489,0.2818067663311819,0.18943650168072945,
2022-01-13,2022-01-14,7203.2434,7203.2434,7096.3251,7097.7594,16914896800.0,174599014140.3,7196.9327,Development,-0.019410742110977486,-194.10742110977486,0.420768141399281,0.6832148298881413,-0.2624466884888603,0,1,0,0,194.10742110977486,0.35513200395272737,0.7405532601374759,0.2837843827215862,0.18897364386319687,
2022-01-14,2022-01-17,7063.4231,7125.092,7052.6348,7081.1408,17559119800.0,181513954243.3,7097.7594,Development,0.0024340323036857736,24.340323036857736,0.41896873933790957,0.6832148298881413,-0.26424609055023174,0,0,0,0,-24.340323036857736,0.38588794868395365,0.7084539423616201,0.25305716222178476,0.21079473272074414,
2022-01-17,2022-01-18,7080.6157,7169.3446,7078.6629,7157.8593,16177971900.0,183490792953.4,7081.1408,Development,0.01165332274705988,116.5332274705988,0.47758105704096276,0.6832148298881413,-0.20563377284717854,0,0,0,0,-116.5332274705988,0.4182450098703887,0.8735010189923526,0.255521173233343,0.2161425640989775,
2022-01-18,2022-01-19,7163.1284,7191.0046,7133.1954,7163.1586,17923539100.0,195000211959.9,7157.8593,Development,-0.0026038343805200315,-26.038343805200313,0.4641883513873839,0.6832148298881413,-0.2190264785007574,0,0,0,0,26.038343805200313,0.4240990395863803,0.8317632071391495,0.23366420824418502,0.22309283822082482,
2022-01-19,2022-01-20,7144.4768,7182.0623,7078.3609,7118.762,16317836800.0,174675276058.6,7163.1586,Development,-0.0034945456047950074,-34.945456047950074,0.46347206391754897,0.6832148298881413,-0.21974276597059234,0,0,0,0,34.945456047950074,0.42534610314010474,0.7983222166748032,0.27761824139749447,0.21405096920949818,
2022-01-20,2022-01-21,7119.5101,7135.7759,7040.0143,7056.7854,16866628200.0,172753201584.8,7118.762,Development,-0.011457417554615268,-114.57417554615267,0.42782263637007767,0.6832148298881413,-0.25539219351806364,0,0,0,0,114.57417554615267,0.42206188440941356,0.7322751692627871,0.2032530327989938,0.2160555066344874,
2022-01-21,2022-01-24,7037.9389,7040.425,6965.333,6976.6155,14467978900.0,158204017340.6,7056.7854,Development,-0.01350126810563812,-135.0126810563812,0.3503972430050447,0.6832148298881413,-0.3328175868830966,0,0,0,0,135.0126810563812,0.4528780623190897,0.4094152020725876,0.2067446465481897,0.22686639372267475,
2022-01-24,2022-01-25,6942.9178,7006.7008,6925.7709,6979.2456,12267956400.0,135920720796.5,6976.6155,Development,0.002459657523238956,24.59657523238956,0.3966667419948008,0.6832148298881413,-0.2865480878933405,0,0,0,0,-24.59657523238956,0.4191209698611068,0.6313354042940634,0.18541071647427576,0.22875838384591243,
2022-01-25,2022-01-26,6959.995,6979.483,6743.9566,6743.9566,15033724400.0,154265494910.4,6979.2456,Development,-0.028397161204857135,-283.97161204857133,0.4295688649504431,0.6832148298881413,-0.2536459649376982,0,1,0,0,283.97161204857133,0.493893945607386,0.6868767842394372,0.14401952215556096,0.23521955614166282,
2022-01-26,2022-01-27,6762.3509,6799.8129,6721.8961,6782.5763,12061531000.0,130234705546.0,6743.9566,Development,0.0028477078880955187,28.477078880955187,0.41903407677188664,0.6832148298881413,-0.26418075311625466,0,0,0,0,-28.477078880955187,0.4342365350148405,0.6743297609448976,0.14318857726957265,0.3192489675185219,
2022-01-27,2022-01-28,6781.6081,6785.7265,6605.9159,6605.9159,12524375600.0,132244728276.2,6782.5763,Development,-0.01348243641504443,-134.8243641504443,0.4745734397940875,0.6832148298881413,-0.2086413900940538,0,0,0,0,134.8243641504443,0.43479068485803485,0.8916064918682541,0.1270919815191955,0.30709095803138375,
2022-01-28,2022-02-07,6690.1755,6690.1755,6510.1811,6580.53,12708881900.0,130258015986.6,6605.9159,Development,-0.0038275976467284645,-38.27597646728464,0.4545298226252566,0.6832148298881413,-0.2286850072628847,0,0,0,0,38.27597646728464,0.37087432622670646,0.8460967354121207,0.13819371141311068,0.38201780801186414,
2022-02-07,2022-02-08,6664.5682,6702.3323,6656.1312,6676.6122,14509261900.0,138641531840.6,6580.53,Development,0.0021638611185643697,21.638611185643697,0.47248180309977295,0.6832148298881413,-0.21073302678836836,0,0,0,0,-21.638611185643697,0.44413841335664567,0.7644512520123647,0.13882423745148517,0.4805441234732784,
2022-02-08,2022-02-09,6678.9894,6742.4015,6599.3668,6742.1921,15959857500.0,145458655721.1,6676.6122,Development,0.008648269452261825,86.48269452261826,0.4638343952620773,0.6832148298881413,-0.219380434626064,0,0,0,0,-86.48269452261826,0.40558933504311256,0.7760080685067613,0.14398424761021772,0.4810951730704872,
2022-02-09,2022-02-10,6736.7511,6848.6947,6725.7983,6843.0271,16282272100.0,155362517482.0,6742.1921,Development,0.01549852420701714,154.98524207017138,0.4586024979001566,0.6832148298881413,-0.2246123319879847,0,0,0,0,-154.98524207017138,0.415103581067752,0.7521594658849405,0.13204573966985533,0.4863285447623087,
2022-02-10,2022-02-11,6841.1608,6864.6863,6797.0071,6840.485,15491656500.0,147064848237.7,6843.0271,Development,-0.004294753603803603,-42.94753603803603,0.484116628848515,0.6832148298881413,-0.19909820103962633,0,0,0,0,42.94753603803603,0.4990113813272343,0.7057362084509425,0.1546548491790643,0.5176409625724826,
2022-02-11,2022-02-14,6811.7797,6840.7212,6735.894,6745.0235,15980135400.0,156700185551.4,6840.485,Development,-0.014708667105015172,-147.08667105015172,0.4713315860307873,0.6832148298881413,-0.21188324385735402,0,0,0,0,147.08667105015172,0.4812660466359847,0.650257947976007,0.19558088747249408,0.5162569343582615,
2022-02-14,2022-02-15,6711.5875,6765.5158,6667.4898,6695.6958,13708245900.0,132192013548.4,6745.0235,Development,-0.0016046278171892858,-16.046278171892858,0.39527496467396517,0.6832148298881413,-0.28793986521417614,0,0,0,0,16.046278171892858,0.3925305127838698,0.5415362377611688,0.13683719862277754,0.500501625358194,
2022-02-15,2022-02-16,6700.8179,6762.8586,6686.9491,6760.2776,11280576000.0,121268405355.2,6695.6958,Development,0.011698542054097594,116.98542054097594,0.39566191671044115,0.6832148298881413,-0.28755291317770015,0,0,0,0,-116.98542054097594,0.37833992910282443,0.5578933990126982,0.14205061661022994,0.49728158398546723,
2022-02-16,2022-02-17,6779.2077,6788.3641,6751.8001,6772.0336,10841400300.0,114685136207.6,6760.2776,Development,-0.0021939731983723343,-21.93973198372334,0.398593508621373,0.6832148298881413,-0.2846213212667683,0,0,0,0,21.93973198372334,0.3670272356276792,0.5802666110945192,0.14711541230470637,0.4935262918403828,
2022-02-17,2022-02-18,6764.3343,6797.6154,6730.1804,6768.7888,12298508900.0,130706760947.1,6772.0336,Development,-0.00440772124464639,-44.077212446463896,0.31345800629559634,0.6832148298881413,-0.36975682359254497,0,0,0,0,44.077212446463896,0.418824086199375,0.18992242456459854,0.1765494540704628,0.4939916138388715,
2022-02-18,2022-02-21,6734.519,6835.2033,6727.8158,6835.0217,13995263800.0,134406668671.3,6768.7888,Development,0.016120735571463873,161.20735571463874,0.32771656885357,0.6832148298881413,-0.35549826103457133,0,0,0,0,-161.20735571463874,0.422513539714207,0.2391262232543402,0.18068136860957124,0.48347951090886687,
2022-02-21,2022-02-22,6843.0844,6871.9925,6822.8758,6867.1129,14514631300.0,150072396911.2,6835.0217,Development,-0.0023436069267244175,-23.436069267244175,0.3754942482344204,0.6832148298881413,-0.3077205816537209,0,0,0,0,23.436069267244175,0.5815836076840989,0.18477252546666947,0.1847079176662364,0.5336485787786706,
2022-02-22,2022-02-23,6827.0469,6827.0469,6743.8487,6784.7622,14860991500.0,152906258314.5,6867.1129,Development,-0.0061437544833624624,-61.43754483362463,0.33670396555506327,0.6832148298881413,-0.34651086433307804,0,0,0,0,61.43754483362463,0.4800874636170794,0.18841474325584323,0.17491468613922312,0.5139804303936942,
2022-02-23,2022-02-24,6785.1032,6889.6961,6785.1032,6887.4236,14411662000.0,159413008185.2,6784.7622,Development,0.011246446479988847,112.46446479988847,0.3442639427880399,0.6832148298881413,-0.3389508871001014,0,0,0,0,-112.46446479988847,0.46660270810074705,0.23607640529197949,0.17908747564488403,0.500739899438482,
2022-02-24,2022-02-25,6861.4115,6898.4143,6688.7529,6764.8756,21084975500.0,218057095132.3,6887.4236,Development,-0.008128662739437909,-81.28662739437908,0.3807884990629522,0.6832148298881413,-0.3024263308251891,0,0,0,0,81.28662739437908,0.4906387277655485,0.3178376176108324,0.18315325814498204,0.5292692618733534,
2022-02-25,2022-02-28,6805.6374,6895.0443,6801.3265,6819.4311,15642913900.0,164105581755.5,6764.8756,Development,0.00379833636155813,37.9833636155813,0.38573547030697863,0.6832148298881413,-0.2974793595811627,0,0,0,0,-37.9833636155813,0.46963652914636095,0.3298783296369188,0.21376085913579915,0.5416608068062677,
2022-02-28,2022-03-01,6831.4875,6853.3427,6770.0507,6853.3081,13960138800.0,148585345164.0,6819.4311,Development,0.005435756121928037,54.35756121928037,0.3591999531026181,0.6832148298881413,-0.3240148767855232,0,0,0,0,-54.35756121928037,0.3447518691800633,0.3886134891960903,0.21237062158397652,0.5403187741126029,
2022-03-01,2022-03-02,6868.6218,6889.3312,6837.2469,6874.0447,13771721800.0,147535308435.5,6853.3081,Development,-0.0022639621823405953,-22.639621823405953,0.32174292506272756,0.6832148298881413,-0.36147190482541375,0,0,0,0,22.639621823405953,0.36257452922352457,0.2310397224698415,0.21600324277308003,0.5390984339068499,
2022-03-02,2022-03-03,6853.0715,6878.35,6828.0631,6875.2404,13711497800.0,140871322089.8,6874.0447,Development,0.006990412984893002,69.90412984893001,0.3096499613011711,0.6832148298881413,-0.3735648685869702,0,0,0,0,-69.90412984893001,0.35885192305005453,0.23967497903892662,0.22172837851828778,0.4484441878701864,
2022-03-03,2022-03-04,6900.9773,6907.4088,6843.9865,6859.5522,18909178100.0,173516746093.0,6875.2404,Development,-0.011178489168483408,-111.78489168483408,0.3437416897764434,0.6832148298881413,-0.3394731401116979,0,0,0,0,111.78489168483408,0.426517025088825,0.28299887626420167,0.21281437022384322,0.4541690902688805,
2022-03-04,2022-03-07,6823.8348,6871.0857,6779.414,6803.8337,17741188200.0,165852587305.5,6859.5522,Development,-0.003380415950280602,-33.804159502806016,0.3878879333888238,0.6832148298881413,-0.2953268964993175,0,0,0,0,33.804159502806016,0.5514453986312521,0.2762914520074756,0.22609816925052179,0.45808308785618845,
2022-03-07,2022-03-08,6800.7674,6800.8159,6628.4825,6659.3902,16648459400.0,164636761947.0,6803.8337,Development,-0.022083934233657176,-220.83934233657178,0.4257507941942037,0.6832148298881413,-0.2574640356939376,0,1,0,0,220.83934233657178,0.5916515509859754,0.3720349899717289,0.21292929505623384,0.4598439047157281,
2022-03-08,2022-03-09,6650.5797,6665.9467,6416.8002,6429.8888,18629607900.0,184444202760.5,6659.3902,Development,-0.03118183817870801,-311.8183817870801,0.45316222346519286,0.6832148298881413,-0.23005260642294845,0,1,0,0,311.8183817870801,0.6078092563590521,0.42627901468061463,0.21618935609566362,0.49742058657185667,
2022-03-09,2022-03-10,6443.2024,6462.4778,6066.7635,6305.6093,19780274000.0,188335592554.8,6429.8888,Development,-0.0028386971050297083,-28.386971050297085,0.553582167570779,0.6832148298881413,-0.12963266231736226,0,0,0,0,28.386971050297085,0.61400424333685,0.710993882846608,0.21937767495284036,0.6092459321848428,
2022-03-10,2022-03-11,6424.9121,6475.1435,6390.7252,6414.9402,15315235500.0,158971825326.8,6305.6093,Development,-0.012720220717105102,-127.20220717105101,0.5818883145264203,0.6832148298881413,-0.10132651536172099,0,0,0,0,127.20220717105101,0.5648638627680979,0.8741225648110259,0.18885606609844566,0.6470746781032606,
2022-03-11,2022-03-14,6343.1858,6479.7207,6270.0233,6474.1269,15211450300.0,158771247766.1,6414.9402,Development,0.011989763881739002,119.89763881739002,0.39840085465573766,0.6832148298881413,-0.28481397523240365,0,0,0,0,-119.89763881739002,0.035037490556903236,0.8451577256104951,0.19267631442783514,0.6715947220083012,
2022-03-14,2022-03-15,6419.2391,6490.6124,6323.5779,6323.5779,13795400500.0,153706453659.8,6474.1269,Development,-0.02286811531915056,-228.68115319150562,0.4253162744791162,0.6832148298881413,-0.2578985554090251,0,1,0,0,228.68115319150562,0.07359746377639559,0.831114623632463,0.19640356432035416,0.7773266126723383,
2022-03-15,2022-03-16,6272.4432,6278.0688,5964.9813,5964.9813,19471374500.0,184102450787.5,6323.5779,Development,-0.03245040146397804,-324.5040146397804,0.4320775750126644,0.6832148298881413,-0.2511372548754769,0,1,0,0,324.5040146397804,0.10502219376476442,0.7978411927011729,0.22848299573963157,0.7669264757099822,
2022-03-16,2022-03-17,6068.8999,6173.7875,5824.3301,6156.2714,17882684700.0,178613442534.0,5964.9813,Development,0.02714557872341894,271.4557872341894,0.4729567431403667,0.6832148298881413,-0.21025808674777463,0,0,0,0,-271.4557872341894,0.13703210843890648,0.8634956345081137,0.2141418444305904,0.8592240177133544,
2022-03-17,2022-03-18,6233.6437,6369.8884,6225.9795,6267.5244,17043854100.0,184845065443.2,6156.2714,Development,0.0025398147154287454,25.398147154287454,0.4843231620647646,0.6832148298881413,-0.1988916678233767,0,0,0,0,-25.398147154287454,0.15957258369196706,0.8937079045124298,0.19897023338784658,0.8503551187543077,
2022-03-18,2022-03-21,6249.476,6338.2235,6231.7261,6332.2166,15262021400.0,153302421271.9,6267.5244,Development,0.01457448592489996,145.7448592489996,0.4946237571237956,0.6832148298881413,-0.18859107276434572,0,0,0,0,-145.7448592489996,0.1843082381187482,0.8477877870498131,0.27085853312320146,0.8436843656398072,
2022-03-21,2022-03-22,6340.5589,6389.2103,6284.8526,6358.943,15965372300.0,161774094329.4,6332.2166,Development,0.00044814661370007336,4.481466137000734,0.48565533719919285,0.6832148298881413,-0.19755949268894846,0,0,0,0,-4.481466137000734,0.2214263543219796,0.7771169591246168,0.257578598293001,0.8506896034397927,
2022-03-22,2022-03-23,6343.4004,6404.827,6313.2741,6358.1093,15110787400.0,145705387844.5,6358.943,Development,0.003927262734352954,39.27262734352954,0.4866450961059101,0.6832148298881413,-0.1965697337822312,0,0,0,0,-39.27262734352954,0.24082368221421818,0.7401130334411871,0.28511430397923837,0.8425515494631943,
2022-03-23,2022-03-24,6368.3126,6420.1586,6353.3361,6398.1009,14317935800.0,141684925864.7,6358.1093,Development,0.0004174418196742913,4.174418196742913,0.457732607853251,0.6832148298881413,-0.22548222203489032,0,0,0,0,-4.174418196742913,0.2621523374790432,0.6123125507371882,0.2883266148421498,0.8357590227418167,
2022-03-24,2022-03-25,6370.971,6384.4046,6315.1424,6344.115,13774908600.0,139175992839.2,6398.1009,Development,-0.0038079595716256076,-38.07959571625608,0.3923597634083278,0.6832148298881413,-0.2908550664798135,0,0,0,0,38.07959571625608,0.2463647738361781,0.4139475751986963,0.2804284294017633,0.8187260298750267,
2022-03-25,2022-03-28,6346.7106,6373.4658,6268.2376,6268.2376,13497225600.0,135181835619.8,6344.115,Development,-0.0183700671651863,-183.700671651863,0.3780740210673227,0.6832148298881413,-0.3051408088208186,0,1,0,0,183.700671651863,0.2221682666862834,0.4007861482278679,0.2738910715573895,0.812879082172235,
2022-03-28,2022-03-29,6230.1211,6322.1284,6176.2482,6283.2814,14485788700.0,136991737399.1,6268.2376,Development,0.009527021874422337,95.27021874422337,0.3735215823734751,0.6832148298881413,-0.3096932475146662,0,0,0,0,-95.27021874422337,0.2496905622358414,0.35079072897783964,0.27598188974883936,0.8105585709671828,
2022-03-29,2022-03-30,6289.4756,6316.3129,6233.2822,6253.0692,14136212400.0,140401394967.6,6283.2814,Development,-0.00277827614117776,-27.7827614117776,0.4156368456515364,0.6832148298881413,-0.2675779842366049,0,0,0,0,27.7827614117776,0.27598529542627415,0.48364287926467736,0.2507421196851999,0.8201160792609344,
2022-03-30,2022-03-31,6272.0017,6377.8744,6261.8037,6377.8744,16401457500.0,155600799511.1,6253.0692,Development,0.014206293981074758,142.0629398107476,0.3794941658216081,0.6832148298881413,-0.3037206640665332,0,0,0,0,-142.0629398107476,0.2952080472991816,0.32653700946359526,0.26108554483641205,0.8140890451629312,
2022-03-31,2022-04-01,6361.1036,6383.0744,6313.9663,6324.9609,17690394800.0,167072822890.9,6377.8744,Development,-0.011273767023696979,-112.73767023696979,0.3414445151758901,0.6832148298881413,-0.3417703147122512,0,0,0,0,112.73767023696979,0.2878119909292976,0.1931444501848922,0.2633923652535832,0.8222604490773172,
2022-04-01,2022-04-06,6289.39,6373.2603,6274.0006,6364.5206,17512859600.0,154551712332.6,6324.9609,Development,0.011704155728933907,117.04155728933907,0.5030997791262127,0.6832148298881413,-0.18011505076192857,0,0,0,0,-117.04155728933907,0.7143540637519638,0.2220231435686108,0.30662366022976467,0.8162232000049112,
2022-04-06,2022-04-07,6363.002,6363.002,6279.0719,6356.9271,19685358400.0,169525010204.0,6364.5206,Development,-0.006473893926168817,-64.73893926168816,0.5192252961671777,0.6832148298881413,-0.1639895337209636,0,0,0,0,64.73893926168816,0.710702143348412,0.2999077592636958,0.28098966826564814,0.8237166738527516,
2022-04-07,2022-04-08,6321.8086,6364.6276,6221.5908,6221.5908,19076219200.0,163735810257.4,6356.9271,Development,-0.014966191795177108,-149.66191795177107,0.5343056687112856,0.6832148298881413,-0.1489091611768557,0,0,0,0,149.66191795177107,0.7234852792904409,0.3137898591835458,0.3178604144069925,0.815813887572528,
2022-04-08,2022-04-11,6227.1952,6237.9145,6117.0139,6224.1167,18395489200.0,159245297292.2,6221.5908,Development,-0.004042365654444269,-40.423656544442686,0.5338110375146499,0.6832148298881413,-0.14940379237349144,0,0,0,0,40.423656544442686,0.7058669314583623,0.3660206743211017,0.279586884032063,0.8113836095115273,
2022-04-11,2022-04-12,6202.0226,6202.0226,6001.5658,6029.8935,17838481200.0,162201440592.2,6224.1167,Development,-0.02940155361575114,-294.0155361575114,0.5582435301698003,0.6832148298881413,-0.12497129971834098,0,1,0,0,294.0155361575114,0.7054035375204677,0.4812660467907539,0.25504160495763206,0.7971417576296942,
2022-04-12,2022-04-13,6019.6735,6135.5702,5964.3887,6126.9065,17318018800.0,151432386370.2,6029.8935,Development,0.012460974835263094,124.60974835263094,0.564171996291458,0.6832148298881413,-0.11904283359668333,0,0,0,0,-124.60974835263094,0.6927798168534888,0.5139248551737405,0.2521753888689687,0.8078082097590706,
2022-04-13,2022-04-14,6094.6845,6129.6592,6039.9234,6044.3263,16704306000.0,147270109711.9,6126.9065,Development,-0.003371839838469004,-33.71839838469004,0.6127591539117674,0.6832148298881413,-0.07045567597637392,0,0,0,0,33.71839838469004,0.6706691773887261,0.7038496435819583,0.25369253594784635,0.8240085968007873,
2022-04-14,2022-04-15,6074.1342,6156.4962,6060.6813,6126.4902,15903310600.0,147089465759.8,6044.3263,Development,0.0032906253536511,32.906253536511,0.5648079217855011,0.6832148298881413,-0.11840690810264021,0,0,0,0,-32.906253536511,0.6350385401690533,0.5518830712141524,0.2911036192491323,0.8145297622078194,
2022-04-15,2022-04-18,6094.1219,6122.2895,6048.1602,6070.7489,18462700000.0,162170121562.1,6126.4902,Development,-0.012239893002468527,-122.39893002468527,0.5616877906496424,0.6832148298881413,-0.12152703923849895,0,0,0,0,122.39893002468527,0.6054036850161174,0.578096193806685,0.292927039006647,0.8096228431051764,
2022-04-18,2022-04-19,6019.5305,6094.6714,5975.4455,6074.0069,14918638000.0,131553629165.0,6070.7489,Development,0.007965571401291172,79.65571401291172,0.5398892635886436,0.6832148298881413,-0.14332556629949766,0,0,0,0,-79.65571401291172,0.5919859069011736,0.5491321088511104,0.25556069298045064,0.8039607019264661,
2022-04-19,2022-04-20,6067.4795,6106.9313,6052.0964,6092.3963,14199753400.0,129227432636.5,6074.0069,Development,0.0025270295515624763,25.270295515624763,0.5875410971804236,0.6832148298881413,-0.09567373270771773,0,0,0,0,-25.270295515624763,0.6406342356022062,0.6561013760323606,0.25796549985777134,0.8079041363618925,
2022-04-20,2022-04-21,6082.8122,6093.7827,5942.0045,5956.9208,15105560300.0,134720863250.9,6092.3963,Development,-0.02449912887331951,-244.9912887331951,0.5583701420461455,0.6832148298881413,-0.12484468784199576,0,1,0,0,244.9912887331951,0.6410096950823839,0.5415619056856763,0.27578542164683595,0.8007294960240104,
2022-04-21,2022-04-22,5933.7886,5971.1943,5742.4182,5759.8013,15785450500.0,135625763585.4,5956.9208,Development,-0.03464828524561858,-346.4828524561858,0.5490965413784445,0.6832148298881413,-0.13411828850969676,0,1,0,0,346.4828524561858,0.6090937840201274,0.5394909579505855,0.2850857104692277,0.801427064263795,
2022-04-22,2022-04-25,5728.193,5794.3351,5667.3384,5740.9844,13999759800.0,120243690113.6,5759.8013,Development,-0.01253433674458948,-125.3433674458948,0.5857156219122799,0.6832148298881413,-0.09749920797586142,0,0,0,0,125.3433674458948,0.5843324724408162,0.7113848350272014,0.25776968011838713,0.8196593615546293,
2022-04-25,2022-04-26,5656.3939,5656.3939,5369.7171,5369.7171,18675348000.0,150663973302.5,5740.9844,Development,-0.04987967687328143,-498.7967687328143,0.6258102091642497,0.6832148298881413,-0.05740462072389163,0,1,0,0,498.7967687328143,0.611052765626201,0.8211843260438083,0.2601349937362398,0.8180684933568882,
2022-04-26,2022-04-27,5374.2548,5434.7038,5225.2065,5234.0059,17129943300.0,139143826428.0,5369.7171,Development,-0.036325724638139545,-363.2572463813955,0.6288253767394514,0.6832148298881413,-0.054389453148689926,0,1,0,0,363.2572463813955,0.5967496124490375,0.8280805298955984,0.2624585199033511,0.8520442859829608,
2022-04-27,2022-04-28,5179.0311,5440.0693,5158.476,5437.0374,17969338400.0,148165593331.4,5234.0059,Development,0.04245450466594036,424.5450466594036,0.6157293405331324,0.6832148298881413,-0.06748548935500887,0,0,0,0,-424.5450466594036,0.538954729339059,0.8649858469077684,0.23771541981600255,0.862445644150979,
2022-04-28,2022-04-29,5398.9043,5472.8233,5339.6085,5418.7641,15503977300.0,133023979699.0,5437.0374,Development,0.011115273889926058,111.15273889926058,0.6498730290623588,0.6832148298881413,-0.03334180082578253,0,0,0,0,-111.15273889926058,0.5774384228193196,0.898394906495782,0.24045598591824965,0.9318317161434759,
2022-04-29,2022-05-05,5458.9146,5630.9326,5443.6651,5627.9021,18128951200.0,157723206297.8,5418.7641,Development,0.02813412761577183,281.3412761577183,0.6705617263219216,0.6832148298881413,-0.012653103566219737,0,0,0,0,-281.3412761577183,0.6216124572813334,0.8448117874729889,0.347606187577574,0.9137051817922813,
2022-05-05,2022-05-06,5612.4964,5728.6163,5606.9405,5686.7023,16864320800.0,153614014864.4,5627.9021,Development,-0.009179622814546429,-91.79622814546428,0.6558800263361593,0.6832148298881413,-0.027334803551982034,0,0,0,0,91.79622814546428,0.5834156347294639,0.8089297004407893,0.3855714278021486,0.9137042518015491,
2022-05-06,2022-05-09,5560.9758,5629.647,5542.1811,5563.7693,15299334100.0,128084917441.6,5686.7023,Development,-0.0015285446845498818,-15.285446845498818,0.6675315028469708,0.6832148298881413,-0.01568332704117048,0,0,0,0,15.285446845498818,0.6159180478384705,0.7411157029679911,0.48553169496277887,0.8986874803690121,
2022-05-09,2022-05-10,5552.4756,5626.5906,5537.9754,5608.5162,13155392900.0,114555068564.0,5563.7693,Development,-0.0035795744874592694,-35.79574487459269,0.728818317203077,0.6832148298881413,0.04560348731493569,1,0,0,1,35.79574487459269,0.7935330662549035,0.7541731754437726,0.4837606293474699,0.8838827943481876,预测大跌
2022-05-10,2022-05-11,5532.6001,5698.5144,5519.4721,5690.0868,16532961300.0,141136837683.5,5608.5162,Development,0.029792375559549278,297.92375559549276,0.7232716078389877,0.6832148298881413,0.04005677795084639,1,0,0,0,-297.92375559549276,0.8120615509103842,0.7388630922684033,0.4554707913331207,0.8755340037563598,预测大跌
2022-05-11,2022-05-12,5697.4294,5856.1924,5696.7023,5737.8173,18516362700.0,172855135622.5,5690.0868,Development,0.0017773805147984767,17.773805147984767,0.7083193624337016,0.6832148298881413,0.025104532545560332,1,0,0,0,-17.773805147984767,0.8452061030704958,0.6332891603250145,0.4557281931595648,0.8960507500226549,预测大跌
2022-05-12,2022-05-13,5707.5559,5779.3195,5687.175,5743.1007,13921616900.0,125952896230.6,5737.8173,Development,0.010120146173250744,101.20146173250744,0.672364792632114,0.6832148298881413,-0.01085003725602729,0,0,0,0,-101.20146173250744,0.8308192779314153,0.4436567692753177,0.5651282974498986,0.8833382331210377,
2022-05-13,2022-05-16,5765.3172,5796.8014,5731.8598,5796.8014,13655977500.0,116785287132.3,5743.1007,Development,0.012995954498392637,129.95954498392638,0.6330451505958783,0.6832148298881413,-0.050169679292263014,0,0,0,0,-129.95954498392638,0.8000312169098627,0.3792540303917875,0.5207940738959476,0.8766794504982249,
2022-05-16,2022-05-17,5840.243,5855.7226,5767.5448,5791.0809,15138727500.0,132450886599.5,5796.8014,Development,-0.008617329792613204,-86.17329792613204,0.5687130866640336,0.6832148298881413,-0.11450174322410767,0,0,0,0,86.17329792613204,0.7537907698972531,0.18799268326090687,0.5498627721933601,0.8676028981460902,
2022-05-17,2022-05-18,5789.9157,5816.3379,5724.4448,5816.3379,13082939100.0,119260447955.2,5791.0809,Development,0.004436938520538503,44.36938520538503,0.5709317020979725,0.6832148298881413,-0.1122831277901688,0,0,0,0,-44.36938520538503,0.7801699927896215,0.1399842857464085,0.5822642735297414,0.8648760272747733,
2022-05-18,2022-05-19,5815.6052,5846.844,5785.4545,5797.4896,12724384500.0,114319973944.7,5816.3379,Development,-0.018365173756980657,-183.65173756980658,0.582822061118103,0.6832148298881413,-0.10039276877003833,0,1,0,0,183.65173756980658,0.7726925312724711,0.19675613993202196,0.5817600557438637,0.8564229315052916,
2022-05-19,2022-05-20,5708.8006,5838.4074,5700.1061,5838.4074,13662374000.0,122730054522.0,5797.4896,Development,0.02543676162029551,254.3676162029551,0.5849706192081146,0.6832148298881413,-0.09824421068002676,0,0,0,0,-254.3676162029551,0.7529161885609104,0.22500697124406652,0.5916274651135176,0.8488695051505787,
2022-05-20,2022-05-23,5854.014,5929.5421,5849.7614,5929.4882,16572732900.0,151890808353.4,5838.4074,Development,0.01488349703297609,148.8349703297609,0.6555325266269132,0.6832148298881413,-0.027682303261228114,0,0,0,0,-148.8349703297609,0.8870679363697681,0.30487858934716106,0.5910549886914168,0.8658207858242203,
2022-05-23,2022-05-24,5941.1422,5968.851,5908.6589,5965.7277,15387601700.0,143376161124.0,5929.4882,Development,0.0035357847519623675,35.357847519623675,0.6540588067536849,0.6832148298881413,-0.02915602313445642,0,0,0,0,-35.357847519623675,0.8460861159715112,0.2869095493145344,0.6795441802809926,0.8534695865842692,
2022-05-24,2022-05-25,5962.1488,5967.2326,5745.6751,5745.6751,17754083400.0,161859191392.5,5965.7277,Development,-0.037052748498997534,-370.52748498997533,0.6433264270174625,0.6832148298881413,-0.03988840287067885,0,1,0,0,370.52748498997533,0.800953597433427,0.29702642916194805,0.6929410345855102,0.8461736007246223,
2022-05-25,2022-05-26,5741.2348,5844.282,5736.1388,5844.2546,14359063500.0,126687497293.5,5745.6751,Development,0.018600719831211032,186.00719831211032,0.6334706855303711,0.6832148298881413,-0.04974414435777019,0,0,0,0,-186.00719831211032,0.7763242281623846,0.2986293352257649,0.6729438067748238,0.8616037287592807,
2022-05-26,2022-05-27,5848.0259,5928.7066,5780.9701,5911.5607,16235036200.0,142667052821.1,5844.2546,Development,0.012535118902260889,125.35118902260889,0.6801778905106832,0.6832148298881413,-0.003036939377458081,0,0,0,0,-125.35118902260889,0.7766496630024771,0.4693980032761118,0.6715984187701356,0.8558369502693737,
2022-05-27,2022-05-30,5921.3316,5952.615,5854.61,5899.915,14340686200.0,128502607015.8,5911.5607,Development,-0.00052162253503929,-5.2162253503929,0.6835989451628355,0.6832148298881413,0.0003841152746941745,1,0,0,1,5.2162253503929,0.7517674688885536,0.4709076544049264,0.729512932495825,0.847818858489165,预测大跌
2022-05-30,2022-05-31,5918.2429,5942.9969,5867.1924,5942.8317,13385264700.0,124183592946.5,5899.915,Development,0.003739201038875928,37.392010388759275,0.6427182567979852,0.6832148298881413,-0.040496573090156085,0,0,0,0,-37.392010388759275,0.6229040647147229,0.47234149574956574,0.7459788095931021,0.8409994867163658,
2022-05-31,2022-06-01,5940.3724,6033.4732,5902.2751,6026.2373,15594491800.0,147825250552.3,5942.8317,Development,0.011510978671976924,115.10978671976923,0.6332826649727342,0.6832148298881413,-0.049932164915407085,0,0,0,0,-115.10978671976923,0.5964908891077052,0.47650657828384196,0.7435435211723559,0.8342146631170022,
2022-06-01,2022-06-02,6008.7519,6042.3715,5970.493,6023.644,15536577300.0,143127245305.2,6026.2373,Development,-0.0013537420308534776,-13.537420308534776,0.5998021732708776,0.6832148298881413,-0.08341265661726371,0,0,0,0,13.537420308534776,0.5395666301294599,0.42953162208119616,0.7416365186299386,0.8307539421596235,
2022-06-02,2022-06-06,6000.6176,6084.3166,5987.6409,6078.4349,15957167500.0,150036301464.4,6023.644,Development,0.013209940256816433,132.09940256816432,0.6090250887703351,0.6832148298881413,-0.07418974111780618,0,0,0,0,-132.09940256816432,0.5476368238823845,0.4331595903728151,0.7712103873516,0.8242349883036509,
2022-06-06,2022-06-07,6079.8854,6194.4258,6070.707,6187.4441,18267996300.0,180119370874.6,6078.4349,Development,0.017548258393159877,175.48258393159875,0.5808572703369094,0.6832148298881413,-0.10235755955123194,0,0,0,0,-175.48258393159875,0.556291147149864,0.33970234434514074,0.7518750786964242,0.8199319161006429,
2022-06-07,2022-06-08,6186.5768,6199.7233,6136.0388,6186.5672,17731171800.0,169115475173.6,6187.4441,Development,-0.0002612753469737328,-2.612753469737328,0.5983796552643715,0.6832148298881413,-0.08483517462376977,0,0,0,0,2.612753469737328,0.5793226637107534,0.349676913551271,0.7845158083975904,0.8181683497555595,
2022-06-08,2022-06-09,6184.9604,6227.3285,6110.0604,6217.8276,18642886400.0,176670594408.9,6186.5672,Development,0.0036809936568067414,36.809936568067414,0.5892458390060311,0.6832148298881413,-0.09396899088211019,0,0,0,0,-36.809936568067414,0.5309487857559482,0.35879445345172,0.816997045659426,0.8032590927340839,
2022-06-09,2022-06-10,6207.7272,6209.1099,6088.4637,6130.6862,17212977500.0,160399014376.8,6217.8276,Development,-0.020011559141967505,-200.11559141967504,0.5802116755362661,0.6832148298881413,-0.10300315435187524,0,1,0,0,200.11559141967504,0.5299564518770572,0.36875842264546044,0.7857065707940047,0.7744917373916042,
2022-06-10,2022-06-13,6083.5009,6250.3633,6078.7845,6240.1032,19254134000.0,178686545011.3,6130.6862,Development,0.01730329324024593,173.03293240245932,0.527889328438504,0.6832148298881413,-0.1553255014496373,0,0,0,0,-173.03293240245932,0.5211712979335003,0.19685706000823855,0.7915044147898443,0.7590008692815088,
2022-06-13,2022-06-14,6188.7655,6250.6808,6172.9148,6233.6194,18813239700.0,197652384588.3,6240.1032,Development,-0.004386302890293736,-43.86302890293736,0.4809051627978204,0.6832148298881413,-0.2023096670903209,0,0,0,0,43.86302890293736,0.28660135776381557,0.31491951691418246,0.7881450203449836,0.7618208246640977,
2022-06-14,2022-06-15,6161.6197,6278.9724,6061.1905,6275.5652,19740316500.0,196166211157.9,6233.6194,Development,0.018461233496770202,184.61233496770203,0.5845925702352577,0.6832148298881413,-0.09862225965288363,0,0,0,0,-184.61233496770203,0.5669811611830521,0.3272316612426539,0.8240337151456836,0.7431668309564154,
2022-06-15,2022-06-16,6275.3708,6398.3587,6261.0394,6261.0613,23814076500.0,231704740913.9,6275.5652,Development,-0.0020849285909926296,-20.849285909926294,0.6101061267932444,0.6832148298881413,-0.07310870309489692,0,0,0,0,20.849285909926294,0.6119390359402864,0.36166451034685876,0.8198900674537254,0.7525311052287932,
2022-06-16,2022-06-17,6262.2871,6330.3502,6242.3287,6264.822,19461508300.0,200890496403.0,6261.0613,Development,-0.006659531786717299,-66.59531786717298,0.6093043843295058,0.6832148298881413,-0.07391044555863546,0,0,0,0,66.59531786717298,0.6106583307559605,0.3698109908787838,0.8473272654265466,0.698259225203622,
2022-06-17,2022-06-20,6220.5832,6328.3614,6181.8541,6316.3092,16785912900.0,188555335283.8,6264.822,Development,0.016529414798278186,165.29414798278185,0.6098017406250188,0.6832148298881413,-0.07341308926312251,0,0,0,0,-165.29414798278185,0.5988620712212291,0.3917204276813206,0.8425638764169938,0.6946428990455779,
2022-06-20,2022-06-21,6323.4058,6359.0,6277.2155,6330.3942,17520714600.0,202463104716.5,6316.3092,Development,0.0002268872258679444,2.268872258679444,0.6333259126397892,0.6832148298881413,-0.049888917248352094,0,0,0,0,-2.268872258679444,0.6362434622264852,0.4374741124854561,0.8325368335394363,0.6959517538011288,
2022-06-21,2022-06-22,6324.8405,6337.0828,6215.292,6277.0014,16446163000.0,178813382248.4,6330.3942,Development,-0.0067943689647194105,-67.9436896471941,0.6352369402735236,0.6832148298881413,-0.047977889614617686,0,0,0,0,67.9436896471941,0.6250811004417803,0.44065992839353624,0.85783845918897,0.691250782197217,
2022-06-22,2022-06-23,6281.8672,6285.6521,6176.8507,6179.57,15409431800.0,164240856131.8,6277.0014,Development,-0.015103805441795903,-151.03805441795905,0.6377487180382775,0.6832148298881413,-0.04546611184986382,0,0,0,0,151.03805441795905,0.6324213661616744,0.443671542748258,0.8531633006243219,0.692509346477782,
2022-06-23,2022-06-24,6186.9871,6300.4746,6142.9367,6300.4746,16826604400.0,179525605665.7,6179.57,Development,0.019369993514290584,193.69993514290584,0.6551312507001704,0.6832148298881413,-0.028083579187970886,0,0,0,0,-193.69993514290584,0.6333215168326634,0.5052195281648348,0.8445123261071718,0.7034234709208329,
2022-06-24,2022-06-27,6306.829,6378.498,6304.0817,6368.2827,15771270400.0,181995576916.7,6300.4746,Development,0.014512935105740254,145.12935105740254,0.6811459615896486,0.6832148298881413,-0.002068868298492732,0,0,0,0,-145.12935105740254,0.6099617041128481,0.6419666560857036,0.8238862155434187,0.7047084441733191,
2022-06-27,2022-06-28,6398.3596,6449.3379,6390.2849,6407.7447,16891819100.0,201652930730.9,6368.2827,Development,0.002200626548092055,22.00626548092055,0.6040789716836352,0.6832148298881413,-0.07913585820450608,0,0,0,0,-22.00626548092055,0.546669620463556,0.44272207781938755,0.8271370111212915,0.7017436030619599,
2022-06-28,2022-06-29,6412.44,6506.665,6392.1091,6501.352,17058271100.0,196479374873.5,6407.7447,Development,0.010406366375357967,104.06366375357968,0.6048784665352566,0.6832148298881413,-0.07833636335288474,0,0,0,0,-104.06366375357968,0.5371425208464434,0.44562331127161986,0.8486749157425558,0.6922937551753121,
2022-06-29,2022-06-30,6479.1702,6501.3927,6370.0158,6374.2974,19072830800.0,215976296586.3,6501.352,Development,-0.014501193378127275,-145.01193378127275,0.5889645459391043,0.6832148298881413,-0.094250283949037,0,0,0,0,145.01193378127275,0.5278512988894083,0.4027019300397679,0.8475410256835831,0.6892471140948887,
2022-06-30,2022-07-01,6385.2145,6493.0905,6385.2145,6454.0778,16384677500.0,193598970720.0,6374.2974,Development,0.010263695918124593,102.63695918124594,0.5807205431669642,0.6832148298881413,-0.10249428672117711,0,0,0,0,-102.63695918124594,0.49034212718431097,0.4079495276767031,0.8593619860383374,0.6919919702899209,
2022-07-01,2022-07-04,6450.7504,6481.1493,6423.8571,6438.5375,14420464300.0,172657742424.2,6454.0778,Development,-0.0008798666276097489,-8.798666276097489,0.6160271320217763,0.6832148298881413,-0.06718769786636503,0,0,0,0,8.798666276097489,0.4888609747394718,0.5571419298986647,0.8351666793997098,0.6879874423174603,
2022-07-04,2022-07-05,6445.0746,6524.295,6405.3788,6523.1311,15781996900.0,193784450973.9,6438.5375,Development,0.014023064992917389,140.2306499291739,0.5697522264713198,0.6832148298881413,-0.11346260341682146,0,0,0,0,-140.2306499291739,0.415675329163133,0.47246729580419033,0.8478535882306351,0.685024889499635,
2022-07-05,2022-07-06,6535.4543,6548.3018,6435.7372,6511.5297,18662546900.0,206724929047.1,6523.1311,Development,-0.0071048771620972895,-71.0487716209729,0.4796912177551502,0.6832148298881413,-0.20352361213299108,0,0,0,0,71.0487716209729,0.14602785598030912,0.4851993047613129,0.8430803380896794,0.6794266688059251,
2022-07-06,2022-07-07,6489.0207,6496.972,6359.4656,6418.5453,17710450200.0,188283101873.7,6511.5297,Development,-0.011498252733266767,-114.98252733266767,0.4814636849918159,0.6832148298881413,-0.2017511448963254,0,0,0,0,114.98252733266767,0.15580976585108366,0.48592589365087024,0.83496318979593,0.6796075789068696,
2022-07-07,2022-07-08,6414.4083,6482.4181,6380.1669,6452.9863,15735112300.0,176906222167.7,6418.5453,Development,0.009959266235047837,99.59266235047836,0.4871272254152138,0.6832148298881413,-0.1960876044729275,0,0,0,0,-99.59266235047836,0.17320433510586294,0.49105838922472406,0.8305400609638485,0.6751411817765689,
2022-07-08,2022-07-11,6478.2911,6490.1491,6404.1612,6404.4393,15098669800.0,171162738886.7,6452.9863,Development,-0.014022494296373922,-140.2249429637392,0.4791533984990648,0.6832148298881413,-0.2040614313890765,0,0,0,0,140.2249429637392,0.19794183940502008,0.4377592164236646,0.8262340364462232,0.6719319030285171,
2022-07-11,2022-07-12,6387.4493,6387.4493,6274.7378,6319.1402,15199366600.0,169420490499.2,6404.4393,Development,-0.010891859446931385,-108.91859446931385,0.48526830042647523,0.6832148298881413,-0.19794652946166608,0,0,0,0,108.91859446931385,0.22471475619204495,0.44093914286334196,0.819791473761514,0.6565512443244444,
2022-07-12,2022-07-13,6317.8781,6346.514,6238.5626,6241.4793,14451309200.0,162745221371.3,6319.1402,Development,-0.012535506185217482,-125.35506185217483,0.5493068941770385,0.6832148298881413,-0.13390793571110282,0,0,0,0,125.35506185217483,0.23248269052465906,0.6649516095639412,0.8157627106031827,0.6538033274253167,
2022-07-13,2022-07-14,6238.6803,6287.6398,6207.7219,6268.4943,14271072300.0,148941203951.1,6241.4793,Development,0.004615078608852574,46.15078608852574,0.5863774712595393,0.6832148298881413,-0.09683735862860199,0,0,0,0,-46.15078608852574,0.24957642579220743,0.7822080880298514,0.8049133036248044,0.6588893440273336,
2022-07-14,2022-07-15,6267.4723,6339.4222,6254.6817,6302.4319,14035405000.0,156034965327.2,6268.4943,Development,0.001947260301413678,19.47260301413678,0.6048866750551615,0.6832148298881413,-0.07832815483297983,0,0,0,0,-19.47260301413678,0.2590875793971499,0.8487941166188959,0.7908913153132676,0.6571153502370042,
2022-07-15,2022-07-18,6279.6767,6323.5345,6196.7999,6196.7999,15838682800.0,169165272836.9,6302.4319,Development,-0.01012423139554297,-101.24231395542971,0.5661306225402817,0.6832148298881413,-0.11708420734785963,0,0,0,0,101.24231395542971,0.2782913366829582,0.683859714554308,0.796449864666329,0.6550742360392324,
2022-07-18,2022-07-19,6216.0998,6315.6563,6200.5203,6312.3557,15914462400.0,163899480504.9,6196.7999,Development,0.016527646483410763,165.27646483410763,0.5605226736966591,0.6832148298881413,-0.12269215619148222,0,0,0,0,-165.27646483410763,0.2807095355419688,0.6716454776141537,0.7831678388702737,0.65452358330604,
2022-07-19,2022-07-20,6318.8373,6347.2428,6283.4024,6335.7093,14638478000.0,163012682490.6,6312.3557,Development,0.005406975742198616,54.06975742198617,0.5839031763058349,0.6832148298881413,-0.09931165358230643,0,0,0,0,-54.06975742198617,0.2771925357041496,0.7617443561545064,0.780001026681722,0.6548066785823958,
2022-07-20,2022-07-21,6353.0031,6416.8716,6351.8184,6410.7088,14293257300.0,157782312749.0,6335.7093,Development,0.0074079926074646085,74.07992607464608,0.585043570195365,0.6832148298881413,-0.09817125969277629,0,0,0,0,-74.07992607464608,0.28941096870833655,0.740029182910235,0.8082614716662734,0.6351134115817785,
2022-07-21,2022-07-22,6400.0661,6408.458,6347.5984,6347.5984,14821018400.0,163172754178.8,6410.7088,Development,-0.007209519289183675,-72.09519289183675,0.5547421982969297,0.6832148298881413,-0.12847263159121158,0,0,0,0,72.09519289183675,0.2970211162891979,0.6370675439757018,0.8140592517351648,0.6017691941479353,
2022-07-22,2022-07-25,6353.9247,6371.3183,6236.343,6289.5325,13062066900.0,143788393867.5,6347.5984,Development,-0.008943322856816205,-89.43322856816205,0.5048295440526286,0.6832148298881413,-0.17838528583551272,0,0,0,0,89.43322856816205,0.2914627078944434,0.45657487811334746,0.8227494619630794,0.6055398491556443,
2022-07-25,2022-07-26,6297.0995,6319.1797,6213.4739,6231.2355,12945802900.0,139714096679.5,6289.5325,Development,-0.009193232535074314,-91.93232535074314,0.5338371138411604,0.6832148298881413,-0.1493777160469809,0,0,0,0,91.93232535074314,0.3078970343018259,0.5744395951770206,0.818646977934055,0.55129187739676,
2022-07-26,2022-07-27,6239.2088,6319.2494,6213.8365,6307.956,11727654100.0,129165891647.9,6231.2355,Development,0.010001187971141468,100.01187971141468,0.5113444004641015,0.6832148298881413,-0.17187042942403985,0,0,0,0,-100.01187971141468,0.3322061768552662,0.48526818457636933,0.8146486830186251,0.5206031149239376,
2022-07-27,2022-07-28,6301.6083,6344.207,6286.3516,6332.2327,12043512700.0,133249678638.3,6307.956,Development,0.009468154344026702,94.68154344026702,0.47484370966792905,0.6832148298881413,-0.20837112022021226,0,0,0,0,-94.68154344026702,0.3251729086715516,0.4559253675407624,0.7893928093308964,0.39349624847119263,
2022-07-28,2022-07-29,6361.2729,6393.7268,6339.5502,6348.1655,13847342900.0,152662265342.6,6332.2327,Development,-0.0007470989021709507,-7.4709890217095065,0.43471372779839035,0.6832148298881413,-0.24850110208975096,0,0,0,0,7.4709890217095065,0.3590785196146546,0.26003399388836684,0.8041862053695806,0.39310342287098343,
2022-07-29,2022-08-01,6356.5204,6365.2595,6285.7193,6294.1144,13792579200.0,152961332812.8,6348.1655,Development,-0.009932682667076809,-99.32682667076809,0.44956668971934355,0.6832148298881413,-0.23364814016879776,0,0,0,0,99.32682667076809,0.38354668400809433,0.2787506803900965,0.816663196619335,0.3840295211944419,
2022-08-01,2022-08-02,6293.3831,6350.0383,6253.0553,6347.2211,12867901200.0,151348904696.9,6294.1144,Development,-0.0007590035318206789,-7.590035318206789,0.43468773789397064,0.6832148298881413,-0.24852709199417067,0,0,0,0,7.590035318206789,0.34982628307437613,0.3056521658405337,0.7630304453754095,0.38935935769214475,
2022-08-02,2022-08-03,6288.6064,6288.6064,6095.0566,6169.9961,18290253900.0,192873382570.5,6347.2211,Development,-0.018603358607401477,-186.03358607401478,0.4414927414647345,0.6832148298881413,-0.2417220884234068,0,1,0,0,186.03358607401478,0.3727780307645392,0.3160721334130042,0.7551295440799278,0.37574696219728665,
2022-08-03,2022-08-04,6171.6172,6261.9097,6111.2198,6124.3146,14721340900.0,175544841793.6,6169.9961,Development,-0.0018035467267800698,-18.035467267800698,0.4353454905137557,0.6832148298881413,-0.2478693393743856,0,0,0,0,18.035467267800698,0.35379673304641707,0.34053192073442523,0.7212602859762647,0.38142750348472887,
2022-08-04,2022-08-05,6160.4864,6177.6166,6080.101,6158.7346,11364638100.0,137805652801.6,6124.3146,Development,0.0024339149584031716,24.339149584031716,0.5254744080370437,0.6832148298881413,-0.1577404218510976,0,0,0,0,-24.339149584031716,0.3574751830534695,0.6956859174309352,0.7182470385419358,0.31954025274360176,
2022-08-05,2022-08-08,6175.4805,6274.2729,6163.5051,6270.5113,12428444800.0,150450721916.0,6158.7346,Development,0.01474975105176024,147.4975105176024,0.5299936279650065,0.6832148298881413,-0.15322120192313482,0,0,0,0,-147.4975105176024,0.36364541135797257,0.7101223583756737,0.707316884825823,0.3244388318526629,
2022-08-08,2022-08-09,6266.5673,6324.3401,6249.6163,6323.0746,11613293400.0,149909676464.1,6270.5113,Development,0.00758581177289841,75.8581177289841,0.49220333709672814,0.6832148298881413,-0.19101149279141316,0,0,0,0,-75.8581177289841,0.3688120676619341,0.564893019904262,0.7101752796288304,0.3274914187508404,
2022-08-09,2022-08-10,6314.1043,6344.84,6290.8724,6341.4806,11696665300.0,148682025631.8,6323.0746,Development,0.0027412597539766548,27.412597539766548,0.4637919387504543,0.6832148298881413,-0.21942289113768698,0,0,0,0,-27.412597539766548,0.41981178570536865,0.3747408614739906,0.7410848853340232,0.33181134765266546,
2022-08-10,2022-08-11,6331.4129,6362.2914,6298.8613,6322.0558,11889992800.0,153411737859.6,6341.4806,Development,0.0028561081524156595,28.561081524156595,0.43587326230875956,0.6832148298881413,-0.24734156757938175,0,0,0,0,-28.561081524156595,0.45462007259209525,0.22968849237313138,0.7546520823698327,0.3185387602600447,
2022-08-11,2022-08-12,6349.4961,6439.3586,6341.7215,6439.3586,14203828400.0,168399100707.5,6322.0558,Development,0.01190867728858036,119.08677288580361,0.4526078082341893,0.6832148298881413,-0.23060702165395203,0,0,0,0,-119.08677288580361,0.49471220636618557,0.2527133118582105,0.737789196261621,0.32082692232394133,
2022-08-12,2022-08-15,6425.1102,6463.0667,6416.2908,6420.853,14039991700.0,158383471763.4,6439.3586,Development,-0.0030183606811911012,-30.183606811911012,0.45542058663393603,0.6832148298881413,-0.22779424325420528,0,0,0,0,30.183606811911012,0.4829744459891893,0.2724311702941538,0.7416210073176746,0.3235745356585008,
2022-08-15,2022-08-16,6405.7169,6462.5378,6394.2182,6442.8093,13362748200.0,151481917268.3,6420.853,Development,0.0064073234332286955,64.07323433228696,0.4414232775912021,0.6832148298881413,-0.24179155229693922,0,0,0,0,-64.07323433228696,0.46733740510082106,0.2780859314073129,0.7343373334279961,0.26943928567947595,
2022-08-16,2022-08-17,6446.7604,6492.5396,6440.3764,6465.1866,13584149500.0,150950901281.8,6442.8093,Development,0.004109381822224867,41.09381822224867,0.42938393688134496,0.6832148298881413,-0.25383089300679634,0,0,0,0,-41.09381822224867,0.49383677704677975,0.203541155872315,0.7321164659671958,0.2713892908025536,
2022-08-17,2022-08-18,6473.2526,6501.362,6428.9652,6493.5047,14622031900.0,165336992378.1,6465.1866,Development,0.00125405271532264,12.5405271532264,0.43472738574462677,0.6832148298881413,-0.24848744414351454,0,0,0,0,-12.5405271532264,0.5018427444399027,0.22204670006145277,0.7181884272732988,0.27453951636079565,
2022-08-18,2022-08-19,6481.3704,6483.6928,6448.7455,6468.8056,13045175900.0,151581053114.9,6493.5047,Development,-0.0019358714632324858,-19.35871463232486,0.3852742858114519,0.6832148298881413,-0.2979405440766894,0,0,0,0,19.35871463232486,0.46986039977581545,0.11270303748642481,0.7254191456567654,0.2148292959186708,
2022-08-19,2022-08-22,6468.8233,6477.3137,6390.9328,6391.7159,14259085100.0,161777617603.6,6468.8056,Development,-0.01352388153808426,-135.2388153808426,0.3731420475035465,0.6832148298881413,-0.3100727823845948,0,0,0,0,135.2388153808426,0.4070278239185296,0.14808369724950857,0.7261253493951727,0.20963484546528743,
2022-08-22,2022-08-23,6381.3397,6472.7936,6363.218,6472.6799,13373550000.0,155429477947.4,6391.7159,Development,0.012353503136653066,123.53503136653066,0.3794720052457373,0.6832148298881413,-0.303742824642404,0,0,0,0,-123.53503136653066,0.3809934745458111,0.19771077189453254,0.7240411519229569,0.22053846466651197,
2022-08-23,2022-08-24,6460.1716,6475.8227,6436.081,6466.4045,13367637700.0,152812386392.9,6472.6799,Development,0.0016276347829522475,16.276347829522475,0.4360731338649948,0.6832148298881413,-0.2471416960231465,0,0,0,0,-16.276347829522475,0.4131536703617306,0.35687862921200375,0.7219906729516298,0.23023076070804258,
2022-08-24,2022-08-25,6470.6864,6472.6832,6277.9892,6284.5769,15810387200.0,171922926765.6,6466.4045,Development,-0.025892446278960368,-258.9244627896037,0.4611878589432873,0.6832148298881413,-0.22202697094485402,0,1,0,0,258.9244627896037,0.47948428607088883,0.3654224457438845,0.7197318157379521,0.2343994838034249,
2022-08-25,2022-08-26,6303.1445,6327.0917,6225.6756,6322.6961,14194636700.0,152348524289.3,6284.5769,Development,0.004431835570325227,44.318355703252266,0.4731027644010777,0.6832148298881413,-0.21011206548706363,0,0,0,0,-44.318355703252266,0.4874863156393838,0.37329399689026116,0.72140665304662,0.275785214275985,
2022-08-26,2022-08-29,6331.079,6381.4834,6286.5227,6298.3739,13040583700.0,145604215469.3,6322.6961,Development,-0.018587258190902345,-185.87258190902344,0.5663672391578053,0.6832148298881413,-0.11684759073033602,0,1,0,0,185.87258190902344,0.4699576224202657,0.7336110881283953,0.71193501507951,0.2784052471342012,
2022-08-29,2022-08-30,6213.4016,6310.9932,6205.1266,6310.402,12526884900.0,132966408290.4,6298.3739,Development,0.015479041303237073,154.79041303237074,0.5853010888820731,0.6832148298881413,-0.0979137410060682,0,0,0,0,-154.79041303237074,0.5371575941547834,0.7157398067883697,0.7201462272386007,0.2739261936013189,
2022-08-30,2022-08-31,6309.5791,6319.1701,6248.1377,6285.9273,13210920000.0,136583215311.8,6310.402,Development,-0.006971257401305886,-69.71257401305886,0.7491598462068039,0.6832148298881413,0.06594501631866256,1,0,0,1,69.71257401305886,0.9254444914805319,0.8302852758352757,0.6997981167653553,0.3004578511322981,预测大跌
2022-08-31,2022-09-01,6265.5934,6280.1856,6132.2326,6155.7455,14727540800.0,153776542736.6,6285.9273,Development,-0.017924303865616276,-179.24303865616275,0.7311013282903582,0.6832148298881413,0.047886498402216926,1,1,1,1,179.24303865616275,0.8798055296030597,0.7971543884359826,0.7277380795561255,0.3041365122555948,预测大跌
2022-09-01,2022-09-02,6153.287,6207.244,6118.5774,6126.7685,11857505400.0,124670857677.4,6155.7455,Development,-0.0029238519184950906,-29.238519184950906,0.7244486717060714,0.6832148298881413,0.041233841817930106,1,0,0,1,29.238519184950906,0.8404006445286528,0.8152715455499349,0.7256274077303873,0.31748993819789034,预测大跌
2022-09-02,2022-09-05,6135.2957,6176.1706,6117.7266,6149.4273,10656438400.0,114216217368.2,6126.7685,Development,0.0020228038886536126,20.228038886536126,0.7372785760384643,0.6832148298881413,0.054063746150322944,1,0,0,0,-20.228038886536126,0.838596137364025,0.8669530413174118,0.7235511873646051,0.3139236034100449,预测大跌
2022-09-05,2022-09-06,6147.7062,6184.8042,6122.619,6182.6465,11747924400.0,119757999919.0,6149.4273,Development,0.008260088941790977,82.60088941790977,0.710401661718408,0.6832148298881413,0.02718683183026671,1,0,0,0,-82.60088941790977,0.8131351655314933,0.830587507474215,0.7215084649910176,0.2664958815431018,预测大跌
2022-09-06,2022-09-07,6198.4868,6292.5319,6187.9517,6291.5707,12984604000.0,135891977558.3,6182.6465,Development,0.01153576708431503,115.35767084315029,0.6663438401349524,0.6832148298881413,-0.016870989753188903,0,0,0,0,-115.35767084315029,0.7756173539362023,0.71997195268197,0.7240407991119824,0.2609551077565984,
2022-09-07,2022-09-08,6269.9911,6314.1182,6256.6131,6301.5644,12016029200.0,130718396246.6,6291.5707,Development,0.004771250791727466,47.712507917274664,0.6491917493124444,0.6832148298881413,-0.03402308057569692,0,0,0,0,-47.712507917274664,0.7420843380705489,0.7038122779381066,0.7401236228911154,0.23117774693589044,
2022-09-08,2022-09-09,6299.9068,6309.8969,6266.5175,6272.5752,11616426900.0,120970235492.1,6301.5644,Development,-0.0038110087596850972,-38.110087596850974,0.6397772101358743,0.6832148298881413,-0.04343761975226701,0,0,0,0,38.110087596850974,0.7712365559220882,0.6895151538089082,0.6655243240276687,0.23798241731114306,
2022-09-09,2022-09-13,6275.8978,6321.8229,6254.2611,6316.9724,12138922800.0,124658337639.2,6272.5752,Development,0.009395165740270661,93.95165740270662,0.561517876108222,0.6832148298881413,-0.12169695377991929,0,0,0,0,-93.95165740270662,0.7639610436573067,0.42969257756873813,0.6480966718883603,0.2429745733128234,
2022-09-13,2022-09-14,6334.8609,6343.7743,6291.4445,6300.422,11810631400.0,123861798297.2,6316.9724,Development,-0.018934748827712955,-189.34748827712954,0.5469678732496603,0.6832148298881413,-0.13624695663848096,0,1,0,0,189.34748827712954,0.743374540168508,0.4729178448768699,0.5709643654417054,0.2261960789354305,
2022-09-14,2022-09-15,6214.9119,6273.6335,6206.9248,6249.963,10912116000.0,114644793268.9,6300.422,Development,0.01054468688445942,105.4468688445942,0.5070950806352503,0.6832148298881413,-0.17611974925289098,0,0,0,0,-105.4468688445942,0.7558105093999813,0.2908717990924558,0.5966938167704573,0.23376727502417766,
2022-09-15,2022-09-16,6280.4462,6282.6932,6053.7988,6107.7964,14164350000.0,148202355024.8,6249.963,Development,-0.0300976545265208,-300.976545265208,0.6133077788818683,0.6832148298881413,-0.06990705100627304,0,1,0,0,300.976545265208,0.8875553158210495,0.5001379197984542,0.5960872425022277,0.2522572538040885,
2022-09-16,2022-09-19,6091.4195,6102.5416,5954.5037,5954.5037,13717211500.0,131508079987.8,6107.7964,Development,-0.023568053390511046,-235.68053390511045,0.59466860303837,0.6832148298881413,-0.08854622684977131,0,1,0,0,235.68053390511045,0.8619948382977416,0.4192035943835333,0.6244458932497003,0.29272034421759024,
2022-09-19,2022-09-20,5947.8566,5967.6548,5880.4941,5913.1493,10402541200.0,104609796776.0,5954.5037,Development,0.00024864419226244827,2.4864419226244827,0.6085607860812776,0.6832148298881413,-0.07465404380686369,0,0,0,0,-2.4864419226244827,0.8288552850936614,0.5715557115759693,0.5396616040416867,0.299930231368689,
2022-09-20,2022-09-21,5949.3355,6002.792,5940.5814,5958.2922,8881300000.0,96795084956.1,5913.1493,Development,-0.001049192804809862,-10.49192804809862,0.6542719922391014,0.6832148298881413,-0.028942837649039932,0,0,0,0,10.49192804809862,0.7996048823596151,0.7750480932882127,0.5342676955637227,0.29908733182571084,
2022-09-21,2022-09-22,5943.0935,5998.7001,5876.5156,5978.581,10346364400.0,100001264102.8,5958.2922,Development,-0.0008404040757561404,-8.404040757561404,0.5383958886810708,0.6832148298881413,-0.1448189412070705,0,0,0,0,8.404040757561404,0.49577337117552284,0.7513555003105088,0.5051071123364475,0.30206148550270023,
2022-09-22,2022-09-23,5938.0989,6015.1192,5931.7309,5965.8854,9986760200.0,102285806654.7,5978.581,Development,0.0038669952095273796,38.6699520952738,0.5289635684569161,0.6832148298881413,-0.15425126143122525,0,0,0,0,-38.6699520952738,0.503775163644859,0.7397594467540792,0.4667132631661313,0.2991903114373303,
2022-09-23,2022-09-26,5961.0615,5986.8209,5839.9316,5889.6019,10060943700.0,104706616405.3,5965.8854,Development,-0.02004404752408606,-200.44047524086062,0.5437570694668766,0.6832148298881413,-0.13945776042126468,0,1,0,0,200.44047524086062,0.5556110397986943,0.7282779223914047,0.46690247786701994,0.3013309533436427,
2022-09-26,2022-09-27,5841.5777,5922.3202,5798.2786,5806.3181,10324436000.0,102568347040.7,5889.6019,Development,-0.003086477819168487,-30.86477819168487,0.5380201394745509,0.6832148298881413,-0.14519469041359045,0,0,0,0,30.86477819168487,0.5521354592982401,0.711092827332729,0.4653957801017139,0.30500637523504975,
2022-09-27,2022-09-28,5823.5478,5920.0531,5808.2522,5920.0531,9741802200.0,103953587047.6,5806.3181,Development,0.014853763199127457,148.53763199127457,0.5614039854461508,0.6832148298881413,-0.12181084444199053,0,0,0,0,-148.53763199127457,0.5341644777279574,0.8146991436101514,0.4655927552295589,0.3077618541081249,
2022-09-28,2022-09-29,5910.0494,5910.0494,5769.5198,5769.5198,9369485300.0,99052683111.1,5920.0531,Development,-0.014682956795589619,-146.82956795589618,0.5310715587002789,0.6832148298881413,-0.15214327118786242,0,0,0,0,146.82956795589618,0.5009927108015465,0.8021492283245473,0.39080673077829475,0.3134673270353433,
2022-09-29,2022-09-30,5823.2724,5856.1602,5741.0175,5771.8812,9538579800.0,97557854862.3,5769.5198,Development,-0.010152418767152227,-101.52418767152227,0.4889170021463758,0.6832148298881413,-0.19429782774176552,0,0,0,0,101.52418767152227,0.5147318749976126,0.6200872349726668,0.3914268538827188,0.33856144375401676,
2022-09-30,2022-10-10,5764.1521,5804.2022,5714.0629,5714.0629,8554516800.0,87143078864.7,5771.8812,Development,-0.00596745183042624,-59.674518304262406,0.5242214776045231,0.6832148298881413,-0.15899335228361822,0,0,0,0,59.674518304262406,0.5141731985946285,0.7455130465528378,0.3819394230337581,0.35395164987579963,
2022-10-10,2022-10-11,5729.7548,5758.0415,5618.8038,5635.7109,9746934500.0,97320936443.0,5714.0629,Development,-0.015232013069739092,-152.3201306973909,0.46161700799748695,0.6832148298881413,-0.22159782189065436,0,0,0,0,152.3201306973909,0.5078786714901339,0.5287353703973723,0.3827196926858955,0.35433764742925106,
2022-10-11,2022-10-12,5642.4791,5703.2705,5606.9944,5684.5063,8657146900.0,88733098158.6,5635.7109,Development,0.006714247288926556,67.14247288926556,0.4047190004177589,0.6832148298881413,-0.2784958294703824,0,0,0,0,-67.14247288926556,0.5345412973701386,0.3288242496480936,0.33135459963951003,0.3625384843109585,
2022-10-12,2022-10-13,5680.3641,5820.4537,5594.2971,5820.4537,10610175700.0,110816368258.8,5684.5063,Development,0.01924117857163421,192.4117857163421,0.4274849316832198,0.6832148298881413,-0.2557298982049215,0,0,0,0,-192.4117857163421,0.4662992861627493,0.5168923036266739,0.29959380146683395,0.36439183156070537,
2022-10-13,2022-10-14,5789.661,5876.4759,5780.1758,5830.3355,10572226800.0,114922152769.8,5820.4537,Development,0.013333785864146463,133.33785864146463,0.3377957500308626,0.6832148298881413,-0.3454190798572787,0,0,0,0,-133.33785864146463,0.18667261549299444,0.5025673933579321,0.3188295189869944,0.39666060278677967,
2022-10-14,2022-10-17,5866.8591,5996.044,5866.8591,5973.4389,11821224500.0,138463009285.8,5830.3355,Development,0.014576965040800305,145.76965040800306,0.3545428136274387,0.6832148298881413,-0.3286720162607026,0,0,0,0,-145.76965040800306,0.21291878243114665,0.49107340097066987,0.36305939086158345,0.4048550583719557,
2022-10-17,2022-10-18,5952.3801,6023.5259,5945.4277,6015.5963,11146186900.0,127160232940.9,5973.4389,Development,0.013216041092537045,132.16041092537046,0.3608787588317705,0.6832148298881413,-0.3223360710563708,0,0,0,0,-132.16041092537046,0.22382429946494833,0.4915110886654453,0.3692423920986067,0.412012912035437,
2022-10-18,2022-10-19,6031.047,6074.3734,5996.3927,6035.6737,10575019500.0,127130541930.8,6015.5963,Development,-0.001533232952752539,-15.33232952752539,0.32170043960555994,0.6832148298881413,-0.36151439028258137,0,0,0,0,15.33232952752539,0.28362172106728345,0.24041636883876316,0.41326478187012156,0.41896386972751964,
2022-10-19,2022-10-20,6021.8,6037.4429,5970.4371,5972.7226,9388106500.0,112290658653.1,6035.6737,Development,-0.013006625925802928,-130.06625925802928,0.3243165920660833,0.6832148298881413,-0.358898237822058,0,0,0,0,130.06625925802928,0.2999893505308534,0.23384413882628274,0.4138169417190603,0.41127579272525455,
2022-10-20,2022-10-21,5943.4767,6035.5523,5886.3955,5948.8621,10338824500.0,121766931023.7,5972.7226,Development,0.0026467168618664605,26.467168618664605,0.314559802114109,0.6832148298881413,-0.3686550277740323,0,0,0,0,-26.467168618664605,0.27313698578037343,0.2707786738477291,0.36212591859397875,0.41379685112964093,
2022-10-21,2022-10-24,5959.2074,5993.8762,5928.9185,5956.8811,9682629500.0,112261082744.7,5948.8621,Development,0.0015663660237767996,15.663660237767996,0.30929956559702204,0.6832148298881413,-0.37391526429111926,0,0,0,0,-15.663660237767996,0.25658580993633134,0.2711139814424045,0.36308760039625787,0.41418252079762097,
2022-10-24,2022-10-25,5968.5417,6061.2078,5857.8584,5896.9031,11950108100.0,137328967809.0,5956.8811,Development,-0.01751127917896589,-175.11279178965887,0.2948528874516478,0.6832148298881413,-0.3883619424364935,0,1,0,0,175.11279178965887,0.2737718145985754,0.20105321594424314,0.3610247258895953,0.41281331455020687,
2022-10-25,2022-10-26,5864.0249,5926.5683,5785.4086,5869.781,10704585400.0,123655965044.2,5896.9031,Development,0.0012026551933637109,12.026551933637109,0.3059931014014703,0.6832148298881413,-0.377221728486671,0,0,0,0,-12.026551933637109,0.31128973500429036,0.18809714909442035,0.36659084164180317,0.41773377870235745,
2022-10-26,2022-10-27,5871.0773,6016.9172,5871.0773,5971.6009,11653007900.0,143742557269.8,5869.781,Development,0.01826026034438355,182.6026034438355,0.32060591168964103,0.6832148298881413,-0.3626089181985003,0,0,0,0,-182.6026034438355,0.3500086211624629,0.23406726330764563,0.31811772075287836,0.41298905126643537,
2022-10-27,2022-10-28,5978.2847,6020.893,5962.9743,5963.0037,11708821900.0,147969762402.1,5971.6009,Development,-0.00927781174422826,-92.77811744228259,0.33641061978603204,0.6832148298881413,-0.34680421010210927,0,0,0,0,92.77811744228259,0.369372208389482,0.25638539578923053,0.3228950190072906,0.424995337068873,
2022-10-28,2022-10-31,5922.8193,5934.7974,5760.0452,5781.7972,13167633200.0,147373418224.4,5963.0037,Development,-0.030009644224668564,-300.0964422466856,0.32949896545549295,0.6832148298881413,-0.35371586443264835,0,1,0,0,300.0964422466856,0.3328970009197438,0.2755563997781904,0.3237257240746162,0.4246158369279451,
2022-10-31,2022-11-01,5745.0776,5859.5968,5743.5552,5807.1063,12701606400.0,150059218566.0,5781.7972,Development,0.01203416295020987,120.3416295020987,0.3594994396269702,0.6832148298881413,-0.32371539026117113,0,0,0,0,-120.3416295020987,0.31928913361287176,0.38920444316302444,0.3251063631880591,0.440253063822337,
2022-11-01,2022-11-02,5814.2148,5942.1356,5786.8711,5941.1451,13661677600.0,165176134816.8,5807.1063,Development,0.019166130566762085,191.66130566762087,0.4713654634172269,0.6832148298881413,-0.2118493664709144,0,0,0,0,-191.66130566762087,0.34980276305247043,0.7447284940730143,0.32647027139017193,0.4505317870819069,
2022-11-02,2022-11-03,5925.6508,6028.767,5916.0613,5997.8038,14233028600.0,183166205234.3,5941.1451,Development,0.0031828740228836416,31.828740228836416,0.4683731186712429,0.6832148298881413,-0.21484171121689838,0,0,0,0,-31.828740228836416,0.35432240403110626,0.7254058604700967,0.3152511606539068,0.471466281407376,
2022-11-03,2022-11-04,5944.5114,6018.4176,5937.605,5996.7187,10638690600.0,145162731659.8,5997.8038,Development,0.008712911207471086,87.12911207471086,0.4816457619283095,0.6832148298881413,-0.20156906795983182,0,0,0,0,-87.12911207471086,0.3804191192616213,0.6936285538765985,0.37168113055703633,0.47698385982101627,
2022-11-04,2022-11-07,5996.3054,6157.4279,5996.3054,6133.4629,13870711100.0,174457116038.9,5996.7187,Development,0.022836311839620427,228.36311839620427,0.5589465313943065,0.6832148298881413,-0.1242682984938348,0,0,0,0,-228.36311839620427,0.7361042002206858,0.5228712411307016,0.38224587533205684,0.4885816451851522,
2022-11-07,2022-11-08,6133.2389,6166.1908,6100.6056,6141.4088,13809240900.0,167294752766.8,6133.4629,Development,0.001084467784224108,10.84467784224108,0.5742898754947323,0.6832148298881413,-0.10892495439340899,0,0,0,0,-10.84467784224108,0.7528774077351698,0.521744620782398,0.4101869121534247,0.5123871398246851,
2022-11-08,2022-11-09,6139.8902,6141.0231,6095.4447,6134.2564,10826753100.0,134372666241.4,6141.4088,Development,0.00010610938938282466,1.0610938938282466,0.5542590198864703,0.6832148298881413,-0.128955810001671,0,0,0,0,-1.0610938938282466,0.6907514170992218,0.5206736970085569,0.4217824721757836,0.5051422439479156,
2022-11-09,2022-11-10,6140.5417,6182.3383,6118.7288,6120.8286,10476225000.0,127037472145.0,6134.2564,Development,-0.008998701205790938,-89.98701205790938,0.47445409924727316,0.6832148298881413,-0.20876073064086814,0,0,0,0,89.98701205790938,0.6837719024775589,0.27917955481809614,0.37983643366582637,0.5014835103084652,
2022-11-10,2022-11-11,6085.2848,6119.0345,6061.8078,6089.6951,11640192800.0,129142711483.4,6120.8286,Development,0.02266832277102293,226.68322771022932,0.4897721910244423,0.6832148298881413,-0.193442638863699,0,0,0,0,-226.68322771022932,0.7186879070597313,0.295463208625678,0.3741419954912369,0.5023585325054477,
2022-11-11,2022-11-14,6223.228,6249.3487,6134.6815,6138.6211,17649212100.0,198177118398.1,6089.6951,Development,-0.013343637739128278,-133.43637739128278,0.573254318364769,0.6832148298881413,-0.10996051152337227,0,0,0,0,133.43637739128278,0.8693811586771016,0.43399483823253326,0.34331977296037736,0.5038488728635138,
2022-11-14,2022-11-15,6140.1875,6189.3825,6104.9304,6129.5129,15948672500.0,174064714506.7,6138.6211,Development,-0.002456081349307304,-24.56081349307304,0.3638037523668324,0.6832148298881413,-0.31941107752130893,0,0,0,0,24.56081349307304,0.2777330920105518,0.30390741291607887,0.415292528266012,0.5807254328013753,
2022-11-15,2022-11-16,6125.1067,6236.3838,6112.6193,6236.3838,14986096500.0,171481798607.2,6129.5129,Development,0.018526550729312197,185.26550729312197,0.31985442747871934,0.6832148298881413,-0.36336040240942197,0,0,0,0,-185.26550729312197,0.2853746616632598,0.16331103573609898,0.3829019643190512,0.5803845022307003,
2022-11-16,2022-11-17,6238.5838,6263.1555,6190.0123,6203.9174,12977037600.0,151854939979.7,6236.3838,Development,-0.008959228855754175,-89.59228855754175,0.34245077393983575,0.6832148298881413,-0.34076405594830556,0,0,0,0,89.59228855754175,0.30090548786178684,0.2158745180693337,0.3836755918970442,0.5955588299379068,
2022-11-17,2022-11-18,6182.6909,6217.2052,6148.6148,6217.2052,12343019600.0,152683752658.2,6203.9174,Development,0.004916952907996874,49.16952907996874,0.35786117294614256,0.6832148298881413,-0.32535365694199875,0,0,0,0,-49.16952907996874,0.3149399233976605,0.24099694470778693,0.3989069771204219,0.5971432469141551,
2022-11-18,2022-11-21,6213.0909,6251.1066,6181.5541,6191.6477,13118109300.0,164591218427.4,6217.2052,Development,-0.010521896597392444,-105.21896597392444,0.40528181445203126,0.6832148298881413,-0.27793301543611004,0,0,0,0,105.21896597392444,0.3538598329498669,0.3609150446784859,0.39954975668148257,0.6000769516823394,
2022-11-21,2022-11-22,6147.7174,6196.6472,6116.2957,6189.7092,11285438700.0,141789496020.9,6191.6477,Development,0.00495237468137355,49.5237468137355,0.4240782670075662,0.6832148298881413,-0.2591365628805751,0,0,0,0,-49.5237468137355,0.39159977508984845,0.3691391084697955,0.41636104672066215,0.599849767668308,
2022-11-22,2022-11-23,6178.1632,6196.1962,6100.1131,6125.3999,11608602400.0,137587008255.8,6189.7092,Development,-0.010341908740772676,-103.41908740772676,0.4755260603003837,0.6832148298881413,-0.20768876958775762,0,0,0,0,103.41908740772676,0.4290278673773481,0.5332743460044999,0.3841823944862689,0.5988727607740384,
2022-11-23,2022-11-24,6114.2692,6140.1142,6045.0243,6115.6049,11519351700.0,128686794201.7,6125.3999,Development,0.0020164306798922116,20.164306798922116,0.4750434479908371,0.6832148298881413,-0.20817138189730422,0,0,0,0,-20.164306798922116,0.422955680435601,0.5316229832720547,0.40116439042538776,0.5882994714560752,
2022-11-24,2022-11-25,6126.5982,6149.9599,6099.7498,6120.0659,10020069900.0,117480438950.3,6115.6049,Development,-0.005136994294811181,-51.36994294811181,0.5109513158984821,0.6832148298881413,-0.17226351398965922,0,0,0,0,51.36994294811181,0.3995003481162649,0.6884131780698691,0.4017899213279512,0.587323281170246,
2022-11-25,2022-11-28,6095.1259,6107.0725,6062.0028,6087.8591,10774234500.0,110059809752.5,6120.0659,Development,-0.015630735371684468,-156.3073537168447,0.3672235411257922,0.6832148298881413,-0.3159912887623491,0,0,0,0,156.3073537168447,0.12684847160925466,0.5338350843802153,0.4091523260910676,0.5287982838259403,
2022-11-28,2022-11-29,5999.8546,6059.0163,5970.0861,6055.2843,11794010700.0,125697913892.5,6087.8591,Development,0.011932755837116504,119.32755837116504,0.39620983853077696,0.6832148298881413,-0.28700499135736435,0,0,0,0,-119.32755837116504,0.15006598967637455,0.6209561897812176,0.3942660630904296,0.5286320938885887,
2022-11-29,2022-11-30,6071.4494,6173.849,6071.2244,6163.8214,15532447100.0,159512108828.4,6055.2843,Development,0.014053069436763987,140.53069436763988,0.5097482332699439,0.6832148298881413,-0.1734665966181974,0,0,0,0,-140.53069436763988,0.44912491792683623,0.65216118452466,0.3884587657039682,0.5561231315815108,
2022-11-30,2022-12-01,6156.7719,6175.6824,6118.902,6156.1465,15464797200.0,153125576728.1,6163.8214,Development,0.008855159958094383,88.55159958094383,0.4884575710951966,0.6832148298881413,-0.1947572587929447,0,0,0,0,-88.55159958094383,0.42292990522213925,0.5998275804591645,0.42971776709940024,0.5135735751827194,
2022-12-01,2022-12-02,6211.2911,6229.834,6186.1021,6186.1021,15252332500.0,171479199866.6,6156.1465,Development,-0.005372152015222786,-53.72152015222787,0.4827232060784044,0.6832148298881413,-0.2004916238097369,0,0,0,0,53.72152015222787,0.41671828941961303,0.594393919875907,0.42158451669840563,0.511625602730205,
2022-12-02,2022-12-05,6177.9231,6206.9855,6154.2094,6168.0127,11550097500.0,133339764575.1,6186.1021,Development,0.0038940594776908366,38.94059477690837,0.30547227645325337,0.6832148298881413,-0.37774255343488794,0,0,0,0,-38.94059477690837,0.04505561229973588,0.40446566435342707,0.43405548507715536,0.5088173470963088,
2022-12-05,2022-12-06,6201.9803,6227.2141,6182.9759,6215.1244,17047721100.0,177698737275.3,6168.0127,Development,8.769779549289147e-05,0.8769779549289147,0.41278450505732717,0.6832148298881413,-0.27043032483081414,0,0,0,0,-0.8769779549289147,0.278139618967743,0.5257785955345591,0.4086633600477819,0.5068318040506622,
2022-12-06,2022-12-07,6202.5242,6244.6382,6185.494,6211.2515,14937281500.0,164215807003.7,6215.1244,Development,-0.0007208355591743487,-7.208355591743487,0.3508506721660844,0.6832148298881413,-0.3323641577220569,0,0,0,0,7.208355591743487,0.27089456661117944,0.3013022622762486,0.42279930158873996,0.5085377483213184,
2022-12-07,2022-12-08,6198.0532,6243.9022,6183.3338,6204.0051,13782124600.0,155238837726.6,6211.2515,Development,0.00017921756463779026,1.7921756463779026,0.35872923885729735,0.6832148298881413,-0.32448559103084396,0,0,0,0,-1.7921756463779026,0.28274867223357314,0.3151063715333374,0.42357607963297417,0.5073635546830854,
2022-12-08,2022-12-09,6199.164,6206.1408,6168.7805,6186.2835,13105132500.0,149348401389.7,6204.0051,Development,-0.002156758556476346,-21.56758556476346,0.3254941874151275,0.6832148298881413,-0.35772064247301383,0,0,0,0,21.56758556476346,0.2947451426942268,0.18631105842606144,0.42403889637180797,0.4989074083624711,
2022-12-09,2022-12-12,6185.7939,6213.5165,6159.5043,6192.3009,16780682500.0,180239306547.1,6186.2835,Development,-0.0007355240206111668,-7.355240206111668,0.3190938034674656,0.6832148298881413,-0.36412102642067573,0,0,0,0,7.355240206111668,0.27457643568591966,0.21646562481591064,0.39002022592243824,0.49576869176788446,
2022-12-12,2022-12-13,6181.2441,6182.0784,6146.2547,6154.8092,13409831000.0,162420257195.9,6192.3009,Development,-0.0044498647125098545,-44.49864712509854,0.3139540093967623,0.6832148298881413,-0.369260820491379,0,0,0,0,44.49864712509854,0.28907313061558965,0.20654531699858808,0.358406345563502,0.4936691262742922,
2022-12-13,2022-12-14,6153.7384,6154.2972,6113.4142,6121.6615,10485751500.0,131515610802.4,6154.8092,Development,-0.005087411580576795,-50.87411580576795,0.2732678583585947,0.6832148298881413,-0.4099469715295466,0,0,0,0,50.87411580576795,0.2393613951175047,0.12111909597195142,0.3594078706022676,0.4931369100874864,
2022-12-14,2022-12-15,6122.4318,6139.7384,6084.0799,6096.3856,9508991600.0,125346101098.7,6121.6615,Development,-0.00527796814331194,-52.77968143311939,0.30065224693290604,0.6832148298881413,-0.38256258295523526,0,0,0,0,52.77968143311939,0.2605088953529006,0.1946090668820708,0.3603995817863845,0.48937984870584644,
2022-12-15,2022-12-16,6090.1178,6108.9595,6078.0039,6101.8787,8819045400.0,113088367630.4,6096.3856,Development,-0.002982109804181454,-29.821098041814544,0.3240898027099044,0.6832148298881413,-0.3591250271782369,0,0,0,0,29.821098041814544,0.2740712209992879,0.2739656757299737,0.36138163509191784,0.46682024153457435,
2022-12-16,2022-12-19,6071.9564,6087.4579,6036.0507,6072.8627,9391067200.0,113412125964.0,6101.8787,Development,-0.002151250624922052,-21.51250624922052,0.3409906458518941,0.6832148298881413,-0.3422241840362472,0,0,0,0,21.51250624922052,0.29296754008440373,0.3599463379461971,0.3623541828513282,0.38049242106855885,
2022-12-19,2022-12-20,6058.8941,6081.4436,5911.8803,5936.4751,10510620100.0,121083184766.5,6072.8627,Development,-0.023084641799565375,-230.84641799565375,0.33520794940386817,0.6832148298881413,-0.34800688048427314,0,1,0,0,230.84641799565375,0.3125759914644263,0.3337632784708435,0.36331737386385127,0.34717857552549813,
2022-12-20,2022-12-21,5919.0267,5920.9868,5857.8575,5878.0314,7862327300.0,96369670928.2,5936.4751,Development,-0.006716391395902965,-67.16391395902966,0.2959432345173784,0.6832148298881413,-0.3872715953707629,0,0,0,0,67.16391395902966,0.15313156813484252,0.376809767116269,0.35592154881419186,0.3754314113740899,
2022-12-21,2022-12-22,5879.2722,5892.907,5819.6676,5845.835,6978343100.0,85257777709.1,5878.0314,Development,-0.0019642227145053592,-19.642227145053592,0.39857716667645665,0.6832148298881413,-0.28463766321168466,0,0,0,0,19.642227145053592,0.17785526751439848,0.7504363336907778,0.3082282639661657,0.37608740134741847,
2022-12-22,2022-12-23,5867.724,5875.4736,5761.9836,5779.0555,8223187300.0,97446795232.4,5845.835,Development,-0.0197308360106917,-197.30836010691698,0.413585387500542,0.6832148298881413,-0.2696294423875993,0,1,0,0,197.30836010691698,0.2009070055812673,0.7923047804773224,0.2862270894613555,0.3778856711735164,
2022-12-23,2022-12-26,5751.9489,5805.5101,5732.4711,5763.3458,6655686500.0,81911192697.9,5779.0555,Development,0.0029763303356187265,29.763303356187265,0.5690642147047613,0.6832148298881413,-0.11415061518337999,0,0,0,0,-29.763303356187265,0.6573870317488292,0.7841071378920075,0.27984848517963035,0.40272474100549105,
2022-12-26,2022-12-27,5769.0686,5850.9115,5769.0686,5843.2555,7542413300.0,93646097254.9,5763.3458,Development,0.015372620114102897,153.72620114102898,0.5929519520369604,0.6832148298881413,-0.09026287785118092,0,0,0,0,-153.72620114102898,0.6640122219282794,0.8714493754813097,0.2733451460735485,0.39403774568998773,
2022-12-27,2022-12-28,5857.7543,5891.3544,5832.2697,5885.6622,8178042300.0,101272091294.0,5843.2555,Development,0.001997574394678958,19.97574394678958,0.5780648638073628,0.6832148298881413,-0.10514996608077853,0,0,0,0,-19.97574394678958,0.6678968073156429,0.826315590366856,0.2498496199634494,0.40402917265853516,
2022-12-28,2022-12-29,5869.4556,5889.318,5848.2421,5862.0967,9009889800.0,102679233203.2,5885.6622,Development,-0.004346655250275666,-43.46655250275666,0.5586972723488658,0.6832148298881413,-0.12451755753927551,0,0,0,0,43.46655250275666,0.6371048037246737,0.7634567175410044,0.2976973561220135,0.3926271239009532,
2022-12-29,2022-12-30,5843.9431,5895.9811,5835.3337,5857.4021,7951079400.0,94429698666.4,5862.0967,Development,0.005362064527972388,53.620645279723874,0.5231603183246722,0.6832148298881413,-0.16005451156346906,0,0,0,0,-53.620645279723874,0.6158889654956854,0.6967017753376894,0.28584627555500836,0.3487212021217773,
2022-12-30,2023-01-03,5875.2787,5885.8903,5848.9547,5864.4669,7534503200.0,86117939625.6,5857.4021,Development,-0.002336621069567224,-23.36621069567224,0.5149118515975875,0.6832148298881413,-0.16830297829055385,0,0,0,0,23.36621069567224,0.6310533510203334,0.6736765498049908,0.2753933554022979,0.3196108757298194,
2023-01-03,2023-01-04,5861.5504,5964.8185,5848.1461,5955.8969,9955783700.0,119271237764.2,5864.4669,Validation,0.01551736209587129,155.1736209587129,0.5119785879519168,0.6832148298881413,-0.17123624193622455,0,0,0,0,-155.1736209587129,0.6504544170764115,0.6288607092630896,0.28987745709346496,0.3185627936981838,
2023-01-04,2023-01-05,5952.5062,5970.5758,5922.8646,5952.4538,9716044100.0,114358731440.4,5955.8969,Validation,0.0011644842973872471,11.644842973872471,0.5151908291228643,0.6832148298881413,-0.16802400076527702,0,0,0,0,-11.644842973872471,0.6715444954634034,0.6236899060844118,0.29172086346087217,0.30033710625174986,
2023-01-05,2023-01-06,5959.4378,6017.3406,5950.0896,6010.4641,9662997900.0,117479981150.9,5952.4538,Validation,0.007506630910721235,75.06630910721235,0.43855214313858776,0.6832148298881413,-0.24466268674955355,0,0,0,0,-75.06630910721235,0.6674744013406837,0.31290415446169545,0.34391403899492323,0.302103717841234,
2023-01-06,2023-01-09,6004.1731,6050.8874,5998.8349,6012.8152,9924487700.0,121596399779.3,6010.4641,Validation,0.004034843698960122,40.348436989601225,0.401182644365524,0.6832148298881413,-0.28203218552261733,0,0,0,0,-40.348436989601225,0.6448536726845838,0.25579451287149835,0.30809611880924614,0.26580491194194833,
2023-01-09,2023-01-10,6028.399,6070.1614,6023.6388,6040.0193,10069682900.0,124921325580.9,6012.8152,Validation,0.0026942476767046752,26.942476767046752,0.39955491433540125,0.6832148298881413,-0.28365991555274006,0,0,0,0,-26.942476767046752,0.6281054644488201,0.25648888685405374,0.3289105211625267,0.26138658404944665,
2023-01-10,2023-01-11,6044.641,6053.5849,6017.1524,6048.2968,9639335100.0,113967056402.2,6040.0193,Validation,0.0007276362649164536,7.276362649164536,0.36520361273744123,0.6832148298881413,-0.3180112171507001,0,0,0,0,-7.276362649164536,0.6108502925859981,0.14496670256953273,0.34386470413499637,0.25796001018145936,
2023-01-11,2023-01-12,6049.0393,6070.4478,6004.2194,6014.1565,9440638900.0,112879598037.5,6048.2968,Validation,-0.004377273594502906,-43.77273594502906,0.375445549014178,0.6832148298881413,-0.3077692808739633,0,0,0,0,43.77273594502906,0.6164125511333891,0.18288884997000726,0.33908379337356737,0.25036230684399263,
2023-01-12,2023-01-13,6022.561,6048.1893,5995.9111,6015.2871,9290012400.0,104902996993.9,6014.1565,Validation,0.001389608174994006,13.896081749940059,0.3931255965034461,0.6832148298881413,-0.2900892333846952,0,0,0,0,-13.896081749940059,0.6374498065915339,0.21359226309929227,0.34278060455237785,0.2573443474562471,
2023-01-13,2023-01-16,6030.93,6058.2249,6015.218,6057.6902,9002502000.0,102449872563.5,6015.2871,Validation,0.006297784918743776,62.97784918743776,0.3972097706992608,0.6832148298881413,-0.28600505918888053,0,0,0,0,-62.97784918743776,0.6350374928490174,0.26992369299294433,0.2928729519812564,0.2580396228543376,
2023-01-16,2023-01-17,6068.9115,6168.7448,6068.14,6126.1772,12961973000.0,146526749755.3,6057.6902,Validation,0.010022060792944432,100.22060792944431,0.36361193985024115,0.6832148298881413,-0.31960289003790016,0,0,0,0,-100.22060792944431,0.5438805303363938,0.25451009681463815,0.2990834396076737,0.2601960982130021,
2023-01-17,2023-01-18,6129.7345,6138.1742,6107.7606,6132.6391,9592169900.0,109180206701.1,6126.1772,Validation,0.0016243281009968857,16.243281009968857,0.36505397068906886,0.6832148298881413,-0.31816085919907244,0,0,0,0,-16.243281009968857,0.5153244129533409,0.2739280028425416,0.32137815162196276,0.2652539758261846,
2023-01-18,2023-01-19,6139.6912,6168.3735,6136.9704,6151.4557,9455583600.0,103052545401.6,6132.6391,Validation,0.0009658303336168572,9.658303336168572,0.373795029376486,0.6832148298881413,-0.3094198005116553,0,0,0,0,-9.658303336168572,0.5260683368512182,0.27254569116743216,0.3572709811092222,0.2501211592260119,
2023-01-19,2023-01-20,6145.6211,6204.3261,6130.424,6204.3261,9977779300.0,114472416014.4,6151.4557,Validation,0.011130526742040736,111.30526742040736,0.38306994118476195,0.6832148298881413,-0.30014488870337935,0,0,0,0,-111.30526742040736,0.5385179552585007,0.28962341442977235,0.35687383329322264,0.25229398145016513,
2023-01-20,2023-01-30,6214.0251,6253.269,6214.0251,6251.4337,11390454200.0,128362190660.4,6204.3261,Validation,0.018965291916828608,189.65291916828608,0.3924103564417423,0.6832148298881413,-0.290804473446399,0,0,0,0,-189.65291916828608,0.5730406702669417,0.30466341375953376,0.33241811491417955,0.24461742135745734,
2023-01-30,2023-01-31,6331.8759,6342.4494,6279.4508,6283.3272,14651792000.0,173697713880.0,6251.4337,Validation,-0.010357167612839557,-103.57167612839558,0.37501232763878206,0.6832148298881413,-0.30820250224935924,0,0,0,0,103.57167612839558,0.5099031525331026,0.3180465938898243,0.33230735416050095,0.24677869733166374,
2023-01-31,2023-02-01,6266.2956,6303.9117,6259.5275,6289.15,13530209300.0,146630404005.4,6283.3272,Validation,0.005458424272228646,54.58424272228646,0.24649587235166465,0.6832148298881413,-0.43671895753647666,0,0,0,0,-54.58424272228646,0.08149418359632817,0.3300589797147536,0.38434877056813693,0.26134128802369927,
2023-02-01,2023-02-02,6300.4997,6368.7906,6293.4917,6365.9051,15244222000.0,166449081743.9,6289.15,Validation,0.013141544947617323,131.41544947617322,0.29597556188187557,0.6832148298881413,-0.38723926800626574,0,0,0,0,-131.41544947617322,0.12974053716525497,0.45498961865057364,0.3851133740237853,0.24838589836434657,
2023-02-02,2023-02-03,6383.298,6402.2639,6347.7289,6370.1411,14929281100.0,166213113911.5,6365.9051,Validation,-0.004478014343055836,-44.78014343055836,0.29709659813259526,0.6832148298881413,-0.38611823175554605,0,0,0,0,44.78014343055836,0.14919942168198722,0.4572414125549506,0.37131658678215157,0.2290721884578754,
2023-02-03,2023-02-06,6354.7135,6354.7135,6267.4377,6343.6861,12150718200.0,138714379584.2,6370.1411,Validation,-0.006312479705025242,-63.124797050252425,0.30612704989698625,0.6832148298881413,-0.37708777999115506,0,0,0,0,63.124797050252425,0.18993422340543464,0.4038364867061534,0.42184082990602323,0.22293884426306515,
2023-02-06,2023-02-07,6314.5995,6330.7929,6274.5427,6302.3349,10848530800.0,127652063425.2,6343.6861,Validation,-0.0008517721511871468,-8.517721511871468,0.318854092883563,0.6832148298881413,-0.36436073700457833,0,0,0,0,8.517721511871468,0.20675981516991618,0.46865124589211654,0.38208647488723746,0.20796489000504126,
2023-02-07,2023-02-08,6309.2209,6318.8407,6273.5954,6317.2377,10966268300.0,125078065034.8,6302.3349,Validation,0.00163181796345091,16.3181796345091,0.34584713542926215,0.6832148298881413,-0.33736769445887915,0,0,0,0,-16.3181796345091,0.2231211904378231,0.5602864421702668,0.382870925800417,0.18046326997897405,
2023-02-08,2023-02-09,6319.5164,6323.8492,6263.7627,6268.2759,10599489500.0,116986269907.4,6317.2377,Validation,-0.010001398208255408,-100.01398208255408,0.3547183330077026,0.6832148298881413,-0.3284964968804387,0,0,0,0,100.01398208255408,0.23817254381704958,0.5697046814976706,0.38364872701485253,0.18637273342056535,
2023-02-09,2023-02-10,6256.3124,6354.8028,6250.4545,6354.562,10903111900.0,129044254163.8,6268.2759,Validation,0.014814957130337758,148.14957130337757,0.3629889630179643,0.6832148298881413,-0.320225866870177,0,0,0,0,-148.14957130337757,0.2564685312146398,0.566107117061799,0.3896915963753569,0.19717199015690362,
2023-02-10,2023-02-13,6348.9994,6368.4882,6296.5476,6334.252,12010082900.0,134994907399.5,6354.562,Validation,-0.0024854310113811007,-24.854310113811007,0.41459363289602935,0.6832148298881413,-0.26862119699211195,0,0,0,0,24.854310113811007,0.2808942151491085,0.7065859668273052,0.3904121046582083,0.2209679125555073,
2023-02-13,2023-02-14,6333.2194,6386.7243,6331.3687,6383.8279,13156622700.0,151374560994.8,6334.252,Validation,0.009694942827971564,96.94942827971565,0.43788926145842516,0.6832148298881413,-0.24532556842971615,0,0,0,0,-96.94942827971565,0.32200073981624505,0.6919523769113535,0.44964681291368286,0.22337528465445378,
2023-02-14,2023-02-15,6394.6196,6408.5508,6369.5727,6397.2146,12467438900.0,143967118961.2,6383.8279,Validation,0.000665231126492527,6.65231126492527,0.4340238444293229,0.6832148298881413,-0.2491909854588184,0,0,0,0,-6.65231126492527,0.3406803095892657,0.7112406637005714,0.43436505573310846,0.14678025669705438,
2023-02-15,2023-02-16,6398.8735,6407.753,6365.3107,6384.3479,11590702200.0,143472324421.4,6397.2146,Validation,-0.0022908719792631427,-22.908719792631427,0.39689722306236835,0.6832148298881413,-0.28631760682577295,0,0,0,0,22.908719792631427,0.3462534109074834,0.5365516137774242,0.47420242267979607,0.1538254906661876,
2023-02-16,2023-02-17,6384.2145,6429.0531,6244.4787,6289.4786,16838841600.0,190791364474.4,6384.3479,Validation,-0.01555273557929493,-155.5273557929493,0.4020929411855232,0.6832148298881413,-0.2811218887026181,0,0,0,0,155.5273557929493,0.3659029697383641,0.534730999180007,0.4770898890973399,0.1437592256416413,
2023-02-17,2023-02-20,6284.9225,6308.568,6237.4053,6237.4053,11721098500.0,143422448167.7,6289.4786,Validation,-0.0058341212640250495,-58.3412126402505,0.4012154606200655,0.6832148298881413,-0.2819993692680758,0,0,0,0,58.3412126402505,0.36016099735997265,0.5754754978138942,0.41638135120314956,0.16264803040682174,
2023-02-20,2023-02-21,6248.2555,6349.4074,6227.3489,6346.0678,14033407500.0,157289265128.8,6237.4053,Validation,0.01626879694660377,162.68796946603769,0.4596522644813844,0.6832148298881413,-0.2235625654067569,0,0,0,0,-162.68796946603769,0.3854957240831489,0.7496683690915781,0.4168971768575538,0.16849497524256266,
2023-02-21,2023-02-22,6349.9071,6396.742,6337.5976,6383.4248,14182471400.0,153705795821.1,6346.0678,Validation,0.00033392614515559416,3.3392614515559416,0.5993308930302962,0.6832148298881413,-0.08388393685784512,0,0,0,0,-3.3392614515559416,0.8100220011511875,0.723187706723099,0.41740940821918926,0.18500490592626934,
2023-02-22,2023-02-23,6352.0275,6397.1452,6344.9861,6375.0684,10908302900.0,128341320025.0,6383.4248,Validation,0.0039774701857004935,39.774701857004935,0.5891767898923974,0.6832148298881413,-0.0940380399957439,0,0,0,0,-39.774701857004935,0.7620305500631784,0.6939739520954591,0.485646391432812,0.18082181355605975,
2023-02-23,2023-02-24,6377.2925,6396.6563,6328.644,6360.3202,11606465400.0,135992246881.1,6375.0684,Validation,-0.0015149689307806247,-15.149689307806247,0.6241959656969588,0.6832148298881413,-0.05901886419118252,0,0,0,0,15.149689307806247,0.8720635999558,0.6806956703250255,0.48714100505743835,0.18705333067714464,
2023-02-24,2023-02-27,6367.6311,6372.4918,6308.2213,6340.8435,9695728100.0,119877925583.4,6360.3202,Validation,-0.007693881638337952,-76.93881638337952,0.5537805829172222,0.6832148298881413,-0.1294342469709191,0,0,0,0,76.93881638337952,0.8379882550793617,0.4759073518737995,0.4755792640337312,0.1936442473634654,
2023-02-27,2023-02-28,6318.6393,6349.091,6288.2994,6307.2057,10108273800.0,124887490151.6,6340.8435,Validation,0.000823341822977719,8.23341822977719,0.5400202170949046,0.6832148298881413,-0.14319461279323675,0,0,0,0,-8.23341822977719,0.818611256420748,0.5095412170605959,0.39502442611235133,0.20072172118853837,
2023-02-28,2023-03-01,6323.8417,6357.5352,6293.1792,6357.5352,9660316300.0,119094834715.1,6307.2057,Validation,0.005164866792918055,51.64866792918055,0.5536498426351959,0.6832148298881413,-0.1295649872529454,0,0,0,0,-51.64866792918055,0.7973795645063882,0.6223188988388921,0.3426268648155193,0.2057099298044988,
2023-03-01,2023-03-02,6356.5035,6410.5217,6340.0045,6402.1411,12390763900.0,144327640100.9,6357.5352,Validation,0.006568516795436352,65.68516795436352,0.5262409713537843,0.6832148298881413,-0.15697385853435697,0,0,0,0,-65.68516795436352,0.768427186076456,0.6153290565459874,0.29289316839191215,0.17654434505432587,
2023-03-02,2023-03-03,6398.2563,6410.2306,6375.0068,6382.2322,12534929700.0,147597102774.1,6402.1411,Validation,-0.0022182137342637853,-22.18213734263785,0.5125820739008502,0.6832148298881413,-0.1706327559872911,0,0,0,0,22.18213734263785,0.7503912856448217,0.6088335104049502,0.2670416841132897,0.1764155210206308,
2023-03-03,2023-03-06,6384.0636,6398.4707,6346.9593,6390.3177,12323477500.0,140273359354.4,6382.2322,Validation,0.0021990225786596707,21.990225786596707,0.49123818186216484,0.6832148298881413,-0.19197664802597647,0,0,0,0,-21.990225786596707,0.7195441441526587,0.5469658023132516,0.2917990323588631,0.1827935067725028,
2023-03-06,2023-03-07,6398.1023,6405.8199,6362.4723,6395.2191,12684563400.0,155123686031.2,6390.3177,Validation,-0.0012959155091970542,-12.959155091970542,0.4013570252997353,0.6832148298881413,-0.281857804588406,0,0,0,0,12.959155091970542,0.7097562340092657,0.23957332238277584,0.29361978405464106,0.17726889360866716,
2023-03-07,2023-03-08,6389.8109,6396.5414,6284.2198,6284.2986,13792886900.0,149308292189.0,6395.2191,Validation,-0.01962177002765464,-196.2177002765464,0.3823151511001319,0.6832148298881413,-0.3008996787880094,0,1,0,0,196.2177002765464,0.6988565019158286,0.18102226542247138,0.2938241668439651,0.18360243390491146,
2023-03-08,2023-03-09,6264.4315,6303.7106,6258.3174,6301.5157,9869835700.0,114463801002.9,6284.2986,Validation,0.0074405634413914346,74.40563441391434,0.3940858201463149,0.6832148298881413,-0.2891290097418264,0,0,0,0,-74.40563441391434,0.686118044803537,0.22898415421093782,0.29006817429738374,0.20546952117890765,
2023-03-09,2023-03-10,6311.0424,6311.3353,6258.4498,6285.9521,9268891400.0,111866575503.5,6301.5157,Validation,-0.009425130783466074,-94.25130783466074,0.5291601639032872,0.6832148298881413,-0.15405466598485407,0,0,0,0,94.25130783466074,0.7192624530814066,0.6641940837422441,0.29191476923538273,0.21509585734997785,
2023-03-10,2023-03-13,6251.56,6261.3301,6202.6117,6204.8989,10805229000.0,129144574718.6,6285.9521,Validation,-0.009850965199086348,-98.50965199086347,0.5323117139477989,0.6832148298881413,-0.15090311594034245,0,0,0,0,98.50965199086347,0.7181553565241116,0.6538016420364485,0.31642557378148967,0.22163004204667228,
2023-03-13,2023-03-14,6189.9761,6245.0029,6178.672,6245.0029,10800655200.0,132474098352.3,6204.8989,Validation,0.007714811693699364,77.14811693699363,0.5437875806298262,0.6832148298881413,-0.13942724925831507,0,0,0,0,-77.14811693699363,0.6839068772517183,0.7826042626609473,0.25415405415046705,0.22635098066296186,
2023-03-14,2023-03-15,6237.7306,6243.4184,6127.6878,6189.3969,12120014500.0,149977754662.0,6245.0029,Validation,-0.004296851165710769,-42.96851165710769,0.555721489278547,0.6832148298881413,-0.12749334060959427,0,0,0,0,42.96851165710769,0.707980530190919,0.7866676273696729,0.25659296441362967,0.23931700736954736,
2023-03-15,2023-03-16,6210.928,6254.4857,6210.928,6224.64,11294852800.0,129455795140.3,6189.3969,Validation,-0.0031609608097211694,-31.609608097211694,0.5529512747238887,0.6832148298881413,-0.1302635551642526,0,0,0,0,31.609608097211694,0.6992202747002174,0.7610820228902115,0.285073486628091,0.24623279911484716,
2023-03-16,2023-03-17,6191.2955,6209.9732,6133.8328,6140.8317,12763268500.0,143759016862.1,6224.64,Validation,-0.0027625236107694517,-27.62523610769452,0.48325556580368034,0.6832148298881413,-0.19995926408446096,0,0,0,0,27.62523610769452,0.4901248377323466,0.7950473617213824,0.24683412971143365,0.2481021947261253,
2023-03-17,2023-03-20,6174.1919,6233.7534,6169.8441,6183.1843,13710833400.0,157222487365.1,6140.8317,Validation,0.003426958595180718,34.26958595180718,0.46256609500225876,0.6832148298881413,-0.22064873488588255,0,0,0,0,-34.26958595180718,0.455328331913499,0.8034640208373459,0.193802551029575,0.25092484431691076,
2023-03-20,2023-03-21,6195.3506,6201.9742,6152.8083,6160.3541,14558089100.0,167826184366.7,6183.1843,Validation,-0.003787517691089204,-37.87517691089204,0.45186627315964,0.6832148298881413,-0.2313485567285013,0,0,0,0,37.87517691089204,0.4430293516572801,0.781159673309092,0.189237449000699,0.2554959143091577,
2023-03-21,2023-03-22,6171.8856,6235.0064,6171.2834,6234.6793,12302533100.0,144174739305.4,6160.3541,Validation,0.01174304008486482,117.43040084864819,0.45912747003573895,0.6832148298881413,-0.22408735985240236,0,0,0,0,-117.43040084864819,0.4878152457661193,0.7564756569239127,0.17981297160139117,0.2618640549016047,
2023-03-22,2023-03-23,6244.3623,6271.5228,6242.157,6269.7384,12826638600.0,149867921197.4,6234.6793,Validation,0.0014757471711723813,14.757471711723813,0.44956474168437344,0.6832148298881413,-0.23365008820376787,0,0,0,0,-14.757471711723813,0.4891796129708907,0.7657662638416887,0.13461094946555943,0.24509194072609167,
2023-03-23,2023-03-24,6253.5774,6305.7585,6245.9826,6305.7585,12917964800.0,164124553074.5,6269.7384,Validation,0.009411157204194831,94.1115720419483,0.3437128651827051,0.6832148298881413,-0.3395019647054362,0,0,0,0,-94.1115720419483,0.453867978698478,0.4079230803617315,0.16161475507325046,0.24765027379889157,
2023-03-24,2023-03-27,6312.4308,6315.6795,6279.5407,6310.0979,14102098900.0,179449338405.6,6305.7585,Validation,-0.0012596732149523504,-12.596732149523504,0.3675286376712307,0.6832148298881413,-0.31568619221691063,0,0,0,0,12.596732149523504,0.5110796903011945,0.4128626758636558,0.16918139223009335,0.25587554647737704,
2023-03-27,2023-03-28,6304.4792,6320.6622,6265.0053,6311.5998,14466486300.0,184209306469.8,6310.0979,Validation,0.0016024955717197642,16.024955717197642,0.3267150447194285,0.6832148298881413,-0.3564997851687128,0,0,0,0,-16.024955717197642,0.5139772611364495,0.25737142370483007,0.19596931070067555,0.22990955588459186,
2023-03-28,2023-03-29,6314.5821,6331.5584,6272.7168,6279.9217,13915610400.0,174935282609.8,6311.5998,Validation,-0.00453366502274144,-45.336650227414395,0.29479403493410644,0.6832148298881413,-0.38842079495403486,0,0,0,0,45.336650227414395,0.5137249556497819,0.17962010009633894,0.14872079976123254,0.23197091274209056,
2023-03-29,2023-03-30,6285.9539,6294.2951,6239.9373,6260.551,13154828400.0,166565424024.2,6279.9217,Validation,-0.004504344201442634,-45.04344201442634,0.31050182779058294,0.6832148298881413,-0.37271300209755837,0,0,0,0,45.04344201442634,0.529384638201936,0.21095434958684953,0.15683793827721262,0.23087179060387533,
2023-03-30,2023-03-31,6257.6398,6287.4396,6213.9745,6286.1773,12321859900.0,155158644767.8,6260.551,Validation,0.0043486683269944315,43.486683269944315,0.2971002198905727,0.6832148298881413,-0.3861146099975686,0,0,0,0,-43.486683269944315,0.460362950058348,0.2394716420704447,0.16149163364786748,0.23747873555299373,
2023-03-31,2023-04-03,6284.8522,6343.2299,6282.1402,6339.8183,12948983500.0,164138969077.5,6286.1773,Validation,0.009839579043720459,98.3957904372046,0.29695072787906085,0.6832148298881413,-0.38626410200908046,0,0,0,0,-98.3957904372046,0.4458218514479804,0.27752472719428184,0.130903599730902,0.2429098926971887,
2023-04-03,2023-04-04,6346.6925,6419.8686,6346.6925,6413.8073,16392104800.0,215330527397.2,6339.8183,Validation,0.010733968913729353,107.33968913729353,0.3166860896034329,0.6832148298881413,-0.3665287402847084,0,0,0,0,-107.33968913729353,0.5070854515715711,0.2590525475181298,0.1440283799400653,0.25035049485754984,
2023-04-04,2023-04-06,6414.8177,6423.3058,6377.5322,6408.8994,15749175500.0,218740913531.4,6413.8073,Validation,-0.004300792522911379,-43.00792522911379,0.30467122929459084,0.6832148298881413,-0.37854360059355047,0,0,0,0,43.00792522911379,0.44371465631362045,0.27789609616387867,0.15844262094979897,0.2571247663319881,
2023-04-06,2023-04-07,6387.2289,6428.7215,6382.0333,6416.8456,14406444800.0,207002794759.6,6408.8994,Validation,0.004858319701052327,48.58319701052327,0.3027412118805529,0.6832148298881413,-0.3804736180075884,0,0,0,0,-48.58319701052327,0.45271547281811875,0.24757407339022836,0.18568491609304477,0.24154080645411707,
2023-04-07,2023-04-10,6418.2601,6470.0888,6416.6812,6464.4664,12796462500.0,177737436540.0,6416.8456,Validation,0.008831271889401915,88.31271889401916,0.3570908541159278,0.6832148298881413,-0.3261239757722135,0,0,0,0,-88.31271889401916,0.5492232272387544,0.3253845974594173,0.1787113853957222,0.24956727986909724,
2023-04-10,2023-04-11,6474.9415,6476.2165,6395.3745,6410.5218,14513418700.0,203397862936.4,6464.4664,Validation,-0.010704899804886203,-107.04899804886203,0.37971782279805166,0.6832148298881413,-0.30349700709008964,0,0,0,0,107.04899804886203,0.5952792521452657,0.3367118762497955,0.1935647025974756,0.2528707321704622,
2023-04-11,2023-04-12,6405.6279,6421.4857,6381.0566,6420.877,14239910900.0,188800337843.3,6410.5218,Validation,0.0015729761636638084,15.729761636638084,0.4004214379378269,0.6832148298881413,-0.2827933919503144,0,0,0,0,-15.729761636638084,0.6274643291797737,0.34699297210137564,0.2134064455922793,0.26860072373760724,
2023-04-12,2023-04-13,6415.7038,6450.3488,6407.1996,6443.4391,14944795600.0,188164796583.5,6420.877,Validation,0.0035007850580632827,35.00785058063283,0.44042726795945114,0.6832148298881413,-0.24278756192869017,0,0,0,0,-35.00785058063283,0.5877781038835745,0.5334685043217632,0.2166560284828393,0.27217003226698394,
2023-04-13,2023-04-14,6438.1638,6451.7864,6396.0167,6404.6463,15619957300.0,196031015021.2,6443.4391,Validation,-0.002772840293376766,-27.72840293376766,0.46031290124422,0.6832148298881413,-0.22290192864392133,0,0,0,0,27.72840293376766,0.6408530853100551,0.5318025477125798,0.22376168077048716,0.27681605693607303,
2023-04-14,2023-04-17,6420.3118,6444.886,6390.9182,6431.0688,14530066800.0,190743030851.0,6404.6463,Validation,0.00039797132594077134,3.9797132594077134,0.43828455898026336,0.6832148298881413,-0.24493027090787794,0,0,0,0,-3.9797132594077134,0.667576233662439,0.4336031155651326,0.20620406879287634,0.27834295026477607,
2023-04-17,2023-04-18,6422.8669,6459.2396,6421.3936,6459.2396,16882307900.0,196752268308.1,6431.0688,Validation,0.004030847969152207,40.308479691522066,0.3925835873909777,0.6832148298881413,-0.2906312424971636,0,0,0,0,-40.308479691522066,0.5779935471641451,0.3997677934200602,0.17837891183120091,0.2805464912167956,
2023-04-18,2023-04-19,6448.7565,6462.2489,6422.053,6449.8531,14347134100.0,184598154225.6,6459.2396,Validation,-0.0006022711510351719,-6.022711510351719,0.4109851770160482,0.6832148298881413,-0.2722296528720931,0,0,0,0,6.022711510351719,0.6331976443198722,0.40523990626534395,0.16541253371713166,0.2865002923451648,
2023-04-19,2023-04-20,6444.8726,6456.1491,6404.9942,6416.9696,14869977400.0,192403574162.7,6449.8531,Validation,-0.0055959058058028255,-55.959058058028255,0.4126425117116398,0.6832148298881413,-0.2705723181765015,0,0,0,0,55.959058058028255,0.6262350316778325,0.4103643691994522,0.1778831080606128,0.2855393361999707,
2023-04-20,2023-04-21,6408.8077,6413.0794,6376.3489,6411.7564,15050129400.0,196199845238.5,6416.9696,Validation,0.00042223142379516077,4.222314237951608,0.4076410058904534,0.6832148298881413,-0.27557382399768793,0,0,0,0,-4.222314237951608,0.5957645183391347,0.42996403670501937,0.17409913875188526,0.2899333053270463,
2023-04-21,2023-04-24,6411.5137,6411.5137,6250.5446,6250.5446,16231329700.0,210802112228.2,6411.7564,Validation,-0.02504091974411604,-250.40919744116042,0.4142292649385297,0.6832148298881413,-0.2689855649496116,0,1,0,0,250.40919744116042,0.5801897835536903,0.4676536416832438,0.1781131155258616,0.29273020902048197,
2023-04-24,2023-04-25,6250.9635,6260.5395,6184.7122,6208.7797,14769484500.0,191204975164.8,6250.5446,Validation,-0.0072540977082972136,-72.54097708297213,0.42110331803375084,0.6832148298881413,-0.26211151185439047,0,0,0,0,72.54097708297213,0.5716369014518404,0.46927298260575323,0.1830591794337436,0.3442332308443159,
2023-04-25,2023-04-26,6205.6184,6208.4027,6042.6423,6118.1526,16245927700.0,200847244830.6,6208.7797,Validation,-0.01780401128113196,-178.0401128113196,0.5386878894277859,0.6832148298881413,-0.1445269404603554,0,1,0,0,178.0401128113196,0.5633638888603165,0.8939831385885977,0.18665192369709416,0.3485341574819386,
2023-04-26,2023-04-27,6095.1335,6178.1675,6093.1976,6142.1541,15216635400.0,197699832955.3,6118.1526,Validation,0.00533391106199721,53.3391106199721,0.5222251175686576,0.6832148298881413,-0.16098971231948367,0,0,0,0,-53.3391106199721,0.5835281053956427,0.8189461837339849,0.1905242530334656,0.3287830913828809,
2023-04-27,2023-04-28,6127.6444,6190.2503,6121.6098,6157.936,14313611600.0,179308956550.4,6142.1541,Validation,0.003916496851547047,39.16496851547046,0.5642059291526604,0.6832148298881413,-0.11900890073548087,0,0,0,0,-39.16496851547046,0.6334419842713459,0.8995661053972105,0.19430153561293267,0.3388175447146166,
2023-04-28,2023-05-04,6151.6433,6245.55,6151.6433,6241.2441,16787648200.0,199335712325.8,6157.936,Validation,0.01163637039878429,116.36370398784291,0.5269317796592846,0.6832148298881413,-0.1562830502288567,0,0,0,0,-116.36370398784291,0.5528108563945857,0.8523687904466448,0.2095575489727472,0.3388135399128778,
2023-05-04,2023-05-05,6223.2261,6264.5158,6218.7822,6262.3891,20248797000.0,215098748101.1,6241.2441,Validation,0.005218884783890321,52.18884783890321,0.5282626573414148,0.6832148298881413,-0.15495217254672655,0,0,0,0,-52.18884783890321,0.585281631635562,0.796327661259526,0.22179090116170622,0.3593822448567561,
2023-05-05,2023-05-08,6255.7044,6256.2287,6172.6931,6200.5759,17826101700.0,192217857467.7,6262.3891,Validation,-0.008476375578104212,-84.76375578104212,0.5580987455069768,0.6832148298881413,-0.1251160843811645,0,0,0,0,84.76375578104212,0.6711870349978514,0.7692158255438413,0.2531582288451184,0.3676244506844104,
2023-05-08,2023-05-09,6202.6787,6259.6869,6200.1467,6248.5828,20271825500.0,198162493586.1,6200.5759,Validation,0.006446053702572119,64.46053702572118,0.5422470480959827,0.6832148298881413,-0.14096778179215863,0,0,0,0,-64.46053702572118,0.6294922628207739,0.7464031239421482,0.2691711891823204,0.3750571400812971,
2023-05-09,2023-05-10,6242.6615,6274.898,6177.6544,6181.9757,22438946700.0,215437054342.0,6248.5828,Validation,-0.012098509586015438,-120.98509586015437,0.5397310397845093,0.6832148298881413,-0.143483790103632,0,0,0,0,120.98509586015437,0.5818088463939619,0.7906566976387908,0.2713382020810921,0.3802359513366284,
2023-05-10,2023-05-11,6167.1346,6199.1609,6137.1536,6173.8093,17545372700.0,180485291578.1,6181.9757,Validation,0.0030052854692030895,30.052854692030895,0.525505454522537,0.6832148298881413,-0.15770937536560425,0,0,0,0,-30.052854692030895,0.5870340832049625,0.7170290062637964,0.29106574608594943,0.38194550212548667,
2023-05-11,2023-05-12,6185.6686,6190.3906,6151.0696,6154.4703,14606494600.0,152275213604.4,6173.8093,Validation,-0.007554268264549413,-75.54268264549412,0.5559000034073873,0.6832148298881413,-0.12731482648075398,0,0,0,0,75.54268264549412,0.620182052105844,0.7986823298129243,0.2928881240285351,0.35607291285939857,
2023-05-12,2023-05-15,6138.9404,6173.9124,6088.2239,6091.6464,14041066400.0,142316419328.4,6154.4703,Validation,-0.007210462574290588,-72.10462574290588,0.4822054293362483,0.6832148298881413,-0.20100940055189298,0,0,0,0,72.10462574290588,0.6287223237805175,0.5133879922776278,0.3032118259234,0.3624037481874286,
2023-05-15,2023-05-16,6094.6758,6159.3888,6036.8139,6159.3888,14984358300.0,159620224620.0,6091.6464,Validation,0.01058194104434551,105.81941044345511,0.46476584984051633,0.6832148298881413,-0.21844898004762497,0,0,0,0,-105.81941044345511,0.5745621353451991,0.5166850183912466,0.30486071012439064,0.3604597652889604,
2023-05-16,2023-05-17,6159.1693,6159.1693,6095.6879,6110.8271,12184111600.0,142447474647.0,6159.3888,Validation,-0.009935138493432749,-99.35138493432748,0.43057511280936844,0.6832148298881413,-0.25263971707877286,0,0,0,0,99.35138493432748,0.5912417952847985,0.37351703082391285,0.2979563272274685,0.3713608861987393,
2023-05-17,2023-05-18,6097.9771,6137.0165,6090.8823,6122.0518,10726634900.0,125585549046.7,6110.8271,Validation,0.005664353839570868,56.64353839570868,0.4271130588525135,0.6832148298881413,-0.2561017710356278,0,0,0,0,-56.64353839570868,0.5794525496083478,0.380776976586615,0.28619241762740066,0.3782456666462179,
2023-05-18,2023-05-19,6132.5182,6153.992,6101.2437,6128.1762,12294211100.0,144557618052.5,6122.0518,Validation,-0.002556046225839159,-25.560462258391592,0.489558625465188,0.6832148298881413,-0.19365620442295328,0,0,0,0,25.560462258391592,0.6488886453884761,0.5328200897386168,0.28255273193749203,0.359907874250282,
2023-05-19,2023-05-22,6116.8432,6149.1426,6085.0442,6117.0833,11930489600.0,147524516028.4,6128.1762,Validation,-0.0008172025727257726,-8.172025727257726,0.49260842907360813,0.6832148298881413,-0.19060640081453317,0,0,0,0,8.172025727257726,0.6490796871945181,0.5311921157050538,0.3004575310369256,0.3567930387620827,
2023-05-22,2023-05-23,6111.8445,6136.8627,6086.233,6115.3151,11271568200.0,126363418363.6,6117.0833,Validation,0.0003876080289673123,3.876080289673123,0.4978669793378762,0.6832148298881413,-0.1853478505502651,0,0,0,0,-3.876080289673123,0.6481555954999064,0.5710753595888653,0.28695315054531423,0.34039551914410354,
2023-05-23,2023-05-24,6114.2135,6117.3597,6052.4297,6052.4297,11110424400.0,120628486661.7,6115.3151,Validation,-0.01333360374151138,-133.3360374151138,0.43273695440535465,0.6832148298881413,-0.25047787548278666,0,0,0,0,133.3360374151138,0.5662899124853742,0.43639817337938536,0.2888374004001609,0.34039167203790066,
2023-05-24,2023-05-25,6032.689,6058.3946,5988.0278,6005.7913,10722341400.0,116914166402.6,6052.4297,Validation,-0.005382392495286936,-53.82392495286936,0.4036362686086318,0.6832148298881413,-0.27957856127950953,0,0,0,0,53.82392495286936,0.5006833593834764,0.43965774542547426,0.2501278335090308,0.34544771454456386,
2023-05-25,2023-05-26,6000.2187,6028.6386,5926.2038,5988.1885,10992283200.0,126769237204.5,6005.7913,Validation,-0.0028468962306325007,-28.468962306325007,0.3765555008530233,0.6832148298881413,-0.306659329035118,0,0,0,0,28.468962306325007,0.3993669829447783,0.4658323421946681,0.24966327668409408,0.3463234372924431,
2023-05-26,2023-05-29,5983.1367,6045.1292,5953.8807,6034.9834,10638158800.0,123263014837.6,5988.1885,Validation,0.01059751818807686,105.9751818807686,0.34655960431238253,0.6832148298881413,-0.3366552255757588,0,0,0,0,-105.9751818807686,0.23333478667340263,0.5737113524899602,0.23353758515137538,0.34505205883083856,
2023-05-29,2023-05-30,6046.5431,6058.9211,6012.4012,6025.1552,12513941700.0,146808330637.6,6034.9834,Validation,-0.00629797875748217,-62.9797875748217,0.3349838319486619,0.6832148298881413,-0.3482309979394794,0,0,0,0,62.9797875748217,0.2820265464635249,0.47261744705924763,0.22671070464776535,0.3555347871997855,
2023-05-30,2023-05-31,6008.4621,6061.3089,5960.3372,6061.3089,12731201700.0,151849134859.6,6025.1552,Validation,0.005917970257314442,59.179702573144425,0.3284203581059536,0.6832148298881413,-0.3547944717821877,0,0,0,0,-59.179702573144425,0.3653435440645145,0.3280966636660883,0.24898022481695908,0.3597552364861435,
2023-05-31,2023-06-01,6044.02,6063.1925,6009.2476,6047.8021,11747610600.0,144653727477.5,6061.3089,Validation,-0.0025176620858302634,-25.176620858302634,0.3971896152989141,0.6832148298881413,-0.2860252145892272,0,0,0,0,25.176620858302634,0.4450224733688485,0.4708290337687595,0.24966719143988161,0.3695191423842436,
2023-06-01,2023-06-02,6028.8032,6094.2403,6008.2705,6051.4603,12625031500.0,154907281920.7,6047.8021,Validation,0.005491604038426745,54.91604038426745,0.34504891348418293,0.6832148298881413,-0.3381659164039584,0,0,0,0,-54.91604038426745,0.4447938453192892,0.26978356645055057,0.2674771733571663,0.37146643331808643,
2023-06-02,2023-06-05,6061.911,6115.0679,6061.911,6105.2181,12230673800.0,142073539923.0,6051.4603,Validation,0.0066346239659407225,66.34623965940722,0.32611070626602634,0.6832148298881413,-0.35710412362211497,0,0,0,0,-66.34623965940722,0.3349450719943722,0.3333200310391891,0.2660040766336137,0.37736797648482373,
2023-06-05,2023-06-06,6102.1295,6107.1211,6075.5921,6097.1059,11574795300.0,131118706647.8,6105.2181,Validation,-0.0022069344808234304,-22.069344808234305,0.31602780743520625,0.6832148298881413,-0.36718702245293505,0,0,0,0,22.069344808234305,0.33540781292503824,0.29473075290545875,0.26610035813338895,0.38076538398637005,
2023-06-06,2023-06-07,6088.6625,6089.0746,5969.2945,5983.4202,12304538700.0,133636232835.4,6097.1059,Validation,-0.017467547265101357,-174.67547265101356,0.3118391738750572,0.6832148298881413,-0.3713756560130841,0,1,0,0,174.67547265101356,0.3409439862889659,0.2941021736526128,0.2594715814179476,0.3530366375133048,
2023-06-07,2023-06-08,5982.3085,6010.0304,5969.1593,5987.011,9359789200.0,113593743557.7,5983.4202,Validation,-0.0017691832509140193,-17.69183250914019,0.3235917162076872,0.6832148298881413,-0.35962311368045413,0,0,0,0,17.69183250914019,0.31674035944084283,0.3535868232211673,0.2576116383155791,0.3763820191652895,
2023-06-08,2023-06-09,5971.7247,5992.9692,5922.3872,5966.1477,10898163200.0,124387889683.3,5987.011,Validation,-0.0005064868445793236,-5.064868445793236,0.33046350698134114,0.6832148298881413,-0.35275132290680017,0,0,0,0,5.064868445793236,0.2487470328795515,0.4622587118858905,0.2574929291639433,0.3738039503636047,
2023-06-09,2023-06-12,5968.7001,6017.2812,5960.106,6009.5826,12755343200.0,158760400688.5,5966.1477,Validation,0.005179905085195946,51.799050851959464,0.29903869604601674,0.6832148298881413,-0.38417613384212457,0,0,0,0,-51.799050851959464,0.24669243958941964,0.37192597747799416,0.23227358672970203,0.37452377382025775,
2023-06-12,2023-06-13,5999.6174,6045.6593,5987.2682,6027.7122,11361247100.0,151203107291.2,6009.5826,Validation,0.002844898076334035,28.448980763340348,0.2751381749583716,0.6832148298881413,-0.4080766549297697,0,0,0,0,-28.448980763340348,0.24549212734577175,0.323418837312738,0.19299525657821648,0.36659137978771816,
2023-06-13,2023-06-14,6016.6857,6047.06,6014.0625,6044.0371,9868029800.0,134425849549.1,6027.7122,Validation,0.0049448818641133485,49.448818641133485,0.2994792379585716,0.6832148298881413,-0.3837355919295697,0,0,0,0,-49.448818641133485,0.298327733215331,0.3349983643469652,0.20767170154115105,0.36600307693222206,
2023-06-14,2023-06-15,6046.4375,6064.2896,6034.4718,6044.0766,10968902100.0,148046160093.7,6044.0371,Validation,0.0005012538374871145,5.012538374871145,0.33564612796354637,0.6832148298881413,-0.34756870192459494,0,0,0,0,-5.012538374871145,0.49998757558655843,0.21845578508725533,0.20540877127039192,0.3705800172512423,
2023-06-15,2023-06-16,6049.4683,6100.2336,6046.1621,6096.8075,11841773400.0,165700035083.1,6044.0766,Validation,0.0075007253116774475,75.00725311677448,0.3674731084154989,0.6832148298881413,-0.3157417214726424,0,0,0,0,-75.00725311677448,0.581924022823652,0.24326858764651202,0.19178581238736536,0.370692858682584,
2023-06-16,2023-06-19,6094.8437,6154.9321,6091.1847,6148.0125,11534956800.0,165690149218.5,6096.8075,Validation,0.008861769498699212,88.61769498699212,0.34341989539592366,0.6832148298881413,-0.33979493449221765,0,0,0,0,-88.61769498699212,0.5240703510580578,0.22229506464986012,0.1965498510775673,0.3734524418572393,
2023-06-19,2023-06-20,6148.8548,6148.8548,6126.3881,6131.3849,11378720900.0,164780447140.9,6148.0125,Validation,-0.0042463191682456936,-42.46319168245694,0.3526443064739946,0.6832148298881413,-0.3305705234141467,0,0,0,0,42.46319168245694,0.5188039607643529,0.24649433129590578,0.21608240296356246,0.37309011499548256,
2023-06-20,2023-06-21,6122.7448,6144.0071,6100.1435,6126.1133,10663083200.0,161419763306.8,6131.3849,Validation,-0.0030211940239613932,-30.21194023961393,0.3398723681755768,0.6832148298881413,-0.3433424617125645,0,0,0,0,30.21194023961393,0.4503973453206075,0.267112608710206,0.23944550997675362,0.3704233008301676,
2023-06-21,2023-06-26,6104.2468,6104.2468,5990.7866,5990.8455,10644776600.0,154200972220.3,6126.1133,Validation,-0.02566685213317399,-256.6685213317399,0.3374927673033967,0.6832148298881413,-0.3457220625847446,0,1,0,0,256.6685213317399,0.3948242603477406,0.3263269853388894,0.2383087453434882,0.371581493216928,
2023-06-26,2023-06-27,5947.57,5970.6114,5875.9378,5887.0324,11108179100.0,148203624502.1,5990.8455,Validation,-0.008385811348163963,-83.85811348163963,0.2501121264215756,0.6832148298881413,-0.4331027034665657,0,0,0,0,83.85811348163963,0.28386250164586685,0.1358380289356501,0.2410345974623483,0.39085385198926353,
2023-06-27,2023-06-28,5897.6948,5956.181,5884.9486,5948.0029,9303915500.0,118625135535.9,5887.0324,Validation,0.008130261335327127,81.30261335327127,0.3375583779475779,0.6832148298881413,-0.3456564519405634,0,0,0,0,-81.30261335327127,0.165138703612832,0.6151446615745308,0.2104581760467054,0.39293696717544513,
2023-06-28,2023-06-29,5945.6446,5951.1273,5857.1313,5942.3112,9394430200.0,128454934662.7,5948.0029,Validation,-0.002848404359722334,-28.48404359722334,0.3877257478550647,0.6832148298881413,-0.2954890820330766,0,0,0,0,28.48404359722334,0.19150712991699972,0.7566947415050088,0.2137682163841192,0.3981861778586005,
2023-06-29,2023-06-30,5928.709,5964.8577,5924.2783,5940.5782,8837685700.0,123484005846.8,5942.3112,Validation,0.0005334044899150125,5.3340448991501255,0.39025719055433344,0.6832148298881413,-0.29295763933380786,0,0,0,0,-5.3340448991501255,0.21844300645802192,0.73564758895809,0.21365645834861394,0.39375514133528516,
2023-06-30,2023-07-03,5931.8714,6016.4459,5927.9362,5998.7293,9450466800.0,133367471516.9,5940.5782,Validation,0.01304787221112047,130.47872211120472,0.4320557011168933,0.6832148298881413,-0.251159128771248,0,0,0,0,-130.47872211120472,0.3196277291346932,0.7616579303747684,0.21547299813305565,0.3919624569805637,
2023-07-03,2023-07-04,6009.2697,6056.1632,5997.8471,6042.3122,11307590500.0,153065229521.6,5998.7293,Validation,0.005566733009170877,55.66733009170876,0.4486162181180563,0.6832148298881413,-0.234598611770085,0,0,0,0,-55.66733009170876,0.37587244265182124,0.7399012350627954,0.21982029945150203,0.4080423494970243,
2023-07-04,2023-07-05,6042.7217,6059.5729,6027.2909,6055.2577,10558376500.0,144484638910.0,6042.3122,Validation,0.0012617493206743546,12.617493206743546,0.4312658816241265,0.6832148298881413,-0.2519489482640148,0,0,0,0,-12.617493206743546,0.3218825533594245,0.7211613361069031,0.252663966563188,0.40196604205054914,
2023-07-05,2023-07-06,6050.3461,6059.3789,6011.87,6020.8212,10412904100.0,142198505817.2,6055.2577,Validation,-0.006560104057518279,-65.6010405751828,0.437909857237707,0.6832148298881413,-0.24530497265043433,0,0,0,0,65.6010405751828,0.3483720460933678,0.7047881338399837,0.2687130608965734,0.39378631683450216,
2023-07-06,2023-07-07,6010.6552,6042.2947,5983.4842,5988.5525,9396503800.0,131979482562.6,6020.8212,Validation,-0.006102429565415846,-61.02429565415846,0.3970188372582137,0.6832148298881413,-0.2861959926299276,0,0,0,0,61.02429565415846,0.26004016926711754,0.690313597985238,0.23515854068384465,0.39739058325675775,
2023-07-07,2023-07-10,5973.9756,5994.2828,5936.2272,5961.6057,9411834600.0,121687700019.0,5988.5525,Validation,0.0011102656663011246,11.102656663011246,0.3617910955063476,0.6832148298881413,-0.3214237343817937,0,0,0,0,-11.102656663011246,0.1333335649103584,0.7195559887315637,0.23718705505125376,0.3925053405044503,
2023-07-10,2023-07-11,5980.6083,6003.4018,5958.7306,5984.2814,8516856400.0,113940191969.5,5961.6057,Validation,0.001741026911928012,17.41026911928012,0.3733585752479861,0.6832148298881413,-0.3098562546401552,0,0,0,0,-17.41026911928012,0.144953258007171,0.7540587531113156,0.2309751863814101,0.3882717228154336,
2023-07-11,2023-07-12,5991.0207,6029.2318,5972.1378,6029.2318,8453189700.0,117919697046.3,5984.2814,Validation,0.006613898029095511,66.1389802909551,0.23596712416305293,0.6832148298881413,-0.4472477057250884,0,0,0,0,-66.1389802909551,0.18620244704969638,0.21874051233964384,0.23633831017141002,0.3713532529584105,
2023-07-12,2023-07-13,6030.6447,6033.5832,5960.431,5962.7938,9669224100.0,134419386322.7,6029.2318,Validation,-0.007361219605592106,-73.61219605592106,0.2159361873245189,0.6832148298881413,-0.4672786425636224,0,0,0,0,73.61219605592106,0.17345706064589284,0.15554104871572944,0.243074012587212,0.37458131434577785,
2023-07-13,2023-07-14,5986.2518,6049.0626,5986.2518,6044.0583,9965639800.0,138941870295.0,5962.7938,Validation,0.011141813312964821,111.41813312964821,0.23894435560817456,0.6832148298881413,-0.44427047427996674,0,0,0,0,-111.41813312964821,0.19268993474655507,0.19142012583266538,0.25934098799475297,0.3923570325147118,
2023-07-14,2023-07-17,6052.9495,6055.5275,6026.3263,6030.5188,9496319700.0,137880575951.9,6044.0583,Validation,-0.006638862590874095,-66.38862590874095,0.2481670572745278,0.6832148298881413,-0.4350477726136135,0,0,0,0,66.38862590874095,0.15716790019908167,0.2744893908673429,0.24941756590921454,0.3937567328997302,
2023-07-17,2023-07-18,6012.7648,6018.0694,5985.4382,6012.6895,8842021200.0,124991560881.3,6030.5188,Validation,0.0005350450428394105,5.350450428394105,0.3100599488190078,0.6832148298881413,-0.3731548810691335,0,0,0,0,-5.350450428394105,0.31417912339943466,0.2913673576973559,0.2628245317071716,0.3989674358272662,
2023-07-18,2023-07-19,6015.9819,6027.6063,5984.0598,6001.7998,8771991000.0,121310187887.2,6012.6895,Validation,-0.002925640451145628,-29.25640451145628,0.3838621151205416,0.6832148298881413,-0.2993527147675997,0,0,0,0,29.25640451145628,0.4251211369620466,0.4206440620896672,0.2650971324624598,0.3951201376662355,
2023-07-19,2023-07-20,5998.3813,6017.4492,5962.9863,5993.4126,7779103400.0,104054562581.1,6001.7998,Validation,-0.0002572860781624442,-2.572860781624442,0.4115366540910488,0.6832148298881413,-0.2716781757970925,0,0,0,0,2.572860781624442,0.5031911749603765,0.42481208279207133,0.26328505546383635,0.39738474512935507,
2023-07-20,2023-07-21,5996.838,6009.4266,5920.151,5925.4843,9119536800.0,123684933457.2,5993.4126,Validation,-0.013754565322591672,-137.5456532259167,0.4293687516808227,0.6832148298881413,-0.2538460782073186,0,0,0,0,137.5456532259167,0.5001581526778587,0.49105499532489005,0.2655496843248036,0.3962415657995296,
2023-07-21,2023-07-24,5914.3541,5961.0501,5904.7877,5925.6255,8197530700.0,107065413903.9,5925.4843,Validation,-0.00013242358958520661,-1.3242358958520661,0.3813034463340818,0.6832148298881413,-0.3019113835540595,0,0,0,0,1.3242358958520661,0.45798707406173766,0.35549733060274263,0.26777548705117044,0.4196123839566597,
2023-07-24,2023-07-25,5913.5709,5954.2372,5896.4481,5916.7141,7592800100.0,99623302711.1,5925.6255,Validation,0.01072066287393314,107.20662873933139,0.4076641057246251,0.6832148298881413,-0.2755507241635162,0,0,0,0,-107.20662873933139,0.4373003491678348,0.5375670120283853,0.25209525355501133,0.3312641741094429,
2023-07-25,2023-07-26,5976.9683,6016.7544,5971.7319,6016.6312,13189639200.0,145732847141.7,5916.7141,Validation,0.0063231220416544165,63.23122041654416,0.43402600347973286,0.6832148298881413,-0.24918882640840845,0,0,0,0,-63.23122041654416,0.5147757582153363,0.5389095121931335,0.2545586401354421,0.3256542590165241,
2023-07-26,2023-07-27,6014.7614,6015.5833,5984.3913,6001.5402,12182521900.0,120547387629.8,6016.6312,Validation,-0.0026456411055640894,-26.456411055640892,0.3833296425916328,0.6832148298881413,-0.2998851872965085,0,0,0,0,26.456411055640892,0.36013824447581083,0.5369561188008217,0.283271390121886,0.30134512736757546,
2023-07-27,2023-07-28,5998.8485,6017.6706,5952.8932,5961.1843,12300082500.0,117272101565.3,6001.5402,Validation,-0.00882412683034095,-88.2412683034095,0.3914129137043773,0.6832148298881413,-0.291801916183764,0,0,0,0,88.2412683034095,0.391999275549389,0.5351015054292344,0.28168076210773896,0.28959356771060496,
2023-07-28,2023-07-31,5945.9139,6049.7643,5932.0603,6043.2438,16317187100.0,149147477703.5,5961.1843,Validation,0.019037561240165424,190.37561240165422,0.3658551637735924,0.6832148298881413,-0.3173596661145489,0,0,0,0,-190.37561240165422,0.4243167858999121,0.4015850265271939,0.2836434571458759,0.2921380535494707,
2023-07-31,2023-08-01,6059.1096,6133.718,6059.1096,6088.2431,18655110300.0,179595743483.0,6043.2438,Validation,0.0045862514188552694,45.862514188552694,0.4823455266646084,0.6832148298881413,-0.2008693032235329,0,0,0,0,-45.862514188552694,0.5463980032109277,0.6574833760379118,0.28557573507097855,0.31030124104163925,
2023-08-01,2023-08-02,6086.8982,6113.9839,6077.1053,6098.8789,18758860000.0,166628364673.4,6088.2431,Validation,0.00020327266192832205,2.0327266192832205,0.42944063770746843,0.6832148298881413,-0.2537741921806729,0,0,0,0,-2.0327266192832205,0.5284191932279612,0.45295491086159484,0.33882026439987206,0.30256424250464525,
2023-08-02,2023-08-03,6088.1355,6111.2437,6059.8653,6077.4645,14715452900.0,135758673344.6,6098.8789,Validation,-0.0041872918235804635,-41.87291823580463,0.45366026068780174,0.6832148298881413,-0.22955456920033956,0,0,0,0,41.87291823580463,0.5980487594954835,0.455348853488773,0.34332012596324074,0.2955973485660491,
2023-08-03,2023-08-04,6062.6427,6101.8106,6047.676,6098.6868,14647901100.0,138777463929.6,6077.4645,Validation,0.010475250339262221,104.7525033926222,0.4103851415478241,0.6832148298881413,-0.27282968834031723,0,0,0,0,-104.7525033926222,0.54555551787998,0.36498733877114625,0.34505724292490036,0.292420107307699,
2023-08-04,2023-08-07,6126.1504,6164.1552,6105.6391,6128.556,19694350100.0,186850093568.5,6098.6868,Validation,-0.0016836347994330092,-16.83634799433009,0.525475827200197,0.6832148298881413,-0.15773900268794427,0,0,0,0,16.83634799433009,0.7904395504659643,0.5046300897782641,0.3132457763474928,0.2907242756712927,
2023-08-07,2023-08-08,6115.8362,6117.9163,6072.5354,6090.7307,14531913700.0,154416328543.1,6128.556,Validation,-0.0063005284543100615,-63.005284543100615,0.3741270700960052,0.6832148298881413,-0.3090877597921361,0,0,0,0,63.005284543100615,0.6131300329578983,0.15550393317928882,0.3399686026741403,0.2958041563238002,
2023-08-08,2023-08-09,6077.3032,6088.0983,6044.2376,6066.1019,12154572800.0,131357351526.3,6090.7307,Validation,-0.004583315836537594,-45.83315836537594,0.354951943083568,0.6832148298881413,-0.32826288680457333,0,0,0,0,45.83315836537594,0.5255984738912483,0.21592477799818527,0.3146927310047735,0.29098202062500933,
2023-08-09,2023-08-10,6049.449,6062.0243,6012.247,6021.7506,9880917400.0,116294678353.9,6066.1019,Validation,-0.005967303799073287,-59.673037990732865,0.3765526028060274,0.6832148298881413,-0.3066622270821139,0,0,0,0,59.673037990732865,0.4426312023314842,0.39405628971516476,0.3161867807568617,0.28850713204104445,
2023-08-10,2023-08-11,6013.3501,6040.4605,5999.5626,6031.7105,9984263800.0,103950301369.3,6021.7506,Validation,0.0027763558951938716,27.763558951938716,0.3750460041427491,0.6832148298881413,-0.3081688257453922,0,0,0,0,-27.763558951938716,0.3179469761653879,0.5473704996650841,0.3132313027022876,0.27980878591118924,
2023-08-11,2023-08-14,6030.0453,6030.0453,5913.3502,5913.3502,11307200700.0,115393420336.3,6031.7105,Validation,-0.027456377483598637,-274.56377483598635,0.42313339567651903,0.6832148298881413,-0.2600814342116223,0,1,0,0,274.56377483598635,0.3756636694630672,0.651123654337806,0.3147443777563147,0.27405851086313276,
2023-08-14,2023-08-15,5864.4821,5919.8035,5833.4629,5916.8029,10367570600.0,116321082192.1,5913.3502,Validation,0.009427379785164502,94.27379785164503,0.3349294435815018,0.6832148298881413,-0.3482853863066395,0,0,0,0,-94.27379785164503,0.3358121621286941,0.34510625064625833,0.32401080902422896,0.3302573768216442,
2023-08-15,2023-08-16,5919.7688,5926.4197,5830.9695,5879.7782,9241738100.0,107626210841.9,5916.8029,Validation,-0.010333545458734772,-103.33545458734773,0.6042673201322118,0.6832148298881413,-0.07894750975592946,0,0,0,0,103.33545458734773,0.6482741158536514,0.9121446957351601,0.3132018204948631,0.3721825339203474,
2023-08-16,2023-08-17,5858.5966,5891.8116,5833.2155,5833.2155,10495042500.0,114013689380.0,5879.7782,Validation,-0.008481058415935383,-84.81058415935382,0.6473285277297532,0.6832148298881413,-0.03588630215838806,0,0,0,0,84.81058415935382,0.81067782699621,0.8622265404281404,0.3135685957753652,0.3830596510036378,
2023-08-17,2023-08-18,5808.9095,5882.1512,5778.5287,5874.3609,11357638400.0,120852973476.6,5833.2155,Validation,0.01139632146102465,113.9632146102465,0.6135806210677486,0.6832148298881413,-0.06963420882039273,0,0,0,0,-113.9632146102465,0.7075174797830818,0.8878997858164889,0.2859495300775101,0.38439900809894767,
2023-08-18,2023-08-21,5875.1097,5891.3976,5777.7972,5777.7972,10293184500.0,109766358594.4,5874.3609,Validation,-0.01879825324793505,-187.98253247935048,0.6431606132632892,0.6832148298881413,-0.04005421662485209,0,1,0,0,187.98253247935048,0.8034878782989242,0.8661993013411944,0.28784734500078524,0.40070321478717386,
2023-08-21,2023-08-22,5764.6679,5802.5119,5710.7783,5710.7783,9283569800.0,96691987125.6,5777.7972,Validation,-0.005449247128355927,-54.492471283559276,0.6166872008105795,0.6832148298881413,-0.06652762907756182,0,0,0,0,54.492471283559276,0.7231753158272248,0.8259997993348278,0.30742591192998364,0.4493371811935928,
2023-08-22,2023-08-23,5733.2548,5754.5746,5646.5119,5741.0606,10617519300.0,120035178924.1,5710.7783,Validation,-0.0001500892651761232,-1.500892651761232,0.6171421825759049,0.6832148298881413,-0.06607264731223639,0,0,0,0,1.500892651761232,0.6918677394182929,0.8777696126407291,0.2851303753374064,0.4587686066253235,
2023-08-23,2023-08-24,5732.3943,5732.3943,5629.4999,5629.4999,9418672500.0,101871329162.8,5741.0606,Validation,-0.014310774121033432,-143.10774121033432,0.5927926811256963,0.6832148298881413,-0.09042214876244503,0,0,0,0,143.10774121033432,0.6621747937723178,0.8314127334038113,0.28704079404209376,0.4481794450048774,
2023-08-24,2023-08-25,5650.3593,5701.3208,5619.333,5652.6729,10808677100.0,120640882887.6,5629.4999,Validation,-0.004528844740899984,-45.28844740899984,0.5717206288736457,0.6832148298881413,-0.11149420101449559,0,0,0,0,45.28844740899984,0.6316388817109619,0.7724026198979744,0.2847519157726518,0.4877828378156397,
2023-08-25,2023-08-28,5624.7697,5648.624,5560.2171,5581.2116,10624160200.0,114730298316.4,5652.6729,Validation,0.046422273964390026,464.22273964390024,0.5119560228970328,0.6832148298881413,-0.17125880699110851,0,0,0,0,-464.22273964390024,0.44731083365204305,0.7990203742895272,0.2774802210530526,0.4693686626412434,
2023-08-28,2023-08-29,5885.8843,5887.5085,5631.694,5644.1405,18574561900.0,181457042375.4,5581.2116,Validation,-0.04330331467779602,-433.0331467779602,0.4720883332017237,0.6832148298881413,-0.2111264966864176,0,1,0,0,433.0331467779602,0.3314284089825196,0.7959894806792609,0.2795102692106635,0.46895850206955003,
2023-08-29,2023-08-30,5631.006,5789.9623,5626.5175,5770.3155,16085189500.0,165476278766.7,5644.1405,Validation,0.02651014756510639,265.1014756510639,0.4103872731652056,0.6832148298881413,-0.2728275567229357,0,0,0,0,-265.1014756510639,0.025776163096929393,0.5522240577223151,0.41688750109976963,0.9705336956753252,
2023-08-30,2023-08-31,5780.2848,5817.7342,5753.2161,5775.1534,13600438400.0,145078565405.8,5770.3155,Validation,-0.0016144014218816283,-16.14401421881628,0.5054470733008375,0.6832148298881413,-0.17776775658730382,0,0,0,0,16.14401421881628,0.07418117164511107,0.8453086519712246,0.40451855911190027,0.9659060586558672,
2023-08-31,2023-09-01,5770.9531,5777.422,5728.4729,5739.3984,11633513400.0,121252796160.9,5775.1534,Validation,-0.004252382505066543,-42.52382505066543,0.516664692836242,0.6832148298881413,-0.16655013705189936,0,0,0,0,42.52382505066543,0.1262701403943178,0.7597727822421778,0.4919442269884656,0.9548046008556352,
2023-09-01,2023-09-04,5746.4128,5775.1769,5732.9674,5750.8027,10417910300.0,107061408580.6,5739.3984,Validation,0.004457354682211534,44.57354682211534,0.5008211057419045,0.6832148298881413,-0.18239372414623678,0,0,0,0,-44.57354682211534,0.14034306971513924,0.6936981860215771,0.49198954973627257,0.941445431317097,
2023-09-04,2023-09-05,5772.0266,5829.784,5758.0309,5829.784,13564887300.0,135994054181.1,5750.8027,Validation,0.00830559235468531,83.0559235468531,0.5127251051550303,0.6832148298881413,-0.17048972473311097,0,0,0,0,-83.0559235468531,0.16740042984376644,0.7106495302141502,0.49061697892182765,0.93057096990866,
2023-09-05,2023-09-06,5819.9667,5822.0615,5779.3725,5788.7149,10651765800.0,114971726102.7,5829.784,Validation,-0.008267693352953298,-82.67693352953299,0.45532775670002096,0.6832148298881413,-0.22788707318812035,0,0,0,0,82.67693352953299,0.13600250996158367,0.5375008650391253,0.5057208255826832,0.920800496712107,
2023-09-06,2023-09-07,5771.849,5800.9647,5748.6467,5790.3806,9048050200.0,106512753384.6,5788.7149,Validation,0.0017709403000667479,17.70940300066748,0.4497022919014649,0.6832148298881413,-0.23351253798667643,0,0,0,0,-17.70940300066748,0.15200063320113633,0.4821591946777945,0.5338353713356216,0.9098357525591206,
2023-09-07,2023-09-08,5782.0706,5782.0706,5701.7975,5702.7008,9292051800.0,105713167275.8,5790.3806,Validation,-0.016847736172574512,-168.4773617257451,0.4902349416805546,0.6832148298881413,-0.19297988820758671,0,0,0,0,168.4773617257451,0.20663094637261661,0.5662994797323098,0.5336422556788095,0.9000954333717505,
2023-09-08,2023-09-11,5684.6558,5732.3747,5683.3973,5708.6227,7952002800.0,93059123325.2,5702.7008,Validation,0.006748394511414402,67.48394511414402,0.43961574153502647,0.6832148298881413,-0.24359908835311483,0,0,0,0,-67.48394511414402,0.19835241324014935,0.4100523897183815,0.521261224763304,0.8917736404018873,
2023-09-11,2023-09-12,5723.0181,5802.2053,5704.7003,5774.7305,11283713700.0,132425678094.5,5708.6227,Validation,0.008989662290251887,89.89662290251887,0.489193480164686,0.6832148298881413,-0.1940213497234553,0,0,0,0,-89.89662290251887,0.2391535915496035,0.55252584651216,0.5076384840040169,0.8843347220845765,
2023-09-12,2023-09-13,5774.4661,5793.829,5763.2995,5770.9259,8604120700.0,105032116597.9,5774.7305,Validation,-0.001669764759723802,-16.697647597238017,0.4886867564097377,0.6832148298881413,-0.19452807347840362,0,0,0,0,16.697647597238017,0.2549545089532484,0.5498782792988426,0.4906372123729431,0.8756007402494365,
2023-09-13,2023-09-14,5764.8241,5770.4141,5681.5003,5715.3973,9147247300.0,101933192541.5,5770.9259,Validation,-0.008699189971815402,-86.99189971815402,0.3851364757334406,0.6832148298881413,-0.2980783541547007,0,0,0,0,86.99189971815402,0.27031149202322174,0.1570296902963897,0.5038440055781885,0.8651035870959662,
2023-09-14,2023-09-15,5714.6748,5721.2073,5679.199,5702.102,9024779200.0,97979765540.8,5715.3973,Validation,0.000283288210905841,2.83288210905841,0.4021382971623799,0.6832148298881413,-0.2810765327257614,0,0,0,0,-2.83288210905841,0.28729680823877596,0.20120667490580604,0.5038223605025398,0.8579912129813224,
2023-09-15,2023-09-18,5716.2937,5741.0711,5680.8954,5704.6632,9837596400.0,110557876200.1,5702.102,Validation,-0.005325303701592454,-53.25303701592454,0.4205367252023693,0.6832148298881413,-0.262678104685772,0,0,0,0,53.25303701592454,0.2981393255842488,0.27607075381282636,0.48107486362751384,0.8502067089880014,
2023-09-18,2023-09-19,5685.8527,5734.1861,5665.579,5719.6887,9230572200.0,109249767455.6,5704.6632,Validation,0.004861504766030755,48.61504766030755,0.4287099162670644,0.6832148298881413,-0.2545049136210769,0,0,0,0,-48.61504766030755,0.33894675960082665,0.2610759760108043,0.4821851159489864,0.8392876200686319,
2023-09-19,2023-09-20,5713.4945,5713.6003,5670.4201,5687.9007,8511210200.0,94544819485.1,5719.6887,Validation,-0.006225542004109741,-62.25542004109741,0.5909123314387904,0.6832148298881413,-0.0923024984493509,0,0,0,0,62.25542004109741,0.7742614337215906,0.3224135604905728,0.471594944989967,0.8352297446143531,
2023-09-20,2023-09-21,5677.9249,5689.8254,5651.0062,5651.0062,7763415800.0,84080282560.4,5687.9007,Validation,-0.006954001804426846,-69.54001804426846,0.5850861607701937,0.6832148298881413,-0.0981286691179476,0,0,0,0,69.54001804426846,0.7400277122704437,0.3339964427038764,0.48915424127804363,0.827148759749924,
2023-09-21,2023-09-22,5638.4406,5666.6958,5609.2143,5611.9186,8193150900.0,84847061987.6,5651.0062,Validation,-0.005605432821266132,-56.05432821266132,0.5676080419256934,0.6832148298881413,-0.11560678796244794,0,0,0,0,56.05432821266132,0.6985076869960379,0.3255166296328862,0.48921544687027807,0.8208960858648197,
2023-09-22,2023-09-25,5606.8347,5700.323,5603.8126,5698.8168,10411898200.0,120276386023.4,5611.9186,Validation,0.015707222472601146,157.07222472601146,0.5754870413802222,0.6832148298881413,-0.10772778850791909,0,0,0,0,-157.07222472601146,0.6816254274294509,0.40804401548370606,0.4510912151039917,0.8140125274743321,
2023-09-25,2023-09-26,5694.9025,5699.1544,5659.3191,5666.6642,9334071900.0,114172282948.0,5698.8168,Validation,-0.0059474942722899105,-59.4749427228991,0.5453471927916467,0.6832148298881413,-0.13786763709649463,0,0,0,0,59.4749427228991,0.6847756840331544,0.29747128930833305,0.4513753252431048,0.8120557978784863,
2023-09-26,2023-09-27,5661.0321,5682.2786,5646.6544,5646.6544,7430961500.0,100424427689.8,5666.6642,Validation,-0.003293904657421187,-32.93904657421187,0.560729373403229,0.6832148298881413,-0.12248545648491227,0,0,0,0,32.93904657421187,0.6974329503671514,0.31163406934655785,0.48827936903607194,0.8057698104589094,
2023-09-27,2023-09-28,5642.3852,5701.5084,5641.8508,5674.3451,8108624000.0,102149151673.6,5646.6544,Validation,0.008020703726502099,80.20703726502099,0.5812670531921503,0.6832148298881413,-0.10194777669599098,0,0,0,0,-80.20703726502099,0.6975916408427354,0.38807142296934755,0.4883455768684184,0.799936687269693,
2023-09-28,2023-10-09,5687.6411,5704.6228,5677.531,5690.7697,7947733800.0,101456952317.7,5674.3451,Validation,-0.0014065409295955789,-14.065409295955789,0.5802931846508217,0.6832148298881413,-0.10292164523731961,0,0,0,0,14.065409295955789,0.6750801443949406,0.41395488248322027,0.48841142199594684,0.796300347638324,
2023-10-09,2023-10-10,5679.6412,5680.9516,5634.3532,5658.0832,9002983600.0,109095282387.9,5690.7697,Validation,-0.00246124702384376,-24.612470238437602,0.557903676188469,0.6832148298881413,-0.12531115369967227,0,0,0,0,24.612470238437602,0.6743318132804298,0.31545874753040937,0.5168835122741469,0.7911752354018498,
2023-10-10,2023-10-11,5665.6622,5678.4631,5627.4139,5630.3714,8772642500.0,104621240810.9,5658.0832,Validation,-0.004693184849601573,-46.931848496015725,0.5455417327119072,0.6832148298881413,-0.1376730971762341,0,0,0,0,46.931848496015725,0.6170816612141968,0.3437985625613991,0.5167879054700428,0.7861064448654943,
2023-10-11,2023-10-12,5639.0722,5674.2543,5617.8727,5629.7886,9064482600.0,112202131187.6,5630.3714,Validation,0.0029332307538110225,29.332307538110225,0.5490487793305923,0.6832148298881413,-0.13416605055754904,0,0,0,0,-29.332307538110225,0.6491412982724095,0.31971365123726864,0.5166928252781179,0.7821780875646988,
2023-10-12,2023-10-13,5655.6129,5677.8191,5642.4931,5671.6419,10050298600.0,119947478383.3,5629.7886,Validation,-0.001799327531769368,-17.99327531769368,0.5677542397971382,0.6832148298881413,-0.11546059009100307,0,0,0,0,17.99327531769368,0.6483147296911049,0.3910217842494074,0.5165982686406394,0.7761844563211732,
2023-10-13,2023-10-16,5645.4366,5646.0737,5616.8508,5633.3831,8939170200.0,110878380412.7,5671.6419,Validation,-0.0021495945946855555,-21.495945946855556,0.5269537788263664,0.6832148298881413,-0.1562610510617749,0,0,0,0,21.495945946855556,0.6123438680377196,0.31593829433341963,0.48735567120871925,0.7692243350891622,
2023-10-16,2023-10-17,5633.3012,5636.3194,5559.4212,5580.6666,8986755000.0,107684372825.8,5633.3831,Validation,-0.008548522134765313,-85.48522134765312,0.5037880750292412,0.6832148298881413,-0.17942675485890014,0,0,0,0,85.48522134765312,0.5853089686856481,0.26902086766125877,0.487427215942936,0.7638949701470155,
2023-10-17,2023-10-18,5585.1448,5599.424,5556.5739,5595.3423,9251673700.0,105060399668.5,5580.6666,Validation,0.00015680882615609626,1.5680882615609626,0.48847863524535684,0.6832148298881413,-0.19473619464278447,0,0,0,0,-1.5680882615609626,0.5712607075485276,0.2508164983082052,0.4647976073812452,0.7610368845542878,
2023-10-18,2023-10-19,5586.0206,5586.0206,5519.4562,5524.5988,9895356200.0,110310590720.5,5595.3423,Validation,-0.015979747729537475,-159.79747729537473,0.5077747501558773,0.6832148298881413,-0.17544007973226405,0,0,0,0,159.79747729537473,0.5285602832149101,0.37396073749885533,0.4649996063251626,0.7565958373224533,
2023-10-19,2023-10-20,5496.7574,5529.8697,5463.6516,5464.027,10807833500.0,117347195293.0,5524.5988,Validation,-0.009696935142162189,-96.96935142162188,0.47954501071070577,0.6832148298881413,-0.20366981917743554,0,0,0,0,96.96935142162188,0.5186570154692773,0.3025290298923337,0.4446458807036724,0.7541962707905628,
2023-10-20,2023-10-23,5443.4557,5473.2111,5413.0233,5423.6748,9493611500.0,107713531625.7,5464.027,Validation,-0.007883245931440297,-78.83245931440297,0.5268718804940447,0.6832148298881413,-0.15634294939409665,0,0,0,0,78.83245931440297,0.5098092892964999,0.504222609046035,0.4195605132096935,0.750319241838827,
2023-10-23,2023-10-24,5400.5436,5400.7943,5269.8274,5290.3343,10308312600.0,112227737477.3,5423.6748,Validation,-0.01645652856131008,-164.5652856131008,0.5677112228435925,0.6832148298881413,-0.11550360704454876,0,0,0,0,164.5652856131008,0.506214144869567,0.6579208321179888,0.420052580090322,0.7435563310939505,
2023-10-24,2023-10-25,5311.6694,5363.1951,5290.5047,5352.0123,11474572900.0,126190795980.9,5290.3343,Validation,0.014073936905787177,140.73936905787176,0.5737203231048651,0.6832148298881413,-0.10949450678327621,0,0,0,0,-140.73936905787176,0.460156410073405,0.7342060189013332,0.420541270676827,0.744814867741451,
2023-10-25,2023-10-26,5386.4255,5423.0139,5375.9983,5375.9983,11492124400.0,129741397087.7,5352.0123,Validation,-0.006546586414311384,-65.46586414311383,0.594228238117149,0.6832148298881413,-0.08898659177099233,0,0,0,0,65.46586414311383,0.43439635878155364,0.8402078889143759,0.42102661687846804,0.7415588220133282,
2023-10-26,2023-10-27,5351.1628,5404.9918,5337.4926,5398.934,10248504400.0,116893043685.1,5375.9983,Validation,0.006748327671884713,67.48327671884712,0.6005868885015243,0.6832148298881413,-0.082627941386617,0,0,0,0,-67.48327671884712,0.47782445529490963,0.7676710773992436,0.47690146806819217,0.7391271815904037,
2023-10-27,2023-10-30,5387.2742,5514.3081,5380.9409,5492.0274,11254280400.0,132776259320.2,5398.934,Validation,0.018070325805952026,180.70325805952027,0.6302087531343076,0.6832148298881413,-0.05300607675383373,0,0,0,0,-180.70325805952027,0.54967058538844,0.8001817978450918,0.4563848825401772,0.7429073534173326,
2023-10-30,2023-10-31,5484.624,5559.7847,5483.1591,5546.3881,12303418500.0,153066651404.1,5492.0274,Validation,0.011432014300342352,114.32014300342352,0.6354395314090238,0.6832148298881413,-0.047775298479117545,0,0,0,0,-114.32014300342352,0.5847080165895048,0.7573053156977764,0.47227029906069967,0.7543365723741299,
2023-10-31,2023-11-01,5547.3243,5554.1902,5505.9335,5528.2385,10567937500.0,127527068558.9,5546.3881,Validation,-0.002241801511406294,-22.41801511406294,0.6493395108079764,0.6832148298881413,-0.033875319080164945,0,0,0,0,22.41801511406294,0.6305700303055172,0.7151063070292302,0.5255147050610175,0.7443918713905763,
2023-11-01,2023-11-02,5534.8883,5534.9432,5496.8278,5509.9662,8718578500.0,105639439602.5,5528.2385,Validation,-0.003680489812233345,-36.804898122333455,0.6123540179714242,0.6832148298881413,-0.07086081191671711,0,0,0,0,36.804898122333455,0.5946468142026498,0.5943751038548385,0.5694038665849396,0.7405013838405109,
2023-11-02,2023-11-03,5514.5172,5532.8505,5457.7453,5459.4517,9020264500.0,101795786004.1,5509.9662,Validation,-0.009497331878845161,-94.9733187884516,0.621314246146114,0.6832148298881413,-0.06190058374202734,0,0,0,0,94.9733187884516,0.6209688597225795,0.6205398654439369,0.5386925464567679,0.7370081955977853,
2023-11-03,2023-11-06,5462.144,5537.7293,5462.144,5510.357,9799057600.0,114009935832.3,5459.4517,Validation,0.015954705697982297,159.54705697982297,0.5813911237076769,0.6832148298881413,-0.10182370618046444,0,0,0,0,-159.54705697982297,0.687617847921043,0.42648333043180536,0.5021059863633083,0.7357650368355554,
2023-11-06,2023-11-07,5549.2909,5609.2576,5549.2909,5605.0621,13924104600.0,156664899021.4,5510.357,Validation,0.008140823902383687,81.40823902383687,0.5866628512515902,0.6832148298881413,-0.09655197863655107,0,0,0,0,-81.40823902383687,0.7041591294608486,0.42715398144532846,0.5020940559148865,0.7324058758058417,
2023-11-07,2023-11-08,5594.4667,5631.1001,5578.5126,5611.0983,12057932100.0,139898836824.0,5605.0621,Validation,0.0015200733968083746,15.200733968083746,0.5410237754670639,0.6832148298881413,-0.14219105442107738,0,0,0,0,-15.200733968083746,0.6235295311727396,0.31181581874638187,0.5679616184929279,0.7297734346931338,
2023-11-08,2023-11-09,5602.9707,5633.9706,5577.3911,5608.0173,12299455800.0,139708501031.2,5611.0983,Validation,-8.579377364936747e-05,-0.8579377364936747,0.5150479868562768,0.6832148298881413,-0.16816684303186447,0,0,0,0,0.8579377364936747,0.6495100052825947,0.16295309833925264,0.6005303095209357,0.727944058941238,
2023-11-09,2023-11-10,5602.49,5638.0805,5582.1194,5592.0568,10636280000.0,123039510738.4,5608.0173,Validation,-0.004489593020246319,-44.895930202463184,0.5361914760189984,0.6832148298881413,-0.1470233538691429,0,0,0,0,44.895930202463184,0.6811239163343773,0.1973722305567138,0.6059795432362081,0.7251851274841528,
2023-11-10,2023-11-13,5577.3371,5585.2123,5550.8219,5573.0999,9432402400.0,109671917967.6,5592.0568,Validation,0.0021017915521011066,21.017915521011066,0.5405092994507193,0.6832148298881413,-0.14270553043742196,0,0,0,0,-21.017915521011066,0.7317652471176647,0.179591369107688,0.5721838399806909,0.7221442955300542,
2023-11-13,2023-11-14,5589.0595,5605.5688,5565.0914,5605.5688,10215893200.0,117833772398.6,5573.0999,Validation,0.002491188365412844,24.91188365412844,0.5615151123444986,0.6832148298881413,-0.12169971754364273,0,0,0,0,-24.91188365412844,0.7411874670060038,0.24566594925610816,0.5717474866317362,0.7183778794485312,
2023-11-14,2023-11-15,5602.9829,5639.188,5600.7841,5630.5534,10107313600.0,116072656381.1,5605.5688,Validation,0.013308518218037024,133.08518218037025,0.5570793141613666,0.6832148298881413,-0.12613551572677473,0,0,0,0,-133.08518218037025,0.7128826594667352,0.26631499175028445,0.577833387993316,0.7062979180879211,
2023-11-15,2023-11-16,5677.5503,5684.7473,5649.7168,5664.617,11308793700.0,131864342620.6,5630.5534,Validation,-0.005370097733876422,-53.70097733876422,0.5667330444474511,0.6832148298881413,-0.11648178544069021,0,0,0,0,53.70097733876422,0.761517151859413,0.2841893554056988,0.5328082561785508,0.6939148558898367,
2023-11-16,2023-11-17,5647.0613,5652.4004,5609.3607,5609.3607,9466267700.0,105765074960.8,5664.617,Validation,-0.008519174388987083,-85.19174388987084,0.3370855080633941,0.6832148298881413,-0.3461293218247472,0,0,0,0,85.19174388987084,0.07081076427155365,0.27745665581852763,0.5655645912658384,0.6931110906462106,
2023-11-17,2023-11-20,5598.953,5632.3894,5593.4903,5631.4233,8942234200.0,101443839223.4,5609.3607,Validation,0.0065429554418476865,65.42955441847687,0.34856057936232154,0.6832148298881413,-0.33465425052581976,0,0,0,0,-65.42955441847687,0.08116061380470596,0.3117091737028449,0.5598083672145614,0.6908097577795089,
2023-11-20,2023-11-21,5635.5867,5669.3846,5609.2691,5659.7727,10310507200.0,119885024783.4,5631.4233,Validation,0.005958279374887576,59.58279374887576,0.3635432874069044,0.6832148298881413,-0.3196715424812369,0,0,0,0,-59.58279374887576,0.12845693003531103,0.31338223202589255,0.5594534300245735,0.6815071976390158,
2023-11-21,2023-11-22,5669.1651,5696.0944,5634.2723,5641.0844,11486120500.0,126740611037.5,5659.7727,Validation,-0.008167622424684717,-81.67622424684717,0.37853562676521096,0.6832148298881413,-0.30467920312293034,0,0,0,0,81.67622424684717,0.1485535259361248,0.32587203940665865,0.5870177812722239,0.6727459064573426,
2023-11-22,2023-11-23,5622.8615,5639.0036,5572.8986,5572.8986,10471840800.0,109971792008.8,5641.0844,Validation,-0.00998215943963765,-99.8215943963765,0.39664585126763574,0.6832148298881413,-0.28656897862050557,0,0,0,0,99.8215943963765,0.18068946117070805,0.33713653786776476,0.606898830068095,0.67059663282275,
2023-11-23,2023-11-24,5566.7332,5627.7947,5548.972,5622.9891,9804243200.0,101151204629.6,5572.8986,Validation,0.00944638410190013,94.4638410190013,0.42697272506862394,0.6832148298881413,-0.25624210481951737,0,0,0,0,-94.4638410190013,0.17226050833309006,0.4627921173814558,0.5988745773245817,0.6691872022322358,
2023-11-24,2023-11-27,5619.3187,5619.3187,5556.7138,5570.4205,10124804400.0,100701104772.1,5622.9891,Validation,-0.01006707450139821,-100.6707450139821,0.4715422774688639,0.6832148298881413,-0.2116725524192774,0,0,0,0,100.6707450139821,0.19632719264749018,0.6179538153004587,0.569852435368491,0.6649776743970047,
2023-11-27,2023-11-28,5562.7486,5579.7151,5531.6548,5566.5069,9821865300.0,107690772117.8,5570.4205,Validation,-0.00021070518987675868,-2.107051898767587,0.4645757383973669,0.6832148298881413,-0.21863909149077443,0,0,0,0,2.107051898767587,0.21410245160605929,0.5401469578505105,0.6099921715659429,0.6646342431791024,
2023-11-28,2023-11-29,5561.5765,5594.718,5529.5352,5591.4955,8937327200.0,98930980618.3,5566.5069,Validation,0.004890232113142767,48.90232113142767,0.5121315273577518,0.6832148298881413,-0.1710833025303895,0,0,0,0,-48.90232113142767,0.2590525335972452,0.6947230328885057,0.5610687098077097,0.6631006285513165,
2023-11-29,2023-11-30,5588.7739,5593.3712,5547.8408,5553.3349,8950915100.0,96924084400.2,5591.4955,Validation,-0.007201919548042501,-72.01919548042501,0.44257199149989107,0.6832148298881413,-0.24064283838825024,0,0,0,0,72.01919548042501,0.2683478871451396,0.6843246094094936,0.5607050575623265,0.22729816607608455,
2023-11-30,2023-12-01,5548.524,5560.3283,5509.9646,5545.0504,8784150500.0,95350481599.1,5553.3349,Validation,-0.001315304754922364,-13.15304754922364,0.43997840033738195,0.6832148298881413,-0.24323642955075936,0,0,0,0,13.15304754922364,0.2727562714243462,0.672049709036835,0.5795907866037655,0.19723360293726233,
2023-12-01,2023-12-04,5541.226,5576.7275,5521.0558,5566.8689,9337170800.0,107454844321.7,5545.0504,Validation,0.006712323229552508,67.12323229552509,0.4497729307104882,0.6832148298881413,-0.23344189917765312,0,0,0,0,-67.12323229552509,0.2861129520335712,0.6883280828393741,0.5791017510802188,0.20225174116500697,
2023-12-04,2023-12-05,5578.4205,5590.8353,5559.0682,5559.0682,9930654300.0,119628388288.4,5566.8689,Validation,-0.006373416991422576,-63.73416991422576,0.4195156152937756,0.6832148298881413,-0.2636992145943657,0,0,0,0,63.73416991422576,0.30642630703501395,0.5528963463464465,0.5786160466478233,0.20765102288965484,
2023-12-05,2023-12-06,5542.8669,5542.8669,5460.4088,5460.4088,9129824800.0,103824359571.7,5559.0682,Validation,-0.017032593728707357,-170.32593728707357,0.44977572408365035,0.6832148298881413,-0.23343910580449095,0,1,0,0,170.32593728707357,0.3756760881850392,0.5502176105723555,0.6077350565381721,0.21427006688799768,
2023-12-06,2023-12-07,5448.4575,5513.0858,5443.0738,5481.824,8837399700.0,102084528903.4,5460.4088,Validation,0.004920713798354681,49.207137983546815,0.4753133162126909,0.6832148298881413,-0.2079015136754504,0,0,0,0,-49.207137983546815,0.34925970036005843,0.6683395204578465,0.6070320531985335,0.2242681291149788,
2023-12-07,2023-12-08,5475.2678,5501.4783,5443.2936,5481.1355,8904868700.0,103621973820.8,5481.824,Validation,0.0017195688583488966,17.195688583488966,0.6565832749886803,0.6832148298881413,-0.026631554899461007,0,0,0,0,-17.195688583488966,0.8138765578211026,0.785535264557072,0.5582783146938234,0.23183838763052533,
2023-12-08,2023-12-11,5484.6829,5522.0575,5477.5286,5497.9897,11812377400.0,140788027712.1,5481.1355,Validation,-0.0020113286768137506,-20.113286768137506,0.6044265739502656,0.6832148298881413,-0.07878825593787575,0,0,0,0,20.113286768137506,0.8142256419078242,0.6027539168526489,0.5515027702343948,0.23430093457060497,
2023-12-11,2023-12-12,5473.6514,5574.1237,5429.443,5564.8538,11860591100.0,140631297822.3,5497.9897,Validation,0.015854882537824633,158.54882537824633,0.5881574347023886,0.6832148298881413,-0.09505739518575274,0,0,0,0,-158.54882537824633,0.767892598253522,0.5971251844464213,0.5591218413097044,0.23045059101911386,
2023-12-12,2023-12-13,5560.4355,5576.0089,5545.1624,5566.1778,8423233100.0,110639096839.0,5564.8538,Validation,-0.0006095206031973,-6.0952060319729995,0.5411683244852499,0.6832148298881413,-0.14204650540289143,0,0,0,0,6.0952060319729995,0.766976066966205,0.41628909980528644,0.5587699905609255,0.2556632240491017,
2023-12-13,2023-12-14,5557.0463,5558.0572,5507.5128,5507.5128,7592989400.0,96464641302.3,5566.1778,Validation,-0.004329674201202893,-43.29674201202893,0.5310709410469338,0.6832148298881413,-0.15214388884120755,0,0,0,0,43.29674201202893,0.746571814549672,0.4160494138215254,0.5435798757291103,0.2572194723100864,
2023-12-14,2023-12-15,5532.9861,5557.3719,5487.7542,5489.3267,7411809700.0,89999982306.2,5507.5128,Validation,-0.00607572464351569,-60.7572464351569,0.5305433895147028,0.6832148298881413,-0.1526714403734385,0,0,0,0,60.7572464351569,0.7406605211394711,0.4347670623762256,0.5216870181780308,0.26383056789232906,
2023-12-15,2023-12-18,5499.3692,5516.2199,5438.5282,5449.7864,8012541800.0,94631897359.6,5489.3267,Validation,-0.011343191870078484,-113.43191870078483,0.5159961076932638,0.6832148298881413,-0.16721872219487754,0,0,0,0,113.43191870078483,0.7478570050198603,0.36976112261106053,0.5205956543505591,0.2728785481143209,
2023-12-18,2023-12-19,5436.9888,5448.0772,5374.5881,5385.2702,7802249300.0,88053828533.8,5449.7864,Validation,-0.010346572720547176,-103.46572720547175,0.5536507118206577,0.6832148298881413,-0.12956411806748358,0,0,0,0,103.46572720547175,0.7483323985413957,0.4982929573833809,0.5204774804197297,0.2824413909806,
2023-12-19,2023-12-20,5380.7346,5406.9585,5344.0325,5379.8735,7032372200.0,82191407660.2,5385.2702,Validation,0.0009777475365539967,9.777475365539967,0.6070904301962088,0.6832148298881413,-0.07612439969193252,0,0,0,0,-9.777475365539967,0.719038024285867,0.7617732443568525,0.4699520675573981,0.28707211660292226,
2023-12-20,2023-12-21,5385.9956,5388.463,5308.5727,5309.2865,7538709700.0,86209163297.2,5379.8735,Validation,-0.018481726943854304,-184.81726943854304,0.6121814735073615,0.6832148298881413,-0.07103335638077979,0,1,0,0,184.81726943854304,0.7033845071650093,0.8001397660317212,0.47012561716116025,0.2847748175432567,
2023-12-21,2023-12-22,5286.4531,5352.5049,5253.3152,5338.762,8152231800.0,96981042377.4,5309.2865,Validation,0.009633604807730123,96.33604807730123,0.5042159143642755,0.6832148298881413,-0.17899891552386582,0,0,0,0,-96.33604807730123,0.7093386122105133,0.39463451563238017,0.47504295899518706,0.3002104428543334,
2023-12-22,2023-12-25,5337.3807,5366.2345,5293.2193,5311.6902,9038700400.0,108918439607.9,5338.762,Validation,-0.006708758848698815,-67.08758848698815,0.6234564790355688,0.6832148298881413,-0.05975835085257253,0,0,0,0,67.08758848698815,0.715768929008067,0.804354703640033,0.47518669471263864,0.3145915832302263,
2023-12-25,2023-12-26,5301.5735,5339.6644,5288.4665,5315.3746,6591877200.0,81018151918.5,5311.6902,Validation,0.0021175600036478226,21.175600036478226,0.6210064586722651,0.6832148298881413,-0.06220837121587619,0,0,0,0,-21.175600036478226,0.6999075678297058,0.7758070186111268,0.5226929469573115,0.3176217004277565,
2023-12-26,2023-12-27,5312.7999,5313.9193,5238.0417,5258.2841,6753200700.0,80910364895.8,5315.3746,Validation,-0.009642749767405978,-96.42749767405978,0.6144235929596703,0.6832148298881413,-0.068791236928471,0,0,0,0,96.42749767405978,0.6665628961739614,0.812185081637275,0.5088438686337983,0.30271708939156705,
2023-12-27,2023-12-28,5261.5699,5293.7973,5235.4559,5285.5301,7539791800.0,84253444705.4,5258.2841,Validation,0.0036339914442644616,36.33991444264461,0.6127439445511786,0.6832148298881413,-0.07047088533696266,0,0,0,0,-36.33991444264461,0.6762728821824253,0.7822914021936813,0.5193152822054613,0.30950131193576047,
2023-12-28,2023-12-29,5280.6904,5400.2364,5275.4028,5382.7966,10769923900.0,126896204801.3,5285.5301,Validation,0.0182336764147355,182.336764147355,0.6130056093413357,0.6832148298881413,-0.07020922054680556,0,0,0,0,-182.336764147355,0.6524573150338625,0.8472931582413809,0.47210866633885057,0.3129008207980547,
2023-12-29,2024-01-02,5376.9768,5437.1538,5374.6877,5429.2288,9093176600.0,112533613054.4,5382.7966,Validation,0.010136104734541407,101.36104734541406,0.5977372665452333,0.6832148298881413,-0.08547756334290801,0,0,0,0,-101.36104734541406,0.6493754548723669,0.767698481679377,0.4905071324933319,0.33801542418668723,
2024-01-02,2024-01-03,5431.4784,5439.4778,5409.4554,5409.4554,9296474700.0,106839922689.4,5429.2288,Validation,-0.0061096625184038356,-61.09662518403836,0.5919348341157127,0.6832148298881413,-0.09127999577242862,0,0,0,0,61.09662518403836,0.6597125455453277,0.657572233363478,0.5819105932837804,0.346825079788098,
2024-01-03,2024-01-04,5398.2939,5428.5204,5373.8317,5401.395,8670522900.0,99883598918.1,5409.4554,Validation,-0.0005837214605896035,-5.837214605896035,0.5218889839030431,0.6832148298881413,-0.16132584598509825,0,0,0,0,5.837214605896035,0.6443818968563158,0.4297927706401578,0.5751703572775911,0.34949802869738394,
2024-01-04,2024-01-05,5395.1428,5395.1428,5331.892,5355.3216,7884656800.0,91011406056.3,5401.395,Validation,-0.008909884646612132,-89.09884646612132,0.4968080678336654,0.6832148298881413,-0.18640676205447593,0,0,0,0,89.09884646612132,0.6358983984493276,0.35178845982756096,0.5747092257685825,0.34791133712555466,
2024-01-05,2024-01-08,5347.0727,5373.6788,5260.5939,5281.8711,8953888400.0,101084569596.5,5355.3216,Validation,-0.014744291769214102,-147.442917692141,0.5058869926988155,0.6832148298881413,-0.17732783718932577,0,0,0,0,147.442917692141,0.6446626955828964,0.3719521239417191,0.5742511561165445,0.3513739196956849,
2024-01-08,2024-01-09,5268.2339,5268.9787,5167.6997,5167.6997,8378515500.0,92792791379.5,5281.8711,Validation,-0.017486125663478957,-174.86125663478958,0.44620243486997246,0.6832148298881413,-0.23701239501816884,0,1,0,0,174.86125663478958,0.5880912474167429,0.22297029932372,0.5737961205238408,0.35990362763995815,
2024-01-09,2024-01-10,5176.1129,5220.4578,5152.9987,5180.653,7874041800.0,90959823751.5,5167.6997,Validation,-0.0016191687008991762,-16.191687008991764,0.5187658424045507,0.6832148298881413,-0.1644489874835906,0,0,0,0,16.191687008991764,0.5468516438415054,0.5224569995468673,0.5733440915570466,0.37757889676728595,
2024-01-10,2024-01-11,5167.7319,5211.8158,5118.4332,5158.0784,7117394600.0,84227807644.4,5180.653,Validation,-0.0029747866757560137,-29.74786675756014,0.5844084070244004,0.6832148298881413,-0.09880642286374086,0,0,0,0,29.74786675756014,0.5682512431945352,0.7335082700184584,0.5728950421403942,0.3736484966387713,
2024-01-11,2024-01-12,5152.359,5243.1387,5146.8978,5223.8633,8504129500.0,106151947191.7,5158.0784,Validation,0.011795878353973333,117.95878353973333,0.5329234866260956,0.6832148298881413,-0.15029134326204574,0,0,0,0,-117.95878353973333,0.5630013439958523,0.7407353936995056,0.3369067940656612,0.3748601546074921,
2024-01-12,2024-01-15,5213.1356,5262.6165,5206.1607,5206.178,7661983100.0,93271394880.1,5223.8633,Validation,-0.004528502960866709,-45.285029608667095,0.4916136806846077,0.6832148298881413,-0.1916011492035336,0,0,0,0,45.285029608667095,0.5542668606451668,0.597056923607776,0.3381514378103821,0.38496058210493495,
2024-01-15,2024-01-16,5189.5279,5238.9581,5171.2399,5193.2956,7392509700.0,88027788849.7,5206.178,Validation,-0.00022327657203657925,-2.2327657203657925,0.46409659406437503,0.6832148298881413,-0.21911823582376627,0,0,0,0,2.2327657203657925,0.5183782696463421,0.591789492412876,0.2744743114339199,0.38601609995969377,
2024-01-16,2024-01-17,5188.3692,5210.0834,5124.0823,5190.3975,8307037100.0,92337607304.7,5193.2956,Validation,-0.0014347668242267186,-14.347668242267186,0.49234049072476826,0.6832148298881413,-0.19087433916337304,0,0,0,0,14.347668242267186,0.5227330978432623,0.6845888408343014,0.2765762252776809,0.38799745289603044,
2024-01-17,2024-01-18,5180.9251,5180.9251,5061.5395,5061.5395,7874184900.0,87930639304.5,5190.3975,Validation,-0.02853195079002413,-285.3195079002413,0.48320843709930694,0.6832148298881413,-0.20000639278883436,0,1,0,0,285.3195079002413,0.5088876936086211,0.6767912851727778,0.27864409390861106,0.3711460047756468,
2024-01-18,2024-01-19,5033.1032,5069.2295,4924.6815,5066.9579,11875105500.0,123436419725.2,5061.5395,Validation,0.004643914315128672,46.43914315128672,0.44659380634975016,0.6832148298881413,-0.23662102353839115,0,0,0,0,-46.43914315128672,0.4969332150599327,0.5554046360757173,0.26242716906153135,0.40243273709147037,
2024-01-19,2024-01-22,5056.4765,5084.2902,5014.7667,5018.4332,7846738300.0,92039421274.4,5066.9579,Validation,-0.00945245172206366,-94.5245172206366,0.5459047253836011,0.6832148298881413,-0.13731010450454018,0,0,0,0,94.5245172206366,0.5157427513580071,0.90743139072756,0.23278243589381695,0.40787040388451395,
2024-01-22,2024-01-23,5008.6804,5008.7672,4753.6302,4780.9748,10970849200.0,115622857135.0,5018.4332,Validation,-0.04735460861108254,-473.5460861108254,0.5053063109423754,0.6832148298881413,-0.17790851894576587,0,1,0,0,473.5460861108254,0.483367453188312,0.7905204308858399,0.25325258609195067,0.3993755454380306,
2024-01-23,2024-01-24,4771.4963,4889.4223,4727.8806,4865.743,9994471800.0,107808853142.3,4780.9748,Validation,0.024040131813578114,240.40131813578114,0.4817953955950579,0.6832148298881413,-0.2014194342930834,0,0,0,0,-240.40131813578114,0.4524994051673645,0.6958527521185494,0.24885687146893448,0.4897394720112161,
2024-01-24,2024-01-25,4886.2037,4941.4403,4766.8035,4933.7009,11402580500.0,112683270494.8,4865.743,Validation,0.00929629683674471,92.9629683674471,0.5425057913559925,0.6832148298881413,-0.14070903853214878,0,0,0,0,-92.9629683674471,0.44804068695628163,0.9044335632022453,0.25140572347192924,0.5101331308150224,
2024-01-25,2024-01-26,4931.6273,5074.4943,4910.9591,5073.1779,13230776600.0,134822852027.2,4933.7009,Validation,0.02507498893924942,250.7498893924942,0.5400872827299513,0.6832148298881413,-0.14312754715818998,0,0,0,0,-250.7498893924942,0.43673241331265594,0.8490712388428077,0.3270828704366201,0.5118755239475359,
2024-01-26,2024-01-29,5055.2878,5086.129,5009.9729,5027.0932,11700983600.0,119232918977.8,5073.1779,Validation,-0.0045846054501585964,-45.84605450158597,0.5407200260626341,0.6832148298881413,-0.14249480382550717,0,0,0,0,45.84605450158597,0.4584367707224512,0.794286408065046,0.32984914089578693,0.5617782422607166,
2024-01-29,2024-01-30,5032.1113,5050.1092,4927.9137,4927.9137,11687665700.0,117835011090.9,5027.0932,Validation,-0.02657930081951887,-265.7930081951887,0.5552568075526687,0.6832148298881413,-0.1279580223354726,0,1,0,0,265.7930081951887,0.4452362285312473,0.7675213007978613,0.45559651569874965,0.5546205760932412,
2024-01-30,2024-01-31,4898.3613,4939.3511,4810.099,4814.9908,9967581100.0,95474113525.6,4927.9137,Validation,-0.022772615813374086,-227.72615813374085,0.5693694532138698,0.6832148298881413,-0.11384537667427153,0,1,0,0,227.72615813374085,0.4942609375882273,0.7454080091496135,0.45585780193615005,0.576986096537673,
2024-01-31,2024-02-01,4786.8128,4832.401,4690.9429,4696.9796,12109315800.0,116592536773.1,4814.9908,Validation,-0.024839116332270206,-248.39116332270206,0.5875952527105871,0.6832148298881413,-0.0956195771775542,0,1,0,0,248.39116332270206,0.44585109549368845,0.8674260656042131,0.45462728645968564,0.5819286178276405,
2024-02-01,2024-02-02,4667.9126,4771.0465,4629.9901,4678.7308,11147191000.0,107508825587.6,4696.9796,Validation,0.0038962383314546933,38.96238331454693,0.5813540895402634,0.6832148298881413,-0.10186074034787795,0,0,0,0,-38.96238331454693,0.4081812085361134,0.8873184065325738,0.4548947499681785,0.5877904988491555,
2024-02-02,2024-02-05,4686.0999,4724.0488,4435.5569,4563.2221,13750183200.0,124953077788.8,4678.7308,Validation,-0.033800133027467094,-338.0013302746709,0.5585242088480646,0.6832148298881413,-0.12469062104007667,0,1,0,0,338.0013302746709,0.40149325443890166,0.8318330330020547,0.429475223884567,0.5913668990228618,
2024-02-05,2024-02-06,4527.7091,4598.0608,4281.2399,4460.2635,16595833700.0,143547017412.4,4563.2221,Validation,-0.02571081697806077,-257.1081697806077,0.5654253086673253,0.6832148298881413,-0.11778952122081598,0,1,0,0,257.1081697806077,0.4176221612791228,0.7984340868414206,0.4505725045497065,0.629664240724315,
2024-02-06,2024-02-07,4411.298,4817.1179,4405.3085,4805.9013,17305833500.0,156485198829.2,4460.2635,Validation,0.09127846271097528,912.7846271097528,0.5754566703073531,0.6832148298881413,-0.10775815958078816,0,0,0,0,-912.7846271097528,0.4063001000630827,0.8478248943115325,0.450865544008762,0.6295827887296769,
2024-02-07,2024-02-08,4813.9545,5110.8041,4813.2326,5109.5685,22719893400.0,212618286127.8,4805.9013,Validation,0.0660265276707539,660.265276707539,0.604723740600849,0.6832148298881413,-0.07849108928729231,0,0,0,0,-660.265276707539,0.45453894539798306,0.7335433143434481,0.4511568518706556,0.909586648361406,
2024-02-08,2024-02-19,5131.8032,5367.2243,5129.7843,5150.2288,21367612300.0,212255665093.8,5109.5685,Validation,0.018187505709494012,181.87505709494013,0.6885935385411639,0.6832148298881413,0.00537870865302259,1,0,0,0,-181.87505709494013,0.4737751291058524,0.7157101237322074,0.8087564310214426,0.9324046573464907,预测大跌
2024-02-19,2024-02-20,5225.1379,5225.1379,5074.7611,5141.6037,16294989300.0,172805832899.6,5150.2288,Validation,-0.022500879833238452,-225.00879833238452,0.7038128192936434,0.6832148298881413,0.02059798940550206,1,1,1,1,225.00879833238452,0.4521451230618659,0.7000642657156227,0.939753313659229,0.9207484627950265,预测大跌
2024-02-20,2024-02-21,5107.5677,5151.7201,5072.8837,5140.9575,12164637900.0,133242205643.5,5141.6037,Validation,-0.0012053486828965676,-12.053486828965676,0.7555502575480697,0.6832148298881413,0.0723354276599284,1,0,0,1,12.053486828965676,0.6095987377193663,0.6861859717096842,0.9506323201462817,0.9188469013286974,预测大跌
2024-02-21,2024-02-22,5101.4113,5252.8785,5074.8224,5139.0372,15087250100.0,155561259421.7,5140.9575,Validation,0.006299531268925573,62.995312689255734,0.7993372134428153,0.6832148298881413,0.11612238355467397,1,0,0,0,-62.995312689255734,0.6918862635116821,0.7600376692439684,0.935162111269463,0.9096854498828142,预测大跌
2024-02-22,2024-02-23,5133.5478,5184.6228,5117.6799,5176.3431,11661480600.0,127546517889.3,5139.0372,Validation,0.011122678160316202,111.22678160316201,0.7507443170746381,0.6832148298881413,0.06752948718649676,1,0,0,0,-111.22678160316201,0.6878561148640131,0.6015951066990725,0.9279766209056071,0.9016984471618729,预测大跌
2024-02-23,2024-02-26,5190.6466,5197.7115,5118.568,5197.7115,13526500400.0,145442447176.8,5176.3431,Validation,0.0007880328435381223,7.880328435381223,0.7115544596178056,0.6832148298881413,0.028339629729664306,1,0,0,0,-7.880328435381223,0.7105547856703877,0.43913105256780105,0.9283107004273726,0.8923798979804217,预测大跌
2024-02-26,2024-02-27,5194.737,5255.3615,5162.9504,5195.4642,14401894400.0,152600869381.9,5197.7115,Validation,-0.003834188333307287,-38.34188333307287,0.6609312552757605,0.6832148298881413,-0.02228357461238084,0,0,0,0,38.34188333307287,0.6900521436337531,0.284596642829664,0.933382877383071,0.8830139588981426,
2024-02-27,2024-02-28,5174.8194,5307.8043,5160.8782,5307.8043,13897175100.0,157201596730.4,5195.4642,Validation,0.026398196621122638,263.9819662112264,0.6699020618123487,0.6832148298881413,-0.013312768075792625,0,0,0,0,-263.9819662112264,0.7141952815641793,0.3002082154332993,0.9239075834974267,0.8734856086860623,
2024-02-28,2024-02-29,5311.4253,5383.3193,5184.0471,5184.0471,20256098500.0,214135426954.0,5307.8043,Validation,-0.02961099725905969,-296.1099725905969,0.6424599790289272,0.6832148298881413,-0.04075485085921415,0,1,0,0,296.1099725905969,0.7364089918554054,0.1811974626045062,0.9169845647922061,0.8725564250908884,
2024-02-29,2024-03-01,5154.1487,5349.7678,5154.1487,5346.7929,16079016500.0,178975999913.2,5184.0471,Validation,0.03816496408029524,381.6496408029524,0.6490601622303248,0.6832148298881413,-0.034154667657816495,0,0,0,0,-381.6496408029524,0.7747526790993822,0.14271771175129755,0.9374558792872517,0.8715187412686012,
2024-03-01,2024-03-04,5350.8566,5387.7839,5321.5587,5379.0482,14229839500.0,171103270101.0,5346.7929,Validation,0.006744247266876835,67.44247266876835,0.7057969125427285,0.6832148298881413,0.022582082654587166,1,0,0,0,-67.44247266876835,0.8286982644375618,0.28105075622792863,0.9302330979989715,0.8793375583147732,预测大跌
2024-03-04,2024-03-05,5386.9441,5400.1227,5325.9642,5388.82,14392846900.0,175906403369.0,5379.0482,Validation,-0.005332058299992393,-53.32058299992393,0.7025858416659325,0.6832148298881413,0.019371011777791214,1,0,0,1,53.32058299992393,0.7958204513433021,0.2970791533905045,0.9525437825567868,0.8704068318585967,预测大跌
2024-03-05,2024-03-06,5358.2206,5382.9834,5329.9702,5351.8268,14081647900.0,174282675002.5,5388.82,Validation,-0.004738102794797139,-47.38102794797139,0.6969831846059298,0.6832148298881413,0.013768354717788478,1,0,0,1,47.38102794797139,0.7734349574095369,0.3112690451985546,0.9493814800249882,0.8624752551599657,预测大跌
2024-03-06,2024-03-07,5332.8328,5405.4908,5293.9518,5350.1016,12109956400.0,146843351594.8,5351.8268,Validation,0.004031797134161019,40.31797134161019,0.6672645419119189,0.6832148298881413,-0.015950287976222444,0,0,0,0,-40.31797134161019,0.7479462551283746,0.24630644159916462,0.9419737847296898,0.854767367999835,
2024-03-07,2024-03-08,5354.3337,5384.6567,5277.2988,5277.2988,13983134200.0,157442183149.0,5350.1016,Validation,-0.013433230730464207,-134.3323073046421,0.6604014572179401,0.6832148298881413,-0.022813372670201226,0,0,0,0,134.3323073046421,0.7066290309022514,0.2821464760303956,0.9346734515334503,0.8469900880331545,
2024-03-08,2024-03-11,5282.4077,5361.7104,5268.5296,5349.595,12146797800.0,144003562005.9,5277.2988,Validation,0.011314935043730268,113.14935043730267,0.6655982093965079,0.6832148298881413,-0.017616620491633372,0,0,0,0,-113.14935043730267,0.7142626253273585,0.29804479805078377,0.9306032284490336,0.8410228942012444,
2024-03-11,2024-03-12,5342.1778,5443.0421,5339.2607,5441.0507,14298173200.0,173588864750.5,5349.595,Validation,0.019411521645722685,194.11521645722684,0.6774183230231039,0.6832148298881413,-0.00579650686503741,0,0,0,0,-194.11521645722684,0.6923543929900707,0.3855258736700979,0.9113876973273054,0.8347830710427832,
2024-03-12,2024-03-13,5445.8776,5473.2901,5385.1402,5423.7183,14707253600.0,178848761377.9,5441.0507,Validation,-0.002907501997474138,-29.07501997474138,0.6498559742300776,0.6832148298881413,-0.033358855658063735,0,0,0,0,29.07501997474138,0.6051763981679119,0.3919093197995501,0.9151865226573198,0.8313772145281443,
2024-03-13,2024-03-14,5430.0437,5459.3222,5389.5251,5415.1126,12974630100.0,164526330861.1,5423.7183,Validation,-0.0027428508540363605,-27.428508540363605,0.6181952091624553,0.6832148298881413,-0.06501962072568601,0,0,0,0,27.428508540363605,0.5273006318610257,0.3734569457469517,0.9193217256482403,0.8255891867371696,
2024-03-14,2024-03-15,5415.1499,5447.5416,5352.1195,5392.9267,13188735700.0,157337167775.7,5415.1126,Validation,-0.006487521241101746,-64.87521241101746,0.6142841290001821,0.6832148298881413,-0.06893070088795916,0,0,0,0,64.87521241101746,0.513556858090491,0.40004691436281115,0.8958604494348827,0.8160772647009616,
2024-03-15,2024-03-18,5380.019,5456.7336,5357.1797,5454.1463,13640503000.0,158718756617.2,5392.9267,Validation,0.017155273986950492,171.55273986950493,0.5576343024526362,0.6832148298881413,-0.12558052743550507,0,0,0,0,-171.55273986950493,0.48816522786200905,0.24628077377873464,0.8772183028303194,0.8106967606177324,
2024-03-18,2024-03-19,5472.3147,5528.447,5459.5453,5528.447,15986263800.0,190794115131.3,5454.1463,Validation,0.007717995458119464,77.17995458119464,0.5900138818675122,0.6832148298881413,-0.09320094802062906,0,0,0,0,-77.17995458119464,0.543970349863996,0.30114226187847826,0.8716136374293976,0.8061820584582009,
2024-03-19,2024-03-20,5514.55,5533.639,5477.1172,5478.2248,14677724000.0,176661748327.6,5528.447,Validation,-0.00815007570880677,-81.5007570880677,0.5633855100308893,0.6832148298881413,-0.11982931985725198,0,0,0,0,81.5007570880677,0.4491075932704619,0.31489163811576054,0.8854442137212907,0.7982596414239711,
2024-03-20,2024-03-21,5469.606,5499.2382,5455.7613,5493.414,12627326200.0,157036230421.8,5478.2248,Validation,0.00659873855630555,65.9873855630555,0.5112624801312748,0.6832148298881413,-0.17195234975686646,0,0,0,0,-65.9873855630555,0.3137536458853055,0.29529610372786996,0.8876238873170688,0.7914129767294514,
2024-03-21,2024-03-22,5505.6985,5517.4566,5454.2313,5465.8286,12948945800.0,159252387801.8,5493.414,Validation,-0.009314749073164874,-93.14749073164874,0.5331865304125183,0.6832148298881413,-0.15002829947562302,0,0,0,0,93.14749073164874,0.36703879539285994,0.33091058781905214,0.8640560724279588,0.7852877465966276,
2024-03-22,2024-03-25,5454.4143,5463.5407,5356.108,5384.5656,13709602900.0,163185963748.5,5465.8286,Validation,-0.015517376448650144,-155.17376448650145,0.5311060875704972,0.6832148298881413,-0.15210874231764415,0,0,0,0,155.17376448650145,0.35800395758143155,0.341682381226524,0.8569641165346736,0.7823848100734714,
2024-03-25,2024-03-26,5369.7761,5401.5975,5292.6372,5294.7463,13077825400.0,156251665726.7,5384.5656,Validation,-0.01457293535944626,-145.7293535944626,0.5185998474610094,0.6832148298881413,-0.1646149824271319,0,0,0,0,145.7293535944626,0.34395016974782666,0.32324002123164447,0.8500439991336798,0.7758743999529892,
2024-03-26,2024-03-27,5291.5227,5318.8757,5237.8993,5284.4188,11646811200.0,145296216679.9,5294.7463,Validation,-0.002039016104003588,-20.39016104003588,0.541289991158549,0.6832148298881413,-0.14192483872959227,0,0,0,0,20.39016104003588,0.3071424188604955,0.454802874882072,0.8452159524951547,0.7723078389379148,
2024-03-27,2024-03-28,5280.7332,5282.6954,5156.684,5156.684,11010714200.0,129828707609.3,5284.4188,Validation,-0.023529478823129946,-235.29478823129946,0.5874795064385717,0.6832148298881413,-0.09573532344956959,0,1,0,0,235.29478823129946,0.3418674659367339,0.5840669882339127,0.8405213200786791,0.7674445056079824,
2024-03-28,2024-03-29,5156.4803,5276.6382,5156.4803,5223.806,11631819200.0,140612607112.3,5156.684,Validation,0.012425549264679425,124.25549264679425,0.5760989455620321,0.6832148298881413,-0.10711588432610919,0,0,0,0,-124.25549264679425,0.32138866327997684,0.5719272958109919,0.8331674015394684,0.7711895555067447,
2024-03-29,2024-04-01,5220.5524,5287.0376,5211.1946,5286.1612,10904714900.0,126574031377.1,5223.806,Validation,0.017101657671322545,171.01657671322545,0.6175658232107872,0.6832148298881413,-0.06564900667735407,0,0,0,0,-171.01657671322545,0.31592741088684506,0.735491440505845,0.8253967013741148,0.7664101616582377,
2024-04-01,2024-04-02,5309.8325,5401.7799,5309.8325,5401.2249,13673485400.0,166553105409.3,5286.1612,Validation,0.016130188664143175,161.30188664143174,0.6138755663424892,0.6832148298881413,-0.06933926354565212,0,0,0,0,-161.30188664143174,0.3643069840334909,0.6694237169797685,0.8199962740326153,0.7635835670599481,
2024-04-02,2024-04-03,5395.4811,5402.1597,5353.3119,5381.2291,13214864200.0,155779915085.8,5401.2249,Validation,-0.004073594104518352,-40.73594104518352,0.5773282064230982,0.6832148298881413,-0.10588662346504307,0,0,0,0,40.73594104518352,0.2566411289791664,0.6586165002779499,0.838890998420061,0.7568848927496389,
2024-04-03,2024-04-08,5373.5021,5386.3422,5350.1601,5374.5954,13362805300.0,154114398165.9,5381.2291,Validation,-0.0027069124993920335,-27.069124993920333,0.5747509617794898,0.6832148298881413,-0.1084638681086515,0,0,0,0,27.069124993920333,0.2495419128995938,0.6487818091700897,0.8539635155359988,0.7523489463005189,
2024-04-08,2024-04-09,5358.9565,5383.6587,5297.559,5298.5912,14858855900.0,161260958590.0,5374.5954,Validation,-0.012032603735447456,-120.32603735447455,0.5607269022689423,0.6832148298881413,-0.12248792761919902,0,0,0,0,120.32603735447455,0.25803246036717387,0.6009206733563555,0.8412083730350488,0.7479514696038303,
2024-04-09,2024-04-10,5294.4743,5342.8982,5284.9557,5342.8982,11330074500.0,133262737277.5,5298.5912,Validation,0.007792256164129485,77.92256164129485,0.5511531214816776,0.6832148298881413,-0.1320617084064637,0,0,0,0,-77.92256164129485,0.22065531517684148,0.6228385657997518,0.8290888177239429,0.74584984998971,
2024-04-10,2024-04-11,5335.7302,5335.7302,5242.863,5275.4727,11790861800.0,132251020973.6,5342.8982,Validation,-0.01718149092321042,-171.81490923210418,0.5565169727768864,0.6832148298881413,-0.12669785711125492,0,1,0,0,171.81490923210418,0.22401415575081035,0.6434863784030511,0.8248274084940602,0.7419621500003953,
2024-04-11,2024-04-12,5244.0544,5353.8091,5240.5101,5301.8094,12774514300.0,141290912857.4,5275.4727,Validation,0.01214100677521568,121.41006775215679,0.5308745736927745,0.6832148298881413,-0.15234025619536684,0,0,0,0,-121.41006775215679,0.29900461590877386,0.45834393232768644,0.8307258141541467,0.7382314007382926,
2024-04-12,2024-04-15,5307.7225,5336.4477,5270.4618,5277.219,11852493300.0,136145117631.0,5301.8094,Validation,-0.007099278457002867,-70.99278457002866,0.594331992176907,0.6832148298881413,-0.08888283771123429,0,0,0,0,70.99278457002866,0.4711264584111703,0.4924477403293409,0.8140245157662278,0.7323639722270223,
2024-04-15,2024-04-16,5270.0415,5376.0484,5219.4286,5339.7223,15921762400.0,169269295711.9,5277.219,Validation,0.007411516588626377,74.11516588626377,0.5759643246612429,0.6832148298881413,-0.10725050522689838,0,0,0,0,-74.11516588626377,0.43163748545449115,0.4664763542421846,0.8261251881067087,0.7302916189714271,
2024-04-16,2024-04-17,5309.1005,5346.7615,5184.6535,5191.554,16258397300.0,168778499341.7,5339.7223,Validation,-0.018430975265960714,-184.30975265960714,0.5011086231423704,0.6832148298881413,-0.18210620674577094,0,1,0,0,184.30975265960714,0.3734593512202129,0.2739422065693879,0.8219412857766357,0.728759643857559,
2024-04-17,2024-04-18,5211.2486,5339.7467,5211.2486,5339.7467,14759455200.0,155660732929.5,5191.554,Validation,0.020446155648763398,204.46155648763397,0.4934826815888834,0.6832148298881413,-0.18973214829925789,0,0,0,0,-204.46155648763397,0.33757251331624516,0.29085699279579064,0.8211129175554097,0.7288951701021784,
2024-04-18,2024-04-19,5317.7986,5410.6963,5299.2288,5349.8361,15349768200.0,167338860159.0,5339.7467,Validation,0.0008575352966544436,8.575352966544436,0.5614280600101044,0.6832148298881413,-0.12178676987803694,0,0,0,0,-8.575352966544436,0.3326672182606599,0.5420357870045986,0.8170576505399598,0.7299906395087574,
2024-04-19,2024-04-22,5322.3588,5369.9543,5292.0162,5314.8667,14213421600.0,156010347135.9,5349.8361,Validation,-0.006191277446383259,-61.91277446383259,0.5797130176013828,0.6832148298881413,-0.10350181228675848,0,0,0,0,61.91277446383259,0.37564901783600946,0.5399366146044546,0.8382677107676864,0.7274450192437584,
2024-04-22,2024-04-23,5289.4066,5340.6307,5264.1859,5267.5811,13526688200.0,150190436487.7,5314.8667,Validation,-0.005981880840849052,-59.81880840849052,0.5591804542152485,0.6832148298881413,-0.12403437567289277,0,0,0,0,59.81880840849052,0.3766714769801138,0.47620441056909124,0.8267787031569299,0.7242725149258729,
2024-04-23,2024-04-24,5257.766,5280.0593,5196.955,5208.2712,12580112000.0,139018868110.2,5267.5811,Validation,-0.009050022385933332,-90.50022385933332,0.553728462716396,0.6832148298881413,-0.12948636717174533,0,0,0,0,90.50022385933332,0.32208115881838395,0.5328911174353244,0.8225785310000625,0.7127754938515053,
2024-04-24,2024-04-25,5210.1831,5263.0391,5183.7005,5263.0391,11729722000.0,139471094806.5,5208.2712,Validation,0.005815265878084119,58.15265878084119,0.5062447463470969,0.6832148298881413,-0.17697008354104438,0,0,0,0,-58.15265878084119,0.2702991675425486,0.4306172678578753,0.8184864645179263,0.7106448261780096,
2024-04-25,2024-04-26,5240.4817,5297.1627,5229.8248,5259.3354,11083392900.0,127544603285.3,5263.0391,Validation,0.0034162890025928316,34.16289002592832,0.5814392368413532,0.6832148298881413,-0.10177559304678807,0,0,0,0,-34.16289002592832,0.3677354605571178,0.5908130430840793,0.8082245620677286,0.7073257783343166,
2024-04-26,2024-04-29,5258.3847,5379.6707,5258.3847,5372.1209,17377770100.0,193788859192.2,5259.3354,Validation,0.02145668421711333,214.56684217113332,0.5250275466038602,0.6832148298881413,-0.1581872832842811,0,0,0,0,-214.56684217113332,0.4628264584843263,0.29394421460026704,0.8097756845353371,0.6700720002083773,
2024-04-29,2024-04-30,5371.2122,5488.2776,5371.2122,5478.4908,19093605500.0,212148850246.6,5372.1209,Validation,0.01860946771010097,186.0946771010097,0.5295860790350986,0.6832148298881413,-0.15362875085304273,0,0,0,0,-186.0946771010097,0.4647315083931779,0.30852812644773014,0.8103655244613835,0.6681817212159328,
2024-04-30,2024-05-06,5471.1676,5478.0353,5436.5752,5441.1411,16279734400.0,175143689576.2,5478.4908,Validation,0.0049855171682184896,49.855171682184896,0.5444533543486331,0.6832148298881413,-0.13876147553950824,0,0,0,0,-49.855171682184896,0.5701846269936457,0.2298444653693756,0.8136280366098473,0.6702247675825123,
2024-05-06,2024-05-07,5498.4442,5535.9488,5496.9071,5528.6036,16579162600.0,187906843862.2,5441.1411,Validation,0.0061615247454906985,61.615247454906985,0.5024172458484019,0.6832148298881413,-0.18079758403973945,0,0,0,0,-61.615247454906985,0.42089943646877126,0.2528235613020239,0.8318978065550316,0.6593957677646622,
2024-05-07,2024-05-08,5532.323,5543.1251,5507.5008,5527.0847,13653540200.0,162155744860.2,5528.6036,Validation,-0.0028695540733975067,-28.695540733975065,0.431496050032147,0.6832148298881413,-0.2517187798559943,0,0,0,0,28.695540733975065,0.31440152724600473,0.12839945391456226,0.833181105918149,0.6584240023152199,
2024-05-08,2024-05-09,5516.4477,5516.4477,5454.8735,5458.7559,12395562100.0,139472996786.3,5527.0847,Validation,-0.00998608216660879,-99.8608216660879,0.4176674026361723,0.6832148298881413,-0.265547427251969,0,0,0,0,99.8608216660879,0.24416305078009826,0.16970845987022426,0.8356284662371826,0.6455958377193497,
2024-05-09,2024-05-10,5461.36,5568.7324,5461.36,5556.7712,13112123000.0,153999870752.3,5458.7559,Validation,0.018463001889639452,184.63001889639452,0.41038710569077425,0.6832148298881413,-0.27282772419736706,0,0,0,0,-184.63001889639452,0.1824514963678521,0.22372209841221843,0.8311966504143292,0.6428009142445683,
2024-05-10,2024-05-13,5562.1931,5570.5652,5497.4972,5535.3954,12868803000.0,144026969940.9,5556.7712,Validation,-0.010618922956845966,-106.18922956845967,0.4268149924153065,0.6832148298881413,-0.2563998374728348,0,0,0,0,106.18922956845967,0.18741984702082545,0.2822661010462911,0.8268822774352839,0.6383977193718868,
2024-05-13,2024-05-14,5503.1286,5527.2001,5462.5075,5505.2595,13162758800.0,146159918962.1,5535.3954,Validation,0.0009699391724191653,9.699391724191653,0.45397756324304595,0.6832148298881413,-0.22923726664509536,0,0,0,0,-9.699391724191653,0.2906429084375128,0.24221175894998026,0.8415142904660033,0.6387908622861025,
2024-05-14,2024-05-15,5508.4663,5538.7434,5484.964,5500.7379,11899439900.0,132592062465.6,5505.2595,Validation,-0.0023435198287407033,-23.435198287407033,0.4916718183993235,0.6832148298881413,-0.1915430114888178,0,0,0,0,23.435198287407033,0.38522153001468495,0.277894338216338,0.8369244988662105,0.6172668358949356,
2024-05-15,2024-05-16,5495.5571,5497.0842,5441.3548,5446.6557,11012498900.0,121525793558.0,5500.7379,Validation,-0.006268591040569871,-62.685910405698706,0.4824572625086651,0.6832148298881413,-0.2007575673794762,0,0,0,0,62.685910405698706,0.35499651031477364,0.2943256210795118,0.8230985203012395,0.6141600039569126,
2024-05-16,2024-05-17,5461.1077,5475.3735,5408.1251,5424.6652,12210811900.0,133148761562.0,5446.6557,Validation,-0.0077731849163127364,-77.73184916312736,0.45259632556896723,0.6832148298881413,-0.23061850431917408,0,0,0,0,77.73184916312736,0.3343424127837211,0.334922374733889,0.8189945830829561,0.4060177001172669,
2024-05-17,2024-05-20,5418.6575,5493.2007,5409.7047,5491.8944,12691616800.0,139244609264.9,5424.6652,Validation,0.014419235760887217,144.19235760887216,0.5228697874168524,0.6832148298881413,-0.1603450424712889,0,0,0,0,-144.19235760887216,0.506927074771909,0.4268497236885006,0.8125867987656109,0.3264222727074301,
2024-05-20,2024-05-21,5496.7904,5536.662,5484.358,5523.5013,14497144800.0,163572079873.3,5491.8944,Validation,0.002673087189207779,26.73087189207779,0.5934764818844294,0.6832148298881413,-0.08973834800371194,0,0,0,0,-26.73087189207779,0.6168251077421865,0.5454025119440845,0.8087466965947546,0.3319935541056019,
2024-05-21,2024-05-22,5511.4838,5513.4235,5460.975,5478.9131,10869119200.0,123832374658.6,5523.5013,Validation,-0.007162136628252491,-71.62136628252492,0.5798060292326006,0.6832148298881413,-0.1034088006555407,0,0,0,0,71.62136628252492,0.5863333655012773,0.5431267295207778,0.8172518564461887,0.3036362017386682,
2024-05-22,2024-05-23,5472.0098,5486.3049,5455.0766,5468.6068,11305778200.0,126572719199.3,5478.9131,Validation,-0.004215909847237409,-42.15909847237409,0.5150762312555135,0.6832148298881413,-0.1681385986326278,0,0,0,0,42.15909847237409,0.4115134390345393,0.5409687026839571,0.7952269025827932,0.3046281666502975,
2024-05-23,2024-05-24,5448.9403,5448.9403,5352.3934,5362.3053,12665756900.0,135749197020.0,5468.6068,Validation,-0.018431161743504454,-184.31161743504452,0.5223840473075317,0.6832148298881413,-0.16083078258060957,0,1,0,0,184.31161743504452,0.38725732008891756,0.609986213398873,0.7791898993381916,0.30311650544508223,
2024-05-24,2024-05-27,5348.51,5400.1594,5311.4888,5313.4546,10656417500.0,117396142024.9,5362.3053,Validation,-0.0042365443833890515,-42.36544383389052,0.4578836384969083,0.6832148298881413,-0.22533119139123303,0,0,0,0,42.36544383389052,0.28423588935784466,0.5029915880984185,0.7761170370466102,0.3103752706089354,
2024-05-27,2024-05-28,5325.8508,5373.1116,5284.5055,5371.3693,11564322900.0,124785634504.8,5313.4546,Validation,0.007037223048005803,70.37223048005802,0.5567268087691558,0.6832148298881413,-0.1264880211189855,0,0,0,0,-70.37223048005802,0.344725188906437,0.7831889313053648,0.7731092538548624,0.31339567454622075,
2024-05-28,2024-05-29,5363.33,5365.473,5310.3183,5316.1286,11096537300.0,120979080988.0,5371.3693,Validation,-0.010205786330507394,-102.05786330507394,0.5657608521167724,0.6832148298881413,-0.1174539777713689,0,0,0,0,102.05786330507394,0.45985233750978877,0.6765061316748593,0.7701642651572829,0.3159575134992586,
2024-05-29,2024-05-30,5308.593,5361.744,5305.9631,5328.3064,10436126700.0,112762595771.6,5316.1286,Validation,0.0014703142621783627,14.703142621783627,0.523952390702557,0.6832148298881413,-0.15926243918558436,0,0,0,0,-14.703142621783627,0.35019296575721753,0.6649966085567023,0.7763541495051378,0.2993113691131001,
2024-05-30,2024-05-31,5316.3983,5349.688,5296.4925,5308.66,10735018700.0,114757614217.4,5328.3064,Validation,-0.0010677341462544954,-10.677341462544954,0.6056507845297696,0.6832148298881413,-0.07756404535837169,0,0,0,0,10.677341462544954,0.5201137447613308,0.7628021974171094,0.7733414740882906,0.28182732334189103,
2024-05-31,2024-06-03,5310.7218,5357.021,5308.5403,5308.5403,10415114700.0,113019704335.1,5308.66,Validation,-0.0018707249925989933,-18.707249925989935,0.562697700306717,0.6832148298881413,-0.12051712958142435,0,0,0,0,18.707249925989935,0.5066589641512866,0.6523261350264741,0.7722796305402031,0.23675509980638806,
2024-06-03,2024-06-04,5300.7869,5316.3352,5232.688,5274.0687,12696851500.0,129543758977.7,5308.5403,Validation,-0.007085985667524275,-70.85985667524275,0.5162322236798595,0.6832148298881413,-0.16698260620828176,0,0,0,0,70.85985667524275,0.4788156161899082,0.5202053650108397,0.7693519188497141,0.24074993640824094,
2024-06-04,2024-06-05,5263.2256,5352.2839,5247.5837,5341.9496,10808314400.0,117835610768.9,5274.0687,Validation,0.012471857562024402,124.71857562024402,0.5071399361824221,0.6832148298881413,-0.17607489370571916,0,0,0,0,-124.71857562024402,0.43185616327035964,0.5567521643552026,0.7508052291635395,0.24525677646915292,
2024-06-05,2024-06-06,5328.8678,5347.4297,5277.9405,5277.9405,10579275700.0,111608396273.0,5341.9496,Validation,-0.007008430571311952,-70.08430571311952,0.5733636207214838,0.6832148298881413,-0.10985120916665747,0,0,0,0,70.08430571311952,0.514667448141855,0.6886953736335012,0.7482981650007962,0.25572742147310973,
2024-06-06,2024-06-07,5291.5208,5305.878,5213.6618,5228.8002,13336823100.0,135739981470.4,5277.9405,Validation,-0.008385982343677045,-83.85982343677045,0.5066880863899478,0.6832148298881413,-0.17652674349819353,0,0,0,0,83.85982343677045,0.4346842151054556,0.5336175329919166,0.7625965817494333,0.2606956001967554,
2024-06-07,2024-06-11,5247.1462,5258.818,5172.0505,5208.9798,11352747800.0,118553769519.2,5228.8002,Validation,-0.012336858462224654,-123.36858462224653,0.5174419987677046,0.6832148298881413,-0.16577283112043673,0,0,0,0,123.36858462224653,0.417333965547011,0.5936985957868248,0.7598641584212545,0.26339205505458696,
2024-06-11,2024-06-12,5182.4129,5232.8495,5159.334,5217.4702,11643711600.0,119660626659.4,5208.9798,Validation,0.005156188925046878,51.56188925046878,0.465219727952083,0.6832148298881413,-0.2179951019360583,0,0,0,0,-51.56188925046878,0.45723637221977925,0.3583069880970857,0.7571851821177967,0.26782915415161707,
2024-06-12,2024-06-13,5209.1344,5245.9909,5205.5716,5232.9534,10306556900.0,111341271703.7,5217.4702,Validation,0.004372165939892092,43.72165939892092,0.6102545247248087,0.6832148298881413,-0.07296030516333263,0,0,0,0,-43.72165939892092,0.7256046703160082,0.5596254375881377,0.7482997272624515,0.26392421434342495,
2024-06-13,2024-06-14,5231.9096,5233.7954,5182.7423,5194.59,11823276400.0,123194241679.1,5232.9534,Validation,-0.009866550446513855,-98.66550446513855,0.658574021865904,0.6832148298881413,-0.024640808022237337,0,0,0,0,98.66550446513855,0.8658885647625526,0.5565678245644553,0.7528218617694719,0.2669506836206545,
2024-06-14,2024-06-17,5180.2887,5235.8781,5163.384,5213.0927,13399862000.0,146009261400.6,5194.59,Validation,0.001736447623083226,17.36447623083226,0.5797780131929606,0.6832148298881413,-0.10343681669518068,0,0,0,0,-17.36447623083226,0.8419717983815201,0.2990482957876626,0.7561247045805248,0.2714165244686418,
2024-06-17,2024-06-18,5189.284,5223.5894,5184.5987,5207.128,10797066400.0,135704407617.0,5213.0927,Validation,0.0036023659526054352,36.02365952605435,0.6660576761727898,0.6832148298881413,-0.017157153715351536,0,0,0,0,-36.02365952605435,0.8971872806194958,0.5661731723870929,0.7199568985322334,0.2755937176042734,
2024-06-18,2024-06-19,5207.9777,5243.5867,5204.9707,5230.8913,9409090300.0,120391272834.4,5207.128,Validation,0.00527999572655613,52.799957265561304,0.6780725117279288,0.6832148298881413,-0.005142318160212489,0,0,0,0,-52.799957265561304,0.9697766454448103,0.53269126937953,0.7067660000856508,0.27316485519738504,
2024-06-19,2024-06-20,5235.4758,5236.3018,5168.8204,5168.8204,8784959000.0,111740529823.1,5230.8913,Validation,-0.014003483694834395,-140.03483694834395,0.6413643806470086,0.6832148298881413,-0.04185044924113268,0,0,0,0,140.03483694834395,0.9309738479784609,0.47505640419618433,0.6715118005482416,0.2755305189924197,
2024-06-20,2024-06-21,5162.1609,5184.747,5092.2867,5094.5653,9560900300.0,113062777426.7,5168.8204,Validation,-0.01593098347631894,-159.30983476318937,0.5812198293591967,0.6832148298881413,-0.10199500052894461,0,0,0,0,159.30983476318937,0.9058174494941614,0.2800413995109444,0.6786626442727143,0.2845282683007508,
2024-06-21,2024-06-24,5079.9226,5128.1378,5071.6547,5102.3292,8383890700.0,98090349439.3,5094.5653,Validation,-0.001401556787498981,-14.01556787498981,0.6843693869066475,0.6832148298881413,0.001154557018506197,1,0,0,1,14.01556787498981,0.8614808783718431,0.6993184332996384,0.6772608131296883,0.2916209252986919,预测大跌
2024-06-24,2024-06-25,5072.8028,5078.955,4986.7679,4992.9097,10018664600.0,113108464981.7,5102.3292,Validation,-0.01650596392195669,-165.0596392195669,0.7197661832540222,0.6832148298881413,0.03655135336588089,1,0,0,1,165.0596392195669,0.8491813010603132,0.8414072313407914,0.6758762049423537,0.2922359439423521,预测大跌
2024-06-25,2024-06-26,4989.0713,5007.3355,4918.0393,4948.6343,9163677900.0,104683752506.4,4992.9097,Validation,-0.009401769824375794,-94.01769824375793,0.6580795022933816,0.6832148298881413,-0.02513532759475967,0,0,0,0,94.01769824375793,0.7998737809081413,0.6808351830573587,0.6745084655027466,0.2943543944871799,
2024-06-26,2024-06-27,4942.1652,5024.7679,4915.6644,5020.4318,9339462100.0,102152255030.0,4948.6343,Validation,0.011498684827451644,114.98684827451643,0.6715835232507497,0.6832148298881413,-0.011631306637391647,0,0,0,0,-114.98684827451643,0.7820198392862635,0.7567878278133847,0.6667994970048777,0.29437685477874503,
2024-06-27,2024-06-28,4998.9936,5000.1752,4925.1601,4928.0514,8853718700.0,97364975399.3,5020.4318,Validation,-0.016868255242415198,-168.68255242415196,0.6937328753260388,0.6832148298881413,0.010518045437897472,1,0,0,1,168.68255242415196,0.7590957106872349,0.8585424835126546,0.665539003600851,0.30518660947905235,预测大跌
2024-06-28,2024-07-01,4914.6693,5003.4091,4914.5467,4942.7817,10630834200.0,114743251798.9,4928.0514,Validation,0.005924589880340392,59.24589880340392,0.6779394346713847,0.6832148298881413,-0.005275395216756573,0,0,0,0,-59.24589880340392,0.7391785068797126,0.8198357887688316,0.6830452155601482,0.2924673378361062,
2024-07-01,2024-07-02,4943.7867,5017.6099,4929.0871,5003.1608,9731279300.0,110821074065.9,4942.7817,Validation,0.011486943803623362,114.86943803623362,0.6437799981766332,0.6832148298881413,-0.03943483171150808,0,0,0,0,-114.86943803623362,0.7168176853528677,0.8534648500825571,0.5196797010261177,0.29226433067372715,
2024-07-02,2024-07-03,5000.5757,5002.7424,4934.1169,4949.4771,9620933400.0,105902911013.0,5003.1608,Validation,-0.011033989546443634,-110.33989546443634,0.5983689932539862,0.6832148298881413,-0.08484583663415513,0,0,0,0,110.33989546443634,0.6861478773868873,0.8158102407729971,0.4073928013324689,0.29390894520538774,
2024-07-03,2024-07-04,4945.3994,4950.5148,4905.3897,4910.9245,8452833100.0,96121126342.0,4949.4771,Validation,-0.005653335097666856,-56.53335097666856,0.5697734997852556,0.6832148298881413,-0.1134413301028857,0,0,0,0,56.53335097666856,0.6336105299185626,0.785298531158476,0.3957909411556873,0.29617702396449885,
2024-07-04,2024-07-05,4917.4414,4935.6055,4827.342,4834.4982,9100846600.0,98771611006.7,4910.9245,Validation,-0.018013148057036243,-180.13148057036244,0.5711997864564953,0.6832148298881413,-0.11201504343164603,0,1,0,0,180.13148057036244,0.58196161667385,0.8502382098522492,0.39645249088739326,0.30029118770956126,
2024-07-05,2024-07-08,4828.8628,4877.9326,4794.1292,4866.2647,8313327900.0,93724633826.8,4834.4982,Validation,0.005831952815060326,58.31952815060326,0.5468637506538337,0.6832148298881413,-0.13635107923430756,0,0,0,0,-58.31952815060326,0.5946660608409827,0.7388679549494371,0.39710884402431357,0.31518948060442603,
2024-07-08,2024-07-09,4857.0245,4857.2655,4768.5636,4783.6165,9025450000.0,96789200226.5,4866.2647,Validation,-0.016823345239456833,-168.23345239456833,0.5395001933845589,0.6832148298881413,-0.1437146365035824,0,0,0,0,168.23345239456833,0.5755337491783851,0.7434387558881979,0.3862614895166384,0.3167396207597005,
2024-07-09,2024-07-10,4775.3131,4888.4822,4745.3165,4876.899,11140196800.0,126704548339.3,4783.6165,Validation,0.017207227731308228,172.07227731308228,0.4128045211429549,0.6832148298881413,-0.2704103087451864,0,0,0,0,-172.07227731308228,0.2350825550132619,0.7078601508643533,0.37739739976142617,0.3228011390557069,
2024-07-10,2024-07-11,4857.483,4891.3725,4836.17,4844.1624,10095318600.0,117244916014.0,4876.899,Validation,0.009331499461758153,93.31499461758153,0.4208057025991402,0.6832148298881413,-0.2624091272890011,0,0,0,0,-93.31499461758153,0.2607703675869316,0.6971106882055618,0.3767834605936748,0.33787764744636045,
2024-07-11,2024-07-12,4902.8106,4941.7015,4871.172,4939.7318,11527549400.0,133127527342.5,4844.1624,Validation,0.004929947732429385,49.299477324293846,0.37734506984289434,0.6832148298881413,-0.30586976004524696,0,0,0,0,-49.299477324293846,0.2445259404193762,0.5400353368365607,0.40944472360806483,0.3307407287018447,
2024-07-12,2024-07-15,4926.9812,4937.3471,4905.7967,4919.3639,9717510600.0,115594261299.6,4939.7318,Validation,-0.00476257145044523,-47.6257145044523,0.3645312227189574,0.6832148298881413,-0.3186836071691839,0,0,0,0,47.6257145044523,0.22826848085084583,0.5380359771681181,0.378251928967582,0.3315902578108044,
2024-07-15,2024-07-16,4903.5161,4903.5161,4868.743,4883.8971,8682431200.0,102734711417.3,4919.3639,Validation,-0.0052850035508194,-52.850035508194004,0.28309417675709125,0.6832148298881413,-0.40012065313105005,0,0,0,0,52.850035508194004,0.21352657518927656,0.2600813618870866,0.3881769996584216,0.32670887462187614,
2024-07-16,2024-07-17,4877.601,4907.8321,4850.4315,4898.3626,8726797800.0,113648284397.5,4883.8971,Validation,0.0032419010903106393,32.4190109031064,0.3004674853674985,0.6832148298881413,-0.3827473445206428,0,0,0,0,-32.4190109031064,0.24058610404945652,0.34730034253108777,0.3205945870445609,0.3180831558260957,
2024-07-17,2024-07-18,4893.4137,4900.3599,4853.603,4856.5794,9690954700.0,117932902593.7,4898.3626,Validation,-0.014567213068455764,-145.67213068455766,0.33400978543082666,0.6832148298881413,-0.34920504445731465,0,0,0,0,145.67213068455766,0.266125513258256,0.4506398197814681,0.3105923616473834,0.30636026138615136,
2024-07-18,2024-07-19,4822.1303,4879.6927,4793.4294,4877.6916,9665475000.0,115283847816.1,4856.5794,Validation,0.006410424040179885,64.10424040179885,0.2803401348911771,0.6832148298881413,-0.4028746949969642,0,0,0,0,-64.10424040179885,0.2552282078279763,0.26620455015461353,0.317615503579393,0.3071866212431678,
2024-07-19,2024-07-22,4853.0422,4900.3787,4842.9297,4872.0532,9329074600.0,111989382468.3,4877.6916,Validation,0.0040374674673135935,40.374674673135935,0.36555746575304054,0.6832148298881413,-0.31765736413510076,0,0,0,0,-40.374674673135935,0.3578363769506633,0.4367525299692229,0.3190644586434864,0.32130130185541006,
2024-07-22,2024-07-23,4872.6362,4885.3641,4839.1121,4865.9778,9271045800.0,110307683161.2,4872.0532,Validation,-0.0019836695380622826,-19.836695380622828,0.3046564901822684,0.6832148298881413,-0.3785583397058729,0,0,0,0,19.836695380622828,0.38664742090474924,0.17727955769358722,0.3245930768755871,0.32592258754887565,
2024-07-23,2024-07-24,4862.9705,4862.9705,4722.7994,4722.7994,10240371200.0,110578297603.3,4865.9778,Validation,-0.030985896377533018,-309.85896377533015,0.3176018994751802,0.6832148298881413,-0.3656129304129611,0,1,0,0,309.85896377533015,0.39332673310414246,0.2090406420352461,0.33301152524820476,0.3254805930956114,
2024-07-24,2024-07-25,4712.287,4738.762,4661.8271,4668.0621,11267463500.0,103026731862.0,4722.7994,Validation,-0.014401775613412382,-144.01775613412383,0.29796859463555364,0.6832148298881413,-0.38524623525258767,0,0,0,0,144.01775613412383,0.3991778268523865,0.12911758145257615,0.31461619637379673,0.3554977968549098,
2024-07-25,2024-07-26,4644.4217,4710.4627,4635.244,4665.4488,8860007400.0,95885153870.2,4668.0621,Validation,0.0056034102157431764,56.03410215743176,0.40468135070943984,0.6832148298881413,-0.27853347917870147,0,0,0,0,-56.03410215743176,0.4002464279487785,0.5323951507264034,0.2838372268142394,0.35676708190205914,
2024-07-26,2024-07-29,4670.4463,4744.4537,4670.4463,4736.3771,8647204900.0,94118612207.0,4665.4488,Validation,0.014999144728417013,149.99144728417014,0.4649417796570037,0.6832148298881413,-0.21827305023113763,0,0,0,0,-149.99144728417014,0.41586666296277397,0.7346715811220279,0.2857583441545239,0.34357647388435897,
2024-07-29,2024-07-30,4740.499,4742.1481,4702.9803,4708.8443,8110203900.0,90979232032.0,4736.3771,Validation,-0.0096981984386032,-96.98198438603201,0.4539619332127002,0.6832148298881413,-0.22925289667544113,0,0,0,0,96.98198438603201,0.39477961409675805,0.7166569907454022,0.2968363126768359,0.3360557388886614,
2024-07-30,2024-07-31,4694.5247,4712.0417,4650.5592,4699.282,8335338200.0,86181033613.6,4708.8443,Validation,4.347617981426133e-05,0.4347617981426133,0.4553644295947413,0.6832148298881413,-0.22785040029339998,0,0,0,0,-0.4347617981426133,0.4460305684775054,0.6360966185443336,0.3241456536382376,0.3393433707472737,
2024-07-31,2024-08-01,4694.7288,4887.9192,4687.0458,4886.4136,14318091900.0,146601666177.8,4699.282,Validation,0.042418232976524584,424.1823297652458,0.4631229336611295,0.6832148298881413,-0.2200918962270118,0,0,0,0,-424.1823297652458,0.44048492188421495,0.6915581320385983,0.2962129320064567,0.34096836380167717,
2024-08-01,2024-08-02,4893.8709,4928.2412,4834.6536,4852.9725,11321339300.0,119765528788.7,4886.4136,Validation,-0.01572048008050242,-157.2048008050242,0.4808328571402002,0.6832148298881413,-0.20238197274794112,0,0,0,0,157.2048008050242,0.4779397523352803,0.6785465579888164,0.2853191553425505,0.4098130683373445,
2024-08-02,2024-08-05,4816.9369,4874.7114,4783.115,4788.6159,9852984400.0,105654740577.4,4852.9725,Validation,-0.012634875910456644,-126.34875910456644,0.4556986547498174,0.6832148298881413,-0.2275161751383239,0,0,0,0,126.34875910456644,0.5678660400661157,0.4187741905363111,0.3613868424117201,0.4116395152912031,
2024-08-05,2024-08-06,4756.0755,4846.542,4693.8165,4693.8478,11333814800.0,123487463651.4,4788.6159,Validation,-0.0032845567737517234,-32.845567737517236,0.5242253575990286,0.6832148298881413,-0.15898947228911275,0,0,0,0,32.845567737517236,0.5522284734296922,0.6969376678975777,0.35014877776754033,0.40182749070470336,
2024-08-06,2024-08-07,4740.4539,4774.9279,4699.1769,4750.776,10777477000.0,105286322238.1,4693.8478,Validation,0.0015876960642946525,15.876960642946525,0.5636785069986107,0.6832148298881413,-0.11953632288953064,0,0,0,0,-15.876960642946525,0.5628753480634198,0.823406051851486,0.35122476883129966,0.4029859062234118,
2024-08-07,2024-08-08,4747.9803,4783.4202,4719.938,4751.9408,9698948100.0,96834771203.2,4750.776,Validation,-0.002293101342480286,-22.93101342480286,0.5432729828718326,0.6832148298881413,-0.13994184701630874,0,0,0,0,22.93101342480286,0.5184948749320891,0.8025176242634614,0.3522896616760717,0.40485040645260817,
2024-08-08,2024-08-09,4737.0927,4791.6592,4701.7856,4755.8149,10430925300.0,95364149202.0,4751.9408,Validation,0.008689739172720756,86.89739172720756,0.423235568676954,0.6832148298881413,-0.2599792612111873,0,0,0,0,-86.89739172720756,0.551508412844898,0.33011273038891203,0.35630433945745515,0.4056511820009573,
2024-08-09,2024-08-12,4778.2568,4805.0992,4720.3104,4720.3104,10881958600.0,88057504682.2,4755.8149,Validation,-0.012828171981045466,-128.28171981045466,0.3568153301250935,0.6832148298881413,-0.32639949976304783,0,0,0,0,128.28171981045466,0.4590601173793044,0.20428179430627594,0.35731773348598245,0.4057880402716035,
2024-08-12,2024-08-13,4716.9605,4737.1908,4696.0525,4714.1586,8910083200.0,76375856580.1,4720.3104,Validation,-0.0006361511825253574,-6.361511825253574,0.37542685905114254,0.6832148298881413,-0.30778797083699877,0,0,0,0,6.361511825253574,0.47597990657429856,0.23130303794407814,0.3748905435309447,0.4147057538420707,
2024-08-13,2024-08-14,4713.9598,4731.8353,4680.5879,4731.8353,8136517300.0,71101413451.5,4714.1586,Validation,0.0033633719150512054,33.63371915051205,0.42092603166725817,0.6832148298881413,-0.26228879822088313,0,0,0,0,-33.63371915051205,0.4735948978417132,0.41913340385083003,0.3520226899838946,0.40688388453991503,
2024-08-14,2024-08-15,4729.8146,4730.2369,4667.0731,4667.0731,7458803000.0,68308163886.2,4731.8353,Validation,-0.015459295169836018,-154.5929516983602,0.3828487009202255,0.6832148298881413,-0.3003661289679158,0,0,0,0,154.5929516983602,0.48425871913502927,0.2936725210878178,0.32154753982573997,0.40769982342539807,
2024-08-15,2024-08-16,4656.695,4746.4095,4647.7947,4698.375,9097329300.0,83712897622.1,4667.0731,Validation,0.010073496331625797,100.73496331625797,0.3911893973447504,0.6832148298881413,-0.2920254325433909,0,0,0,0,-100.73496331625797,0.5071994724729041,0.30827755420447356,0.30036142003051486,0.4146521819999818,
2024-08-16,2024-08-19,4703.6042,4708.0187,4662.1132,4670.3789,8737958000.0,81927269812.8,4698.375,Validation,-0.007924433777825146,-79.24433777825146,0.45895517603296493,0.6832148298881413,-0.22425965385517638,0,0,0,0,79.24433777825146,0.48605239794991084,0.5712086257986421,0.30204043260964886,0.4206878145765789,
2024-08-19,2024-08-20,4666.3308,4729.8742,4666.2577,4682.9628,8713686700.0,80742361426.1,4670.3789,Validation,0.0038497056402431173,38.49705640243117,0.4110259683052466,0.6832148298881413,-0.2721888615828947,0,0,0,0,-38.49705640243117,0.553030146059208,0.3049271339315748,0.3216104711067269,0.41788635937996893,
2024-08-20,2024-08-21,4684.2948,4686.3633,4590.3913,4602.0095,9184614600.0,81351685184.9,4682.9628,Validation,-0.020324574789784777,-203.24574789784776,0.38555217629339394,0.6832148298881413,-0.29766265359474736,0,1,0,0,203.24574789784776,0.5165934971361144,0.2566169306832744,0.32301008959182914,0.41872141853497397,
2024-08-21,2024-08-22,4589.0885,4610.8666,4582.2653,4587.1218,8352691000.0,74809964819.1,4602.0095,Validation,8.871042691827036e-05,0.8871042691827036,0.37970131052671413,0.6832148298881413,-0.3035135193614272,0,0,0,0,-0.8871042691827036,0.512789655691838,0.23775409205404324,0.31724023842797683,0.43118018351376364,
2024-08-22,2024-08-23,4589.4956,4595.0496,4526.2499,4533.3695,8585686800.0,78202476718.8,4587.1218,Validation,-0.01427278849553748,-142.7278849553748,0.46616348901793875,0.6832148298881413,-0.21705134087020256,0,0,0,0,142.7278849553748,0.4835713347674329,0.5816170726290417,0.31869453503043044,0.4298978572136569,
2024-08-23,2024-08-26,4523.9907,4549.3026,4513.2038,4537.0872,7577836400.0,71369991695.7,4533.3695,Validation,0.004170145619441623,41.70145619441623,0.44879894763593275,0.6832148298881413,-0.23441588225220855,0,0,0,0,-41.70145619441623,0.4803755998717741,0.5357768469118822,0.29862780001206274,0.4359725658846795,
2024-08-26,2024-08-27,4542.8564,4558.5917,4523.7274,4544.3594,8711829600.0,84365247766.9,4537.0872,Validation,-0.0022827708135347846,-22.827708135347848,0.555209602897753,0.6832148298881413,-0.1280052269903883,0,0,0,0,22.827708135347848,0.6052947747669637,0.7618108564345121,0.30033133363691966,0.43768403921999716,
2024-08-27,2024-08-28,4532.4861,4532.4861,4487.0915,4495.2856,8252920500.0,78742868644.7,4544.3594,Validation,-0.010161090179625742,-101.61090179625742,0.5036535255874258,0.6832148298881413,-0.17956130430071549,0,0,0,0,101.61090179625742,0.6454107761468427,0.5318033478959556,0.29632472665491916,0.43823427764093437,
2024-08-28,2024-08-29,4486.4311,4527.7686,4482.0324,4500.0088,8268119900.0,74244549232.7,4495.2856,Validation,-0.0006414229787236048,-6.414229787236048,0.4989293876044736,0.6832148298881413,-0.18428544228366772,0,0,0,0,6.414229787236048,0.6043318137911277,0.5627142965782211,0.2980610619994567,0.43951958896067345,
2024-08-29,2024-08-30,4483.5534,4577.7919,4475.2228,4557.9006,10311556200.0,96829969885.4,4500.0088,Validation,0.016493168119732893,164.93168119732894,0.5484099265139333,0.6832148298881413,-0.13480490337420803,0,0,0,0,-164.93168119732894,0.6323920784778854,0.7378633400344872,0.2651229278640106,0.4279240030732088,
2024-08-30,2024-09-02,4557.5014,4704.3407,4548.3827,4639.1144,15159336100.0,144749168233.3,4557.9006,Validation,0.01632449306543271,163.2449306543271,0.4811197417209535,0.6832148298881413,-0.2020950881671878,0,0,0,0,-163.2449306543271,0.6734957104704433,0.4370832924561208,0.26594841937663305,0.44524516256518526,
2024-09-02,2024-09-03,4631.9003,4632.3107,4546.8393,4546.8832,12636851700.0,115893027848.1,4639.1144,Validation,-0.019145597758224664,-191.45597758224665,0.4500821657357273,0.6832148298881413,-0.23313266415241402,0,1,0,0,191.45597758224665,0.5576610299008022,0.4403131697946933,0.2960867408012612,0.45031653156664336,
2024-09-03,2024-09-04,4543.2198,4612.2826,4543.2198,4596.4819,9858968600.0,92749159672.5,4546.8832,Validation,0.005385167585332473,53.851675853324735,0.39910698679062756,0.6832148298881413,-0.28410784309751375,0,0,0,0,-53.851675853324735,0.5109954382034919,0.28580503183541767,0.3273181293479917,0.45833212769353265,
2024-09-04,2024-09-05,4567.6858,4623.3782,4552.3037,4582.084,9243568500.0,88646018095.4,4596.4819,Validation,0.0038272991544208157,38.27299154420815,0.5259042765434635,0.6832148298881413,-0.1573105533446778,0,0,0,0,-38.27299154420815,0.538202396123387,0.7039668025980743,0.32864869622401005,0.45938777477980525,
2024-09-05,2024-09-06,4585.1677,4630.6388,4582.0535,4601.0911,8058372300.0,80148632780.7,4582.084,Validation,0.00527226081610932,52.7226081610932,0.42961522332366253,0.6832148298881413,-0.2535996065644788,0,0,0,0,-52.7226081610932,0.6155224850483937,0.2643572328673277,0.3291581616926856,0.4618922351997879,
2024-09-06,2024-09-09,4609.3419,4613.3097,4535.3486,4537.4544,9014759600.0,80215749103.2,4601.0911,Validation,-0.01991089009908331,-199.10890099083312,0.4176176811722253,0.6832148298881413,-0.265597148715916,0,1,0,0,199.10890099083312,0.5648269511051788,0.2825412937264947,0.33124029152396034,0.4599505713610916,
2024-09-09,2024-09-10,4517.5658,4541.7935,4487.8427,4507.1866,9194460800.0,81907584834.7,4537.4544,Validation,-0.001824478129350271,-18.24478129350271,0.37561722179772905,0.6832148298881413,-0.30759760809041226,0,0,0,0,18.24478129350271,0.5738120622464331,0.13765269132631314,0.30269295300048826,0.4711619837654163,
2024-09-10,2024-09-11,4509.3236,4528.6691,4432.9128,4507.7074,9852954200.0,87011759811.7,4507.1866,Validation,-0.004243851561240741,-42.438515612407414,0.4369812466538801,0.6832148298881413,-0.2462335832342612,0,0,0,0,42.438515612407414,0.5026376174879633,0.46877925939310144,0.2719576698353175,0.46872235446333954,
2024-09-11,2024-09-12,4490.1867,4529.3452,4479.0306,4514.9158,8520684200.0,81707868059.9,4507.7074,Validation,0.0064143212575102915,64.14321257510292,0.43002406233160995,0.6832148298881413,-0.25319076755653136,0,0,0,0,-64.14321257510292,0.49316288140350895,0.46061958326013935,0.26575034526064745,0.46818827115147094,
2024-09-12,2024-09-13,4518.9882,4568.7462,4496.5919,4496.5919,8665430400.0,80916511375.5,4514.9158,Validation,-0.004114482972095268,-41.14482972095268,0.44921918834543906,0.6832148298881413,-0.23399564154270225,0,0,0,0,41.14482972095268,0.656706797452117,0.33938980774661853,0.2578698993420764,0.4636147074213079,
2024-09-13,2024-09-18,4500.3949,4509.072,4450.9587,4450.9587,9253375700.0,85710614259.9,4496.5919,Validation,-0.01117810794781593,-111.7810794781593,0.44560910209392485,0.6832148298881413,-0.23760572779421646,0,0,0,0,111.7810794781593,0.6420543233386455,0.33692104346757923,0.2707943475220659,0.458737397081304,
2024-09-18,2024-09-19,4450.089,4474.722,4397.161,4462.8701,9098968300.0,79102523647.7,4450.9587,Validation,0.007050308432033692,70.50308432033691,0.46230178820919576,0.6832148298881413,-0.22091304167894554,0,0,0,0,-70.50308432033691,0.604952595360333,0.4370581831144142,0.27292440362256726,0.463739035735511,
2024-09-19,2024-09-20,4481.4635,4565.3899,4437.5363,4520.3939,11561186800.0,105405904204.6,4462.8701,Validation,0.007474410982037494,74.74410982037494,0.5298809710215848,0.6832148298881413,-0.15333385886655648,0,0,0,0,-74.74410982037494,0.6086790201798233,0.6982539886573641,0.2450383529366825,0.45944093556445476,
2024-09-20,2024-09-23,4514.9598,4515.8064,4471.9438,4498.3901,9431204400.0,89084435754.7,4520.3939,Validation,-0.004247944798976944,-42.47944798976944,0.4327934778112055,0.6832148298881413,-0.25042135207693583,0,0,0,0,42.47944798976944,0.6793248016013282,0.2558908165061714,0.2588547322964353,0.45765984712381297,
2024-09-23,2024-09-24,4495.7805,4545.5411,4483.13,4494.6878,8993522700.0,85104838086.0,4498.3901,Validation,0.0063261318029206315,63.261318029206315,0.4085258584657429,0.6832148298881413,-0.2746889714223984,0,0,0,0,-63.261318029206315,0.5897592116184709,0.27520497161755625,0.2719188539479487,0.4445511662124895,
2024-09-24,2024-09-25,4524.2214,4690.5736,4503.1245,4689.5964,17714470300.0,159947071682.9,4494.6878,Validation,0.04849738343928078,484.9738343928078,0.39821420838732957,0.6832148298881413,-0.28500062150081173,0,0,0,0,-484.9738343928078,0.4739553144846443,0.38004738661739396,0.27403034501706186,0.43980910816204105,
2024-09-25,2024-09-26,4743.6343,4847.2034,4724.4301,4731.4755,20459351900.0,182209573751.3,4689.5964,Validation,-0.0037183093983446103,-37.1830939834461,0.3683431750895094,0.6832148298881413,-0.3148716547986319,0,0,0,0,37.1830939834461,0.35305277894156367,0.38687942945839904,0.28693513154154987,0.48033288163678173,
2024-09-26,2024-09-27,4725.996,4938.1839,4719.3492,4938.1839,22993032300.0,196122560309.1,4731.4755,Validation,0.06374707045879857,637.4707045879857,0.3483974238542603,0.6832148298881413,-0.334817406033881,0,0,0,0,-637.4707045879857,0.45432754587447405,0.11669493998018296,0.3804261185014644,0.4847358062010359,
2024-09-27,2024-09-30,5027.2644,5227.9577,5021.5148,5201.6656,23017750800.0,232646658012.5,4938.1839,Validation,0.08404660395423003,840.4660395423002,0.36805169786290926,0.6832148298881413,-0.31516313202523205,0,0,0,0,-840.4660395423002,0.4385554803292858,0.17594495234916444,0.352461394919855,0.575854631317612,
2024-09-30,2024-10-08,5449.7889,5757.9213,5387.338,5743.217,38870320000.0,418784669568.5,5201.6656,Validation,0.17762620126441964,1776.2620126441964,0.31884578002787534,0.6832148298881413,-0.36436904986026597,0,0,0,0,-1776.2620126441964,0.2120832659962271,0.17017980012723147,0.48105020513260416,0.5828505026522525,
2024-10-08,2024-10-09,6417.8142,6417.8142,5868.8525,6155.5817,49354642000.0,579263323621.8,5743.217,Validation,-0.06296734174697671,-629.6734174697672,0.33722113183466046,0.6832148298881413,-0.34599369805348085,0,1,0,0,629.6734174697672,0.13268407905346913,0.2032509208171631,0.658142717937576,0.5650430573838034,
2024-10-09,2024-10-10,6013.7015,6088.0804,5704.4779,5735.641,43115641600.0,529447530363.7,6155.5817,Validation,-0.04075539831832353,-407.55398318323535,0.41287751007328416,0.6832148298881413,-0.27033731981485715,0,1,0,0,407.55398318323535,0.022898157837045588,0.1930580588051833,0.8953374242668019,0.9628852912783807,
2024-10-10,2024-10-11,5768.6107,5875.9358,5597.4766,5690.8822,35348024500.0,390814224053.0,5735.641,Validation,-0.0205529383357419,-205.529383357419,0.6087532072865036,0.6832148298881413,-0.07446162260163769,0,1,0,0,205.529383357419,0.061335870389778814,0.8564504425367635,0.8892116833512466,0.9529144819150672,
2024-10-11,2024-10-14,5650.0488,5652.852,5408.8696,5470.8133,24438337300.0,266749263112.0,5690.8822,Validation,-0.025911758496669934,-259.1175849666993,0.6391710693940886,0.6832148298881413,-0.044043760494052675,0,1,0,0,259.1175849666993,0.10201303694165953,0.9272862078741783,0.8832634946785275,0.9408033112492403,
2024-10-14,2024-10-15,5503.6461,5623.9685,5408.3917,5608.153,25060854100.0,279231292488.6,5470.8133,Validation,0.01355737608201224,135.5737608201224,0.6357841429309403,0.6832148298881413,-0.047430686957200985,0,0,0,0,-135.5737608201224,0.12010475161821779,0.9073589431501132,0.8715112790928258,0.9322221368643301,
2024-10-15,2024-10-16,5578.2611,5661.0749,5471.8807,5472.56,23899701900.0,276816614630.7,5608.153,Validation,-0.033091925367208064,-330.91925367208063,0.6373168704435993,0.6832148298881413,-0.045897959444542,0,1,0,0,330.91925367208063,0.14489245235312295,0.8924417901436099,0.8660775675323809,0.922704190913768,
2024-10-16,2024-10-17,5393.6657,5546.1764,5393.6657,5461.0877,20545092600.0,222425749319.4,5472.56,Validation,0.019671259937374508,196.7125993737451,0.6299754760374621,0.6832148298881413,-0.05323935385067924,0,0,0,0,-196.7125993737451,0.16194840776845912,0.8467925624312893,0.8713848423943378,0.9131652161791912,
2024-10-17,2024-10-18,5499.7659,5541.0331,5417.881,5418.9883,20276868500.0,234458932483.4,5461.0877,Validation,-0.015225011668223987,-152.25011668223988,0.6478978192435796,0.6832148298881413,-0.03531701064456172,0,0,0,0,152.25011668223988,0.20385872437065752,0.8673101873226425,0.8659551408836162,0.907680434455128,
2024-10-18,2024-10-21,5416.0319,5774.1408,5404.2035,5640.0198,28711421900.0,352062136787.1,5418.9883,Validation,0.04884256682461574,488.4256682461574,0.6500516032303815,0.6832148298881413,-0.03316322665775984,0,0,0,0,-488.4256682461574,0.24520057448599913,0.8204788196044738,0.8770777307606754,0.8999514853033782,
2024-10-21,2024-10-22,5680.5648,5797.8808,5631.2316,5704.225,26688518600.0,359965731439.6,5640.0198,Validation,0.004005728444467227,40.05728444467227,0.6544951225066016,0.6832148298881413,-0.028719707381539727,0,0,0,0,-40.05728444467227,0.2638796573370247,0.8176845524136571,0.8714834544630915,0.9006125272144316,
2024-10-22,2024-10-23,5703.3196,5779.2983,5673.7901,5753.8497,23702362400.0,312584329119.8,5704.225,Validation,0.007326838215414133,73.26838215414134,0.6518868015869695,0.6832148298881413,-0.03132802830117176,0,0,0,0,-73.26838215414134,0.2729481132537707,0.7868982411763851,0.8931054353242555,0.8891858736247715,
2024-10-23,2024-10-24,5745.1069,5853.4555,5727.7736,5776.383,27341264000.0,336167749458.4,5753.8497,Validation,0.0004265891031549618,4.265891031549618,0.6514722416559637,0.6832148298881413,-0.03174258823217757,0,0,0,0,-4.265891031549618,0.2990539679768207,0.7613651664922476,0.8897743368238662,0.88038307390478,
2024-10-24,2024-10-25,5747.5577,5759.8651,5694.7789,5726.7041,20769004600.0,257232250889.5,5776.383,Validation,-0.002135237372214771,-21.35237372214771,0.5937356067524437,0.6832148298881413,-0.08947922313569756,0,0,0,0,21.35237372214771,0.30763482280618903,0.5500880131857198,0.8887949940469778,0.8723764038500179,
2024-10-25,2024-10-28,5735.2853,5855.2647,5729.4384,5809.6879,23672570800.0,299590180533.3,5726.7041,Validation,0.014130822750875183,141.30822750875183,0.5460520149636259,0.6832148298881413,-0.13716281492451543,0,0,0,0,-141.30822750875183,0.3030347846224877,0.3970107572994055,0.8831533175669051,0.8597715392714212,
2024-10-28,2024-10-29,5816.3296,5883.7203,5787.4843,5883.7203,27065378700.0,312663682663.8,5809.6879,Validation,0.014953915266425089,149.53915266425088,0.5355357218798057,0.6832148298881413,-0.1476791080083356,0,0,0,0,-149.53915266425088,0.32986373348906917,0.33820872550773395,0.8737003394274874,0.852934591733184,
2024-10-29,2024-10-30,5903.3065,5917.2149,5807.29,5812.5286,27537114300.0,332481504886.9,5883.7203,Validation,-0.01854450552414988,-185.44505524149878,0.5255480965613922,0.6832148298881413,-0.15766673332674908,0,1,0,0,185.44505524149878,0.36055981257387426,0.2681211450451865,0.8752619843551829,0.8457887694717653,
2024-10-30,2024-10-31,5793.8326,5869.1113,5777.43,5837.9338,25202127500.0,315956554496.2,5812.5286,Validation,0.007964330899032257,79.64330899032257,0.6646759506665229,0.6832148298881413,-0.018538879221618454,0,0,0,0,-79.64330899032257,0.7549927282472844,0.2857379206786423,0.8801152101747165,0.839665368962429,
2024-10-31,2024-11-01,5839.9766,5935.1827,5812.0324,5901.2904,31354920200.0,377454102584.7,5837.9338,Validation,0.009134043448050688,91.34043448050689,0.6599975284606483,0.6832148298881413,-0.02321730142749301,0,0,0,0,-91.34043448050689,0.7700875767151346,0.25956618567355627,0.8732370670224245,0.8336066602748335,
2024-11-01,2024-11-04,5893.3192,5934.2031,5795.0805,5831.8217,36984064100.0,429257467070.0,5901.2904,Validation,-0.009829333527360928,-98.29333527360929,0.6569677573335015,0.6832148298881413,-0.02624707255463976,0,0,0,0,98.29333527360929,0.7500576802986013,0.27829108701047456,0.8708150388744266,0.8277958319791898,
2024-11-04,2024-11-05,5835.3918,5928.9085,5835.3918,5928.9085,28655229400.0,342776867779.9,5831.8217,Validation,0.01550425457293203,155.0425457293203,0.6435715391370859,0.6832148298881413,-0.03964329075105544,0,0,0,0,-155.0425457293203,0.7431140445665112,0.25221335829215685,0.8681141708588567,0.8081744129607481,
2024-11-05,2024-11-06,5925.8652,6119.2536,5910.8887,6111.9707,36634449200.0,441462863294.4,5928.9085,Validation,0.03527896652120943,352.7896652120943,0.652139787583226,0.6832148298881413,-0.031075042304915312,0,0,0,0,-352.7896652120943,0.7339058417495724,0.30040649492410776,0.8627808506973114,0.8042887228513291,
2024-11-06,2024-11-07,6134.9236,6204.5331,6081.8065,6125.7868,41518773700.0,502324104677.0,6111.9707,Validation,-0.011929847015535677,-119.29847015535677,0.6572386307300747,0.6832148298881413,-0.025976199158066593,0,0,0,0,119.29847015535677,0.7324551986990139,0.314229570230056,0.8684696982360648,0.8072265618503749,
2024-11-07,2024-11-08,6061.7349,6240.7574,6049.587,6239.5598,41841332300.0,465814955829.2,6125.7868,Validation,0.040427980445004286,404.27980445004283,0.6509902920264284,0.6832148298881413,-0.032224537861712865,0,0,0,0,-404.27980445004283,0.6954381072797903,0.32660706363170067,0.8855852095512761,0.8016413227071425,
2024-11-08,2024-11-11,6306.7986,6333.6792,6206.2949,6222.445,38564834700.0,470080201608.9,6239.5598,Validation,-0.015184534353134382,-151.84534353134381,0.6677214132492562,0.6832148298881413,-0.015493416638885149,0,0,0,0,151.84534353134381,0.6994674146621179,0.3824176455067622,0.8797455123099519,0.8080096175878327,
2024-11-11,2024-11-12,6211.0328,6330.8046,6199.0563,6330.6152,33409692100.0,453328339552.7,6222.445,Validation,0.022250196456859772,222.5019645685977,0.6808226989915205,0.6832148298881413,-0.0023921308966208255,0,0,0,0,-222.5019645685977,0.7292718692998208,0.38032907344740335,0.8968379341348635,0.80671110846649,
2024-11-12,2024-11-13,6349.2295,6382.9784,6205.0988,6263.883,33285691900.0,452685440809.0,6330.6152,Validation,-0.018123742416304323,-181.23742416304322,0.6985360619086232,0.6832148298881413,0.015321232020481856,1,1,1,1,181.23742416304322,0.7298379884235398,0.45413631415454797,0.8844237638088891,0.8041234365211914,预测大跌
2024-11-13,2024-11-14,6234.1577,6282.2777,6162.8979,6259.8412,26040067300.0,347812976326.8,6263.883,Validation,0.0010348791786258804,10.348791786258804,0.6973625025810539,0.6832148298881413,0.014147672692912616,1,0,0,0,-10.348791786258804,0.7229816260574792,0.4564273693826586,0.8907736424248486,0.7986180310056245,预测大跌
2024-11-14,2024-11-15,6240.6093,6240.6093,6068.6584,6078.3051,23974313800.0,317335892174.5,6259.8412,Validation,-0.029656383071441472,-296.56383071441473,0.6921591724632923,0.6832148298881413,0.008944342575150976,1,1,1,1,296.56383071441473,0.7157642353654576,0.4564859495352865,0.8815666735413931,0.7939912399378124,预测大跌
2024-11-15,2024-11-18,6055.5354,6093.4226,5924.35,5924.4834,23622604200.0,309679795180.8,6078.3051,Validation,-0.018999013695799594,-189.99013695799593,0.6865069630217187,0.6832148298881413,0.0032921331335773463,1,1,1,1,189.99013695799593,0.7055747399580387,0.4586549565027468,0.8698039797678516,0.7926955504143068,预测大跌
2024-11-18,2024-11-19,5940.4862,5977.4919,5799.9082,5833.0358,28252722400.0,296423264134.4,5924.4834,Validation,-0.017486009815156245,-174.86009815156245,0.7244333693814047,0.6832148298881413,0.04121853949326337,1,1,1,1,174.86009815156245,0.6874422409330571,0.6225680206409278,0.8644230060763587,0.7888181271744165,预测大跌
2024-11-19,2024-11-20,5836.6108,5936.9347,5776.2017,5936.6015,24140421500.0,262477730599.7,5833.0358,Validation,0.014342587311115595,143.42587311115597,0.7354904562991411,0.6832148298881413,0.05227562641099981,1,0,0,0,-143.42587311115597,0.6918668671680258,0.6624527086215124,0.8591967163539113,0.7859105340633028,预测大跌
2024-11-20,2024-11-21,5920.3229,6015.2339,5909.106,5992.3904,21734522400.0,261005441610.0,5936.6015,Validation,0.008923803801309527,89.23803801309526,0.7432421805196383,0.6832148298881413,0.060027350631497,1,0,0,0,-89.23803801309526,0.661702598162497,0.732453728990664,0.8541193546059704,0.7829374688355615,预测大跌
2024-11-21,2024-11-22,5973.1547,6009.6285,5937.8052,5985.3128,20619894100.0,252722313895.1,5992.3904,Validation,-0.0006829556917384849,-6.829556917384849,0.7358297355222997,0.6832148298881413,0.05261490563415838,1,0,0,1,6.829556917384849,0.6556536683491845,0.7147607512328916,0.8545457372537499,0.7798400983908896,预测大跌
2024-11-22,2024-11-25,5969.0753,5983.3393,5750.2457,5750.2457,22506673700.0,267675732292.4,5985.3128,Validation,-0.03593990513069922,-359.39905130699225,0.7144479275227551,0.6832148298881413,0.031233097634613793,1,1,1,1,359.39905130699225,0.6568229356684956,0.6403581550936867,0.8551359975352996,0.7731120406966774,预测大跌
2024-11-25,2024-11-26,5754.5473,5774.8166,5662.0946,5735.6493,18600506000.0,215261571671.1,5750.2457,Validation,-0.004722161202845632,-47.22161202845632,0.706115337300725,0.6832148298881413,0.02290050741258365,1,0,0,1,47.22161202845632,0.6444563409817465,0.6358351073012236,0.839141135483137,0.777220634476865,预测大跌
2024-11-26,2024-11-27,5727.3734,5773.3559,5688.5764,5690.4792,14756286500.0,170186745318.8,5735.6493,Validation,-0.010095116201084497,-100.95116201084497,0.7303527030464046,0.6832148298881413,0.047137873158263344,1,0,0,1,100.95116201084497,0.6449454691783009,0.7335151749674664,0.8282543559913607,0.7716939763549531,预测大跌
2024-11-27,2024-11-28,5669.5549,5805.635,5603.9955,5804.9368,17531330200.0,204528721580.5,5690.4792,Validation,0.02350133341155214,235.0133341155214,0.7238458305562052,0.6832148298881413,0.04063100066806391,1,0,0,0,-235.0133341155214,0.6302855536015383,0.7366621100939703,0.8205315467698083,0.7672900701000785,预测大跌
2024-11-28,2024-11-29,5802.797,5826.4882,5749.2874,5757.5965,17218353700.0,204358289211.1,5804.9368,Validation,-0.009414511657050761,-94.14511657050761,0.7085588602740769,0.6832148298881413,0.02534403038593558,1,0,0,1,94.14511657050761,0.6342915036495069,0.6794148477109365,0.8164965818658017,0.7689646478981623,预测大跌
2024-11-29,2024-12-02,5748.1665,5899.873,5736.4093,5851.9385,20425554400.0,243571196943.7,5757.5965,Validation,0.01836042849489483,183.6042849489483,0.6860969629170036,0.6832148298881413,0.0028821330288623104,1,0,0,0,-183.6042849489483,0.5716876711212613,0.6676645806161424,0.8290649092586121,0.7648924507897508,预测大跌
2024-12-02,2024-12-03,5853.7053,5956.5981,5848.4235,5943.6245,23618130800.0,257212815525.1,5851.9385,Validation,0.015892480955609578,158.9248095560958,0.6251838530178544,0.6832148298881413,-0.05803097687028691,0,0,0,0,-158.9248095560958,0.5113249081554392,0.5293015126247539,0.8225826457754507,0.7635048664967177,
2024-12-03,2024-12-04,5946.7352,5954.6607,5877.8012,5932.1207,20987050900.0,229346951926.7,5943.6245,Validation,-0.0029022479427029957,-29.022479427029957,0.5824845041875509,0.6832148298881413,-0.10073032570059037,0,0,0,0,29.022479427029957,0.49289323556996906,0.39573447428505004,0.8309505651849998,0.7580376684577964,
2024-12-04,2024-12-05,5929.4763,5940.8545,5850.9094,5879.2695,21599163400.0,234212942758.9,5932.1207,Validation,-0.012435229735212938,-124.35229735212938,0.5500835946194703,0.6832148298881413,-0.133131235268671,0,0,0,0,124.35229735212938,0.4845637322149484,0.2922889907658549,0.8328683681872989,0.7516247953171423,
2024-12-05,2024-12-06,5855.7419,5923.6243,5853.527,5901.9859,19854223600.0,212251881677.0,5879.2695,Validation,0.008155567785526951,81.55567785526952,0.5517898421344833,0.6832148298881413,-0.13142498775365796,0,0,0,0,-81.55567785526952,0.47042727422858976,0.3241590163758671,0.8258543723406773,0.7462005149785689,
2024-12-06,2024-12-09,5903.4988,6011.7691,5877.0434,5979.197,26532953600.0,255600553068.3,5901.9859,Validation,0.013523421060066987,135.23421060066988,0.6004230556308194,0.6832148298881413,-0.08279177425732187,0,0,0,0,-135.23421060066988,0.5378063329402507,0.4214370902663239,0.8216834981198422,0.7424759223137389,
2024-12-09,2024-12-10,5983.3343,6004.2343,5911.3619,5947.1089,28446220900.0,237294662391.5,5979.197,Validation,0.024895266172909603,248.95266172909604,0.6068862510318428,0.6832148298881413,-0.07632857885629851,0,0,0,0,-248.95266172909604,0.5582486209510706,0.42027268319803773,0.8230863806241789,0.7395397804731801,
2024-12-10,2024-12-11,6132.291,6141.0655,5982.5833,5992.0937,32052782300.0,324711288431.3,5947.1089,Validation,-0.02592261195693424,-259.22611956934236,0.5430421679754108,0.6832148298881413,-0.14017266191273048,0,1,0,0,259.22611956934236,0.547863502204005,0.20292816358179597,0.8278510309629756,0.7363841538205725,
2024-12-11,2024-12-12,5973.326,6051.4718,5972.2696,6047.105,25388394100.0,250011474489.1,5992.0937,Validation,0.012632057918821049,126.32057918821049,0.4115369149585132,0.6832148298881413,-0.2716779149296281,0,0,0,0,-126.32057918821049,0.14226293143254237,0.20999161276600453,0.8357847197536118,0.7531076771948307,
2024-12-12,2024-12-13,6048.7814,6107.7146,6023.2343,6100.3945,24365369000.0,258380795570.8,6047.105,Validation,0.002839051184756025,28.39051184756025,0.45207345816846867,0.6832148298881413,-0.23114137171967264,0,0,0,0,-28.39051184756025,0.1809109101931921,0.31985040554462324,0.8218416065485735,0.7512530106850164,
2024-12-13,2024-12-16,6065.9542,6065.9542,5988.292,5988.292,28632819800.0,307316221178.0,6100.3945,Validation,-0.013649031507689258,-136.49031507689259,0.46104595246013425,0.6832148298881413,-0.22216887742800706,0,0,0,0,136.49031507689259,0.19640906731960178,0.33167502418614914,0.825909916692151,0.7481105070442164,
2024-12-16,2024-12-17,5983.1598,5991.5772,5888.0426,5912.6014,21464744100.0,241790858877.2,5988.292,Validation,-0.014405799423909849,-144.0579942390985,0.44743791210028966,0.6832148298881413,-0.23577691778785165,0,0,0,0,144.0579942390985,0.19970702395108672,0.28329615770092875,0.823517607934098,0.7440045378447407,
2024-12-17,2024-12-18,5896.9676,5924.6244,5837.2514,5848.1628,19310854700.0,204630242337.7,5912.6014,Validation,-0.006054840796479888,-60.548407964798876,0.47531210428809956,0.6832148298881413,-0.20790272560004175,0,0,0,0,60.548407964798876,0.2146264229021112,0.3924009159874356,0.7904489396588635,0.7410506081246863,
2024-12-18,2024-12-19,5861.2624,5921.9798,5853.1628,5888.6162,18799629000.0,193282038369.0,5848.1628,Validation,-0.005459455287311399,-54.59455287311399,0.5126338126912571,0.6832148298881413,-0.17058101719688423,0,0,0,0,54.59455287311399,0.22560323165108964,0.5173804162825496,0.7871334214839103,0.7368302790269528,
2024-12-19,2024-12-20,5829.2631,5918.4895,5816.4729,5901.9155,19653119400.0,211287492264.4,5888.6162,Validation,0.010410046511710958,104.10046511710958,0.5191292925899906,0.6832148298881413,-0.16408553729815067,0,0,0,0,-104.10046511710958,0.226258803922261,0.5442669197449004,0.7838917452254172,0.7334398611141121,
2024-12-20,2024-12-23,5889.946,5962.4154,5889.946,5917.1751,17809039900.0,221132517265.6,5901.9155,Validation,0.004711061867120669,47.110618671206694,0.5247684488280047,0.6832148298881413,-0.15844638106013664,0,0,0,0,-47.110618671206694,0.2996079521570808,0.4774090432859611,0.7807212119141039,0.7341784147089074,
2024-12-23,2024-12-24,5917.6939,5935.1523,5815.3415,5818.551,17731548600.0,217347047187.5,5917.1751,Validation,-0.01529889878217594,-152.9889878217594,0.5299086572480425,0.6832148298881413,-0.15330617264009883,0,0,0,0,152.9889878217594,0.3129791586397324,0.4785197811078721,0.7841357386227847,0.7312521381457294,
2024-12-24,2024-12-25,5827.1597,5897.1946,5827.1597,5895.2595,16736582400.0,196112525345.7,5818.551,Validation,0.011887403738050972,118.87403738050972,0.5339072434855824,0.6832148298881413,-0.14930758640255892,0,0,0,0,-118.87403738050972,0.32422487805737404,0.47957553410421777,0.7844046873969042,0.7301287760598455,
2024-12-25,2024-12-26,5896.4295,5897.5101,5796.6475,5840.2889,15727913200.0,191269446368.3,5895.2595,Validation,-0.01114374385380168,-111.43743853801679,0.572128009440731,0.6832148298881413,-0.11108682044741036,0,0,0,0,111.43743853801679,0.3158010653971409,0.639459497373923,0.7747879870742775,0.7203351924041471,
2024-12-26,2024-12-27,5830.7212,5897.4827,5830.7212,5887.0605,14531944400.0,201723277582.2,5840.2889,Validation,0.01062871947984756,106.2871947984756,0.4970055524500476,0.6832148298881413,-0.18620927743809368,0,0,0,0,-106.2871947984756,0.3278701549706531,0.3540435191318273,0.7806421198755892,0.716601550190527,
2024-12-27,2024-12-30,5892.6943,5975.7919,5881.7173,5899.1665,17908549800.0,236680633735.7,5887.0605,Validation,-0.0003786044017249912,-3.786044017249912,0.5267473956102805,0.6832148298881413,-0.1564674342778608,0,0,0,0,3.786044017249912,0.3187793594901339,0.4854641226927226,0.7775419092200859,0.6960827437578357,
2024-12-30,2024-12-31,5890.4633,5928.5718,5867.8538,5898.884,15556558600.0,196182578970.3,5899.1665,Validation,0.001964140919102242,19.64140919102242,0.5294995050285363,0.6832148298881413,-0.15371532485960504,0,0,0,0,-19.64140919102242,0.3273132974929925,0.4861771517707797,0.7798520261386203,0.6907245977162755,
2024-12-31,2025-01-02,5902.033,5905.463,5725.7324,5725.7324,18215885500.0,217194009078.8,5898.884,Validation,-0.03119557277975249,-311.9557277975249,0.48724253526635897,0.6832148298881413,-0.19597229462178234,0,1,0,0,311.9557277975249,0.3353459112951968,0.32946114881374916,0.776768763258945,0.68804172400734,
2025-01-02,2025-01-03,5717.9157,5722.1107,5498.8216,5545.8174,19376315700.0,220078999057.0,5725.7324,Test,-0.028885647964344674,-288.85647964344673,0.5537456563962179,0.6832148298881413,-0.12946917349192344,0,1,0,0,288.85647964344673,0.7713420512422055,0.21301394335695228,0.7676941375183579,0.3934546536242667,
2025-01-03,2025-01-06,5552.75,5581.3978,5419.7429,5427.8041,17407731000.0,187233075270.9,5545.8174,Test,-0.023715222187204454,-237.15222187204455,0.6184087533584323,0.6832148298881413,-0.06480607652970904,0,1,0,0,237.15222187204455,0.7203642357343586,0.5050014297481931,0.7648635263630745,0.3988408567461236,
2025-01-06,2025-01-07,5421.0653,5482.6253,5384.3326,5427.1007,14626565800.0,156743673376.1,5427.8041,Test,0.0014955732040342617,14.955732040342617,0.6886757571860906,0.6832148298881413,0.005460927297949336,1,0,0,0,-14.955732040342617,0.7161486869258646,0.7633372196151836,0.7591337881216661,0.4027584297017419,预测大跌
2025-01-07,2025-01-08,5429.1729,5485.5848,5405.1327,5484.6847,14506527800.0,159836326878.2,5427.1007,Test,0.00610610503857778,61.061050385777804,0.7239486710992316,0.6832148298881413,0.04073384121109025,1,0,0,0,-61.061050385777804,0.7380957236755328,0.8696195038430178,0.7564723496754547,0.39424216903065873,预测大跌
2025-01-08,2025-01-09,5462.324,5501.6555,5326.9259,5461.5861,16384991500.0,181141237075.9,5484.6847,Test,-0.004487320781411008,-44.87320781411008,0.7086324254545998,0.6832148298881413,0.025417595566458506,1,0,0,1,44.87320781411008,0.7277170472963885,0.8287381487433981,0.7549589228604123,0.3941936543524092,预测大跌
2025-01-09,2025-01-10,5437.8128,5493.6799,5436.7036,5456.5863,12983262700.0,156798867820.6,5461.5861,Test,0.002057555199399319,20.57555199399319,0.67390059337687,0.6832148298881413,-0.009314236511271279,0,0,0,0,-20.57555199399319,0.7307895165795767,0.7004172994954287,0.7571260322797606,0.3921724173721656,
2025-01-10,2025-01-13,5449.0014,5496.3833,5369.2811,5369.2811,13017955300.0,159984103633.2,5456.5863,Test,-0.023729136865334732,-237.29136865334732,0.6827649922212994,0.6832148298881413,-0.0004498376668419235,0,1,0,0,237.29136865334732,0.7480898098711345,0.7208409003140729,0.7512475820779766,0.38315335450011473,
2025-01-13,2025-01-14,5319.7013,5422.0115,5319.2741,5381.6974,11968293700.0,139406540969.0,5369.2811,Test,0.013922153862285569,139.2215386228557,0.6210126371143864,0.6832148298881413,-0.06220219277375494,0,0,0,0,-139.2215386228557,0.6619270197570193,0.6077854880086855,0.7503555636747794,0.37937056091322724,
2025-01-14,2025-01-15,5393.763,5582.835,5378.5875,5572.2722,17214286000.0,208083727936.2,5381.6974,Test,0.0307420811778345,307.420811778345,0.6790120427670242,0.6832148298881413,-0.004202787121117102,0,0,0,0,-307.420811778345,0.6949230167731271,0.7881423808883883,0.7478602269872856,0.3595568779888082,
2025-01-15,2025-01-16,5559.5785,5569.1895,5509.5757,5522.459,13839324300.0,169060453013.4,5572.2722,Test,-0.0023165065481132174,-23.165065481132174,0.6692699211790717,0.6832148298881413,-0.013944908709069614,0,0,0,0,23.165065481132174,0.6763031352245816,0.7600766871651916,0.7563045234331218,0.37573992275733464,
2025-01-16,2025-01-17,5546.6997,5633.8547,5508.9146,5545.6336,14931808500.0,182995873631.7,5522.459,Test,-0.004055510703058318,-40.55510703058318,0.6609401393569445,0.6832148298881413,-0.022274690531196795,0,0,0,0,40.55510703058318,0.6638677489406754,0.7386233498039985,0.7645596970908319,0.3762964588250769,
2025-01-17,2025-01-20,5524.205,5621.9367,5519.4109,5587.2939,12669117400.0,164437435727.2,5545.6336,Test,0.0176893688775126,176.893688775126,0.5757022190359691,0.6832148298881413,-0.10751261085217223,0,0,0,0,-176.893688775126,0.6559389273944672,0.4553036326963495,0.7492392996132992,0.3772832540746655,
2025-01-20,2025-01-21,5621.9247,5665.183,5598.1584,5614.3311,13571250700.0,173426107632.4,5587.2939,Test,0.0031446525777907297,31.446525777907297,0.5143264411333721,0.6832148298881413,-0.1688883887547692,0,0,0,0,-31.446525777907297,0.6509402192648845,0.24137444422799303,0.7467645712050397,0.38208572833977866,
2025-01-21,2025-01-22,5639.6037,5642.9168,5573.5002,5633.9249,12649130000.0,170909135202.8,5614.3311,Test,-0.005808298196555817,-58.08298196555817,0.49087813020566373,0.6832148298881413,-0.19233669968247757,0,0,0,0,58.08298196555817,0.654032106247495,0.14808797627033723,0.7539541525003468,0.3823291698484043,
2025-01-22,2025-01-23,5606.8472,5618.581,5567.7793,5607.0594,11537499600.0,158106585548.6,5633.9249,Test,0.009367349978790074,93.67349978790074,0.49911509807608867,0.6832148298881413,-0.18409973181205264,0,0,0,0,-93.67349978790074,0.6495735312626542,0.1853768203526061,0.7508617103167599,0.3822813217398085,
2025-01-23,2025-01-24,5659.3685,5717.6887,5584.2548,5584.2548,16341998700.0,203633761249.2,5607.0594,Test,-0.015706434383977674,-157.06434383977674,0.5100684302728458,0.6832148298881413,-0.17314639961529554,0,0,0,0,157.06434383977674,0.6400921407642424,0.24389533748702238,0.7442125957371691,0.3776227303403738,
2025-01-24,2025-01-27,5570.48,5660.4337,5570.48,5649.9504,13943805800.0,180858845316.0,5584.2548,Test,0.016157458603208497,161.57458603208497,0.5268348586329625,0.6832148298881413,-0.15637997125517877,0,0,0,0,-161.57458603208497,0.6849502790670914,0.2406841516975524,0.7492022760161278,0.3858481284455539,
2025-01-27,2025-02-05,5660.4848,5676.0261,5589.3432,5589.3432,13654605600.0,163085841547.7,5649.9504,Test,-0.0030580596206177812,-30.580596206177812,0.5654195313746426,0.6832148298881413,-0.11779529851349868,0,0,0,0,30.580596206177812,0.6967372375048192,0.3637399962131726,0.7467282467222289,0.39000910877765854,
2025-02-05,2025-02-06,5643.1747,5646.0366,5588.5558,5614.3872,15567414100.0,214999512244.8,5589.3432,Test,-0.006433258215450821,-64.33258215450822,0.5318632905968219,0.6832148298881413,-0.1513515392913194,0,0,0,0,64.33258215450822,0.7059672927015571,0.22291461294243065,0.7568099256076753,0.39325084887952094,
2025-02-06,2025-02-07,5606.8707,5749.0232,5597.3246,5747.9012,18142819300.0,257122087039.6,5614.3872,Test,0.02557897402556475,255.7897402556475,0.3624089694556057,0.6832148298881413,-0.3208058604325356,0,0,0,0,-255.7897402556475,0.17903796553625242,0.2632995997558833,0.7492507091481033,0.3936063576815612,
2025-02-07,2025-02-10,5750.2887,5889.4279,5741.7326,5833.9883,23271886300.0,327949184790.5,5747.9012,Test,0.018773631313502515,187.73631313502514,0.38716032909728537,0.6832148298881413,-0.29605450079085593,0,0,0,0,-187.73631313502514,0.20700612069712013,0.32236591601942877,0.7467758013308889,0.3889069705126805,
2025-02-10,2025-02-11,5858.2425,5895.4055,5836.1713,5888.5509,20930090500.0,286253277530.5,5833.9883,Test,0.005484699549395566,54.84699549395566,0.3901008522466835,0.6832148298881413,-0.2931139776414578,0,0,0,0,-54.84699549395566,0.20623819505294735,0.3178195835829235,0.7638702318281491,0.3933683220204375,
2025-02-11,2025-02-12,5890.3732,5890.3732,5827.3777,5858.2805,18192050800.0,260281069640.5,5888.5509,Test,-0.008320593336938353,-83.20593336938353,0.38194149477272527,0.6832148298881413,-0.30127333511541604,0,0,0,0,83.20593336938353,0.20501761230095542,0.30178871816481684,0.769744475860414,0.3649430050935039,
2025-02-12,2025-02-13,5841.3618,5940.5374,5841.3188,5940.5299,19544615500.0,285438865878.9,5858.2805,Test,0.016578599873748656,165.78599873748655,0.37869451765382783,0.6832148298881413,-0.3045203122343135,0,0,0,0,-165.78599873748655,0.19083784826924652,0.3154717224395875,0.7654149042178302,0.3567893001954804,
2025-02-13,2025-02-14,5938.2034,5957.5798,5889.6952,5898.2611,22828183900.0,313080162906.2,5940.5299,Test,-0.007454982091048001,-74.54982091048001,0.41649795982114096,0.6832148298881413,-0.26671687006700034,0,0,0,0,74.54982091048001,0.23901828990469237,0.39385481022922353,0.7626301499479277,0.3573360087551176,
2025-02-14,2025-02-17,5893.9342,5954.477,5886.9501,5947.796,21191426100.0,306627494264.1,5898.2611,Test,0.01457607042847564,145.7607042847564,0.4148810329017696,0.6832148298881413,-0.2683337969863717,0,0,0,0,-145.7607042847564,0.26826811580444193,0.35023779656645765,0.7674369330962356,0.35479478255299585,
2025-02-17,2025-02-18,5979.8446,5985.3644,5906.2661,5948.7197,23390168900.0,356940293723.8,5947.796,Test,-0.007415794718143687,-74.15794718143687,0.4344328054506718,0.6832148298881413,-0.2487820244374695,0,0,0,0,74.15794718143687,0.2880560661400075,0.4265782049509981,0.7271824117184772,0.35669821874203017,
2025-02-18,2025-02-19,5935.4993,5947.9342,5816.0511,5840.7112,21494148200.0,306905660928.8,5948.7197,Test,-0.016939535314240528,-169.39535314240527,0.40298338042132426,0.6832148298881413,-0.28023144946681705,0,1,0,0,169.39535314240527,0.30331904133181253,0.29167510185510565,0.7368136255671566,0.3505430014018996,
2025-02-19,2025-02-20,5834.9547,5945.3461,5831.4815,5943.8823,20529830500.0,313960331576.5,5840.7112,Test,0.01827679998955256,182.7679998955256,0.4092349085333435,0.6832148298881413,-0.2739799213547978,0,0,0,0,-182.7679998955256,0.2936941685594311,0.3703888317965432,0.680558096472404,0.3496702318510997,
2025-02-20,2025-02-21,5941.599,5977.7301,5920.5681,5957.5465,19820741100.0,305885399073.0,5943.8823,Test,0.004720480126646054,47.204801266460535,0.4384146628965904,0.6832148298881413,-0.24480016699155088,0,0,0,0,-47.204801266460535,0.3068576209954232,0.5223576376805089,0.5990569533446943,0.3501900216985705,
2025-02-21,2025-02-24,5969.6462,6061.824,5943.1948,6057.0648,25231712800.0,396960769353.7,5957.5465,Test,0.014696666613173814,146.96666613173815,0.3846232479989987,0.6832148298881413,-0.2985915818891426,0,0,0,0,-146.96666613173815,0.3175888903981971,0.44922316758720965,0.4334625706229735,0.3468673300133677,
2025-02-24,2025-02-25,6057.3801,6079.0169,6007.1786,6044.973,24381379800.0,382362648270.6,6057.0648,Test,-0.014914599795380346,-149.14599795380346,0.3724581694453752,0.6832148298881413,-0.3107566604427661,0,0,0,0,149.14599795380346,0.2760908434754569,0.4517776286738422,0.4387333775794905,0.3473012722972252,
2025-02-25,2025-02-26,5967.0367,6044.7559,5956.1761,5979.9653,20683395300.0,340316449158.0,6044.973,Test,0.0038969761992582175,38.96976199258218,0.37342307836975963,0.6832148298881413,-0.3097917515183817,0,0,0,0,-38.96976199258218,0.26619020501950175,0.4541976907606007,0.4544437265138443,0.3485339713569692,
2025-02-26,2025-02-27,5990.2901,6055.8727,5973.8574,6051.7401,21086089800.0,327265336672.0,5979.9653,Test,0.009998898050029181,99.98898050029182,0.49570859613940965,0.6832148298881413,-0.18750623374873165,0,0,0,0,-99.98898050029182,0.47821659309954545,0.6433956973973699,0.4547033209475896,0.3308089287864434,
2025-02-27,2025-02-28,6050.1864,6064.491,5940.3354,6028.9856,21665293000.0,328254761442.7,6051.7401,Test,-0.008639221429607491,-86.39221429607491,0.5963902678409917,0.6832148298881413,-0.08682456204714961,0,0,0,0,86.39221429607491,0.8648737770160557,0.5285569898919543,0.4590943726264889,0.33335290317473687,
2025-02-28,2025-03-03,5997.9175,6007.4724,5847.1512,5859.8708,20522381400.0,298290643729.1,6028.9856,Test,-0.020334607803458415,-203.34607803458417,0.5844579786400722,0.6832148298881413,-0.0987568512480691,0,1,0,0,203.34607803458417,0.8325393007802345,0.5271456581234951,0.455531284594189,0.3348559343093264,
2025-03-03,2025-03-04,5875.9522,5964.2684,5851.56,5885.7696,18502458100.0,266955659875.8,5859.8708,Test,-0.0051874145606561894,-51.874145606561896,0.5759751555550469,0.6832148298881413,-0.10723967433309445,0,0,0,0,51.874145606561896,0.7968741307271385,0.5432146994068529,0.4557843794415538,0.32915794872974435,
2025-03-04,2025-03-05,5845.4712,5943.0837,5843.4633,5937.6302,15392221100.0,231145314804.5,5885.7696,Test,0.01567644367147003,156.7644367147003,0.6398348952720623,0.6832148298881413,-0.04337993461607903,0,0,0,0,-156.7644367147003,0.7969429841568791,0.7871632581081415,0.4349396434561692,0.3298865426755407,
2025-03-05,2025-03-06,5937.1074,5955.8988,5892.5332,5950.7034,16307150000.0,241738025092.7,5937.6302,Test,0.007288465086550344,72.88465086550345,0.6331726278731299,0.6832148298881413,-0.05004220201501142,0,0,0,0,-72.88465086550345,0.8131362769422723,0.7408793898395178,0.43532053277254534,0.3343096709233263,
2025-03-06,2025-03-07,5980.3798,6062.5412,5972.6039,6047.7734,21304285200.0,320542701863.5,5950.7034,Test,0.008193710372709218,81.93710372709218,0.5441712996146383,0.6832148298881413,-0.13904353027350302,0,0,0,0,-81.93710372709218,0.7752727838811627,0.497904426668109,0.4003539163417242,0.3317965752049567,
2025-03-07,2025-03-10,6029.3813,6067.3481,5989.3206,6013.7747,20743714900.0,301122130059.3,6047.7734,Test,-0.0011112085414136663,-11.112085414136663,0.5345301466914004,0.6832148298881413,-0.14868468319674089,0,0,0,0,11.112085414136663,0.7430575949807053,0.4980071702225765,0.4044522943274772,0.3341815748974639,
2025-03-10,2025-03-11,6022.6814,6041.5219,5971.8131,6013.6191,17304433600.0,248513462299.4,6013.7747,Test,-0.012994494445613514,-129.94494445613515,0.5262997961350431,0.6832148298881413,-0.15691503375309823,0,0,0,0,129.94494445613515,0.7176431678197464,0.498104921054982,0.4059693208299971,0.33449056623959383,
2025-03-11,2025-03-12,5944.4197,6044.9742,5942.9124,6044.9742,17385564300.0,245205106219.3,6013.6191,Test,0.02085258212841179,208.5258212841179,0.5213982733611594,0.6832148298881413,-0.1618165565269819,0,0,0,0,-208.5258212841179,0.687587725268108,0.5173701214217352,0.4060938936098274,0.3338384761109676,
2025-03-12,2025-03-13,6068.3762,6098.2352,6038.8221,6040.4965,18476353700.0,267906301206.6,6044.9742,Test,-0.005853575788527965,-58.53575788527965,0.570461392898217,0.6832148298881413,-0.11275343698992435,0,0,0,0,58.53575788527965,0.8536179315562707,0.48170695350042914,0.40667469615571195,0.3492807252169253,
2025-03-13,2025-03-14,6032.8545,6050.1782,5947.7816,5993.967,19371071700.0,253622427436.4,6040.4965,Test,-0.006445423140903017,-64.45423140903017,0.5669252997851638,0.6832148298881413,-0.11628953010297749,0,0,0,0,64.45423140903017,0.8363319237751609,0.4826089906133929,0.4145500562262726,0.3515057247504944,
2025-03-14,2025-03-17,5993.9702,6099.9809,5978.5321,6099.9809,21924583400.0,289038080526.0,5993.967,Test,0.020960431201342944,209.60431201342945,0.5766087747234304,0.6832148298881413,-0.10660605516471089,0,0,0,0,-209.60431201342945,0.8092871891252685,0.5985975661434628,0.3988052695467519,0.2881665787524003,
2025-03-17,2025-03-18,6119.6064,6129.8543,6098.5079,6108.0176,18431727300.0,250160671107.9,6099.9809,Test,0.0010506067841227207,10.506067841227207,0.5585583407513307,0.6832148298881413,-0.1246564891368106,0,0,0,0,-10.506067841227207,0.7947066171857168,0.5489299834736416,0.39944151768178265,0.292378510284844,
2025-03-18,2025-03-19,6126.0357,6161.2281,6114.2064,6133.3018,16602304300.0,236342189394.2,6108.0176,Test,-0.0014058683987101528,-14.058683987101528,0.3414423273856359,0.6832148298881413,-0.3417725025025054,0,0,0,0,14.058683987101528,0.4384679939140206,0.1929354055859723,0.4143422592343975,0.2949124928701825,
2025-03-19,2025-03-20,6117.4233,6128.2297,6076.5643,6101.4369,15389378000.0,218871992193.0,6133.3018,Test,-0.003691210971129011,-36.91210971129011,0.2835509399701348,0.6832148298881413,-0.3996638899180065,0,0,0,0,36.91210971129011,0.2896923924020895,0.17274469380917465,0.4059207075584594,0.29615285389996504,
2025-03-20,2025-03-21,6094.8426,6109.1829,6055.3811,6059.4859,14718786500.0,203849586195.9,6101.4369,Test,-0.009163928203822724,-91.63928203822724,0.30060620092624113,0.6832148298881413,-0.3826086289619002,0,0,0,0,91.63928203822724,0.30176104489316413,0.21898431902687165,0.40650285043572837,0.2953825577448812,
2025-03-21,2025-03-24,6038.9899,6071.0846,5951.7952,5971.9302,17410378500.0,225801003414.7,6059.4859,Test,-0.010919591039554422,-109.19591039554422,0.3169606895566587,0.6832148298881413,-0.3662541403314826,0,0,0,0,109.19591039554422,0.3019446925712233,0.28885373652206486,0.38994047722974434,0.2977096429107553,
2025-03-24,2025-03-25,5973.0466,5987.0606,5882.878,5969.0789,16919243500.0,220094329255.6,5971.9302,Test,-0.0006077635490069344,-6.077635490069344,0.3607946077267097,0.6832148298881413,-0.3224202221614316,0,0,0,0,6.077635490069344,0.31536603013643233,0.4559358003869342,0.3525729044425858,0.3021380899663265,
2025-03-25,2025-03-26,5969.4164,5993.9312,5929.6734,5946.951,14748394800.0,192227014821.0,5969.0789,Test,-0.005622442421674645,-56.22442421674645,0.4153700163424878,0.6832148298881413,-0.2678448135456535,0,0,0,0,56.22442421674645,0.3253793224049373,0.642359852235128,0.3536211341648996,0.2942727411418461,
2025-03-26,2025-03-27,5935.8537,5983.4739,5935.8537,5948.4986,13670211100.0,171695842016.5,5946.951,Test,-0.0005622106218688971,-5.622106218688971,0.32386581887653165,0.6832148298881413,-0.35934901101160965,0,0,0,0,5.622106218688971,0.2869950490049729,0.3927575795732567,0.31296882466741793,0.2966389906718565,
2025-03-27,2025-03-28,5932.5165,6000.6615,5891.7664,5957.6017,13470890400.0,176590477346.0,5948.4986,Test,0.0037443132269416868,37.443132269416864,0.36354020640998774,0.6832148298881413,-0.31967462347815356,0,0,0,0,-37.443132269416864,0.30484834380358666,0.5141810286581061,0.31447417129751976,0.29210477379402633,
2025-03-28,2025-03-31,5954.7297,5973.8015,5904.9159,5916.0314,13426192700.0,168899478619.3,5957.6017,Test,-0.01138149058218374,-113.8149058218374,0.33878080049510795,0.6832148298881413,-0.34443402939303336,0,0,0,0,113.8149058218374,0.3391596569996373,0.39926145146867237,0.29405268966994214,0.2936357436038482,
2025-03-31,2025-04-01,5886.956,5908.3026,5802.4187,5857.7721,15425609000.0,189563392181.2,5916.0314,Test,-0.002720183402084242,-27.20183402084242,0.31057088048475834,0.6832148298881413,-0.37264394940338297,0,0,0,0,27.20183402084242,0.34930861531683777,0.28132535420917126,0.29945576041471844,0.2947161550451717,
2025-04-01,2025-04-02,5870.9424,5931.5038,5867.848,5892.8502,13644860200.0,179327950524.9,5857.7721,Test,0.0023761261905754782,23.761261905754782,0.38117495377918387,0.6832148298881413,-0.30203987610895744,0,0,0,0,-23.761261905754782,0.3437920743640881,0.5395578794192734,0.30013036722355635,0.2948797591800933,
2025-04-02,2025-04-03,5884.8925,5936.6467,5884.1126,5899.0865,11215996000.0,140642079451.3,5892.8502,Test,-0.007183784580601982,-71.83784580601981,0.3387973351721663,0.6832148298881413,-0.344417494715975,0,0,0,0,71.83784580601981,0.1659972374409332,0.6012973241601093,0.3018088083534261,0.29748178649790397,
2025-04-03,2025-04-07,5842.6167,5906.7057,5817.9662,5845.5045,13493862500.0,173662140191.8,5899.0865,Test,-0.05453944976400715,-545.3944976400716,0.3334701553105336,0.6832148298881413,-0.3497446745776077,0,1,0,0,545.3944976400716,0.17912235255507003,0.5616689580352598,0.3058166985777059,0.30013483440526073,
2025-04-07,2025-04-08,5523.9636,5587.8502,5212.6773,5287.0333,23652265600.0,267397400609.4,5845.5045,Test,-0.044208654814452464,-442.0865481445246,0.39624486223362493,0.6832148298881413,-0.2869699676545164,0,1,0,0,442.0865481445246,0.30392065124771217,0.6444516524673096,0.3074168779725111,0.2802104060287726,
2025-04-08,2025-04-09,5279.7566,5371.1834,5249.2318,5326.914,22384066500.0,261875349400.4,5287.0333,Test,-0.005695811810718543,-56.95811810718543,0.4691690820443582,0.6832148298881413,-0.2140457478437831,0,0,0,0,56.95811810718543,0.2893995523719746,0.9423815389768774,0.2948203952951438,0.2627869772464343,
2025-04-09,2025-04-10,5249.6841,5465.1449,5135.9655,5439.7716,24511802700.0,288257435803.9,5326.914,Test,0.05426515092593842,542.6515092593842,0.5999080884277634,0.6832148298881413,-0.08330674146037786,0,0,0,0,-542.6515092593842,0.6910893121807122,0.933859942925126,0.28791809396328283,0.2507184849710234,
2025-04-10,2025-04-11,5534.559,5610.1895,5513.9544,5544.0646,21196303500.0,268666431276.5,5439.7716,Test,-0.003680690728927072,-36.80690728927072,0.6015499938106487,0.6832148298881413,-0.08166483607749264,0,0,0,0,36.80690728927072,0.7046095126875292,0.8882596572946844,0.2897736717077589,0.30949904799168837,
2025-04-11,2025-04-14,5514.188,5631.5954,5510.8949,5581.3184,16441166300.0,227659789695.8,5544.0646,Test,0.02168790763028028,216.8790763028028,0.5980097616527602,0.6832148298881413,-0.0852050682353811,0,0,0,0,-216.8790763028028,0.7006306059347257,0.8294027681872207,0.34711780872404424,0.31997914139526235,
2025-04-14,2025-04-15,5633.7792,5661.8049,5608.7297,5627.1375,15548707700.0,207470466690.5,5581.3184,Test,-0.001558225782082423,-15.58225782082423,0.5985572032532935,0.6832148298881413,-0.08465762663484777,0,0,0,0,15.58225782082423,0.7174523648485628,0.8059983590511355,0.34822272559530687,0.3270928689968547,
2025-04-15,2025-04-16,5625.0005,5626.677,5567.0271,5602.534,12327370800.0,161900884812.5,5627.1375,Test,-0.006261972776713587,-62.61972776713587,0.45392730572542467,0.6832148298881413,-0.22928752416271664,0,0,0,0,62.61972776713587,0.2965830664011322,0.7772704893245516,0.3731681245610526,0.3334771170920853,
2025-04-16,2025-04-17,5589.7769,5592.6741,5492.6546,5556.8642,13253722400.0,163751037649.9,5602.534,Test,-0.011125023612301832,-111.25023612301833,0.43282901005037633,0.6832148298881413,-0.250385819837765,0,0,0,0,111.25023612301833,0.3046578524456365,0.7140316848762528,0.34807523980125604,0.3296244731077049,
2025-04-17,2025-04-18,5527.5905,5604.6198,5526.8881,5557.0105,11365238200.0,148283242243.4,5556.8642,Test,0.0035053428795059904,35.0534287950599,0.43389403235173535,0.6832148298881413,-0.24932079753640596,0,0,0,0,-35.0534287950599,0.30911081165422805,0.7143745636147001,0.3491701145296962,0.32471283362905395,
2025-04-18,2025-04-21,5546.9666,5579.4791,5525.4046,5560.7207,11164425800.0,139804146811.9,5557.0105,Test,0.0017209405948108714,17.209405948108714,0.44267679476149624,0.6832148298881413,-0.24053803512664507,0,0,0,0,-17.209405948108714,0.32886999726265126,0.7460171268199597,0.3304291013016223,0.30801123685155735,
2025-04-21,2025-04-22,5556.5126,5646.2179,5535.6994,5642.3805,12311188300.0,160264813233.9,5560.7207,Test,0.014106149961758518,141.06149961758518,0.42916514222607455,0.6832148298881413,-0.25404968766206676,0,0,0,0,-141.06149961758518,0.3382497082519972,0.6950160142393871,0.3186295969358988,0.3091077881716836,
2025-04-22,2025-04-23,5634.8936,5651.5541,5617.8786,5624.209,12466668900.0,164464321326.5,5642.3805,Test,0.00231081559374946,23.1081559374946,0.3438566653447952,0.6832148298881413,-0.3393581645433461,0,0,0,0,-23.1081559374946,0.3529199311186161,0.36687275186360374,0.3218726561853008,0.3145470867618154,
2025-04-23,2025-04-24,5647.9148,5670.2595,5614.7677,5634.9487,12700776400.0,177991292765.2,5624.209,Test,-0.0026365128595776666,-26.365128595776667,0.298915177393932,0.6832148298881413,-0.38429965249420933,0,0,0,0,26.365128595776667,0.35824770557769836,0.18774597856644656,0.3383853787187384,0.3131081261299191,
2025-04-24,2025-04-25,5633.024,5651.5343,5583.4302,5605.8796,12269669600.0,157899194340.6,5634.9487,Test,-0.0035297737059172274,-35.29773705917228,0.31189160401029825,0.6832148298881413,-0.37132322587784306,0,0,0,0,35.29773705917228,0.388376013357238,0.20057680453320417,0.33324392279229914,0.3148036949077145,
2025-04-25,2025-04-28,5613.1407,5661.5869,5596.5266,5627.1804,14000080000.0,171933817273.4,5605.8796,Test,0.002008839721405753,20.08839721405753,0.31783934570314876,0.6832148298881413,-0.36537548418499255,0,0,0,0,-20.08839721405753,0.38382163862659996,0.23673632306846285,0.32000617095502354,0.3165778781301877,
2025-04-28,2025-04-29,5624.4166,5628.0778,5587.7857,5598.2951,13621809400.0,167616287077.3,5627.1804,Test,-0.007235950480623976,-72.35950480623976,0.26862397969715884,0.6832148298881413,-0.41459085019098246,0,0,0,0,72.35950480623976,0.23628223032929932,0.25809766411503643,0.29556964468953467,0.3187209600080577,
2025-04-29,2025-04-30,5583.7186,5622.022,5571.2363,5604.9057,12674292700.0,158033003939.8,5598.2951,Test,0.0037493114355726664,37.49311435572666,0.28439252526718317,0.6832148298881413,-0.39882230462095813,0,0,0,0,-37.49311435572666,0.2713399904729431,0.27701954793430417,0.2993609974849487,0.304450222738054,
2025-04-30,2025-05-06,5604.6537,5647.7821,5603.1718,5631.8249,13838662100.0,181616584522.5,5604.9057,Test,0.011458781119696893,114.58781119696893,0.30156033097090085,0.6832148298881413,-0.38165449891724046,0,0,0,0,-114.58781119696893,0.29666365905329334,0.317685539372123,0.28825252786572,0.3020448733633019,
2025-05-06,2025-05-07,5668.8762,5740.3338,5666.4698,5740.3338,16277360600.0,217059975785.3,5631.8249,Test,0.024128203752270982,241.28203752270983,0.29357295744805323,0.6832148298881413,-0.3896418724400881,0,0,0,0,-241.28203752270983,0.2873477625294145,0.3017012606611231,0.2910184278535139,0.2960894442197798,
2025-05-07,2025-05-08,5805.656,5819.2422,5713.2734,5750.2911,17101175700.0,227566204818.1,5740.3338,Test,-0.012735907880177533,-127.35907880177533,0.2807396599770171,0.6832148298881413,-0.4024751699111242,0,0,0,0,127.35907880177533,0.2712086802496816,0.2684952397863909,0.30456112139020125,0.2896662177880725,
2025-05-08,2025-05-09,5731.7157,5783.7915,5724.9511,5773.8056,13614032200.0,187032631458.8,5750.2911,Test,0.006756319054694204,67.56319054694204,0.2281622271920441,0.6832148298881413,-0.4550526026960972,0,0,0,0,-67.56319054694204,0.08256038781126447,0.2860672520051653,0.3319041900939065,0.2935871434631778,
2025-05-09,2025-05-12,5770.441,5770.441,5705.1654,5721.7225,12393900700.0,178162276679.5,5773.8056,Test,-0.0032933011532393364,-32.933011532393365,0.3578144199343821,0.6832148298881413,-0.3254004099537592,0,0,0,0,32.933011532393365,0.4000400246495066,0.3621876101984838,0.33317747378120555,0.29430772791318255,
2025-05-12,2025-05-13,5751.4372,5794.5161,5737.4622,5793.6743,13582436700.0,199426833721.2,5721.7225,Test,0.015056567078572947,150.56567078572948,0.36308621429196614,0.6832148298881413,-0.32012861559617517,0,0,0,0,-150.56567078572948,0.40052572634697386,0.3702911810006702,0.3419182229385438,0.30002454754579805,
2025-05-13,2025-05-14,5838.0341,5838.0341,5772.0723,5781.6683,13827108100.0,194252270526.7,5793.6743,Test,-0.010269724186777185,-102.69724186777185,0.35930171699616514,0.6832148298881413,-0.32391311289197616,0,0,0,0,102.69724186777185,0.3742089515545568,0.39662851125840587,0.3315302265140287,0.3004877530135991,
2025-05-14,2025-05-15,5778.0791,5835.4912,5750.5367,5799.1191,15627999400.0,188145126840.3,5781.6683,Test,0.0015064175912717914,15.064175912717914,0.2766119604468518,0.6832148298881413,-0.4066028694412895,0,0,0,0,-15.064175912717914,0.12880402721743922,0.38636158509648244,0.344340153055679,0.3055157105853626,
2025-05-15,2025-05-16,5786.7833,5786.7833,5715.2938,5715.2966,13516076800.0,165136693963.9,5799.1191,Test,-0.014351306363934557,-143.51306363934557,0.30000990114062115,0.6832148298881413,-0.38320492874752016,0,0,0,0,143.51306363934557,0.15581546313663533,0.43602029642575574,0.3454747965987919,0.3058906588951208,
2025-05-16,2025-05-19,5703.7354,5735.0121,5703.7354,5715.8491,11670913600.0,141882122895.5,5715.2966,Test,0.0027530554800982987,27.530554800982987,0.3046856737117604,0.6832148298881413,-0.3785291561763809,0,0,0,0,-27.530554800982987,0.1712995101927922,0.43928545098755084,0.3349108074350744,0.31102210208737796,
2025-05-19,2025-05-20,5719.4381,5729.0703,5669.7208,5720.7949,11538493900.0,141098692009.1,5715.8491,Test,0.0007111537757529263,7.111537757529263,0.33300355773572343,0.6832148298881413,-0.3502112721524179,0,0,0,0,-7.111537757529263,0.20926008761470344,0.49470061162755935,0.3361496579050455,0.30866269969936,
2025-05-20,2025-05-21,5723.5055,5759.4582,5707.8101,5747.367,11689661500.0,151751185853.6,5720.7949,Test,0.0031768991922869194,31.768991922869194,0.33420150341905197,0.6832148298881413,-0.34901332646908934,0,0,0,0,-31.768991922869194,0.21990302576969636,0.4949596405669954,0.3285632686361268,0.3035116012415536,
2025-05-21,2025-05-22,5741.6885,5763.0788,5733.8275,5757.9225,11580454200.0,155147378006.4,5747.367,Test,-0.0004349939917500656,-4.349939917500656,0.3391447483988904,0.6832148298881413,-0.3440700814892509,0,0,0,0,4.349939917500656,0.23593943436314163,0.4952060296689225,0.33067006222181056,0.2970014919957849,
2025-05-22,2025-05-23,5739.1909,5757.7946,5701.1614,5703.2797,10905772000.0,141620883824.3,5757.9225,Test,-0.007327635677705002,-73.27635677705003,0.3491901817737331,0.6832148298881413,-0.3340246481144082,0,0,0,0,73.27635677705003,0.2623419323439435,0.49544039817587615,0.3333214345592726,0.2996243605281692,
2025-05-23,2025-05-26,5697.1362,5738.0829,5653.0436,5653.0436,11436119800.0,148123602870.9,5703.2797,Test,-0.007710874105484766,-77.10874105484766,0.31864359423248395,0.6832148298881413,-0.36457123565565736,0,0,0,0,77.10874105484766,0.2606554362278851,0.3874527581631001,0.3345784840372298,0.2995419196321525,
2025-05-26,2025-05-27,5653.2063,5693.625,5644.5794,5669.4609,9717098900.0,127343603493.8,5653.0436,Test,0.0023166322446077636,23.166322446077636,0.33971378932850926,0.6832148298881413,-0.34350104055963204,0,0,0,0,-23.166322446077636,0.25986901631809967,0.46024065454386337,0.3358211681307522,0.3038142719956759,
2025-05-27,2025-05-28,5666.3027,5667.871,5629.1343,5652.1454,9514936300.0,125275690002.2,5669.4609,Test,-0.002546140007663178,-25.46140007663178,0.3565212660281883,0.6832148298881413,-0.326693563859953,0,0,0,0,25.46140007663178,0.2724061754413039,0.5057911643001385,0.33704975881385296,0.3008168339691156,
2025-05-28,2025-05-29,5651.8755,5660.4696,5628.4165,5637.2378,9490888300.0,119959827369.0,5652.1454,Test,-0.0026207583659619837,-26.207583659619836,0.36740919237017605,0.6832148298881413,-0.31580563751796525,0,0,0,0,26.207583659619836,0.302623215089349,0.5055078381224086,0.33920769540249596,0.3021838223560867,
2025-05-29,2025-05-30,5637.0633,5724.5185,5637.0633,5719.9101,11468248400.0,148095092966.2,5637.2378,Test,0.012011165459149709,120.11165459149709,0.45289481685485466,0.6832148298881413,-0.23032001303328664,0,0,0,0,-120.11165459149709,0.6256411127620154,0.4218603471133761,0.33338280804133336,0.30444827221831716,
2025-05-30,2025-06-03,5704.771,5704.771,5665.5177,5671.0723,10990070700.0,137670579253.9,5719.9101,Test,-0.008956766187459664,-89.56766187459664,0.45107129888971037,0.6832148298881413,-0.23214353099843094,0,0,0,0,89.56766187459664,0.5940971385852987,0.4552202324478772,0.3346392081997475,0.29997488050849225,
2025-06-03,2025-06-04,5653.6747,5710.4203,5653.2978,5694.8385,12285390300.0,159996843500.1,5671.0723,Test,0.007587012390366299,75.87012390366299,0.40483842558854366,0.6832148298881413,-0.27837640429959765,0,0,0,0,-75.87012390366299,0.5733419148723519,0.30346057817188987,0.34746818960636155,0.30306381831509566,
2025-06-04,2025-06-05,5696.5692,5744.4543,5696.5692,5739.0058,11619607700.0,150314940398.1,5694.8385,Test,0.007804802932965371,78.04802932965372,0.4531231739300115,0.6832148298881413,-0.2300916559581298,0,0,0,0,-78.04802932965372,0.628642830226667,0.4130553399724024,0.34856970614122296,0.2940236319350186,
2025-06-05,2025-06-06,5741.0298,5778.0959,5719.5466,5769.9675,12522358400.0,174970104156.2,5739.0058,Test,0.004767280601818191,47.672806018181916,0.5255897794496579,0.6832148298881413,-0.1576250504384834,0,0,0,0,-47.672806018181916,0.84045547566071,0.41766008022935713,0.342188044527697,0.2975545341543944,
2025-06-06,2025-06-09,5768.3989,5771.7558,5750.6592,5762.0778,10821766000.0,148022372105.1,5769.9675,Test,0.0007593614928398384,7.5936149283983845,0.5126067399024268,0.6832148298881413,-0.17060808998571453,0,0,0,0,-7.5936149283983845,0.8140591810219435,0.42198822478361675,0.31687507184823654,0.29973374755588256,
2025-06-09,2025-06-10,5772.7792,5823.899,5765.3547,5805.6543,12818861900.0,171482411225.9,5762.0778,Test,0.006417896599960171,64.17896599960171,0.509200965559909,0.6832148298881413,-0.1740138643282323,0,0,0,0,-64.17896599960171,0.7997768927102142,0.42022414300489386,0.3237629879892019,0.3024137789965091,
2025-06-10,2025-06-11,5809.8283,5810.9224,5715.9712,5757.9921,13826918100.0,182980299992.1,5805.6543,Test,-0.008829796226508146,-88.29796226508147,0.47189766250265214,0.6832148298881413,-0.21131716738548917,0,0,0,0,88.29796226508147,0.7633431371736773,0.32845214475968687,0.32600743820518224,0.3042047432859342,
2025-06-11,2025-06-12,5758.5287,5818.5734,5758.5287,5792.9464,12371670700.0,161353672422.0,5757.9921,Test,0.0038965335016911684,38.96533501691168,0.4412988255620869,0.6832148298881413,-0.24191600432605442,0,0,0,0,-38.96533501691168,0.7501059199684803,0.25422059615556913,0.31444500035287953,0.28689466107256684,
2025-06-12,2025-06-13,5780.967,5808.8047,5766.5212,5799.9319,12561584600.0,165393538363.1,5792.9464,Test,0.0003786563735790338,3.786563735790338,0.4715731413201538,0.6832148298881413,-0.21164168856798748,0,0,0,0,-3.786563735790338,0.7377835485230997,0.3788523917497274,0.3123666399489136,0.28704627714759545,
2025-06-13,2025-06-16,5783.156,5794.6698,5728.2114,5740.2397,16761337400.0,216010351562.9,5799.9319,Test,-0.010055599399359072,-100.55599399359072,0.46153590582199255,0.6832148298881413,-0.22167892406614875,0,0,0,0,100.55599399359072,0.7267188570776287,0.35080706183325916,0.3183229258305671,0.28871545887225863,
2025-06-16,2025-06-17,5725.0029,5775.9487,5725.0029,5767.8083,12824265800.0,170989175829.1,5740.2397,Test,0.008260799308940081,82.60799308940081,0.44956095521812606,0.6832148298881413,-0.23365387467001525,0,0,0,0,-82.60799308940081,0.7210195474126677,0.3246840235847891,0.30951613343482215,0.28380770711510755,
2025-06-17,2025-06-18,5772.296,5776.6325,5734.829,5750.9122,12152662400.0,160121673881.7,5767.8083,Test,-0.005568044327595167,-55.680443275951674,0.5013148417458364,0.6832148298881413,-0.1818999881423049,0,0,0,0,55.680443275951674,0.7347440948261851,0.48938769846013924,0.3110672559823314,0.2877406101248842,
2025-06-18,2025-06-19,5740.1556,5753.7124,5709.8031,5745.8714,11270384400.0,154540142782.6,5750.9122,Test,-0.0011060327354192045,-11.060327354192045,0.45733090569186574,0.6832148298881413,-0.22588392419627557,0,0,0,0,11.060327354192045,0.7270901476062976,0.3453158332584004,0.3036719318863067,0.29139998236490583,
2025-06-19,2025-06-20,5733.8068,5750.4643,5660.0504,5676.8317,12553113400.0,162657974788.2,5745.8714,Test,-0.011286864426614418,-112.86864426614417,0.48415556302453083,0.6832148298881413,-0.19905926686361047,0,0,0,0,112.86864426614417,0.7205373522964006,0.44627882543361724,0.30530183546630435,0.2940524269984677,
2025-06-20,2025-06-23,5669.0901,5688.7362,5636.7846,5639.513,10179476600.0,135042595005.9,5676.8317,Test,-0.009844401661564861,-98.44401661564861,0.4853326911173627,0.6832148298881413,-0.1978821387707786,0,0,0,0,98.44401661564861,0.7020309775752778,0.46919944526999297,0.3069095070510753,0.29841389071833535,
2025-06-23,2025-06-24,5613.2813,5684.3973,5613.2813,5674.1704,11160180200.0,146034994434.9,5639.513,Test,0.012502651523984776,125.02651523984775,0.5314768809480442,0.6832148298881413,-0.15173794894009707,0,0,0,0,-125.02651523984775,0.6839862612808154,0.6765772188573113,0.2802408407690518,0.2989184116458024,
2025-06-24,2025-06-25,5683.4622,5766.0189,5683.4622,5765.8373,14208225600.0,191935453604.6,5674.1704,Test,0.01658816346134917,165.8816346134917,0.5747993967083146,0.6832148298881413,-0.10841543317982671,0,0,0,0,-165.8816346134917,0.7220371947508666,0.7938864693248777,0.2624793897765793,0.30795670832004163,
2025-06-25,2025-06-26,5777.7404,5866.5246,5776.1237,5862.5529,18463231000.0,239260448527.5,5765.8373,Test,0.01567256292788799,156.7256292788799,0.5562950927829327,0.6832148298881413,-0.12691973710520865,0,0,0,0,-156.7256292788799,0.6809310300876711,0.767153016361648,0.27205065720255434,0.31327845867063153,
2025-06-26,2025-06-27,5868.2924,5885.2508,5835.3395,5838.2454,18016416300.0,235223723201.8,5862.5529,Test,-0.0030447017261785447,-30.447017261785447,0.5142154686491279,0.6832148298881413,-0.16899936123901338,0,0,0,0,30.447017261785447,0.6655649653408915,0.6163757784551832,0.2920428767355025,0.31930455989976825,
2025-06-27,2025-06-30,5850.4252,5905.6962,5839.5775,5863.7282,19938972500.0,243302989299.7,5838.2454,Test,0.00465771274197313,46.5771274197313,0.5138842637388663,0.6832148298881413,-0.169330566149275,0,0,0,0,-46.5771274197313,0.6676607863033348,0.6098279966553921,0.29283695473581867,0.32314767056464155,
2025-06-30,2025-07-01,5877.6748,5918.3068,5872.2251,5915.3876,16627514700.0,226516690563.4,5863.7282,Test,0.006487174145803465,64.87174145803465,0.5247962883710223,0.6832148298881413,-0.15841854151711898,0,0,0,0,-64.87174145803465,0.6589398484520796,0.658138783165305,0.294620235700757,0.3228839297303957,
2025-07-01,2025-07-02,5915.8043,5936.9237,5890.114,5934.67,15419236500.0,213595657433.4,5915.3876,Test,0.0011387124486184064,11.387124486184064,0.45882895862499146,0.6832148298881413,-0.22438587126314985,0,0,0,0,-11.387124486184064,0.6425738113073879,0.44848411017499173,0.2854520102377226,0.32486793549489323,
2025-07-02,2025-07-03,5922.5407,5922.5407,5873.8918,5892.9505,16250048500.0,194981070907.2,5934.67,Test,-0.0044407292971409,-44.40729297140899,0.4587912248598062,0.6832148298881413,-0.22442360502833508,0,0,0,0,44.40729297140899,0.6335087931163429,0.4510926668354231,0.29449814035254596,0.3268918600548188,
2025-07-03,2025-07-04,5896.2403,5929.7268,5885.943,5922.66,13007004600.0,174689067393.9,5892.9505,Test,0.0036485453281134284,36.48545328113428,0.42225678373825165,0.6832148298881413,-0.26095804614988966,0,0,0,0,-36.48545328113428,0.6167096462000683,0.3369606452744804,0.29753059934182763,0.32981119686357374,
2025-07-04,2025-07-07,5917.753,5969.3028,5889.7303,5911.4352,16494106000.0,211373135686.2,5922.66,Test,-0.002763075782311275,-27.630757823112752,0.4316307659550629,0.6832148298881413,-0.2515840639330784,0,0,0,0,27.630757823112752,0.5895377921399524,0.4180850856835951,0.27912136097393864,0.329483707636287,
2025-07-07,2025-07-08,5901.4018,5910.8036,5889.6023,5900.4056,13720736200.0,165759099335.8,5911.4352,Test,0.00028805020529198977,2.8805020529198977,0.37977410258459254,0.6832148298881413,-0.30344072730354876,0,0,0,0,-2.8805020529198977,0.6048125109992427,0.2147053264720537,0.2799545269098966,0.3276897594531105,
2025-07-08,2025-07-09,5903.1017,5979.6273,5903.1017,5977.7437,16868114200.0,216966438897.8,5900.4056,Test,0.01313604337868668,131.3604337868668,0.3475859604224161,0.6832148298881413,-0.33562886946572523,0,0,0,0,-131.3604337868668,0.5621258697441247,0.16278430773987232,0.2662857263545113,0.3268793671516056,
2025-07-09,2025-07-10,5980.6451,5992.1349,5940.1761,5953.4871,16491440200.0,207864435842.8,5977.7437,Test,-0.004962575023888305,-49.62575023888305,0.338425299833743,0.6832148298881413,-0.34478953005439833,0,0,0,0,49.62575023888305,0.5469578188493285,0.19727015872416065,0.26878988640006357,0.23806388733870185,
2025-07-10,2025-07-11,5950.9657,6000.6858,5942.2901,5983.0505,17624260700.0,207636636985.2,5953.4871,Test,0.005857519897988883,58.57519897988883,0.34736923143430176,0.6832148298881413,-0.33584559845383954,0,0,0,0,-58.57519897988883,0.5449460472137699,0.22549927052906082,0.28082798953923027,0.23228513709282675,
2025-07-11,2025-07-14,5985.8236,6057.6225,5963.2571,6027.0789,22236309800.0,263484519394.2,5983.0505,Test,0.007911125212577419,79.11125212577419,0.3758340913446406,0.6832148298881413,-0.30738073854350073,0,0,0,0,-79.11125212577419,0.5607299102864298,0.318157297229445,0.2720557458510783,0.22656009084857856,
2025-07-14,2025-07-15,6033.1782,6042.8856,6011.6872,6020.8585,18927744400.0,226290847208.0,6027.0789,Test,-0.0024117968204552254,-24.117968204552255,0.37121393948775755,0.6832148298881413,-0.31200089040038376,0,0,0,0,24.117968204552255,0.5704712105854516,0.2833336842998618,0.28045074123634145,0.22638208257967213,
2025-07-15,2025-07-16,6018.6274,6049.7867,5973.7969,6018.7583,18973623400.0,246076758437.0,6020.8585,Test,0.0001576937625344943,1.576937625344943,0.363883265938808,0.6832148298881413,-0.3193315639493333,0,0,0,0,-1.576937625344943,0.5270270231289114,0.2991482184361026,0.29110873438840684,0.23055409592137424,
2025-07-16,2025-07-17,6019.5765,6061.199,5997.1633,6017.1947,14861006200.0,213065134852.4,6018.7583,Test,-0.0009738891099730917,-9.738891099730917,0.38531918204840276,0.6832148298881413,-0.29789564783973854,0,0,0,0,9.738891099730917,0.5422325752533123,0.35395825920186913,0.29291741763242873,0.2338122625413681,
2025-07-17,2025-07-18,6013.7141,6082.4644,6013.0436,6082.4644,14969265800.0,235042939349.0,6017.1947,Test,0.013056074614521407,130.56074614521407,0.3902432769762857,0.6832148298881413,-0.2929715529118556,0,0,0,0,-130.56074614521407,0.5590040586898707,0.36276875727661334,0.27764352401146575,0.23453168563597165,
2025-07-18,2025-07-21,6092.2296,6112.1098,6073.6384,6099.6104,15315220400.0,236482711042.0,6082.4644,Test,0.0037417992256891797,37.41799225689179,0.3729501648811988,0.6832148298881413,-0.3102646650069425,0,0,0,0,-37.41799225689179,0.553340064551825,0.3075215778858898,0.27183479506429586,0.24315528882115017,
2025-07-21,2025-07-22,6115.0255,6162.4401,6110.988,6161.3086,20735050700.0,272008062680.9,6099.6104,Test,0.008436743231896582,84.36743231896583,0.3758683602972017,0.6832148298881413,-0.3073464695909396,0,0,0,0,-84.36743231896583,0.5489944875927111,0.3206564376126402,0.2791744519272104,0.23755032850096502,
2025-07-22,2025-07-23,6166.6164,6215.4058,6152.8142,6213.4072,24621164200.0,313661670874.1,6161.3086,Test,0.008366095222008596,83.66095222008596,0.3668353397007816,0.6832148298881413,-0.3163794901873597,0,0,0,0,-83.66095222008596,0.5465137882645121,0.28401065562752686,0.2852559183972521,0.24213353792340261,
2025-07-23,2025-07-24,6218.2069,6256.1516,6187.0121,6196.7577,25837789600.0,311060238982.0,6213.4072,Test,-0.0032732426449175733,-32.73242644917573,0.3693784183142479,0.6832148298881413,-0.3138364115738934,0,0,0,0,32.73242644917573,0.5325150472230347,0.29976341560625064,0.2965622274863619,0.24466159901041448,
2025-07-24,2025-07-25,6197.8532,6293.5984,6197.8532,6293.5984,26835556400.0,320187942645.6,6196.7577,Test,0.01609788047254823,160.97880472548232,0.3795022388310483,0.6832148298881413,-0.30371259105709303,0,0,0,0,-160.97880472548232,0.5569292444988505,0.3137333225887535,0.2843626984739216,0.24838232320203352,
2025-07-25,2025-07-28,6297.6255,6311.1687,6276.4156,6299.5908,23705532800.0,304368073044.4,6293.5984,Test,0.0012066770245386937,12.066770245386937,0.378540258167146,0.6832148298881413,-0.3046745717209953,0,0,0,0,-12.066770245386937,0.5624852030742525,0.2951086737751639,0.2862728394224736,0.26053022369943735,
2025-07-28,2025-07-29,6305.2247,6329.0304,6271.93,6323.4198,21444826700.0,305210098011.3,6299.5908,Test,0.0004596346899421455,4.596346899421455,0.38649449178696976,0.6832148298881413,-0.29672033810117154,0,0,0,0,-4.596346899421455,0.5599694248093987,0.30959681801431554,0.3063686094836228,0.2626042763835549,
2025-07-29,2025-07-30,6308.1228,6356.1497,6272.3139,6356.1327,20175762900.0,292526917595.6,6323.4198,Test,0.005905227463232077,59.05227463232077,0.3843992480221706,0.6832148298881413,-0.2988155818659707,0,0,0,0,-59.05227463232077,0.5554836572206862,0.3225299224217183,0.2855949102858446,0.26497216266356516,
2025-07-30,2025-07-31,6345.3737,6368.2693,6269.5128,6314.6873,21212841100.0,304778465291.6,6356.1327,Test,-0.007479701313730436,-74.79701313730436,0.38628083072388275,0.6832148298881413,-0.29693399916425856,0,0,0,0,74.79701313730436,0.5863235823643033,0.2873938302527651,0.28683000474402803,0.2709871200347449,
2025-07-31,2025-08-01,6297.9122,6322.0651,6206.1902,6226.3432,22421423700.0,322273638101.9,6314.6873,Test,-0.012204314312288966,-122.04314312288966,0.38668348643276296,0.6832148298881413,-0.29653134345537835,0,0,0,0,122.04314312288966,0.5677701073292196,0.3027680550771636,0.2953363049708906,0.27432879641016594,
2025-08-01,2025-08-04,6221.0505,6253.6575,6177.4781,6213.2014,16590719100.0,254479551590.7,6226.3432,Test,-0.004935854483097413,-49.358544830974125,0.4200582249359713,0.6832148298881413,-0.26315660495217,0,0,0,0,49.358544830974125,0.5362334298790893,0.46787138498424913,0.29708344857797203,0.2586032018396078,
2025-08-04,2025-08-05,6190.3443,6261.9617,6187.6219,6261.7313,14859148000.0,236649250157.6,6213.2014,Test,0.014000368283231035,140.00368283231035,0.5003040525005291,0.6832148298881413,-0.1829107773876122,0,0,0,0,-140.00368283231035,0.5365487768740433,0.7527654393993957,0.29880557892953064,0.25853698729391783,
2025-08-05,2025-08-06,6277.0114,6303.2359,6272.5062,6303.2359,15420666500.0,235654712149.9,6261.7313,Test,0.0034917413086106297,34.91741308610629,0.5364907636390107,0.6832148298881413,-0.1467240662491306,0,0,0,0,-34.91741308610629,0.5949421457495866,0.80539903438584,0.3005033014826621,0.2661748633120652,
2025-08-06,2025-08-07,6298.9291,6357.5899,6293.2247,6357.3769,16602763800.0,263770937890.4,6303.2359,Test,0.009113152265834978,91.13152265834978,0.5096135909799541,0.6832148298881413,-0.17360123890818724,0,0,0,0,-91.13152265834978,0.5262980401392849,0.7766743069014992,0.31859353699764853,0.26945545787934233,
2025-08-07,2025-08-08,6356.3322,6366.2138,6299.4929,6337.5425,17044640000.0,274900586379.3,6357.3769,Test,-0.0050591440139015065,-50.59144013901506,0.5078704793731161,0.6832148298881413,-0.17534435051502517,0,0,0,0,50.59144013901506,0.5432065438572851,0.7526578933537091,0.3242209648155663,0.25692145039484976,
2025-08-08,2025-08-11,6324.1746,6351.3348,6308.1478,6323.4999,17250752600.0,259175300068.3,6337.5425,Test,0.0017792203270288187,17.792203270288187,0.4832410120661794,0.6832148298881413,-0.19997381782196189,0,0,0,0,-17.792203270288187,0.5252879723204831,0.6739602574260997,0.33672526211445625,0.26159169832954277,
2025-08-11,2025-08-12,6335.4267,6404.8331,6335.4267,6391.7595,17490919900.0,277034087552.0,6323.4999,Test,0.008993143271628368,89.93143271628368,0.508209331343887,0.6832148298881413,-0.1750054985442543,0,0,0,0,-89.93143271628368,0.5382397504077568,0.7527468905033377,0.33332000760602504,0.25692678244368544,
2025-08-12,2025-08-13,6392.4021,6418.1595,6360.1093,6418.1595,16835191800.0,290495345645.2,6391.7595,Test,0.004753580817451919,47.53580817451919,0.5121591210007375,0.6832148298881413,-0.17105570888740385,0,0,0,0,-47.53580817451919,0.5624208414039891,0.7322546287888229,0.3367811648080854,0.2613305162795744,
2025-08-13,2025-08-14,6422.7889,6514.4558,6422.2147,6508.0978,21602242300.0,353506820818.3,6418.1595,Test,0.013455151857785674,134.55151857785674,0.5162251349167172,0.6832148298881413,-0.16698969497142413,0,0,0,0,-134.55151857785674,0.5794698888294313,0.7144994667193798,0.34930779993341654,0.26436128779957824,
2025-08-14,2025-08-15,6509.2085,6519.7938,6411.9209,6429.8462,22895316800.0,367959844603.9,6508.0978,Test,-0.014106108292582742,-141.0610829258274,0.5057470973653385,0.6832148298881413,-0.1774677325228028,0,0,0,0,141.0610829258274,0.5549180612731232,0.6989111550045772,0.35342600492574344,0.27266320029707153,
2025-08-15,2025-08-18,6417.3889,6570.4994,6417.3889,6568.57,24521724000.0,381378599737.4,6429.8462,Test,0.03047951480702693,304.7951480702693,0.46249422277229313,0.6832148298881413,-0.22072060711584818,0,0,0,0,-304.7951480702693,0.559670804881482,0.5156923361607021,0.3719647509454874,0.2873753111224086,
2025-08-18,2025-08-19,6612.9878,6709.7812,6580.4373,6668.1726,30244822900.0,491491240868.3,6568.57,Test,0.007586464925884329,75.86464925884329,0.49044703974423126,0.6832148298881413,-0.19276779014391004,0,0,0,0,-75.86464925884329,0.5889171461962106,0.5636366495396671,0.3728268627018365,0.31484398982505485,
2025-08-19,2025-08-20,6663.157,6707.1139,6631.1193,6655.3105,25283927600.0,444629213612.5,6668.1726,Test,-0.005934604272419208,-59.34604272419208,0.44874103508489405,0.6832148298881413,-0.23447379480324726,0,0,0,0,59.34604272419208,0.552056597556956,0.42772180829284606,0.41501013024508304,0.3123591058725865,
2025-08-20,2025-08-21,6623.6138,6728.0692,6598.5506,6728.0692,24423390700.0,409671381116.0,6655.3105,Test,0.017524587559739624,175.24587559739624,0.437238565948264,0.6832148298881413,-0.24597626393987732,0,0,0,0,-175.24587559739624,0.5065786431833966,0.4315010377070042,0.4260975566386857,0.31525046404648166,
2025-08-21,2025-08-22,6739.6899,6767.3225,6673.0608,6704.1657,24254016400.0,404122614402.8,6728.0692,Test,-0.005291074297053333,-52.910742970533335,0.5045514866866527,0.6832148298881413,-0.17866334320148858,0,0,0,0,52.910742970533335,0.5990970810890741,0.6080383997782174,0.35268806885603915,0.33135220018836226,
2025-08-22,2025-08-25,6704.0297,6823.3626,6704.0297,6822.8469,25678382000.0,446681185868.5,6704.1657,Test,0.02718342670826779,271.8342670826779,0.5256670379899046,0.6832148298881413,-0.15754779189823676,0,0,0,0,-271.8342670826779,0.6477271552075564,0.6020116050141735,0.37708342811164586,0.3369887601925287,
2025-08-25,2025-08-26,6886.2682,6967.7963,6863.9322,6951.8955,33382894500.0,574922701236.5,6822.8469,Test,0.006101708324401267,61.01708324401267,0.5198003054790556,0.6832148298881413,-0.16341452440908566,0,0,0,0,-61.01708324401267,0.6448166079350909,0.6033848721391323,0.34896169477823397,0.34277076081847624,
2025-08-26,2025-08-27,6928.2862,7008.9627,6910.4055,6964.0653,28153238200.0,490812217440.6,6951.8955,Test,0.005265876574209738,52.65876574209738,0.45324107156943527,0.6832148298881413,-0.22997375831870603,0,0,0,0,-52.65876574209738,0.4294172408771177,0.5976556996610614,0.3866548169221993,0.3426972127702137,
2025-08-27,2025-08-28,6964.7697,7074.6302,6862.5624,6862.5624,32806018300.0,583863938867.0,6964.0653,Test,-0.015257776578025184,-152.57776578025184,0.5031883109486652,0.6832148298881413,-0.18002651893947608,0,0,0,0,152.57776578025184,0.5744956455910448,0.5922944054447968,0.3958593634269951,0.34330186230767434,
2025-08-28,2025-08-29,6858.5028,7011.1602,6798.9335,7011.1602,30806178600.0,563651749090.8,6862.5624,Test,0.025045014197559112,250.45014197559112,0.4963506637114379,0.6832148298881413,-0.18686416617670343,0,0,0,0,-250.45014197559112,0.544901138403535,0.5872679005438833,0.4039213585412353,0.3611660351429801,
2025-08-29,2025-09-01,7030.2741,7078.923,6990.7532,7043.9416,28091581400.0,523041433984.9,7011.1602,Test,0.008173166391904907,81.73166391904907,0.584941410655071,0.6832148298881413,-0.09827341923307031,0,0,0,0,-81.73166391904907,0.5520115715909522,0.8864267119110812,0.3995605261781753,0.3822167576240372,
2025-09-01,2025-09-02,7087.7337,7110.687,7038.3444,7110.2882,28590831100.0,536161179931.4,7043.9416,Test,0.0029926208993997783,29.926208993997783,0.4936001548835505,0.6832148298881413,-0.18961467500459078,0,0,0,0,-29.926208993997783,0.5361886066034726,0.5519336380803922,0.4337202705575119,0.38335094033254624,
2025-09-02,2025-09-03,7108.9446,7108.9446,6909.7234,6961.6894,29403653900.0,541493734529.3,7110.2882,Test,-0.01701013396559603,-170.10133965596032,0.4761604161658998,0.6832148298881413,-0.20705441372224148,0,1,0,0,170.10133965596032,0.4909182265200644,0.5492763227099595,0.42545908139052374,0.38656156802733704,
2025-09-03,2025-09-04,6988.0205,7003.2681,6846.1814,6868.4615,25908326600.0,449579909558.7,6961.6894,Test,-0.014834358313631224,-148.34358313631225,0.4792990184376545,0.6832148298881413,-0.20391581145048682,0,0,0,0,148.34358313631225,0.4912120875555911,0.5467574956938827,0.4269001720656342,0.40797982512516784,
2025-09-04,2025-09-05,6884.3577,6906.6919,6607.9849,6698.4474,27034189400.0,471991424482.0,6868.4615,Test,-0.025450841986319084,-254.50841986319085,0.5928879501605517,0.6832148298881413,-0.09032687972758957,0,1,0,0,254.50841986319085,0.583289273707599,0.8239417230933611,0.427334540179117,0.43657697371513277,
2025-09-05,2025-09-08,6709.145,6919.336,6678.5997,6913.9532,24085745700.0,431958521699.5,6698.4474,Test,0.03253202904393926,325.3202904393926,0.62929032605398,0.6832148298881413,-0.05392450383416125,0,0,0,0,-325.3202904393926,0.5940957324429478,0.9130331142665628,0.42776600787313923,0.48462489560405986,
2025-09-08,2025-09-09,6927.4071,6995.7178,6896.6601,6992.1169,24417430400.0,455360584113.9,6913.9532,Test,0.004695869541144759,46.95869541144759,0.6136675999686662,0.6832148298881413,-0.06954722991947515,0,0,0,0,-46.95869541144759,0.5234643479504402,0.9278730779868466,0.42521145289937085,0.514617126195862,
2025-09-09,2025-09-10,6959.9373,6999.7308,6895.5091,6928.9651,22584355700.0,394761613186.2,6992.1169,Test,-0.007015206875498725,-70.15206875498725,0.6159771941095918,0.6832148298881413,-0.06723763577854946,0,0,0,0,70.15206875498725,0.5426898249373682,0.8747575579359653,0.4747803289396946,0.5129929065130219,
2025-09-10,2025-09-11,6911.1119,6977.7671,6870.4039,6932.1092,18992286700.0,359667340648.0,6928.9651,Test,0.00190876666314721,19.0876666314721,0.5858195924061577,0.6832148298881413,-0.09739523748198364,0,0,0,0,-19.0876666314721,0.48850336021541785,0.8328052554359934,0.4763717789453534,0.510882419017873,
2025-09-11,2025-09-12,6924.3036,7123.0523,6889.5863,7122.7051,24395106100.0,469498304002.7,6932.1092,Test,0.027628280192682375,276.28280192682377,0.547287200864534,0.6832148298881413,-0.13592762902360733,0,0,0,0,-276.28280192682377,0.38561617843500834,0.8336900045341537,0.4588884321011924,0.5111815241550365,
2025-09-12,2025-09-15,7115.6102,7200.1556,7112.4216,7147.7489,26656750800.0,499359865690.2,7122.7051,Test,0.007701672584594421,77.01672584594421,0.5043755778228911,0.6832148298881413,-0.1788392520652502,0,0,0,0,-77.01672584594421,0.37901057313999464,0.6997056038372915,0.425129680924244,0.5379117754844849,
2025-09-15,2025-09-16,7170.4123,7174.8905,7126.8293,7137.3627,23826572400.0,441828732816.1,7147.7489,Test,-0.0025414996010759694,-25.414996010759694,0.5172679771558568,0.6832148298881413,-0.1659468527322845,0,0,0,0,25.414996010759694,0.4016616190089293,0.6858552417875886,0.4681425364649828,0.535451256062499,
2025-09-16,2025-09-17,7152.1887,7195.4246,7080.427,7190.9928,24234918300.0,435210189393.5,7137.3627,Test,0.00448465516576757,44.846551657675704,0.6272681951056325,0.6832148298881413,-0.05594663478250883,0,0,0,0,-44.846551657675704,0.7350247178463672,0.6734541497993686,0.46979919261661784,0.5339800419899284,
2025-09-17,2025-09-18,7184.2638,7265.3931,7159.6665,7260.0353,25826444900.0,445549244676.8,7190.9928,Test,0.008910418907501771,89.10418907501771,0.6009595693198209,0.6832148298881413,-0.08225526056832044,0,0,0,0,-89.10418907501771,0.6495216927595386,0.6858514979337712,0.4699690478922402,0.529316148898931,
2025-09-18,2025-09-19,7248.2786,7350.9772,7115.6308,7199.8828,34858954100.0,604238742366.8,7260.0353,Test,-0.006565227776978655,-65.65227776978655,0.5486733807591321,0.6832148298881413,-0.13454144912900923,0,0,0,0,65.65227776978655,0.6703032884064818,0.4875228275745021,0.45347403372524153,0.5281223972532163,
2025-09-19,2025-09-22,7200.692,7231.9992,7142.061,7170.3488,27150719300.0,450654116274.6,7199.8828,Test,-0.0024725956894142698,-24.725956894142698,0.4971912264099164,0.6832148298881413,-0.18602360347822489,0,0,0,0,24.725956894142698,0.6478503833380296,0.3202270001542675,0.4678558521414984,0.5270640535041361,
2025-09-22,2025-09-23,7182.8876,7225.8581,7143.0754,7225.1281,23185806900.0,421916002388.8,7170.3488,Test,0.008069038975355713,80.69038975355713,0.46520937414419733,0.6832148298881413,-0.21800545574394398,0,0,0,0,-80.69038975355713,0.6651582730543615,0.18566712936780433,0.46563276381064317,0.528934731527423,
2025-09-23,2025-09-24,7240.8466,7250.8156,7045.5606,7180.7137,28128363400.0,495068970675.9,7225.1281,Test,-0.013884260439932516,-138.84260439932515,0.49808431786513235,0.6832148298881413,-0.18513051202300895,0,0,0,0,138.84260439932515,0.7239239305437466,0.2316995563442261,0.465826746845087,0.5287026337372251,
2025-09-24,2025-09-25,7140.3128,7327.0207,7133.4321,7323.7093,24006493800.0,477262274280.4,7180.7137,Test,0.025957882405375887,259.57882405375886,0.5088741960461849,0.6832148298881413,-0.17434063384195642,0,0,0,0,-259.57882405375886,0.7275497409421001,0.25436517444694606,0.47460417497964286,0.5367007299075282,
2025-09-25,2025-09-26,7325.6602,7379.6109,7312.3508,7341.3238,23617503000.0,493046787219.8,7323.7093,Test,-0.0018860962183312457,-18.86096218331246,0.5450698554053146,0.6832148298881413,-0.1381449744828267,0,0,0,0,18.86096218331246,0.7535263976563136,0.3329710708265854,0.47359073565920656,0.5715563657856166,
2025-09-26,2025-09-29,7311.8433,7351.7931,7237.0459,7240.9114,21144414800.0,430197601817.0,7341.3238,Test,-0.008249793865248822,-82.49793865248822,0.5441219139891526,0.6832148298881413,-0.13909291589898876,0,0,0,0,82.49793865248822,0.7180525716135044,0.3435627571741885,0.5110457649280538,0.5709774959226023,
2025-09-29,2025-09-30,7251.5221,7377.2217,7216.7357,7350.5599,23353941800.0,433864489694.5,7240.9114,Test,0.016686414015065987,166.86414015065986,0.5230744736924527,0.6832148298881413,-0.16014035619568856,0,0,0,0,-166.86414015065986,0.6306863853124345,0.3731927863046804,0.5109842533517018,0.5733161673971254,
2025-09-30,2025-10-09,7372.524,7428.0307,7372.0634,7412.3684,22070750200.0,444956374594.1,7350.5599,Test,0.013227952869329318,132.27952869329317,0.5625657381811848,0.6832148298881413,-0.12064909170695648,0,0,0,0,-132.27952869329317,0.6580930293212864,0.4793653358695165,0.510923082983365,0.5761795994508909,
2025-10-09,2025-10-10,7470.0474,7559.092,7437.3242,7548.9226,28313078400.0,535756806831.8,7412.3684,Test,0.003928261552931911,39.28261552931911,0.544014529630222,0.6832148298881413,-0.1392003002579193,0,0,0,0,-39.28261552931911,0.6139459767638832,0.4474456742471705,0.5385856288917259,0.5718704399069638,
2025-10-10,2025-10-13,7499.3917,7509.1161,7373.9841,7398.2241,26225664600.0,502127435137.5,7548.9226,Test,-0.04857563314101865,-485.7563314101865,0.4818041417438124,0.6832148298881413,-0.2014106881443289,0,1,0,0,485.7563314101865,0.418962107312225,0.45009693535117024,0.5564687967684541,0.5681671754391769,
2025-10-13,2025-10-14,7135.104,7391.8246,7135.104,7376.5636,25802781700.0,473285532818.8,7398.2241,Test,0.04190701354878623,419.07013548786233,0.4383611513900635,0.6832148298881413,-0.24485367849807782,0,0,0,0,-419.07013548786233,0.2833619295127761,0.45260806999306763,0.5626576777213653,0.5718946666185017,
2025-10-14,2025-10-15,7434.1149,7459.0156,7166.0822,7194.8509,27735887300.0,505838515442.6,7376.5636,Test,-0.03072029462444803,-307.2029462444803,0.8114544068347843,0.6832148298881413,0.128239576946643,1,1,1,1,307.2029462444803,0.9607484642211708,0.8705044820137611,0.5622914862275302,0.7334659191604782,预测大跌
2025-10-15,2025-10-16,7205.7367,7294.0014,7153.4185,7294.0014,21755977700.0,397458970801.8,7194.8509,Test,0.00881547614694278,88.1547614694278,0.7958488435217147,0.6832148298881413,0.1126340136335734,1,0,0,0,-88.1547614694278,0.9057182481073728,0.8168435662873403,0.6111267807477159,0.7796284302515946,预测大跌
2025-10-16,2025-10-17,7269.2587,7305.9472,7206.4433,7231.5336,19493637000.0,359837530025.8,7294.0014,Test,-0.005892939262156172,-58.92939262156172,0.8054779814699652,0.6832148298881413,0.12226315158182388,1,0,0,1,58.92939262156172,0.8706639230566572,0.8964074013450569,0.6104099921891613,0.7760498560779394,预测大跌
2025-10-17,2025-10-20,7226.4214,7254.5786,7009.8906,7016.0661,20004411300.0,348113892817.2,7231.5336,Test,-0.018479105024237885,-184.79105024237884,0.7602448189636651,0.6832148298881413,0.07702998907552383,1,1,1,1,184.79105024237884,0.8184021035396686,0.7996940952940541,0.611697881978929,0.7718763940154889,预测大跌
2025-10-20,2025-10-21,7092.8836,7129.9939,7033.3835,7069.6412,17683419200.0,314675076901.6,7016.0661,Test,0.0003852170928055898,3.852170928055898,0.7519495122693257,0.6832148298881413,0.06873468238118441,1,0,0,0,-3.852170928055898,0.7951836034447728,0.7992015201304304,0.598146602855505,0.7888650552085699,预测大跌
2025-10-21,2025-10-22,7095.6159,7193.73,7082.2995,7185.624,20597382900.0,344991294992.6,7069.6412,Test,0.005579853892598852,55.79853892598852,0.5221303011637065,0.6832148298881413,-0.1610845287244348,0,0,0,0,-55.79853892598852,0.09443957031647661,0.8353606454895138,0.5895824134791221,0.7900733472102105,
2025-10-22,2025-10-23,7135.2084,7166.5571,7101.8265,7128.4776,16974325400.0,286200266692.2,7185.624,Test,-0.003693501089610751,-36.935010896107514,0.51191423069082,0.6832148298881413,-0.17130059919732132,0,0,0,0,36.935010896107514,0.12237098176601936,0.7682726613345973,0.5884029136889867,0.7858944419069323,
2025-10-23,2025-10-24,7108.8545,7153.6555,7022.2945,7142.9536,18893373200.0,286304409856.4,7128.4776,Test,0.009434543919839777,94.34543919839777,0.5122239713591095,0.6832148298881413,-0.17099085852903184,0,0,0,0,-94.34543919839777,0.1454991435657243,0.7456236849184851,0.5864430250574737,0.781013532855895,
2025-10-24,2025-10-27,7175.9233,7258.5343,7174.351,7258.5343,19532393300.0,366061817471.7,7142.9536,Test,0.022335913205761226,223.35913205761227,0.5144590500478344,0.6832148298881413,-0.16875577984030687,0,0,0,0,-223.35913205761227,0.15576418424011682,0.744550415266821,0.5859156170043524,0.7757729711907959,
2025-10-27,2025-10-28,7336.2041,7391.2121,7302.0165,7379.3941,23205182100.0,471762068046.1,7258.5343,Test,0.001124532508576248,11.245325085762481,0.5116491921782254,0.6832148298881413,-0.17156563770991595,0,0,0,0,-11.245325085762481,0.16116115001582348,0.7252701090279158,0.5948342818046743,0.7682201790500036,
2025-10-28,2025-10-29,7344.4539,7404.756,7308.2722,7341.0304,20211846300.0,422068633884.5,7379.3941,Test,0.0008581577453974365,8.581577453974365,0.4280288421659468,0.6832148298881413,-0.25518598772219453,0,0,0,0,-8.581577453974365,0.1826030079198314,0.373898133449359,0.6310793822755074,0.7650929875423245,
2025-10-29,2025-10-30,7350.7566,7480.9666,7350.7566,7480.9666,22384413300.0,443141380250.4,7341.0304,Test,0.015192449713271827,151.92449713271827,0.4380111230229772,0.6832148298881413,-0.24520370686516413,0,0,0,0,-151.92449713271827,0.2073211567670098,0.3811146073502298,0.6320450555849842,0.7609995464714558,
2025-10-30,2025-10-31,7462.4326,7463.6529,7375.2391,7385.7109,24341203600.0,473832269828.3,7480.9666,Test,-0.010276849937646326,-102.76849937646327,0.396889872089991,0.6832148298881413,-0.2863249577981503,0,0,0,0,102.76849937646327,0.2358548293221226,0.21057077732890442,0.618786745876226,0.7600395523475394,
2025-10-31,2025-11-03,7385.7423,7430.8564,7331.0031,7331.0031,23204167600.0,434918176654.6,7385.7109,Test,-0.007937225212962029,-79.37225212962029,0.4182104270796662,0.6832148298881413,-0.2650044028084751,0,0,0,0,79.37225212962029,0.2623617188676007,0.23652146030665566,0.6433009191716511,0.7578451972565948,
2025-11-03,2025-11-04,7327.12,7336.5108,7214.8331,7333.6013,22168706000.0,390397102165.8,7331.0031,Test,-0.0016283614844577743,-16.28361484457774,0.44243802815576977,0.6832148298881413,-0.24077680173237154,0,0,0,0,16.28361484457774,0.29987152378979115,0.2809083431843319,0.6422924244028729,0.7532690037937234,
2025-11-04,2025-11-05,7315.1888,7323.7044,7167.3474,7210.8253,19332584200.0,326392392688.4,7333.6013,Test,-0.029559469469878863,-295.59469469878866,0.3679939082142843,0.6832148298881413,-0.315220921673857,0,1,0,0,295.59469469878866,0.11478506632914279,0.24285163520755992,0.6412939248080095,0.7492741521656051,
2025-11-05,2025-11-06,7098.9557,7257.84,7098.9557,7229.341,19558024300.0,311844646147.3,7210.8253,Test,0.02031850966473825,203.1850966473825,0.3815715030592475,0.6832148298881413,-0.30164332682889383,0,0,0,0,-203.1850966473825,0.1324727855217664,0.2720858375660277,0.640305260683002,0.7467472757068666,
2025-11-06,2025-11-07,7243.1959,7352.1766,7243.1959,7345.723,20172296700.0,352809569430.2,7229.341,Test,0.008849684708928107,88.49684708928108,0.5042233050134508,0.6832148298881413,-0.1789915248746905,0,0,0,0,-88.49684708928108,0.3215323697777404,0.4873937268245903,0.6181529974824522,0.7652399770749644,
2025-11-07,2025-11-10,7307.2959,7371.4378,7285.8192,7327.9108,19292057800.0,336398935520.3,7345.723,Test,0.006848402019685507,68.48402019685507,0.49974240707994594,0.6832148298881413,-0.18347242280819537,0,0,0,0,-68.48402019685507,0.3295991383996864,0.4590748665350524,0.6237815042203564,0.7619112904109968,
2025-11-10,2025-11-11,7357.3392,7384.7854,7289.7682,7343.8017,20450133000.0,371310636981.7,7327.9108,Test,0.0010310656874430446,10.310656874430446,0.5056320429014024,0.6832148298881413,-0.1775827869867389,0,0,0,0,-10.310656874430446,0.355417971029284,0.4611114930205359,0.611149708485528,0.7576611177429976,
2025-11-11,2025-11-12,7364.9251,7379.806,7281.9746,7291.6084,19166031300.0,338597660848.1,7343.8017,Test,-0.013595942747605116,-135.95942747605116,0.65606065043611,0.6832148298881413,-0.027154179452031357,0,0,0,0,135.95942747605116,0.7900415881216682,0.4630436383148716,0.622343751058808,0.7554916657102558,
2025-11-12,2025-11-13,7264.792,7305.8564,7187.8685,7243.2483,18550701000.0,313840341324.2,7291.6084,Test,-0.002911576821469919,-29.115768214699187,0.6589425613956857,0.6832148298881413,-0.024272268492455562,0,0,0,0,29.115768214699187,0.8010629203673091,0.4648771514047542,0.6152101908990824,0.7566832754979456,
2025-11-13,2025-11-14,7243.64,7366.4121,7243.64,7355.2911,19989023000.0,339596060555.8,7243.2483,Test,0.005530272073156484,55.30272073156483,0.6856123731503769,0.6832148298881413,0.002397543262235624,1,0,0,0,-55.30272073156483,0.7821956948315557,0.5948312521853677,0.602991264095399,0.7528438012172334,预测大跌
2025-11-14,2025-11-17,7283.6993,7329.5958,7235.4617,7235.4617,20586491000.0,310485059932.4,7355.2911,Test,-0.004774730335174726,-47.74730335174726,0.6835289170934166,0.6832148298881413,0.0003140872052752597,1,0,0,1,47.74730335174726,0.7607719118718493,0.6168797274242397,0.600303015100755,0.7504592503502159,预测大跌
2025-11-17,2025-11-18,7248.9216,7262.3306,7202.5932,7235.3512,20305060200.0,310823159399.7,7235.4617,Test,-0.004675371299366682,-46.75371299366682,0.6467154023348936,0.6832148298881413,-0.036499427553247754,0,0,0,0,46.75371299366682,0.7415889734403993,0.5064956938150892,0.6095772338387913,0.7415585353274919,
2025-11-18,2025-11-19,7215.0302,7230.5416,7118.4085,7151.0176,20221412100.0,306540024621.6,7235.3512,Test,-0.010223948889361512,-102.23948889361512,0.637213076374833,0.6832148298881413,-0.04600175351330826,0,0,0,0,102.23948889361512,0.75390926502329,0.47169138701135765,0.6023145860504279,0.7268820560790012,
2025-11-19,2025-11-20,7141.2641,7178.1495,7086.1232,7122.7465,16278660200.0,256755086038.0,7151.0176,Test,0.004598695628691196,45.98695628691196,0.6391487310557661,0.6832148298881413,-0.04406609883237522,0,0,0,0,-45.98695628691196,0.7307766800904756,0.5080017459047136,0.6016679562914846,0.7254826286722369,
2025-11-20,2025-11-21,7174.1046,7180.732,7056.9003,7061.9497,15961874600.0,254158167502.1,7122.7465,Test,-0.030436704254353963,-304.36704254353964,0.5764496045504116,0.6832148298881413,-0.1067652253377297,0,1,0,0,304.36704254353964,0.7235648753621288,0.2954366537656489,0.6005014938844128,0.7225309701145951,
2025-11-21,2025-11-24,6955.7485,6986.7784,6817.4103,6817.4103,20893338400.0,310968718151.3,7061.9497,Test,-0.014231955051278722,-142.31955051278723,0.5915724004464888,0.6832148298881413,-0.09164242944165246,0,0,0,0,142.31955051278723,0.7651391319770666,0.30982477784637025,0.5841251961681123,0.7260413413769858,
2025-11-24,2025-11-25,6856.7546,6905.9229,6797.4956,6868.9664,16636391300.0,270213254389.5,6817.4103,Test,0.008512584072937424,85.12584072937423,0.6790091385806504,0.6832148298881413,-0.004205691307490933,0,0,0,0,-85.12584072937423,0.7233451157844424,0.6754597742567161,0.5836139571313447,0.7221749490822724,
2025-11-25,2025-11-26,6915.1233,7018.4695,6912.3198,6954.6034,16271253000.0,289204914941.8,6868.9664,Test,0.004476839914047348,44.76839914047348,0.7005263992592696,0.6832148298881413,0.01731156937112832,1,0,0,0,-44.76839914047348,0.7070209124990756,0.7862030399292528,0.5720798373537521,0.7134054600722977,预测大跌
2025-11-26,2025-11-27,6946.0812,7024.8824,6936.8765,6965.0453,14894352600.0,274858341724.5,6954.6034,Test,0.0035490083242908366,35.49008324290837,0.6892379013810992,0.6832148298881413,0.006023071492957888,1,0,0,0,-35.49008324290837,0.6955785672779954,0.7607583848074446,0.5727935403761597,0.710714136735882,预测大跌
2025-11-27,2025-11-28,6970.7329,7045.8447,6943.4443,6951.2844,13784110300.0,253013152924.5,6965.0453,Test,-0.003370664223843689,-33.70664223843689,0.5669107925473512,0.6832148298881413,-0.11630403734079009,0,0,0,0,33.70664223843689,0.45769122910576043,0.6086165933032252,0.5808792687615132,0.7068105587434794,
2025-11-28,2025-12-01,6947.2369,7031.7124,6941.4833,7031.5505,14021118400.0,243255194578.2,6951.2844,Test,0.015345698086098203,153.45698086098201,0.5615396277891875,0.6832148298881413,-0.12167520209895377,0,0,0,0,-153.45698086098201,0.47570641940049235,0.567815039108514,0.5868442686731815,0.6981593445908515,
2025-12-01,2025-12-02,7053.8471,7101.8323,7040.8033,7101.8323,17897343200.0,308533693613.8,7031.5505,Test,0.004387945976316976,43.87945976316976,0.5669902936138341,0.6832148298881413,-0.11622453627430718,0,0,0,0,-43.87945976316976,0.465545774558688,0.606511407582328,0.5863134863537283,0.6868285571438,
2025-12-02,2025-12-03,7084.799,7085.3031,7022.6102,7040.3008,14951819700.0,247360273405.6,7101.8323,Test,-0.005637732277231966,-56.37732277231966,0.5337326842678063,0.6832148298881413,-0.14948214562033502,0,0,0,0,56.37732277231966,0.4231305807678476,0.5374609107246442,0.5901715774772601,0.6846342797427529,
2025-12-03,2025-12-04,7044.8568,7064.16,6975.0888,6996.3552,15783886700.0,251308651462.9,7040.3008,Test,-0.006134191400455347,-61.341914004553466,0.49922957066653906,0.6832148298881413,-0.18398525922160225,0,0,0,0,61.341914004553466,0.3788299649965585,0.46862158481108424,0.5908578406651493,0.6826538367142048,
2025-12-04,2025-12-05,7001.6423,7039.7157,6958.6322,7012.8061,14103833800.0,239912559988.0,6996.3552,Test,0.0010007509238225687,10.007509238225687,0.48053162939827576,0.6832148298881413,-0.20268320048986554,0,0,0,0,-10.007509238225687,0.3951674893248495,0.40293191432473324,0.5739142520402092,0.6693288223003475,
2025-12-05,2025-12-08,7008.6492,7104.0208,6965.8064,7097.8389,16873827400.0,275108399690.5,7012.8061,Test,0.015752222268450966,157.52222268450967,0.5031105019917946,0.6832148298881413,-0.18010432789634667,0,0,0,0,-157.52222268450967,0.3979792806176346,0.5030250759931835,0.556966824507381,0.6526113994505229,
2025-12-08,2025-12-09,7119.051,7193.723,7114.3234,7172.3671,19261175000.0,347244592783.5,7097.8389,Test,0.004484010579499875,44.84010579499875,0.41894020451601355,0.6832148298881413,-0.26427462537212776,0,0,0,0,-44.84010579499875,0.450161227392945,0.1540582645898696,0.5586293156432794,0.6240663979732956,
2025-12-09,2025-12-10,7150.9729,7185.1071,7103.8325,7121.3256,16690106600.0,305522303623.1,7172.3671,Test,-0.005510075419248195,-55.10075419248195,0.3954547718452777,0.6832148298881413,-0.2877600580428636,0,0,0,0,55.10075419248195,0.4184540538741943,0.12345478956590326,0.5575962800995488,0.5996366926731126,
2025-12-10,2025-12-11,7111.5705,7171.9733,7070.4751,7155.9944,15396782700.0,280495257218.4,7121.3256,Test,0.008385967628388169,83.8596762838817,0.409350965272128,0.6832148298881413,-0.2738638646160133,0,0,0,0,-83.8596762838817,0.42115470496445606,0.16577705263417133,0.5638475025611872,0.5980896267698987,
2025-12-11,2025-12-12,7171.2079,7179.4249,7082.8932,7082.8932,18184855400.0,300744575886.1,7155.9944,Test,-0.011589093658824323,-115.89093658824324,0.4329421146285223,0.6832148298881413,-0.250272715259619,0,0,0,0,115.89093658824324,0.4368400259381979,0.23199413594822063,0.5625458302808037,0.5981129067641024,
2025-12-12,2025-12-15,7088.1001,7187.0997,7063.8407,7169.791,19840247300.0,373144936682.2,7082.8932,Test,0.004695249718609462,46.95249718609462,0.42618232078760676,0.6832148298881413,-0.25703250910053455,0,0,0,0,-46.95249718609462,0.39162334132833204,0.2546141844978542,0.5672053323701934,0.6059577497195757,
2025-12-15,2025-12-16,7121.3805,7177.1541,7110.6781,7113.962,17217406400.0,301023637030.3,7169.791,Test,-0.0027678481721346015,-27.678481721346017,0.46419806645876366,0.6832148298881413,-0.21901676342937765,0,0,0,0,27.678481721346017,0.4429073163243554,0.34321876175137805,0.566809011249011,0.5800646446457155,
2025-12-16,2025-12-17,7101.6696,7102.7717,6962.6451,7001.3188,17206587400.0,284968704393.8,7113.962,Test,-0.013963364333367423,-139.63364333367423,0.4663430789892552,0.6832148298881413,-0.2168717508988861,0,0,0,0,139.63364333367423,0.435617749852933,0.35289654105793394,0.5759879284879799,0.5794041767230057,
2025-12-17,2025-12-18,7002.5064,7160.7763,6988.871,7137.8339,17441313600.0,302410118522.7,7001.3188,Test,0.013491612089065574,134.91612089065575,0.4802513460492047,0.6832148298881413,-0.2029634838389366,0,0,0,0,-134.91612089065575,0.4440829878968819,0.3908389668930771,0.5755328879837323,0.5825686504861385,
2025-12-18,2025-12-19,7096.9815,7172.9624,7094.5396,7100.8359,15489612300.0,275510779270.5,7137.8339,Test,0.003864037126206421,38.64037126206421,0.5031668325460947,0.6832148298881413,-0.18004799734204657,0,0,0,0,-38.64037126206421,0.4396872413621056,0.4952236115902795,0.5460822101736699,0.5929529562468326,
2025-12-19,2025-12-22,7124.4045,7197.0681,7117.1583,7169.5511,17884314600.0,292738015322.5,7100.8359,Test,0.011381231933139002,113.81231933139003,0.48764637327353577,0.6832148298881413,-0.19556845661460553,0,0,0,0,-113.81231933139003,0.44550473160634574,0.418594122483362,0.5666905412853867,0.5893530696828236,
2025-12-22,2025-12-23,7205.489,7277.386,7205.489,7255.6607,17824288100.0,327207674824.3,7169.5511,Test,0.00727481507500749,72.7481507500749,0.4731936566958889,0.6832148298881413,-0.21002117319225239,0,0,0,0,-72.7481507500749,0.407967566638081,0.42286657214237827,0.555309020984018,0.5869628701411964,
2025-12-23,2025-12-24,7257.9076,7297.7034,7228.7225,7256.7864,17347600200.0,328559029521.9,7255.6607,Test,-4.031464936249396e-05,-0.4031464936249396,0.4856744357821554,0.6832148298881413,-0.1975403941059859,0,0,0,0,0.4031464936249396,0.427145582914983,0.42688835009901366,0.5788540942639541,0.5848018676579215,
2025-12-24,2025-12-25,7257.615,7362.5704,7247.4054,7352.0396,16883771300.0,331930929314.7,7256.7864,Test,0.011616391886315247,116.16391886315247,0.5010800223896054,0.6832148298881413,-0.18213480749853594,0,0,0,0,-116.16391886315247,0.46260413260983724,0.43067827555334764,0.5898317644869965,0.5840106997511509,
2025-12-25,2025-12-26,7341.9223,7426.1367,7334.3404,7410.7119,16841420100.0,336366985228.8,7352.0396,Test,0.010988825092850707,109.88825092850706,0.47299227221564555,0.6832148298881413,-0.21022255767249576,0,0,0,0,-109.88825092850706,0.45434424558533365,0.35682869317668015,0.5703913735146373,0.5819818278371341,
2025-12-26,2025-12-29,7422.6014,7484.9158,7397.4255,7458.8386,19927688400.0,386914288411.3,7410.7119,Test,0.006049469394921347,60.49469394921347,0.48310148504542083,0.6832148298881413,-0.20011334484272048,0,0,0,0,-60.49469394921347,0.4826617170032881,0.36538259255031896,0.5844873310067504,0.5506385158045527,
2025-12-29,2025-12-30,7467.5042,7491.6926,7411.4472,7430.6147,19884433800.0,390446087065.9,7458.8386,Test,-0.010360141478059082,-103.60141478059082,0.4371095555788347,0.6832148298881413,-0.24610527430930662,0,0,0,0,103.60141478059082,0.46037460852703416,0.23289708505805268,0.5787462054951313,0.5502927478403717,
2025-12-30,2025-12-31,7390.1398,7495.0606,7389.8691,7458.936,19620361500.0,407623516139.8,7430.6147,Test,0.01131400788926884,113.1400788926884,0.4648922108707865,0.6832148298881413,-0.21832261901735478,0,0,0,0,-113.1400788926884,0.5156237914104281,0.25540513528347736,0.5911238614686057,0.5501214649298376,
2025-12-31,2026-01-05,7473.7519,7488.0663,7435.0664,7465.5742,19442774300.0,380369638018.7,7458.936,Test,0.006706604750955192,67.06604750955192,0.5198929722025217,0.6832148298881413,-0.16332185768561958,0,0,0,0,-67.06604750955192,0.6246573614136439,0.3706368009767078,0.5244996813044093,0.5521327197589662,
2026-01-05,2026-01-06,7523.8754,7651.2383,7523.2477,7651.1981,25185386300.0,504690493732.0,7465.5742,Test,0.01861621738180297,186.1621738180297,0.47635260722216977,0.6832148298881413,-0.20686222266597154,0,0,0,0,-186.1621738180297,0.6201171502076913,0.21400244145224667,0.5325866840829505,0.5526438877917282,
2026-01-06,2026-01-07,7663.9415,7814.6506,7663.6621,7814.1356,31312510200.0,571675102991.1,7651.1981,Test,0.022830289088193068,228.30289088193067,0.44494737039284016,0.6832148298881413,-0.23826745949530115,0,0,0,0,-228.30289088193067,0.4965238528973535,0.23943111556694224,0.5472306749790546,0.554361247210026,
2026-01-07,2026-01-08,7838.9115,7909.6559,7828.3941,7875.0822,29390344000.0,582740692942.6,7814.1356,Test,0.0018239011883218748,18.239011883218748,0.447332505108753,0.6832148298881413,-0.2358823247793883,0,0,0,0,-18.239011883218748,0.48129250767375686,0.260978635807733,0.5493786722227703,0.5609732911531309,
2026-01-08,2026-01-09,7853.2089,7938.5946,7849.0679,7894.5447,29356173500.0,564453373682.6,7875.0822,Test,0.006957614485462171,69.57614485462172,0.42817815806691945,0.6832148298881413,-0.25503667182122186,0,0,0,0,-69.57614485462172,0.47605815736785484,0.27955361865507855,0.5992082095940195,0.35135978267339035,
2026-01-09,2026-01-12,7907.8485,8064.7584,7907.8485,8056.6858,31462467400.0,631145879411.5,7894.5447,Test,0.029562743899304467,295.6274389930447,0.4294704375625414,0.6832148298881413,-0.2537443923255999,0,0,0,0,-295.6274389930447,0.5396733459222973,0.29579304249752636,0.5425479339285364,0.2737431411585935,
2026-01-12,2026-01-13,8141.6262,8261.3544,8103.2382,8249.1275,33523628600.0,685824116976.6,8056.6858,Test,0.01581946859707206,158.19468597072063,0.42662939297932756,0.6832148298881413,-0.25658543690881375,0,0,0,0,-158.19468597072063,0.5140041269502859,0.3096628415584595,0.5442346153263902,0.28394236755034913,
2026-01-13,2026-01-14,8270.4224,8270.4224,8106.6099,8143.28,36413103300.0,735218804688.9,8249.1275,Test,-0.012704357155929547,-127.04357155929546,0.4096286699809493,0.6832148298881413,-0.273586159907192,0,0,0,0,127.04357155929546,0.4174371579138168,0.32254082039219345,0.5982337228130609,0.2861074222597754,
2026-01-14,2026-01-15,8165.352,8368.2215,8123.4045,8227.697,42276600200.0,815959272095.4,8143.28,Test,0.000611927079199992,6.11927079199992,0.4477472185263846,0.6832148298881413,-0.2354676113617567,0,0,0,0,-6.11927079199992,0.5086082300160806,0.3341318654382664,0.6318734234142299,0.2640709052941998,
2026-01-15,2026-01-16,8170.3486,8249.0307,8148.7884,8223.2683,31359583000.0,600802134839.4,8227.697,Test,0.008732161073274236,87.32161073274236,0.5131683738667188,0.6832148298881413,-0.17004645602142254,0,0,0,0,-87.32161073274236,0.5641491764536712,0.5495751868048029,0.5759675204219525,0.25477341921435126,
2026-01-16,2026-01-19,8241.6934,8292.7409,8204.5254,8232.674,28197904200.0,616185542296.4,8223.2683,Test,-0.0051196760122136364,-51.19676012213637,0.5006640124769716,0.6832148298881413,-0.18255081741116974,0,0,0,0,51.19676012213637,0.6838139990110791,0.36938871342807256,0.5583375409698491,0.2619009627498598,
2026-01-19,2026-01-20,8199.4986,8318.3703,8195.089,8287.947,26149738200.0,560926083767.2,8232.674,Test,0.013188977189410034,131.88977189410033,0.5068872349510061,0.6832148298881413,-0.17632759493713523,0,0,0,0,-131.88977189410033,0.6854915053404322,0.3769708698925471,0.5711209448112792,0.266385448167903,
2026-01-20,2026-01-21,8307.6416,8342.8738,8142.1424,8247.8049,28986446000.0,588171478668.1,8287.947,Test,-0.013371436244914547,-133.71436244914548,0.547158542288774,0.6832148298881413,-0.13605628759936728,0,0,0,0,133.71436244914548,0.7167940278896865,0.47784284918325737,0.5706981589623532,0.27561862539531773,
2026-01-21,2026-01-22,8196.5565,8351.4545,8196.5565,8340.1133,24330438100.0,517592184757.5,8247.8049,Test,0.019413225541725865,194.13225541725865,0.5615119119552332,0.6832148298881413,-0.1217029179329081,0,0,0,0,-194.13225541725865,0.7346211372561775,0.47893795837983694,0.6003213043785832,0.2847963123655634,
2026-01-22,2026-01-23,8355.6781,8396.1328,8337.195,8387.595,26880524300.0,546138129653.9,8340.1133,Test,0.007979962751317737,79.79962751317737,0.6561519640014756,0.6832148298881413,-0.027062865886665732,0,0,0,0,-79.79962751317737,0.7968145024380406,0.729334602777985,0.5996887711205988,0.3068113421760887,
2026-01-23,2026-01-26,8422.3561,8590.1659,8417.752,8590.1659,31969006900.0,639421447042.0,8387.595,Test,0.024046976593639746,240.46976593639747,0.5945862060256766,0.6832148298881413,-0.08862862386246473,0,0,0,0,-240.46976593639747,0.6488958014687234,0.7119713620966903,0.5688714172510931,0.30911212714998004,
2026-01-26,2026-01-27,8624.8883,8671.3461,8453.4762,8506.6932,34928559700.0,692104522399.7,8590.1659,Test,-0.018578547852034166,-185.78547852034166,0.5635043229301433,0.6832148298881413,-0.11971050695799801,0,1,0,0,185.78547852034166,0.5646529828416912,0.6966987233762963,0.5761230941000436,0.310622409478723,
2026-01-27,2026-01-28,8464.6504,8581.1049,8368.1751,8548.9321,30285260600.0,610885915269.2,8506.6932,Test,0.01189516344348962,118.9516344348962,0.6166868975766479,0.6832148298881413,-0.06652793231149345,0,0,0,0,-118.9516344348962,0.688571423144064,0.6831218370919382,0.6306315889270242,0.32849718598736205,
2026-01-28,2026-01-29,8565.3388,8633.1468,8526.5335,8601.1644,31177425700.0,612731517849.5,8548.9321,Test,0.0022581476870477957,22.581476870477957,0.6842066358186711,0.6832148298881413,0.0009918059305298321,1,0,0,0,-22.581476870477957,0.734005267057202,0.8708307719060603,0.6254666852312664,0.33255973834154334,预测大跌
2026-01-29,2026-01-30,8584.6806,8658.9445,8503.0945,8517.8429,35419838700.0,666256871148.3,8601.1644,Test,-0.01689383761115104,-168.93837611151042,0.629059131145941,0.6832148298881413,-0.054155698742200276,0,0,0,0,168.93837611151042,0.7372353776352448,0.6980077709744301,0.5884620904719761,0.3343454185830162,
2026-01-30,2026-02-02,8439.6524,8496.3367,8194.5842,8370.5203,32894717000.0,600497374470.5,8517.8429,Test,-0.018950685694117064,-189.50685694117064,0.5970935524613532,0.6832148298881413,-0.0861212774267881,0,1,0,0,189.50685694117064,0.6657044037248917,0.6843056745752214,0.5750746218545614,0.3289503094114026,
2026-02-02,2026-02-03,8279.7152,8324.4341,8032.35,8037.0456,29964602200.0,546055656717.8,8370.5203,Test,-0.017373218344515107,-173.73218344515107,0.6352984061806085,0.6832148298881413,-0.047916423707532796,0,1,0,0,173.73218344515107,0.6651271825644268,0.8490045233185992,0.5746249517436682,0.2813525512243039,
2026-02-03,2026-02-04,8135.8699,8286.7005,8075.3738,8286.7005,27222713600.0,543264486191.1,8037.0456,Test,0.01658975643157734,165.8975643157734,0.6461993896386614,0.6832148298881413,-0.03701544024947989,0,0,0,0,-165.8975643157734,0.6667351512185887,0.8833217537687624,0.5634007153207166,0.3014449362408126,
2026-02-04,2026-02-05,8270.842,8309.8579,8179.3522,8299.0574,26886027700.0,501886746835.7,8286.7005,Test,-0.00819496975035916,-81.94969750359161,0.5888996053031649,0.6832148298881413,-0.09431522458497643,0,0,0,0,81.94969750359161,0.5006239954026158,0.8968733081222258,0.5413186962119707,0.3029550464088668,
2026-02-05,2026-02-06,8203.0627,8224.7847,8081.4283,8146.1073,23184051500.0,435277701063.7,8299.0574,Test,-0.018145015519630325,-181.45015519630326,0.576853378518749,0.6832148298881413,-0.10636145136939235,0,1,0,0,181.45015519630326,0.5258060944515042,0.7918925791071902,0.5815199940108198,0.3025936598302748,
2026-02-06,2026-02-09,8054.218,8247.2968,8014.6599,8146.4128,21864214400.0,418373434780.9,8146.1073,Test,0.02804627339364285,280.4627339364285,0.5085167338240758,0.6832148298881413,-0.1746980960640655,0,0,0,0,-280.4627339364285,0.31503405883615193,0.8095602345599503,0.5810256573560318,0.2931415220291939,
2026-02-09,2026-02-10,8280.1088,8313.4692,8229.0026,8311.2829,21166756600.0,427982319251.6,8146.4128,Test,0.004640482501872434,46.40482501872434,0.5450928502093076,0.6832148298881413,-0.13812197967883366,0,0,0,0,-46.40482501872434,0.38845511200790367,0.8533324199773834,0.5607691250945654,0.31697391882592857,
2026-02-10,2026-02-11,8318.5325,8331.9858,8258.1519,8306.4448,19580622000.0,394283311159.0,8311.2829,Test,-0.002788941438889525,-27.88941438889525,0.5006955065686909,0.6832148298881413,-0.18251932331945042,0,0,0,0,27.88941438889525,0.24235348096544523,0.8157623363673627,0.6281765943389952,0.32301886314374356,
2026-02-11,2026-02-12,8295.3326,8373.5033,8295.1223,8325.8107,20401970300.0,388612429404.3,8306.4448,Test,0.0056697425248506406,56.697425248506406,0.4567758812539715,0.6832148298881413,-0.2264389486341698,0,0,0,0,-56.697425248506406,0.2521650342279446,0.6862387285167098,0.5758843861917913,0.32623975418498435,
2026-02-12,2026-02-13,8342.365,8437.4202,8341.7705,8423.5695,21213831800.0,438320451204.1,8325.8107,Test,0.0028730102315113193,28.730102315113193,0.435572354446848,0.6832148298881413,-0.2476424754412933,0,0,0,0,-28.730102315113193,0.18494940950658367,0.6923039712190319,0.575428932588409,0.32656298814894125,
2026-02-13,2026-02-24,8366.3327,8419.7618,8290.8388,8299.585,20278572500.0,406320461061.6,8423.5695,Test,0.004419845746751028,44.19845746751028,0.44549030881124474,0.6832148298881413,-0.23772452107689657,0,0,0,0,-44.19845746751028,0.2163787771545426,0.6792480472762368,0.5890277845740013,0.3259122420942103,
2026-02-24,2026-02-25,8403.3106,8444.1283,8328.5678,8392.9098,22462927800.0,449713840344.2,8299.585,Test,0.0010435649016709014,10.435649016709014,0.39480820395111654,0.6832148298881413,-0.28840662593702476,0,0,0,0,-10.435649016709014,0.21089240662990472,0.5314121958005681,0.5538446306095035,0.32789720086686935,
2026-02-25,2026-02-26,8412.08,8551.5345,8401.5965,8527.5593,27789338900.0,506848669829.3,8392.9098,Test,0.015543409002291897,155.43409002291898,0.27803321681566606,0.6832148298881413,-0.40518161307247524,0,0,0,0,-155.43409002291898,0.030384637271727733,0.36259118166679155,0.5310079084841974,0.30846980881283476,
2026-02-26,2026-02-27,8542.8324,8582.7633,8490.9215,8557.216,25411176500.0,513984663150.7,8527.5593,Test,-0.005037755393632493,-50.37755393632493,0.2569020162483587,0.6832148298881413,-0.42631281363978263,0,0,0,0,50.37755393632493,0.06783391270915398,0.24597689264767864,0.5233806800808006,0.31138253980075087,
2026-02-27,2026-03-02,8499.7957,8658.4503,8499.7957,8658.4503,28036116700.0,512821943080.7,8557.216,Test,0.010124678643746554,101.24678643746554,0.2848573162917285,0.6832148298881413,-0.3983575135964128,0,0,0,0,-101.24678643746554,0.10720412248297527,0.26656562573663756,0.5634002553993137,0.3113842703338087,
2026-03-02,2026-03-03,8585.8534,8683.9816,8551.4601,8658.3336,33903229600.0,619505358994.6,8658.4503,Test,0.007594655645995374,75.94655645995374,0.2841941373620592,0.6832148298881413,-0.39902069252608213,0,0,0,0,-75.94655645995374,0.16472202641810263,0.2640857218901396,0.4537735595453719,0.34009039469177105,
2026-03-03,2026-03-04,8651.06,8654.5678,8267.1091,8281.6139,34615390600.0,634660475372.6,8658.3336,Test,-0.055840428802944375,-558.4042880294437,0.28840623019113437,0.6832148298881413,-0.39480859969700693,0,1,0,0,558.4042880294437,0.21777599768514685,0.18698849485734234,0.48056867825858446,0.3517531450077499,
2026-03-04,2026-03-05,8167.9811,8377.1743,8167.9811,8248.945,27210771400.0,471470145318.9,8281.6139,Test,0.02639150328102491,263.9150328102491,0.3266152223233394,0.6832148298881413,-0.3565996075648019,0,0,0,0,-263.9150328102491,0.25234835085534374,0.2169506938642709,0.4774518993290955,0.46894481811328526,
2026-03-05,2026-03-06,8383.5464,8391.0367,8251.1062,8309.1713,25634345400.0,472940762598.8,8248.945,Test,-0.013164297629461363,-131.64297629461365,0.4744281848179851,0.6832148298881413,-0.2087866450701562,0,0,0,0,131.64297629461365,0.3172326322076429,0.6554072142592746,0.47757881059951557,0.48742332214310125,
2026-03-06,2026-03-09,8273.1829,8394.3341,8258.6447,8360.3347,23451496000.0,427695132113.2,8309.1713,Test,-0.0047128415352694075,-47.12841535269408,0.4219328411806744,0.6832148298881413,-0.2612819887074669,0,0,0,0,47.12841535269408,0.12189368936775517,0.6244580594152461,0.5481654175878212,0.5315271143128005,
2026-03-09,2026-03-10,8234.1927,8305.9247,8066.1408,8279.4811,28651851000.0,523828528067.1,8360.3347,Test,0.012988765735346686,129.88765735346686,0.4632085489065081,0.6832148298881413,-0.22000628098163322,0,0,0,0,-129.88765735346686,0.16772595357158138,0.7145841917375628,0.5468614021262721,0.5361790158617058,
2026-03-10,2026-03-11,8341.1447,8412.9325,8330.9345,8410.303,23994135800.0,465082278986.8,8279.4811,Test,0.00937111185710493,93.7111185710493,0.47160542522512705,0.6832148298881413,-0.21160940466301426,0,0,0,0,-93.7111185710493,0.18555051512413404,0.7297691877938403,0.5315980010424034,0.5451957329457342,
2026-03-11,2026-03-12,8419.3105,8439.6188,8379.0332,8403.3296,26448738900.0,495752480830.4,8410.303,Test,-0.0026829156615615357,-26.829156615615357,0.479507765493853,0.6832148298881413,-0.20370706439428832,0,0,0,0,26.829156615615357,0.20077353017607233,0.7124083784907794,0.5663681544574712,0.5448089079745403,
2026-03-12,2026-03-13,8396.7222,8433.0374,8290.5879,8359.4721,28243650400.0,478413662733.3,8403.3296,Test,-0.009401561480740783,-94.01561480740783,0.4816920967501457,0.6832148298881413,-0.20152273313799562,0,0,0,0,94.01561480740783,0.22167578728989454,0.6971409785181902,0.5658056022104941,0.5415351412511217,
2026-03-13,2026-03-16,8317.7799,8371.7157,8217.9686,8239.798,28813099000.0,482367288675.4,8359.4721,Test,-0.010830618396141967,-108.30618396141966,0.4741954266305738,0.6832148298881413,-0.20901940325756752,0,0,0,0,108.30618396141966,0.23360956247106576,0.7027972326220993,0.5044486078405938,0.5437891033205815,
2026-03-16,2026-03-17,8227.6932,8233.6551,8060.7824,8185.152,25620598200.0,460796897377.5,8239.798,Test,-0.003366751691713521,-33.66751691713521,0.48289688673890446,0.6832148298881413,-0.20031794314923684,0,0,0,0,33.66751691713521,0.24685673830534485,0.7192378211600257,0.5013170118607256,0.5455578948807522,
2026-03-17,2026-03-18,8199.9926,8207.4607,8016.002,8016.0262,23013280000.0,406247342906.9,8185.152,Test,-0.018911480481092147,-189.11480481092147,0.507279783279772,0.6832148298881413,-0.17593504660836934,0,1,0,0,189.11480481092147,0.2774571085489483,0.7704262839363342,0.4989256869487528,0.5466334733889394,
2026-03-18,2026-03-19,8044.9186,8105.9551,7958.4504,8096.4276,20649392300.0,391242647481.5,8016.0262,Test,-0.008585655546595516,-85.85655546595517,0.6140918784058089,0.6832148298881413,-0.06912295148233238,0,0,0,0,85.85655546595517,0.6113085786281178,0.7662483964286795,0.4566111142063208,0.5702685346676747,
2026-03-19,2026-03-20,7975.8477,8000.4297,7844.1519,7877.09,21974486600.0,394855039942.2,8096.4276,Test,-0.007818893031269925,-78.18893031269924,0.5239158407998673,0.6832148298881413,-0.159298989088274,0,0,0,0,78.18893031269924,0.6092878440168111,0.44879660263494375,0.4568598769480259,0.5661609510487599,
2026-03-20,2026-03-23,7913.4854,7941.5857,7757.8333,7760.0365,21944878800.0,417113691310.9,7877.09,Test,-0.03667673412274186,-366.7673412274186,0.5394630354993782,0.6832148298881413,-0.14375179438876307,0,1,0,0,366.7673412274186,0.5864533643801189,0.5324709906741166,0.4571071729638459,0.5650839760583692,
2026-03-23,2026-03-24,7623.2446,7708.4298,7399.0423,7440.7451,27156102400.0,451938508509.5,7760.0365,Test,-0.008941442073103656,-89.41442073103656,0.519069535935867,0.6832148298881413,-0.16414529395227428,0,0,0,0,89.41442073103656,0.559285498277258,0.47770843250192246,0.4573530121888846,0.5908527671219153,
2026-03-24,2026-03-25,7555.0818,7597.3732,7379.8608,7597.3732,22896641800.0,388538162383.5,7440.7451,Test,0.013940166736513548,139.4016673651355,0.5747971740996597,0.6832148298881413,-0.10841765578848161,0,0,0,0,-139.4016673651355,0.4939253874864959,0.7629508921291109,0.45759740447271985,0.5785303973381355,
2026-03-25,2026-03-26,7660.4009,7806.9106,7660.4009,7767.6654,24071155400.0,423378163951.9,7597.3732,Test,0.012612603604075234,126.12603604075234,0.5680857725855553,0.6832148298881413,-0.11512905730258605,0,0,0,0,-126.12603604075234,0.4831289131269588,0.7933608434292588,0.40086395340224346,0.5843177263356454,
2026-03-26,2026-03-27,7757.0185,7777.29,7620.7773,7642.1302,20621612600.0,355916679311.1,7767.6654,Test,-0.02808071168065418,-280.8071168065418,0.547222217960167,0.6832148298881413,-0.1359926119279743,0,1,0,0,280.8071168065418,0.4341187105506012,0.7667593984655814,0.41563619480817593,0.5843078871550066,
2026-03-27,2026-03-30,7539.1959,7785.3777,7539.1959,7737.6144,18820506600.0,344204684320.8,7642.1302,Test,0.015380619039226717,153.80619039226718,0.6486143368105267,0.6832148298881413,-0.03460049307761459,0,0,0,0,-153.80619039226718,0.7484238541209544,0.7272448719403527,0.4324357690383464,0.5961612067354203,
2026-03-30,2026-03-31,7655.1534,7766.1107,7610.5492,7753.7234,19783856900.0,361442205072.7,7737.6144,Test,0.011159188527822383,111.59188527822383,0.6845272574835022,0.6832148298881413,0.0013124275953608766,1,0,0,0,-111.59188527822383,0.7510125800248565,0.8132233314942136,0.42989551243772767,0.668146467002319,预测大跌
2026-03-31,2026-04-01,7740.5787,7788.8928,7617.3262,7617.3262,19908603500.0,376502133010.5,7753.7234,Test,0.0030692278860235955,30.692278860235955,0.6754037893245556,0.6832148298881413,-0.007811040563585725,0,0,0,0,-30.692278860235955,0.762235190907918,0.7238100548042424,0.4748455759681383,0.681943639735532,
2026-04-01,2026-04-02,7764.3363,7778.9878,7689.5897,7750.0924,17596067000.0,354799494800.9,7617.3262,Test,-0.004880159557230979,-48.801595572309786,0.6729760191073502,0.6832148298881413,-0.010238810780791141,0,0,0,0,48.801595572309786,0.7634327094665019,0.6839020766319412,0.5077895407777966,0.6887663591292542,
2026-04-02,2026-04-03,7726.4451,7740.0952,7562.2104,7605.2932,17208487300.0,325589868202.8,7750.0924,Test,-0.01162006574019403,-116.2006574019403,0.49681070274140715,0.6832148298881413,-0.18640412714673416,0,0,0,0,116.2006574019403,0.3843830858357119,0.5089986576921677,0.5004675131939748,0.7093623531298979,
2026-04-03,2026-04-07,7636.6633,7640.8412,7518.3455,7534.938,15163735600.0,283332454878.6,7605.2932,Test,-0.009759000373893656,-97.59000373893656,0.48561200896817047,0.6832148298881413,-0.19760282091997083,0,0,0,0,97.59000373893656,0.3798227886585209,0.47266027740184396,0.500464892960309,0.7126569168780567,
2026-04-07,2026-04-08,7562.1371,7630.1357,7529.3992,7571.1106,14696135700.0,279371106677.1,7534.938,Test,0.023736332418516914,237.36332418516915,0.5152452442077065,0.6832148298881413,-0.16796958568043485,0,0,0,0,-237.36332418516915,0.4320677767587496,0.5127034100428326,0.500462287081603,0.7167721383736615,
2026-04-08,2026-04-09,7741.6345,7945.1527,7741.6345,7945.1527,23193661200.0,460383859320.9,7571.1106,Test,0.015961823049124746,159.61823049124746,0.4444176454192887,0.6832148298881413,-0.23879718446885262,0,0,0,0,-159.61823049124746,0.43328302978471456,0.2600307829021668,0.5004596954775208,0.7136978942176525,
2026-04-09,2026-04-10,7865.2051,7947.6782,7845.9575,7898.6329,19055565000.0,398032241410.3,7945.1527,Test,0.011901762104080449,119.01762104080449,0.43010364887327934,0.6832148298881413,-0.25311118101486196,0,0,0,0,-119.01762104080449,0.38947867317077983,0.21987530590167365,0.5580366920817248,0.7084233880297883,
2026-04-10,2026-04-13,7958.8149,8070.6482,7953.4969,7969.3646,20340435100.0,433921803732.1,7898.6329,Test,-0.005138390641551527,-51.38390641551527,0.5166739878292151,0.6832148298881413,-0.16654084205892616,0,0,0,0,51.38390641551527,0.5971726784979976,0.2443474763176389,0.604798819966276,0.7010140211148521,
2026-04-13,2026-04-14,7917.9194,7990.9809,7917.9194,7967.697,19494869500.0,409703666198.3,7969.3646,Test,0.01530127977811957,153.0127977811957,0.5372156250621415,0.6832148298881413,-0.14599920482599982,0,0,0,0,-153.0127977811957,0.6190349632082341,0.26516866718438226,0.6381710295800729,0.7006180265756176,
2026-04-14,2026-04-15,8039.0737,8088.5687,8002.6484,8088.5687,21429567200.0,460131213095.0,7967.697,Test,0.013152709372474147,131.52709372474146,0.5579978915459308,0.6832148298881413,-0.12521693834221048,0,0,0,0,-131.52709372474146,0.7803321829730259,0.162609578248039,0.6128677679934792,0.7020209904192855,
2026-04-15,2026-04-16,8144.8093,8150.622,8020.868,8044.0773,20365606600.0,456985404068.8,8088.5687,Test,-0.009411601570585626,-94.11601570585626,0.5646876663758192,0.6832148298881413,-0.11852716351232206,0,0,0,0,94.11601570585626,0.7586724755893354,0.19706684270609487,0.6431164335251397,0.6879668333887994,
2026-04-16,2026-04-17,8068.1536,8189.1751,8056.781,8180.0815,18845568300.0,429996215501.7,8044.0773,Test,0.010813155565109867,108.13155565109867,0.5901423891368338,0.6832148298881413,-0.0930724407513075,0,0,0,0,-108.13155565109867,0.7870021593560531,0.22527396853423806,0.6687037860991522,0.7023131926523469,
2026-04-17,2026-04-20,8155.3958,8230.1072,8149.938,8214.1939,19157884000.0,453410855651.4,8180.0815,Test,0.008361139259482453,83.61139259482454,0.6047112767630842,0.6832148298881413,-0.07850355312505708,0,0,0,0,-83.61139259482454,0.7715414711053095,0.3041239260939631,0.667414390447901,0.6900081961401948,
2026-04-20,2026-04-21,8223.5842,8310.9444,8214.2626,8290.0224,21376402000.0,507388177413.2,8214.1939,Test,0.00483911868987752,48.391186898775196,0.600040370197191,0.6832148298881413,-0.08317445969095028,0,0,0,0,-48.391186898775196,0.7814280924644181,0.2857230246211685,0.6535960497932253,0.6910077556928255,
2026-04-21,2026-04-22,8263.3791,8281.3207,8189.7576,8270.3266,20183631700.0,441523125471.6,8290.0224,Test,-0.004420407143126193,-44.20407143126192,0.5664933519532994,0.6832148298881413,-0.11672147793484189,0,0,0,0,44.20407143126192,0.7227240997264391,0.2339356350484707,0.6635379757510279,0.683042659796951,
2026-04-22,2026-04-23,8226.8516,8377.3362,8226.8516,8376.1808,21333723600.0,501951553119.2,8270.3266,Test,0.019559499529564928,195.59499529564928,0.5448574931880902,0.6832148298881413,-0.13835733670005113,0,0,0,0,-195.59499529564928,0.6728961886793622,0.2090308591800497,0.6755912581899688,0.6807129479056249,
2026-04-23,2026-04-24,8387.7647,8401.4992,8220.9526,8295.207,24948698900.0,565097207106.9,8376.1808,Test,-0.01704700896056377,-170.4700896056377,0.5718389593448264,0.6832148298881413,-0.11137587054331488,0,1,0,0,170.4700896056377,0.7076765762220586,0.257278538057553,0.6742195697648075,0.692891421405962,
2026-04-24,2026-04-27,8244.7784,8299.8778,8165.8037,8247.8759,22231189300.0,518618099348.0,8295.207,Test,-0.001012131508592029,-10.12131508592029,0.6534715521015114,0.6832148298881413,-0.029743277786629885,0,0,0,0,10.12131508592029,0.9012521385515013,0.276315284871663,0.7214361653359062,0.6935099303502242,
2026-04-27,2026-04-28,8236.4336,8326.1546,8219.943,8299.0486,22459580200.0,524219030970.4,8247.8759,Test,0.004637638309862524,46.37638309862524,0.6673542839309976,0.6832148298881413,-0.0158605459571437,0,0,0,0,-46.37638309862524,0.8711598025395189,0.4108629591886031,0.6783011978208413,0.6680753685885447,
2026-04-28,2026-04-29,8274.6312,8275.328,8173.4448,8203.9614,22010913000.0,494514573512.5,8299.0486,Test,-0.014173006284557976,-141.73006284557977,0.6443702734355957,0.6832148298881413,-0.03884455645254559,0,0,0,0,141.73006284557977,0.8348606197034325,0.38286913979396275,0.6645253559158625,0.6694920330789332,
2026-04-29,2026-04-30,8157.3548,8356.7152,8157.3548,8342.4217,23087201700.0,489715085654.2,8203.9614,Test,0.021340815039698757,213.40815039698757,0.6371462649235684,0.6832148298881413,-0.0460685649645729,0,0,0,0,-213.40815039698757,0.8061533468568113,0.3894414722939084,0.6761364793874709,0.6578780580294658,
2026-04-30,2026-05-06,8331.4394,8375.1934,8300.5019,8349.5081,24755465200.0,535036483480.5,8342.4217,Test,0.01319129801268204,131.9129801268204,0.6741907428341357,0.6832148298881413,-0.009024087054005592,0,0,0,0,-131.9129801268204,0.8121992292943216,0.5230658946185891,0.6512125198371556,0.6769862501042946,
2026-05-06,2026-05-07,8441.3419,8621.3457,8441.3419,8588.4399,27464745200.0,635607537782.5,8349.5081,Test,0.023278230206503103,232.78230206503105,0.624027339287451,0.6832148298881413,-0.059187490600690285,0,0,0,0,-232.78230206503105,0.7078758566612585,0.4319061124690836,0.7085142905886823,0.66589182876106,
2026-05-07,2026-05-08,8637.8414,8700.3353,8598.7116,8696.7989,27099417900.0,620440650748.1,8588.4399,Test,0.00011541077843824077,1.1541077843824077,0.6213004934300527,0.6832148298881413,-0.06191433645808864,0,0,0,0,-1.1541077843824077,0.6843912085390488,0.435403909595311,0.7282863085868023,0.6654462496937028,
2026-05-08,2026-05-11,8638.8383,8706.333,8616.2233,8694.1709,27114353500.0,609002654328.0,8696.7989,Test,0.015318934722970967,153.18934722970968,0.5721766554559746,0.6832148298881413,-0.11103817443216668,0,0,0,0,-153.18934722970968,0.5057123095150222,0.4387067136237657,0.7799284048857511,0.6613271333209216,
2026-05-11,2026-05-12,8771.1761,8863.769,8716.4515,8839.7415,28833019600.0,709124529147.4,8694.1709,Test,0.009691243116188186,96.91243116188187,0.6304686916838088,0.6832148298881413,-0.05274613820433249,0,0,0,0,-96.91243116188187,0.6739632947502611,0.441827722943111,0.7770767904777012,0.6665782196222167,
2026-05-12,2026-05-13,8856.1797,8856.1797,8736.4171,8785.9791,26987096800.0,633557984263.0,8839.7415,Test,-0.014144552644974051,-141.4455264497405,0.594330589811662,0.6832148298881413,-0.08888424007647933,0,0,0,0,141.4455264497405,0.6152387789695721,0.3955137871871449,0.7779511326889992,0.6453518459876688,
2026-05-13,2026-05-14,8730.913,8925.877,8730.913,8918.239,25409688800.0,637052785957.5,8785.9791,Test,0.025431154794464117,254.31154794464118,0.6044479553077118,0.6832148298881413,-0.07876687458042952,0,0,0,0,-254.31154794464118,0.6326681533996593,0.4012301199859916,0.7871128064128738,0.6489470759057357,
2026-05-14,2026-05-15,8952.9502,8956.6619,8670.1574,8670.1574,28950256600.0,658225134861.2,8918.239,Test,-0.030864597012948858,-308.6459701294886,0.5953532473260267,0.6832148298881413,-0.08786158256211463,0,1,0,0,308.6459701294886,0.632371364297924,0.3727081507861284,0.7593280515204468,0.6808533119382388,
2026-05-15,2026-05-18,8676.621,8717.0924,8473.0421,8536.3444,27096176200.0,643023956618.1,8670.1574,Test,-0.02116092197642372,-211.6092197642372,0.6159884829835106,0.6832148298881413,-0.0672263469046307,0,1,0,0,211.6092197642372,0.6470773144344242,0.36806483320145,0.7950998182105555,0.7375130173317387,
2026-05-18,2026-05-19,8493.0157,8606.4096,8472.4244,8554.2372,23109341700.0,559260917340.2,8536.3444,Test,0.003666377303411794,36.66377303411794,0.7180805188498482,0.6832148298881413,0.03486568896170694,1,0,0,0,-36.66377303411794,0.6406981267128136,0.7493513362162099,0.7916655493085173,0.7266147548692442,预测大跌
2026-05-19,2026-05-20,8524.1543,8633.0613,8416.515,8627.9461,24386882000.0,571306974464.0,8554.2372,Test,0.006714976991911037,67.14976991911037,0.7140725082984415,0.6832148298881413,0.030857678410300182,1,0,0,0,-67.14976991911037,0.6191179525816912,0.7855853645803897,0.7639239476375659,0.7221577116118297,预测大跌
2026-05-20,2026-05-21,8581.3938,8681.7226,8552.4273,8656.3062,23041869700.0,574479528727.3,8627.9461,Test,0.014191214485460346,141.91214485460347,0.7034874622508546,0.6832148298881413,0.02027263236271326,1,0,0,0,-141.91214485460347,0.6186026647190868,0.7602368601270475,0.7446403785758088,0.7279709507757114,预测大跌
2026-05-21,2026-05-22,8703.1742,8790.3751,8406.2885,8419.8373,27948915800.0,687607693449.2,8656.3062,Test,-0.026377169378041354,-263.77169378041356,0.7044676157674469,0.6832148298881413,0.02125278587930557,1,1,1,1,263.77169378041356,0.63821540975294,0.738750573815843,0.7437795667899276,0.7312044443076697,预测大跌
2026-05-22,2026-05-25,8473.6091,8591.1549,8414.9398,8576.9402,22161039100.0,556432683501.9,8419.8373,Test,0.018598769206854326,185.98769206854325,0.7129471411996007,0.6832148298881413,0.02973231131145937,1,0,0,0,-185.98769206854325,0.6358310880251247,0.720223838992861,0.7729160790826107,0.7816272434680176,预测大跌
2026-05-25,2026-05-26,8631.2078,8705.1965,8543.8916,8703.8901,23505289000.0,629332990093.7,8576.9402,Test,0.0039655747831721655,39.655747831721655,0.7415286995423503,0.6832148298881413,0.05831386965420904,1,0,0,0,-39.655747831721655,0.6218622342152523,0.8634100479127347,0.744915327900563,0.7778709647217186,预测大跌
2026-05-26,2026-05-27,8665.4355,8673.2096,8529.666,8658.6192,24710784400.0,647239450010.5,8703.8901,Test,-0.0007174134525609333,-7.1741345256093325,0.7154143446794433,0.6832148298881413,0.03219951479130201,1,0,0,1,7.1741345256093325,0.5675430564682273,0.8238014672085469,0.768947341856908,0.7663554965833318,预测大跌
2026-05-27,2026-05-28,8659.2188,8722.5814,8491.3163,8530.9802,25911673400.0,676927953502.8,8658.6192,Test,-0.017963213956436963,-179.63213956436962,0.6943544789581108,0.6832148298881413,0.011139649069969448,1,1,1,1,179.63213956436962,0.5588880285234723,0.791887969105012,0.7330113695847528,0.7583838537630077,预测大跌
2026-05-28,2026-05-29,8503.6714,8596.4487,8424.449,8563.2218,24224000600.0,596276737161.3,8530.9802,Test,0.010130518448772552,101.30518448772551,0.6573831704315745,0.6832148298881413,-0.025831659456566847,0,0,0,0,-101.30518448772551,0.5835541392817554,0.6745030096789185,0.6730153204651776,0.7628159366458828,
2026-05-29,2026-06-01,8589.818,8597.9839,8296.2406,8359.5596,28119061600.0,661406695203.3,8563.2218,Test,-0.026930884915140174,-269.3088491514017,0.6962939624162471,0.6832148298881413,0.013079132528105775,1,1,1,1,269.3088491514017,0.6224352563650314,0.7846375529899685,0.6667451662123666,0.7392720240514032,预测大跌
2026-06-01,2026-06-02,8358.4866,8442.5323,8259.6,8274.212,25817502700.0,584223622413.5,8359.5596,Test,-0.008094013095624408,-80.94013095624408,0.5520495778502981,0.6832148298881413,-0.13116525203784324,0,0,0,0,80.94013095624408,0.4106421405584567,0.5105403841579178,0.6740708152702213,0.757402269604732,
2026-06-02,2026-06-03,8290.8329,8378.4341,8142.5071,8321.4347,23958969600.0,548050911652.5,8274.212,Test,0.0031564500594387646,31.564500594387646,0.5489505741171372,0.6832148298881413,-0.1342642557710041,0,0,0,0,-31.564500594387646,0.44233872833922455,0.567703222262451,0.5881683632911394,0.688759152026649,
2026-06-03,2026-06-04,8317.0025,8462.67,8294.2881,8362.156,25357653100.0,608167868400.1,8321.4347,Test,-0.004465466975632215,-44.65466975632215,0.5506249318438012,0.6832148298881413,-0.13258989804434007,0,0,0,0,44.65466975632215,0.4295273097140569,0.6438035148629135,0.5393246700190012,0.6604327185951613,
2026-06-04,2026-06-05,8279.8632,8391.0521,8279.8632,8356.7444,23082197600.0,570131396502.5,8362.156,Test,0.004562672001634072,45.62672001634071,0.5312523707033723,0.6832148298881413,-0.15196245918476903,0,0,0,0,-45.62672001634071,0.3877482302804475,0.6352134560938895,0.5488849710950062,0.6300219441301854,
2026-06-05,2026-06-08,8317.6415,8399.4084,8218.1415,8251.1407,24708934700.0,612246476401.0,8356.7444,Test,-0.04075454562450176,-407.5454562450176,0.6257281960306402,0.6832148298881413,-0.05748663385750108,0,1,0,0,407.5454562450176,0.6348525251896113,0.6708754032718686,0.5466978245041204,0.6359981447446411,
2026-06-08,2026-06-09,7978.6598,8142.3354,7889.3991,7963.4529,24479319800.0,562548949697.2,8251.1407,Test,0.010111873675826999,101.11873675826999,0.5270315316693248,0.6832148298881413,-0.1561832982188165,0,0,0,0,-101.11873675826999,0.6135659946690928,0.36783947010760454,0.5333463086789805,0.6130490871395514,
2026-06-09,2026-06-10,8059.339,8181.1277,7965.4851,8176.1785,20929297800.0,506484788545.9,7963.4529,Test,0.00431768659936016,43.176865993601595,0.6402893234534106,0.6832148298881413,-0.0429255064347307,0,0,0,0,-43.176865993601595,0.5768452060002672,0.7896458935166841,0.5331564420734621,0.661041787328041,
2026-06-10,2026-06-11,8094.1367,8148.255,7973.547,8063.8637,21091009800.0,509158413551.9,8176.1785,Test,-0.008466461901983968,-84.66461901983968,0.6100261899333264,0.6832148298881413,-0.07318863995481495,0,0,0,0,84.66461901983968,0.5166678171554164,0.7636472213016885,0.5231745948299665,0.658996870458871,
2026-06-11,2026-06-12,8025.608,8091.6829,7965.0233,8035.7788,19685777600.0,512698921092.9,8063.8637,Test,0.02038503500295552,203.85035002955522,0.5866560762839624,0.6832148298881413,-0.09655875360417887,0,0,0,0,-203.85035002955522,0.4619548937054924,0.736345240869434,0.5368528020946931,0.6581695532488814,
2026-06-12,2026-06-15,8189.2103,8258.9084,8098.7805,8106.203,26624408000.0,668679920723.6,8035.7788,Test,-0.0017288602296609001,-17.288602296609,0.539239681290628,0.6832148298881413,-0.14397514859751326,0,0,0,0,17.288602296609,0.44987540969984313,0.6318320151926344,0.4740703778760054,0.6567099662876404,
2026-06-15,2026-06-16,8175.0523,8406.7793,8174.5906,8406.7479,25556263800.0,624419626262.0,8106.203,Test,0.03129807499824788,312.9807499824788,0.43819170431717225,0.6832148298881413,-0.24502312557096906,0,0,0,0,-312.9807499824788,0.11455939530998299,0.6241786216057165,0.5144503566005655,0.6955776088128314,
2026-06-16,2026-06-17,8430.9157,8538.1941,8413.5082,8507.9799,23149509400.0,637593605919.7,8406.7479,Test,0.0024572419814374857,24.572419814374857,0.3455619739151594,0.6832148298881413,-0.3376528559729819,0,0,0,0,-24.572419814374857,0.1442352124336912,0.32651538822723825,0.43627109475431214,0.6819878258633062,
2026-06-17,2026-06-18,8451.6325,8630.5156,8451.6325,8627.0862,22464601500.0,655611276492.6,8507.9799,Test,0.016430695489894953,164.30695489894953,0.3566136202638527,0.6832148298881413,-0.3266012096242886,0,0,0,0,-164.30695489894953,0.16379864226465585,0.26219417255365285,0.5388592893144517,0.6809916870604219,
2026-06-18,2026-06-22,8590.4987,8716.3417,8587.9818,8673.0899,23946757900.0,667474010744.9,8627.0862,Test,0.013871755780604511,138.7175578060451,0.3767681700555321,0.6832148298881413,-0.3064466598326092,0,0,0,0,-138.7175578060451,0.21465301845309706,0.2805962457661963,0.5075953616546279,0.7096763462682874,
2026-06-22,2026-06-23,8709.664,8870.485,8605.223,8868.782,28002311900.0,759846035627.1,8673.0899,Test,0.013999116383823562,139.99116383823562,0.38699764253937446,0.6832148298881413,-0.29621718734876684,0,0,0,0,-139.99116383823562,0.24540576172207784,0.2578623859449759,0.5543162670811486,0.6838039795713877,
2026-06-23,2026-06-24,8831.5916,8895.3398,8629.0106,8688.5923,27240314900.0,713885739558.1,8868.782,Test,-0.021846062265832078,-218.46062265832077,0.40179508931073193,0.6832148298881413,-0.28141974057740937,0,1,0,0,218.46062265832077,0.24390991845975735,0.27683570778784355,0.5990440949638526,0.6847626122610665,
2026-06-24,2026-06-25,8638.6561,8850.7909,8613.0845,8842.9378,24531147300.0,684019604157.1,8688.5923,Test,0.023868631603473522,238.68631603473523,0.36468638098956285,0.6832148298881413,-0.31852844889857845,0,0,0,0,-238.68631603473523,0.2507002057693048,0.10171556309135774,0.6423575177492453,0.6853081216099067,
2026-06-25,2026-06-26,8844.849,8940.9587,8803.5962,8938.0113,26010208600.0,744120017737.6,8842.9378,Test,0.005221366696028351,52.21366696028351,0.42029708775893687,0.6832148298881413,-0.26291774212920443,0,0,0,0,-52.21366696028351,0.2861145802047058,0.24120222379724926,0.6413505527262655,0.7149024139145542,
2026-06-26,2026-06-29,8891.0312,8926.7514,8647.7678,8703.5652,25855829600.0,745538234894.3,8938.0113,Test,-0.01793435389136855,-179.34353891368548,0.4318926646326139,0.6832148298881413,-0.2513221652555274,0,1,0,0,179.34353891368548,0.29474553829148753,0.26246950226518717,0.6624995181744561,0.7027364186304708,
2026-06-29,2026-06-30,8731.5763,8837.0312,8587.8817,8821.0944,25146106600.0,741568075882.6,8703.5652,Test,0.00956647426879842,95.66474268798419,0.37040390182531263,0.6832148298881413,-0.3128109280628287,0,0,0,0,-95.66474268798419,0.15593695148569392,0.22974179131749872,0.6767911457328283,0.6510224043128425,
2026-06-30,2026-07-01,8815.1067,9040.1322,8771.6552,9031.3788,22433080900.0,695096018633.9,8821.0944,Test,0.026878426780699183,268.7842678069918,0.4183376579623412,0.6832148298881413,-0.2648771719258001,0,0,0,0,-268.7842678069918,0.1838653764935543,0.3819493158597193,0.6754028452909059,0.6268062221863252,
2026-07-01,2026-07-02,9052.0429,9147.5592,8956.1848,9028.9326,26310457800.0,757642507575.4,9031.3788,Test,-0.02457148098580042,-245.7148098580042,0.4136538587441719,0.6832148298881413,-0.26956097114396943,0,1,0,0,245.7148098580042,0.2091932995970382,0.3734235985606959,0.6169768628614184,0.6389663715917,
2026-07-02,2026-07-03,8829.6208,8932.6466,8667.4191,8694.1756,26128140700.0,732955232218.3,9028.9326,Test,-0.0144167346348556,-144.16734634855598,0.43944378363744463,0.6832148298881413,-0.24377104625069668,0,0,0,0,144.16734634855598,0.24892810773395235,0.3806792619161475,0.6846256352884939,0.610002461924443,
2026-07-03,2026-07-06,8702.3265,8860.4157,8636.1503,8745.2607,23014842400.0,661131228372.8,8694.1756,Test,0.01018588534916498,101.8588534916498,0.5078005596267091,0.6832148298881413,-0.1754142702614322,0,0,0,0,-101.8588534916498,0.24900528380203008,0.6338940886385248,0.683138784965778,0.5959867851422547,
2026-07-06,2026-07-07,8790.9674,8823.0502,8570.8924,8651.1339,23015291000.0,647313365609.8,8745.2607,Test,-0.021259525999379747,-212.59525999379747,0.5347148683861925,0.6832148298881413,-0.14849996150194877,0,1,0,0,212.59525999379747,0.2600470901385451,0.7459454933781214,0.664715917082221,0.5699788614695285,
2026-07-07,2026-07-08,8604.0756,8663.6652,8457.5756,8508.7885,19963919000.0,530938136092.4,8651.1339,Test,-0.007561544438312584,-75.61544438312583,0.6639780466766313,0.6832148298881413,-0.01923678321151001,0,0,0,0,75.61544438312583,0.6276681677215993,0.7264671234423764,0.6853537381087432,0.6023890793968667,
2026-07-08,2026-07-09,8539.0155,8571.5247,8343.9232,8390.0194,19722016500.0,550698180810.9,8508.7885,Test,-0.011929735927988294,-119.29735927988294,0.6920455571728231,0.6832148298881413,0.008830727284681816,1,0,0,1,119.29735927988294,0.6313795885054208,0.8317875943022998,0.6706651703702031,0.6058102074680708,预测大跌
2026-07-09,2026-07-10,8437.1473,8659.6504,8281.9533,8652.787,21508048800.0,602726823296.4,8390.0194,Test,0.0278785935146586,278.785935146586,0.6688300390997604,0.6832148298881413,-0.014384790788380952,0,0,0,0,-278.785935146586,0.65080229704636,0.715499914990364,0.6661765510588502,0.629115254210931,
2026-07-10,2026-07-13,8672.3631,8783.249,8503.2448,8503.9705,25141438800.0,713405548512.5,8652.787,Test,-0.03035155435316117,-303.5155435316117,0.6570000348953932,0.6832148298881413,-0.026214794992748147,0,1,0,0,303.5155435316117,0.5937395411907855,0.7762155894377155,0.615638114811906,0.6396740036834153,
2026-07-13,2026-07-14,8409.1434,8457.6923,8106.2688,8138.1443,22403763100.0,572975762103.9,8503.9705,Test,-0.03259521058946391,-325.9521058946391,0.6649801969170138,0.6832148298881413,-0.018234632971127485,0,1,0,0,325.9521058946391,0.5699367884213047,0.7523543045899557,0.7011871328158645,0.6642582146818273,
2026-07-14,2026-07-15,8135.0456,8275.9601,7955.3082,8275.9388,21584109000.0,562942515965.9,8138.1443,Test,0.019556940160237124,195.56940160237124,0.6699164791868918,0.6832148298881413,-0.013298350701249517,0,0,0,0,-195.56940160237124,0.5551965563503628,0.7990318891689812,0.6693188127462273,0.6885661391017728,
2026-07-15,2026-07-16,8294.1422,8305.2723,8117.4588,8147.5786,20911552400.0,512588772725.3,8275.9388,Test,-0.034686323559776966,-346.86323559776963,0.6877508115494385,0.6832148298881413,0.004535981661297206,1,1,1,1,346.86323559776963,0.565677357150593,0.8777048346611358,0.644246546879235,0.6745557256230444,预测大跌
2026-07-16,2026-07-17,8006.4489,8148.0419,7907.0974,7955.6635,19311060300.0,474607241054.8,8147.5786,Test,-0.013283279682207216,-132.83279682207217,0.6852424705809128,0.6832148298881413,0.002027640692771504,1,0,0,1,132.83279682207217,0.546362478564248,0.8351557835286402,0.7029140274592697,0.6937157652500623,预测大跌
2026-07-17,2026-07-20,7900.097,7908.7387,7474.1508,7513.7627,23674574300.0,511959798326.9,7955.6635,Test,-0.03826884657239016,-382.6884657239016,0.6579177685724676,0.6832148298881413,-0.025297061315673663,0,1,0,0,382.6884657239016,0.5253249369722902,0.8300838906630232,0.618956585805952,0.6919584483683318,
2026-07-20,2026-07-21,7597.7694,7626.489,7253.5179,7411.3134,25376330200.0,537630257769.9,7513.7627,Test,-0.021100535112318575,-211.00535112318573,0.6606149716206593,0.6832148298881413,-0.02259985826748201,0,1,0,0,211.00535112318573,0.5265497679396998,0.7935640060030302,0.6181660443623943,0.7712099942536635,
2026-07-21,2026-07-22,7437.4524,7802.7549,7270.9541,7800.6085,26838145300.0,606955225201.1,7411.3134,Test,0.04093524013679728,409.3524013679728,0.6946944436025383,0.6832148298881413,0.011479613714396986,1,0,0,0,-409.3524013679728,0.5527704923884255,0.860256274536815,0.6173822520819364,0.8128538991383716,预测大跌
2026-07-22,2026-07-23,7741.9063,7889.4455,7701.2212,7751.6618,23074728500.0,569079906333.4,7800.6085,Test,0.001155503522433543,11.55503522433543,0.6755130704784569,0.6832148298881413,-0.007701759409684428,0,0,0,0,-11.55503522433543,0.5415235766947247,0.8209696423489108,0.5722215565135431,0.8477175756973498,
2026-07-23,2026-07-24,7750.8521,7795.3499,7658.9994,7734.31,20497442000.0,453036704959.9,7751.6618,Test,-0.016211120839217052,-162.1112083921705,0.6823078750287208,0.6832148298881413,-0.0009069548594204946,0,0,0,0,162.1112083921705,0.5407588270591281,0.7700566354867746,0.6765887852079234,0.8374030196661063,
2026-07-24,2026-07-27,7625.2021,7703.5986,7532.6682,7532.7006,18662483500.0,402009190340.4,7734.31,Test,-0.014792853818261564,-147.92853818261565,0.6779724509238534,0.6832148298881413,-0.005242378964287919,0,0,0,0,147.92853818261565,0.5803499229655802,0.7087883042892282,0.6787884632526396,0.8303705624936962,
2026-07-27,2026-07-28,7512.4036,7721.4028,7466.5446,7720.5975,17419255300.0,405637050375.7,7532.7006,Test,0.010297103845698707,102.97103845698707,0.669625715225376,0.6832148298881413,-0.013589114662765356,0,0,0,0,-102.97103845698707,0.5282367747644421,0.7479279469146647,0.6773738952242643,0.8223945607501336,
2026-07-28,2026-07-29,7589.7596,7646.0156,7412.6308,7443.4332,16183245800.0,389809155088.6,7720.5975,Test,-0.019099102954459934,-190.99102954459934,0.6478689463048957,0.6832148298881413,-0.03534588358324564,0,1,0,0,190.99102954459934,0.519971016679422,0.6731809328197229,0.6759767362190693,0.8367078592260903,
2026-07-29,2026-07-30,7444.802,7572.8138,7325.3558,7524.5075,20660412100.0,451332728691.5,7443.4332,Test,0.004367060399994571,43.67060399994571,0.5984128475931305,0.6832148298881413,-0.08480198229501079,0,0,0,0,-43.67060399994571,0.4976358139655606,0.5144450424243031,0.7060030579205553,0.8115711638969557,
2026-07-30,2026-07-31,7477.3139,7536.4854,7221.9471,7309.5753,20873575700.0,459995793562.8,7524.5075,Test,0.008095674571051426,80.95674571051426,0.6168861515897265,0.6832148298881413,-0.06632867829841482,0,0,0,0,-80.95674571051426,0.4777437551395417,0.6079303169301287,0.7042219372868094,0.8081497493671761,
2026-07-31,2026-08-03,7537.8478,7638.7805,7487.4314,7493.985,21663596000.0,513956392642.6,7309.5753,Test,-0.010709980108645878,-107.09980108645878,0.5670547750410457,0.6832148298881413,-0.11616005484709557,0,0,0,0,107.09980108645878,0.47622253434386497,0.42195467630306993,0.7153307610816036,0.8101189785082448,
2026-08-03,2026-08-04,7457.1176,7499.5786,7397.9416,7414.5227,19831234600.0,409591536926.2,7493.985,Test,0.0013358646777945626,13.358646777945626,0.4260301168198739,0.6832148298881413,-0.2571847130682674,0,0,0,0,-13.358646777945626,0.0864260438275759,0.3581117899366247,0.7364077325992807,0.8397766222775085,
2026-08-04,2026-08-05,7467.0793,7645.4754,7450.3175,7607.4867,20353489600.0,443792059028.4,7414.5227,Test,0.01350953913131736,135.0953913131736,0.4051219011770676,0.6832148298881413,-0.2780929287110737,0,0,0,0,-135.0953913131736,0.12265618506069646,0.24723767541685995,0.7341440493964163,0.8292534892031149,
2026-08-05,2026-08-06,7567.9561,7845.3919,7567.9561,7809.2065,22203181700.0,526922799394.2,7607.4867,Test,0.02241499524554591,224.1499524554591,0.39873969332596737,0.6832148298881413,-0.28447513656217394,0,0,0,0,-224.1499524554591,0.14353192547997703,0.19977633204624365,0.7356302814798636,0.826017523526606,
2026-08-06,2026-08-07,7737.5918,7868.8549,7722.5705,7829.3615,21546810800.0,494375379388.5,7809.2065,Test,0.011786457900247571,117.86457900247571,0.41939179800440174,0.6832148298881413,-0.26382303188373957,0,0,0,0,-117.86457900247571,0.17406864354720164,0.22751413910566784,0.7321810388439466,0.8464041981443617,
2026-08-07,2026-08-10,7828.7906,7983.1726,7763.5287,7980.1245,20657563200.0,525281484431.5,7829.3615,Test,0.022369968613031865,223.69968613031864,0.4500318219377082,0.6832148298881413,-0.23318300795043312,0,0,0,0,-223.69968613031864,0.23566246912893665,0.2507931074869081,0.7565120645694431,0.8328241133266124,
2026-08-10,2026-08-11,8003.9204,8031.1557,7910.8357,8030.9483,20057990700.0,490434040531.3,7980.1245,Test,-0.003079041115901182,-30.79041115901182,0.45093240940944074,0.6832148298881413,-0.23228242047870057,0,0,0,0,30.79041115901182,0.26098632783458314,0.21983967811941155,0.7833849007014648,0.8018579369870309,
2026-08-11,2026-08-12,7979.276,8078.361,7947.6668,7967.5386,19508369300.0,452799545701.6,8030.9483,Test,-0.00015475088216021504,-1.5475088216021504,0.4456590946838706,0.6832148298881413,-0.2375557352042707,0,0,0,0,1.5475088216021504,0.25695922090543055,0.20395910588712163,0.7964927608660904,0.7872250158568138,
2026-08-12,2026-08-13,7978.0412,8067.5276,7961.8285,8045.3099,18074269700.0,408869420388.4,7967.5386,Test,0.014892189325871108,148.92189325871107,0.4522088184015207,0.6832148298881413,-0.2310060114866206,0,0,0,0,-148.92189325871107,0.26992012624605916,0.23953501756220866,0.7663421202039307,0.7798181507223592,
2026-08-13,2026-08-14,8096.8517,8142.3265,7966.8665,7968.3809,22320329800.0,497028095331.1,8045.3099,Test,-0.01324030672316756,-132.4030672316756,0.4411200590876949,0.6832148298881413,-0.2420947708004464,0,0,0,0,132.4030672316756,0.273011785105488,0.20973786402784353,0.7556954932448053,0.7707277606885979,
2026-08-14,2026-08-17,7989.6469,8005.1484,7897.2428,7990.3277,18332791500.0,408994310842.4,7968.3809,Test,0.0022808767681585795,22.808767681585795,0.46972275524117724,0.6832148298881413,-0.21349207464696407,0,0,0,0,-22.808767681585795,0.31035773414149176,0.23581755935871107,0.7895408963307492,0.7779575738741631,
2026-08-17,,8007.8703,8184.6407,7992.3579,8184.6407,17573061900.0,448608373143.8,7990.3277,Test,,,0.49268512844324325,0.6832148298881413,-0.19052970144489806,0,0,0,0,,0.3523220053896272,0.2986243174221087,0.7862278864294011,0.7269418919881954,
