date,target_date,open,high,low,close,volume,amount,prev_close,phase,target_return,target_bp,score,score_threshold,score_excess,predicted,actual_extreme,correct,direction_correct,signed_return_bp,indicator_1,indicator_2,indicator_3,indicator_4,prediction_label
2018-01-02,2018-01-03,6263.1506,6332.6089,6258.1563,6332.2269,7303223500.0,88153985315.5,6250.8207,Development,0.010948052247059081,109.48052247059081,0.3655417975018648,0.8135114753699175,-0.44796967786805275,0,0,0,0,109.48052247059081,0.36824445010597284,0.28436769655526306,0.4992055030285207,0.31806574227553636,
2018-01-03,2018-01-04,6331.7199,6391.9799,6324.2604,6388.2533,8393674500.0,103454686367.8,6332.2269,Development,0.007667205872451843,76.67205872451844,0.36651984859498543,0.8135114753699175,-0.4469916267749321,0,0,0,0,76.67205872451844,0.37268046170500624,0.2797063505481224,0.5325970757892152,0.27699597992613545,
2018-01-04,2018-01-05,6380.2665,6418.256,6375.5134,6417.535,8054369000.0,102929659395.6,6388.2533,Development,0.005407187928592183,54.07187928592183,0.3419029554209866,0.8135114753699175,-0.47160851994893094,0,0,0,0,54.07187928592183,0.3940947799067992,0.28976199337660163,0.3371300766030443,0.3288047203409791,
2018-01-05,2018-01-08,6414.7658,6435.854,6397.2929,6417.2537,8158101800.0,97642297444.1,6417.535,Development,-0.00013913212544713893,-1.3913212544713893,0.32560123975103206,0.8135114753699175,-0.48791023561888547,0,0,0,0,-1.3913212544713893,0.35795231418890694,0.2765188264510126,0.35799056231008336,0.2982141113268865,
2018-01-08,2018-01-09,6413.8733,6446.7879,6393.8819,6446.1818,8947692900.0,106389590369.8,6417.2537,Development,0.004336038256321784,43.36038256321784,0.3622923111982024,0.8135114753699175,-0.45121916417171515,0,0,0,0,43.36038256321784,0.351313915959071,0.27562602587904544,0.4198082780320699,0.4582029459933133,
2018-01-09,2018-01-10,6441.6841,6449.0346,6425.0274,6445.7462,7557321700.0,92837783215.8,6446.1818,Development,0.00027582849025442613,2.7582849025442613,0.3318912016993019,0.8135114753699175,-0.4816202736706156,0,0,0,0,2.7582849025442613,0.362864108303642,0.27694246430097125,0.3846768540927645,0.28965379357114673,
2018-01-10,2018-01-11,6443.4609,6444.3088,6361.0948,6405.9395,8096697400.0,98938304429.0,6445.7462,Development,-0.008001414271017082,-80.01414271017082,0.329489909885058,0.8135114753699175,-0.48402156548485953,0,0,0,0,-80.01414271017082,0.34904346044217827,0.2777455875611535,0.382559273151753,0.30552080452630465,
2018-01-11,2018-01-12,6391.9041,6432.4398,6371.5436,6425.9401,7877007100.0,91569210697.9,6405.9395,Development,0.004212078213125858,42.12078213125858,0.6072295353699708,0.8135114753699175,-0.2062819399999467,0,0,0,0,42.12078213125858,0.6188591401322371,0.49989414170905777,0.5789641393880667,0.8092184836318709,
2018-01-12,2018-01-15,6418.8273,6435.1946,6387.7824,6399.3737,7783455800.0,89777057637.5,6425.9401,Development,-0.004278211379826313,-42.78211379826313,0.38506347677807873,0.8135114753699175,-0.4284479985918388,0,0,0,0,-42.78211379826313,0.3743859925845044,0.3246535581176833,0.4528184710922144,0.4203073711631797,
2018-01-15,2018-01-16,6391.3662,6392.5174,6236.5629,6253.3759,9147403200.0,110512921326.1,6399.3737,Development,-0.022876673847916917,-228.76673847916916,0.4759519191704786,0.8135114753699175,-0.33755955619943895,0,0,0,0,-228.76673847916916,0.46124132424688735,0.38210542023750665,0.5307380177120515,0.5961124210211477,
2018-01-16,2018-01-17,6245.153,6301.4047,6245.1129,6301.1327,7916973400.0,96364861655.1,6253.3759,Development,0.00686354681782797,68.6354681782797,0.9105461231294205,0.8135114753699175,0.09703464775950299,1,0,0,1,68.6354681782797,0.9712166875065951,0.9442798242498087,0.7515843215726866,0.9411596740077532,预测大涨
2018-01-17,2018-01-18,6288.0169,6288.1439,6202.3151,6267.4599,8419550300.0,99694461861.5,6301.1327,Development,-0.00555911355772587,-55.5911355772587,0.48401425061928266,0.8135114753699175,-0.32949722475063487,0,0,0,0,-55.5911355772587,0.4042040855644718,0.5363983272473093,0.6662600914575176,0.3113506861091356,
2018-01-18,2018-01-19,6253.0611,6295.7766,6253.0611,6286.8007,6501529300.0,76896813454.7,6267.4599,Development,0.005043145988130604,50.43145988130604,0.5862408514261079,0.8135114753699175,-0.2272706239438096,0,0,0,0,50.43145988130604,0.5014135525179965,0.5828252064144863,0.7427164152995648,0.5573223400501791,
2018-01-19,2018-01-22,6284.5962,6316.9977,6261.2353,6272.38,7180674200.0,84263163775.9,6286.8007,Development,-0.0031571161246604085,-31.571161246604085,0.5287739611435007,0.8135114753699175,-0.2847375142264168,0,0,0,0,-31.571161246604085,0.3952151877266652,0.49234282138310537,0.7493879799201472,0.5729965734170791,
2018-01-22,2018-01-23,6264.755,6347.8147,6248.3142,6347.6383,7276116900.0,85475484244.8,6272.38,Development,0.012439975705354822,124.39975705354823,0.6021954680168473,0.8135114753699175,-0.2113160073530702,0,0,0,0,124.39975705354823,0.46279389605801724,0.5173771183008584,0.8166546228130305,0.7519745825875896,
2018-01-23,2018-01-24,6342.6884,6362.58,6330.4561,6354.9978,6675388600.0,80539655636.3,6347.6383,Development,0.0016727134191236726,16.727134191236726,0.4556259538718615,0.8135114753699175,-0.357885521498056,0,0,0,0,16.727134191236726,0.4057854198763119,0.44324582808308505,0.6852140236342406,0.2675187128194919,
2018-01-24,2018-01-25,6353.2979,6395.5723,6322.9197,6394.2999,7734772700.0,94754084072.6,6354.9978,Development,0.005273072430619141,52.73072430619141,0.47379761416769267,0.8135114753699175,-0.33971386120222485,0,0,0,0,52.73072430619141,0.41836919513862697,0.4170699318670344,0.6959541413090559,0.3853912238112346,
2018-01-25,2018-01-26,6386.7993,6424.3507,6380.8375,6382.7165,8108293700.0,95990443458.7,6394.2999,Development,-0.001988398163693672,-19.88398163693672,0.458629854399801,0.8135114753699175,-0.35488162097011655,0,0,0,0,-19.88398163693672,0.42778653778910963,0.39698934302577427,0.6947722519161316,0.30734700051711206,
2018-01-26,2018-01-29,6374.0998,6401.4838,6368.9006,6383.6312,6900454900.0,82476800609.4,6382.7165,Development,0.0017158030691644122,17.15803069164412,0.5193346408407339,0.8135114753699175,-0.29417683452918364,0,0,0,0,17.15803069164412,0.4682786316467793,0.41229918991847414,0.75998443506872,0.48424723242836054,
2018-01-29,2018-01-30,6385.0365,6398.9699,6295.8952,6309.8836,8403116100.0,96862079561.9,6383.6312,Development,-0.013106941518658433,-131.06941518658434,0.44898768901857206,0.8135114753699175,-0.36452378635134547,0,0,0,0,-131.06941518658434,0.38301063547578196,0.3641008279444607,0.7144675017566193,0.372706192161881,
2018-01-30,2018-01-31,6301.3482,6330.5373,6300.4556,6313.442,7069968800.0,81577586589.1,6309.8836,Development,-0.0037462459224203437,-37.462459224203435,0.900770778704481,0.8135114753699175,0.08725930333456344,1,0,0,0,-37.462459224203435,0.9206111562601044,0.8935862115994023,0.8752324011798991,0.9062982379289687,预测大涨
2018-01-31,2018-02-01,6277.7418,6277.7418,6170.1606,6189.3413,8073349500.0,88106213760.6,6313.442,Development,-0.015410413980390114,-154.10413980390115,0.48619107588153526,0.8135114753699175,-0.32732039948838226,0,0,0,0,-154.10413980390115,0.41610261088568146,0.48909606572221,0.7026143933698448,0.3324632702301179,
2018-02-01,2018-02-02,6180.9992,6196.7148,5984.2843,5984.7428,9496852400.0,102122046941.5,6189.3413,Development,-0.03937541360626606,-393.7541360626606,0.8649711455464464,0.8135114753699175,0.05145967017652886,1,0,0,0,-393.7541360626606,0.8783032581083084,0.8674757069591453,0.8547169710320538,0.8463569138375567,预测大涨
2018-02-02,2018-02-05,5937.6198,6006.4745,5844.4638,6004.8494,8374756100.0,89557325619.6,5984.7428,Development,-0.0016644885211410942,-16.644885211410944,0.9275185732485673,0.8135114753699175,0.11400709787864982,1,0,0,0,-16.644885211410944,0.9609678435999207,0.9401623996901349,0.8764362560650951,0.9045503636064721,预测大涨
2018-02-05,2018-02-06,5927.7367,6016.157,5907.4691,5998.2236,7404651900.0,79277070536.3,6004.8494,Development,-0.0069826313304367504,-69.8263133043675,0.5161724984603258,0.8135114753699175,-0.29733897690959177,0,0,0,0,-69.8263133043675,0.40211945568708857,0.6242343574586564,0.7376276530924364,0.264926123487224,
2018-02-06,2018-02-07,5886.3455,5920.7398,5702.8503,5704.2641,9234070900.0,95655940854.5,5998.2236,Development,-0.013655416590820257,-136.55416590820258,0.5429092548251215,0.8135114753699175,-0.270602220544796,0,0,0,0,-136.55416590820258,0.4130942372031365,0.5868431562105113,0.7779108329607706,0.41875466991088994,
2018-02-07,2018-02-08,5805.965,5831.8113,5630.0868,5711.3322,8523599700.0,88965422772.9,5704.2641,Development,-0.018997599882190075,-189.97599882190076,0.9026539744869677,0.8135114753699175,0.08914249911705019,1,0,0,0,-189.97599882190076,0.9287609300842656,0.9038160904934981,0.8845011079885792,0.8701031822665651,预测大涨
2018-02-08,2018-02-09,5695.6656,5786.7852,5691.2916,5766.4797,6244479700.0,66338245095.3,5711.3322,Development,-0.011184873634435322,-111.84873634435321,0.6509269267020744,0.8135114753699175,-0.1625845486678431,0,0,0,0,-111.84873634435321,0.46211724676530547,0.6503370496920449,0.851887823630305,0.7768585480589429,
2018-02-09,2018-02-12,5631.9603,5663.1036,5490.6248,5554.8974,8431884200.0,82291670302.2,5766.4797,Development,-0.008922115448860679,-89.22115448860679,0.5253497593698777,0.8135114753699175,-0.2881617160000398,0,0,0,0,-89.22115448860679,0.4081818215513579,0.5814768341428962,0.7498369195800277,0.36743940109249384,
2018-02-12,2018-02-13,5581.7113,5714.8183,5581.7113,5699.0979,5724649400.0,61430758213.2,5554.8974,Development,0.02677238072130317,267.7238072130317,0.7513897327236682,0.8135114753699175,-0.06212174264624937,0,1,0,0,267.7238072130317,0.700362144982005,0.7409711661465778,0.8421563253222552,0.7532517833615531,
2018-02-13,2018-02-14,5731.147,5789.6975,5727.754,5736.9505,5720863400.0,62790499693.1,5699.0979,Development,0.0018734120761514372,18.734120761514372,0.4846729951230173,0.8135114753699175,-0.3288384802469002,0,0,0,0,18.734120761514372,0.3879467926581268,0.5424830264634197,0.7200174542772624,0.2654499891781182,
2018-02-14,2018-02-22,5741.8838,5761.7685,5712.879,5754.8344,4139822200.0,42489982297.3,5736.9505,Development,0.010286780794832584,102.86780794832583,0.4878811558093782,0.8135114753699175,-0.32563031956053934,0,0,0,0,102.86780794832583,0.4018281058963513,0.5090640689727227,0.7310312152096068,0.29934245716339275,
2018-02-22,2018-02-23,5800.9493,5875.7592,5797.9076,5875.7272,5963610700.0,61991950412.5,5754.8344,Development,0.013233454738175388,132.33454738175388,0.4715315942387825,0.8135114753699175,-0.34197988113113503,0,0,0,0,132.33454738175388,0.39296368818891597,0.4657544857173257,0.7125185180705406,0.31724131423863067,
2018-02-23,2018-02-26,5877.7159,5902.9357,5848.5227,5897.6765,6214785000.0,64825103161.3,5875.7272,Development,0.008286365116762395,82.86365116762396,0.45757644676567644,0.8135114753699175,-0.3559350286042411,0,0,0,0,82.86365116762396,0.39739370827158293,0.4320644947889469,0.7113682873429331,0.2811469012311738,
2018-02-26,2018-02-27,5926.4208,6032.1358,5917.6165,6029.6795,8307398700.0,92064854906.1,5897.6765,Development,0.016782878461819806,167.82878461819806,0.47154384152881,0.8135114753699175,-0.3419676338411075,0,1,0,0,167.82878461819806,0.4013432835869884,0.40345440617839107,0.7340871999248556,0.37887942122385115,
2018-02-27,2018-02-28,6025.8832,6042.3888,6000.881,6010.5573,7702215800.0,90285128511.5,6029.6795,Development,-0.009622738787900764,-96.22738787900764,0.44606493712995077,0.8135114753699175,-0.36744653823996676,0,0,0,0,-96.22738787900764,0.40905731490010333,0.3820552437528107,0.7095154752604965,0.274478607848871,
2018-02-28,2018-03-01,5967.8977,6044.0694,5939.6425,6023.677,7098691700.0,82266508208.2,6010.5573,Development,0.0032610143434594896,32.610143434594896,0.48932946449116493,0.8135114753699175,-0.3241820108787526,0,0,0,0,32.610143434594896,0.43408451656963726,0.37721045706772616,0.7498595394884792,0.4447043886941216,
2018-03-01,2018-03-02,5987.3591,6090.9953,5974.1183,6090.2247,7310177300.0,86470400021.7,6023.677,Development,0.01104283188893751,110.4283188893751,0.47821033798556833,0.8135114753699175,-0.3353011373843492,0,0,0,0,110.4283188893751,0.42127952581546024,0.35414277868320493,0.7479869068773003,0.4453637604000528,
2018-03-02,2018-03-05,6053.4765,6094.7976,6044.2591,6056.3354,7343482900.0,86135000102.6,6090.2247,Development,0.0021816389309514683,21.816389309514683,0.4240884209874269,0.8135114753699175,-0.38942305438249064,0,0,0,0,21.816389309514683,0.4039084309664929,0.32893322266479136,0.6893579627307352,0.26874687694947486,
2018-03-05,2018-03-06,6066.683,6080.9695,6031.9803,6064.0983,6732469300.0,82113731231.5,6056.3354,Development,0.0017613578952451192,17.613578952451192,0.5454816350298883,0.8135114753699175,-0.2680298403400292,0,0,0,0,17.613578952451192,0.49197093836848466,0.3780759858646487,0.7757229782501616,0.6355699045466647,
2018-03-06,2018-03-07,6077.3686,6145.8509,6070.7211,6145.5768,8349576700.0,99900152654.5,6064.0983,Development,0.009309637727091369,93.09637727091369,0.49920804638601346,0.8135114753699175,-0.31430342898390407,0,0,0,0,93.09637727091369,0.40485452763679197,0.3189087548924179,0.7713783787281783,0.6409988268714245,
2018-03-07,2018-03-08,6133.9467,6149.097,6082.5838,6086.4874,7459412900.0,84935051856.6,6145.5768,Development,-0.00982654446606146,-98.2654446606146,0.4164052113657421,0.8135114753699175,-0.3971062640041754,0,0,0,0,-98.2654446606146,0.4015016235872344,0.30626050432214935,0.6845603778171564,0.2721152188506635,
2018-03-08,2018-03-09,6073.6712,6131.7046,6073.6712,6131.5142,6788991100.0,76733020342.1,6086.4874,Development,0.009459451805688746,94.59451805688745,0.6752185959765645,0.8135114753699175,-0.138292879393353,0,0,0,0,94.59451805688745,0.6817346243838079,0.5253104126993371,0.8053099652540098,0.7448357235898323,
2018-03-09,2018-03-12,6131.1248,6211.2784,6131.0147,6206.9754,8592834100.0,98413231491.5,6131.5142,Development,0.01625931672439629,162.59316724396288,0.42209453672427527,0.8135114753699175,-0.39141693864564225,0,1,0,0,162.59316724396288,0.3924136767497454,0.3271552854979205,0.6756566751746444,0.3026621134470145,
2018-03-12,2018-03-13,6230.8127,6295.7805,6230.3909,6295.7776,9766227600.0,117237502376.7,6206.9754,Development,0.008825381639220087,88.25381639220086,0.43602133850607133,0.8135114753699175,-0.3774901368638462,0,0,0,0,88.25381639220086,0.4175667107778773,0.32833238714800056,0.6878976405003752,0.31736317206293957,
2018-03-13,2018-03-14,6285.802,6297.4323,6251.3986,6254.1457,8480475800.0,97523497129.6,6295.7776,Development,-0.008202644626731814,-82.02644626731814,0.4119938490647986,0.8135114753699175,-0.40151762630511895,0,0,0,0,-82.02644626731814,0.3983280635105934,0.3065477000146909,0.6716663518597895,0.2685147128620602,
2018-03-14,2018-03-15,6234.2418,6253.172,6185.1784,6189.317,7546663300.0,87185225281.0,6254.1457,Development,-0.009847035448641073,-98.47035448641073,0.5162942749954995,0.8135114753699175,-0.297217200374418,0,0,0,0,-98.47035448641073,0.51015544841458,0.3823958697075882,0.7232286178216949,0.4791267693477791,
2018-03-15,2018-03-16,6172.853,6203.2422,6117.5974,6180.1108,7217392100.0,82975054447.7,6189.317,Development,0.0013815329799689025,13.815329799689025,0.7029365997736146,0.8135114753699175,-0.11057487559630297,0,0,0,0,13.815329799689025,0.7056708139779514,0.5843375367193536,0.7943286981972025,0.7790106196019223,
2018-03-16,2018-03-19,6181.381,6205.8679,6146.3058,6146.3058,6507353400.0,75643387215.7,6180.1108,Development,-0.006286782840274618,-62.867828402746184,0.4849548081838865,0.8135114753699175,-0.32855666718603105,0,0,0,0,-62.867828402746184,0.39983097804390894,0.3562755953214558,0.7246918106704261,0.5613931913216005,
2018-03-19,2018-03-20,6142.52,6186.6139,6118.2953,6153.8339,6723321400.0,78681889715.7,6146.3058,Development,-0.00535854991111151,-53.5854991111151,0.5309664359920817,0.8135114753699175,-0.2825450393778358,0,0,0,0,-53.5854991111151,0.490051721808197,0.4160114397041586,0.7266627695973544,0.5499989884294517,
2018-03-20,2018-03-21,6109.605,6176.4962,6091.5038,6173.6984,6747566200.0,78423733545.7,6153.8339,Development,0.011867215638327044,118.67215638327045,0.4938029394974859,0.8135114753699175,-0.31970853587243164,0,0,0,0,118.67215638327045,0.39427663681818265,0.34177648841070585,0.7296374064300984,0.6470702300605277,
2018-03-21,2018-03-22,6182.109,6224.5559,6125.1353,6129.2042,7948716100.0,92526116107.9,6173.6984,Development,-0.008421203831896262,-84.21203831896263,0.40888824318392875,0.8135114753699175,-0.4046232321859888,0,0,0,0,-84.21203831896263,0.38417508342406276,0.3161718170374965,0.639887792895186,0.3060330725769213,
2018-03-22,2018-03-23,6130.0482,6161.3749,6074.6568,6101.2276,6740744100.0,78135866726.3,6129.2042,Development,-0.035347177204903546,-353.47177204903545,0.8184116096329725,0.8135114753699175,0.004900134263055023,1,0,0,0,-353.47177204903545,0.8512270347828922,0.783516817867028,0.7950631938722026,0.8418487884508542,预测大涨
2018-03-23,2018-03-26,5913.3683,5978.4232,5722.773,5787.1523,12136706100.0,121045067670.7,6101.2276,Development,-0.03348616050179054,-334.8616050179054,0.5623897334405948,0.8135114753699175,-0.2511217419293227,0,0,0,0,-334.8616050179054,0.49308230928415614,0.5026864107736468,0.7142494396537827,0.6053417283970525,
2018-03-26,2018-03-27,5715.3523,5902.9588,5675.3664,5902.9588,8477291300.0,91809710463.2,5787.1523,Development,0.04214676320128152,421.4676320128152,0.9061330951247888,0.8135114753699175,0.09262161975487126,1,1,1,1,421.4676320128152,0.9523111327164351,0.9323389583922765,0.8128713947584595,0.8903793425281394,预测大涨
2018-03-27,2018-03-28,5956.2359,6043.0533,5956.2359,6034.775,8919927100.0,106538869536.0,5902.9588,Development,0.0010624663136662438,10.624663136662438,0.44834934959428296,0.8135114753699175,-0.36516212577563456,0,0,0,0,10.624663136662438,0.36940747300265914,0.5437741103665588,0.595064672696394,0.24737393673459837,
2018-03-28,2018-03-29,5962.5642,6036.1584,5949.1042,5973.3414,7529909400.0,90975268229.1,6034.775,Development,0.005267532381454387,52.67532381454387,0.48606225582880813,0.8135114753699175,-0.3274492195411094,0,0,0,0,52.67532381454387,0.41420141666643306,0.537348211421708,0.6257135192422506,0.3569956295677968,
2018-03-29,2018-03-30,5993.9722,6040.8623,5967.6342,6034.8572,6881373500.0,82742504255.8,5973.3414,Development,0.009710338663232232,97.10338663232233,0.6947599474278021,0.8135114753699175,-0.11875152794211541,0,0,0,0,97.10338663232233,0.6227842810857797,0.6951435507441143,0.746951582258526,0.7752734347088077,
2018-03-30,2018-04-02,6052.1757,6115.2732,6051.0212,6114.7382,7304648900.0,94445331821.3,6034.8572,Development,0.01240177148194821,124.0177148194821,0.45814976333932755,0.8135114753699175,-0.35536171203058997,0,0,0,0,124.0177148194821,0.36851282597392465,0.4876565429753362,0.6207514760655295,0.3734140358792661,
2018-04-02,2018-04-03,6127.2334,6169.2991,6113.3388,6121.9642,8543383300.0,109910556973.9,6114.7382,Development,-0.01438918582732629,-143.8918582732629,0.4273099932108279,0.8135114753699175,-0.3862014821590896,0,0,0,0,-143.8918582732629,0.3613261755292629,0.43960521655519086,0.5949610974531132,0.31548869659837603,
2018-04-03,2018-04-04,6039.0675,6066.4443,6008.5085,6059.7089,7174988300.0,87808371289.4,6121.9642,Development,0.00638825447802982,63.882544780298204,0.5304632923125036,0.8135114753699175,-0.28304818305741397,0,0,0,0,63.882544780298204,0.4076921842630169,0.4487819417854083,0.7140639300041757,0.6818433835140298,
2018-04-04,2018-04-09,6077.6466,6098.8378,6011.1516,6017.6863,6726019800.0,83134527957.9,6059.7089,Development,-0.013705880825647276,-137.05880825647276,0.4453057753598273,0.8135114753699175,-0.36820570001009023,0,0,0,0,-137.05880825647276,0.37843260950521657,0.39263689031455556,0.6214976084520796,0.43731803112825385,
2018-04-09,2018-04-10,5994.3471,6053.9687,5954.5372,6025.6493,6485182000.0,79255887033.3,6017.6863,Development,0.006362944848488983,63.62944848488983,0.5892098033878562,0.8135114753699175,-0.2243016719820613,0,0,0,0,63.62944848488983,0.5506171698255332,0.541545663182485,0.6879461240455659,0.6188689541628415,
2018-04-10,2018-04-11,6032.4888,6064.3858,5992.997,6063.7423,6942099000.0,81611900906.0,6025.6493,Development,0.008212663403535991,82.12663403535991,0.46972024944270363,0.8135114753699175,-0.3437912259272139,0,0,0,0,82.12663403535991,0.3701239528934424,0.37078292704517596,0.677514096168235,0.5687861545579512,
2018-04-11,2018-04-12,6082.0316,6110.1768,6073.22,6086.6126,6624885900.0,81079826331.4,6063.7423,Development,-0.0013590360168467264,-13.590360168467264,0.3983306254052612,0.8135114753699175,-0.4151808499646563,0,0,0,0,-13.590360168467264,0.36341841411370657,0.33522389471888236,0.5958856060523902,0.3113177547111755,
2018-04-12,2018-04-13,6073.7659,6091.9834,6039.564,6051.3346,6052424000.0,72705100809.7,6086.6126,Development,1.1426189474805781e-05,0.11426189474805781,0.4214665768638324,0.8135114753699175,-0.39204489850608515,0,0,0,0,0.11426189474805781,0.3737409753527362,0.3198364916907561,0.6299397924588305,0.4140854576846724,
2018-04-13,2018-04-16,6073.8353,6093.3469,6018.0068,6027.1867,5415763600.0,66885602109.6,6051.3346,Development,-0.00916496698552216,-91.6496698552216,0.4443045303744169,0.8135114753699175,-0.3692069449955006,0,0,0,0,-91.6496698552216,0.39611860898331264,0.321489546145846,0.6519670100971184,0.47608992611179773,
2018-04-16,2018-04-17,6018.1688,6053.9874,5966.1961,6012.4053,7098586100.0,87151671406.4,6027.1867,Development,0.0010610370383761225,10.610370383761225,0.39527304820408576,0.8135114753699175,-0.41823842716583176,0,0,0,0,10.610370383761225,0.3826965735932325,0.2975671630138994,0.5948151085103963,0.31861302291379767,
2018-04-17,2018-04-18,6024.5543,6038.2486,5886.023,5890.8571,7192025800.0,88004229070.6,6012.4053,Development,-0.016385328288932466,-163.85328288932465,0.5219921586073328,0.8135114753699175,-0.2915193167625847,0,0,0,0,-163.85328288932465,0.430623640618348,0.33386172125060826,0.7221842193963074,0.770114441123353,
2018-04-18,2018-04-19,5925.84,5981.3374,5826.6505,5970.6577,7620171200.0,98199217831.7,5890.8571,Development,0.00664832327568754,66.4832327568754,0.7941753726593217,0.8135114753699175,-0.019336102710595826,0,0,0,0,66.4832327568754,0.8480115266565753,0.8023152324251946,0.7264535157136252,0.7586463441252124,
2018-04-19,2018-04-20,5965.2369,6041.9856,5962.7142,6004.7334,7599855600.0,99648952358.9,5970.6577,Development,0.00315605236063643,31.5605236063643,0.4209930727650759,0.8135114753699175,-0.3925184026048416,0,0,0,0,31.5605236063643,0.3757999913980424,0.40351699738459396,0.5871950522968674,0.3190837807296524,
2018-04-20,2018-04-23,5984.0635,5999.0105,5872.5044,5880.8359,7239138900.0,90559645161.4,6004.7334,Development,-0.01645221512104611,-164.5221512104611,0.6014161519353455,0.8135114753699175,-0.21209532343457205,0,0,0,0,-164.5221512104611,0.5077270062005733,0.5154015152307871,0.7216567707086822,0.7857003500413755,
2018-04-23,2018-04-24,5885.6124,5913.5679,5761.9719,5823.9205,6395239900.0,81374959446.4,5880.8359,Development,-0.010221536165038625,-102.21536165038626,0.8053417581595516,0.8135114753699175,-0.008169717210365968,0,0,0,0,-102.21536165038626,0.8296016141517735,0.8463879135348911,0.7306714444367669,0.7846304736380644,
2018-04-24,2018-04-25,5825.4524,5957.8295,5825.4524,5957.1927,6795411800.0,85162005262.5,5823.9205,Development,0.017844554012663494,178.44554012663494,0.5719861999883904,0.8135114753699175,-0.24152527538152713,0,1,0,0,178.44554012663494,0.4790913307330446,0.6129047196434918,0.6616329505350675,0.5745161057578911,
2018-04-25,2018-04-26,5929.405,5968.8794,5919.5228,5959.422,6038279000.0,78868220459.7,5957.1927,Development,0.003674382168193935,36.74382168193935,0.39111782164330233,0.8135114753699175,-0.4223936537266152,0,0,0,0,36.74382168193935,0.3174898912111441,0.4309023194724981,0.5535283452876782,0.25463983259952927,
2018-04-26,2018-04-27,5951.1919,5955.2617,5846.0802,5847.9766,6263839400.0,77107589606.2,5959.422,Development,-0.014408878329062125,-144.08878329062125,0.4272633396968382,0.8135114753699175,-0.3862481356730793,0,0,0,0,-144.08878329062125,0.28041348005411443,0.38642864450210407,0.6177583397229406,0.54884938299252,
2018-04-27,2018-05-02,5865.4419,5886.0043,5808.7832,5860.9836,5599782200.0,72295757676.1,5847.9766,Development,-0.0006138667915199791,-6.138667915199791,0.5916015625261732,0.8135114753699175,-0.22190991284374428,0,0,0,0,-6.138667915199791,0.5492536847369245,0.6360878828652112,0.6468890662732926,0.5277194245827215,
2018-05-02,2018-05-03,5861.8413,5894.4595,5817.3868,5855.3233,6314702700.0,78765922510.6,5860.9836,Development,-0.003198824232924946,-31.98824232924946,0.3962040696166298,0.8135114753699175,-0.41730740575328773,0,0,0,0,-31.98824232924946,0.2857804627758582,0.37425445063902835,0.5859908574243582,0.4083092341284452,
2018-05-03,2018-05-04,5843.0903,5911.0865,5779.7298,5910.6058,6760449000.0,83816639268.5,5855.3233,Development,0.008219931155265536,82.19931155265536,0.4389975212970154,0.8135114753699175,-0.3745139540729021,0,0,0,0,82.19931155265536,0.30267575836786426,0.3458169647406633,0.6468436125479302,0.6059588660250698,
2018-05-04,2018-05-07,5891.1201,5939.952,5883.7048,5909.2944,5546404700.0,73639276000.2,5910.6058,Development,0.005125120433378871,51.25120433378871,0.34787592729546396,0.8135114753699175,-0.46563554807445356,0,0,0,0,51.25120433378871,0.3011764224093207,0.30552552914307674,0.5478007570023758,0.246328931098192,
2018-05-07,2018-05-08,5921.3128,6023.1928,5918.3792,6019.1409,6403335800.0,83485023684.2,5909.2944,Development,0.01727152465243864,172.7152465243864,0.38548907563858303,0.8135114753699175,-0.4280223997313345,0,1,0,0,172.7152465243864,0.3090008908068682,0.283711151766607,0.5955811840702081,0.4372611860884506,
2018-05-08,2018-05-09,6023.5829,6042.0682,6012.1266,6041.8143,6219466600.0,80480596675.3,6019.1409,Development,0.0018051382674586502,18.051382674586502,0.3564972458050984,0.8135114753699175,-0.45701422956481913,0,0,0,0,18.051382674586502,0.32097365379281423,0.27357522718846616,0.5634461119224342,0.29254372049897176,
2018-05-09,2018-05-10,6034.4563,6042.906,6002.3882,6029.2329,5412415300.0,67413871006.6,6041.8143,Development,0.0002568748405717969,2.568748405717969,0.3554050399440396,0.8135114753699175,-0.4581064354258779,0,0,0,0,2.568748405717969,0.31893554197620233,0.25734838387022874,0.5507931534843209,0.3358432151369757,
2018-05-10,2018-05-11,6036.0064,6052.7094,5999.951,6040.5716,5831066500.0,72313749966.0,6029.2329,Development,0.0014871422270195112,14.871422270195112,0.3689827553658271,0.8135114753699175,-0.44452872000409044,0,0,0,0,14.871422270195112,0.3245416707367548,0.25089505699607967,0.5698540503922385,0.39387550168834784,
2018-05-11,2018-05-14,6044.9828,6052.5421,5989.4278,5991.3424,6384725300.0,76807400760.5,6040.5716,Development,-0.010341121235282857,-103.41121235282857,0.4042612205703132,0.8135114753699175,-0.4092502547996043,0,0,0,0,-103.41121235282857,0.33616851783494495,0.24896499393027158,0.6136949573829271,0.5327552223856993,
2018-05-14,2018-05-15,5982.4709,6008.8875,5951.6746,5967.5541,5979819200.0,75641885813.0,5991.3424,Development,-0.0017232177426889095,-17.232177426889095,0.5053596712995992,0.8135114753699175,-0.3081518040703183,0,0,0,0,-17.232177426889095,0.48255716160520096,0.36502199633502924,0.6589459935934118,0.5882247424342005,
2018-05-15,2018-05-16,5972.1618,6021.016,5947.457,6020.5697,5472154600.0,69542971179.0,5967.5541,Development,0.005122382987011509,51.22382987011509,0.42453893465845427,0.8135114753699175,-0.38897254071146325,0,0,0,0,51.22382987011509,0.3723993032679406,0.2844727124753793,0.6198201083944586,0.5119399262966713,
2018-05-16,2018-05-17,6002.7535,6045.0343,5991.3751,6004.0696,5833864000.0,74115190083.8,6020.5697,Development,-0.0003352461499542825,-3.352461499542825,0.3518907496529388,0.8135114753699175,-0.4616207257169787,0,0,0,0,-3.352461499542825,0.34209853692140196,0.2580621759745778,0.5410028724570155,0.2768700367889807,
2018-05-17,2018-05-18,6000.7411,6010.2957,5959.7307,5973.7785,5299727300.0,65967379650.2,6004.0696,Development,-0.00536288759400072,-53.628875940007205,0.4147857050867435,0.8135114753699175,-0.398725770283174,0,0,0,0,-53.628875940007205,0.3707249411439517,0.27013855885450494,0.6123828010863753,0.4898513273720996,
2018-05-18,2018-05-21,5968.5598,6000.9482,5932.1295,5995.1497,5786827400.0,70899023730.8,5973.7785,Development,0.011035543281312066,110.35543281312066,0.36116008838725266,0.8135114753699175,-0.45235138698266486,0,0,0,0,110.35543281312066,0.3519757035895196,0.25946185752448375,0.5485718122630685,0.3009576897630342,
2018-05-21,2018-05-22,6034.4261,6080.8222,6034.0581,6072.1991,7072245100.0,86933285889.6,5995.1497,Development,0.005273807230815386,52.73807230815386,0.3881028211776222,0.8135114753699175,-0.42540865419229534,0,0,0,0,52.73807230815386,0.3703907411268698,0.2602347707972462,0.5753603950746643,0.39203091534269574,
2018-05-22,2018-05-23,6066.2505,6092.9069,6052.0902,6092.9069,6226685200.0,74429137264.9,6072.1991,Development,0.0023862186370313676,23.862186370313676,0.43445359405951345,0.8135114753699175,-0.3790578813104041,0,0,0,0,23.862186370313676,0.39239882092116185,0.27051675966122,0.6194389430882399,0.5563545922610253,
2018-05-23,2018-05-24,6080.7259,6081.533,6012.4165,6013.8472,6784586800.0,82629862738.1,6092.9069,Development,-0.010969890946737282,-109.69890946737281,0.3764443545873384,0.8135114753699175,-0.43706712078257914,0,0,0,0,-109.69890946737281,0.37954708264182463,0.2638339830309353,0.5394877421198382,0.34273454983807317,
2018-05-24,2018-05-25,6014.021,6028.5017,5986.7233,5992.6209,5371180800.0,67066127742.8,6013.8472,Development,-0.005001778344305707,-50.01778344305707,0.6798422010386735,0.8135114753699175,-0.13366927433124398,0,0,0,0,-50.01778344305707,0.7283908732247123,0.5597889794348497,0.7040272092250905,0.7535150241937097,
2018-05-25,2018-05-28,5983.9402,5992.4798,5909.0449,5917.7978,5779380900.0,69492013354.5,5992.6209,Development,-0.012275941527624123,-122.75941527624124,0.3996658854846681,0.8135114753699175,-0.41384558988524944,0,0,0,0,-122.75941527624124,0.4304975618847046,0.3087499000655353,0.5530504945069522,0.28234771021243193,
2018-05-28,2018-05-29,5910.4817,5938.0723,5858.2716,5891.2627,5781012200.0,68653122203.0,5917.7978,Development,-0.004380675097936715,-43.80675097936715,0.4854089492836848,0.8135114753699175,-0.32810252608623275,0,0,0,0,-43.80675097936715,0.5367104388729685,0.3887679450250793,0.5907603416746685,0.4006568768214136,
2018-05-29,2018-05-30,5884.5898,5921.7203,5832.5523,5835.4456,5617992900.0,67901925167.8,5891.2627,Development,-0.021265849320542318,-212.65849320542318,0.4363974634274501,0.8135114753699175,-0.3771140119424674,0,0,0,0,-212.65849320542318,0.4538004900098912,0.33013294769086005,0.5733803447226209,0.3970274726979355,
2018-05-30,2018-05-31,5759.449,5778.0424,5675.9116,5682.5881,6852788500.0,76127637098.0,5835.4456,Development,-0.006337672232187397,-63.37672232187397,0.4499002334672356,0.8135114753699175,-0.3636112419026819,0,0,0,0,-63.37672232187397,0.5004027473629009,0.3668283733829643,0.5654613147570051,0.329061659812988,
2018-05-31,2018-06-01,5722.9475,5760.2038,5672.183,5754.4746,5600885400.0,65192215183.8,5682.5881,Development,0.0012179388330926244,12.179388330926244,0.7519308452056114,0.8135114753699175,-0.06158063016430615,0,0,0,0,12.179388330926244,0.8209670660937411,0.7494307264283702,0.6713530391286839,0.7203985670342826,
2018-06-01,2018-06-04,5729.9177,5759.4979,5654.8402,5685.1155,5383357100.0,61533903644.1,5754.4746,Development,-0.0064482252511235405,-64.4822525112354,0.4058137307391069,0.8135114753699175,-0.4076977446308106,0,0,0,0,-64.4822525112354,0.39332282047426603,0.3779958246252368,0.5311829999067491,0.3086555056456583,
2018-06-04,2018-06-05,5692.9699,5707.4932,5652.1361,5683.1486,4675028200.0,54050300212.8,5685.1155,Development,-0.0020646868341953617,-20.646868341953617,0.39239238087246947,0.8135114753699175,-0.42111909449744805,0,0,0,0,-20.646868341953617,0.4033786483274869,0.36286274919970507,0.5078213939765568,0.26200852493977494,
2018-06-05,2018-06-06,5681.2157,5779.862,5680.4942,5779.0778,4741047000.0,56450385317.5,5683.1486,Development,0.015753441644541066,157.53441644541067,0.389009379105558,0.8135114753699175,-0.42450209626435953,0,0,0,0,157.53441644541067,0.3957512222992198,0.33673058667931066,0.4975283719208011,0.31695723394400016,
2018-06-06,2018-06-07,5770.7144,5784.6061,5748.701,5774.2575,4818250800.0,56304602755.6,5779.0778,Development,0.0027285529847049794,27.285529847049794,0.3835995708998443,0.8135114753699175,-0.4299119044700732,0,0,0,0,27.285529847049794,0.40360282928943186,0.32164635135750563,0.5260004036753508,0.2537096359547418,
2018-06-07,2018-06-08,5786.4601,5798.3297,5734.6345,5738.0176,4737619100.0,54089371805.6,5774.2575,Development,-0.009439484426756906,-94.39484426756906,0.31201918701160614,0.8135114753699175,-0.5014922883583114,0,0,0,0,-94.39484426756906,0.1397963465772433,0.3099759539733665,0.5271169173885192,0.38580900148329106,
2018-06-08,2018-06-11,5731.8389,5731.8389,5630.6578,5669.3031,5292555500.0,58767162889.8,5738.0176,Development,-0.012943507536473109,-129.4350753647311,0.2971954293356093,0.8135114753699175,-0.5163160460343083,0,0,0,0,-129.4350753647311,0.15939745704989342,0.3039788052851195,0.5229635038571611,0.267714110063979,
2018-06-11,2018-06-12,5657.6488,5672.6279,5612.8656,5632.3566,4310969100.0,48746492298.7,5669.3031,Development,-0.003411470149932261,-34.11470149932261,0.3116658193301069,0.8135114753699175,-0.5018456560398106,0,0,0,0,-34.11470149932261,0.18046344662972924,0.3066794784350277,0.5259976322082833,0.3044907151773055,
2018-06-12,2018-06-13,5638.3479,5693.6129,5594.9231,5693.3461,4664535800.0,54189505136.9,5632.3566,Development,0.0071760914220990735,71.76091422099074,0.308952755092232,0.8135114753699175,-0.5045587202776856,0,0,0,0,71.76091422099074,0.18836435195081058,0.29347693155292015,0.5120409715373074,0.3130395053495694,
2018-06-13,2018-06-14,5678.8092,5679.6739,5605.5454,5607.0173,4923421400.0,53944405089.9,5693.3461,Development,-0.015538644968033033,-155.38644968033032,0.29292594291543195,0.8135114753699175,-0.5205855324544856,0,0,0,0,-155.38644968033032,0.20127207325065924,0.28974128458769527,0.45587827093914185,0.26920411699401187,
2018-06-14,2018-06-15,5590.5682,5645.194,5570.8344,5586.9314,4441970900.0,49865462907.5,5607.0173,Development,-0.0013824355098644991,-13.824355098644991,0.31384773338271094,0.8135114753699175,-0.4996637419872066,0,0,0,0,-13.824355098644991,0.22558527238863016,0.3066607340473174,0.4637067867355489,0.3079265134719189,
2018-06-15,2018-06-19,5582.8396,5593.6872,5448.0748,5483.9446,5644857400.0,59537596123.6,5586.9314,Development,-0.033344124735376734,-333.4412473537673,0.30612156969809196,0.8135114753699175,-0.5073899056718256,0,0,0,0,-333.4412473537673,0.22538828505823416,0.29215026102387087,0.4454858795865366,0.31050366364106524,
2018-06-19,2018-06-20,5396.6847,5409.4108,5070.2182,5141.7095,8298635300.0,76922845435.4,5483.9446,Development,-0.05236981882599134,-523.6981882599134,0.33733645504926646,0.8135114753699175,-0.47617502032065107,0,0,0,0,-523.6981882599134,0.260700640214983,0.3309490694144468,0.4578573539916213,0.3456492503873154,
2018-06-20,2018-06-21,5114.0613,5222.8827,5090.2209,5198.3935,6032941700.0,57106400036.8,5141.7095,Development,0.01604755891369547,160.4755891369547,0.838793314463011,0.8135114753699175,0.02528183909309345,1,0,0,1,160.4755891369547,0.8231072756471238,0.9153956839478371,0.7091922273415415,0.9162734951403454,预测大涨
2018-06-21,2018-06-22,5196.1295,5244.6532,5086.931,5089.2522,6324047800.0,60429343500.6,5198.3935,Development,-0.027653948963358266,-276.53948963358266,0.3736599778797433,0.8135114753699175,-0.4398514974901742,0,0,0,0,-276.53948963358266,0.2427416312889141,0.4798769727725437,0.45262104869094827,0.357410250957448,
2018-06-22,2018-06-25,5052.436,5165.0353,5017.509,5160.1228,5168920600.0,49898726273.8,5089.2522,Development,0.028543122565035883,285.43122565035884,0.4757492727717545,0.8135114753699175,-0.33776220259816303,0,1,0,0,285.43122565035884,0.3686393150332273,0.6219127930542746,0.48146795664755376,0.4397085821424902,
2018-06-25,2018-06-26,5196.6483,5211.7609,5121.2091,5125.0333,4786081100.0,46663143996.8,5160.1228,Development,-0.026414121579095506,-264.1412157909551,0.3492329778874962,0.8135114753699175,-0.46427849748242134,0,0,0,0,-264.1412157909551,0.24775485415334594,0.4536626527382162,0.4098724670629895,0.29874276221750196,
2018-06-26,2018-06-27,5059.3834,5170.1673,5044.2434,5160.2829,5106658700.0,49773352500.2,5125.0333,Development,0.01981239453013206,198.1239453013206,0.3467805040207511,0.8135114753699175,-0.4667309713491664,0,1,0,0,198.1239453013206,0.2609351009972267,0.4327159116223348,0.4071245365681319,0.29584197739032037,
2018-06-27,2018-06-28,5159.6219,5188.2017,5089.711,5109.4975,4985784100.0,48613424210.3,5160.2829,Development,-0.012038343352252179,-120.38343352252178,0.34271094627181975,0.8135114753699175,-0.4708005290980978,0,0,0,0,-120.38343352252178,0.26537170682157424,0.4029788523013901,0.39882566513767004,0.3244302561112991,
2018-06-28,2018-06-29,5097.5086,5150.655,5050.324,5055.1093,4776751800.0,46664972984.3,5109.4975,Development,-0.007144686327748451,-71.44686327748451,0.34487945202339443,0.8135114753699175,-0.4686320233465231,0,0,0,0,-71.44686327748451,0.2791625671703763,0.3906875849523954,0.40415167916128886,0.3228642873957011,
2018-06-29,2018-07-02,5061.0885,5218.9061,5054.0532,5217.7643,5723493700.0,57894812192.6,5055.1093,Development,0.030776916862844672,307.7691686284467,0.3355079468315968,0.8135114753699175,-0.47800352853832073,0,1,0,0,307.7691686284467,0.28613609753783037,0.37362982039036335,0.38500709176950854,0.30564852356338035,
2018-07-02,2018-07-03,5216.8532,5238.6382,5100.8747,5138.7826,5524892900.0,58629477980.9,5217.7643,Development,-0.015010102258579794,-150.10102258579795,0.32698695550592505,0.8135114753699175,-0.4865245198639925,0,0,0,0,-150.10102258579795,0.28662842440350395,0.3498583238668609,0.38272625521602716,0.2960824023655417,
2018-07-03,2018-07-04,5138.5477,5203.3646,5054.6573,5197.1313,6142423300.0,64268450147.8,5138.7826,Development,0.006352378513485357,63.52378513485357,0.2863983953022996,0.8135114753699175,-0.5271130800676179,0,0,0,0,63.52378513485357,0.32992997290970644,0.38545822251480294,0.008089355626740605,0.40321402481857266,
2018-07-04,2018-07-05,5171.1897,5180.2744,5102.782,5121.3436,5385995100.0,53143823674.5,5197.1313,Development,-0.011998631572150642,-119.98631572150641,0.25695144446715273,0.8135114753699175,-0.5565600309027647,0,0,0,0,-119.98631572150641,0.3007085402802287,0.33198934108350736,0.01886897981886465,0.36001468567714184,
2018-07-05,2018-07-06,5109.1425,5126.4735,4981.7793,4982.7627,5292741400.0,52638805702.9,5121.3436,Development,-0.02488861878485471,-248.8861878485471,0.28466614120617584,0.8135114753699175,-0.5288453341637417,0,0,0,0,-248.8861878485471,0.32948340280793,0.35276202566192394,0.03244334219678363,0.4170680111428031,
2018-07-06,2018-07-09,4981.983,5061.0439,4897.2582,4996.6299,6134025500.0,62083400326.3,4982.7627,Development,0.005064248513092062,50.64248513092062,0.298795376500566,0.8135114753699175,-0.5147160988693515,0,0,0,0,50.64248513092062,0.3600436611574056,0.3813011454900671,0.046253259898733544,0.37150308620067446,
2018-07-09,2018-07-10,5007.213,5107.8749,5007.213,5107.5507,5293715900.0,55786376988.2,4996.6299,Development,0.021350899192824624,213.50899192824625,0.3063781809881101,0.8135114753699175,-0.5071332943818074,0,1,0,0,213.50899192824625,0.3263870985769939,0.33060503061082025,0.06482499201815613,0.5535978791056761,
2018-07-10,2018-07-11,5114.1215,5141.713,5094.2862,5136.5326,5222766900.0,54565886988.8,5107.5507,Development,-0.010568638230437188,-105.68638230437189,0.2577847696869816,0.8135114753699175,-0.5557267056829359,0,0,0,0,-105.68638230437189,0.31459130401806346,0.30425261381251656,0.0695018431371359,0.3146411810197841,
2018-07-11,2018-07-12,5060.0722,5070.4863,4973.9884,5036.1565,5891526200.0,58812377652.2,5136.5326,Development,-0.006082482380389664,-60.82482380389664,0.2983561131802962,0.8135114753699175,-0.5151553621896213,0,0,0,0,-60.82482380389664,0.320658584367132,0.30157578166371163,0.08609699223819521,0.537185233357682,
2018-07-12,2018-07-13,5029.2944,5184.0235,5029.2944,5172.5032,6808956600.0,71215041000.9,5036.1565,Development,0.028873772034502476,288.73772034502474,0.3195910339245611,0.8135114753699175,-0.4939204414453564,0,1,0,0,288.73772034502474,0.35522903873887235,0.3364172503122757,0.10166683132868388,0.5140601735849801,
2018-07-13,2018-07-16,5174.5091,5207.3602,5167.1585,5204.1855,5635421000.0,61214640119.5,5172.5032,Development,0.005221538792926195,52.21538792926195,0.3015604381235817,0.8135114753699175,-0.5119510372463358,0,0,0,0,52.21538792926195,0.34881993147605694,0.3235081699250702,0.11042574801237087,0.42553568299988165,
2018-07-16,2018-07-17,5201.528,5216.5644,5170.2219,5195.2002,5166737200.0,57488249263.2,5204.1855,Development,-0.002379916055436082,-23.79916055436082,0.32138010130902833,0.8135114753699175,-0.4921313740608892,0,0,0,0,-23.79916055436082,0.33221175989804874,0.2985520854563341,0.12172240754743029,0.6128411834717723,
2018-07-17,2018-07-18,5189.1488,5196.1969,5132.2064,5196.1969,4824332200.0,52610201449.3,5195.2002,Development,0.0018772057567515432,18.772057567515432,0.3135209249680051,0.8135114753699175,-0.4999905504019124,0,0,0,0,18.772057567515432,0.3378217219636511,0.29991786299769935,0.1315884150657282,0.5358442909159231,
2018-07-18,2018-07-19,5198.8899,5220.1757,5156.6363,5156.6363,5525713400.0,57391510842.7,5196.1969,Development,-0.008754368889404618,-87.54368889404618,0.28656302767954084,0.8135114753699175,-0.5269484476903767,0,0,0,0,-87.54368889404618,0.3407738368415944,0.29907493765297216,0.13510450298865048,0.3577246872066462,
2018-07-19,2018-07-20,5153.3769,5179.727,5088.1243,5111.3271,5048393400.0,51462192224.2,5156.6363,Development,-0.009260820802763359,-92.6082080276336,0.3292248118441456,0.8135114753699175,-0.48428666352577193,0,0,0,0,-92.6082080276336,0.37971233448686964,0.3456526439773539,0.1523713582423022,0.4363636186977772,
2018-07-20,2018-07-23,5105.6524,5184.8744,5072.1645,5175.2516,5786851400.0,58971319074.2,5111.3271,Development,0.008023715049618296,80.23715049618296,0.3162940136626202,0.8135114753699175,-0.4972174617072973,0,0,0,0,80.23715049618296,0.36949271306041326,0.3320256193255147,0.15776092296836336,0.3936994672368478,
2018-07-23,2018-07-24,5146.6187,5214.3806,5132.3831,5214.0038,6848431500.0,71205888479.7,5175.2516,Development,0.01297463517163222,129.7463517163222,0.31761199010522023,0.8135114753699175,-0.4958994852646973,0,0,0,0,129.7463517163222,0.3562861521430208,0.31319579982978474,0.16968654811593564,0.4465552114921722,
2018-07-24,2018-07-25,5213.3942,5315.6706,5211.9422,5304.641,8820181600.0,89531029280.2,5214.0038,Development,0.018149634646848822,181.4963464684882,0.2995642857619919,0.8135114753699175,-0.5139471896079256,0,1,0,0,181.4963464684882,0.35415167226511424,0.3079721107529243,0.16966343464882727,0.3474660659893268,
2018-07-25,2018-07-26,5308.0154,5332.616,5294.4201,5308.6569,7485086000.0,72266872319.8,5304.641,Development,-0.00013396720740499468,-1.3396720740499468,0.38802430410653543,0.8135114753699175,-0.4254871712633821,0,0,0,0,-1.3396720740499468,0.43602019927193236,0.41663707703266206,0.18781860453240284,0.5112435111737774,
2018-07-26,2018-07-27,5307.3043,5318.8808,5262.3114,5273.4789,7512024000.0,65271805644.8,5308.6569,Development,-0.006985203392238071,-69.85203392238071,0.35620126748299175,0.8135114753699175,-0.4573102078869258,0,0,0,0,-69.85203392238071,0.3600918103994546,0.31896318255782824,0.19769333610104803,0.6310489180547172,
2018-07-27,2018-07-30,5270.2317,5281.351,5230.1017,5249.2904,6171588700.0,54149400064.2,5273.4789,Development,-0.004830888175182069,-48.308881751820685,0.501358928616732,0.8135114753699175,-0.3121525467531855,0,0,0,0,-48.308881751820685,0.4801947065577794,0.5153792955276694,0.23163212898699692,0.8926716078887519,
2018-07-30,2018-07-31,5244.7718,5255.1878,5167.4021,5185.151,6083602400.0,58367011437.8,5249.2904,Development,-0.011810866585272639,-118.10866585272639,0.31705783577397206,0.8135114753699175,-0.49645363959594546,0,0,0,0,-118.10866585272639,0.3722985652194925,0.3460458008539791,0.2074220842574484,0.2996915051474486,
2018-07-31,2018-08-01,5182.8265,5208.3796,5163.6611,5188.7166,4949635600.0,49340085643.8,5185.151,Development,0.003015613198705358,30.15613198705358,0.4108757777349822,0.8135114753699175,-0.40263569763493534,0,0,0,0,30.15613198705358,0.48495322426627224,0.5216218560023292,0.21854046804759183,0.3241166177082954,
2018-08-01,2018-08-02,5198.4559,5233.5012,5105.3741,5105.3741,6036948500.0,58600856449.8,5188.7166,Development,-0.020027870198918052,-200.27870198918052,0.2950867512778671,0.8135114753699175,-0.5184247240920504,0,0,0,0,-200.27870198918052,0.35970794842028947,0.33126065464516047,0.20917104208037024,0.21259647660401437,
2018-08-02,2018-08-03,5094.3419,5094.3419,4887.5023,4996.012,7439032500.0,67786089635.1,5105.3741,Development,-0.021876800220260062,-218.76800220260063,0.4880829599270667,0.8135114753699175,-0.32542851544285084,0,0,0,0,-218.76800220260063,0.5863581644731665,0.6780341130341098,0.23065801209934272,0.30079293559239934,
2018-08-03,2018-08-06,4982.894,5008.2403,4929.75,4929.75,5073579700.0,48281908095.0,4996.012,Development,-0.012722024590529069,-127.22024590529068,0.6349997625470117,0.8135114753699175,-0.1785117128229058,0,0,0,0,-127.22024590529068,0.6822468140726036,0.8041852591168291,0.26602134040233033,0.7458704895068854,
2018-08-06,2018-08-07,4919.5015,4941.1774,4798.85,4825.2508,5245522000.0,51046892567.4,4929.75,Development,-0.016909884060407387,-169.09884060407387,0.31440878755382884,0.8135114753699175,-0.4991026878160887,0,0,0,0,-169.09884060407387,0.3709359279200855,0.4108893933230736,0.22437390220305337,0.14924552153667112,
2018-08-07,2018-08-08,4836.3133,4956.8718,4797.4529,4956.8718,5914578000.0,55813440681.5,4825.2508,Development,0.021600337595995,216.00337595995,0.3684337656910355,0.8135114753699175,-0.44507770967888205,0,1,0,0,216.00337595995,0.430869654113886,0.48749923284970725,0.2349852248677522,0.2108846788968168,
2018-08-08,2018-08-09,4940.7793,4952.4185,4877.6644,4880.5694,5808305100.0,53408613615.2,4956.8718,Development,-0.015913481502806692,-159.13481502806692,0.29425457553332635,0.8135114753699175,-0.5192568998365912,0,0,0,0,-159.13481502806692,0.35189942143146,0.3584827302078385,0.23150376111066784,0.14564237715055156,
2018-08-09,2018-08-10,4862.1543,5030.1616,4856.4815,5004.7733,6826483300.0,64727844418.3,4880.5694,Development,0.028360802946957087,283.60802946957085,0.39333205478094085,0.8135114753699175,-0.42017942058897667,0,1,0,0,283.60802946957085,0.45226382720191466,0.5000936917501874,0.24884957565743504,0.2799325824850102,
2018-08-10,2018-08-13,5000.0489,5037.493,4990.8297,5030.5148,5318501200.0,53025202318.1,5004.7733,Development,-0.003741063412399881,-37.41063412399881,0.37901704708301603,0.8135114753699175,-0.4344944282869015,0,0,0,0,-37.41063412399881,0.4190454930130789,0.44321279316265366,0.2590781078576452,0.34653008527715107,
2018-08-13,2018-08-14,4981.3434,5064.0215,4958.8879,5055.2753,5572265200.0,57931356663.2,5030.5148,Development,0.012556171092320323,125.56171092320324,0.33414432288270984,0.8135114753699175,-0.4793671524872077,0,0,0,0,125.56171092320324,0.356941424163816,0.33897037353187176,0.2552669758914153,0.38571124613735575,
2018-08-14,2018-08-15,5043.89,5061.4064,5016.3217,5037.8831,4637591200.0,47977087129.2,5055.2753,Development,-0.0016503928515492206,-16.503928515492206,0.3170654954913013,0.8135114753699175,-0.4964459798786162,0,0,0,0,-16.503928515492206,0.3628657664865739,0.3324592222053676,0.25992372650322604,0.27137083023533437,
2018-08-15,2018-08-16,5035.5656,5038.7747,4929.1978,4932.8063,5334998500.0,49219326097.4,5037.8831,Development,-0.03154978261031893,-315.4978261031893,0.3102690874054873,0.8135114753699175,-0.5032423879644302,0,0,0,0,-315.4978261031893,0.3629802291034339,0.32024095802989,0.25553429093742175,0.2560674828482361,
2018-08-16,2018-08-17,4876.6946,4943.2003,4836.0505,4888.3712,5239384400.0,47422713812.2,4932.8063,Development,0.00958450422546453,95.84504225464529,0.38876507591688114,0.8135114753699175,-0.4247463994530364,0,0,0,0,95.84504225464529,0.46409086709659975,0.4687057745855286,0.2674626713492959,0.25559235327027563,
2018-08-17,2018-08-20,4923.4353,4941.1012,4793.7669,4803.0285,5170797400.0,47777882688.9,4888.3712,Development,-0.026241555362776836,-262.41555362776836,0.3262453211609073,0.8135114753699175,-0.4872661542090102,0,0,0,0,-262.41555362776836,0.38314113648581927,0.3414602232926321,0.2679371533862853,0.2588893655550558,
2018-08-20,2018-08-21,4794.2367,4832.9089,4736.5592,4832.6512,5163111200.0,47753724288.6,4803.0285,Development,0.007711863705018862,77.11863705018862,0.3480689616399122,0.8135114753699175,-0.46544251373000534,0,0,0,0,77.11863705018862,0.41989365120866784,0.3906565710840418,0.2714477902525432,0.2262672904367121,
2018-08-21,2018-08-22,4831.2092,4901.1166,4816.8528,4891.9801,4973790400.0,48883527002.3,4832.6512,Development,0.009480690672637238,94.80690672637238,0.3043663245413067,0.8135114753699175,-0.5091451508286109,0,0,0,0,94.80690672637238,0.36780081149839416,0.30752040701560635,0.2703202624811683,0.2108617307601615,
2018-08-22,2018-08-23,4877.0124,4878.8189,4829.6051,4837.0183,4392226700.0,41150044535.3,4891.9801,Development,-0.009228088081137398,-92.28088081137398,0.31742704611281547,0.8135114753699175,-0.49608442925710206,0,0,0,0,-92.28088081137398,0.373019735768977,0.3063471011977387,0.2778018333658255,0.27316715172196737,
2018-08-23,2018-08-24,4832.0069,4885.8114,4821.1107,4863.6651,4726381100.0,47302482148.5,4837.0183,Development,0.004523586255640311,45.235862556403106,0.31290055179824433,0.8135114753699175,-0.5006109235716731,0,0,0,0,45.235862556403106,0.3757216037599215,0.3035831915363219,0.27838919344063273,0.24316431457976032,
2018-08-24,2018-08-27,4853.8649,4880.891,4831.8874,4852.2887,4389810000.0,41741677833.7,4863.6651,Development,0.0010836519162287228,10.836519162287228,0.32848489856851143,0.8135114753699175,-0.4850265768014061,0,0,0,0,10.836519162287228,0.3801341023948354,0.3043886192938439,0.2847383632161345,0.3210503152777594,
2018-08-27,2018-08-28,4859.1248,4964.4514,4859.1248,4960.0655,5854579900.0,58402040239.4,4852.2887,Development,0.02173424317070438,217.34243170704383,0.3251754446070198,0.8135114753699175,-0.4883360307628977,0,1,0,0,217.34243170704383,0.38055494816993035,0.30105945432175824,0.28613058192168406,0.30338366872737954,
2018-08-28,2018-08-29,4964.7342,4983.9404,4954.1656,4974.2072,5346544000.0,53028656165.2,4960.0655,Development,0.0014805827872919064,14.805827872919064,0.3333112889041017,0.8135114753699175,-0.4802001864658158,0,0,0,0,14.805827872919064,0.3913124185081844,0.3123478671490081,0.2939378621114135,0.30088333840678605,
2018-08-29,2018-08-30,4972.0849,4974.1638,4929.4589,4941.9607,5327221200.0,45121110906.2,4974.2072,Development,-0.006925525346520134,-69.25525346520133,0.35092225046839776,0.8135114753699175,-0.46258922490151977,0,0,0,0,-69.25525346520133,0.38588710154441996,0.3032701571953682,0.2983142453335502,0.4323491122200675,
2018-08-30,2018-08-31,4937.6506,4952.6076,4861.0555,4867.1214,5415846200.0,47422496786.4,4941.9607,Development,-0.016745960113095038,-167.45960113095038,0.34516095807612535,0.8135114753699175,-0.4683505172937922,0,0,0,0,-167.45960113095038,0.39642476538171745,0.31500141476515375,0.30147369412882896,0.3490745562734746,
2018-08-31,2018-09-03,4854.9649,4862.4442,4805.207,4814.8237,4801205400.0,42052874630.5,4867.1214,Development,-0.009595496766619194,-95.95496766619193,0.45542011150422035,0.8135114753699175,-0.3580913638656972,0,0,0,0,-95.95496766619193,0.527367301633544,0.52575077293205,0.3113221982080247,0.37758830576297436,
2018-09-03,2018-09-04,4808.3791,4840.1523,4754.8097,4838.873,5290260200.0,46495749585.7,4814.8237,Development,0.005303117634797072,53.03117634797072,0.33577396096342094,0.8135114753699175,-0.4777375144064966,0,0,0,0,53.03117634797072,0.3931891117571847,0.3253810899204092,0.3022550265868853,0.27804282461968005,
2018-09-04,2018-09-05,4833.8785,4905.016,4828.5239,4890.2806,6102491400.0,54969300206.2,4838.873,Development,0.00894428769775657,89.4428769775657,0.3340487845345378,0.8135114753699175,-0.47946269083537973,0,0,0,0,89.4428769775657,0.3897980611334752,0.31665735299983017,0.30546984875475297,0.28531261364473787,
2018-09-05,2018-09-06,4877.1141,4886.2734,4814.9568,4815.0343,5840354300.0,47239977654.9,4890.2806,Development,-0.015619708384513542,-156.1970838451354,0.42490983650434894,0.8135114753699175,-0.3886016388655686,0,0,0,0,-156.1970838451354,0.43027997687715347,0.3749391444223981,0.3346429802766714,0.6250639266686099,
2018-09-06,2018-09-07,4800.935,4849.1761,4773.8777,4793.3454,4586849400.0,44572540920.2,4815.0343,Development,-0.0008538753388662723,-8.538753388662723,0.5169346933561115,0.8135114753699175,-0.296576782013806,0,0,0,0,-8.538753388662723,0.5758596484553979,0.6303174456823851,0.32792019213634205,0.45319428637633224,
2018-09-07,2018-09-10,4796.8356,4867.5336,4759.4919,4791.7779,5360007200.0,53242803442.3,4793.3454,Development,-0.0008831864073056694,-8.831864073056694,0.34524914342195023,0.8135114753699175,-0.4682623319479673,0,0,0,0,-8.831864073056694,0.3936466971137813,0.3424478493692667,0.3132081596620147,0.29136295908891646,
2018-09-10,2018-09-11,4792.5991,4794.0136,4701.289,4704.8782,5132647500.0,45376003770.5,4791.7779,Development,-0.018729795279559314,-187.29795279559315,0.38904373641121776,0.8135114753699175,-0.42446773895869977,0,0,0,0,-187.29795279559315,0.397480105881328,0.34038306143723884,0.33635941850131573,0.5287135696178117,
2018-09-11,2018-09-12,4702.8347,4738.2588,4669.4177,4702.9032,4996800700.0,42215660888.1,4704.8782,Development,-0.00041147523216167325,-4.1147523216167325,0.4012010371826676,0.8135114753699175,-0.41231043818724994,0,0,0,0,-4.1147523216167325,0.46499668166009295,0.4452667130593682,0.322243768351864,0.2970866045262674,
2018-09-12,2018-09-13,4700.8996,4733.5829,4681.1267,4693.9743,4254088200.0,38524810760.4,4702.9032,Development,0.005643728277030302,56.43728277030302,0.3514697932938585,0.8135114753699175,-0.462041682076059,0,0,0,0,56.43728277030302,0.3923161787409159,0.32932707303077846,0.32181033810599613,0.34420273556256215,
2018-09-13,2018-09-14,4727.4302,4752.8965,4655.2143,4721.2121,5569210200.0,47279214487.5,4693.9743,Development,-0.0014072550452463028,-14.072550452463028,0.34195348314363966,0.8135114753699175,-0.47155799222627787,0,0,0,0,-14.072550452463028,0.39433391776680166,0.32553452512478914,0.320772558802934,0.28850200707087903,
2018-09-14,2018-09-17,4720.7775,4724.003,4669.9429,4670.0799,5644793000.0,44931921145.7,4721.2121,Development,-0.015003418398770174,-150.03418398770174,0.42468084132583644,0.8135114753699175,-0.3888306340440811,0,0,0,0,-150.03418398770174,0.44903754192188144,0.393508711158062,0.3450599919186257,0.5369527482877607,
2018-09-17,2018-09-18,4649.9497,4649.9497,4586.3157,4602.3901,4933894600.0,37905863065.0,4670.0799,Development,-0.013272251095533316,-132.72251095533315,0.46883405668438044,0.8135114753699175,-0.3446774186855371,0,0,0,0,-132.72251095533315,0.5155350477175014,0.5180169496102612,0.3439800994098558,0.45519857937117825,
2018-09-18,2018-09-19,4588.2344,4684.2885,4584.4336,4683.5056,5443232600.0,44579158885.4,4602.3901,Development,0.01868115107632673,186.8115107632673,0.35860044119726897,0.8135114753699175,-0.45491103417264855,0,1,0,0,186.8115107632673,0.4071159279331431,0.35022239599302735,0.32969270402085327,0.30991474960853066,
2018-09-19,2018-09-20,4673.9479,4772.9524,4664.1301,4736.8934,6705585600.0,55671375968.9,4683.5056,Development,0.012951428063629145,129.51428063629146,0.3422827457317311,0.8135114753699175,-0.4712287296381864,0,0,0,0,129.51428063629146,0.39641370620343047,0.32766612033851955,0.3305216696625082,0.2690050287626715,
2018-09-20,2018-09-21,4734.4822,4761.4084,4723.3049,4733.4806,5639897400.0,43574339399.9,4736.8934,Development,0.001969148812091648,19.69148812091648,0.6285428298788212,0.8135114753699175,-0.18496864549109637,0,0,0,0,19.69148812091648,0.6198328413316513,0.7122397378064613,0.3858662620148235,0.8342622474811835,
2018-09-21,2018-09-25,4743.8051,4813.2902,4721.6883,4805.2151,6589519600.0,52507709798.8,4733.4806,Development,0.006532140201122694,65.32140201122694,0.38770598625288066,0.8135114753699175,-0.42580548911703686,0,0,0,0,65.32140201122694,0.3937851771183796,0.3490887917524931,0.3509506349574504,0.49290640407059017,
2018-09-25,2018-09-26,4774.7923,4810.3431,4763.2055,4792.5507,5265424000.0,42641650958.5,4805.2151,Development,0.0040373274456357855,40.373274456357855,0.40990000343579747,0.8135114753699175,-0.40361147193412006,0,0,0,0,40.373274456357855,0.43448854858001296,0.4093243393046926,0.3487809050409018,0.4426955175267544,
2018-09-26,2018-09-27,4794.0697,4841.7044,4782.3906,4815.6306,6471955600.0,51709759381.7,4792.5507,Development,0.0038745369096324644,38.745369096324644,0.38421209155393526,0.8135114753699175,-0.42929938381598226,0,0,0,0,38.745369096324644,0.39826952863282794,0.3405617595616846,0.34569616461852143,0.4836875182839211,
2018-09-27,2018-09-28,4812.6445,4817.6168,4754.2773,4755.3803,6143767200.0,47097829211.4,4815.6306,Development,-0.010453712091138323,-104.53712091138323,0.507862503502762,0.8135114753699175,-0.30564897186715556,0,0,0,0,-104.53712091138323,0.4701572637658109,0.46584055748991926,0.38463379590288965,0.830964016416082,
2018-09-28,2018-10-08,4762.3345,4802.1578,4746.1771,4800.7287,5726864000.0,45938739634.3,4755.3803,Development,-0.008381792585128167,-83.81792585128167,0.6458446477260671,0.8135114753699175,-0.16766682764385044,0,0,0,0,-83.81792585128167,0.6845598688307897,0.8258137630612604,0.3741264125565926,0.6222414243999707,
2018-10-08,2018-10-09,4722.4176,4737.2892,4639.4004,4646.4929,6327566400.0,49494827742.0,4800.7287,Development,-0.014808093210562201,-148.080932105622,0.37419715914396123,0.8135114753699175,-0.4393143162259563,0,0,0,0,-148.080932105622,0.39011784796121585,0.3724254324311608,0.34468831033916786,0.38404088426128696,
2018-10-09,2018-10-10,4652.4876,4685.2177,4612.6352,4634.8939,5043745400.0,41244020750.1,4646.4929,Development,-0.003836313287541193,-38.363132875411935,0.7510848584007329,0.8135114753699175,-0.06242661696918461,0,0,0,0,-38.363132875411935,0.871858102255666,0.9392293765478152,0.382342935961387,0.6722089518057073,
2018-10-10,2018-10-11,4634.6392,4655.5462,4586.8864,4629.8877,5133963700.0,39541080143.7,4634.8939,Development,-0.032661226358245865,-326.61226358245864,0.38701733842295244,0.8135114753699175,-0.4264941369469651,0,0,0,0,-326.61226358245864,0.38549002058761184,0.45670920190456155,0.3492974192817306,0.32016701654941526,
2018-10-11,2018-10-12,4483.2662,4503.1983,4274.6995,4307.4208,9056360100.0,64480315025.4,4629.8877,Development,-0.048159241581505974,-481.5924158150597,0.38500797302248807,0.8135114753699175,-0.42850350234742945,0,0,0,0,-481.5924158150597,0.38202312247456816,0.42897911255871557,0.35130911438723383,0.36073721687189403,
2018-10-12,2018-10-15,4267.3555,4300.0061,4136.6293,4278.0353,8152514900.0,56700633804.0,4307.4208,Development,0.0037494415452381524,37.494415452381524,0.8681235732353672,0.8135114753699175,0.05461209786544963,1,0,0,1,37.494415452381524,0.9881835909626399,0.9689473960410498,0.4777366870452566,0.9733363141663702,预测大涨
2018-10-15,2018-10-16,4283.3557,4317.7101,4195.8308,4199.1532,6229184800.0,44849001650.6,4278.0353,Development,-0.021006100427288787,-210.06100427288789,0.47009905546101133,0.8135114753699175,-0.3434124199089062,0,0,0,0,-210.06100427288789,0.45450971030826504,0.5755023000864602,0.37044730849789215,0.45579188789035063,
2018-10-16,2018-10-17,4193.3791,4221.3422,4076.8707,4099.6831,6107665900.0,44015881330.7,4199.1532,Development,-0.010977686229227346,-109.77686229227346,0.6077823901185887,0.8135114753699175,-0.20572908525132882,0,0,0,0,-109.77686229227346,0.6788083383947364,0.7207469464503002,0.3857965261265299,0.5643948394403603,
2018-10-17,2018-10-18,4147.3455,4167.7603,4038.4243,4133.3832,6952388100.0,47137717264.1,4099.6831,Development,-0.010370971022308328,-103.70971022308328,0.5690950347903394,0.8135114753699175,-0.24441644057957812,0,0,0,0,-103.70971022308328,0.6202644558292001,0.6799959111352882,0.3819403165527582,0.5236212190557739,
2018-10-18,2018-10-19,4104.3335,4104.3335,4013.6486,4018.4614,5978391100.0,40382606948.5,4133.3832,Development,-0.03554479673739952,-355.4479673739952,0.505656938461168,0.8135114753699175,-0.30785453690874953,0,0,0,0,-355.4479673739952,0.4526348768463411,0.564315596519515,0.39969764199159047,0.6613702004362361,
2018-10-19,2018-10-22,3958.4458,4130.9325,3948.5593,4127.9854,6956157800.0,49937027367.6,4018.4614,Development,0.052371893029329764,523.7189302932976,0.49832324292522856,0.8135114753699175,-0.31518823244468896,0,1,0,0,523.7189302932976,0.5308260025961711,0.6048380087447615,0.3730582287534551,0.41509343292648165,
2018-10-22,2018-10-23,4165.7571,4375.5985,4165.7571,4333.1445,9295831900.0,69510999528.9,4127.9854,Development,0.04097430452678097,409.7430452678097,0.3874352191823753,0.8135114753699175,-0.42607625618754225,0,1,0,0,409.7430452678097,0.387688079974358,0.4870292019083297,0.35486889867565335,0.2573871109257341,
2018-10-23,2018-10-24,4336.4461,4350.7285,4228.3294,4253.5561,7466806500.0,54448393796.6,4333.1445,Development,-0.023661864493138784,-236.61864493138785,0.5916620287608888,0.8135114753699175,-0.22184944660902872,0,0,0,0,-236.61864493138785,0.6582062486057841,0.6806870524416108,0.3925407095927216,0.5682535840054522,
2018-10-24,2018-10-25,4233.8377,4297.3708,4207.1648,4245.4884,6282348200.0,44264708175.2,4253.5561,Development,-0.025899032454645088,-258.9903245464509,0.7690919513652654,0.8135114753699175,-0.0444195240046521,0,0,0,0,-258.9903245464509,0.8615979171299674,0.8416111391202913,0.4464298292343556,0.8892686134739795,
2018-10-25,2018-10-26,4124.1854,4240.5841,4103.5602,4234.4208,6968720600.0,48371839269.6,4245.4884,Development,0.03315195286807415,331.51952868074153,0.4595815224441225,0.8135114753699175,-0.35392995292579504,0,1,0,0,331.51952868074153,0.3923687219540368,0.5020213755488209,0.39665246553438455,0.6146664338032216,
2018-10-26,2018-10-29,4260.9102,4294.5553,4217.7896,4233.9585,6798362100.0,46824099369.3,4234.4208,Development,-0.009452252713516462,-94.52252713516462,0.3837669801574215,0.8135114753699175,-0.429744495212496,0,0,0,0,-94.52252713516462,0.3713823675029661,0.4640740359603472,0.3638107480513583,0.2969867535388562,
2018-10-29,2018-10-30,4220.635,4227.6435,4144.8064,4162.5255,5745157000.0,41278101418.5,4233.9585,Development,-0.017826322342491152,-178.26322342491153,0.4522107088471191,0.8135114753699175,-0.3613007665227984,0,0,0,0,-178.26322342491153,0.37330781582388267,0.4439024707668046,0.41052736760787945,0.6917333673660014,
2018-10-30,2018-10-31,4145.3966,4233.7942,4096.136,4204.5424,7283465000.0,52308156537.7,4162.5255,Development,0.015043723440116619,150.4372344011662,0.4295669166169448,0.8135114753699175,-0.38394455875297273,0,0,0,0,150.4372344011662,0.444063115415293,0.48385070669808183,0.3749788969213768,0.378824388609871,
2018-10-31,2018-11-01,4207.7588,4298.2426,4204.3595,4272.5518,7468776500.0,53243305592.6,4204.5424,Development,0.02179324062016108,217.9324062016108,0.48416122256493677,0.8135114753699175,-0.32935025280498076,0,1,0,0,217.9324062016108,0.47923054120195463,0.5020808876842099,0.40186250969692905,0.5764402366960559,
2018-11-01,2018-11-02,4299.4595,4367.7304,4294.8669,4298.9837,8605914200.0,65004691637.8,4272.5518,Development,0.015647199374712262,156.4719937471226,0.5376377981811651,0.8135114753699175,-0.27587367718875244,0,0,0,0,156.4719937471226,0.5322844326953032,0.543647259351746,0.4159356149625351,0.7058376447157213,
2018-11-02,2018-11-05,4366.734,4437.9818,4360.8748,4437.9456,9689216800.0,75808808223.6,4298.9837,Development,0.013945983428347075,139.45983428347074,0.7501988568073708,0.8135114753699175,-0.06331261856254677,0,0,0,0,139.45983428347074,0.8006915045974291,0.7786288603564393,0.49562530739635874,0.9431881044827682,
2018-11-05,2018-11-06,4427.6324,4466.1357,4375.0414,4440.8274,8777727700.0,66155141568.2,4437.9456,Development,-6.215511477425384e-05,-0.6215511477425384,0.355488126339365,0.8135114753699175,-0.45802334903055253,0,0,0,0,-0.6215511477425384,0.35759529918490146,0.4136093668995943,0.35853108402137346,0.2451141462494368,
2018-11-06,2018-11-07,4427.3572,4440.1054,4385.3273,4438.0965,6980304900.0,51219256984.2,4440.8274,Development,0.0023410354149875356,23.410354149875356,0.4419492646122295,0.8135114753699175,-0.371562210757688,0,0,0,0,23.410354149875356,0.37770911002069896,0.4097286174164432,0.4194030502235152,0.6658467704963397,
2018-11-07,2018-11-08,4437.7218,4479.6944,4414.0703,4415.136,7808636800.0,58896533554.8,4438.0965,Development,0.001111764148892691,11.11764148892691,0.3692969905332566,0.8135114753699175,-0.44421448483666093,0,0,0,0,11.11764148892691,0.36413791678274793,0.3796888680495869,0.36824586927854114,0.363519528324743,
2018-11-08,2018-11-09,4442.6555,4450.9818,4379.8833,4382.3286,7214535500.0,51522224307.5,4415.136,Development,-0.01788164758667421,-178.8164758667421,0.6526743517293014,0.8135114753699175,-0.1608371236406161,0,0,0,0,-178.8164758667421,0.6675580358366775,0.6363266887666598,0.4822490299406059,0.8839897506452067,
2018-11-09,2018-11-12,4363.2135,4396.3932,4348.8119,4368.6143,6742496000.0,45846347515.2,4382.3286,Development,-0.0005916281658002731,-5.916281658002731,0.6444111299805172,0.8135114753699175,-0.16910034538940033,0,0,0,0,-5.916281658002731,0.6801174955196411,0.6723959654136898,0.45407386841518044,0.7812753758541643,
2018-11-12,2018-11-13,4360.6321,4481.7736,4354.4675,4481.6881,8699053600.0,59949621268.4,4368.6143,Development,0.016125575005513593,161.25575005513593,0.4342176915680452,0.8135114753699175,-0.37929378380187234,0,1,0,0,161.25575005513593,0.376725933356062,0.39773017927200716,0.41811538398319475,0.6423814972157452,
2018-11-13,2018-11-14,4430.9498,4588.4964,4422.9479,4563.5351,12871036300.0,84982054207.1,4481.6881,Development,0.027273497885261566,272.73497885261565,0.3379856215638329,0.8135114753699175,-0.47552585380608464,0,1,0,0,272.73497885261565,0.35375333384748703,0.35930314778246003,0.3612151257804308,0.23523299378064777,
2018-11-14,2018-11-15,4551.7973,4600.1289,4534.5243,4545.5089,11259883000.0,74023764775.6,4563.5351,Development,-0.0023982834209248516,-23.982834209248516,0.5355977465969176,0.8135114753699175,-0.2779137287729999,0,0,0,0,-23.982834209248516,0.6238029857140817,0.6156034691656642,0.39637333395873914,0.39958516635513286,
2018-11-15,2018-11-16,4540.8808,4619.8141,4539.9556,4619.8141,9830520000.0,69668883541.0,4545.5089,Development,0.018525701004968198,185.25701004968198,0.684190251807179,0.8135114753699175,-0.12932122356273856,0,1,0,0,185.25701004968198,0.7023256965573479,0.726499311162145,0.481159573614966,0.8507787603561725,
2018-11-16,2018-11-19,4625.0038,4691.5609,4609.8319,4659.0965,11067182400.0,82381068855.3,4619.8141,Development,0.007669442347268962,76.69442347268962,0.33566386156751665,0.8135114753699175,-0.4778476138024009,0,0,0,0,76.69442347268962,0.3418308226595703,0.35927019122065945,0.362772138605443,0.243974111426754,
2018-11-19,2018-11-20,4660.475,4677.9674,4612.4837,4670.737,11101510600.0,82549163316.2,4659.0965,Development,-0.006726503199781186,-67.26503199781186,0.6748967865216061,0.8135114753699175,-0.1386146888483114,0,0,0,0,-67.26503199781186,0.7244527376637797,0.7432297893528191,0.45771417254451474,0.7486337296083646,
2018-11-20,2018-11-21,4629.1263,4645.9,4535.8739,4537.4493,10312422500.0,76300239206.5,4670.737,Development,-0.031485055830081876,-314.85055830081876,0.37142027675465084,0.8135114753699175,-0.4420911986152667,0,0,0,0,-314.85055830081876,0.359564813180224,0.37766212403203825,0.38941161720745504,0.36095181099227397,
2018-11-21,2018-11-22,4483.378,4564.5342,4476.4164,4554.6747,9015662700.0,65298600566.4,4537.4493,Development,0.017679615682639316,176.79615682639314,0.8803992741274441,0.8135114753699175,0.0668877987575266,1,1,1,1,176.79615682639314,0.9841672214588079,0.9627155388822736,0.5646379914894313,0.9500106863546126,预测大涨
2018-11-22,2018-11-23,4562.6424,4583.3734,4528.2409,4551.3264,7527499300.0,54157291828.3,4554.6747,Development,-0.004500067767747806,-45.000677677478066,0.5519656534370174,0.8135114753699175,-0.2615458219329001,0,0,0,0,-45.000677677478066,0.5224512245937543,0.5001565922816411,0.7876348696744689,0.38130449942436406,
2018-11-23,2018-11-26,4542.1102,4547.5147,4365.3486,4374.7644,9207482800.0,64245132838.1,4551.3264,Development,-0.037578656722155324,-375.78656722155324,0.5984096661152877,0.8135114753699175,-0.21510180925462985,0,0,0,0,-375.78656722155324,0.49787095730338676,0.47091150713291036,0.8239950486395601,0.7249962995888629,
2018-11-26,2018-11-27,4371.4238,4408.1135,4347.7472,4367.4619,6858469900.0,45641649802.9,4374.7644,Development,0.005002031603524637,50.02031603524637,0.9245442228758829,0.8135114753699175,0.11103274750596537,1,0,0,1,50.02031603524637,0.9648270343645708,0.93106625374946,0.8644213568917154,0.910198635161891,预测大涨
2018-11-27,2018-11-28,4393.2898,4416.357,4361.0232,4387.6515,6235271000.0,43832226111.4,4367.4619,Development,-0.0007870184206831832,-7.870184206831832,0.5977607799028151,0.8135114753699175,-0.21575069546710246,0,0,0,0,-7.870184206831832,0.5293018923798308,0.5520917517089585,0.7850612795737237,0.5656185281809057,
2018-11-28,2018-11-29,4389.8322,4441.8569,4333.0553,4441.8569,7250793100.0,50581746734.4,4387.6515,Development,0.01662029359573247,166.2029359573247,0.5811896476382895,0.8135114753699175,-0.23232182773162802,0,1,0,0,166.2029359573247,0.5310762088198877,0.5292968858957641,0.7776894051382359,0.5083058716143862,
2018-11-29,2018-11-30,4462.7925,4473.3074,4344.9003,4345.703,7710248100.0,52609677006.8,4441.8569,Development,-0.028850097780705575,-288.50097780705573,0.5175738039620478,0.8135114753699175,-0.29593767140786975,0,0,0,0,-288.50097780705573,0.5192372929130147,0.49133856472733267,0.7421798693260239,0.25111721872652737,
2018-11-30,2018-12-03,4334.0405,4385.0031,4291.8111,4376.6511,6384878900.0,44026264210.0,4345.703,Development,0.0345227276948612,345.227276948612,0.8405046338557101,0.8135114753699175,0.026993158485792534,1,1,1,1,345.227276948612,0.8859171597284003,0.8422274948735067,0.8173908413395199,0.7727694743048602,预测大涨
2018-12-03,2018-12-04,4483.6634,4536.8317,4460.3878,4515.1735,9626575200.0,72617444583.0,4376.6511,Development,0.0050367741699790525,50.36774169979053,0.5341154513779894,0.8135114753699175,-0.2793960239919281,0,0,0,0,50.36774169979053,0.49954264271978965,0.5299469894794817,0.7348031133437538,0.33893194289612616,
2018-12-04,2018-12-05,4506.2466,4538.423,4492.0568,4536.2104,7628021300.0,56315559771.3,4515.1735,Development,-0.011106516008245193,-111.06516008245192,0.6454299117744504,0.8135114753699175,-0.1680815635954671,0,0,0,0,-111.06516008245192,0.6310788636432615,0.6183874531499329,0.7674371890993666,0.5554901853243727,
2018-12-05,2018-12-06,4456.1979,4532.2794,4445.9731,4502.7021,7427597300.0,55251925549.3,4536.2104,Development,0.004625535145106552,46.25535145106552,0.5095620047641989,0.8135114753699175,-0.30394947060571864,0,0,0,0,46.25535145106552,0.4859447920072447,0.4888147704033691,0.7042872081618088,0.32830908733246433,
2018-12-06,2018-12-07,4476.8102,4483.3157,4405.8361,4411.0884,6604759600.0,52051360375.0,4502.7021,Development,-0.012777311845831751,-127.77311845831751,0.616112262025414,0.8135114753699175,-0.1973992133445035,0,0,0,0,-127.77311845831751,0.5754599633793102,0.5370793463521194,0.7536148430543287,0.6517399501618929,
2018-12-07,2018-12-10,4419.6086,4432.3298,4397.4243,4410.9593,5175505400.0,41253201540.4,4411.0884,Development,-0.008649702600361464,-86.49702600361464,0.6815729662286404,0.8135114753699175,-0.13193850914127714,0,0,0,0,-86.49702600361464,0.6904778164097469,0.6454868704056294,0.7509721308624402,0.6303769759125835,
2018-12-10,2018-12-11,4381.3803,4396.4047,4350.2267,4359.3122,5394034800.0,40103184692.1,4410.9593,Development,-0.0019064768242099683,-19.06476824209968,0.4870309516773715,0.8135114753699175,-0.32648052369254604,0,0,0,0,-19.06476824209968,0.4760559740487716,0.4517839806467518,0.6838497154781669,0.3014091782156371,
2018-12-11,2018-12-12,4373.0273,4398.063,4365.1182,4395.5702,5043078100.0,37194242182.2,4359.3122,Development,0.008206420298359607,82.06420298359606,0.48486280402771254,0.8135114753699175,-0.328648671342205,0,0,0,0,82.06420298359606,0.484111169148236,0.43056829253635465,0.689864780996264,0.2995977049247183,
2018-12-12,2018-12-13,4408.9142,4417.6041,4381.3236,4393.324,4809361200.0,35826068754.4,4395.5702,Development,-0.0008682636645548358,-8.682636645548358,0.4799314883419188,0.8135114753699175,-0.33357998702799874,0,0,0,0,-8.682636645548358,0.4707785872751514,0.3999928099834385,0.6786217760485902,0.36607494463946666,
2018-12-13,2018-12-14,4405.0861,4471.2565,4378.4604,4443.1572,6361391000.0,47775555072.2,4393.324,Development,0.007018296418769054,70.18296418769054,0.46135544293265207,0.8135114753699175,-0.35215603243726545,0,0,0,0,70.18296418769054,0.47747435400160787,0.37844316441070985,0.6789984236397446,0.27294014585226745,
2018-12-14,2018-12-17,4436.0023,4439.0458,4331.3785,4337.1025,6578654600.0,47335305358.0,4443.1572,Development,-0.025565541298299133,-255.65541298299132,0.5454927422140883,0.8135114753699175,-0.26801873315582925,0,0,0,0,-255.65541298299132,0.5292699007864445,0.40822461887973316,0.7259515582868671,0.5720546239828815,
2018-12-17,2018-12-18,4322.5935,4341.2033,4285.2144,4330.6465,5150281500.0,38561891398.1,4337.1025,Development,-0.0033650399927728225,-33.65039992772822,0.6810506337781024,0.8135114753699175,-0.13246084159181515,0,0,0,0,-33.65039992772822,0.7344239722430108,0.6352264663643619,0.7321142901904409,0.5776120549472518,
2018-12-18,2018-12-19,4308.0478,4339.4043,4266.4517,4307.2675,5130347800.0,37327896872.2,4330.6465,Development,0.0007500845278456403,7.500845278456403,0.46218537736393484,0.8135114753699175,-0.3513260980059827,0,0,0,0,7.500845278456403,0.46175292522257944,0.3782899150190438,0.6650862732053971,0.33093266548586325,
2018-12-19,2018-12-20,4311.2792,4315.1081,4245.1504,4247.8991,4626017400.0,33854346744.0,4307.2675,Development,-0.016446696377260706,-164.46696377260704,0.4553138374330169,0.8135114753699175,-0.3581976379369006,0,0,0,0,-164.46696377260704,0.46553098187558417,0.36007153117755225,0.6693393227314268,0.3059913991543108,
2018-12-20,2018-12-21,4240.3729,4274.0116,4225.1345,4259.7614,4696785200.0,34730999573.5,4247.8991,Development,0.0014281291157201004,14.281291157201004,0.4405712114809393,0.8135114753699175,-0.3729402638889782,0,0,0,0,14.281291157201004,0.47489664880301813,0.3407429855934764,0.661141829680348,0.23904445245039488,
2018-12-21,2018-12-24,4246.4287,4260.289,4204.486,4231.144,4711042500.0,35374801446.7,4259.7614,Development,-0.004491939308906789,-44.919393089067896,0.4509061136015399,0.8135114753699175,-0.3626053617683776,0,0,0,0,-44.919393089067896,0.47250122359510716,0.3265421569812888,0.6606028408766618,0.3343204289473562,
2018-12-24,2018-12-25,4227.354,4276.9745,4215.0226,4274.7218,4184194100.0,32706121619.9,4231.144,Development,0.0014640836797674694,14.640836797674694,0.44963292204886796,0.8135114753699175,-0.36387855332104957,0,0,0,0,14.640836797674694,0.48653731602508266,0.3166532928327082,0.6592409630262022,0.3157143796338567,
2018-12-25,2018-12-26,4233.5432,4244.9521,4132.7639,4225.5124,6038367300.0,43750314455.8,4274.7218,Development,-0.003515117077345531,-35.151170773455306,0.45135310352364577,0.8135114753699175,-0.36215837184627175,0,0,0,0,-35.151170773455306,0.49847923933173705,0.3075000356500412,0.6673524423972209,0.30595384275909404,
2018-12-26,2018-12-27,4218.6618,4241.3508,4194.305,4208.4053,4503293300.0,34328585011.4,4225.5124,Development,0.010589305831531615,105.89305831531615,0.5036368551668964,0.8135114753699175,-0.30987462020302114,0,0,0,0,105.89305831531615,0.5348397107872608,0.3277064794473714,0.7060017120305689,0.466957266295241,
2018-12-27,2018-12-28,4263.3345,4272.8081,4159.7661,4161.2702,5421939300.0,40327766017.9,4208.4053,Development,-0.022141025997373553,-221.41025997373555,0.45235931448214933,0.8135114753699175,-0.3611521608877682,0,0,0,0,-221.41025997373555,0.5115351900808955,0.3006083259816699,0.6694263873452575,0.2937075835238788,
2018-12-28,2019-01-02,4168.9399,4192.6955,4138.9346,4168.0363,4996418500.0,37350056814.6,4161.2702,Development,0.0017198376978282415,17.198376978282415,0.5302589893284145,0.8135114753699175,-0.283252486041503,0,0,0,0,17.198376978282415,0.6100308154887868,0.3906696273751446,0.7015410734509996,0.3695123764872911,
2019-01-02,2019-01-03,4176.1098,4179.7233,4125.9356,4131.9567,4749444900.0,35572462260.8,4168.0363,Development,-0.010635472276135927,-106.35472276135927,0.46891852243494586,0.8135114753699175,-0.34459295293497166,0,0,0,0,-106.35472276135927,0.5079296361403972,0.3064149956649353,0.678058714416078,0.3828333136843237,
2019-01-03,2019-01-04,4131.6949,4182.1983,4110.527,4112.807,5549124400.0,41103713165.6,4131.9567,Development,-0.01357147644178669,-135.7147644178669,0.4618809446134534,0.8135114753699175,-0.3516305307564641,0,0,0,0,-135.7147644178669,0.5270592316495494,0.3063137128512933,0.6786537269481046,0.29755716453538417,
2019-01-04,2019-01-07,4075.6217,4210.8786,4071.6898,4210.8786,7344873700.0,52230681319.4,4112.807,Development,0.03911376269294076,391.1376269294076,0.5084689864998353,0.8135114753699175,-0.30504248887008223,0,1,0,0,391.1376269294076,0.5685257235828555,0.3401897986197767,0.6956237907012764,0.4179991432115379,
2019-01-07,2019-01-08,4235.0346,4297.0238,4223.4585,4288.3234,8115345000.0,59231303976.4,4210.8786,Development,0.010211392369734229,102.11392369734229,0.4472725167674137,0.8135114753699175,-0.36623895860250383,0,0,0,0,102.11392369734229,0.5149220282387036,0.30229933410107046,0.6586049120027045,0.2666383311084982,
2019-01-08,2019-01-09,4278.2802,4289.6278,4264.6001,4277.2967,6955693700.0,49700132327.3,4288.3234,Development,0.001858410302345126,18.58410302345126,0.5175979368563197,0.8135114753699175,-0.2959135385135978,0,0,0,0,18.58410302345126,0.5749377185743765,0.34668108327940417,0.6822330423491517,0.46848212441240705,
2019-01-09,2019-01-10,4286.231,4354.1986,4280.6556,4288.7717,8515359500.0,61510931890.9,4277.2967,Development,0.0007764630511049031,7.764630511049031,0.47047451304300714,0.8135114753699175,-0.3430369623269104,0,0,0,0,7.764630511049031,0.5369617712621118,0.3057633423327335,0.6584095022507229,0.35902302790977936,
2019-01-10,2019-01-11,4289.5591,4319.4941,4274.1955,4281.8606,6891088900.0,49243142090.7,4288.7717,Development,-0.0016704747114919538,-16.704747114919538,0.7122407780189373,0.8135114753699175,-0.10127069735098027,0,0,0,0,-16.704747114919538,0.7400745385117786,0.5135501813752748,0.77943191343298,0.9084147699037499,
2019-01-11,2019-01-14,4282.3935,4316.5413,4267.2889,4314.8757,6835508500.0,46599960151.7,4281.8606,Development,0.008203449776392535,82.03449776392534,0.5398891053655828,0.8135114753699175,-0.27362237000433476,0,0,0,0,82.03449776392534,0.5570521562332228,0.3508115620393526,0.7100580711981235,0.600320995073007,
2019-01-14,2019-01-15,4317.5239,4325.9474,4278.761,4286.5474,6767961400.0,44765955489.7,4314.8757,Development,-0.007999399841191468,-79.99399841191467,0.48188223591884305,0.8135114753699175,-0.3316292394510745,0,0,0,0,-79.99399841191467,0.532139762075123,0.326705801115607,0.6687812014276592,0.3896576761677894,
2019-01-15,2019-01-16,4282.9863,4350.9338,4271.6362,4347.3555,7200518100.0,50608143346.9,4286.5474,Development,0.014963741537067365,149.63741537067366,0.5797045317691092,0.8135114753699175,-0.23380694360080834,0,0,0,0,149.63741537067366,0.614481985350461,0.3912974177257384,0.7238885497885408,0.6372618677079174,
2019-01-16,2019-01-17,4347.0758,4364.0963,4330.7437,4336.8779,6927474400.0,50030063790.1,4347.3555,Development,-0.0028628210255730036,-28.628210255730036,0.48916386549762947,0.8135114753699175,-0.32434760987228806,0,0,0,0,-28.628210255730036,0.5651671142488941,0.33793953400533744,0.6646246810178996,0.3510409206723313,
2019-01-17,2019-01-18,4334.6309,4347.1786,4297.6681,4303.7308,7456211300.0,48421136077.9,4336.8779,Development,-0.006342477741299701,-63.42477741299702,0.4947596299496677,0.8135114753699175,-0.3187518454202498,0,0,0,0,-63.42477741299702,0.5610108375577613,0.3321781071754439,0.6784081755438458,0.38597672844536535,
2019-01-18,2019-01-21,4307.1386,4351.4382,4297.4773,4347.8112,8337161100.0,55476936296.5,4303.7308,Development,0.011042389023654842,110.42389023654842,0.6424950000921491,0.8135114753699175,-0.17101647527776842,0,0,0,0,110.42389023654842,0.6966581911216522,0.49974813896563075,0.7144290982295477,0.6782958411869385,
2019-01-21,2019-01-22,4354.6997,4395.0631,4352.8102,4373.6333,7278153100.0,52937642777.6,4347.8112,Development,0.0037102673233699868,37.10267323369987,0.49305925214243185,0.8135114753699175,-0.3204522232274857,0,0,0,0,37.10267323369987,0.5536728555346746,0.35319370846553816,0.6534494150054511,0.3884835724318282,
2019-01-22,2019-01-23,4370.8568,4370.8568,4291.9624,4308.2518,6949667200.0,47826602460.9,4373.6333,Development,-0.016454165233690476,-164.54165233690478,0.5546857625802423,0.8135114753699175,-0.25882571278967526,0,0,0,0,-164.54165233690478,0.5883480885211833,0.3884486565578143,0.6879317915908582,0.5908549656053949,
2019-01-23,2019-01-24,4298.938,4322.8895,4292.0872,4315.6846,5848573500.0,40571874370.2,4308.2518,Development,0.004599066094928439,45.99066094928439,0.7879292814870248,0.8135114753699175,-0.025582193882892734,0,0,0,0,45.99066094928439,0.8329075845307106,0.7663584155652045,0.7298820797113537,0.8099143053239257,
2019-01-24,2019-01-25,4318.7091,4363.2181,4292.8296,4338.17,7063030500.0,51572057926.8,4315.6846,Development,0.005257172797306531,52.57172797306531,0.5067343601379795,0.8135114753699175,-0.30677711523193807,0,0,0,0,52.57172797306531,0.5393840138225168,0.403080903377582,0.6420010101768218,0.43275575158562507,
2019-01-25,2019-01-28,4341.4133,4359.4637,4315.9525,4318.4417,7165747800.0,52504910506.0,4338.17,Development,1.8173805290455647e-05,0.18173805290455647,0.6447709032207543,0.8135114753699175,-0.16874057214916327,0,0,0,0,0.18173805290455647,0.646776117280783,0.5049207587903085,0.7207523850774317,0.7807730385435416,
2019-01-28,2019-01-29,4341.4922,4370.898,4297.9632,4307.2196,6727993500.0,49287478131.6,4318.4417,Development,-0.009218719775656914,-92.18719775656913,0.5979082876002725,0.8135114753699175,-0.21560318776964504,0,0,0,0,-92.18719775656913,0.6533530511480341,0.5071458836663407,0.6915118871589572,0.5102174225524678,
2019-01-29,2019-01-30,4301.4692,4301.4692,4188.594,4254.2875,7775372700.0,54223809273.1,4307.2196,Development,-0.015388835051986405,-153.88835051986405,0.6755771960485969,0.8135114753699175,-0.13793427932132063,0,0,0,0,-153.88835051986405,0.686521437895669,0.561463203788159,0.7248857953663892,0.7842208445173705,
2019-01-30,2019-01-31,4235.2746,4266.8811,4211.1908,4211.6235,5851377000.0,42466758482.8,4254.2875,Development,-0.007389697943080087,-73.89697943080087,0.8069139978086465,0.8135114753699175,-0.006597477561271048,0,0,0,0,-73.89697943080087,0.8484716409007433,0.8373321809320694,0.7171399353789661,0.7888115216127609,
2019-01-31,2019-02-01,4203.9772,4240.7162,4151.414,4176.4739,7151120500.0,47694716159.1,4211.6235,Development,-0.0035365082379609225,-35.36508237960923,0.608691467025585,0.8135114753699175,-0.20482000834433256,0,0,0,0,-35.36508237960923,0.6285852312267406,0.614964435449757,0.6665515992800191,0.4758818415059814,
2019-02-01,2019-02-11,4189.1098,4295.0379,4189.1098,4294.2696,6609967700.0,47693471397.3,4176.4739,Development,0.027951236799761192,279.51236799761193,0.8140999144941847,0.8135114753699175,0.0005884391242672038,1,1,1,1,279.51236799761193,0.8336457767758324,0.8590039637824128,0.7145545808927547,0.8308577045932503,预测大涨
2019-02-11,2019-02-12,4306.2006,4403.7282,4306.2006,4402.8668,7529735600.0,56743679261.6,4294.2696,Development,0.021420762423375983,214.20762423375982,0.4961890195653833,0.8135114753699175,-0.3173224558045342,0,1,0,0,214.20762423375982,0.5209300635299586,0.5216461436478979,0.6125631422884215,0.23904991525208247,
2019-02-12,2019-02-13,4398.4427,4452.5007,4394.8339,4439.485,8527115600.0,61588925288.5,4402.8668,Development,0.010068381702460272,100.68381702460272,0.3597284102395817,0.8135114753699175,-0.45378306513033584,0,0,0,0,100.68381702460272,0.1458035849174798,0.47888944363609864,0.6192217244453783,0.24898354857217278,
2019-02-13,2019-02-14,4442.7279,4526.2699,4433.0271,4512.4088,11321890300.0,82940466825.7,4439.485,Development,0.014656017983905922,146.56017983905923,0.45320254795871195,0.8135114753699175,-0.36030892741120557,0,0,0,0,146.56017983905923,0.1962803498211978,0.5359775247549717,0.6705528923969133,0.5554492860049477,
2019-02-14,2019-02-15,4507.8406,4555.2331,4494.5521,4532.1699,9482853300.0,70164059523.1,4512.4088,Development,0.003572508752860415,35.72508752860415,0.47945722777937105,0.8135114753699175,-0.33405424759054647,0,0,0,0,35.72508752860415,0.2667834243138727,0.6499181481930574,0.649671445092873,0.3990379006135388,
2019-02-15,2019-02-18,4523.9449,4544.3864,4497.3858,4502.7348,9351160700.0,67254618818.2,4532.1699,Development,0.0008894007528694736,8.894007528694736,0.5178339966300266,0.8135114753699175,-0.2956774787398909,0,0,0,0,8.894007528694736,0.24259835117126885,0.5961519377410023,0.6856892422282014,0.7348523835881885,
2019-02-18,2019-02-19,4527.9685,4660.999,4527.9685,4660.999,12412400400.0,92189941712.6,4502.7348,Development,0.034310463953095116,343.10463953095115,0.5014074526410166,0.8135114753699175,-0.3121040227289009,0,1,0,0,343.10463953095115,0.29408046897259627,0.6780872961721502,0.621912044352636,0.46709375315344864,
2019-02-19,2019-02-20,4683.3252,4706.5253,4614.2779,4667.2836,14387476800.0,105704251187.5,4660.999,Development,-0.0034103546770573034,-34.10354677057303,0.3324668498553024,0.8135114753699175,-0.48104462551461513,0,0,0,0,-34.10354677057303,0.1892286325183326,0.42107742706205825,0.5356171939564397,0.20244782844547662,
2019-02-20,2019-02-21,4667.3534,4677.9779,4619.46,4667.6243,12021312900.0,87303394554.9,4667.2836,Development,-0.00022968048659011142,-2.296804865901114,0.5018492649823211,0.8135114753699175,-0.31166221038759645,0,0,0,0,-2.296804865901114,0.2606660107442098,0.5379610563179265,0.6275422407190396,0.7783402037630102,
2019-02-21,2019-02-22,4666.2814,4750.418,4643.1096,4659.1431,14595111300.0,111329120909.4,4667.6243,Development,-0.0031595608443160117,-31.595608443160117,0.36366021913106295,0.8135114753699175,-0.4498512562388546,0,0,0,0,-31.595608443160117,0.20986814382190447,0.36598117910366373,0.5485079383484764,0.4322410852870292,
2019-02-22,2019-02-25,4651.538,4777.2977,4649.2158,4777.2977,14616614200.0,111540083318.7,4659.1431,Development,0.040632883145316656,406.3288314531666,0.7076248750112504,0.8135114753699175,-0.10588660035866715,0,1,0,0,406.3288314531666,0.4999108450605302,0.8353948120876822,0.6908858524197,0.9484359548361571,
2019-02-25,2019-02-26,4840.5434,5045.0755,4835.4825,5044.3466,24178357900.0,190541189539.8,4777.2977,Development,0.045189265320914274,451.89265320914274,0.4553785858521448,0.8135114753699175,-0.3581328895177727,0,1,0,0,451.89265320914274,0.4909828638467554,0.4054178408612601,0.6330857888611741,0.22280339471023033,
2019-02-26,2019-02-27,5059.284,5149.6229,5004.552,5038.5435,26283326500.0,196257557763.0,5044.3466,Development,-0.0063045482325166935,-63.04548232516694,0.4303378724167795,0.8135114753699175,-0.383173602953138,0,0,0,0,-63.04548232516694,0.4638615408030973,0.36600674248432447,0.6066827369117476,0.229205365797069,
2019-02-27,2019-02-28,5027.3875,5093.7952,4964.623,5017.8842,20885408700.0,155472037772.2,5038.5435,Development,-0.001978602206414326,-19.78602206414326,0.7335400915619166,0.8135114753699175,-0.07997138380800095,0,0,0,0,-19.78602206414326,0.6531950964082681,0.6988945576867533,0.7657266222823652,0.9206464108043381,
2019-02-28,2019-03-01,5017.4403,5072.6687,4994.0501,5025.2913,15604287700.0,116972246659.7,5017.8842,Development,0.005936772182421501,59.36772182421501,0.838279904138006,0.8135114753699175,0.02476842876808849,1,0,0,1,59.36772182421501,0.866322509103655,0.9149495181383475,0.7094600061500307,0.8216449038188707,预测大涨
2019-03-01,2019-03-04,5047.2277,5067.3068,4984.993,5067.225,14982833000.0,112765394519.4,5025.2913,Development,0.013021762422170902,130.217624221709,0.641542661047045,0.8135114753699175,-0.17196881432287248,0,0,0,0,130.217624221709,0.5788232507790665,0.6420093427989232,0.6634040710126446,0.7439452760980131,
2019-03-04,2019-03-05,5112.9515,5253.388,5108.2823,5158.2467,23244686400.0,183781732245.9,5067.225,Development,0.0065850223691736876,65.85022369173687,0.4424869462669681,0.8135114753699175,-0.3710245291029494,0,0,0,0,65.85022369173687,0.4612336564899858,0.46519206407156366,0.5279809859125436,0.24536192637234686,
2019-03-05,2019-03-06,5146.6204,5295.2878,5125.154,5295.2878,20689126100.0,168045744430.0,5158.2467,Development,0.035267318335737485,352.67318335737485,0.8836159886231116,0.8135114753699175,0.07010451325319411,1,1,1,1,352.67318335737485,0.9633040476829042,0.9583935937543187,0.6932697574083734,0.8451441220617053,预测大涨
2019-03-06,2019-03-07,5328.1279,5395.554,5256.7934,5390.0294,26496431800.0,209513257015.7,5295.2878,Development,0.00996573299225778,99.65732992257782,0.4535709018923181,0.8135114753699175,-0.35994057347759945,0,0,0,0,99.65732992257782,0.4266739466984047,0.5839999337389391,0.4862511244215082,0.23754081997016058,
2019-03-07,2019-03-08,5381.2266,5512.6438,5353.5735,5458.6153,26696722000.0,214811701314.4,5390.0294,Development,-0.007641547746753519,-76.41547746753518,0.46423994858536344,0.8135114753699175,-0.3492715267845541,0,0,0,0,-76.41547746753518,0.4442129272796285,0.5690585853242853,0.49492359279940973,0.2811747437726233,
2019-03-08,2019-03-11,5340.1057,5480.1728,5245.5313,5245.6999,28568024900.0,229867708699.5,5458.6153,Development,-0.011302210740884888,-113.02210740884888,0.7109387711334954,0.8135114753699175,-0.10257270423642217,0,0,0,0,-113.02210740884888,0.7713730056750074,0.8165462025348934,0.5718335545823442,0.5889726905381684,
2019-03-11,2019-03-12,5279.7507,5456.4199,5272.1903,5456.381,21425221300.0,185766885697.5,5245.6999,Development,0.04189311438511689,418.93114385116894,0.9143327104448862,0.8135114753699175,0.10082123507496865,1,1,1,1,418.93114385116894,0.9801480867877522,0.9582735748223622,0.7396983176555819,0.9377008131410062,预测大涨
2019-03-12,2019-03-13,5500.9359,5591.6863,5458.7596,5551.0029,24933399300.0,216216097858.9,5456.381,Development,0.01022002455982074,102.2002455982074,0.4825832942960705,0.8135114753699175,-0.330928181073847,0,0,0,0,102.2002455982074,0.4032752767054005,0.6104148111950649,0.5748167058073753,0.3005867362749598,
2019-03-13,2019-03-14,5557.1556,5557.1556,5388.2464,5424.8642,22434923600.0,201483723055.0,5551.0029,Development,-0.03167908417032639,-316.7908417032639,0.6378014266742076,0.8135114753699175,-0.17571004869570994,0,0,0,0,-316.7908417032639,0.595759904027915,0.7048672322002498,0.6511618050165866,0.5914039824062344,
2019-03-14,2019-03-15,5381.11,5432.5207,5236.7529,5298.5024,17860867900.0,154289289898.8,5424.8642,Development,-0.009719463084753799,-97.194630847538,0.8659781899177501,0.8135114753699175,0.05246671454783258,1,0,0,0,-97.194630847538,0.9021559923760409,0.884340801799488,0.772597881722202,0.8853637126697195,预测大涨
2019-03-15,2019-03-18,5328.8085,5418.3293,5308.0621,5359.0087,15284646500.0,139681586047.2,5298.5024,Development,0.01099065579106484,109.9065579106484,0.8376891027780365,0.8135114753699175,0.024177627408119018,1,0,0,1,109.9065579106484,0.8567648103387485,0.8576574680792591,0.7911007412778706,0.8262675819971123,预测大涨
2019-03-18,2019-03-19,5387.3756,5501.183,5333.2557,5501.183,17265525500.0,153883835940.4,5359.0087,Development,0.021962994375220424,219.62994375220424,0.7020178468311403,0.8135114753699175,-0.1114936285387772,0,1,0,0,219.62994375220424,0.6201680733148385,0.7430514758180535,0.7549209430508702,0.7313980075240547,
2019-03-19,2019-03-20,5505.6985,5555.1227,5486.7986,5522.1801,16671393100.0,150233661548.1,5501.183,Development,0.002290390583501667,22.90390583501667,0.4727731002666248,0.8135114753699175,-0.34073837510329275,0,0,0,0,22.90390583501667,0.36852303223178634,0.5922730836921695,0.6226410134426361,0.27911114322893776,
2019-03-20,2019-03-21,5518.3087,5533.0525,5415.7549,5515.7856,17682073500.0,154380099338.4,5522.1801,Development,0.0013923650193763404,13.923650193763404,0.5376533692314043,0.8135114753699175,-0.27585810613851325,0,0,0,0,13.923650193763404,0.4058193556369516,0.577911375989648,0.691799003034311,0.535398889813693,
2019-03-21,2019-03-22,5525.9922,5634.6618,5513.392,5589.478,20715004500.0,184005098811.5,5515.7856,Development,0.01177173214251015,117.71732142510149,0.48484569126217814,0.8135114753699175,-0.3286657841077394,0,0,0,0,117.71732142510149,0.3821390931550717,0.5246680494877366,0.6512698684708014,0.4045748416831951,
2019-03-22,2019-03-25,5591.0427,5625.095,5505.8058,5622.1402,18195482300.0,168610426964.1,5589.478,Development,-0.012482769984926034,-124.82769984926034,0.6195159634869565,0.8135114753699175,-0.19399551188296105,0,0,0,0,-124.82769984926034,0.5689668969902006,0.6163333588414772,0.7097767610032834,0.6083936913372016,
2019-03-25,2019-03-26,5521.251,5629.2277,5507.3576,5549.6711,17843293700.0,166384283611.4,5622.1402,Development,0.009105563213844148,91.05563213844148,0.4414877176864342,0.8135114753699175,-0.37202375768348334,0,0,0,0,91.05563213844148,0.3675330523994289,0.4774539123447182,0.6138858799205645,0.2986530676973939,
2019-03-26,2019-03-27,5571.5251,5589.4127,5380.8535,5394.8787,17616473000.0,160539919363.1,5549.6711,Development,-0.025046499386676024,-250.46499386676024,0.7381704002030427,0.8135114753699175,-0.07534107516687483,0,0,0,0,-250.46499386676024,0.7121842659523957,0.7008526759987826,0.7735673397993209,0.8100261608982403,
2019-03-27,2019-03-28,5431.9779,5447.8795,5333.7848,5447.8795,14495660800.0,134714503064.4,5394.8787,Development,0.00017781736556776728,1.7781736556776728,0.8872246217360722,0.8135114753699175,0.07371314636615467,1,0,0,1,1.7781736556776728,0.9254368384856039,0.8830070452854064,0.8225992170872694,0.9022643513240857,预测大涨
2019-03-28,2019-03-29,5432.9438,5487.7654,5370.1234,5370.1234,14926108200.0,141312489924.2,5447.8795,Development,-0.011508107262217626,-115.08107262217626,0.4554167442937447,0.8135114753699175,-0.35809473107617285,0,0,0,0,-115.08107262217626,0.35353579912300814,0.5263545905405066,0.6360648097114897,0.29938143190032657,
2019-03-29,2019-04-01,5370.4209,5550.7601,5346.2139,5547.6561,17833301700.0,164954573844.1,5370.1234,Development,0.04119680824272076,411.9680824272076,0.8029637361128008,0.8135114753699175,-0.010547739257116717,0,1,0,0,411.9680824272076,0.8005479786444618,0.8025902639387145,0.8004382859620046,0.8122232909950167,
2019-04-01,2019-04-02,5591.6651,5763.5806,5591.6651,5757.8379,22118163100.0,208464845273.6,5547.6561,Development,0.036325977390884834,363.25977390884833,0.44865532620661536,0.8135114753699175,-0.36485614916330217,0,1,0,0,363.25977390884833,0.3578072737291075,0.5172166547501105,0.6148009218782634,0.293274918721687,
2019-04-02,2019-04-03,5794.7878,5833.0223,5750.3296,5775.5497,22875028400.0,216017608686.9,5757.8379,Development,-0.008726169403476813,-87.26169403476814,0.44176455726071784,0.8135114753699175,-0.3717469181091997,0,0,0,0,-87.26169403476814,0.3654565682945156,0.48210089691905783,0.6024977398615666,0.3123223133356354,
2019-04-03,2019-04-04,5744.2215,5843.468,5724.1257,5836.0369,19910476300.0,182304278560.5,5775.5497,Development,0.021616575892834167,216.16575892834166,0.5176787958917759,0.8135114753699175,-0.2958326794781416,0,1,0,0,216.16575892834166,0.40175084638294656,0.4782742127593428,0.6895316620404471,0.5966860181253731,
2019-04-04,2019-04-08,5868.3919,5894.9882,5813.4624,5871.5575,20883485900.0,196845266327.9,5836.0369,Development,0.009000523635785296,90.00523635785297,0.4320080832925906,0.8135114753699175,-0.3815033920773269,0,0,0,0,90.00523635785297,0.37415921584798967,0.4193422684792178,0.6038615261480963,0.34080361860944947,
2019-04-08,2019-04-09,5921.2105,5939.4979,5765.9069,5847.6296,23831746600.0,222907102712.6,5871.5575,Development,-0.014679515278168243,-146.79515278168242,0.47572220430930895,0.8135114753699175,-0.3377892710606086,0,0,0,0,-146.79515278168242,0.3909584476774945,0.4046577659498876,0.6610936257538181,0.5253222497947015,
2019-04-09,2019-04-10,5834.29,5877.84,5798.3736,5858.0464,17936350200.0,169072553747.2,5847.6296,Development,-0.0014164876960177653,-14.164876960177653,0.582212435872169,0.8135114753699175,-0.23129903949774855,0,0,0,0,-14.164876960177653,0.504701719252929,0.48571407448852033,0.7249662188981695,0.7195083894486882,
2019-04-10,2019-04-11,5826.0258,5906.4273,5782.3689,5850.7609,17875360700.0,172671580646.6,5858.0464,Development,0.0045674703328639765,45.674703328639765,0.445145829140149,0.8135114753699175,-0.36836564622976853,0,0,0,0,45.674703328639765,0.36842435852575695,0.35689810070950606,0.6465516527682971,0.485679471460653,
2019-04-11,2019-04-12,5852.636,5866.9221,5720.5516,5727.1749,16587607300.0,157397019816.4,5850.7609,Development,-0.022654390261072188,-226.5439026107219,0.49148370819951653,0.8135114753699175,-0.322027767170401,0,0,0,0,-226.5439026107219,0.38690351102532733,0.35045100783897015,0.7089125031619503,0.6615592597522781,
2019-04-12,2019-04-15,5720.0481,5749.3368,5673.7447,5714.3676,14007834100.0,126121980270.3,5727.1749,Development,0.01319097299199301,131.9097299199301,0.8226550910086694,0.8135114753699175,0.009143615638751879,1,0,0,1,131.9097299199301,0.8648252414273462,0.7873103548548267,0.7823742242738044,0.850283001398645,预测大涨
2019-04-15,2019-04-16,5795.5011,5815.3916,5654.3441,5655.9825,15775413600.0,147932909423.9,5714.3676,Development,-0.029398493255397895,-293.984932553979,0.46898149912701537,0.8135114753699175,-0.34452997624290216,0,0,0,0,-293.984932553979,0.37461009173220267,0.39435587110704706,0.6572056260935869,0.5413074142969009,
2019-04-16,2019-04-17,5625.1221,5777.0111,5583.6142,5777.0111,15602963200.0,147394539976.1,5655.9825,Development,0.026935077551472286,269.35077551472284,0.8086086818624137,0.8135114753699175,-0.004902793507503778,0,1,0,0,269.35077551472284,0.8188554081493947,0.7927422979111474,0.7787181216437998,0.8557000807178894,
2019-04-17,2019-04-18,5776.6352,5840.6249,5757.9952,5807.7288,16980015500.0,158856829046.1,5777.0111,Development,0.004789327877239069,47.89327877239069,0.39761878519252786,0.8135114753699175,-0.41589269017738967,0,0,0,0,47.89327877239069,0.35549612336248754,0.4059797800139821,0.54873182129858,0.2647172759979969,
2019-04-18,2019-04-19,5804.3014,5826.6736,5762.5678,5775.171,15132250500.0,141406848441.0,5807.7288,Development,-0.007201641872009001,-72.01641872009002,0.4812376669528084,0.8135114753699175,-0.33227380841710913,0,0,0,0,-72.01641872009002,0.3989810429059655,0.4064706678006657,0.6424113223061918,0.5652614654576973,
2019-04-19,2019-04-22,5762.5009,5810.1798,5710.7953,5810.1798,14872428900.0,133507303999.7,5775.171,Development,0.010155660019072643,101.55660019072643,0.44320701131913864,0.8135114753699175,-0.3703044640507789,0,0,0,0,101.55660019072643,0.41571669979686227,0.3835926533958996,0.5812524187501721,0.4161366144519731,
2019-04-22,2019-04-23,5821.0229,5824.5207,5704.9769,5723.0417,15816102600.0,143410616804.9,5810.1798,Development,-0.01894675590436168,-189.46755904361677,0.3746442713448678,0.8135114753699175,-0.43886720402504975,0,0,0,0,-189.46755904361677,0.3656981580285669,0.3225454651622648,0.5239315556832985,0.27955765699621987,
2019-04-23,2019-04-24,5710.7334,5710.7334,5610.7353,5628.0624,14987146100.0,133768248901.6,5723.0417,Development,-0.013016156558805503,-130.16156558805503,0.7093501786119825,0.8135114753699175,-0.10416129675793506,0,0,0,0,-130.16156558805503,0.7337270086747872,0.6457530174858974,0.706685532793735,0.772508334699261,
2019-04-24,2019-04-25,5636.4016,5682.4788,5568.408,5679.7256,13478441200.0,121970724630.8,5628.0624,Development,0.0027684329661676887,27.684329661676887,0.6504782719349865,0.8135114753699175,-0.163033203434931,0,0,0,0,27.684329661676887,0.6540593630484334,0.6137146628369369,0.6584985952586493,0.6961768246704625,
2019-04-25,2019-04-26,5652.0056,5662.7898,5457.8254,5458.4194,15140171800.0,132098714891.2,5679.7256,Development,-0.03969967757993731,-396.9967757993731,0.3691373099629432,0.8135114753699175,-0.44437416540697433,0,0,0,0,-396.9967757993731,0.3468494019999879,0.3455572822908179,0.49112545410900654,0.2900304646096051,
2019-04-26,2019-04-29,5427.6228,5496.0353,5407.1942,5408.0306,12427988000.0,108970816460.3,5458.4194,Development,-0.004137852026120936,-41.37852026120936,0.8680583099715082,0.8135114753699175,0.05454683460159071,1,0,0,0,-41.37852026120936,0.9222564713665735,0.8924663891623656,0.755534910987255,0.8648927520263421,预测大涨
2019-04-29,2019-04-30,5405.1641,5421.6568,5252.0486,5265.6011,13867238700.0,119713196260.4,5408.0306,Development,-0.029808419692567645,-298.08419692567645,0.5963117004352042,0.8135114753699175,-0.21719977493471332,0,0,0,0,-298.08419692567645,0.5382646323162996,0.6095796261186526,0.6603490019021847,0.6083915607247433,
2019-04-30,2019-05-06,5244.0447,5349.9438,5244.0447,5307.56,10219034000.0,90849649254.3,5265.6011,Development,-0.02318345989689985,-231.8345989689985,0.8311130408586858,0.8135114753699175,0.017601565488768234,1,0,0,0,-231.8345989689985,0.8510429189648614,0.8548701977282605,0.7565597420080317,0.8496978112809556,预测大涨
2019-05-06,2019-05-07,5122.4696,5125.1616,4874.6433,4908.7984,14338623300.0,116597523171.7,5307.56,Development,-0.03697964356879746,-369.7964356879746,0.5272210118369604,0.8135114753699175,-0.2862904635329572,0,0,0,0,-369.7964356879746,0.4019175163588997,0.5437240574725658,0.6521524404602372,0.5928298955085238,
2019-05-07,2019-05-08,4933.0425,4990.1939,4886.0568,4973.4043,11657368700.0,97660954760.0,4908.7984,Development,-0.013633513191909308,-136.33513191909307,0.8330003205535379,0.8135114753699175,0.019488845183620374,1,0,0,0,-136.33513191909307,0.8560634797436264,0.8590994116846955,0.7614484293626848,0.8367015481824971,预测大涨
2019-05-08,2019-05-09,4865.7878,5028.526,4842.5603,4947.7419,10773812100.0,88503433406.3,4973.4043,Development,0.006615639917548544,66.15639917548543,0.45646989862254356,0.8135114753699175,-0.35704157674737397,0,0,0,0,66.15639917548543,0.35581129256024896,0.5154084394169672,0.5873847170977944,0.3872191147112083,
2019-05-09,2019-05-10,4897.9781,4955.7835,4879.6945,4888.4128,9093465600.0,75438861419.0,4947.7419,Development,0.00867772356924168,86.7772356924168,0.5339307355349232,0.8135114753699175,-0.2795807398349943,0,0,0,0,86.7772356924168,0.42178711830262205,0.5312068624821238,0.6665112448678088,0.5947044996632445,
2019-05-10,2019-05-13,4940.4814,5064.323,4842.6072,5064.323,12217748300.0,103926817467.4,4888.4128,Development,0.013964914431213282,139.64914431213282,0.5423944256675722,0.8135114753699175,-0.2711170497023453,0,0,0,0,139.64914431213282,0.4674799958383752,0.5363046902633714,0.6475680162928861,0.5676309389021609,
2019-05-13,2019-05-14,5009.4748,5040.5037,4985.1882,5005.9044,9173639400.0,81269399674.7,5064.323,Development,-0.013390844884577535,-133.90844884577535,0.3656032528781383,0.8135114753699175,-0.44790822249177925,0,0,0,0,-133.90844884577535,0.3199617033361746,0.378330061180973,0.5047985844538291,0.24892605020827532,
2019-05-14,2019-05-15,4942.3937,5018.4131,4941.9271,4965.6124,8754096900.0,78269150192.2,5005.9044,Development,0.012182639355500902,121.82639355500902,0.4102121528276759,0.8135114753699175,-0.4032993225422416,0,0,0,0,121.82639355500902,0.35878915940934936,0.3692818834301209,0.5480043716211503,0.40164968444631366,
2019-05-15,2019-05-16,5002.6051,5086.7298,4999.3368,5076.555,9746386000.0,88150026771.1,4965.6124,Development,0.013693545388981487,136.93545388981488,0.4742814726043565,0.8135114753699175,-0.33923000276556103,0,0,0,0,136.93545388981488,0.40447104677119294,0.38049248202322195,0.6196896762169705,0.58682308104947,
2019-05-16,2019-05-17,5071.1085,5118.4448,5059.2068,5108.3588,10442216600.0,91206178690.5,5076.555,Development,0.008111165438483559,81.11165438483559,0.3828895940459573,0.8135114753699175,-0.43062188132396023,0,0,0,0,81.11165438483559,0.3497011210039366,0.30857314327711677,0.5474889390007337,0.35714478879290457,
2019-05-17,2019-05-20,5112.2411,5116.9934,4923.6727,4942.5792,11907121300.0,103931108299.2,5108.3588,Development,-0.034244159572208055,-342.44159572208054,0.38167029515814205,0.8135114753699175,-0.4318411802117755,0,0,0,0,-342.44159572208054,0.34138115869243335,0.27721847696447494,0.5658163937450128,0.39687450642974303,
2019-05-20,2019-05-21,4937.1767,4947.7455,4835.8087,4923.5589,9568649700.0,84271517275.2,4942.5792,Development,-0.004017336466811017,-40.17336466811017,0.8203028421724692,0.8135114753699175,0.006791366802551657,1,0,0,0,-40.17336466811017,0.8670220256100055,0.7980078526789695,0.7592137816083759,0.8440382672569563,预测大涨
2019-05-21,2019-05-22,4917.3424,5026.2842,4904.8232,5009.8725,10083707300.0,91301255167.5,4923.5589,Development,0.017248707350539627,172.48707350539627,0.4188363480024787,0.8135114753699175,-0.3946751273674388,0,1,0,0,172.48707350539627,0.35707551082738326,0.3493470316136829,0.5970138955547729,0.42669030279554443,
2019-05-22,2019-05-23,5002.1602,5018.1092,4941.0098,4976.3929,9409270900.0,86507936442.6,5009.8725,Development,-0.009377548523935797,-93.77548523935798,0.4044926788909981,0.8135114753699175,-0.4090187964789194,0,0,0,0,-93.77548523935798,0.37765883639795306,0.33491216881429825,0.5675990458547935,0.3590092322477251,
2019-05-23,2019-05-24,4955.2522,4957.9863,4860.1881,4872.9202,9056368100.0,82582767292.1,4976.3929,Development,-0.021527965821800055,-215.27965821800055,0.46353589799361145,0.8135114753699175,-0.3499755773763061,0,0,0,0,-215.27965821800055,0.3936465734296371,0.32664085399798864,0.6531871054067269,0.5908466294913629,
2019-05-24,2019-05-27,4848.5757,4892.4587,4831.3352,4841.7573,7793343600.0,69305381771.0,4872.9202,Development,1.3612244931904272e-05,0.13612244931904272,0.6439909718366706,0.8135114753699175,-0.16952050353324688,0,0,0,0,0.13612244931904272,0.640311284265658,0.5441293464510021,0.7128502582035987,0.7318866335954659,
2019-05-27,2019-05-28,4848.6417,4974.2676,4824.142,4962.947,9307641400.0,81678357210.7,4841.7573,Development,0.02411997157884449,241.1997157884449,0.4197519885238385,0.8135114753699175,-0.39375948684607903,0,1,0,0,241.1997157884449,0.3794662945202457,0.3194004697046747,0.5962331362216712,0.43831266813048997,
2019-05-28,2019-05-29,4965.5908,5002.2491,4933.8967,4955.4855,9026398900.0,83641973469.4,4962.947,Development,-0.004435121798598507,-44.35121798598507,0.3645128629592541,0.8135114753699175,-0.4489986124106634,0,0,0,0,-44.35121798598507,0.3579626249555518,0.2861715060808143,0.5243486240185962,0.2957553217977958,
2019-05-29,2019-05-30,4943.5678,4992.9887,4930.4307,4956.8638,8587685200.0,78641296290.8,4955.4855,Development,-0.0020364239770311876,-20.364239770311876,0.4094413646909858,0.8135114753699175,-0.4040701106789317,0,0,0,0,-20.364239770311876,0.34928205495889475,0.26165555659892165,0.6167180554477034,0.5108996122423046,
2019-05-30,2019-05-31,4933.5006,4933.8544,4865.7753,4926.403,9477960200.0,80822550059.3,4956.8638,Development,-0.0019419679405735524,-19.419679405735522,0.3878284205838535,0.8135114753699175,-0.42568305478606405,0,0,0,0,-19.419679405735522,0.3397211710363797,0.24377031738359828,0.5925301613441806,0.4606931129272318,
2019-05-31,2019-06-03,4923.9199,4969.0513,4902.7379,4912.0005,8671672900.0,75731116074.4,4926.403,Development,-0.00044913403241986227,-4.491340324198623,0.36523930161738155,0.8135114753699175,-0.448272173752536,0,0,0,0,-4.491340324198623,0.3541838625942335,0.24092270229044654,0.5558367174088684,0.344214711650413,
2019-06-03,2019-06-04,4921.7084,4942.0652,4838.3523,4853.8153,9854083000.0,83580691984.2,4912.0005,Development,-0.015044572734134398,-150.44572734134397,0.42074040521228484,0.8135114753699175,-0.3927710701576327,0,0,0,0,-150.44572734134397,0.38681847713321743,0.25487846316099644,0.6308723875032016,0.4941514253200468,
2019-06-04,2019-06-05,4847.6634,4853.8105,4768.0393,4795.4129,8675165300.0,77250794625.1,4853.8153,Development,-0.002015073901376896,-20.15073901376896,0.6492257083156967,0.8135114753699175,-0.16428576705422082,0,0,0,0,-20.15073901376896,0.6690654581798751,0.4710167951444162,0.7429677466382164,0.7900365352105931,
2019-06-05,2019-06-06,4837.895,4850.8038,4777.9781,4783.8245,8130016500.0,72772853682.6,4795.4129,Development,-0.01269258634178716,-126.9258634178716,0.5419769240197803,0.8135114753699175,-0.27153455135013727,0,0,0,0,-126.9258634178716,0.5113883474660896,0.37472848461052016,0.6878779079911149,0.6990485652019928,
2019-06-06,2019-06-10,4776.4896,4776.6879,4668.5413,4678.7844,8341693100.0,70429637482.1,4783.8245,Development,-0.017319476629866437,-173.19476629866438,0.4347431977848607,0.8135114753699175,-0.3787682775850568,0,0,0,0,-173.19476629866438,0.38690830167684925,0.28307280289392706,0.6318578901993744,0.5307828410035622,
2019-06-10,2019-06-11,4693.7633,4750.5423,4662.7808,4725.2643,7336138100.0,63265364509.3,4678.7844,Development,0.007892600804987326,78.92600804987326,0.7052424080026788,0.8135114753699175,-0.10826906736723874,0,0,0,0,78.92600804987326,0.738968816737416,0.6060111469997053,0.7278578691870481,0.7761322370680578,
2019-06-11,2019-06-12,4730.8093,4903.8673,4728.4832,4901.4723,11681144600.0,99669915566.1,4725.2643,Development,0.03351462507693981,335.1462507693981,0.43132928882107396,0.8135114753699175,-0.38218218654884356,0,1,0,0,335.1462507693981,0.3796423331101336,0.3189337937658783,0.603705360111568,0.5008390880289852,
2019-06-12,2019-06-13,4889.3606,4917.0919,4852.9834,4863.4922,10784756100.0,94685225285.3,4901.4723,Development,-0.006917223491349822,-69.17223491349822,0.337739075046786,0.8135114753699175,-0.4757724003231315,0,0,0,0,-69.17223491349822,0.34160309589151433,0.2750757889364332,0.49592771304201116,0.22167940420142132,
2019-06-13,2019-06-14,4855.5398,4892.5811,4831.5194,4877.6505,9617253800.0,79697102665.4,4863.4922,Development,0.005084213293854667,50.84213293854667,0.4265598275159269,0.8135114753699175,-0.3869516478539906,0,0,0,0,50.84213293854667,0.4193650463624291,0.3181246440411554,0.5782724946337834,0.42300539126090675,
2019-06-14,2019-06-17,4880.2264,4893.9284,4786.195,4795.5267,10280389400.0,83140662637.5,4877.6505,Development,-0.017234057010142023,-172.34057010142024,0.3758420432154013,0.8135114753699175,-0.4376694321545162,0,0,0,0,-172.34057010142024,0.34081064384772847,0.260632368960624,0.5527038123644284,0.40871576423765393,
2019-06-17,2019-06-18,4796.1203,4826.5959,4779.6429,4802.8185,7336113800.0,64090002525.5,4795.5267,Development,0.0017058579619031455,17.058579619031455,0.7462274786304919,0.8135114753699175,-0.06728399673942564,0,0,0,0,17.058579619031455,0.7828372395585748,0.6692663733213816,0.7378363657834864,0.8146514511138906,
2019-06-18,2019-06-19,4804.3018,4825.6252,4773.5495,4797.1468,6652389700.0,56694905767.0,4802.8185,Development,0.020535346051740344,205.35346051740345,0.35744911522286715,0.8135114753699175,-0.45606236014705037,0,1,0,0,205.35346051740345,0.3315183862568026,0.29671223412410574,0.5094988000427778,0.3097731395712096,
2019-06-19,2019-06-20,4902.9598,4931.1098,4856.9033,4858.9164,9827437600.0,88246816060.7,4797.1468,Development,-0.010147136021796288,-101.47136021796288,0.3654248910144135,0.8135114753699175,-0.448086584355504,0,0,0,0,-101.47136021796288,0.3384126710722637,0.27961359347577336,0.5256562160198298,0.35267755720165456,
2019-06-20,2019-06-21,4853.2088,4987.5951,4837.1763,4954.7338,11969596100.0,102804340132.3,4858.9164,Development,0.024803486715840428,248.03486715840427,0.5398354359490072,0.8135114753699175,-0.27367603942091034,0,1,0,0,248.03486715840427,0.5615786187778885,0.4553304593249272,0.6182442029474614,0.5337028269069,
2019-06-21,2019-06-24,4973.5853,5045.7149,4973.5853,5021.3051,12281421400.0,106832740482.8,4954.7338,Development,0.011820305967206401,118.20305967206401,0.45676705295654907,0.8135114753699175,-0.35674442241336846,0,0,0,0,118.20305967206401,0.4682518974177715,0.3893531553222035,0.5634317174463646,0.40367216566305975,
2019-06-24,2019-06-25,5032.3746,5038.4798,4996.1699,5024.2046,9962015700.0,86442218788.6,5021.3051,Development,-0.002419076672074527,-24.190766720745273,0.4340793591477003,0.8135114753699175,-0.37943211622221723,0,0,0,0,-24.190766720745273,0.3890549908701293,0.3252964374175401,0.584529888591299,0.5132567767803711,
2019-06-25,2019-06-26,5020.2009,5020.2009,4910.1971,4974.9882,9920218000.0,85713850536.5,5024.2046,Development,-0.015223653698799189,-152.23653698799188,0.3315580576281964,0.8135114753699175,-0.4819534177417211,0,0,0,0,-152.23653698799188,0.3327900748030359,0.26655690086643924,0.4615361211773856,0.26397220808460214,
2019-06-26,2019-06-27,4943.7751,4991.1275,4928.733,4962.5936,7003568700.0,64206718430.5,4974.9882,Development,0.006313151259651706,63.131512596517055,0.5122164643870579,0.8135114753699175,-0.3012950109828596,0,0,0,0,63.131512596517055,0.48225643960997744,0.38444193973083407,0.6311370667610888,0.635971106922453,
2019-06-27,2019-06-28,4974.9859,5030.3718,4972.6702,5007.4833,8163126600.0,77117707879.1,4962.5936,Development,0.006071615197944746,60.71615197944746,0.38444912713718027,0.8135114753699175,-0.42906234823273726,0,0,0,0,60.71615197944746,0.3387280719847218,0.2681438574132648,0.5590312922941795,0.4450901142621326,
2019-06-28,2019-07-01,5005.1921,5005.1921,4920.4349,4950.4798,7716462800.0,70271421892.0,5007.4833,Development,0.007886150863220642,78.86150863220642,0.376669571386459,0.8135114753699175,-0.4368419039834585,0,0,0,0,78.86150863220642,0.3488030071375099,0.26885923222251906,0.550057914968977,0.3861451415264081,
2019-07-01,2019-07-02,5044.6638,5100.2619,5016.2363,5100.2619,11163021400.0,108157182513.9,4950.4798,Development,0.009550289555470437,95.50289555470437,0.520788437433383,0.8135114753699175,-0.29272303793653454,0,0,0,0,95.50289555470437,0.4785667231968684,0.36065885203986836,0.6764047555758987,0.6767639171786679,
2019-07-02,2019-07-03,5092.8418,5102.4091,5066.2507,5084.41,9708063700.0,91618108604.6,5100.2619,Development,-0.0035603108661258487,-35.60310866125849,0.33051545545419975,0.8135114753699175,-0.4829960199157178,0,0,0,0,-35.60310866125849,0.3407412680874614,0.25567876698985753,0.48939716052662086,0.2212874639465386,
2019-07-03,2019-07-04,5074.7097,5074.7097,5021.8958,5040.7227,8535858900.0,79210212964.4,5084.41,Development,-0.0054834072577590875,-54.834072577590874,0.33842746038335986,0.8135114753699175,-0.47508401498655767,0,0,0,0,-54.834072577590874,0.35077371053468515,0.2511608511434114,0.500458877257306,0.2421150467800274,
2019-07-04,2019-07-05,5046.883,5067.997,5002.3322,5025.0207,8014718900.0,72016475806.0,5040.7227,Development,-0.004072097569925659,-40.72097569925659,0.37822150516764524,0.8135114753699175,-0.4352899702022723,0,0,0,0,-40.72097569925659,0.37994362074790955,0.2665789140753929,0.545309192287962,0.3401909741805897,
2019-07-05,2019-07-08,5026.3316,5055.0145,5001.5234,5042.6599,6490414100.0,60552010316.7,5025.0207,Development,0.0004582467261013967,4.582467261013967,0.42423160584786196,0.8135114753699175,-0.38927986952205557,0,0,0,0,4.582467261013967,0.3942563509830012,0.2706103532619575,0.6084409576462976,0.5034783557381746,
2019-07-08,2019-07-09,5028.6349,5028.6349,4855.2148,4870.7807,9176607700.0,81431278977.5,5042.6599,Development,-0.03184957810319444,-318.49578103194443,0.3838506468203779,0.8135114753699175,-0.42966082854953963,0,0,0,0,-318.49578103194443,0.37866386893300796,0.254332705254844,0.5546176016732943,0.3867243846479631,
2019-07-09,2019-07-10,4868.475,4892.5583,4838.9366,4881.6235,6101251200.0,56755420859.3,4870.7807,Development,0.004813848278978572,48.13848278978572,0.8541533828713681,0.8135114753699175,0.04064190750145058,1,0,0,1,48.13848278978572,0.9161280372254273,0.8450120913700905,0.7763495867291637,0.8454347221917592,预测大涨
2019-07-10,2019-07-11,4891.9111,4896.0413,4829.2848,4843.8649,6079519200.0,55261260669.1,4881.6235,Development,-0.004952788287587717,-49.52788287587717,0.4110587685377526,0.8135114753699175,-0.40245270683216494,0,0,0,0,-49.52788287587717,0.3497197765885211,0.37255847303504414,0.5564050726188846,0.40892847544805266,
2019-07-11,2019-07-12,4867.6825,4905.1604,4821.5516,4844.5474,6262848400.0,56483156357.0,4843.8649,Development,-0.0039978983838818705,-39.978983838818706,0.47489087309925593,0.8135114753699175,-0.3386206022706616,0,0,0,0,-39.978983838818706,0.40992538794454153,0.39108983978059114,0.6450547876739966,0.5256189548204191,
2019-07-12,2019-07-15,4848.222,4874.3204,4820.6635,4861.5679,6147939800.0,54064544424.8,4844.5474,Development,0.0005503873378736035,5.503873378736035,0.4616587157183394,0.8135114753699175,-0.35185275965157814,0,0,0,0,5.503873378736035,0.3382054874528825,0.3360540456245529,0.6773835503773756,0.6471833507903868,
2019-07-15,2019-07-16,4850.8904,4951.6237,4787.9062,4925.3243,8459448100.0,75865112765.4,4861.5679,Development,0.013791839122978322,137.91839122978323,0.39976483611976876,0.8135114753699175,-0.41374663925014876,0,0,0,0,137.91839122978323,0.34020939347554635,0.3196262946659934,0.5731780588804707,0.4281194179868828,
2019-07-16,2019-07-17,4917.7931,4940.2313,4909.6633,4932.0458,6892496200.0,60958972154.8,4925.3243,Development,0.0026136723808083406,26.136723808083406,0.40979881572988586,0.8135114753699175,-0.40371265964003167,0,0,0,0,26.136723808083406,0.36783690379010714,0.369714272084272,0.5649411302944791,0.3557951474554241,
2019-07-17,2019-07-18,4930.6466,4953.4093,4914.4924,4929.085,7536108800.0,65860765215.8,4932.0458,Development,-0.004244757675392896,-42.44757675392896,0.33695416077179247,0.8135114753699175,-0.47655731459812506,0,0,0,0,-42.44757675392896,0.2950827983158131,0.302594318693003,0.4991018436875778,0.26310746561942516,
2019-07-18,2019-07-19,4909.7172,4909.7172,4843.5134,4844.1087,7263615800.0,59848894329.2,4929.085,Development,-0.009879326654496645,-98.79326654496646,0.3500995490543242,0.8135114753699175,-0.4634119263155933,0,0,0,0,-98.79326654496646,0.31313203649105825,0.2931738818090996,0.5339503974616233,0.275480514370371,
2019-07-19,2019-07-22,4861.2125,4920.4135,4861.2031,4878.6903,6859729800.0,57390762230.9,4844.1087,Development,0.00498163781155414,49.816378115541404,0.5198162234950388,0.8135114753699175,-0.29369525187487877,0,0,0,0,49.816378115541404,0.48427131046742516,0.42881591919908024,0.6787922994005849,0.5360075918265186,
2019-07-22,2019-07-23,4885.4293,4886.402,4766.0716,4776.5749,7219157800.0,61198813614.8,4878.6903,Development,-0.021978907769681588,-219.7890776968159,0.4357276187946458,0.8135114753699175,-0.37778385657527175,0,0,0,0,-219.7890776968159,0.37586385731781724,0.33475719799962045,0.638974270234368,0.4601722025945823,
2019-07-23,2019-07-24,4778.0529,4823.9182,4778.0529,4823.9182,5472926300.0,48300963629.5,4776.5749,Development,0.012497559413793935,124.97559413793935,0.7502468439543226,0.8135114753699175,-0.06326463141559491,0,0,0,0,124.97559413793935,0.7549667770810571,0.7341312445670626,0.760649554998365,0.7541155573021593,
2019-07-24,2019-07-25,4837.7669,4898.8054,4837.7669,4873.0271,6945138300.0,63586100131.0,4823.9182,Development,0.0073189346927815535,73.18934692781554,0.37014679269493556,0.8135114753699175,-0.44336468267498197,0,0,0,0,73.18934692781554,0.3112377247284928,0.3603277417757799,0.5321712742736067,0.2897282390614762,
2019-07-25,2019-07-26,4873.1742,4899.715,4861.7715,4891.6432,6738441800.0,65540811955.8,4873.0271,Development,0.0015483132123614851,15.483132123614851,0.45574543464721134,0.8135114753699175,-0.3577660407227062,0,0,0,0,15.483132123614851,0.3564309524124761,0.37140249193050284,0.6653864750204431,0.52613242863707,
2019-07-26,2019-07-29,4880.7194,4902.0916,4868.197,4898.1099,5925277700.0,57190685291.2,4891.6432,Development,0.003469263158213831,34.69263158213831,0.37983426217236604,0.8135114753699175,-0.4336772131975515,0,0,0,0,34.69263158213831,0.32988383981217934,0.3240603160031667,0.5907038300426053,0.2936376596622824,
2019-07-29,2019-07-30,4897.6519,4914.48,4872.545,4897.0183,5658152100.0,54815760176.9,4898.1099,Development,0.0010595281383718458,10.595281383718458,0.3344517657717337,0.8135114753699175,-0.47905970959818384,0,0,0,0,10.595281383718458,0.20290398814985133,0.307544854246533,0.5989359729355307,0.29741210353711384,
2019-07-30,2019-07-31,4902.8411,4961.0247,4902.7813,4922.9175,7119412700.0,65553974536.0,4897.0183,Development,0.0022849812530127966,22.849812530127966,0.35166792570177147,0.8135114753699175,-0.46184354966814606,0,0,0,0,22.849812530127966,0.21532311807662835,0.29568651071667007,0.6407882771486033,0.34182763488973433,
2019-07-31,2019-08-01,4914.044,4921.7224,4892.5557,4903.203,6275454700.0,58776188915.0,4922.9175,Development,-0.00742498439167405,-74.2498439167405,0.40695614263122926,0.8135114753699175,-0.40655533273868827,0,0,0,0,-74.2498439167405,0.2548279247117614,0.3213888118968532,0.6954682065748518,0.48326734657277537,
2019-08-01,2019-08-02,4877.5573,4900.0866,4850.5281,4870.469,6433250400.0,61801931692.3,4903.203,Development,-0.021348206406514247,-213.48206406514248,0.3375671018671058,0.8135114753699175,-0.4759443735028117,0,0,0,0,-213.48206406514248,0.23481458927491838,0.2855529533325198,0.6210664801180809,0.2571293059659392,
2019-08-02,2019-08-05,4773.4302,4816.8104,4756.4044,4809.9198,7900236100.0,73848047874.7,4870.469,Development,0.004709464485308734,47.094644853087345,0.38295220091485843,0.8135114753699175,-0.4305592744550591,0,0,0,0,47.094644853087345,0.2586821330215328,0.29656977639243176,0.6781784268776004,0.3922592774036519,
2019-08-05,2019-08-06,4795.9105,4838.7588,4749.9444,4751.9846,7161254200.0,69025913447.0,4809.9198,Development,-0.027121044064521205,-271.21044064521203,0.37945205612026034,0.8135114753699175,-0.4340594192496572,0,0,0,0,-271.21044064521203,0.2623194211998723,0.2905224046857851,0.6630065780000302,0.39409832775173304,
2019-08-06,2019-08-07,4665.8404,4684.5159,4558.0604,4650.5627,9866786600.0,84239326255.9,4751.9846,Development,0.0026978848226355545,26.978848226355545,0.6926723247654385,0.8135114753699175,-0.12083915060447903,0,0,0,0,26.978848226355545,0.5711123343590403,0.6630827953206727,0.8321340476601867,0.8110091119270952,
2019-08-07,2019-08-08,4678.4283,4686.7321,4624.7423,4626.3641,6741740600.0,62344725908.4,4650.5627,Development,-0.007814974956439902,-78.14974956439902,0.5361364386670309,0.8135114753699175,-0.27737503670288666,0,0,0,0,-78.14974956439902,0.40307042928101605,0.5385325255410831,0.7338873233999351,0.542801090074977,
2019-08-08,2019-08-09,4641.8665,4663.032,4636.2385,4656.1009,6007779600.0,56743200906.6,4626.3641,Development,0.007622192495195579,76.22192495195578,0.4965524286383025,0.8135114753699175,-0.316959046731615,0,0,0,0,76.22192495195578,0.32925506185633585,0.4562927433820431,0.751814845015571,0.5715279597296914,
2019-08-09,2019-08-12,4677.2477,4690.654,4593.2238,4600.3526,6444333700.0,64477323102.3,4656.1009,Development,-0.014780294830226692,-147.8029483022669,0.3619936845482032,0.8135114753699175,-0.45151779082171434,0,0,0,0,-147.8029483022669,0.25735675591014756,0.34151914197613703,0.608657568261514,0.2810147672993846,
2019-08-12,2019-08-13,4608.1166,4685.045,4591.6615,4685.045,6194650700.0,62148044562.9,4600.3526,Development,0.008947777059286954,89.47777059286955,0.6842981739234442,0.8135114753699175,-0.12921330144647336,0,0,0,0,89.47777059286955,0.556814180031127,0.7135098107581085,0.7974484974618846,0.7484996016185994,
2019-08-13,2019-08-14,4649.349,4667.715,4638.0294,4658.3884,5869131700.0,57730564572.2,4685.045,Development,0.013798404894964866,137.98404894964867,0.364514407018843,0.8135114753699175,-0.4489970683510745,0,0,0,0,137.98404894964867,0.2603260979611916,0.370334981008459,0.6037611249981201,0.24676432206301838,
2019-08-14,2019-08-15,4713.5026,4731.8627,4677.1302,4683.8403,7114878700.0,69438518109.2,4658.3884,Development,-0.02724262844365455,-272.4262844365455,0.37437996009245955,0.8135114753699175,-0.439131515277458,0,0,0,0,-272.4262844365455,0.2692035621654636,0.34377846794029315,0.6207410410182396,0.31268593068066947,
2019-08-15,2019-08-16,4585.0944,4709.363,4576.4614,4706.5504,7826161100.0,72618382798.6,4683.8403,Development,0.02552774049755646,255.27740497556462,0.45268794320732436,0.8135114753699175,-0.36082353216259316,0,1,0,0,255.27740497556462,0.32776225000872167,0.4031653982976316,0.70686387652187,0.45532758653881694,
2019-08-16,2019-08-19,4702.1415,4755.9526,4696.9213,4722.6625,7754245800.0,76502437623.1,4706.5504,Development,0.013380414009233954,133.80414009233954,0.35713696913555676,0.8135114753699175,-0.45637450623436077,0,0,0,0,133.80414009233954,0.2837774814680171,0.3195218915194404,0.5967504003996033,0.24938379826921808,
2019-08-19,2019-08-20,4765.0581,4875.0363,4765.0581,4875.0363,10658092600.0,105144365497.5,4722.6625,Development,0.023843654708008755,238.43654708008754,0.4494008918149586,0.8135114753699175,-0.3641105835549589,0,1,0,0,238.43654708008754,0.32053538474021664,0.34605781144442316,0.6935320592181031,0.5684101298178985,
2019-08-20,2019-08-21,4878.6745,4912.9917,4864.8159,4872.6061,10020229300.0,94825269892.6,4875.0363,Development,-0.002655864825579113,-26.558648255791127,0.3475819158455037,0.8135114753699175,-0.46592955952441384,0,0,0,0,-26.558648255791127,0.29148123907632434,0.29172012066802294,0.5924871179643365,0.22780934262720615,
2019-08-21,2019-08-22,4865.7174,4896.2914,4859.328,4882.7213,8494079000.0,83121773981.2,4872.6061,Development,0.005887127764551137,58.87127764551137,0.38392354587767946,0.8135114753699175,-0.42958792949223806,0,0,0,0,58.87127764551137,0.3021859758584326,0.28563149236323254,0.6649810049260898,0.34317296962729676,
2019-08-22,2019-08-23,4894.3625,4896.5752,4851.9692,4887.9142,8223811000.0,82031364627.7,4882.7213,Development,-0.001191084640747353,-11.91084640747353,0.3740040811074283,0.8135114753699175,-0.43950739426248925,0,0,0,0,-11.91084640747353,0.3060247167398297,0.2757567916390217,0.647510290053638,0.314321949657248,
2019-08-23,2019-08-26,4888.5329,4902.7831,4861.2002,4887.9024,8250252800.0,81178885784.7,4887.9142,Development,-0.018216058237022326,-182.16058237022327,0.3899622317990587,0.8135114753699175,-0.4235492435708588,0,0,0,0,-182.16058237022327,0.31086545004337657,0.270290344894816,0.6742739058845403,0.3765401432447708,
2019-08-26,2019-08-27,4799.4831,4867.3032,4793.8441,4855.4584,8845314400.0,86780252776.6,4887.9024,Development,0.016419684861480155,164.19684861480155,0.38951187791873865,0.8135114753699175,-0.4239995974511789,0,1,0,0,164.19684861480155,0.315250147149702,0.26683839140725574,0.6735496366705144,0.37144473891434476,
2019-08-27,2019-08-28,4878.2891,4976.5805,4878.2891,4936.1238,10819263700.0,105376287946.2,4855.4584,Development,0.01057846284673869,105.7846284673869,0.4404302149267232,0.8135114753699175,-0.37308126044319434,0,0,0,0,105.7846284673869,0.3538702751689899,0.29928108709528567,0.7183368841029053,0.48925939049967154,
2019-08-28,2019-08-29,4929.8939,4948.0177,4910.6033,4928.1935,9899429300.0,92168539738.9,4936.1238,Development,0.0015612912075044783,15.612912075044783,0.6560530346284373,0.8135114753699175,-0.1574584407414802,0,0,0,0,15.612912075044783,0.5692870712045243,0.5546436941565134,0.8216764576327462,0.7901648460991942,
2019-08-29,2019-08-30,4937.5909,4954.9574,4912.22,4934.1838,9681799600.0,94062432252.4,4928.1935,Development,0.005202456120858567,52.02456120858567,0.38604101923755413,0.8135114753699175,-0.4274704561323634,0,0,0,0,52.02456120858567,0.32209781007127675,0.27802466245560553,0.677207716754087,0.31059475399907055,
2019-08-30,2019-09-02,4963.2785,4975.9723,4862.5821,4886.494,10245163400.0,108135467947.0,4934.1838,Development,-0.013948219911495974,-139.48219911495974,0.4028888180617207,0.8135114753699175,-0.4106226573081968,0,0,0,0,-139.48219911495974,0.32882582053788034,0.2774366179951053,0.6993086220118814,0.37223680748498755,
2019-09-02,2019-09-03,4894.0496,5020.2648,4890.2253,5008.2958,10829293000.0,109204318758.9,4886.494,Development,0.025613818870981575,256.1381887098157,0.8921020488903321,0.8135114753699175,0.07859057352041454,1,1,1,1,256.1381887098157,0.8692865939380766,0.8785063031017787,0.9039589980827162,0.9480741406543153,预测大涨
2019-09-03,2019-09-04,5019.4049,5044.1805,4999.8872,5044.1805,10909044900.0,115052722425.3,5008.2958,Development,0.0034105437479250433,34.10543747925043,0.5629429883447735,0.8135114753699175,-0.250568487025144,0,0,0,0,34.10543747925043,0.7022446791801628,0.41003140082433187,0.693648639820726,0.3548019027009096,
2019-09-04,2019-09-05,5036.5238,5093.2662,5027.6672,5093.2662,12249922400.0,123208416373.0,5044.1805,Development,0.016489567665698424,164.89567665698422,0.487289915743235,0.8135114753699175,-0.32622155962668253,0,1,0,0,164.89567665698422,0.6259652904420523,0.3340857508779603,0.6279949646264303,0.2672425908080853,
2019-09-05,2019-09-06,5119.5739,5208.9999,5119.4281,5138.4051,15894736900.0,160737034593.1,5093.2662,Development,0.006369885587548696,63.698855875486956,0.48439820025767255,0.8135114753699175,-0.329113275112245,0,0,0,0,63.698855875486956,0.6152433124389288,0.32196520845491466,0.6372114088984687,0.280491910646234,
2019-09-06,2019-09-09,5152.185,5167.4828,5111.7349,5154.6378,11279857600.0,122605223229.7,5138.4051,Development,0.009805703793632992,98.05703793632992,0.8614742163296186,0.8135114753699175,0.0479627409597011,1,0,0,1,98.05703793632992,0.8996294373410211,0.8475259755918065,0.8368397131795129,0.8386762348029551,预测大涨
2019-09-09,2019-09-10,5202.7058,5263.4594,5171.8514,5263.4594,13294192700.0,139542294574.0,5154.6378,Development,0.011844183078735693,118.44183078735693,0.5445109893482305,0.8135114753699175,-0.269000486021687,0,0,0,0,118.44183078735693,0.5790422218066172,0.4386453444472461,0.6960326795371422,0.4480546749411271,
2019-09-10,2019-09-11,5264.3276,5264.3276,5212.5251,5245.305,13111154700.0,138175230569.9,5263.4594,Development,-0.00034819261628016296,-3.4819261628016296,0.4850238223154615,0.8135114753699175,-0.32848765305445604,0,0,0,0,-3.4819261628016296,0.565014384060342,0.3985040599853969,0.6216696831788092,0.2785654039981,
2019-09-11,2019-09-12,5262.4946,5273.9678,5206.9728,5217.2913,11560394100.0,119062341479.8,5245.305,Development,-0.006118809129039393,-61.18809129039393,0.5227641873115365,0.8135114753699175,-0.290747288058381,0,0,0,0,-61.18809129039393,0.5737029312228686,0.39631503685431907,0.6810575603494464,0.41815198187295965,
2019-09-12,2019-09-16,5230.2944,5255.7851,5197.5696,5242.6115,9604422600.0,99874269567.8,5217.2913,Development,0.006310600795244037,63.106007952440365,0.6777835597774339,0.8135114753699175,-0.13572791559248365,0,0,0,0,63.106007952440365,0.7106861483729852,0.6065116258675345,0.7544989036162445,0.6271078455758463,
2019-09-16,2019-09-17,5263.3007,5279.5896,5228.29,5250.3398,11413633900.0,116963948641.2,5242.6115,Development,-0.004890752299217871,-48.90752299217871,0.5328477140730299,0.8135114753699175,-0.28066376129688764,0,0,0,0,-48.90752299217871,0.5403831740139091,0.4058683293068685,0.701389770891662,0.5073034569138247,
2019-09-17,2019-09-18,5237.5592,5237.5592,5118.2077,5140.4502,11477143500.0,113656216325.8,5250.3398,Development,-0.0170873677189175,-170.873677189175,0.4970181087653803,0.8135114753699175,-0.31649336660453725,0,0,0,0,-170.873677189175,0.5483092529123702,0.37557263737717494,0.6432279961835577,0.3995154071823919,
2019-09-18,2019-09-19,5148.0631,5163.8104,5119.6137,5141.0381,8955599900.0,92044125712.6,5140.4502,Development,0.00047303227499284617,4.730322749928462,0.9237192959565398,0.8135114753699175,0.11020782058662226,1,0,0,1,4.730322749928462,0.935532286859178,0.9380345850238548,0.8777021542927577,0.9368385042083321,预测大涨
2019-09-19,2019-09-20,5150.4983,5191.6687,5126.1532,5191.6687,8812931100.0,92724183285.5,5141.0381,Development,0.009364064832328767,93.64064832328766,0.5210188036162535,0.8135114753699175,-0.292492671753664,0,0,0,0,93.64064832328766,0.5399357906799059,0.5232099683042425,0.5846530259736356,0.3894886121606106,
2019-09-20,2019-09-23,5198.7279,5220.2351,5180.0778,5204.4848,9418643800.0,104270351934.7,5191.6687,Development,-0.0011241403882669143,-11.241403882669143,0.49267072339621276,0.8135114753699175,-0.32084075197370476,0,0,0,0,-11.241403882669143,0.5441896284473133,0.4845917800804075,0.5547921500923735,0.31191423925806216,
2019-09-23,2019-09-24,5192.8838,5192.8838,5124.7981,5171.484,9465768000.0,103757230386.2,5204.4848,Development,-0.004768371670477167,-47.68371670477167,0.46760443128138895,0.8135114753699175,-0.34590704408852857,0,0,0,0,-47.68371670477167,0.54783810045642,0.45534089970171104,0.43880870003404543,0.3581631950139817,
2019-09-24,2019-09-25,5168.1222,5237.4102,5159.3315,5180.7418,9452799600.0,108590216780.5,5171.484,Development,-0.0011553325886913823,-11.553325886913823,0.5883655391008316,0.8135114753699175,-0.22514593626908597,0,0,0,0,-11.553325886913823,0.6109866963285802,0.5037617207081234,0.6036498862469161,0.6673362848532386,
2019-09-25,2019-09-26,5162.1513,5162.1513,5087.0091,5087.0091,9220292000.0,103768929295.1,5180.7418,Development,-0.012133236001819703,-121.33236001819702,0.6403580712092736,0.8135114753699175,-0.17315340416064395,0,0,0,0,-121.33236001819702,0.6225320468164843,0.5316312391748911,0.7078467776953585,0.7757133576857533,
2019-09-26,2019-09-27,5099.5177,5108.8037,4970.2403,4970.2403,9467075200.0,100909210437.1,5087.0091,Development,-0.024607287861752147,-246.07287861752147,0.7909204888701253,0.8135114753699175,-0.022590986499792187,0,0,0,0,-246.07287861752147,0.8334470504009438,0.8380529367087465,0.7091588786812955,0.7304919759091902,
2019-09-27,2019-09-30,4974.0324,5033.185,4974.0324,5005.6299,7432983300.0,77773539941.2,4970.2403,Development,0.0070578752160923575,70.57875216092357,0.9073072039024775,0.8135114753699175,0.09379572853256002,1,0,0,1,70.57875216092357,0.9427562568088417,0.9420522068539067,0.8237724212786621,0.8860345374191994,预测大涨
2019-09-30,2019-10-08,5009.1385,5022.4285,4940.903,4940.903,6578513000.0,66977336936.6,5005.6299,Development,-0.01079237477662065,-107.9237477662065,0.5735394055887159,0.8135114753699175,-0.23997206978120167,0,0,0,0,-107.9237477662065,0.5041398956046129,0.6348876930520434,0.6066965665866033,0.568062764872016,
2019-10-08,2019-10-09,4955.078,4994.4433,4937.0284,4941.7607,6644342500.0,69528043024.5,4940.903,Development,-0.005826245318439116,-58.26245318439116,0.6728038484980933,0.8135114753699175,-0.14070762687182425,0,0,0,0,-58.26245318439116,0.6565496008576198,0.7230122532779071,0.666185262859698,0.6285799716222182,
2019-10-09,2019-10-10,4926.2085,4985.4405,4904.3222,4982.9535,6650575900.0,67224088877.7,4941.7607,Development,0.012572001367786356,125.72001367786356,0.5200701482831163,0.8135114753699175,-0.29344132708680126,0,0,0,0,125.72001367786356,0.4724342700483835,0.5579145206437622,0.5813861709805479,0.4707592066918243,
2019-10-10,2019-10-11,4988.1408,5049.2193,4979.1948,5046.3594,7381815400.0,75962306588.5,4982.9535,Development,0.013967127792383183,139.67127792383184,0.4586158747627923,0.8135114753699175,-0.3548956006071252,0,0,0,0,139.67127792383184,0.46860791709014593,0.5159470534265237,0.4683021389666578,0.3237346088753205,
2019-10-11,2019-10-14,5057.8108,5074.9035,5012.3843,5055.5165,8278601600.0,82692670947.9,5046.3594,Development,0.007395610765037031,73.95610765037031,0.35097583962873985,0.8135114753699175,-0.4625356357411777,0,0,0,0,73.95610765037031,0.4707111314769345,0.47811681008902324,0.00931993943903416,0.3438185089066755,
2019-10-14,2019-10-15,5095.2164,5151.6944,5089.3126,5131.1312,10368887800.0,100737694041.6,5055.5165,Development,0.003931413001418305,39.31413001418305,0.3881729157053145,0.8135114753699175,-0.42533855966460304,0,0,0,0,39.31413001418305,0.47706462258436233,0.44888897801099714,0.025614380893212083,0.591542914919034,
2019-10-15,2019-10-16,5115.2478,5115.2478,5057.2839,5061.0029,8832143000.0,86494758013.9,5131.1312,Development,-0.009953633135817874,-99.53633135817874,0.4045996782399975,0.8135114753699175,-0.40891179712992004,0,0,0,0,-99.53633135817874,0.5221351342158026,0.4652432748637081,0.03891813831063779,0.5515226576027875,
2019-10-16,2019-10-17,5064.3325,5086.9729,5036.5028,5038.356,7822140800.0,73744399915.3,5061.0029,Development,-0.004948588979890256,-49.48588979890256,0.42030036600397647,0.8135114753699175,-0.39321110936594106,0,0,0,0,-49.48588979890256,0.5707606768495682,0.5082993467606848,0.050340427958993815,0.45526890394470554,
2019-10-17,2019-10-18,5039.2712,5049.3606,5017.4677,5029.854,7051450800.0,65942908151.8,5038.356,Development,-0.0010823985817631776,-10.823985817631776,0.35211885068976456,0.8135114753699175,-0.46139262468015296,0,0,0,0,-10.823985817631776,0.4827964434338486,0.4168790801538134,0.06019430421825008,0.36249481594483307,
2019-10-18,2019-10-21,5033.8167,5056.5575,4953.1478,4961.8072,8203885000.0,74431254150.2,5029.854,Development,-0.015301272293049561,-153.0127229304956,0.31632582948201393,0.8135114753699175,-0.4971856458879036,0,0,0,0,-153.0127229304956,0.44647518584122353,0.36322259029718135,0.0676389783468512,0.2996335361029994,
2019-10-21,2019-10-22,4956.7929,4957.2357,4906.3624,4951.0354,6989927100.0,65366244551.4,4961.8072,Development,-0.0005417615894341976,-5.417615894341976,0.6259384477554701,0.8135114753699175,-0.18757302761444739,0,0,0,0,-5.417615894341976,0.780027360243797,0.7436372228141238,0.11572326333784996,0.7940725309393589,
2019-10-22,2019-10-23,4954.1075,5011.0127,4954.1075,5005.5525,6553498200.0,63627854013.6,4951.0354,Development,0.01115230139838519,111.5230139838519,0.35481680817644434,0.8135114753699175,-0.4586946671934732,0,0,0,0,111.5230139838519,0.4361479502991753,0.40070998068712593,0.09633036311109708,0.4570939412368006,
2019-10-23,2019-10-24,5009.3572,5009.9404,4955.0555,4967.1949,6903650700.0,65559048969.1,5005.5525,Development,-0.0095165703096598,-95.165703096598,0.3531764769104251,0.8135114753699175,-0.46033499845949244,0,0,0,0,-95.165703096598,0.45769756804389367,0.3706622747963769,0.10598941259580481,0.4403512253839917,
2019-10-24,2019-10-25,4961.6853,4972.7625,4921.1123,4958.2465,6486844300.0,62074661055.7,4967.1949,Development,-0.0016845485948090433,-16.845485948090435,0.3811664760810618,0.8135114753699175,-0.4323449992888557,0,0,0,0,-16.845485948090435,0.5030455150627172,0.3848248467070999,0.12434414568075192,0.46890207394990324,
2019-10-25,2019-10-28,4953.3271,5001.5089,4922.0836,4994.5684,7315877700.0,72672829238.8,4958.2465,Development,0.014684453203181347,146.84453203181346,0.35772574807410584,0.8135114753699175,-0.4557857272958117,0,0,0,0,146.84453203181346,0.45635898270493497,0.3275649681372585,0.13165494115876453,0.5117588488816709,
2019-10-28,2019-10-29,5026.064,5084.6884,5026.064,5084.4677,10290739500.0,101064614545.5,4994.5684,Development,0.010916196053213811,109.16196053213811,0.34255336801458836,0.8135114753699175,-0.47095810735532917,0,0,0,0,109.16196053213811,0.47303378332314605,0.31810572640581053,0.13581411292251505,0.3923323340508653,
2019-10-29,2019-10-30,5080.9295,5080.9295,5007.7126,5007.7126,10870630500.0,105275425054.2,5084.4677,Development,-0.02071595364588308,-207.1595364588308,0.31104718145649657,0.8135114753699175,-0.502464293913421,0,0,0,0,-207.1595364588308,0.4605471415685649,0.29379233186823206,0.13775867010616696,0.2618274561045171,
2019-10-30,2019-10-31,4975.6732,4984.4037,4938.1025,4947.8954,8576215500.0,83620058905.4,5007.7126,Development,-0.00515453868634308,-51.5453868634308,0.6759960728143081,0.8135114753699175,-0.13751540255560946,0,0,0,0,-51.5453868634308,0.844938055035013,0.7967710860670336,0.19308982621479387,0.7696341764773724,
2019-10-31,2019-11-01,4950.0259,4967.7453,4911.3756,4917.4174,7958268700.0,79650641370.5,4947.8954,Development,-0.008359188585255528,-83.59188585255528,0.3761910692418598,0.8135114753699175,-0.4373204061280577,0,0,0,0,-83.59188585255528,0.48028197305257625,0.42451998361076165,0.16255528523872517,0.36417150150281896,
2019-11-01,2019-11-04,4908.6477,4967.0484,4896.0073,4962.3495,7415565600.0,72447112677.3,4917.4174,Development,0.013387699426870459,133.87699426870458,0.42903996941175937,0.8135114753699175,-0.38447150595815816,0,0,0,0,133.87699426870458,0.5284485003586947,0.4530221015057256,0.18351310432351628,0.5134275494814147,
2019-11-04,2019-11-05,4974.3632,5016.9371,4974.3632,4987.8364,8127822700.0,82241598022.4,4962.3495,Development,0.004241427324808145,42.41427324808144,0.3491509647649577,0.8135114753699175,-0.4643605106049598,0,0,0,0,42.41427324808144,0.4483783554139165,0.35365861651305797,0.17407160330687543,0.3711384910816077,
2019-11-05,2019-11-06,4995.4616,5041.2355,4972.7168,5025.3029,8507295100.0,84235951765.0,4987.8364,Development,0.005333481094119685,53.33481094119685,0.3557050981459354,0.8135114753699175,-0.4578063772239821,0,0,0,0,53.33481094119685,0.47969209695700105,0.3395179350171814,0.18337658815750738,0.3575119623818292,
2019-11-06,2019-11-07,5022.1048,5027.7894,4955.8258,4974.7343,8321627500.0,82703564204.0,5025.3029,Development,-0.01026975781150552,-102.6975781150552,0.41727319490526316,0.8135114753699175,-0.39623828046465437,0,0,0,0,-102.6975781150552,0.5162718351739896,0.352623321437513,0.20782283855428332,0.6080326028853794,
2019-11-07,2019-11-08,4970.529,5020.2236,4960.8385,5007.0666,7209219800.0,70612908509.6,4974.7343,Development,0.013303936059924304,133.03936059924303,0.5780017096882932,0.8135114753699175,-0.2355097656816243,0,0,0,0,133.03936059924303,0.6853270030164333,0.5703057440530652,0.24252692386550423,0.8246812317339789,
2019-11-08,2019-11-11,5036.6566,5051.5643,4985.9488,4988.2938,7909655600.0,80301698426.8,5007.0666,Development,-0.01498261763567521,-149.82617635675211,0.39950284193113966,0.8135114753699175,-0.41400863343877786,0,0,0,0,-149.82617635675211,0.4725134296928594,0.33847603875395293,0.2171621896766676,0.601870645347461,
2019-11-11,2019-11-12,4961.1943,4961.1943,4868.4348,4876.1594,7709640100.0,71951297699.8,4988.2938,Development,-0.01657304572812235,-165.7304572812235,0.48573917480776346,0.8135114753699175,-0.32777230056215406,0,0,0,0,-165.7304572812235,0.5748008804870401,0.45104647345154814,0.24194956841236281,0.6924059864063533,
2019-11-12,2019-11-13,4878.9722,4887.2957,4823.4288,4881.6144,6878549300.0,64024939307.4,4876.1594,Development,-9.018292828066876e-07,-0.009018292828066876,0.6529438338378372,0.8135114753699175,-0.16056764153208036,0,0,0,0,-0.009018292828066876,0.7849146987146605,0.7656984320457206,0.25000511295534306,0.7292259403242206,
2019-11-13,2019-11-14,4878.9678,4888.1914,4853.5946,4875.543,6060640800.0,60162199835.3,4881.6144,Development,-0.0007621489119071789,-7.621489119071789,0.33235786150685775,0.8135114753699175,-0.48115361386305977,0,0,0,0,-7.621489119071789,0.4359139721535847,0.3724269548297806,0.21568921233825566,0.20259960567427568,
2019-11-14,2019-11-15,4875.2493,4925.4416,4871.5569,4912.1075,6391011200.0,68278831817.1,4875.543,Development,0.007170074359069245,71.70074359069245,0.31737440022540925,0.8135114753699175,-0.4961370751445083,0,0,0,0,71.70074359069245,0.4399121477137369,0.334628229266329,0.2145069546513768,0.16823022365539766,
2019-11-15,2019-11-18,4910.2052,4936.9848,4868.4367,4868.4367,7007640400.0,74051052837.1,4912.1075,Development,-0.00976026419425402,-97.6026419425402,0.35529845699011925,0.8135114753699175,-0.4582130183797983,0,0,0,0,-97.6026419425402,0.4554247201168026,0.31693115031862884,0.24104406644083717,0.3667727215262878,
2019-11-18,2019-11-19,4862.2803,4901.001,4851.39,4892.4609,6396537200.0,63914780872.7,4868.4367,Development,0.006182161073683856,61.821610736838565,0.5207576731505896,0.8135114753699175,-0.2927538022193279,0,0,0,0,61.821610736838565,0.6479967431528914,0.5889736079913379,0.26940651583794323,0.47660460472927746,
2019-11-19,2019-11-20,4892.3397,4975.1128,4890.7563,4975.1128,7236336900.0,73229636654.5,4892.4609,Development,0.017050410461072252,170.50410461072252,0.3449397172825395,0.8135114753699175,-0.468571758087378,0,1,0,0,170.50410461072252,0.45005224715808917,0.31628439249331936,0.24348377225932302,0.3112243340850543,
2019-11-20,2019-11-21,4975.7561,4991.6959,4941.9109,4946.2757,7899827700.0,81388200081.2,4975.1128,Development,-0.009225693357437503,-92.25693357437504,0.3071040936408498,0.8135114753699175,-0.5064073817290677,0,0,0,0,-92.25693357437504,0.4515666508150184,0.2876324718929078,0.22949916911743834,0.14090326892433072,
2019-11-21,2019-11-22,4929.8513,4963.0886,4919.5937,4945.7188,6616751300.0,63282046848.6,4946.2757,Development,0.00496138696921733,49.613869692173296,0.3616572681364084,0.8135114753699175,-0.4518542072335091,0,0,0,0,49.613869692173296,0.5156017759463796,0.33179254725903046,0.252837358387269,0.23641582648069756,
2019-11-22,2019-11-25,4954.3102,5018.0642,4876.8117,4904.0828,8802769500.0,89306629279.5,4945.7188,Development,-0.009954019431403394,-99.54019431403394,0.3286504018939669,0.8135114753699175,-0.48486107347595064,0,0,0,0,-99.54019431403394,0.4592200969116905,0.2636229439138501,0.2521083472827959,0.27023317653686824,
2019-11-25,2019-11-26,4904.9949,4915.3452,4853.8425,4901.5021,8634726500.0,78620478553.6,4904.0828,Development,0.0002923550440390166,2.9235504403901658,0.7596698685070628,0.8135114753699175,-0.053841606862854774,0,0,0,0,2.9235504403901658,0.9129117322325644,0.897905697241737,0.32527780842637194,0.7894072904156411,
2019-11-26,2019-11-27,4906.4289,4920.6768,4882.1624,4882.1624,8125973000.0,74550160674.7,4901.5021,Development,-0.005100838208416669,-51.00838208416669,0.38668729225508514,0.8135114753699175,-0.4268241831148324,0,0,0,0,-51.00838208416669,0.42691878894213126,0.41590257111075096,0.2754369682264182,0.40303781933711386,
2019-11-27,2019-11-28,4881.402,4935.6277,4872.3024,4904.2568,7264694000.0,70087736428.7,4882.1624,Development,0.0033290640680689876,33.290640680689876,0.3469755653113601,0.8135114753699175,-0.46653591005855743,0,0,0,0,33.290640680689876,0.44873189611086395,0.39353335331558087,0.25728749544474905,0.1725883294216181,
2019-11-28,2019-11-29,4897.6525,4916.8046,4878.0072,4889.2595,5967231400.0,56925664898.3,4904.2568,Development,-0.0018997060326351178,-18.99706032635118,0.445065417177383,0.8135114753699175,-0.3684460581925345,0,0,0,0,-18.99706032635118,0.4918975370898515,0.40682941990703275,0.30401573104978885,0.6064034760119422,
2019-11-29,2019-12-02,4888.3484,4909.411,4850.5879,4894.9416,6139562000.0,58933970584.8,4889.2595,Development,0.001898841743767754,18.98841743767754,0.3361794330643117,0.8135114753699175,-0.47733204230560583,0,0,0,0,18.98841743767754,0.44600790263305223,0.32890867168232607,0.2658601456565763,0.2122067878348491,
2019-12-02,2019-12-03,4897.6306,4930.5853,4889.319,4905.4209,6315015900.0,61517277181.6,4894.9416,Development,-0.0016791180617011792,-16.79118061701179,0.36374129107191966,0.8135114753699175,-0.44977018429799787,0,0,0,0,-16.79118061701179,0.45056199288561777,0.30459925227023077,0.28335805267323966,0.3932728204189516,
2019-12-03,2019-12-04,4889.4069,4926.4548,4863.662,4926.4548,6034552500.0,59970188116.3,4905.4209,Development,0.0026748438547834485,26.748438547834485,0.21919458342517054,0.8135114753699175,-0.594316891944747,0,0,0,0,26.748438547834485,0.11405327351793619,0.28795040355027496,0.27448660733761504,0.24627064887949945,
2019-12-04,2019-12-05,4902.4853,4935.5695,4901.0364,4920.6682,6349645000.0,65049445239.8,4926.4548,Development,0.005158689614020773,51.58689614020773,0.2130087741437445,0.8135114753699175,-0.600502701226173,0,0,0,0,51.58689614020773,0.13330534174955924,0.27193432765105546,0.2664033661042856,0.20584128539785,
2019-12-05,2019-12-06,4927.7757,4978.9896,4923.1116,4967.6021,7407710400.0,77991494680.4,4920.6682,Development,0.00817109025477758,81.7109025477758,0.22385973584910532,0.8135114753699175,-0.5896517395208122,0,0,0,0,81.7109025477758,0.152167690378566,0.26354001758864265,0.27462810869075893,0.23695832677253728,
2019-12-06,2019-12-09,4968.041,5010.513,4954.7856,5010.5104,7370595700.0,77615890698.4,4967.6021,Development,0.010503254703413178,105.03254703413178,0.27766767820224425,0.8135114753699175,-0.5358437971676733,0,0,0,0,105.03254703413178,0.17916916224082594,0.279196053879682,0.30387788337679444,0.4482633350697354,
2019-12-09,2019-12-10,5020.2216,5040.2408,5005.8413,5024.604,8848641500.0,92501704118.5,5010.5104,Development,-0.001543756554491571,-15.43756554491571,0.2298266107212038,0.8135114753699175,-0.5836848646487137,0,0,0,0,-15.43756554491571,0.18257821881409164,0.25727842972034193,0.27697789018656727,0.2173557510104507,
2019-12-10,2019-12-11,5012.4716,5054.3122,4998.1479,5049.0514,8293633000.0,85621362339.6,5024.604,Development,0.006476864627023682,64.76864627023681,0.2386428095720804,0.8135114753699175,-0.5748686657978371,0,0,0,0,64.76864627023681,0.19795744378949076,0.2581187622706037,0.28443198677230713,0.2280561759873556,
2019-12-11,2019-12-12,5044.9367,5052.3501,5007.5596,5027.2784,8601103800.0,87198618378.9,5049.0514,Development,-0.0038545577786932572,-38.54557778693257,0.26292281149716323,0.8135114753699175,-0.5505886638727543,0,0,0,0,-38.54557778693257,0.21399316380202793,0.2642101797850764,0.29798857484963437,0.3164299937358299,
2019-12-12,2019-12-13,5025.4907,5044.1972,5008.3676,5012.0011,8005543900.0,82031906194.2,5027.2784,Development,0.004458589486594722,44.58589486594722,0.28564233761421015,0.8135114753699175,-0.5278691377557074,0,0,0,0,44.58589486594722,0.2381202872592815,0.2891768632642903,0.3065083973313679,0.3517504426197012,
2019-12-13,2019-12-16,5047.8973,5082.7599,5029.8833,5073.6858,9997918400.0,100214793147.7,5012.0011,Development,0.009400112003071115,94.00112003071115,0.25899698603990806,0.8135114753699175,-0.5545144893300095,0,0,0,0,94.00112003071115,0.23620071374171872,0.27434437276907403,0.29680098266874033,0.22860064253287557,
2019-12-16,2019-12-17,5095.3481,5166.0391,5081.9093,5166.0391,11652253300.0,118077922881.6,5073.6858,Development,0.014107181411216807,141.07181411216806,0.3035172544108395,0.8135114753699175,-0.509994220959078,0,0,0,0,141.07181411216806,0.25585611478655895,0.29436117543073914,0.3194466410211667,0.3989174077384112,
2019-12-17,2019-12-18,5167.2291,5257.8279,5161.1524,5236.0624,15021914200.0,143007732176.6,5166.0391,Development,0.013207659013996453,132.07659013996454,0.2581748857019099,0.8135114753699175,-0.5553365896680076,0,0,0,0,132.07659013996454,0.24777765754510223,0.27171457043227687,0.29553346874243364,0.20520649557626383,
2019-12-18,2019-12-19,5235.4761,5267.4061,5221.698,5235.1248,12926439800.0,126380736889.7,5236.0624,Development,0.0002748556143730152,2.748556143730152,0.43359861264612765,0.8135114753699175,-0.3799128627237899,0,0,0,0,2.748556143730152,0.39806934575952607,0.536854012613081,0.3342136691665811,0.4650556521223642,
2019-12-19,2019-12-20,5236.9151,5255.1689,5215.884,5241.7376,11366629400.0,111318995285.2,5235.1248,Development,0.0013936258008075963,13.936258008075963,0.3009870773300442,0.8135114753699175,-0.5125243980398733,0,0,0,0,13.936258008075963,0.2583477417078133,0.31576401612267013,0.3203122068297621,0.3391639695780774,
2019-12-20,2019-12-23,5244.2134,5258.0056,5182.0632,5184.6752,11799847200.0,107404905741.8,5241.7376,Development,-0.01581383015420379,-158.1383015420379,0.28965067125898947,0.8135114753699175,-0.5238608041109281,0,0,0,0,-158.1383015420379,0.26703717204610994,0.30842342470334766,0.31154816876898983,0.2747429794824812,
2019-12-23,2019-12-24,5161.2823,5188.85,5079.4417,5084.3505,10565253000.0,98214944067.9,5184.6752,Development,-0.012104995690702558,-121.04995690702557,0.7442263210561111,0.8135114753699175,-0.06928515431380644,0,0,0,0,-121.04995690702557,0.7864997387784686,0.9221415699854257,0.3958986338891803,0.8219941926243304,
2019-12-24,2019-12-25,5098.805,5165.1561,5092.9061,5162.0702,8545191600.0,80244021672.9,5084.3505,Development,0.011485377456090129,114.85377456090129,0.8002075217517285,0.8135114753699175,-0.013303953618189035,0,0,0,0,114.85377456090129,0.8802702492934237,0.9429716418255789,0.42544347512600267,0.8955375797067605,
2019-12-25,2019-12-26,5157.3667,5195.8663,5153.5138,5183.0986,9591867600.0,97321480183.4,5162.0702,Development,0.004656387919827587,46.56387919827587,0.3795877597163116,0.8135114753699175,-0.43392371565360593,0,0,0,0,46.56387919827587,0.26900852410072695,0.6201973477721985,0.3127980335163561,0.2853377298265657,
2019-12-26,2019-12-27,5181.3814,5219.1404,5171.4403,5219.1404,9562553300.0,89169212218.4,5183.0986,Development,0.008123065404912921,81.23065404912921,0.3811247565135062,0.8135114753699175,-0.43238671885641133,0,0,0,0,81.23065404912921,0.2769530195069689,0.5809059130646236,0.3232464239437799,0.3324553809713161,
2019-12-27,2019-12-30,5223.4701,5252.7878,5175.852,5179.1929,12625962800.0,116273066098.6,5219.1404,Development,-0.012091559593688461,-120.91559593688461,0.35307707775949093,0.8135114753699175,-0.4604343976104266,0,0,0,0,-120.91559593688461,0.2776126164907687,0.5377069554708138,0.31109291812413503,0.24806499145932484,
2019-12-30,2019-12-31,5160.3102,5242.1238,5119.8558,5241.9383,11686945600.0,106835905579.0,5179.1929,Development,0.015426010630136266,154.26010630136267,0.7027769594747051,0.8135114753699175,-0.11073451589521244,0,0,0,0,154.26010630136267,0.7406284539733835,0.8263287251076067,0.41025351831302453,0.8083466754047465,
2019-12-31,2020-01-02,5239.9132,5269.8736,5228.1726,5267.6622,10388965800.0,95356584996.5,5241.9383,Development,0.012739619427283744,127.39619427283743,0.33863023991565017,0.8135114753699175,-0.47488123545426736,0,0,0,0,127.39619427283743,0.2772876304300326,0.4991359192901416,0.31426772715919876,0.2215968012073479,
2020-01-02,2020-01-03,5306.6677,5374.9082,5288.1675,5366.1375,14589440500.0,136813752305.0,5267.6622,Development,0.013071310268777614,130.71310268777614,0.347151879725701,0.8135114753699175,-0.46635959564421653,0,0,0,0,130.71310268777614,0.28526516699847176,0.46763544607913976,0.3257100018906515,0.29729748517573834,
2020-01-03,2020-01-06,5376.0328,5395.2585,5351.8049,5380.6372,12845202100.0,122199725543.2,5366.1375,Development,-0.0020118366837345025,-20.118366837345025,0.3767201667982365,0.8135114753699175,-0.436791308571681,0,0,0,0,-20.118366837345025,0.3342180042769861,0.48226972483144176,0.3365127590531534,0.3376107212472735,
2020-01-06,2020-01-07,5365.2171,5481.55,5355.0237,5434.8503,15958741400.0,158190935628.3,5380.6372,Development,0.01429319607588675,142.9319607588675,0.3497804317844417,0.8135114753699175,-0.46373104358547584,0,0,0,0,142.9319607588675,0.3026201105170727,0.42194297856786445,0.33740230636245405,0.3407315800618436,
2020-01-07,2020-01-08,5441.9032,5499.8395,5440.6916,5499.8395,14414272200.0,142194161767.8,5434.8503,Development,0.007365290878382558,73.65290878382558,0.5987141060716654,0.8135114753699175,-0.2147973692982521,0,0,0,0,73.65290878382558,0.6259130071638563,0.6930283347164752,0.3901790212991434,0.6626022826845605,
2020-01-08,2020-01-09,5481.9844,5500.1601,5409.569,5423.7966,15540684700.0,149838069326.0,5499.8395,Development,-0.0029418179300182423,-29.418179300182423,0.31850772638864105,0.8135114753699175,-0.49500374898127647,0,0,0,0,-29.418179300182423,0.29363131450015206,0.39213129657831564,0.32405224454755355,0.23490514135124466,
2020-01-09,2020-01-10,5465.8574,5497.5429,5457.3498,5497.5429,13243166700.0,135961014647.3,5423.7966,Development,0.0083823079614187,83.82307961418701,0.7651269168565802,0.8135114753699175,-0.04838455851333734,0,0,0,0,83.82307961418701,0.8501089189711002,0.8609240086904131,0.44170099001152235,0.8616059010659721,
2020-01-10,2020-01-13,5511.6739,5516.0948,5455.2516,5480.2279,11381982100.0,118196969042.4,5497.5429,Development,-0.006052244854326427,-60.522448543264275,0.32264957687478135,0.8135114753699175,-0.4908618984951362,0,0,0,0,-60.522448543264275,0.29314447097125307,0.4039390695778067,0.32608675680213856,0.23836519228936856,
2020-01-13,2020-01-14,5478.3159,5559.6272,5447.7315,5559.6272,11807618100.0,128651948006.7,5480.2279,Development,0.017945880046822404,179.45880046822404,0.41673063690198087,0.8135114753699175,-0.39678083846793666,0,1,0,0,179.45880046822404,0.35688849532812955,0.4325027422489753,0.3790000415587872,0.5681735719860657,
2020-01-14,2020-01-15,5576.6291,5583.7202,5539.8997,5542.3316,12981138300.0,134845327468.6,5559.6272,Development,-0.007830501045873794,-78.30501045873794,0.31624061368074863,0.8135114753699175,-0.4972708616891689,0,0,0,0,-78.30501045873794,0.30213937837870125,0.36235799813030806,0.32957621296335343,0.2471638668972884,
2020-01-15,2020-01-16,5532.9613,5545.1012,5492.6508,5530.0266,11242502000.0,118142835148.1,5542.3316,Development,0.0011675122325542908,11.675122325542908,0.3469228568831745,0.8135114753699175,-0.46658861848674305,0,0,0,0,11.675122325542908,0.3397548432935961,0.3710553739654237,0.3477085486080293,0.3188426547454167,
2020-01-16,2020-01-17,5539.4211,5559.0175,5514.6912,5527.6676,11189727600.0,122337955367.5,5530.0266,Development,5.450027982178973e-05,0.5450027982178973,0.3580646336487371,0.8135114753699175,-0.45544684172118044,0,0,0,0,0.5450027982178973,0.3240702613042239,0.3402383314748616,0.36485676022904423,0.4521595296371875,
2020-01-17,2020-01-20,5539.723,5555.4119,5499.4674,5510.0453,10494932900.0,110491857886.6,5527.6676,Development,-0.0030169739533908446,-30.169739533908448,0.3359486042982966,0.8135114753699175,-0.47756287107162093,0,0,0,0,-30.169739533908448,0.3207425032688597,0.3226998724285286,0.35435595581013596,0.36613674142916447,
2020-01-20,2020-01-21,5523.0098,5587.5359,5500.5937,5587.5359,11540300100.0,128212120829.0,5510.0453,Development,0.010501592809051274,105.01592809051274,0.39933569946173014,0.8135114753699175,-0.4141757759081874,0,0,0,0,105.01592809051274,0.3935443838323478,0.366721801589124,0.3772130423843612,0.49913521993261045,
2020-01-21,2020-01-22,5581.0102,5581.98,5515.1928,5523.9419,12460480800.0,135220987296.1,5587.5359,Development,-0.014051792989018264,-140.51792989018264,0.31138733551594877,0.8135114753699175,-0.5021241398539688,0,0,0,0,-140.51792989018264,0.3226903223249135,0.30494285144606836,0.33817261247304264,0.26181657985318557,
2020-01-22,2020-01-23,5502.587,5597.9935,5440.1998,5575.5126,12347477000.0,138250254243.4,5523.9419,Development,0.003490194702964189,34.90194702964189,0.5953827493168166,0.8135114753699175,-0.21812872605310096,0,0,0,0,34.90194702964189,0.6524105440436563,0.6232899599932256,0.4114085095241719,0.6783256465534532,
2020-01-23,2020-02-03,5521.7921,5558.4257,5326.9315,5377.7411,14577307100.0,161861917529.5,5575.5126,Development,-0.11316934587232996,-1131.6934587232997,0.40711925130743953,0.8135114753699175,-0.406392224062478,0,0,0,0,-1131.6934587232997,0.4306484514052919,0.4142171309940619,0.36872988936427037,0.3974837843197715,
2020-02-03,2020-02-04,4896.8945,4960.7456,4896.8945,4910.9011,8177708400.0,89455038460.2,5377.7411,Development,-0.03283137915264467,-328.31379152644666,0.8490712428674834,0.8135114753699175,0.03555976749756584,1,0,0,0,-328.31379152644666,0.9566703312245752,0.941129497039519,0.506637712809236,0.9301673391376905,预测大涨
2020-02-04,2020-02-05,4736.1227,5013.7695,4736.1227,4996.4743,18967227900.0,175374996025.5,4910.9011,Development,0.06319223950849095,631.9223950849096,0.6981231820872927,0.8135114753699175,-0.11538829328262479,0,1,0,0,631.9223950849096,0.6692452883209046,0.5735400835116486,0.8875648431192792,0.7170268449292632,
2020-02-05,2020-02-06,5035.4089,5178.4378,5026.4083,5123.9619,17109533900.0,177352350637.2,4996.4743,Development,0.01842499821613286,184.2499821613286,0.5539254110353463,0.8135114753699175,-0.2595860643345712,0,1,0,0,184.2499821613286,0.55934943495055,0.47571490216620005,0.8445837113117162,0.2796125878565354,
2020-02-06,2020-02-07,5128.1863,5299.178,5100.4818,5282.8922,18595745600.0,197274056315.6,5123.9619,Development,0.031021240394484062,310.2124039448406,0.7751359185707536,0.8135114753699175,-0.038375556799163935,0,1,0,0,310.2124039448406,0.7986200052981788,0.764812624355455,0.8559077973875835,0.6322366657786062,
2020-02-07,2020-02-10,5287.269,5329.3558,5226.6999,5327.0369,19114764200.0,203495543097.8,5282.8922,Development,0.006570480904224851,65.70480904224851,0.5559618797894026,0.8135114753699175,-0.25754959558051493,0,0,0,0,65.70480904224851,0.5320714238606509,0.5314126820201889,0.8098586804799813,0.30058209378457784,
2020-02-10,2020-02-11,5322.0089,5389.0387,5301.4121,5388.4349,17670328200.0,186767921839.1,5327.0369,Development,0.01287419868839379,128.7419868839379,0.4918565240057231,0.8135114753699175,-0.3216549513641944,0,0,0,0,128.7419868839379,0.448435232073792,0.4449449803659117,0.7843765537388007,0.2640069298477647,
2020-02-11,2020-02-12,5390.5255,5396.9558,5323.7602,5361.2768,15250817700.0,157302894199.0,5388.4349,Development,-0.008348629461079393,-83.48629461079393,0.48307295017969515,0.8135114753699175,-0.3304385251902224,0,0,0,0,-83.48629461079393,0.4576130890809586,0.41003658312346764,0.7764323414368519,0.2616196343843177,
2020-02-12,2020-02-13,5345.522,5461.6736,5340.487,5459.9461,15104147300.0,164552224783.9,5361.2768,Development,0.02079069172290371,207.9069172290371,0.6521125047770115,0.8135114753699175,-0.16139897059290598,0,1,0,0,207.9069172290371,0.5801159886076834,0.5379818593909187,0.8260608992199355,0.7656546887034755,
2020-02-13,2020-02-14,5456.6591,5482.7951,5397.2324,5412.8418,15820264200.0,175679828632.4,5459.9461,Development,-0.009013812132775523,-90.13812132775523,0.4767343151303003,0.8135114753699175,-0.33677716023961723,0,0,0,0,-90.13812132775523,0.459273670822471,0.3895913545529999,0.7669573895901041,0.2672816379124831,
2020-02-14,2020-02-17,5407.4738,5474.4682,5375.9258,5420.8025,14534649600.0,162742004601.2,5412.8418,Development,0.008689602897382631,86.8960289738263,0.8203659089786778,0.8135114753699175,0.0068544336087602575,1,0,0,1,86.8960289738263,0.8110884887542851,0.8210185218431206,0.8238036258708201,0.8342114937160414,预测大涨
2020-02-17,2020-02-18,5454.4626,5594.4366,5454.4626,5594.4366,17463665700.0,183878721181.5,5420.8025,Development,0.02811963547059615,281.1963547059615,0.6137347514616476,0.8135114753699175,-0.19977672390826995,0,1,0,0,281.1963547059615,0.4837149740299076,0.5089961594917982,0.8057639718075373,0.8092791364757331,
2020-02-18,2020-02-19,5607.8401,5660.8142,5577.8981,5660.8142,18509870100.0,206428524429.9,5594.4366,Development,0.008263020908887864,82.63020908887864,0.45328441412894155,0.8135114753699175,-0.360227061240976,0,0,0,0,82.63020908887864,0.4151221199032825,0.4042124109951803,0.7264292651847704,0.2446811246407843,
2020-02-19,2020-02-20,5654.1778,5678.8191,5601.3916,5603.2626,18564208500.0,210591418572.0,5660.8142,Development,-0.006129538409634039,-61.295384096340385,0.43801437266204024,0.8135114753699175,-0.3754971027078773,0,0,0,0,-61.295384096340385,0.4033410514850692,0.3740888287805307,0.7024253754805847,0.2599997530802464,
2020-02-20,2020-02-21,5619.5203,5712.1825,5580.0672,5706.7127,19207602600.0,205564978649.7,5603.2626,Development,0.015182025412382671,151.82025412382671,0.7978832901070912,0.8135114753699175,-0.015628185262826277,0,0,0,0,151.82025412382671,0.8175441727426487,0.8424918839672764,0.7607937624362724,0.7290369757985841,
2020-02-21,2020-02-24,5704.836,5822.3973,5700.9519,5784.0321,20723623900.0,230175046237.0,5706.7127,Development,0.013977457020674988,139.77457020674987,0.46018065501602684,0.8135114753699175,-0.3533308203538907,0,0,0,0,139.77457020674987,0.40694819404494215,0.44879112650619063,0.6821893606134005,0.2879693392754065,
2020-02-24,2020-02-25,5784.5751,5884.1397,5754.6794,5865.4665,21809896200.0,250154433482.9,5784.0321,Development,-0.006734824827496766,-67.34824827496766,0.6475557560373877,0.8135114753699175,-0.16595571933252984,0,0,0,0,-67.34824827496766,0.6141646528775097,0.6761581193926948,0.7022815486070236,0.5932097495970917,
2020-02-25,2020-02-26,5745.617,5912.2741,5643.8843,5897.7219,26736667800.0,301960915841.1,5865.4665,Development,0.013650648833710921,136.5064883371092,0.5143040603863067,0.8135114753699175,-0.2992074149836108,0,0,0,0,136.5064883371092,0.4617061913424423,0.5300860374336476,0.6648771474939059,0.391418077498723,
2020-02-26,2020-02-27,5824.0484,5885.2702,5724.499,5743.3929,26637508000.0,281045744357.2,5897.7219,Development,-0.00924272882072874,-92.4272882072874,0.42978391576916536,0.8135114753699175,-0.38372755960075217,0,0,0,0,-92.4272882072874,0.36886627030239716,0.41489975449917293,0.6470799406538031,0.2864991603921574,
2020-02-27,2020-02-28,5770.2183,5829.0372,5689.539,5753.7277,20469487500.0,221902086232.7,5743.3929,Development,-0.036706150268179694,-367.0615026817969,0.9121257331072755,0.8135114753699175,0.09861425773735799,1,0,0,0,-367.0615026817969,0.9643445487512391,0.9511570226037798,0.7695405651444317,0.9289105991938799,预测大涨
2020-02-28,2020-03-02,5558.4158,5641.7724,5438.8521,5451.2897,22430670900.0,232879770245.1,5753.7277,Development,-0.007552007894047641,-75.52007894047641,0.6291280653003104,0.8135114753699175,-0.18438341006960712,0,0,0,0,-75.52007894047641,0.4555129931807348,0.5922517346583854,0.7867734666037769,0.8458312453855111,
2020-03-02,2020-03-03,5516.4386,5683.2425,5505.2683,5656.4193,19951161200.0,213505004462.5,5451.2897,Development,0.043570284639803614,435.7028463980361,0.9201597534869791,0.8135114753699175,0.10664827811706157,1,1,1,1,435.7028463980361,0.9607033110723419,0.9376065070775359,0.8196384700257009,0.941689639593866,预测大涨
2020-03-03,2020-03-04,5756.7914,5832.3531,5658.1205,5710.0235,22632549400.0,244204351206.5,5656.4193,Development,-0.014989547823462845,-149.89547823462846,0.5897042170950306,0.8135114753699175,-0.2238072582748869,0,0,0,0,-149.89547823462846,0.4903390699014899,0.6400196497039472,0.74278555517677,0.5023163079533083,
2020-03-04,2020-03-05,5670.4997,5719.1783,5603.9288,5716.5112,18513309800.0,194980150091.0,5710.0235,Development,0.02199987771800771,219.9987771800771,0.8070636811188849,0.8135114753699175,-0.00644779425103259,0,1,0,0,219.9987771800771,0.7708350372612859,0.8236144345904054,0.7998551177607367,0.864997505358575,
2020-03-05,2020-03-06,5795.25,5811.2074,5732.168,5801.1199,21723222100.0,217238387621.0,5716.5112,Development,-0.010034804365644301,-100.34804365644301,0.5030845087502437,0.8135114753699175,-0.31042696661967384,0,0,0,0,-100.34804365644301,0.3885623294438327,0.5605601390548347,0.6908585811561433,0.3876724371852206,
2020-03-06,2020-03-09,5737.0958,5802.6293,5723.7326,5763.8602,18529714700.0,177496499289.1,5801.1199,Development,-0.011932727356583461,-119.32727356583462,0.5275940284473535,0.8135114753699175,-0.28591744692256404,0,0,0,0,-119.32727356583462,0.4263739437118797,0.5447139811619633,0.7007142988746993,0.4746864194220676,
2020-03-09,2020-03-10,5668.6366,5699.9198,5525.8167,5525.8167,21853808900.0,212042107536.0,5763.8602,Development,-0.03695128384133839,-369.5128384133839,0.6001873073199786,0.8135114753699175,-0.21332416804993892,0,0,0,0,-369.5128384133839,0.47868528986694237,0.5606004941284718,0.7413073380699281,0.7336159752116364,
2020-03-10,2020-03-11,5459.1732,5675.8756,5423.4289,5675.1113,20840287700.0,210472315060.8,5525.8167,Development,0.04278012282152921,427.8012282152921,0.8975904919210129,0.8135114753699175,0.0840790165510954,1,1,1,1,427.8012282152921,0.946459053614052,0.9096960990975622,0.7975593062053348,0.9101028661234012,预测大涨
2020-03-11,2020-03-12,5692.7173,5708.9152,5589.5311,5589.5311,18775091200.0,190010266287.6,5675.1113,Development,-0.032567224091735736,-325.6722409173574,0.4952865015108333,0.8135114753699175,-0.3182249738590842,0,0,0,0,-325.6722409173574,0.40271801669586105,0.5439949997166976,0.687195197130131,0.3428802034058527,
2020-03-12,2020-03-13,5507.3213,5549.3501,5446.7941,5493.8838,15875315700.0,154102925606.4,5589.5311,Development,-0.05117097489845013,-511.7097489845013,0.8116467883300025,0.8135114753699175,-0.0018646870399150473,0,0,0,0,-511.7097489845013,0.8201496831046121,0.8139106164378969,0.7773948238370666,0.8367128889229283,
2020-03-13,2020-03-16,5225.5063,5507.3899,5224.7267,5457.2006,19526665900.0,188405108227.1,5493.8838,Development,0.051934240324234215,519.3424032423421,0.6685908443236084,0.8135114753699175,-0.14492063104630915,0,1,0,0,519.3424032423421,0.5817602079032798,0.6669670463574322,0.7459078735048807,0.7496366780333654,
2020-03-16,2020-03-17,5496.889,5496.889,5183.3436,5200.1142,18684995200.0,184923547742.5,5457.2006,Development,-0.045728756756776345,-457.28756756776346,0.5289831887153091,0.8135114753699175,-0.2845282866546084,0,0,0,0,-457.28756756776346,0.4388670814538157,0.5559864924896898,0.6850386339072663,0.45864789790187543,
2020-03-17,2020-03-18,5245.5231,5300.5591,5052.6546,5212.0619,15913787800.0,152551271989.0,5200.1142,Development,0.002367866800548457,23.67866800548457,0.8673250993653148,0.8135114753699175,0.05381362399539724,1,0,0,1,23.67866800548457,0.9160348483238281,0.8801497016887445,0.7722372136978869,0.872119671555185,预测大涨
2020-03-18,2020-03-19,5257.9438,5333.1204,5119.4716,5119.4716,16428660400.0,160536059992.1,5212.0619,Development,-0.02624602035495327,-262.4602035495327,0.546020261087156,0.8135114753699175,-0.26749121428276157,0,0,0,0,-262.4602035495327,0.4122754334288912,0.5587298990476862,0.7074347975164573,0.5860411658397509,
2020-03-19,2020-03-20,5119.9437,5185.0889,5020.4387,5157.8235,15459370200.0,148680627064.8,5119.4716,Development,0.019051830589465357,190.51830589465357,0.8276479210995371,0.8135114753699175,0.014136445729619584,1,1,1,1,190.51830589465357,0.8566047640452737,0.8397392815890623,0.7603341761925658,0.8375111482302625,预测大涨
2020-03-20,2020-03-23,5217.488,5225.0268,5129.0733,5219.2809,12751328900.0,131519032482.5,5157.8235,Development,-0.02647502016295966,-264.75020162959663,0.506000818248835,0.8135114753699175,-0.3075106571210825,0,0,0,0,-264.75020162959663,0.4001544697047502,0.5509287062528656,0.6689266579623916,0.42827747529182125,
2020-03-23,2020-03-24,5079.3549,5129.1405,4981.6682,4998.9095,13868474500.0,133727699571.8,5219.2809,Development,0.0019287291777938531,19.28729177793853,0.4653996069422072,0.8135114753699175,-0.3481118684277103,0,0,0,0,19.28729177793853,0.37388843882652356,0.491222771016644,0.6433480754325378,0.3699911578835663,
2020-03-24,2020-03-25,5089.1516,5118.0355,4963.2918,5096.0408,14078770500.0,137371423374.7,4998.9095,Development,0.021933636246953103,219.33636246953102,0.7658787987763733,0.8135114753699175,-0.0476326765935442,0,1,0,0,219.33636246953102,0.7721870829519066,0.7522462400479639,0.7478812058234797,0.8010773629883106,
2020-03-25,2020-03-26,5200.7752,5229.2205,5160.3887,5217.4237,14688107000.0,142310080633.2,5096.0408,Development,-0.0039050909179847437,-39.05090917984744,0.4871236729870384,0.8135114753699175,-0.3263878023828791,0,0,0,0,-39.05090917984744,0.4083712073434964,0.5020810558313711,0.6493995265937184,0.4051679437927979,
2020-03-26,2020-03-27,5180.4657,5227.4679,5157.1478,5166.1091,12565245000.0,126982007995.4,5217.4237,Development,0.008181774082588689,81.81774082588689,0.4740718295377132,0.8135114753699175,-0.3394396458322043,0,0,0,0,81.81774082588689,0.3917506931821006,0.45115531506336953,0.6521591773299236,0.4442380414092019,
2020-03-27,2020-03-30,5222.8511,5227.7921,5134.4903,5137.3371,11704507300.0,118480791099.6,5166.1091,Development,-0.028556510064014606,-285.56510064014606,0.5556650706537642,0.8135114753699175,-0.2578464047161533,0,0,0,0,-285.56510064014606,0.47924858834915085,0.4954498930174541,0.6933752637480203,0.634075140910008,
2020-03-30,2020-03-31,5073.7047,5074.6251,4974.3165,5027.4856,12398131600.0,124559163372.3,5137.3371,Development,-3.577267711318832e-05,-0.3577267711318832,0.5841412271008147,0.8135114753699175,-0.2293702482691028,0,0,0,0,-0.3577267711318832,0.49516641601040345,0.491555147976343,0.7175891110763368,0.7517474986694215,
2020-03-31,2020-04-01,5073.5232,5090.5675,5030.573,5041.4534,11160561200.0,106538446158.7,5027.4856,Development,-0.00866054973395991,-86.6054973395991,0.562254859908539,0.8135114753699175,-0.25125661546137856,0,0,0,0,-86.6054973395991,0.5047390081190988,0.4818833667386109,0.6823652209391395,0.6599744115913978,
2020-04-01,2020-04-02,5029.5837,5108.175,5007.7115,5019.2187,11215411100.0,110651112519.1,5041.4534,Development,-0.006155141627327998,-61.55141627327998,0.46102373901322136,0.8135114753699175,-0.35248773635669617,0,0,0,0,-61.55141627327998,0.38264994095439214,0.36528693510729476,0.6538102170236756,0.5300260594592302,
2020-04-02,2020-04-03,4998.6259,5147.2019,4998.1063,5147.2019,11335107800.0,117822171439.6,5019.2187,Development,0.02898648606610066,289.86486066100656,0.5342325711595155,0.8135114753699175,-0.279278904210402,0,1,0,0,289.86486066100656,0.4514343234539355,0.4033146991379184,0.6923985002262282,0.7218069711049382,
2020-04-03,2020-04-07,5143.5185,5161.5728,5085.0948,5107.0393,10947897800.0,112751173060.0,5147.2019,Development,0.011476190860400415,114.76190860400415,0.3835508392101164,0.8135114753699175,-0.4299606361598011,0,0,0,0,114.76190860400415,0.36393770725520835,0.30855980686939916,0.5858859324780307,0.2782522979671691,
2020-04-07,2020-04-08,5202.5465,5273.0857,5197.5826,5267.073,14510945200.0,146826555108.9,5107.0393,Development,0.007806907636481508,78.06907636481509,0.5192903562598763,0.8135114753699175,-0.29422111911004123,0,0,0,0,78.06907636481509,0.4585759247188078,0.3637322965008483,0.6799323435018446,0.6996523954052387,
2020-04-08,2020-04-09,5243.1623,5291.4149,5232.6161,5271.7961,13778625400.0,136499534391.4,5267.073,Development,0.011081861799319137,110.81861799319137,0.39759741932455833,0.8135114753699175,-0.4159140560453592,0,0,0,0,110.81861799319137,0.3829887395718958,0.29308093321930745,0.5960835239495222,0.3386263206238293,
2020-04-09,2020-04-10,5301.2663,5336.1174,5289.3845,5322.4614,12509846200.0,128352885531.3,5271.7961,Development,0.0038708110173601984,38.70811017360198,0.4190886958798649,0.8135114753699175,-0.3944227794900526,0,0,0,0,38.70811017360198,0.3746090486934106,0.2718326704347269,0.6259109802682502,0.48692534964604156,
2020-04-10,2020-04-13,5321.7865,5321.7865,5197.9841,5208.5102,12381638800.0,126468212009.4,5322.4614,Development,-0.02731101670463476,-273.1101670463476,0.40045221750861953,0.8135114753699175,-0.413059257861298,0,0,0,0,-273.1101670463476,0.38691480441774256,0.2675028631105606,0.5997347303926879,0.3878671353077422,
2020-04-13,2020-04-14,5176.4431,5198.3708,5140.8505,5169.1757,9818099300.0,101355716432.4,5208.5102,Development,0.004004390582405648,40.04390582405648,0.727462415842571,0.8135114753699175,-0.08604905952734654,0,0,0,0,40.04390582405648,0.7903417882593754,0.63352244244302,0.7044493874724637,0.789881616914973,
2020-04-14,2020-04-15,5197.1716,5288.593,5189.8242,5288.593,11018824400.0,118917318030.8,5169.1757,Development,0.01823969021919547,182.3969021919547,0.4352498196228168,0.8135114753699175,-0.37826165574710074,0,1,0,0,182.3969021919547,0.3897923414494056,0.3100631311871568,0.6133557165376196,0.5060280572458667,
2020-04-15,2020-04-16,5291.9664,5320.5792,5264.0114,5268.7497,12247740000.0,128025726348.5,5288.593,Development,-0.008700300893822899,-87.00300893822899,0.3727102155721509,0.8135114753699175,-0.44080125979776663,0,0,0,0,-87.00300893822899,0.3720491505331083,0.2794893366761298,0.5602338443889499,0.27940652722505455,
2020-04-16,2020-04-17,5245.9247,5328.1204,5238.4335,5316.9707,12074219300.0,122069165005.5,5268.7497,Development,0.02078910892487662,207.8910892487662,0.4272143018860926,0.8135114753699175,-0.3862971734838249,0,1,0,0,207.8910892487662,0.4143974000071761,0.2905991369929494,0.6104657108479309,0.441556069619263,
2020-04-17,2020-04-20,5354.9828,5377.147,5309.5809,5318.4547,13696983300.0,156745771336.3,5316.9707,Development,-0.004689837659235696,-46.89837659235696,0.4039947732117632,0.8135114753699175,-0.40951670215815433,0,0,0,0,-46.89837659235696,0.40296934681986607,0.27861658815564694,0.5829056012096395,0.3795832396456679,
2020-04-20,2020-04-21,5329.8688,5381.7857,5311.1974,5381.7857,12064218200.0,130825823688.1,5318.4547,Development,0.005390695545826496,53.90695545826496,0.44372885409328366,0.8135114753699175,-0.36978262127663386,0,0,0,0,53.90695545826496,0.38946740230462545,0.26444521125840376,0.6468397012912498,0.593503399208019,
2020-04-21,2020-04-22,5358.6005,5358.6005,5287.6633,5343.8806,13074442600.0,139768427426.9,5381.7857,Development,-0.010052904671658203,-100.52904671658203,0.3700857797758123,0.8135114753699175,-0.4434256955941052,0,0,0,0,-100.52904671658203,0.38193115473051326,0.2585130789461656,0.5567622752309968,0.28348640319807605,
2020-04-22,2020-04-23,5304.731,5388.2073,5296.2644,5387.6233,12359700600.0,127945771530.7,5343.8806,Development,0.018458391198347357,184.58391198347357,0.4232190203539799,0.8135114753699175,-0.3902924550159376,0,1,0,0,184.58391198347357,0.4138608045750364,0.27483990140046355,0.6054751293112655,0.4521665372366207,
2020-04-23,2020-04-24,5402.6478,5407.49,5354.9401,5357.7904,14461830200.0,145324602210.3,5387.6233,Development,-0.009644382149064046,-96.44382149064046,0.37512218849810613,0.8135114753699175,-0.4383892868718114,0,0,0,0,-96.44382149064046,0.390416016187149,0.26013677417957104,0.5625455316958915,0.2861401828193716,
2020-04-24,2020-04-27,5350.5426,5354.7629,5258.5692,5273.5474,13138336700.0,127211203386.7,5357.7904,Development,-0.013375073399097936,-133.75073399097937,0.42985353666195725,0.8135114753699175,-0.3836579387079603,0,0,0,0,-133.75073399097937,0.4477682105471864,0.2909652179704294,0.5967703170756767,0.4053288392971546,
2020-04-27,2020-04-28,5278.9787,5314.4114,5249.3133,5265.7248,11713242700.0,110738403020.7,5273.5474,Development,-0.0020559279771292793,-20.559279771292793,0.6989599377588981,0.8135114753699175,-0.11455153761101944,0,0,0,0,-20.559279771292793,0.764119401698125,0.5624833058484863,0.6853907881131766,0.8179877634941288,
2020-04-28,2020-04-29,5268.1255,5273.2565,5102.0608,5227.846,14082491000.0,133971236966.9,5265.7248,Development,-0.012227347279407108,-122.27347279407108,0.4524428622776155,0.8135114753699175,-0.36106861309230204,0,0,0,0,-122.27347279407108,0.4011782459359809,0.3098529309606712,0.6138305707537065,0.5890044526536163,
2020-04-29,2020-04-30,5203.7103,5269.735,5201.4734,5226.8116,10592684900.0,103339319168.3,5227.846,Development,0.011018368951092539,110.18368951092539,0.4750813551360447,0.8135114753699175,-0.3384301202338728,0,0,0,0,110.18368951092539,0.4899228420089007,0.36240056124973985,0.5927141350092978,0.4789895125065359,
2020-04-30,2020-05-06,5261.0467,5368.8943,5261.0467,5353.8595,13303668600.0,142523793301.1,5226.8116,Development,0.011384293547517688,113.84293547517687,0.45331748048374265,0.8135114753699175,-0.3601939948861749,0,0,0,0,113.84293547517687,0.3820350472706733,0.29425961407853246,0.6146917354051136,0.6612543167537475,
2020-05-06,2020-05-07,5320.94,5451.456,5318.443,5451.3159,14167905000.0,159945700644.7,5353.8595,Development,0.025054125774769176,250.54125774769176,0.4290857431570269,0.8135114753699175,-0.3844257322128906,0,1,0,0,250.54125774769176,0.4588672367073514,0.33231467611394866,0.5508641936257472,0.367704067293484,
2020-05-07,2020-05-08,5454.2515,5473.7738,5425.7964,5445.7519,14014635400.0,147975355319.2,5451.3159,Development,0.003780977096490501,37.80977096490501,0.3662045651583462,0.8135114753699175,-0.4473069102115713,0,0,0,0,37.80977096490501,0.38821166897152853,0.2880408687526765,0.5149084620369745,0.25175808005714184,
2020-05-08,2020-05-11,5474.8739,5527.0903,5467.646,5507.6965,13631862200.0,146384767223.1,5445.7519,Development,0.00990556147786359,99.05561477863588,0.3943673830371261,0.8135114753699175,-0.41914409233279143,0,0,0,0,99.05561477863588,0.3965787558199885,0.28768685158639906,0.5347063463150681,0.38339307140514534,
2020-05-11,2020-05-12,5529.1056,5547.9416,5466.6158,5496.192,12985198500.0,142054909597.6,5507.6965,Development,-0.006336702992252419,-63.36702992252419,0.43476334053096805,0.8135114753699175,-0.3787481348389495,0,0,0,0,-63.36702992252419,0.44254813269577,0.30873586009370585,0.552882536055547,0.47635485409967643,
2020-05-12,2020-05-13,5494.0693,5519.2868,5441.7013,5512.464,11594367700.0,127585356336.7,5496.192,Development,0.00033264960818746303,3.3264960818746303,0.5067747872527525,0.8135114753699175,-0.30673668811716504,0,0,0,0,3.3264960818746303,0.46216033245849475,0.32393934421516324,0.6207063461767117,0.7648866354858875,
2020-05-13,2020-05-14,5495.8969,5546.5535,5483.9868,5536.2802,10789582200.0,120477112076.0,5512.464,Development,0.0031268417717225105,31.268417717225105,0.38815912230406513,0.8135114753699175,-0.4253523530658524,0,0,0,0,31.268417717225105,0.4069740276968048,0.29231025565955654,0.5142052261842018,0.34259957213719544,
2020-05-14,2020-05-15,5513.0817,5528.0915,5485.0152,5487.107,11919770100.0,129595787537.9,5536.2802,Development,-0.0005326059289125773,-5.326059289125773,0.40715803592801697,0.8135114753699175,-0.40635343944190055,0,0,0,0,-5.326059289125773,0.41119312734723407,0.2938871182586198,0.5321761442206345,0.4249076736812765,
2020-05-15,2020-05-18,5510.1454,5543.9334,5486.2557,5507.9336,11265151100.0,132317035662.0,5487.107,Development,0.0022826802356248344,22.826802356248344,0.3978376311183992,0.8135114753699175,-0.4156738442515183,0,0,0,0,22.826802356248344,0.44256737053859624,0.3071514769102154,0.5133541603766708,0.30265247698467845,
2020-05-18,2020-05-19,5522.7233,5528.7754,5454.9615,5478.8218,13365466400.0,158389049357.7,5507.9336,Development,-0.0013932256935630383,-13.932256935630383,0.4361443566748072,0.8135114753699175,-0.3773671186951103,0,0,0,0,-13.932256935630383,0.44018236822348367,0.3147901937038918,0.5476531703192206,0.4866087485719031,
2020-05-19,2020-05-20,5515.0289,5548.2181,5504.2327,5547.8759,11200886000.0,133182704772.6,5478.8218,Development,0.0054424374820591925,54.42437482059192,0.567709422205398,0.8135114753699175,-0.24580205316451953,0,0,0,0,54.42437482059192,0.5924011670542825,0.41510929473901664,0.6129499267542169,0.7200839937130595,
2020-05-20,2020-05-21,5545.0441,5547.1691,5473.7896,5489.7024,12349126400.0,141354557271.3,5547.8759,Development,-0.00664377042555897,-66.43770425558971,0.3729485338150014,0.8135114753699175,-0.4405629415549161,0,0,0,0,-66.43770425558971,0.3983495654901743,0.30829206396760417,0.4907209430821596,0.2701831009958617,
2020-05-21,2020-05-22,5508.2041,5511.2324,5415.5986,5426.1745,11455910800.0,128883851422.2,5489.7024,Development,-0.015699472719248098,-156.99472719248098,0.6387067268558209,0.8135114753699175,-0.17480474851409666,0,0,0,0,-156.99472719248098,0.7037225571123341,0.5325750688566203,0.6157224687533843,0.7178818439501811,
2020-05-22,2020-05-25,5421.7282,5421.887,5307.2962,5328.2268,10641571100.0,115705492517.1,5426.1745,Development,-0.018031630578603908,-180.31630578603907,0.7508203078658472,0.8135114753699175,-0.06269116750407033,0,0,0,0,-180.31630578603907,0.8101852565295787,0.7065149348631291,0.6583225754929511,0.8293885767229066,
2020-05-25,2020-05-26,5323.9656,5344.2849,5293.2294,5316.6036,8438568100.0,91375351529.7,5328.2268,Development,0.003220475353935326,32.20475353935326,0.7480008896931285,0.8135114753699175,-0.06551058567678902,0,0,0,0,32.20475353935326,0.8061491004040151,0.7617046942238299,0.6271463044919057,0.766629338655448,
2020-05-26,2020-05-27,5341.1113,5421.9045,5341.0821,5420.2126,9096900800.0,99351009048.7,5316.6036,Development,0.015997513476268654,159.97513476268654,0.42031059379284785,0.8135114753699175,-0.39320088157706967,0,0,0,0,159.97513476268654,0.34507607871368656,0.4360275022490905,0.5088418021808702,0.43094893700411,
2020-05-27,2020-05-28,5426.5558,5426.5558,5358.47,5369.4992,10396037100.0,113109428499.1,5420.2126,Development,-0.01092578832415203,-109.2578832415203,0.37952629762339934,0.8135114753699175,-0.4339851777465182,0,0,0,0,-109.2578832415203,0.34852834246248016,0.4051633510621942,0.4675560544451742,0.27949119319252125,
2020-05-28,2020-05-29,5367.2664,5390.1397,5290.2897,5361.167,10252425100.0,107583819701.5,5369.4992,Development,-0.003297507274839351,-32.97507274839351,0.5680656239501687,0.8135114753699175,-0.24544585141974884,0,0,0,0,-32.97507274839351,0.5455951568035804,0.5416180752344274,0.584519907991727,0.6394739363320733,
2020-05-29,2020-06-01,5349.5678,5416.6599,5336.0669,5406.3403,10500325000.0,110023218185.6,5361.167,Development,0.018080600829098792,180.8060082909879,0.4343186631333185,0.8135114753699175,-0.379192812236599,0,1,0,0,180.8060082909879,0.34743064221751185,0.3985001721626836,0.5504076980735906,0.5220156437351446,
2020-06-01,2020-06-02,5446.2912,5576.6538,5446.2912,5569.48,14169758200.0,147879965490.3,5406.3403,Development,0.027370497559880747,273.70497559880744,0.40176251888664316,0.8135114753699175,-0.41174895648327436,0,1,0,0,273.70497559880744,0.3641056345351554,0.3845307197807343,0.5069118632680532,0.36735869804445653,
2020-06-02,2020-06-03,5595.3589,5596.4399,5544.1862,5566.4438,13902910300.0,149203304081.4,5569.48,Development,-0.002083494590490065,-20.83494590490065,0.3655224235373242,0.8135114753699175,-0.4479890518325933,0,0,0,0,-20.83494590490065,0.3207105618784738,0.37478917377126053,0.49229152024457923,0.2702233086805174,
2020-06-03,2020-06-04,5583.701,5618.2892,5567.0729,5572.3125,13834551900.0,146218273434.1,5566.4438,Development,0.0010107095634239727,10.107095634239727,0.3722567012945588,0.8135114753699175,-0.44125477407535874,0,0,0,0,10.107095634239727,0.29839123693213654,0.3342382384923841,0.515186954779643,0.39922402442652083,
2020-06-04,2020-06-05,5589.3445,5597.2621,5549.3577,5576.7535,12077846500.0,123809986180.5,5572.3125,Development,-0.0007487997921760137,-7.487997921760137,0.3729469628729822,0.8135114753699175,-0.44056451249693535,0,0,0,0,-7.487997921760137,0.31082390238589613,0.32922533271906607,0.5220644957475409,0.3764347114748749,
2020-06-05,2020-06-08,5585.1592,5592.3453,5542.8701,5585.4231,11225389700.0,115167433561.3,5576.7535,Development,0.0059472073777233625,59.472073777233625,0.3231914410154469,0.8135114753699175,-0.49032003435447064,0,0,0,0,59.472073777233625,0.19353713821080243,0.30864451358903194,0.5029391998109626,0.37701078912770836,
2020-06-08,2020-06-09,5618.3753,5627.1893,5567.2087,5575.3036,11944619000.0,128061193175.3,5585.4231,Development,-0.006448714809065836,-64.48714809065837,0.3314965823172574,0.8135114753699175,-0.4820148930526601,0,0,0,0,-64.48714809065837,0.2058090443661988,0.2990471993033923,0.5204281219041889,0.3955881538054902,
2020-06-09,2020-06-10,5582.144,5616.0363,5560.139,5610.3774,11487092900.0,119378870791.8,5575.3036,Development,0.005287197893855788,52.87197893855789,0.38039354684329896,0.8135114753699175,-0.43311792852661857,0,0,0,0,52.87197893855789,0.24741179955268577,0.3261274405837988,0.5616011796231704,0.5087849507176543,
2020-06-10,2020-06-11,5611.6579,5616.6108,5581.9153,5615.2417,10836809700.0,114114998789.0,5610.3774,Development,0.0012444094284507212,12.444094284507212,0.3290624142704139,0.8135114753699175,-0.48444906109950364,0,0,0,0,12.444094284507212,0.23008363143874874,0.29657518544667083,0.5044795692391494,0.35504639014724115,
2020-06-11,2020-06-12,5618.6411,5673.3108,5567.538,5589.1019,12751545400.0,144595249404.6,5615.2417,Development,-0.024001639827110566,-240.01639827110566,0.3094264445910145,0.8135114753699175,-0.5040850307789031,0,0,0,0,-240.01639827110566,0.2350002719076806,0.2875377563349662,0.47805780797497166,0.274019141338242,
2020-06-12,2020-06-15,5483.7845,5620.2062,5479.2713,5591.4871,12954546500.0,142138382119.3,5589.1019,Development,0.022265408131920683,222.65408131920682,0.6781130468870346,0.8135114753699175,-0.13539842848288297,0,1,0,0,222.65408131920682,0.5816284214404565,0.6574305688398906,0.695289476921369,0.8957196212463048,
2020-06-15,2020-06-16,5605.8832,5661.9706,5590.6435,5590.6435,14535977600.0,152567150810.5,5591.4871,Development,0.004883369671347948,48.83369671347948,0.41587485846876454,0.8135114753699175,-0.397636616901153,0,0,0,0,48.83369671347948,0.3935063080230374,0.341845751506681,0.5364552279813346,0.4271609572697971,
2020-06-16,2020-06-17,5633.2588,5695.3007,5624.8549,5695.3007,13395170300.0,142087502349.4,5590.6435,Development,0.013389816210822802,133.89816210822804,0.46300183070866274,0.8135114753699175,-0.3505096446612548,0,0,0,0,133.89816210822804,0.3888038790863218,0.3318498105016739,0.5956077321509391,0.6678553987852371,
2020-06-17,2020-06-18,5708.6871,5735.4183,5685.6241,5735.4183,14683751800.0,153683182939.3,5695.3007,Development,0.005140288736441567,51.402887364415676,0.3564192872021861,0.8135114753699175,-0.45709218816773145,0,0,0,0,51.402887364415676,0.3799183616750843,0.3123104604172361,0.45775646281992644,0.24433558434654704,
2020-06-18,2020-06-19,5738.0314,5744.4525,5705.295,5734.403,15815436600.0,160763116093.6,5735.4183,Development,-0.0008020695041855985,-8.020695041855985,0.3543477904182361,0.8135114753699175,-0.4591636849516814,0,0,0,0,-8.020695041855985,0.38567997544595545,0.30439624816057115,0.452257893117241,0.24055570497411402,
2020-06-19,2020-06-22,5733.4291,5796.3597,5727.6226,5787.1482,14176809800.0,147827142214.7,5734.403,Development,0.010527591594356567,105.27591594356566,0.3608484129418932,0.8135114753699175,-0.45266306242802434,0,0,0,0,105.27591594356566,0.3885252948328213,0.298877527496711,0.46456634114759293,0.26787193716990265,
2020-06-22,2020-06-23,5793.7883,5815.3942,5770.8094,5784.0269,14539234900.0,157370407892.1,5787.1482,Development,-0.0018413686257745532,-18.413686257745532,0.4122589479825515,0.8135114753699175,-0.401252527387366,0,0,0,0,-18.413686257745532,0.43022521793817164,0.3295818631505427,0.5085309762570954,0.3863914839053765,
2020-06-23,2020-06-24,5783.1198,5809.2832,5755.3982,5804.343,12574812700.0,140277421310.2,5784.0269,Development,0.004395378425326779,43.95378425326779,0.36882916664427784,0.8135114753699175,-0.4446823087256397,0,0,0,0,43.95378425326779,0.3956502170214721,0.29903585537506966,0.4550532191013657,0.3154146571853582,
2020-06-24,2020-06-29,5808.5388,5824.3132,5773.2908,5789.0893,11024143600.0,128536776011.6,5804.343,Development,-0.005867275948987505,-58.67275948987505,0.3831927070246117,0.8135114753699175,-0.4303187683453058,0,0,0,0,-58.67275948987505,0.4105986822143986,0.2988239240328458,0.46755988604227083,0.35659550883262364,
2020-06-29,2020-06-30,5774.4585,5789.1592,5740.2558,5762.4378,11776115100.0,131671126495.1,5789.0893,Development,0.00270262570940627,27.0262570940627,0.42260321228131636,0.8135114753699175,-0.39090826308860116,0,0,0,0,27.0262570940627,0.4413993145803523,0.32012424911582466,0.5088023947803274,0.4434758044993351,
2020-06-30,2020-07-01,5790.0647,5875.3274,5788.2081,5864.4164,11535032400.0,139671518549.7,5762.4378,Development,0.016316795216468005,163.16795216468006,0.41973875388466325,0.8135114753699175,-0.3937727214852543,0,1,0,0,163.16795216468006,0.4402580717783644,0.32406634422763475,0.5154305157382749,0.41198574771163204,
2020-07-01,2020-07-02,5884.54,5885.8738,5814.7554,5881.8875,14283298200.0,161437631594.7,5864.4164,Development,-0.0006214249542020323,-6.2142495420203225,0.445210158910621,0.8135114753699175,-0.36830131645929653,0,0,0,0,-6.2142495420203225,0.48129629667098656,0.3573799064413843,0.5325547054442719,0.4021313065072384,
2020-07-02,2020-07-03,5880.8832,5979.9902,5858.5743,5975.2794,20118138000.0,200063179993.3,5881.8875,Development,0.018553777772699176,185.53777772699175,0.39635773944724345,0.8135114753699175,-0.4171537359226741,0,1,0,0,185.53777772699175,0.42639243587481196,0.3120882332669108,0.5159016317240219,0.3156327934736718,
2020-07-03,2020-07-06,5989.9958,6052.523,5968.0663,6051.5099,22682681800.0,217087507631.7,5975.2794,Development,0.01768954495761088,176.8954495761088,0.4074552313362829,0.8135114753699175,-0.4060562440336346,0,1,0,0,176.8954495761088,0.4607730936798743,0.33321534314131324,0.5100323318182558,0.2830310650346352,
2020-07-06,2020-07-07,6095.9561,6318.3081,6095.9561,6299.8551,30237648900.0,291741992284.1,6051.5099,Development,0.04467837292988386,446.7837292988386,0.3789862143154399,0.8135114753699175,-0.43452526105447764,0,1,0,0,446.7837292988386,0.4164516087846852,0.31108006972359503,0.4884403230263403,0.26770860462653423,
2020-07-07,2020-07-08,6368.3135,6480.0286,6300.2446,6380.0276,32586542500.0,329327405395.3,6299.8551,Development,0.0016696100152733262,16.696100152733262,0.4590498832340629,0.8135114753699175,-0.3544615921358546,0,0,0,0,16.696100152733262,0.5229438194812761,0.4152934669123797,0.5125382538967883,0.3263024876104331,
2020-07-08,2020-07-09,6378.9461,6541.4382,6352.3731,6535.4151,28884738900.0,292261704951.5,6380.0276,Development,0.025449235258470093,254.49235258470094,0.8579205180112579,0.8135114753699175,0.04440904264134038,1,1,1,1,254.49235258470094,0.9425779657030114,0.9235516959100981,0.6660784813271042,0.8269516807840224,预测大涨
2020-07-09,2020-07-10,6541.2854,6712.1445,6530.0207,6693.7452,31741227100.0,334582903483.0,6535.4151,Development,0.018809896293471517,188.0989629347152,0.42612714844977895,0.8135114753699175,-0.3873843269201386,0,1,0,0,188.0989629347152,0.4089700273616418,0.49209835790060885,0.47876826031152847,0.2747548854132122,
2020-07-10,2020-07-13,6664.3263,6763.8121,6644.3586,6676.4373,28873667200.0,322509785233.7,6693.7452,Development,0.006948774401997593,69.48774401997593,0.4892342136315738,0.8135114753699175,-0.3242772617383437,0,0,0,0,69.48774401997593,0.4915814850260228,0.5553645959088216,0.5029626112144039,0.3496415462567947,
2020-07-13,2020-07-14,6710.6352,6899.622,6710.6352,6899.5175,29730559500.0,335186154096.4,6676.4373,Development,0.027772065452164707,277.7206545216471,0.7580835762647279,0.8135114753699175,-0.05542789910518964,0,1,0,0,277.7206545216471,0.7574204338860693,0.7339271020317972,0.6919163160845798,0.8927465664747091,
2020-07-14,2020-07-15,6897.0034,6897.0034,6672.7996,6807.727,29386829700.0,341854745106.6,6899.5175,Development,-0.011800371158291578,-118.00371158291578,0.42241422193110906,0.8135114753699175,-0.39109725343880847,0,0,0,0,-118.00371158291578,0.44493926737579426,0.45984716913564605,0.4644052880284554,0.25130312686936196,
2020-07-15,2020-07-16,6815.6162,6838.1524,6598.5228,6638.8384,25647283000.0,300879616805.6,6807.727,Development,-0.02542505254330496,-254.2505254330496,0.7812198414120752,0.8135114753699175,-0.03229163395784229,0,0,0,0,-254.2505254330496,0.8758481904349869,0.8696085839865916,0.6042484012341183,0.6687900304776746,
2020-07-16,2020-07-17,6642.3288,6710.995,6305.133,6319.9981,25331587000.0,277008155088.1,6638.8384,Development,-0.0474686378066681,-474.686378066681,0.9028386667437844,0.8135114753699175,0.08932719137386691,1,0,0,0,-474.686378066681,0.9709013541505264,0.9506839600451175,0.7276442528214383,0.9153685118703498,预测大涨
2020-07-17,2020-07-20,6327.0265,6447.5092,6272.9416,6344.5912,19680390900.0,215076901728.0,6319.9981,Development,0.014549251532295582,145.49251532295582,0.9110412788879273,0.8135114753699175,0.09752980351800977,1,0,0,1,145.49251532295582,0.9649008933101942,0.938630847523794,0.7821163730086274,0.9255795987118806,预测大涨
2020-07-20,2020-07-21,6419.08,6526.8325,6340.6495,6526.8325,21241322200.0,225848583600.9,6344.5912,Development,0.019860369398730038,198.60369398730037,0.7059250812593977,0.8135114753699175,-0.10758639411051985,0,1,0,0,198.60369398730037,0.6531469459350401,0.7391978600996699,0.7066300674826632,0.7588818997961906,
2020-07-21,2020-07-22,6546.5653,6591.0097,6500.8682,6563.3239,19396594900.0,214682284529.3,6526.8325,Development,0.0011613418107965234,11.613418107965234,0.4535193321802436,0.8135114753699175,-0.35999214318967393,0,0,0,0,11.613418107965234,0.4111557541205642,0.6031071294282836,0.470349975113361,0.25862115633995575,
2020-07-22,2020-07-23,6554.1681,6699.6871,6534.7427,6620.6893,21010119800.0,232947421316.2,6563.3239,Development,0.0012023493874073754,12.023493874073754,0.5515140394081948,0.8135114753699175,-0.26199743596172276,0,0,0,0,12.023493874073754,0.4855380156842569,0.6181598955934773,0.5805858578233073,0.5351090911765383,
2020-07-23,2020-07-24,6562.0485,6629.2067,6431.2609,6620.0859,20799246200.0,240882435490.9,6620.6893,Development,0.003468551017262289,34.68551017262289,0.6713119170033793,0.8135114753699175,-0.1421995583665382,0,0,0,0,34.68551017262289,0.6675509561795417,0.7253353573805367,0.6041570791081494,0.6771008401999498,
2020-07-24,2020-07-27,6584.8093,6609.2877,6265.3789,6283.9831,21901777700.0,247232797429.5,6620.0859,Development,-0.04255603879067538,-425.56038790675376,0.42952546558415067,0.8135114753699175,-0.38398600978576686,0,0,0,0,-425.56038790675376,0.3922135800438639,0.5437456822027221,0.4459299034553619,0.28637174120184467,
2020-07-27,2020-07-28,6304.5859,6337.3275,6229.4712,6298.7351,14554248100.0,168023361892.0,6283.9831,Development,0.006518445565155906,65.18445565155906,0.8820463600206143,0.8135114753699175,0.06853488465069679,1,0,0,1,65.18445565155906,0.9389795803750126,0.9027877798906565,0.75129683599295,0.9045463775329826,预测大涨
2020-07-28,2020-07-29,6345.682,6385.3908,6307.7891,6359.6637,13883814400.0,162440480588.8,6298.7351,Development,-0.0007365796142951853,-7.365796142951853,0.5338144673528626,0.8135114753699175,-0.2796970080170549,0,0,0,0,-7.365796142951853,0.42445159769038193,0.6007502801978183,0.5924492523227384,0.5684500635733826,
2020-07-29,2020-07-30,6341.0079,6530.2712,6324.0483,6530.2712,15922168400.0,186898356931.0,6359.6637,Development,0.032753909674202,327.53909674202,0.5274938460658982,0.8135114753699175,-0.2860176293040193,0,1,0,0,327.53909674202,0.4409844533788259,0.5790389990035408,0.5819063034318981,0.5463051590068027,
2020-07-30,2020-07-31,6548.7007,6564.775,6491.4492,6511.436,17761556100.0,209285453557.9,6530.2712,Development,-0.0075292492753562534,-75.29249275356253,0.4177430463283762,0.8135114753699175,-0.3957684290415413,0,0,0,0,-75.29249275356253,0.38695455383443667,0.5114376885403799,0.4643022502949867,0.25518406355290163,
2020-07-31,2020-08-03,6499.3939,6619.2616,6463.415,6579.6696,17991294100.0,207862488529.4,6511.436,Development,0.020917181215928338,209.17181215928338,0.5032208543830339,0.8135114753699175,-0.31029062098688365,0,1,0,0,209.17181215928338,0.45069085712823015,0.5243712318855178,0.5354217960914366,0.5335576430710907,
2020-08-03,2020-08-04,6635.3429,6739.8085,6614.4314,6739.8085,20726674600.0,240946720735.4,6579.6696,Development,0.018559824541999337,185.59824541999336,0.5167882470122622,0.8135114753699175,-0.2967232283576553,0,1,0,0,185.59824541999336,0.5102086574167823,0.5482629792258127,0.5223626125598221,0.46802434090104883,
2020-08-04,2020-08-05,6758.4937,6764.9049,6672.894,6697.7071,20947893600.0,245084781553.8,6739.8085,Development,-0.009145040706333707,-91.45040706333707,0.392040721351182,0.8135114753699175,-0.4214707540187355,0,0,0,0,-91.45040706333707,0.3905359577478232,0.44332599568263736,0.4265875063494799,0.2579872845556125,
2020-08-05,2020-08-06,6696.687,6790.008,6653.2772,6772.8422,18484381600.0,217994170977.7,6697.7071,Development,0.012489683331474266,124.89683331474266,0.6200094865854541,0.8135114753699175,-0.19350198878446345,0,0,0,0,124.89683331474266,0.608914820457305,0.5806153185939549,0.6267516255263917,0.7032550050491049,
2020-08-06,2020-08-07,6780.3265,6792.2759,6656.2782,6770.3016,20522984200.0,240928921871.6,6772.8422,Development,-0.005462244332924193,-54.62244332924193,0.43679125182396444,0.8135114753699175,-0.3767202235459531,0,0,0,0,-54.62244332924193,0.42515268699898584,0.4580063585550439,0.48573712849192646,0.3570961848792073,
2020-08-07,2020-08-10,6743.2907,6755.528,6578.6672,6688.8822,19812821400.0,227976663621.9,6770.3016,Development,-0.01137880649280032,-113.7880649280032,0.40184875824035593,0.8135114753699175,-0.4116627171295616,0,0,0,0,-113.7880649280032,0.38059738363202666,0.4011067684761503,0.4449240942888568,0.38907782430372667,
2020-08-10,2020-08-11,6666.5601,6768.866,6651.7421,6725.2956,17535322700.0,210390907232.4,6688.8822,Development,0.009181511766465533,91.81511766465533,0.5810666424302735,0.8135114753699175,-0.23244483293964402,0,0,0,0,91.81511766465533,0.6093085323847198,0.5671936801866186,0.5462483019169415,0.5932055284093023,
2020-08-11,2020-08-12,6727.7692,6756.8451,6594.9793,6600.8472,18084577100.0,203427777772.4,6725.2956,Development,-0.02196320884491698,-219.63208844916983,0.4912383317414197,0.8135114753699175,-0.32227314362849785,0,0,0,0,-219.63208844916983,0.48082223092440773,0.47910058001296363,0.4450472236969857,0.5981263850634649,
2020-08-12,2020-08-13,6580.0058,6599.6573,6395.006,6528.3999,17788904500.0,197969436424.9,6600.8472,Development,-0.004200041890540573,-42.00041890540574,0.8167855579696849,0.8135114753699175,0.0032740825997673584,1,0,0,0,-42.00041890540574,0.8817090505670989,0.8483863920185429,0.6341683372131691,0.8746203551548878,预测大涨
2020-08-13,2020-08-14,6552.3695,6592.1163,6518.4229,6552.6567,16206051500.0,166812245236.6,6528.3999,Development,-0.0014904989714026318,-14.904989714026318,0.560120733537586,0.8135114753699175,-0.25339074183233157,0,0,0,0,-14.904989714026318,0.5505768889473612,0.6163212786762131,0.5158917382979593,0.5428653177537025,
2020-08-14,2020-08-17,6542.6032,6629.5058,6506.0266,6623.5633,15687598800.0,161300612455.5,6552.6567,Development,0.01588642881475688,158.8642881475688,0.4643470388226376,0.8135114753699175,-0.3491644365472799,0,0,0,0,158.8642881475688,0.39816509870909067,0.4786501714571988,0.5068181965386427,0.5215553375939355,
2020-08-17,2020-08-18,6646.5418,6752.3176,6614.1849,6744.5468,20140735700.0,207540650739.4,6623.5633,Development,0.0152055163483662,152.055163483662,0.3799001284381389,0.8135114753699175,-0.4336113469317786,0,0,0,0,152.055163483662,0.3701306159203857,0.4226544162207704,0.4070948048815368,0.2884476588090873,
2020-08-18,2020-08-19,6747.6059,6811.5637,6737.5288,6789.3979,18916617500.0,208576358641.0,6744.5468,Development,0.0051851279577546094,51.851279577546094,0.3782164400739654,0.8135114753699175,-0.43529503529595215,0,0,0,0,51.851279577546094,0.38090216407804905,0.39869251458053073,0.4115086392153226,0.29089937235943175,
2020-08-19,2020-08-20,6782.5931,6782.5931,6661.9879,6666.274,19430913600.0,205475855509.4,6789.3979,Development,-0.023676460850939218,-236.7646085093922,0.4293562068775869,0.8135114753699175,-0.3841552684923306,0,0,0,0,-236.7646085093922,0.39231098537742265,0.37886406556298496,0.5120784441206382,0.48269547365679377,
2020-08-20,2020-08-21,6622.0053,6672.4908,6570.6949,6593.785,15764625800.0,163429358352.8,6666.274,Development,0.0010412857869503966,10.412857869503966,0.776888227934626,0.8135114753699175,-0.03662324743529155,0,0,0,0,10.412857869503966,0.8172242777597595,0.7878166011454625,0.6833679549911562,0.8006398442345241,
2020-08-21,2020-08-24,6628.9007,6686.0233,6589.1968,6643.9444,14296349300.0,153128200636.0,6593.785,Development,0.0057921217616065945,57.921217616065945,0.6361410932827937,0.8135114753699175,-0.17737038208712386,0,0,0,0,57.921217616065945,0.5833381442546068,0.6404755986704881,0.6257002807003456,0.7551180928400913,
2020-08-24,2020-08-25,6667.2961,6702.7487,6589.9285,6688.9647,14302035400.0,157948512265.7,6643.9444,Development,0.004623088511098272,46.230885110982726,0.505863495805194,0.8135114753699175,-0.30764797956472356,0,0,0,0,46.230885110982726,0.4044282318108111,0.48652333652920915,0.5840580762592382,0.6477411624019201,
2020-08-25,2020-08-26,6698.1196,6734.4378,6631.6853,6652.5478,14709813000.0,158243101130.5,6688.9647,Development,-0.0071170123626935755,-71.17012362693575,0.38980291292415875,0.8135114753699175,-0.4237085624457588,0,0,0,0,-71.17012362693575,0.35411777764382035,0.39717841021869205,0.4667418080881298,0.3469357242789844,
2020-08-26,2020-08-27,6650.449,6660.7634,6501.2409,6525.8786,15373477100.0,170546092542.3,6652.5478,Development,-0.01688800259952372,-168.88002599523722,0.5888481613320898,0.8135114753699175,-0.2246633140378277,0,0,0,0,-168.88002599523722,0.5000493566345642,0.529367329844554,0.6801705010037098,0.7560688593690419,
2020-08-27,2020-08-28,6538.1362,6585.7193,6486.7508,6578.7912,12983619800.0,142139979127.3,6525.8786,Development,0.0051638416464925285,51.638416464925285,0.7974545235766306,0.8135114753699175,-0.016056951793286922,0,0,0,0,51.638416464925285,0.8025392403654817,0.8182677891788687,0.7271044985019783,0.8469575700740521,
2020-08-28,2020-08-31,6571.8981,6695.3574,6553.9227,6691.2096,14194959300.0,155878611730.4,6578.7912,Development,0.022426975853444775,224.26975853444776,0.36839951752037386,0.8135114753699175,-0.44511195784954366,0,1,0,0,224.26975853444776,0.3402696172916275,0.4146549132319417,0.4008809201519836,0.3025666843927524,
2020-08-31,2020-09-01,6719.2859,6765.8853,6667.6792,6668.4331,15602438500.0,173312513829.2,6691.2096,Development,-0.007756464120688755,-77.56464120688756,0.3476202598959697,0.8135114753699175,-0.46589121547394785,0,0,0,0,-77.56464120688756,0.34522469957931184,0.37057178675720626,0.3844588908830743,0.2618925359544345,
2020-09-01,2020-09-02,6667.168,6710.4599,6637.6339,6710.4599,12563249000.0,140204445918.0,6668.4331,Development,0.008777834906815052,87.77834906815052,0.5381821715711865,0.8135114753699175,-0.275329303798731,0,0,0,0,87.77834906815052,0.45848108528709114,0.49473708044961634,0.6095045359206975,0.6855076384070595,
2020-09-02,2020-09-03,6725.6913,6742.5527,6647.0341,6717.5579,14956254800.0,160818469798.5,6710.4599,Development,-0.0015741281494737747,-15.741281494737747,0.33338032212224933,0.8135114753699175,-0.4801311532476682,0,0,0,0,-15.741281494737747,0.33941441669321976,0.32168031788666135,0.3864051589917391,0.26812372787566746,
2020-09-03,2020-09-04,6715.1042,6732.6741,6638.4482,6662.2515,14211033500.0,151591727849.6,6717.5579,Development,-0.025199340912684498,-251.993409126845,0.3931624949169479,0.8135114753699175,-0.42034898045296964,0,0,0,0,-251.993409126845,0.3524205391228086,0.30270536881794097,0.5077573800943049,0.4804711545338899,
2020-09-04,2020-09-07,6545.888,6631.0289,6538.4896,6618.5762,12535846200.0,132077386325.3,6662.2515,Development,0.011306365156263043,113.06365156263043,0.5384836210396289,0.8135114753699175,-0.27502785433028865,0,0,0,0,113.06365156263043,0.493638074524882,0.4460778522051313,0.6149469925458164,0.6903533670228285,
2020-09-07,2020-09-08,6619.8982,6669.3935,6459.1029,6478.8124,15558174800.0,167216213932.1,6618.5762,Development,-0.019052332254897775,-190.52332254897775,0.36195593256632774,0.8135114753699175,-0.4515555428035898,0,0,0,0,-190.52332254897775,0.35016323896169727,0.28863900489410244,0.46684135941262644,0.37110256798890123,
2020-09-08,2020-09-09,6493.7737,6542.9954,6432.952,6525.098,16123031800.0,148148725285.5,6478.8124,Development,-0.00592388983311809,-59.2388983311809,0.8421262388838886,0.8135114753699175,0.028614763513971075,1,0,0,0,-59.2388983311809,0.8859622640851825,0.8689662290823239,0.7409177139485766,0.8411664242699313,预测大涨
2020-09-09,2020-09-10,6455.3053,6471.4824,6319.2713,6349.2234,21691635100.0,176688524174.1,6525.098,Development,-0.007844818741570614,-78.44818741570614,0.3995545463828886,0.8135114753699175,-0.4139569289870289,0,0,0,0,-78.44818741570614,0.3657098320789246,0.4062000422029027,0.46629666501714234,0.3680745334716884,
2020-09-10,2020-09-11,6404.6646,6414.9623,6219.6361,6235.5687,18104949700.0,149335340844.4,6349.2234,Development,-0.030427276394770164,-304.27276394770166,0.8241460534284888,0.8135114753699175,0.010634578058571265,1,0,0,0,-304.27276394770166,0.8394661429191375,0.8456399801790693,0.7493481872876078,0.856823557391056,预测大涨
2020-09-11,2020-09-14,6209.7881,6319.6691,6209.7881,6311.967,12462919400.0,115690880160.5,6235.5687,Development,0.022636360168231784,226.36360168231784,0.8398775237559151,0.8135114753699175,0.026366048385997543,1,1,1,1,226.36360168231784,0.8579077623399983,0.8819584794202453,0.7708198724687362,0.822875864872031,预测大涨
2020-09-14,2020-09-15,6350.3551,6381.182,6297.9023,6351.2422,13050227700.0,129303970062.7,6311.967,Development,0.0001073168333531882,1.073168333531882,0.39451483215954875,0.8135114753699175,-0.4189966432103688,0,0,0,0,1.073168333531882,0.3367355068232147,0.49883589543395707,0.42636621137162356,0.29093839135244093,
2020-09-15,2020-09-16,6351.0366,6388.1304,6328.5366,6387.8805,11518415400.0,117077083505.1,6351.2422,Development,0.004484496278922334,44.844962789223345,0.47448917193231216,0.8135114753699175,-0.33902230343760537,0,0,0,0,44.844962789223345,0.3645307634418532,0.4667901222229407,0.5953398181343711,0.5554544884381063,
2020-09-16,2020-09-17,6379.5178,6387.7666,6321.5668,6353.836,11337988700.0,112504425528.5,6387.8805,Development,-0.005305463682537148,-53.05463682537148,0.36872487680078975,0.8135114753699175,-0.4447865985691278,0,0,0,0,-53.05463682537148,0.3453050764046341,0.395890912939082,0.4428759109717255,0.268993717415572,
2020-09-17,2020-09-18,6345.6715,6416.0088,6291.6343,6367.0206,11895968100.0,123682498362.9,6353.836,Development,0.0034859667727835664,34.859667727835664,0.41213426645715895,0.8135114753699175,-0.4013772089127586,0,0,0,0,34.859667727835664,0.36422177518334786,0.36441228169790046,0.5403029738186368,0.42122981112067787,
2020-09-18,2020-09-21,6367.7923,6473.5997,6353.5609,6469.4692,13522626400.0,136788919948.3,6367.0206,Development,0.019540932577213566,195.40932577213565,0.4604284480915992,0.8135114753699175,-0.3530830272783183,0,1,0,0,195.40932577213565,0.37904326028264845,0.34064785047988544,0.6551666030052924,0.5752230549997904,
2020-09-21,2020-09-22,6492.2249,6515.337,6434.3239,6445.9649,12602372100.0,133640323489.2,6469.4692,Development,-0.015433830704170592,-154.33830704170592,0.3578976259054598,0.8135114753699175,-0.4556138494644577,0,0,0,0,-154.33830704170592,0.36948591719514584,0.3043049590201555,0.47783713854489385,0.26214284408493765,
2020-09-22,2020-09-23,6392.025,6462.9751,6341.4838,6358.652,12130589400.0,122989741811.9,6445.9649,Development,-0.0015243526112617145,-15.243526112617145,0.4600477587447822,0.8135114753699175,-0.3534637166251353,0,0,0,0,-15.243526112617145,0.42406486233257557,0.3182215255385162,0.6450806671070031,0.530287072733633,
2020-09-23,2020-09-24,6382.2813,6411.2048,6356.1636,6392.0329,9504883300.0,106027143367.8,6358.652,Development,-0.004479166407159063,-44.79166407159063,0.5785442663422813,0.8135114753699175,-0.23496720902763624,0,0,0,0,-44.79166407159063,0.5985213970976866,0.4640046470643941,0.6791131813557668,0.5982549390798053,
2020-09-24,2020-09-25,6353.694,6354.6827,6243.282,6244.6389,11280146700.0,112624608424.9,6392.0329,Development,-0.012904807817310848,-129.04807817310848,0.3660998948633347,0.8135114753699175,-0.4474115805065828,0,0,0,0,-129.04807817310848,0.3547201051604518,0.279649559081473,0.5070143638110786,0.3478126407970709,
2020-09-25,2020-09-28,6271.7008,6285.4717,6206.1823,6236.8904,8779878800.0,92989168390.1,6244.6389,Development,-0.0026595337583705803,-26.595337583705803,0.5259169078865235,0.8135114753699175,-0.28759456748339407,0,0,0,0,-26.595337583705803,0.556199257253463,0.4296401966648499,0.628585084523977,0.48888241724320686,
2020-09-28,2020-09-29,6255.021,6261.9304,6171.02,6178.4693,7896291500.0,87526269792.6,6236.8904,Development,-0.00767866326907618,-76.7866326907618,0.3866094502933786,0.8135114753699175,-0.4269020250765389,0,0,0,0,-76.7866326907618,0.36341982932269135,0.2716759323653619,0.5534774816525304,0.4075775081112846,
2020-09-29,2020-09-30,6206.9908,6280.4433,6179.8807,6228.7708,8137116400.0,91783259881.9,6178.4693,Development,0.0061422678441862555,61.42267844186256,0.38906694828833643,0.8135114753699175,-0.4244445270815811,0,0,0,0,61.42267844186256,0.41075292939660457,0.28679020095007696,0.5279021907458183,0.3310700878961829,
2020-09-30,2020-10-09,6245.1158,6260.1234,6155.0208,6192.5045,8148409300.0,89615460415.2,6228.7708,Development,0.008799596638384255,87.99596638384256,0.3926839196639442,0.8135114753699175,-0.4208275557059733,0,0,0,0,87.99596638384256,0.40020806133840664,0.2702145693066749,0.5270963026035342,0.4061994551889964,
2020-10-09,2020-10-12,6300.0703,6373.9367,6290.4705,6357.9711,10038623100.0,115149926305.0,6192.5045,Development,0.01714463408447986,171.44634084479858,0.39785649135109247,0.8135114753699175,-0.41565498401882506,0,1,0,0,171.44634084479858,0.41268851415178165,0.2672930592668397,0.5443748739581182,0.3933616729624098,
2020-10-12,2020-10-13,6408.0827,6541.3102,6399.6833,6541.176,14482434900.0,160960006150.6,6357.9711,Development,0.0204043402873062,204.043402873062,0.396047556186129,0.8135114753699175,-0.4174639191837885,0,1,0,0,204.043402873062,0.3905803849061599,0.2529438405530253,0.5496972139582422,0.4468285180773388,
2020-10-13,2020-10-14,6538.8354,6557.8635,6486.3088,6551.3987,11155845000.0,130283812098.8,6541.176,Development,0.0013767283391168395,13.767283391168395,0.3334229088020202,0.8135114753699175,-0.48008856656789733,0,0,0,0,13.767283391168395,0.38127008932580797,0.24258744745956815,0.4550789865061289,0.2234326006951127,
2020-10-14,2020-10-15,6547.8376,6547.8376,6492.6581,6508.3743,11862960400.0,133539992970.6,6551.3987,Development,-0.005615120937024987,-56.151209370249866,0.36665311412419216,0.8135114753699175,-0.44685836124572537,0,0,0,0,-56.151209370249866,0.38316149224759166,0.24287458226234157,0.505181875315267,0.3577081947324788,
2020-10-15,2020-10-16,6511.0707,6518.5503,6456.7714,6460.0408,10700425200.0,115595908995.5,6508.3743,Development,-0.008344741211303353,-83.44741211303352,0.3734093359112648,0.8135114753699175,-0.44010213945865273,0,0,0,0,-83.44741211303352,0.406841085731582,0.2516364409103865,0.5207598252988594,0.31286251088668493,
2020-10-16,2020-10-19,6456.7375,6473.6343,6388.6459,6428.6822,9873202200.0,109046534531.3,6460.0408,Development,0.0015222083908474904,15.222083908474904,0.40563938321163495,0.8135114753699175,-0.4078720921582826,0,0,0,0,15.222083908474904,0.42693491976348835,0.263499318548401,0.5859388583165357,0.3612197029303675,
2020-10-19,2020-10-20,6466.566,6483.5079,6346.2632,6358.3213,10366836300.0,114682882324.5,6428.6822,Development,-0.01808104950912126,-180.8104950912126,0.45042788977053017,0.8135114753699175,-0.36308358559938736,0,0,0,0,-180.8104950912126,0.43189616176903256,0.26758794896803023,0.6524210623513829,0.532037095879415,
2020-10-20,2020-10-21,6349.6437,6423.1573,6324.3889,6423.1128,8618922400.0,95327322735.8,6358.3213,Development,0.012055841810462598,120.55841810462597,0.549008061420724,0.8135114753699175,-0.2645034139491935,0,0,0,0,120.55841810462597,0.6192949458225651,0.39846655052389257,0.6646250839771015,0.504122670121248,
2020-10-21,2020-10-22,6426.194,6426.5095,6323.4406,6350.0127,8751225500.0,102120928452.3,6423.1128,Development,-0.014688367640317113,-146.88367640317114,0.36214257478345746,0.8135114753699175,-0.45136890058646006,0,0,0,0,-146.88367640317114,0.4048599474878588,0.2746033017863199,0.48370557796775937,0.25741275615318,
2020-10-22,2020-10-23,6331.8037,6334.5424,6256.2324,6317.1438,8572472900.0,96745752080.7,6350.0127,Development,-0.0031264551047279765,-31.264551047279767,0.4734868990638956,0.8135114753699175,-0.3400245763060219,0,0,0,0,-31.264551047279767,0.5016243647094916,0.3283875710891049,0.6262908410484294,0.4575131882941543,
2020-10-23,2020-10-26,6312.0076,6362.4283,6202.5347,6213.2626,8056509000.0,93954361163.2,6317.1438,Development,-0.018481235668981078,-184.81235668981077,0.44176777112577015,0.8135114753699175,-0.3717437042441474,0,0,0,0,-184.81235668981077,0.42567174091013343,0.283095601437463,0.6203425813517981,0.5081077682277473,
2020-10-26,2020-10-27,6195.3539,6239.7156,6127.3829,6214.3779,7339295600.0,85255066150.9,6213.2626,Development,-0.0012720500115417366,-12.720500115417366,0.49898435258605306,0.8135114753699175,-0.31452712278386447,0,0,0,0,-12.720500115417366,0.5839945328438072,0.38532211411025635,0.6009852619663696,0.3769953864730341,
2020-10-27,2020-10-28,6187.4731,6227.8424,6168.971,6221.3414,7558651600.0,89315873362.5,6214.3779,Development,0.005538141248646378,55.38141248646377,0.40036556709518156,0.8135114753699175,-0.41314590827473596,0,0,0,0,55.38141248646377,0.4195729476297819,0.290546184923742,0.5496462270883465,0.34647289476857324,
2020-10-28,2020-10-29,6221.7402,6254.716,6164.2406,6245.9986,8713088800.0,104079228634.8,6221.3414,Development,-0.008491611398367405,-84.91611398367405,0.4161701578852197,0.8135114753699175,-0.3973413174846978,0,0,0,0,-84.91611398367405,0.41967410663925975,0.28730792706768876,0.5631907116039518,0.43207990935030716,
2020-10-29,2020-10-30,6168.9076,6287.6478,6159.1435,6255.1933,9258748300.0,109761286278.4,6245.9986,Development,0.01686193192454377,168.6193192454377,0.4159600641583885,0.8135114753699175,-0.39755141121152904,0,1,0,0,168.6193192454377,0.4349964852637979,0.2879302470973672,0.5857132327082623,0.36614924241010394,
2020-10-30,2020-11-02,6272.9273,6274.6162,6103.8909,6111.4803,11212236000.0,126461002490.3,6255.1933,Development,-0.024466392269523074,-244.66392269523075,0.45698276562243956,0.8135114753699175,-0.35652870974747797,0,0,0,0,-244.66392269523075,0.44547572143801,0.290699814611707,0.6627112063527716,0.48955379277892735,
2020-11-02,2020-11-03,6119.4514,6162.2763,6095.8038,6143.1157,11175637900.0,123794413318.8,6111.4803,Development,0.009103414074013383,91.03414074013384,0.7237162213464743,0.8135114753699175,-0.08979525402344324,0,0,0,0,91.03414074013384,0.8213086258318334,0.64119484636537,0.7354557107817228,0.644602970058552,
2020-11-03,2020-11-04,6175.1593,6245.5576,6155.7346,6241.7676,10544003600.0,115863061000.7,6143.1157,Development,0.011575005036712271,115.75005036712271,0.474114108958617,0.8135114753699175,-0.3393973664113005,0,0,0,0,115.75005036712271,0.43837624983300866,0.3511119898919107,0.634849060208588,0.5443002099985608,
2020-11-04,2020-11-05,6246.6368,6256.0695,6181.0972,6234.158,9292974500.0,108226613294.5,6241.7676,Development,0.007680420926665654,76.80420926665654,0.4041579104070033,0.8135114753699175,-0.40935356496291425,0,0,0,0,76.80420926665654,0.43489966324330037,0.3342173509513696,0.5228430286871752,0.29803562704199427,
2020-11-05,2020-11-06,6294.6136,6358.4445,6273.3148,6351.9789,11884321500.0,132602148329.1,6234.158,Development,0.011370324621673422,113.70324621673421,0.46455512351294026,0.8135114753699175,-0.34895635185697726,0,0,0,0,113.70324621673421,0.4418871288861563,0.32404291109990196,0.6247086559464914,0.5384098767215404,
2020-11-06,2020-11-09,6366.1854,6366.1854,6254.0869,6301.2477,11824421100.0,131702113343.4,6351.9789,Development,-0.004515089994080346,-45.150899940803455,0.42486955092715206,0.8135114753699175,-0.38864192444276546,0,0,0,0,-45.150899940803455,0.45869053165992363,0.3232975676554091,0.5642136390955063,0.33915281636407557,
2020-11-09,2020-11-10,6337.4415,6452.9139,6337.4415,6421.6506,16002788200.0,175071789214.3,6301.2477,Development,0.01530401503508938,153.0401503508938,0.6314765572808214,0.8135114753699175,-0.1820349180890961,0,0,0,0,153.0401503508938,0.6247030424704783,0.44820505856263815,0.7757435642266969,0.768228264459042,
2020-11-10,2020-11-11,6434.4298,6435.413,6339.2861,6373.0853,14192893200.0,155931471262.3,6421.6506,Development,-0.012132108427074573,-121.32108427074573,0.589420082625953,0.8135114753699175,-0.2240913927439645,0,0,0,0,-121.32108427074573,0.6220223157124968,0.4787998373542839,0.7155319257340843,0.5403219822687877,
2020-11-11,2020-11-12,6356.3666,6375.2402,6292.8368,6294.6055,13072808100.0,134439037098.4,6373.0853,Development,-0.008070821465835598,-80.70821465835598,0.7080503486530867,0.8135114753699175,-0.10546112671683083,0,0,0,0,-80.70821465835598,0.686085968631403,0.5687260605862381,0.8288056902709413,0.8325035655915994,
2020-11-12,2020-11-13,6305.0655,6340.9983,6285.2907,6315.4938,10468068700.0,113184124161.7,6294.6055,Development,-9.614491713039186e-05,-0.9614491713039186,0.659004562384485,0.8135114753699175,-0.1545069129854325,0,0,0,0,-0.9614491713039186,0.671965847604844,0.5976810477788284,0.7587419535399106,0.6016390690124114,
2020-11-13,2020-11-16,6304.4593,6319.4126,6248.355,6306.97,10711632200.0,112943607786.7,6315.4938,Development,0.002418113794469212,24.18113794469212,0.45113034272318653,0.8135114753699175,-0.362381132646731,0,0,0,0,24.18113794469212,0.42359860458840964,0.39205907851294763,0.6234798644759705,0.376029406217427,
2020-11-16,2020-11-17,6319.7042,6387.4154,6294.2899,6387.371,13367733000.0,131781935048.7,6306.97,Development,0.009662525027674507,96.62525027674506,0.46990875845921354,0.8135114753699175,-0.343602716910704,0,0,0,0,96.62525027674506,0.4245740563869215,0.3647044650385246,0.6630497737669947,0.48478361780084095,
2020-11-17,2020-11-18,6380.7685,6380.7685,6300.5666,6336.9406,14127431800.0,138972383424.4,6387.371,Development,-0.007415705490647406,-74.15705490647406,0.4029580333376957,0.8135114753699175,-0.4105534420322218,0,0,0,0,-74.15705490647406,0.4295802804611538,0.3422277605020477,0.5667541224954843,0.22744411307077175,
2020-11-18,2020-11-19,6333.4506,6382.4966,6314.3093,6341.0136,13398246200.0,129795857711.1,6336.9406,Development,-0.0008473895730709557,-8.473895730709557,0.5768297752773777,0.8135114753699175,-0.23668170009253986,0,0,0,0,-8.473895730709557,0.5481788778591149,0.43145527089763686,0.7509404264916116,0.6527161695361606,
2020-11-19,2020-11-20,6328.0837,6370.1805,6293.5553,6360.5998,12380484500.0,121059609478.7,6341.0136,Development,0.004219855688697649,42.19855688697649,0.46706149174757416,0.8135114753699175,-0.34644998362234336,0,0,0,0,42.19855688697649,0.43584268993129294,0.3338660889058954,0.6816578107334589,0.47142346197451773,
2020-11-20,2020-11-23,6354.7873,6429.8695,6351.3079,6422.9854,13066764500.0,128065402931.0,6360.5998,Development,0.012766973333631526,127.66973333631526,0.44094209677270013,0.8135114753699175,-0.3725693785972174,0,0,0,0,127.66973333631526,0.43609909469009106,0.31874982218820547,0.6334676939273024,0.400347260633532,
2020-11-23,2020-11-24,6435.9187,6516.2407,6407.0565,6472.9301,18192566800.0,170218076144.5,6422.9854,Development,0.005722275516003572,57.22275516003572,0.42633122626896225,0.8135114753699175,-0.3871802491009553,0,0,0,0,57.22275516003572,0.4433094466911264,0.3123679097121845,0.6090512740761008,0.3384482461114088,
2020-11-24,2020-11-25,6472.7468,6495.1373,6454.6653,6475.1881,15406296500.0,148759535147.5,6472.9301,Development,0.0025504628112442695,25.504628112442695,0.6579886056473231,0.8135114753699175,-0.15552286972259444,0,0,0,0,25.504628112442695,0.6619657696473448,0.5224572080826764,0.7811649039229477,0.717349667756425,
2020-11-25,2020-11-26,6489.2553,6489.722,6350.3667,6350.3667,15381310600.0,156624909521.8,6475.1881,Development,-0.021480692861629236,-214.80692861629237,0.39815064769478414,0.8135114753699175,-0.4153608276751334,0,0,0,0,-214.80692861629237,0.42452266267149746,0.3222693051583455,0.5857147541660651,0.21700181891002446,
2020-11-26,2020-11-27,6349.8616,6358.174,6284.9727,6334.3042,12323693600.0,125528466079.5,6350.3667,Development,-0.001965034954462652,-19.650349544626522,0.9308492926059004,0.8135114753699175,0.11733781723598291,1,0,0,0,-19.650349544626522,0.9620337679653315,0.9364495432367208,0.891642481673293,0.9086912088955091,预测大涨
2020-11-27,2020-11-30,6337.3839,6351.8103,6276.0729,6351.6119,12088511600.0,117407959618.1,6334.3042,Development,0.0036415815049488653,36.41581504948866,0.5489591528139831,0.8135114753699175,-0.2645523225559344,0,0,0,0,36.41581504948866,0.42284852019522,0.5267502240255802,0.7375822384791892,0.5964531297189011,
2020-11-30,2020-12-01,6360.462,6397.7204,6309.4445,6320.9441,16315768200.0,157517649561.1,6351.6119,Development,-0.008271034399702448,-82.71034399702448,0.4491420596019059,0.8135114753699175,-0.36436941576801163,0,0,0,0,-82.71034399702448,0.41138694721765234,0.4798780898024591,0.6053518330558516,0.26079518206830127,
2020-12-01,2020-12-02,6307.8544,6437.9433,6299.414,6426.6155,15095734000.0,152562838800.9,6320.9441,Development,0.020625349247122893,206.25349247122892,0.7148603261209617,0.8135114753699175,-0.0986511492489558,0,1,0,0,206.25349247122892,0.6642724400690289,0.6801849828177613,0.8299493373019878,0.7247940443880085,
2020-12-02,2020-12-03,6437.9561,6446.8066,6392.9892,6434.9791,14970510500.0,150490962737.2,6426.6155,Development,-8.881700824281413e-05,-0.8881700824281413,0.48492474001541735,0.8135114753699175,-0.32858673535450017,0,0,0,0,-0.8881700824281413,0.4417454010563756,0.5074519816729007,0.6702602162894546,0.2824218825259838,
2020-12-03,2020-12-04,6437.3843,6461.0881,6392.8987,6440.8808,15221493300.0,152891750850.0,6434.9791,Development,-0.0017643812254612978,-17.64381225461298,0.45250279105707775,0.8135114753699175,-0.3610086843128398,0,0,0,0,-17.64381225461298,0.39461913578190705,0.43788787372863497,0.6713061231194551,0.30022708225582134,
2020-12-04,2020-12-07,6426.0263,6471.8561,6409.6779,6464.7345,12885516900.0,135320890716.2,6440.8808,Development,0.006218710931824134,62.18710931824134,0.48843168808507476,0.8135114753699175,-0.32507978728484277,0,0,0,0,62.18710931824134,0.4052080725151526,0.4089089018295849,0.7463844932255052,0.4497616400501746,
2020-12-07,2020-12-08,6465.9879,6472.8495,6417.6481,6424.6823,12107828200.0,130847019898.5,6464.7345,Development,-0.006469081081948769,-64.6908108194877,0.46335405684625874,0.8135114753699175,-0.3501574185236588,0,0,0,0,-64.6908108194877,0.40549987897493217,0.3792845990502706,0.7191531762187481,0.38169194682863405,
2020-12-08,2020-12-09,6424.1589,6448.3926,6406.7236,6423.6513,10549499200.0,118324850768.4,6424.6823,Development,0.000983443918238125,9.83443918238125,0.45142028378582183,0.8135114753699175,-0.3620911915840957,0,0,0,0,9.83443918238125,0.4331574462399532,0.3764665473577018,0.6891403122269352,0.29453281321347163,
2020-12-09,2020-12-10,6430.4767,6437.4327,6307.2207,6307.2207,12151621300.0,133439441028.8,6423.6513,Development,-0.02101301447838233,-210.1301447838233,0.40572650857392617,0.8135114753699175,-0.40778496679599135,0,0,0,0,-210.1301447838233,0.41093523750848,0.3357707192643866,0.5993635393481594,0.2508296735651224,
2020-12-10,2020-12-11,6295.353,6350.9178,6267.1713,6320.0956,11057714200.0,122398601686.0,6307.2207,Development,0.005317446059021513,53.17446059021513,0.8111060373897161,0.8135114753699175,-0.0024054379802014303,0,0,0,0,53.17446059021513,0.8465251399746027,0.8087531775225832,0.822474272922829,0.7243266253062837,
2020-12-11,2020-12-14,6328.8282,6340.3946,6163.4119,6209.427,13264160600.0,143457071945.4,6320.0956,Development,-0.019119210725296654,-191.19210725296654,0.5218322616601029,0.8135114753699175,-0.29167921370981464,0,0,0,0,-191.19210725296654,0.40888595601044425,0.4259531341940461,0.7583015753866643,0.6044863278572047,
2020-12-14,2020-12-15,6207.826,6260.6133,6176.5402,6259.0175,10687714900.0,123900781656.2,6209.427,Development,0.006809259795619305,68.09259795619305,0.8559814018981914,0.8135114753699175,0.04246992652827386,1,0,0,1,68.09259795619305,0.8619804114230663,0.8625323961570324,0.858157621188124,0.8287769651812027,预测大涨
2020-12-15,2020-12-16,6250.0967,6276.5843,6228.6787,6265.5819,9798099400.0,119718559344.7,6259.0175,Development,0.002898259158134353,28.98259158134353,0.4497627294128539,0.8135114753699175,-0.36374874595706364,0,0,0,0,28.98259158134353,0.38216557832477366,0.4835597826009557,0.6369134282962239,0.276929621431212,
2020-12-16,2020-12-17,6268.2111,6271.0304,6219.0857,6235.4352,9928395000.0,114108040736.8,6265.5819,Development,-0.006881086056594432,-68.81086056594432,0.4527831480407054,0.8135114753699175,-0.3607283273292121,0,0,0,0,-68.81086056594432,0.3840824347099209,0.4395394473770933,0.6654081361345738,0.32958928140087457,
2020-12-17,2020-12-18,6225.079,6312.0056,6184.5429,6308.9013,12770274400.0,140083142643.1,6235.4352,Development,0.013667473135682284,136.67473135682283,0.43659813562943045,0.8135114753699175,-0.3769133397404871,0,0,0,0,136.67473135682283,0.3908103282009776,0.40495172891158926,0.6463049250882895,0.30093160266518343,
2020-12-18,2020-12-21,6310.1601,6332.5326,6269.2134,6291.918,12862228800.0,137531405179.9,6308.9013,Development,-0.0012523454040413995,-12.523454040413995,0.41908846756214124,0.8135114753699175,-0.3944230078077763,0,0,0,0,-12.523454040413995,0.3967340899708935,0.37617992915937015,0.6276949624096609,0.2548475317330525,
2020-12-21,2020-12-22,6302.2576,6401.5463,6293.922,6398.5987,13634782200.0,156761702647.2,6291.918,Development,0.011205682865137234,112.05682865137234,0.4767330024444512,0.8135114753699175,-0.3367784729254663,0,0,0,0,112.05682865137234,0.42170040287679317,0.3663546662187733,0.709798698596438,0.4663740327116789,
2020-12-22,2020-12-23,6372.8787,6378.4986,6241.5603,6250.0606,15131061800.0,172456513342.7,6398.5987,Development,-0.018441634547351482,-184.4163454735148,0.4145018999335358,0.8135114753699175,-0.3990095754363817,0,0,0,0,-184.4163454735148,0.4014404157354358,0.3276878721617745,0.6489989956776193,0.2717485958069658,
2020-12-23,2020-12-24,6255.3524,6330.6028,6242.6249,6307.604,14404432300.0,166258560029.3,6250.0606,Development,0.008493158594869987,84.93158594869988,0.9271430007292405,0.8135114753699175,0.11363152535932297,1,0,0,1,84.93158594869988,0.9515091690556409,0.9117233410898649,0.9097116890917354,0.926317350906117,预测大涨
2020-12-24,2020-12-25,6308.4801,6308.4801,6202.4031,6205.2247,13122165300.0,147688966891.2,6307.604,Development,-0.018623804488184126,-186.23804488184126,0.5398415658834507,0.8135114753699175,-0.27366990948646686,0,0,0,0,-186.23804488184126,0.4685400190515535,0.43676743648798905,0.7662768267026663,0.5603885957168685,
2020-12-25,2020-12-28,6190.9922,6284.5851,6186.0254,6278.4981,13447826700.0,143831769330.4,6205.2247,Development,0.014987888371108093,149.87888371108093,0.7801636579096306,0.8135114753699175,-0.03334781746028692,0,0,0,0,149.87888371108093,0.7760921482150149,0.7164904937050824,0.8567099985600362,0.7949924349743402,
2020-12-28,2020-12-29,6283.7821,6288.2442,6219.091,6244.4818,14896021400.0,160495558567.3,6278.4981,Development,-0.006850428502287009,-68.50428502287009,0.43420772847926337,0.8135114753699175,-0.37930374689065416,0,0,0,0,-68.50428502287009,0.3957128298217487,0.3682282205511817,0.6650502320670462,0.3140650845674234,
2020-12-29,2020-12-30,6240.7355,6280.0396,6196.4147,6199.8523,15447603200.0,155674658940.1,6244.4818,Development,-0.007096118718699085,-70.96118718699086,0.5130703748956508,0.8135114753699175,-0.30044110047426675,0,0,0,0,-70.96118718699086,0.46849174780643216,0.39538591196883427,0.7456179600718461,0.49399483796490035,
2020-12-30,2020-12-31,6196.4505,6289.2704,6188.5931,6269.2484,13804167300.0,148227835332.6,6199.8523,Development,0.013960750594231186,139.60750594231186,0.664902764420301,0.8135114753699175,-0.14860871094961647,0,0,0,0,139.60750594231186,0.6624732320095812,0.5699001197785747,0.8011290610292647,0.6490089910787761,
2020-12-31,2021-01-04,6282.9576,6370.5695,6281.0138,6367.1149,16019408600.0,174289318594.1,6269.2484,Development,0.017930122590672948,179.30122590672948,0.4865321466158285,0.8135114753699175,-0.326979328754089,0,1,0,0,179.30122590672948,0.4365623905724803,0.36310999784392517,0.7241218707182798,0.4820207679179035,
2021-01-04,2021-01-05,6395.6118,6501.5892,6359.0797,6482.7868,18662120900.0,211126911334.4,6367.1149,Development,0.011670267416793445,116.70267416793445,0.39968555656689375,0.8135114753699175,-0.4138259188030238,0,0,0,0,116.70267416793445,0.3861151794753047,0.30630253204321456,0.6401670549350563,0.2612808405467356,
2021-01-05,2021-01-06,6470.2503,6539.7315,6452.5245,6539.7315,19672629200.0,227033005056.2,6482.7868,Development,0.01228402245891469,122.8402245891469,0.47790710852030094,0.8135114753699175,-0.3356043668496166,0,0,0,0,122.8402245891469,0.4867341308708759,0.37522323059525736,0.6870013178359158,0.351341934585185,
2021-01-06,2021-01-07,6549.731,6569.199,6472.7446,6528.1425,17852108600.0,209333367288.0,6539.7315,Development,-0.003978087038994493,-39.78087038994494,0.37458341823796004,0.8135114753699175,-0.4389280571319575,0,0,0,0,-39.78087038994494,0.3737764365363943,0.2769791040823381,0.6137947108035179,0.2181902768484836,
2021-01-07,2021-01-08,6523.6756,6567.2727,6467.4371,6538.1162,19713564100.0,219238806494.6,6528.1425,Development,0.0027410927667832485,27.410927667832485,0.5307677588524748,0.8135114753699175,-0.2827437165174427,0,0,0,0,27.410927667832485,0.42883899442740786,0.31415103384511506,0.809464126733229,0.743238146182585,
2021-01-08,2021-01-11,6541.5576,6598.3812,6484.3979,6557.5964,18083742900.0,207113827943.6,6538.1162,Development,0.002429880002891016,24.29880002891016,0.4784678701616386,0.8135114753699175,-0.3350436052082789,0,0,0,0,24.29880002891016,0.41076269377803504,0.29267211137727217,0.7504397936320402,0.573522553077635,
2021-01-11,2021-01-12,6557.4528,6572.8538,6419.731,6455.3987,18325727100.0,217940399022.5,6557.5964,Development,-0.02007456309864708,-200.74563098647081,0.5355416926481257,0.8135114753699175,-0.27796978272179185,0,0,0,0,-200.74563098647081,0.4791903231117934,0.34248943111563857,0.7730464060373047,0.6665608296845625,
2021-01-12,2021-01-13,6425.8148,6543.2286,6425.8148,6543.2286,16231123700.0,199048530439.2,6455.3987,Development,0.019331369463060133,193.31369463060133,0.9170088091596975,0.8135114753699175,0.10349733378977999,1,1,1,1,193.31369463060133,0.9424716261229669,0.9017720262374952,0.8885779070773199,0.9286571835898733,预测大涨
2021-01-13,2021-01-14,6550.0346,6553.6488,6457.881,6496.9131,18491342000.0,222962632352.8,6543.2286,Development,-0.011945768958228187,-119.45768958228187,0.38166178853053223,0.8135114753699175,-0.4318496868393853,0,0,0,0,-119.45768958228187,0.3682961043299321,0.3348039732715989,0.5726747254180149,0.22942225593965207,
2021-01-14,2021-01-15,6471.7894,6516.2686,6402.6002,6439.8854,16302381600.0,198732646503.4,6496.9131,Development,-0.00690056447139642,-69.0056447139642,0.6678612165940614,0.8135114753699175,-0.14565025877585613,0,0,0,0,-69.0056447139642,0.6165520651250045,0.5951000888262743,0.7897971333513568,0.7365632515181534,
2021-01-15,2021-01-18,6427.1304,6447.8762,6339.4283,6417.5011,13824319900.0,166962801807.4,6439.8854,Development,-0.0019138556765551096,-19.138556765551094,0.7717117629845496,0.8135114753699175,-0.04179971238536795,0,0,0,0,-19.138556765551094,0.7222362352007287,0.751217851930375,0.8227641961803973,0.8425145082256832,
2021-01-18,2021-01-19,6414.8298,6529.4125,6392.0653,6514.4644,13683280700.0,169891546069.1,6417.5011,Development,0.014910559279374791,149.10559279374792,0.5051604214424248,0.8135114753699175,-0.30835105392749274,0,0,0,0,149.10559279374792,0.39895370307353006,0.46277380993085165,0.6889358850252448,0.5523350056952012,
2021-01-19,2021-01-20,6510.4785,6532.6474,6456.1154,6476.3736,14761671600.0,174545108266.2,6514.4644,Development,-0.00503959885590588,-50.3959885590588,0.44685970721095286,0.8135114753699175,-0.36665176815896466,0,0,0,0,-50.3959885590588,0.40363722864767787,0.4417904472006453,0.603542351500705,0.33214004327754126,
2021-01-20,2021-01-21,6477.6683,6535.4751,6449.2835,6535.4185,12852543200.0,153378909111.6,6476.3736,Development,0.011480396425979311,114.8039642597931,0.515499789269036,0.8135114753699175,-0.2980116861008816,0,0,0,0,114.8039642597931,0.4546713011381286,0.4832039802118556,0.678185293107851,0.47758542461890835,
2021-01-21,2021-01-22,6552.0345,6649.8633,6550.8802,6622.4959,15680958700.0,189208745540.8,6535.4185,Development,0.0103518685684576,103.51868568457601,0.3827137229950637,0.8135114753699175,-0.43079775237485385,0,0,0,0,103.51868568457601,0.35078456027868704,0.356259886100233,0.5524119416108759,0.2635223577365756,
2021-01-22,2021-01-25,6619.8603,6643.6653,6573.8204,6637.8052,15806231000.0,202861676271.9,6622.4959,Development,0.0024712455034738845,24.712455034738845,0.5363827016302074,0.8135114753699175,-0.2771287737397101,0,0,0,0,24.712455034738845,0.47696674040873294,0.47445754156033376,0.6977523234398942,0.5491274193598,
2021-01-25,2021-01-26,6636.2196,6711.5711,6599.9742,6645.3137,16562310300.0,223556746416.0,6637.8052,Development,-0.0022710972373488625,-22.710972373488623,0.39220724306006716,0.8135114753699175,-0.42130423230985037,0,0,0,0,-22.710972373488623,0.352867931042664,0.3322589905018642,0.5945905549325001,0.3024356692493086,
2021-01-26,2021-01-27,6621.1481,6624.4493,6515.2584,6532.961,14337131100.0,191892389929.2,6645.3137,Development,-0.014116539698001973,-141.16539698001972,0.5530329272725292,0.8135114753699175,-0.26047854809738835,0,0,0,0,-141.16539698001972,0.4133976979678575,0.37754049273230844,0.8044959536610381,0.8111078887061427,
2021-01-27,2021-01-28,6527.6804,6564.2855,6481.1571,6557.1608,13976004900.0,174776064769.4,6532.961,Development,-0.007938424804008526,-79.38424804008525,0.8177973374552809,0.8135114753699175,0.004285862085363412,1,0,0,0,-79.38424804008525,0.8167542675026694,0.8482485745695139,0.7958816057167408,0.7968583272951659,预测大涨
2021-01-28,2021-01-29,6475.8609,6529.8416,6405.8135,6414.3811,14482540600.0,174817693999.3,6557.1608,Development,-0.004198854858046608,-41.98854858046608,0.40915731379888115,0.8135114753699175,-0.4043541615710364,0,0,0,0,-41.98854858046608,0.3424438111796544,0.41267642372864916,0.5714496152838276,0.3216131499458425,
2021-01-29,2021-02-01,6448.6697,6462.3739,6255.7033,6346.1371,14604158100.0,172077242710.4,6414.3811,Development,-0.01706168948302622,-170.6168948302622,0.8785274272812617,0.8135114753699175,0.06501595191134413,1,0,0,0,-170.6168948302622,0.8929630193576397,0.9156664933708183,0.8263762008736083,0.8545663647727584,预测大涨
2021-02-01,2021-02-02,6338.6445,6397.0135,6328.3355,6393.278,13732518300.0,157579284924.2,6346.1371,Development,0.010445214272546632,104.45214272546633,0.8012174927309469,0.8135114753699175,-0.012293982638970635,0,0,0,0,104.45214272546633,0.7726422345757422,0.8554279010945013,0.7916171302113684,0.7802722001389567,
2021-02-02,2021-02-03,6404.853,6459.4797,6361.0882,6454.7853,13239431300.0,161720464851.3,6393.278,Development,0.008557745197274702,85.57745197274701,0.42550142441480693,0.8135114753699175,-0.3880100509551106,0,0,0,0,85.57745197274701,0.3188744300652002,0.5473380069105082,0.5368262456609205,0.2857981388268378,
2021-02-03,2021-02-04,6459.6641,6484.4931,6399.3315,6399.3315,14545715500.0,175699413269.2,6454.7853,Development,-0.013002502715272701,-130.025027152727,0.29974356356283804,0.8135114753699175,-0.5137679118070795,0,0,0,0,-130.025027152727,0.3297525471767513,0.5028467812769056,0.007280719920626745,0.2826802523916945,
2021-02-04,2021-02-05,6375.6723,6414.2983,6249.5311,6328.7881,14886133000.0,173708935488.7,6399.3315,Development,-0.004994296836743128,-49.942968367431284,0.467745967502019,0.8135114753699175,-0.3457655078678985,0,0,0,0,-49.942968367431284,0.5513446537948932,0.6848847077869472,0.02327335042578651,0.5212558121108561,
2021-02-05,2021-02-08,6343.8303,6382.9572,6236.2674,6239.8709,13513287900.0,162500626708.2,6328.7881,Development,-0.015118831283995715,-151.18831283995715,0.5892523394421774,0.8135114753699175,-0.22425913592774016,0,0,0,0,-151.18831283995715,0.6891773980620386,0.8001010912114439,0.04450133792416814,0.7569589013660187,
2021-02-08,2021-02-09,6247.919,6354.0199,6215.7284,6323.1622,11613400400.0,141592202722.8,6239.8709,Development,0.01384417755735945,138.4417755735945,0.6553968876898796,0.8135114753699175,-0.15811458768003794,0,0,0,0,138.4417755735945,0.822369126372193,0.8802771358207887,0.05802239556038168,0.7284303729389316,
2021-02-09,2021-02-10,6334.4163,6468.4281,6330.792,6457.8814,11931911000.0,146850922947.9,6323.1622,Development,0.022154085452198657,221.54085452198657,0.3591662640750296,0.8135114753699175,-0.4543452112948879,0,1,0,0,221.54085452198657,0.3331246758995326,0.5923063112101803,0.05572258784918362,0.4237446112719851,
2021-02-10,2021-02-18,6474.7495,6542.745,6424.7212,6525.1658,11904265900.0,150035763539.9,6457.8814,Development,0.028195222069981263,281.95222069981264,0.3054634730286055,0.8135114753699175,-0.5080480023413121,0,1,0,0,281.95222069981264,0.303612298056901,0.5154386781434328,0.06163382155037455,0.2772063816750969,
2021-02-18,2021-02-19,6657.3065,6678.6126,6564.3061,6614.5443,16689239200.0,194996422146.0,6525.1658,Development,-0.008571124072475844,-85.71124072475844,0.31819638017235186,0.8135114753699175,-0.49531509519756567,0,0,0,0,-85.71124072475844,0.3130416410042869,0.4798521188621249,0.07913980780063316,0.3749554452085,
2021-02-19,2021-02-22,6600.2459,6706.3901,6542.7821,6703.4821,17876781700.0,201468755509.5,6614.5443,Development,0.019887062086580753,198.87062086580752,0.5669412126459756,0.8135114753699175,-0.2465702627239419,0,1,0,0,198.87062086580752,0.6226028819310316,0.7145733961901759,0.12380966362183492,0.7996097241210742,
2021-02-22,2021-02-23,6731.5054,6810.9223,6657.056,6657.056,23706558500.0,259948295725.1,6703.4821,Development,-0.017515250006335914,-175.15250006335913,0.2740646534812109,0.8135114753699175,-0.5394468218887066,0,0,0,0,-175.15250006335913,0.28685239569947923,0.436296822274126,0.09125040347872553,0.2143539996332066,
2021-02-23,2021-02-24,6613.6014,6701.4296,6609.0782,6631.2286,19265686600.0,206144665096.1,6657.056,Development,0.0029758219175410883,29.758219175410883,0.7465138712066404,0.8135114753699175,-0.06699760416327716,0,0,0,0,29.758219175410883,0.9076595688526248,0.9160354211273507,0.17369539416006888,0.8950419572867168,
2021-02-24,2021-02-25,6633.2823,6661.4326,6477.7512,6536.1861,17371883200.0,196797835530.2,6631.2286,Development,-0.004986505700202204,-49.86505700202204,0.5583853528149351,0.8135114753699175,-0.25512612255498246,0,0,0,0,-49.86505700202204,0.41775247198474985,0.6159753045673426,0.6789477361949612,0.5906745318648292,
2021-02-25,2021-02-26,6600.2054,6609.5637,6484.5547,6499.1528,16206818200.0,171451163368.9,6536.1861,Development,-0.035524182323174336,-355.24182323174335,0.8073356332897752,0.8135114753699175,-0.006175842080142324,0,0,0,0,-355.24182323174335,0.8460282377944865,0.8661499646801162,0.7278457799713233,0.7314873170970375,
2021-02-26,2021-03-01,6365.7385,6446.9461,6346.1326,6364.3529,15076020600.0,163655502841.0,6499.1528,Development,0.006507603163403486,65.07603163403486,0.6953974318354402,0.8135114753699175,-0.1181140435344773,0,0,0,0,65.07603163403486,0.6150918968243211,0.7640987838749401,0.7178884454914221,0.7148941838879687,
2021-03-01,2021-03-02,6407.1642,6491.9367,6404.8885,6488.4388,15860843700.0,165792208050.0,6364.3529,Development,0.016677752694397974,166.77752694397975,0.6631437692555147,0.8135114753699175,-0.15036770611440287,0,1,0,0,166.77752694397975,0.6264024094355053,0.756642035799356,0.6845647312079635,0.5481433697366946,
2021-03-02,2021-03-03,6514.0213,6514.0213,6386.4903,6433.3282,16587706900.0,174025453382.7,6488.4388,Development,-0.013506925437901218,-135.0692543790122,0.38936387752464535,0.8135114753699175,-0.4241475978452722,0,0,0,0,-135.0692543790122,0.26702361976845546,0.522679102149895,0.5859174332341464,0.14577414306179812,
2021-03-03,2021-03-04,6426.0369,6528.2217,6420.2068,6524.7513,17101752400.0,169667464343.0,6433.3282,Development,0.008831259590183826,88.31259590183826,0.6586068491820222,0.8135114753699175,-0.15490462618789536,0,0,0,0,88.31259590183826,0.5703699069612548,0.7080426301277506,0.7022764145002902,0.6995520824335091,
2021-03-04,2021-03-05,6482.7869,6485.1639,6371.7302,6401.9917,19433461600.0,192657769864.8,6524.7513,Development,-0.024223409225436754,-242.23409225436754,0.37333020919373483,0.8135114753699175,-0.4401812661761827,0,0,0,0,-242.23409225436754,0.2667202444055231,0.469228190080258,0.579116656958879,0.14909855214019552,
2021-03-05,2021-03-08,6325.7517,6442.0155,6319.5318,6403.4964,16650488500.0,163666502404.3,6401.9917,Development,0.02023920730243023,202.39207302430228,0.7337607569820713,0.8135114753699175,-0.0797507183878462,0,1,0,0,202.39207302430228,0.756852541639816,0.781279992407763,0.6928307854618697,0.6578107634296804,
2021-03-08,2021-03-09,6453.7799,6488.819,6253.6974,6256.4092,16854633900.0,177120047000.4,6403.4964,Development,-0.033850860020807394,-338.5086002080739,0.410512795851816,0.8135114753699175,-0.40299867951810153,0,0,0,0,-338.5086002080739,0.2566483415842911,0.4501909986704667,0.6281273771489639,0.3688178569540887,
2021-03-09,2021-03-10,6235.3139,6250.9352,6033.4082,6108.0027,19643268600.0,181888459397.2,6256.4092,Development,-0.011313897123928274,-113.13897123928274,0.8628991695368176,0.8135114753699175,0.04938769416690003,1,0,0,0,-113.13897123928274,0.9551921271351507,0.9246216848336775,0.7112456284092434,0.7672858519212694,预测大涨
2021-03-10,2021-03-11,6164.7682,6179.8543,6053.0186,6062.2552,14255427900.0,135611236325.7,6108.0027,Development,-0.014669440450332027,-146.69440450332027,0.7817838170508383,0.8135114753699175,-0.0317276583190792,0,0,0,0,-146.69440450332027,0.8289414253936552,0.8533007969647807,0.6845332368934491,0.690138732189363,
2021-03-11,2021-03-12,6074.3345,6213.9343,6045.5492,6213.8319,16081464300.0,149412660862.7,6062.2552,Development,0.025871212722974102,258.71212722974104,0.5680441406062064,0.8135114753699175,-0.24546733476371108,0,1,0,0,258.71212722974104,0.46350701074430845,0.7002958922827682,0.6260145385891133,0.4790356789022594,
2021-03-12,2021-03-15,6231.4849,6232.5006,6137.9903,6222.3802,17574617800.0,160346945987.6,6213.8319,Development,-0.006288372776126039,-62.88372776126039,0.3685516481935129,0.8135114753699175,-0.44495982717640464,0,0,0,0,-62.88372776126039,0.25194615307863694,0.5263306722908067,0.5238766104747226,0.12665321000569674,
2021-03-15,2021-03-16,6192.299,6229.5721,6111.3575,6173.8721,17079969100.0,150564929107.2,6222.3802,Development,-0.002621078213438932,-26.21078213438932,0.37330226433301505,0.8135114753699175,-0.44020921103690247,0,0,0,0,-26.21078213438932,0.2588711697286007,0.47546939733148785,0.5390847002534365,0.2097250082294887,
2021-03-16,2021-03-17,6176.0685,6222.1819,6124.777,6195.2438,15284599200.0,138852788600.2,6173.8721,Development,0.0007811279942895322,7.811279942895322,0.5148196275705759,0.8135114753699175,-0.29869184779934166,0,0,0,0,7.811279942895322,0.40180035901703903,0.5465758588764444,0.6208252033586104,0.5536545017530238,
2021-03-17,2021-03-18,6180.8928,6230.559,6124.0498,6225.3588,13484039600.0,125106921644.8,6195.2438,Development,0.008138047629624001,81.38047629624,0.3996567810415327,0.8135114753699175,-0.41385469432838484,0,0,0,0,81.38047629624,0.2817744785051377,0.41939550672466547,0.5756321271080941,0.37364780314436735,
2021-03-18,2021-03-19,6231.1932,6300.9446,6227.1926,6273.8556,14072566500.0,137984965631.0,6225.3588,Development,-0.005767723587835505,-57.67723587835505,0.34418480119616385,0.8135114753699175,-0.4693266741737537,0,0,0,0,-57.67723587835505,0.27267190741791564,0.3671040364365455,0.5364507655943839,0.1916753377567208,
2021-03-19,2021-03-22,6195.2534,6258.1321,6167.507,6206.6023,14323827500.0,143898488142.7,6273.8556,Development,0.002207867720148471,22.07867720148471,0.3789027502275565,0.8135114753699175,-0.43460872514236104,0,0,0,0,22.07867720148471,0.29802551465694427,0.34526738620254604,0.574650243415628,0.34047595972527767,
2021-03-22,2021-03-23,6208.9317,6307.5479,6206.081,6305.6919,14304144500.0,138484393048.5,6206.6023,Development,0.015952599381951593,159.52599381951592,0.4599995754206652,0.8135114753699175,-0.3535118999492523,0,0,0,0,159.52599381951592,0.38417371924992066,0.3751305528041217,0.6224137183331945,0.5463308628577207,
2021-03-23,2021-03-24,6307.9803,6307.9803,6181.1338,6219.1666,15096405200.0,144085644479.5,6305.6919,Development,-0.02023910886341862,-202.3910886341862,0.3299412439931098,0.8135114753699175,-0.4835702313768077,0,0,0,0,-202.3910886341862,0.3013037756476057,0.2957442039387887,0.5251231509011983,0.18226556232374647,
2021-03-24,2021-03-25,6180.3124,6232.1309,6131.8232,6142.5439,14767311100.0,137684570621.8,6219.1666,Development,-0.009941681912389977,-99.41681912389977,0.5970046598501804,0.8135114753699175,-0.21650681551973716,0,0,0,0,-99.41681912389977,0.6049506179520756,0.5059271606500995,0.6511459831257327,0.6650608029799098,
2021-03-25,2021-03-26,6118.8697,6190.9381,6108.2613,6157.4072,12930709300.0,122101589124.7,6142.5439,Development,0.007510210586769039,75.1021058676904,0.5399291949303298,0.8135114753699175,-0.27358228043958777,0,0,0,0,75.1021058676904,0.5148363657044607,0.4683625273316633,0.6469859289481508,0.5712901160584645,
2021-03-26,2021-03-29,6164.8237,6264.5552,6164.8237,6251.7941,12888761000.0,130405073058.5,6157.4072,Development,0.017060520319502448,170.60520319502447,0.3878997541763308,0.8135114753699175,-0.4256117211935867,0,1,0,0,170.60520319502447,0.2956964088054145,0.29962555090620047,0.598469641453059,0.44877812380675475,
2021-03-29,2021-03-30,6269.9988,6277.7649,6215.798,6254.9426,13963389400.0,137607136706.5,6251.7941,Development,-0.004869107789940874,-48.69107789940874,0.34175946393181783,0.8135114753699175,-0.4717520114380997,0,0,0,0,-48.69107789940874,0.2897311093133333,0.2842435217320091,0.5533296280912483,0.26206364062654575,
2021-03-30,2021-03-31,6239.4695,6287.8738,6217.3269,6280.359,13440958400.0,138902652260.9,6254.9426,Development,0.006126562522663193,61.265625226631926,0.33484427634999275,0.8135114753699175,-0.47866719901992477,0,0,0,0,61.265625226631926,0.28715259943405863,0.26055562439301466,0.5510190839885571,0.26895387021803835,
2021-03-31,2021-04-01,6277.696,6277.696,6205.9386,6254.0695,12512849200.0,124539602404.6,6280.359,Development,-0.0029122945743151885,-29.122945743151885,0.3356195860613209,0.8135114753699175,-0.4778918893085966,0,0,0,0,-29.122945743151885,0.3001650113426583,0.2516646248281341,0.5467884852524757,0.26752450310871795,
2021-04-01,2021-04-02,6259.4135,6321.5796,6238.3074,6311.6644,13037481800.0,124971608809.6,6254.0695,Development,0.00912906616570397,91.29066165703969,0.365186253004665,0.8135114753699175,-0.4483252223652525,0,0,0,0,91.29066165703969,0.31472770539536016,0.2481092558281783,0.5742678627418822,0.38980819834461566,
2021-04-02,2021-04-06,6316.5561,6341.6545,6291.7144,6326.6059,12393887100.0,125309449743.9,6311.6644,Development,0.00464417627827296,46.4417627827296,0.34567038235855957,0.8135114753699175,-0.46784109301135796,0,0,0,0,46.4417627827296,0.32119429680568357,0.24619694790449834,0.5484361597500246,0.2929576305397638,
2021-04-06,2021-04-07,6345.8913,6367.7849,6323.2422,6343.0962,11148915800.0,115979707861.0,6326.6059,Development,0.0007070716764405738,7.070716764405738,0.33102574220419073,0.8135114753699175,-0.4824857331657268,0,0,0,0,7.070716764405738,0.3267552260469339,0.2422310264579514,0.5244544576611183,0.2295268578410047,
2021-04-07,2021-04-08,6350.3783,6350.3783,6289.0653,6348.0761,15001677500.0,139659141224.5,6343.0962,Development,-0.002748182734247484,-27.48182734247484,0.33245681413591727,0.8135114753699175,-0.48105466123400026,0,0,0,0,-27.48182734247484,0.33838766317231234,0.24331389018206154,0.5268101645145239,0.208618020082241,
2021-04-08,2021-04-09,6332.9263,6385.1951,6309.1232,6356.7526,17374127800.0,147432805257.3,6348.0761,Development,0.001952225466448354,19.52225466448354,0.33943943584096103,0.8135114753699175,-0.4740720395289565,0,0,0,0,19.52225466448354,0.342688410926671,0.24574322213753017,0.5318231988194269,0.2319760636694405,
2021-04-09,2021-04-12,6345.2896,6360.4497,6307.6558,6335.2393,14130690000.0,127539220387.4,6356.7526,Development,-0.0031559316063367593,-31.559316063367593,0.39081796198309215,0.8135114753699175,-0.42269351338682537,0,0,0,0,-31.559316063367593,0.3626450701272377,0.2547912347460733,0.5889235499851215,0.4163369463387751,
2021-04-12,2021-04-13,6325.2643,6344.1623,6203.569,6226.4182,15544143900.0,142018338674.3,6335.2393,Development,-0.01818760363894989,-181.8760363894989,0.35066013595005047,0.8135114753699175,-0.46285133941986706,0,0,0,0,-181.8760363894989,0.35810296195002594,0.2550004593925609,0.5321262117347757,0.25273271047171203,
2021-04-13,2021-04-14,6210.2229,6254.897,6193.8091,6209.7801,13038770900.0,116032381971.2,6226.4182,Development,-0.0005773705803698848,-5.773705803698848,0.7473856499501642,0.8135114753699175,-0.06612582541975331,0,0,0,0,-5.773705803698848,0.8539164091627295,0.6713091449221932,0.6752726898243975,0.7532969905953408,
2021-04-14,2021-04-15,6206.6373,6287.8377,6206.6373,6277.2111,11743821700.0,107282816415.8,6209.7801,Development,0.009182234637748143,91.82234637748144,0.3786775767458164,0.8135114753699175,-0.4348338986241011,0,0,0,0,91.82234637748144,0.3540650596379149,0.327072328333211,0.5374255074644853,0.30300995558399685,
2021-04-15,2021-04-16,6263.6281,6281.4258,6211.6602,6276.4609,11977617600.0,111582123998.5,6277.2111,Development,0.003230316308211245,32.30316308211245,0.3805104999794947,0.8135114753699175,-0.4330009753904228,0,0,0,0,32.30316308211245,0.3480698137555163,0.31386801711946366,0.5353375628179194,0.3531840918076688,
2021-04-16,2021-04-19,6283.8616,6344.9465,6276.4319,6339.5906,12676465300.0,119984627677.6,6276.4609,Development,0.007614442049455716,76.14442049455717,0.37006293383802674,0.8135114753699175,-0.4434485415318908,0,0,0,0,76.14442049455717,0.3558133131320253,0.3030737527911069,0.5180014901005061,0.3141589298094801,
2021-04-19,2021-04-20,6331.7097,6431.7772,6315.0828,6425.2606,14220093000.0,144720530841.8,6339.5906,Development,0.013901695461495889,139.01695461495888,0.3744506926731458,0.8135114753699175,-0.43906078269677173,0,0,0,0,139.01695461495888,0.36850254594185317,0.29780040606673547,0.5198290053120905,0.3213333261598115,
2021-04-20,2021-04-21,6419.7312,6467.3806,6410.2782,6428.5411,13467452300.0,143364748864.1,6425.2606,Development,-0.0036542184196123317,-36.542184196123316,0.3691541658785741,0.8135114753699175,-0.44435730949134344,0,0,0,0,-36.542184196123316,0.3850670227851592,0.3019858522665993,0.5131320842936671,0.2549142559522836,
2021-04-21,2021-04-22,6396.2721,6434.6303,6369.7696,6420.2587,12105173300.0,128354894323.3,6428.5411,Development,0.0075062472717506434,75.06247271750644,0.37086362991021715,0.8135114753699175,-0.4426478454597004,0,0,0,0,75.06247271750644,0.3663732677472724,0.29202742528055003,0.531071020514396,0.2980838455276458,
2021-04-22,2021-04-23,6444.2841,6472.8037,6424.7538,6445.4657,12492387700.0,131906162234.2,6420.2587,Development,0.00019119268810641188,1.9119268810641188,0.39781339220163714,0.8135114753699175,-0.4156980831682804,0,0,0,0,1.9119268810641188,0.3773919695134236,0.29026417162326534,0.5494700333022211,0.4208921699129384,
2021-04-23,2021-04-26,6445.5162,6463.9749,6412.9875,6462.7558,12611730600.0,135170990907.5,6445.4657,Development,0.005396588716975126,53.965887169751255,0.36549279415587826,0.8135114753699175,-0.44801868121403926,0,0,0,0,53.965887169751255,0.3878845819004261,0.290050191959793,0.5086280561755512,0.2531238137648129,
2021-04-26,2021-04-27,6480.3,6546.6427,6437.1905,6442.6451,14496413900.0,166586765811.5,6462.7558,Development,-0.007050090273598486,-70.50090273598487,0.37747161579779476,0.8135114753699175,-0.43603985957212277,0,0,0,0,-70.50090273598487,0.40479744506523224,0.2901044285414427,0.5164003410111077,0.2812698091348006,
2021-04-27,2021-04-28,6434.6133,6466.252,6399.4358,6446.2822,12589471200.0,138320089612.0,6442.6451,Development,-0.00023535213841052727,-2.3535213841052727,0.6170811935708979,0.8135114753699175,-0.19643028179901967,0,0,0,0,-2.3535213841052727,0.6440325368029227,0.4359291544261998,0.6809605804404871,0.7889915007603809,
2021-04-28,2021-04-29,6433.0989,6489.7441,6410.3174,6489.7441,11723494300.0,136377845945.8,6446.2822,Development,0.009722654815706333,97.22654815706333,0.4157658517728824,0.8135114753699175,-0.39774562359703514,0,0,0,0,97.22654815706333,0.40940891502441484,0.31407232342306296,0.5481723609863773,0.42517906680700407,
2021-04-29,2021-04-30,6495.6457,6502.425,6453.5198,6491.9281,12830543900.0,145502311777.1,6489.7441,Development,-0.003893823827244791,-38.93823827244791,0.37799055201848264,0.8135114753699175,-0.4355209233514349,0,0,0,0,-38.93823827244791,0.4100655905395508,0.31028144762363363,0.4966272006966588,0.26519663591970616,
2021-04-30,2021-05-06,6470.3528,6503.1544,6434.7302,6485.7075,14425423900.0,163746329854.7,6491.9281,Development,0.005138529695011496,51.385296950114956,0.38523769875096486,0.8135114753699175,-0.42827377661895266,0,0,0,0,51.385296950114956,0.4179852064382902,0.30841183763139046,0.5047642803521456,0.28574545217303043,
2021-05-06,2021-05-07,6503.6009,6548.0656,6440.3308,6489.3485,15414198100.0,167436128821.0,6485.7075,Development,0.000303570288268995,3.03570288268995,0.42762364977768846,0.8135114753699175,-0.38588782559222906,0,0,0,0,3.03570288268995,0.4396471273325389,0.31010349778548935,0.5623050773596135,0.42254706303483264,
2021-05-07,2021-05-10,6505.5752,6524.1804,6439.8945,6444.4429,17751874900.0,177915642405.9,6489.3485,Development,-0.0067875320233021785,-67.87532023302178,0.5135317925204171,0.8135114753699175,-0.2999796828495004,0,0,0,0,-67.87532023302178,0.4382433880306713,0.32510415800491754,0.6696163342188304,0.7886517676279332,
2021-05-10,2021-05-11,6461.4184,6493.4965,6437.1068,6475.9938,18908013400.0,180906623674.1,6444.4429,Development,-0.0038887127321765025,-38.88712732176502,0.6424273475178849,0.8135114753699175,-0.17108412785203264,0,0,0,0,-38.88712732176502,0.7693307273926419,0.5576475972605724,0.6161720328941418,0.5572232858419702,
2021-05-11,2021-05-12,6436.2918,6472.8694,6349.7869,6456.0376,18726361100.0,175350134124.8,6475.9938,Development,-0.0002140828978575149,-2.140828978575149,0.40404680467649035,0.8135114753699175,-0.4094646706934272,0,0,0,0,-2.140828978575149,0.4212547215552573,0.36121949025184474,0.5153378782069463,0.2894025554478635,
2021-05-12,2021-05-13,6434.9139,6521.4879,6419.7374,6512.0501,15649093000.0,150127199439.1,6456.0376,Development,0.002182764248018998,21.82764248018998,0.4412108312888972,0.8135114753699175,-0.3723006440810203,0,0,0,0,21.82764248018998,0.482999684656011,0.3783509035105769,0.5324705286235233,0.33693230766072996,
2021-05-13,2021-05-14,6448.9598,6496.9964,6426.5758,6439.0273,15965864600.0,155853650959.6,6512.0501,Development,0.0008868562027632976,8.868562027632976,0.41485723005222946,0.8135114753699175,-0.39865424531768806,0,0,0,0,8.868562027632976,0.43829700862976867,0.3657301975398156,0.5077564469525329,0.3232835842337656,
2021-05-14,2021-05-17,6454.6791,6525.8036,6421.2082,6525.8036,16624340700.0,163611264403.2,6439.0273,Development,0.010412043566968343,104.12043566968343,0.5252243483323941,0.8135114753699175,-0.28828712703752346,0,0,0,0,104.12043566968343,0.5905063384692246,0.4758196427033188,0.5488868104565376,0.44042246872181345,
2021-05-17,2021-05-18,6521.8855,6613.8947,6521.8855,6578.1402,15936375800.0,172029261941.2,6525.8036,Development,0.008752913555443387,87.52913555443386,0.37208846722741035,0.8135114753699175,-0.4414230081425072,0,0,0,0,87.52913555443386,0.39323785565346125,0.35493703090622547,0.4658772956084428,0.2282013913602059,
2021-05-18,2021-05-19,6578.971,6604.6852,6558.7784,6599.5985,13250549100.0,141986530241.0,6578.1402,Development,0.00047624468932916386,4.762446893291639,0.5726575955075006,0.8135114753699175,-0.2408538798624169,0,0,0,0,4.762446893291639,0.5912230663409809,0.4772397737945863,0.5976187802915759,0.6658655289058516,
2021-05-19,2021-05-20,6582.1042,6590.9811,6544.8406,6584.3869,13518125500.0,146346354189.3,6599.5985,Development,-0.006230773435643822,-62.30773435643822,0.38581317562534223,0.8135114753699175,-0.4276982997445753,0,0,0,0,-62.30773435643822,0.401297179427778,0.35798673130628905,0.47001925448935955,0.2858225866654852,
2021-05-20,2021-05-21,6541.0926,6580.4366,6506.4075,6548.7111,16232992300.0,167135804361.3,6584.3869,Development,0.002506584297553127,25.06584297553127,0.38847250703355696,0.8135114753699175,-0.42503896833636057,0,0,0,0,25.06584297553127,0.4121479699693557,0.3465422873184468,0.4730894743886802,0.2951917026831329,
2021-05-21,2021-05-24,6557.4884,6570.4572,6512.8063,6527.864,13435069500.0,145990149052.2,6548.7111,Development,-0.006352416879608969,-63.52416879608968,0.3751372825040318,0.8135114753699175,-0.43837419286588575,0,0,0,0,-63.52416879608968,0.15040774879560548,0.4088449316018788,0.5652673388864184,0.5322703281874233,
2021-05-24,2021-05-25,6515.8325,6564.0707,6494.6163,6544.1218,13722661200.0,150739211897.2,6527.864,Development,0.005143026620159308,51.43026620159308,0.31329605831147345,0.8135114753699175,-0.5002154170584441,0,0,0,0,51.43026620159308,0.13352786172736886,0.35932812410867715,0.5099351468909973,0.344368614110744,
2021-05-25,2021-05-26,6549.3436,6628.6931,6524.3027,6619.6707,14469203600.0,158035570948.2,6544.1218,Development,0.012523713063397723,125.23713063397723,0.3501446633272264,0.8135114753699175,-0.46336681204269115,0,0,0,0,125.23713063397723,0.1480074423747436,0.3476449161476129,0.5538055109157258,0.504027149981389,
2021-05-26,2021-05-27,6631.3657,6642.3799,6612.4227,6628.2065,15623700300.0,169904624510.0,6619.6707,Development,-0.0003209595272358756,-3.209595272358756,0.32607943002570966,0.8135114753699175,-0.48743204534420786,0,0,0,0,-3.209595272358756,0.17203367152721874,0.36041778484109993,0.5120990818098257,0.3375575247049106,
2021-05-27,2021-05-28,6629.2373,6685.4829,6620.7204,6685.4054,14516667600.0,164642448242.1,6628.2065,Development,0.01056632864839524,105.6632864839524,0.29473968150000296,0.8135114753699175,-0.5187717938699146,0,0,0,0,105.6632864839524,0.17066535610692343,0.3283117724780825,0.4810251387000216,0.2435039600986318,
2021-05-28,2021-05-31,6699.284,6718.0899,6643.6437,6668.1696,15731838500.0,176611765480.0,6685.4054,Development,-0.0026472082688238086,-26.472082688238086,0.30356752678268495,0.8135114753699175,-0.5099439485872326,0,0,0,0,-26.472082688238086,0.18572671482520436,0.32246641316432756,0.49106808205396507,0.26309293752644625,
2021-05-31,2021-06-01,6681.5496,6729.0737,6667.2578,6728.9906,14692949300.0,176728706904.1,6668.1696,Development,0.005551661249360462,55.516612493604626,0.4197713576646569,0.8135114753699175,-0.39374011770526063,0,0,0,0,55.516612493604626,0.2670554147292823,0.4116070000214694,0.5812491340640822,0.5365484197286962,
2021-06-01,2021-06-02,6718.6433,6742.9797,6656.6634,6739.7624,16109195700.0,185038576025.0,6728.9906,Development,0.0032536181821112287,32.53618182111229,0.3106282867833956,0.8135114753699175,-0.5028831885865219,0,0,0,0,32.53618182111229,0.20562761079933525,0.3294377379509442,0.48942666929590856,0.25499040775160847,
2021-06-02,2021-06-03,6740.5032,6748.151,6662.7512,6681.4285,15736532000.0,174265553758.4,6739.7624,Development,-0.008960517962516512,-89.60517962516512,0.3258291096695604,0.8135114753699175,-0.4876823657003571,0,0,0,0,-89.60517962516512,0.22037763563335222,0.32726479605756076,0.512824417774204,0.29028249217361707,
2021-06-03,2021-06-04,6680.1048,6744.5182,6654.4553,6667.7264,15488569100.0,167598938400.4,6681.4285,Development,-0.005695210051195665,-56.95210051195665,0.6070603658070058,0.8135114753699175,-0.20645110956291168,0,0,0,0,-56.95210051195665,0.47655207321254894,0.7057296301065858,0.6303231567724377,0.6797329374684925,
2021-06-04,2021-06-07,6642.0602,6725.6862,6628.0059,6693.0574,13786640400.0,161257142655.0,6667.7264,Development,0.00958681464525113,95.8681464525113,0.5653232496302616,0.8135114753699175,-0.24818822573965593,0,0,0,0,95.8681464525113,0.3886161744711768,0.616808786942799,0.6504195546826785,0.7337186745993027,
2021-06-07,2021-06-08,6705.7364,6729.8451,6689.7015,6721.5019,14056089600.0,174154017266.3,6693.0574,Development,0.003034774823537756,30.34774823537756,0.49513203573259423,0.8135114753699175,-0.3183794396373233,0,0,0,0,30.34774823537756,0.28926239901528167,0.5337948318611487,0.6228011916626198,0.6894000311281276,
2021-06-08,2021-06-09,6726.0868,6752.6266,6652.3908,6684.5626,13868494700.0,169906611639.7,6721.5019,Development,-0.007277515360045617,-72.77515360045616,0.3482090976123038,0.8135114753699175,-0.46530237775761374,0,0,0,0,-72.77515360045616,0.23012979431060443,0.4152070627639826,0.5056626747294534,0.26538250957689596,
2021-06-09,2021-06-10,6677.1376,6712.252,6656.0547,6692.9049,13651103400.0,155486113450.7,6684.5626,Development,0.0017494921776062267,17.494921776062267,0.6685820027923262,0.8135114753699175,-0.14492947257759137,0,0,0,0,17.494921776062267,0.4815017047242684,0.7660580967895725,0.7130432761227663,0.8344102208624127,
2021-06-10,2021-06-11,6688.8192,6773.4555,6683.4936,6765.6436,15428096400.0,177003017372.4,6692.9049,Development,0.012681311523564665,126.81311523564665,0.3871572143919287,0.8135114753699175,-0.42635426097798884,0,0,0,0,126.81311523564665,0.2392157615874508,0.4563622108796329,0.5476603914998348,0.3597321892245907,
2021-06-11,2021-06-15,6773.6422,6775.8628,6717.2725,6725.9152,16956960700.0,194413370189.0,6765.6436,Development,-0.005838365657991229,-58.38365657991229,0.39758952365281447,0.8135114753699175,-0.41592195171710306,0,0,0,0,-58.38365657991229,0.2655385289577935,0.4611618718697417,0.5613507296061567,0.3417746198142654,
2021-06-15,2021-06-16,6734.0952,6736.5371,6649.2043,6663.6623,15220925000.0,166359279929.9,6725.9152,Development,-0.011078206913380129,-110.78206913380129,0.4246942692225029,0.8135114753699175,-0.3888172061474146,0,0,0,0,-110.78206913380129,0.3164893568034696,0.5033747140860986,0.5648376570387211,0.32424177135435595,
2021-06-16,2021-06-17,6659.4935,6662.7783,6554.8926,6566.286,13680787700.0,152269456251.1,6663.6623,Development,-0.01579584092994457,-157.95840929944572,0.6567427618202156,0.8135114753699175,-0.1567687135497019,0,0,0,0,-157.95840929944572,0.5388036832380557,0.7729494059988664,0.658800727374069,0.7011719738581181,
2021-06-17,2021-06-18,6554.3012,6618.5036,6554.3012,6616.174,12449256200.0,143795950500.7,6566.286,Development,0.00853865245008878,85.38652450088779,0.7045409565530543,0.8135114753699175,-0.10897051881686326,0,0,0,0,85.38652450088779,0.6068444012609112,0.8260708047575352,0.6714194882077511,0.7450109211658077,
2021-06-18,2021-06-21,6610.2661,6671.8815,6587.0346,6657.7635,13802258100.0,161540069486.5,6616.174,Development,0.0064122380791902245,64.12238079190224,0.36042681176422264,0.8135114753699175,-0.4530846636056949,0,0,0,0,64.12238079190224,0.2470761916366219,0.40033797594686304,0.504950833428581,0.332731812427261,
2021-06-21,2021-06-22,6652.6527,6722.9843,6638.517,6707.1762,14303117200.0,174776560666.7,6657.7635,Development,0.010619132425175426,106.19132425175425,0.4075668680985339,0.8135114753699175,-0.40594460727138365,0,0,0,0,106.19132425175425,0.277845350023107,0.4060720361267376,0.5592275861899617,0.47730756258374596,
2021-06-22,2021-06-23,6723.2981,6748.9655,6691.8215,6739.7939,14654349700.0,170147487108.5,6707.1762,Development,0.0027187400778794224,27.187400778794224,0.41414029848107015,0.8135114753699175,-0.3993711768888474,0,0,0,0,27.187400778794224,0.294855835327164,0.39913410016045725,0.5672329044111872,0.48337829659028214,
2021-06-23,2021-06-24,6741.577,6803.9743,6720.5819,6789.9464,15530960900.0,184582044261.0,6739.7939,Development,0.007458833445052937,74.58833445052937,0.3558553287954862,0.8135114753699175,-0.4576561465744313,0,0,0,0,74.58833445052937,0.2722391540218771,0.3342496167825497,0.5233135653420721,0.34109462096048876,
2021-06-24,2021-06-25,6791.8613,6791.8613,6743.3265,6754.8657,14504652200.0,172627659565.8,6789.9464,Development,-0.0063304443510942,-63.304443510942,0.4032955325652426,0.8135114753699175,-0.41021594280467494,0,0,0,0,-63.304443510942,0.31081772370353045,0.3655838976452389,0.570816172595336,0.4354653574650087,
2021-06-25,2021-06-28,6748.8658,6824.8583,6739.0158,6813.4138,15148565900.0,174329254834.2,6754.8657,Development,0.009698103642837408,96.98103642837408,0.3422457194675849,0.8135114753699175,-0.4712657559023326,0,0,0,0,96.98103642837408,0.2901089058923069,0.3130133836816352,0.5175212255856051,0.26318921502818504,
2021-06-28,2021-06-29,6814.317,6843.5186,6802.8584,6828.5162,14550405000.0,175447981606.9,6813.4138,Development,0.0027500188206681653,27.500188206681653,0.38822335324496815,0.8135114753699175,-0.4252881221249494,0,0,0,0,27.500188206681653,0.31443582598037373,0.328181029442386,0.5609630019059372,0.4125788984279178,
2021-06-29,2021-06-30,6833.0565,6835.0483,6756.9158,6765.4201,13662572200.0,167622236941.9,6828.5162,Development,-0.009558621387076194,-95.58621387076194,0.3318623686099483,0.8135114753699175,-0.48164910675996925,0,0,0,0,-95.58621387076194,0.2915325683212082,0.2800952034561308,0.5095441451739087,0.2638432904672558,
2021-06-30,2021-07-01,6767.7419,6812.3797,6757.3403,6808.1831,12540616100.0,155031841222.7,6765.4201,Development,0.008858922353407017,88.58922353407017,0.5297781102655502,0.8135114753699175,-0.2837333651043673,0,0,0,0,88.58922353407017,0.45039759238856686,0.5116402936419118,0.6347246652634382,0.5859013767234111,
2021-07-01,2021-07-02,6827.6968,6827.6968,6716.6658,6716.6658,13835081100.0,168199910261.8,6808.1831,Development,-0.018546898567610715,-185.46898567610714,0.3573952841472757,0.8135114753699175,-0.4561161912226418,0,0,0,0,-185.46898567610714,0.2967641110386816,0.2768072007753414,0.5380684129679245,0.37884012077553103,
2021-07-02,2021-07-05,6701.0642,6718.5052,6651.4849,6658.0451,13647228700.0,162302314384.6,6716.6658,Development,-0.004616878614593811,-46.168786145938114,0.8143006646480339,0.8135114753699175,0.0007891892781163312,1,0,0,0,-46.168786145938114,0.7984807357547492,0.8934496106417308,0.7224492435604689,0.8357030620526951,预测大涨
2021-07-05,2021-07-06,6670.1262,6716.147,6663.5441,6711.0136,13473472100.0,165135856954.1,6658.0451,Development,0.008671680005094995,86.71680005094996,0.44613881310388676,0.8135114753699175,-0.36737266226603077,0,0,0,0,86.71680005094996,0.3694042059341053,0.4485340958714258,0.579366639424991,0.421819847304961,
2021-07-06,2021-07-07,6727.9674,6747.8474,6633.6146,6709.4983,14501795400.0,183569347568.2,6711.0136,Development,-0.009826727162798088,-98.26727162798088,0.36388339680474663,0.8135114753699175,-0.4496280785651709,0,0,0,0,-98.26727162798088,0.29703424667882306,0.3286952060599291,0.5314642841041232,0.33709345458912204,
2021-07-07,2021-07-08,6661.8535,6765.4341,6642.5714,6764.1319,14764695200.0,176266750638.3,6709.4983,Development,0.016960940374927125,169.60940374927125,0.4553424553878031,0.8135114753699175,-0.3581690199821144,0,1,0,0,169.60940374927125,0.30983801006708583,0.3255294309462258,0.6681567785158247,0.6990925001660581,
2021-07-08,2021-07-09,6774.8448,6797.0765,6740.8503,6748.654,15956454300.0,203043021691.4,6764.1319,Development,-0.007857877423258386,-78.57877423258385,0.34413870394895957,0.8135114753699175,-0.46937277142095796,0,0,0,0,-78.57877423258385,0.31073788933880275,0.3070809931939673,0.5202293334164813,0.23784181329893664,
2021-07-09,2021-07-12,6721.6089,6814.6529,6683.7857,6804.5389,16610700400.0,204576733418.5,6748.654,Development,0.019469520162055165,194.69520162055164,0.36902052305366795,0.8135114753699175,-0.4444909523162496,0,1,0,0,194.69520162055164,0.33127303902142846,0.32286300430933496,0.5459634189207906,0.2867131026074657,
2021-07-12,2021-07-13,6852.4754,6926.7584,6840.0176,6904.3818,19356104400.0,239883545712.2,6804.5389,Development,0.007199763168795892,71.99763168795891,0.39516710530760385,0.8135114753699175,-0.4183443700623137,0,0,0,0,71.99763168795891,0.3687957330001587,0.35948008240591917,0.5405520224235257,0.3137543005044801,
2021-07-13,2021-07-14,6901.8116,6961.9744,6889.0257,6961.8475,17962084300.0,223831191046.1,6904.3818,Development,0.0075358185668237265,75.35818566823727,0.49046176576050066,0.8135114753699175,-0.32304970960941687,0,0,0,0,75.35818566823727,0.42409846218599073,0.42957411543479024,0.6167783708620415,0.5643518419117088,
2021-07-14,2021-07-15,6953.8224,6973.6146,6898.7502,6898.7502,17173544800.0,214904536798.0,6961.8475,Development,-0.011363203638908081,-113.63203638908081,0.3340026343621174,0.8135114753699175,-0.4795088410078001,0,0,0,0,-113.63203638908081,0.31916883012648983,0.2851553923030982,0.4987097014026565,0.22453492478536824,
2021-07-15,2021-07-16,6874.8047,6936.5787,6828.4823,6932.406,17322110800.0,205199287272.7,6898.7502,Development,0.00818157059792557,81.8157059792557,0.45739489778628994,0.8135114753699175,-0.3561165775836276,0,0,0,0,81.8157059792557,0.5715932232994174,0.6541429641422016,0.011889735672988956,0.48298393785383703,
2021-07-16,2021-07-19,6931.0514,6992.8342,6922.3462,6925.1232,18490785800.0,221559303997.3,6932.406,Development,-0.002734563474742102,-27.345634747421023,0.24948964809370522,0.8135114753699175,-0.5640218272762123,0,0,0,0,-27.345634747421023,0.33014719186786695,0.3112483139309259,0.020720361984765956,0.28457247075826675,
2021-07-19,2021-07-20,6912.098,6931.1438,6856.6499,6889.3375,16973481800.0,208077102432.8,6925.1232,Development,-0.011725340121045758,-117.25340121045758,0.29792233950104074,0.8135114753699175,-0.5155891358688768,0,0,0,0,-117.25340121045758,0.35873731510205564,0.3463239755428427,0.03815678612280468,0.441165289170805,
2021-07-20,2021-07-21,6831.0513,6901.1329,6825.8225,6901.1318,14014063000.0,171140493692.8,6889.3375,Development,0.013549978756564052,135.49978756564053,0.37027475726201686,0.8135114753699175,-0.44323671810790066,0,0,0,0,135.49978756564053,0.424836338383981,0.44624035174041987,0.053924702050591286,0.5563729329563476,
2021-07-21,2021-07-22,6923.6119,6998.2849,6922.9205,6984.5418,16300927100.0,204939577752.7,6901.1318,Development,0.01049211033911357,104.92110339113569,0.24809577637459357,0.8135114753699175,-0.565415698995324,0,0,0,0,104.92110339113569,0.32579642297510863,0.2825583606850123,0.056971034945141386,0.28546889927076285,
2021-07-22,2021-07-23,6996.2552,7026.7337,6960.2973,7026.5482,19023331600.0,219500277016.4,6984.5418,Development,0.005723447595222142,57.234475952221416,0.31598359282301325,0.8135114753699175,-0.4975278825469043,0,0,0,0,57.234475952221416,0.37077759623780887,0.331064494182834,0.08067227312856401,0.4967078227667536,
2021-07-23,2021-07-26,7036.2979,7061.6675,6968.3065,6985.7499,22507907400.0,253751241896.6,7026.5482,Development,-0.00883826990895309,-88.38269908953089,0.24414887334038007,0.8135114753699175,-0.5693626020295375,0,0,0,0,-88.38269908953089,0.3332719400939595,0.2760550849216735,0.08193623037809865,0.2219688702948971,
2021-07-26,2021-07-27,6974.1092,6986.497,6778.4971,6868.2074,20819723900.0,242702241755.1,6985.7499,Development,-0.013860823974479852,-138.6082397447985,0.6845492908919351,0.8135114753699175,-0.12896218447798247,0,0,0,0,-138.6082397447985,0.8159383471029165,0.8900721143771804,0.12615530808572567,0.8134743317029577,
2021-07-27,2021-07-28,6877.4423,6925.9705,6719.2557,6719.2557,22861433900.0,266957981725.4,6868.2074,Development,-0.033048681484394216,-330.48681484394217,0.7690660965603384,0.8135114753699175,-0.044445378809579106,0,0,0,0,-330.48681484394217,0.9586506593914013,0.9540723183265775,0.1498003117603317,0.8939284665534205,
2021-07-28,2021-07-29,6650.1519,6709.2256,6534.9179,6621.9845,19726716600.0,222466408799.2,6719.2557,Development,0.010595923380336547,105.95923380336546,0.8020263337372333,0.8135114753699175,-0.011485141632684215,0,0,0,0,105.95923380336546,0.982059663764454,0.958831297706569,0.20383372365298466,0.9675616593488937,
2021-07-29,2021-07-30,6720.6164,6773.5669,6682.1185,6758.8869,17101788500.0,209142006693.7,6621.9845,Development,0.002847670341666886,28.476703416668858,0.813208340063477,0.8135114753699175,-0.00030313530644054953,0,0,0,0,28.476703416668858,0.8678618522520949,0.816995005306145,0.6899143667353796,0.8599721758141292,
2021-07-30,2021-08-02,6739.7545,6775.0062,6702.5114,6767.316,18971173400.0,222514805286.1,6758.8869,Development,0.0025310565837375343,25.310565837375343,0.593123445426442,0.8135114753699175,-0.2203880299434755,0,0,0,0,25.310565837375343,0.5683747889214291,0.6029928221774685,0.6235652611447355,0.5865854345726444,
2021-08-02,2021-08-03,6756.8132,6875.4159,6731.7761,6872.0004,20620517300.0,249640208610.0,6767.316,Development,0.012958224152178843,129.58224152178843,0.546646162602922,0.8135114753699175,-0.26686531276699554,0,0,0,0,129.58224152178843,0.5257202390644307,0.5481222005108158,0.6113736822344253,0.4995303442900844,
2021-08-03,2021-08-04,6844.3695,6879.5933,6792.7117,6816.0107,19418943200.0,237723020657.0,6872.0004,Development,-0.004424790333134365,-44.24790333134365,0.5249387447188094,0.8135114753699175,-0.2885727306511081,0,0,0,0,-44.24790333134365,0.5313785246850782,0.5290999848718824,0.6018302356930241,0.3982462419330656,
2021-08-04,2021-08-05,6814.0846,6931.7808,6813.228,6931.3365,17406434700.0,216189753229.4,6816.0107,Development,0.015681446044858216,156.81446044858217,0.689779079899634,0.8135114753699175,-0.12373239547028347,0,0,0,0,156.81446044858217,0.6878211612977128,0.6715378045138187,0.6559016756349494,0.7724433197178354,
2021-08-05,2021-08-06,6920.9393,6946.3354,6880.6905,6911.8292,17937188500.0,226672383897.7,6931.3365,Development,0.0011679484026105857,11.679484026105857,0.49504716078332156,0.8135114753699175,-0.31846431458659596,0,0,0,0,11.679484026105857,0.48706685010251927,0.5058851372391333,0.5763551858792402,0.3812403276754677,
2021-08-06,2021-08-09,6929.0226,6947.5356,6885.6471,6938.8679,17235691200.0,214958730456.7,6911.8292,Development,-0.002121626793366249,-21.216267933662493,0.5201718992472381,0.8135114753699175,-0.29333957612267947,0,0,0,0,-21.216267933662493,0.4866158225479881,0.49514886027797783,0.5988835832288794,0.527040314954593,
2021-08-09,2021-08-10,6914.3218,6989.7057,6877.1951,6979.5256,17383337100.0,210955642886.2,6938.8679,Development,0.008172009003110103,81.72009003110104,0.5021993999750447,0.8135114753699175,-0.3113120753948728,0,0,0,0,81.72009003110104,0.4732727819019557,0.46187395129536823,0.5929655789352606,0.5094345024994954,
2021-08-10,2021-08-11,6970.8257,7019.6854,6958.8054,7019.2284,17308796200.0,222660420409.7,6979.5256,Development,0.0077383659155327855,77.38365915532785,0.5017891609441586,0.8135114753699175,-0.31172231442575893,0,0,0,0,77.38365915532785,0.49118565933225244,0.4606157383104789,0.5821587024419888,0.48586697191888245,
2021-08-11,2021-08-12,7024.7685,7076.3726,6999.9332,7073.5219,18835790600.0,221759523190.4,7019.2284,Development,0.004939493735629963,49.39493735629963,0.45842171033375834,0.8135114753699175,-0.3550897650361592,0,0,0,0,49.39493735629963,0.4654645213396778,0.42083452936877547,0.5597522724445044,0.3699037807326236,
2021-08-12,2021-08-13,7059.4673,7115.8874,7051.0132,7095.2024,19407912500.0,226074875242.5,7073.5219,Development,0.0015587295092365228,15.587295092365228,0.4649610139044726,0.8135114753699175,-0.34855046146544494,0,0,0,0,15.587295092365228,0.4769099233152582,0.40637588813704795,0.5623871432356136,0.4081326236692274,
2021-08-13,2021-08-16,7070.4711,7124.9216,7050.3051,7088.8876,19219060400.0,221865974676.0,7095.2024,Development,0.0024197963272913903,24.197963272913903,0.4896357431559328,0.8135114753699175,-0.32387573221398475,0,0,0,0,24.197963272913903,0.4890068900643051,0.4002233839362842,0.5788282803876265,0.5248039459164477,
2021-08-16,2021-08-17,7087.5802,7102.3958,7039.1029,7052.4876,18817888600.0,222080461698.0,7088.8876,Development,-0.005901238338015591,-59.01238338015591,0.5039562580078032,0.8135114753699175,-0.30955521736211433,0,0,0,0,-59.01238338015591,0.4835565960499942,0.3875444197249352,0.5970273093916875,0.6230535610103253,
2021-08-17,2021-08-18,7045.7547,7063.0175,6876.4991,6894.4042,20193637200.0,226553000297.5,7052.4876,Development,-0.02306188718151092,-230.6188718151092,0.5073304603255826,0.8135114753699175,-0.3061810150443349,0,0,0,0,-230.6188718151092,0.5249521951784775,0.42672410671127303,0.5756706977627475,0.5169775661121205,
2021-08-18,2021-08-19,6883.2663,6950.8846,6865.0658,6941.008,17536733100.0,191997407327.9,6894.4042,Development,0.004974818423050031,49.748184230500314,0.9064411630150389,0.8135114753699175,0.09292968764512133,1,0,0,1,49.748184230500314,0.9656245691429357,0.9419561118901589,0.7275248923413533,0.9645351366381152,预测大涨
2021-08-19,2021-08-20,6917.5093,6978.9832,6869.2927,6947.0564,17181358900.0,194992915174.4,6941.008,Development,-0.00036017298885304694,-3.6017298885304694,0.5324069860033311,0.8135114753699175,-0.2811044893665864,0,0,0,0,-3.6017298885304694,0.4839246041765021,0.5575434138137939,0.5947033810480836,0.5057857555304984,
2021-08-20,2021-08-23,6915.0178,6952.5192,6843.0023,6920.0248,17562713900.0,205135637760.0,6947.0564,Development,0.004962315498305836,49.623154983058356,0.5611904208040649,0.8135114753699175,-0.25232105456585263,0,0,0,0,49.623154983058356,0.4826679138421427,0.5301800261342463,0.631044861913147,0.6862690822453442,
2021-08-23,2021-08-24,6949.3323,7031.884,6949.3323,7024.5647,18945660800.0,216299530693.2,6920.0248,Development,0.011845137985414755,118.45137985414755,0.5879962800174688,0.8135114753699175,-0.22551519535244868,0,0,0,0,118.45137985414755,0.5416608168496707,0.5580738794069243,0.6286700187197626,0.682896949601839,
2021-08-24,2021-08-25,7031.6481,7098.0287,7009.6901,7090.7817,20272689500.0,236479323511.5,7024.5647,Development,0.008603786642849665,86.03786642849664,0.5031754718488181,0.8135114753699175,-0.31033600352109947,0,0,0,0,86.03786642849664,0.49242478896927994,0.4911180162860618,0.5772351908346259,0.4452891065971742,
2021-08-25,2021-08-26,7092.1469,7153.274,7058.5714,7153.0043,19812689000.0,228737398900.2,7090.7817,Development,0.008373134515868408,83.73134515868408,0.49511029648405763,0.8135114753699175,-0.3184011788858599,0,0,0,0,83.73134515868408,0.49660551341024073,0.4686326145811691,0.5726468807145828,0.43165610052900116,
2021-08-26,2021-08-27,7151.5304,7175.5115,7115.8445,7118.8442,23017619600.0,255363535500.4,7153.0043,Development,-0.0076732946559242565,-76.73294655924256,0.46003758519177224,0.8135114753699175,-0.3534738901781453,0,0,0,0,-76.73294655924256,0.47642191785771293,0.43083637967865557,0.5505032325912285,0.3519327227503499,
2021-08-27,2021-08-30,7096.6546,7185.7274,7083.2112,7180.1088,22383046300.0,258997827229.8,7118.8442,Development,0.01493262755101532,149.3262755101532,0.4885621815750042,0.8135114753699175,-0.32494929379491333,0,0,0,0,149.3262755101532,0.5090167699678595,0.4438468748477471,0.5659226021878558,0.41697738967021564,
2021-08-30,2021-08-31,7202.6263,7262.6044,7190.6143,7226.8823,25064914800.0,301015443912.4,7180.1088,Development,-1.4217036360730795e-05,-0.14217036360730795,0.46589049227622925,0.8135114753699175,-0.3476209830936883,0,0,0,0,-0.14217036360730795,0.48082963240569165,0.4114574915659194,0.5524507742739683,0.41038218299727286,
2021-08-31,2021-09-01,7202.5239,7255.3418,7159.3023,7255.3418,24510834200.0,288657326056.3,7226.8823,Development,0.009511929561247356,95.11929561247356,0.5191198863390858,0.8135114753699175,-0.29439158903083174,0,0,0,0,95.11929561247356,0.5204568066335867,0.4404929189050817,0.5825474075047139,0.56666328212004,
2021-09-01,2021-09-02,7271.0338,7278.1558,7100.307,7193.1,29552014000.0,331023151839.6,7255.3418,Development,-0.013565457500692713,-135.65457500692713,0.4382414132019283,0.8135114753699175,-0.37527006216798925,0,0,0,0,-135.65457500692713,0.4597466270861612,0.3737835943700421,0.5533702827794259,0.34704182098467456,
2021-09-02,2021-09-03,7172.3989,7309.3317,7172.3989,7307.0084,25341169800.0,271544871415.2,7193.1,Development,0.022767361698190047,227.67361698190047,0.7814816936215563,0.8135114753699175,-0.03202978174836124,0,1,0,0,227.67361698190047,0.8253327215822659,0.7887085064628203,0.6669600992885283,0.8331185289407493,
2021-09-03,2021-09-06,7335.6955,7385.2425,7227.0348,7278.6809,28880124000.0,315016807341.7,7307.0084,Development,-0.005225762165291692,-52.25762165291692,0.448265936511531,0.8135114753699175,-0.3652455388583865,0,0,0,0,-52.25762165291692,0.4459249731253442,0.44079098243355774,0.5323487082188499,0.3507078422460676,
2021-09-06,2021-09-07,7297.3609,7359.5367,7231.7285,7355.4013,25587515300.0,273720337786.8,7278.6809,Development,0.008636272875033546,86.36272875033546,0.7628177432343556,0.8135114753699175,-0.05069373213556194,0,0,0,0,86.36272875033546,0.7511143928125484,0.7627190933931765,0.6739145430538962,0.9101019003508912,
2021-09-07,2021-09-08,7360.3829,7501.1262,7350.6962,7498.9255,26072754100.0,280403353971.0,7355.4013,Development,0.018470710266988988,184.70710266988988,0.44160962780620944,0.8135114753699175,-0.3719018475637081,0,1,0,0,184.70710266988988,0.4270425774892385,0.46831725291430226,0.48772573137475195,0.362416623383864,
2021-09-08,2021-09-09,7496.3344,7549.4542,7483.8711,7544.0411,27284780800.0,287850948370.8,7498.9255,Development,0.005155479723530032,51.55479723530032,0.4205642415990845,0.8135114753699175,-0.392947233770833,0,0,0,0,51.55479723530032,0.410807901210299,0.4307597262417913,0.4796365711069177,0.34222991372724615,
2021-09-09,2021-09-10,7534.9816,7617.6574,7526.9689,7617.4505,28720406800.0,302380048527.9,7544.0411,Development,0.010434318777898577,104.34318777898577,0.42011419507075354,0.8135114753699175,-0.393397280299164,0,0,0,0,104.34318777898577,0.40830728895597496,0.39916399890836984,0.4734721162247887,0.4084995722620312,
2021-09-10,2021-09-13,7613.604,7661.4261,7564.2611,7607.6749,29346864200.0,322687990811.2,7617.4505,Development,-8.353468344379777e-06,-0.08353468344379777,0.39770381332001714,0.8135114753699175,-0.4158076620499004,0,0,0,0,-0.08353468344379777,0.4146174035003782,0.3710040982553595,0.44816405564891554,0.33910410234766564,
2021-09-13,2021-09-14,7613.5404,7650.8787,7566.7758,7648.7481,26361861000.0,298956061716.8,7607.6749,Development,0.002255836194157368,22.55836194157368,0.5142975237367065,0.8135114753699175,-0.2992139516332111,0,0,0,0,22.55836194157368,0.4593804165246089,0.39508725369104103,0.5595606839683361,0.7773775038238372,
2021-09-14,2021-09-15,7630.7153,7688.6036,7544.0161,7556.6157,27150151200.0,306464420119.2,7648.7481,Development,-0.0125105178540732,-125.105178540732,0.3921533319870553,0.8135114753699175,-0.4213581433828622,0,0,0,0,-125.105178540732,0.41473210779593994,0.34055864637976163,0.44535847818991425,0.36130705717700823,
2021-09-15,2021-09-16,7535.2511,7627.6702,7521.8772,7592.3059,23339841600.0,274072796567.4,7556.6157,Development,0.010833109463332935,108.33109463332934,0.8781726710356916,0.8135114753699175,0.06466119566577411,1,0,0,1,108.33109463332934,0.9464127495877163,0.9298079622073642,0.6654841223702622,0.935247498977178,预测大涨
2021-09-16,2021-09-17,7616.8813,7657.2251,7445.2326,7446.9353,26764977900.0,301162982030.1,7592.3059,Development,-0.025611046347801092,-256.1104634780109,0.5735797590301267,0.8135114753699175,-0.23993171633979082,0,0,0,0,-256.1104634780109,0.5278593389297607,0.574082485493365,0.5766774886182572,0.6655965022490578,
2021-09-17,2021-09-22,7421.805,7471.419,7275.9829,7395.5645,23360422600.0,259019107902.0,7446.9353,Development,-0.015727508335236617,-157.27508335236618,0.9039200318353697,0.8135114753699175,0.0904085564654522,1,0,0,0,-157.27508335236618,0.9643464187805624,0.9449272971576638,0.731288397790785,0.9411197420741245,预测大涨
2021-09-22,2021-09-23,7305.0785,7453.9319,7298.0267,7453.6247,19679453400.0,221838873408.5,7395.5645,Development,0.028371029825347005,283.71029825347006,0.659209234975375,0.8135114753699175,-0.15430224039454254,0,1,0,0,283.71029825347006,0.6370269449628659,0.7324120293878226,0.6013015307395893,0.6578648043543787,
2021-09-23,2021-09-24,7512.3311,7543.6595,7467.2021,7502.8391,24115869400.0,267659234037.1,7453.6247,Development,-0.0028974495013938117,-28.974495013938117,0.45733070627152406,0.8135114753699175,-0.35618076909839347,0,0,0,0,-28.974495013938117,0.41288456644472027,0.574268147576017,0.47437667695116015,0.3237000214361199,
2021-09-24,2021-09-27,7490.5645,7490.5645,7373.2854,7380.3843,23171558200.0,248983141488.2,7502.8391,Development,-0.012089849837085054,-120.89849837085053,0.5186427689167619,0.8135114753699175,-0.29486870645315566,0,0,0,0,-120.89849837085053,0.47213009397646316,0.577517604869358,0.5181898801774961,0.5150739622643433,
2021-09-27,2021-09-28,7400.0047,7410.4669,7128.5116,7170.5899,23954240700.0,255096916280.6,7380.3843,Development,-0.03261949279572762,-326.1949279572762,0.7860133949516148,0.8135114753699175,-0.027498080418302706,0,0,0,0,-326.1949279572762,0.8277789600246075,0.8250576685091602,0.6455693013385015,0.8220447191638315,
2021-09-28,2021-09-29,7158.6203,7227.4568,7155.2737,7198.8966,20280056700.0,196202379037.6,7170.5899,Development,-0.002215398964518278,-22.153989645182783,0.8545386051078536,0.8135114753699175,0.0410271297379361,1,0,0,0,-22.153989645182783,0.910076109688452,0.8951219993208712,0.6914164700845044,0.8897934036584055,预测大涨
2021-09-29,2021-09-30,7142.7611,7161.2117,6996.5724,7010.2192,21057070200.0,207830603405.8,7198.8966,Development,-0.015129639433131836,-151.29639433131837,0.4993217520426,0.8135114753699175,-0.31418972332731754,0,0,0,0,-151.29639433131837,0.40972993381457956,0.5967071632715732,0.5254325957448334,0.48337748603586905,
2021-09-30,2021-10-08,7034.6937,7116.037,7034.6937,7103.6076,20248261200.0,186185669931.7,7010.2192,Development,0.02225138814501615,222.51388145016148,0.837230671160484,0.8135114753699175,0.023719195790566472,1,1,1,1,222.51388145016148,0.8749015392074604,0.8654578171609217,0.7083183096732121,0.8850370681048915,预测大涨
2021-10-08,2021-10-11,7191.2254,7198.9614,7058.831,7091.3356,20546770500.0,202877493532.5,7103.6076,Development,-0.012284888191656518,-122.84888191656518,0.4837833084144045,0.8135114753699175,-0.32972816695551305,0,0,0,0,-122.84888191656518,0.3988411471464539,0.5886979120816308,0.519559303860612,0.4314928509526181,
2021-10-11,2021-10-12,7102.882,7123.7457,7048.8733,7090.4673,19542083900.0,194709504374.7,7091.3356,Development,-0.004720675354032311,-47.206753540323106,0.616514539604891,0.8135114753699175,-0.19699693576502653,0,0,0,0,-47.206753540323106,0.4740175101864324,0.6040504656467911,0.6911210528172226,0.838548900878834,
2021-10-12,2021-10-13,7069.3516,7079.7053,6891.8448,6952.1903,20166672300.0,194146539017.6,7090.4673,Development,-0.01578962347834001,-157.8962347834001,0.4657475030334785,0.8135114753699175,-0.347763972336439,0,0,0,0,-157.8962347834001,0.3877222614301407,0.508391775148816,0.5213374699995632,0.4804874606603644,
2021-10-13,2021-10-14,6957.7292,6991.2444,6887.3389,6981.5947,16260465500.0,163678284334.2,6952.1903,Development,0.0018565971207962217,18.565971207962217,0.7409675706218916,0.8135114753699175,-0.07254390474802597,0,0,0,0,18.565971207962217,0.7672588326101184,0.7562976716176755,0.6508866193478258,0.7821322701561282,
2021-10-14,2021-10-15,6970.6469,7033.3956,6949.4809,7008.3326,15476466800.0,162946739426.8,6981.5947,Development,0.0036543236754682518,36.54323675468252,0.4327972150347138,0.8135114753699175,-0.3807142603352037,0,0,0,0,36.54323675468252,0.38738949468858375,0.4995941146505834,0.45856937902862216,0.3769573209508444,
2021-10-15,2021-10-18,6996.1199,7034.0279,6975.2395,7024.1596,17410833900.0,188999735572.0,7008.3326,Development,0.0044339148618650626,44.339148618650626,0.4712104303809284,0.8135114753699175,-0.3423010449889891,0,0,0,0,44.339148618650626,0.4012514174248694,0.4669373770173272,0.5230647477567234,0.5560514899071378,
2021-10-18,2021-10-19,7027.1401,7071.8702,6983.7158,7068.1048,17562701400.0,194312992634.8,7024.1596,Development,0.004786399519770557,47.86399519770556,0.4089057683382218,0.8135114753699175,-0.40460570703169574,0,0,0,0,47.86399519770556,0.3898160252689891,0.4218372721793901,0.45574776356058666,0.36243359720754476,
2021-10-19,2021-10-20,7060.7748,7127.2362,7051.779,7120.3794,16813576400.0,182701165154.9,7068.1048,Development,0.003003962114752623,30.03962114752623,0.3957497571038853,0.8135114753699175,-0.4177617182660322,0,0,0,0,30.03962114752623,0.3960908736208935,0.3922719613725239,0.4428141452507191,0.33639749333322877,
2021-10-20,2021-10-21,7081.9851,7154.9089,7067.1346,7118.7959,17051134100.0,186276501134.2,7120.3794,Development,0.006445932793617493,64.45932793617493,0.4017213182584767,0.8135114753699175,-0.41179015711144085,0,0,0,0,64.45932793617493,0.4031426354327978,0.36683103358212804,0.45874299700928217,0.3813542091642967,
2021-10-21,2021-10-22,7127.6351,7145.5837,7069.4508,7098.2542,16797196700.0,184364872656.5,7118.7959,Development,-0.005401539144449297,-54.01539144449296,0.45811859287267387,0.8135114753699175,-0.35539288249724366,0,0,0,0,-54.01539144449296,0.4081544419511919,0.3427473340042423,0.5562235508140113,0.6312977994312393,
2021-10-22,2021-10-25,7089.1349,7110.657,7020.8705,7026.0676,17161515100.0,184191958090.4,7098.2542,Development,-0.00989013483154344,-98.9013483154344,0.44029179487897385,0.8135114753699175,-0.3732196804909437,0,0,0,0,-98.9013483154344,0.44062504236366695,0.3440707529052884,0.5103283995642625,0.5116701359856788,
2021-10-25,2021-10-26,7019.0224,7105.9767,7003.7789,7103.9856,15900460300.0,184607289163.6,7026.0676,Development,0.014395708439397525,143.95708439397526,0.5663329629287333,0.8135114753699175,-0.24717851244118427,0,0,0,0,143.95708439397526,0.6097930812419843,0.47097227710584527,0.5688994431573251,0.6373325013888147,
2021-10-26,2021-10-27,7120.0662,7155.628,7085.0685,7102.4335,17503220500.0,204998019664.9,7103.9856,Development,-0.0037840097610328804,-37.840097610328804,0.3715622040247656,0.8135114753699175,-0.44194927134515194,0,0,0,0,-37.840097610328804,0.4068546666943096,0.3231049400425232,0.4215272808410901,0.3126639521984622,
2021-10-27,2021-10-28,7093.1238,7097.8574,7017.8618,7048.604,17902088700.0,212523899547.3,7102.4335,Development,-0.009421814969590714,-94.21814969590714,0.40160206680378885,0.8135114753699175,-0.4119094085661287,0,0,0,0,-94.21814969590714,0.4095346398026351,0.3079523710540456,0.48106588569266256,0.4393695657710899,
2021-10-28,2021-10-29,7026.2937,7043.4168,6930.5413,6950.2768,18807533800.0,210380519313.0,7048.604,Development,-0.010026110921039333,-100.26110921039333,0.48496111603819575,0.8135114753699175,-0.3285503593317218,0,0,0,0,-100.26110921039333,0.5033131391039526,0.36738593484231485,0.5402561396684794,0.5756889766246139,
2021-10-29,2021-11-01,6955.8473,7022.7535,6920.3074,7022.4992,17077953300.0,207011899853.7,6950.2768,Development,0.007076348556415146,70.76348556415147,0.7162876071321242,0.8135114753699175,-0.09722386823779328,0,0,0,0,70.76348556415147,0.7669690473877459,0.6395916328668246,0.6625186101448151,0.8167398724107527,
2021-11-01,2021-11-02,7005.0693,7087.2923,6993.27,7060.756,18414299100.0,226533562754.7,7022.4992,Development,0.007984631929337294,79.84631929337294,0.364320076394427,0.8135114753699175,-0.44919139897549054,0,0,0,0,79.84631929337294,0.3874560187977104,0.3369512806070071,0.42117796520476497,0.2848719943012195,
2021-11-02,2021-11-03,7061.0022,7093.6115,6921.8496,6985.0998,19611472800.0,230633597738.9,7060.756,Development,-0.01217089268149496,-121.7089268149496,0.45026430392786937,0.8135114753699175,-0.36324717144204816,0,0,0,0,-121.7089268149496,0.4455565390724414,0.361793097132186,0.5192301725002434,0.5202648468510853,
2021-11-03,2021-11-04,6975.0635,7034.0916,6962.8685,7017.8541,15081464800.0,183530630396.2,6985.0998,Development,0.008155223246354648,81.55223246354649,0.7364780650516759,0.8135114753699175,-0.07703341031824162,0,0,0,0,81.55223246354649,0.7976293596290877,0.7152669902338596,0.6351170662227354,0.7830223183956472,
2021-11-04,2021-11-05,7031.9467,7073.8522,7018.6086,7073.8522,15265204900.0,188533361387.7,7017.8541,Development,0.0055655143119897055,55.655143119897055,0.4125250323968219,0.8135114753699175,-0.4009864429730956,0,0,0,0,55.655143119897055,0.38701653990358825,0.3686449615058799,0.46879386534760764,0.4661510576967615,
2021-11-05,2021-11-08,7071.0831,7073.8516,6991.1519,6991.9077,17724139200.0,207299701331.0,7073.8522,Development,-0.011962382396552451,-119.62382396552451,0.35638175868759914,0.8135114753699175,-0.4571297166823184,0,0,0,0,-119.62382396552451,0.3823858907940365,0.33485970612573857,0.39585149047403356,0.28451568873832833,
2021-11-08,2021-11-09,6986.4961,7034.141,6984.8099,7026.9715,14636085700.0,176810356754.4,6991.9077,Development,0.007310846419852579,73.1084641985258,0.5556415605609523,0.8135114753699175,-0.25786991480896526,0,0,0,0,73.1084641985258,0.5956440825648012,0.5171407321205425,0.5386675341459982,0.5613519373940519,
2021-11-09,2021-11-10,7037.5733,7087.0231,7028.3131,7081.7539,14169684700.0,175620424710.2,7026.9715,Development,0.003419133126471241,34.19133126471241,0.3642024399401025,0.8135114753699175,-0.44930903542981504,0,0,0,0,34.19133126471241,0.376109572723907,0.32462699989487065,0.4226504122809391,0.3277908408850229,
2021-11-10,2021-11-11,7061.6357,7072.1479,6965.8634,7062.3313,16213835400.0,187121573688.1,7081.7539,Development,-0.0018088160509327489,-18.088160509327487,0.3743598957250476,0.8135114753699175,-0.43915157964486995,0,0,0,0,-18.088160509327487,0.38117410045707556,0.30391488052251475,0.45289631462179264,0.3751709112908959,
2021-11-11,2021-11-12,7048.8625,7121.9221,7033.0881,7119.8589,16540069300.0,186637770929.3,7062.3313,Development,0.009949122996795623,99.49122996795623,0.3746006715305871,0.8135114753699175,-0.4389108038393304,0,0,0,0,99.49122996795623,0.3930137188207436,0.2943129584614145,0.4574785815156765,0.36201931768055867,
2021-11-12,2021-11-15,7118.9925,7165.1056,7112.5819,7156.6127,16851342300.0,195249975661.0,7119.8589,Development,0.006608336783610724,66.08336783610724,0.35616634320522156,0.8135114753699175,-0.45734513216469597,0,0,0,0,66.08336783610724,0.39100086252303934,0.27859801480764373,0.43218048508089585,0.3133681192715677,
2021-11-15,2021-11-16,7166.0372,7176.7701,7083.7783,7098.2129,16114820200.0,201939758494.8,7156.6127,Development,-0.01145902508013763,-114.5902508013763,0.36049435298083926,0.8135114753699175,-0.45301712238907826,0,0,0,0,-114.5902508013763,0.3994993092410916,0.27003408292316117,0.4398286614902628,0.32682961932828236,
2021-11-16,2021-11-17,7083.9214,7121.7443,7040.5069,7045.9387,16237031600.0,192032230405.6,7098.2129,Development,-0.005687301951148194,-56.873019511481935,0.5834695474758478,0.8135114753699175,-0.23004192789406974,0,0,0,0,-56.873019511481935,0.6105077912754551,0.4516536289624638,0.6078429919916306,0.7231776505909023,
2021-11-17,2021-11-18,7043.633,7106.0537,7033.9529,7104.5344,14034710700.0,168875300039.3,7045.9387,Development,0.00924901964653757,92.4901964653757,0.5061728697230266,0.8135114753699175,-0.30733860564689097,0,0,0,0,92.4901964653757,0.5319353533732696,0.40574337155167506,0.5399683338408657,0.5807104506040962,
2021-11-18,2021-11-19,7108.7797,7130.2877,7066.4894,7084.6827,16271486000.0,185152969061.1,7104.5344,Development,-0.0036255308347789006,-36.255308347789004,0.3548365368205807,0.8135114753699175,-0.45867493854933683,0,0,0,0,-36.255308347789004,0.38639240261729346,0.2887370711786951,0.4032445611997007,0.33689335335457554,
2021-11-19,2021-11-22,7083.0066,7174.2512,7073.717,7169.8759,17818585400.0,193601338401.8,7084.6827,Development,0.013326812373717134,133.26812373717135,0.38991910196186397,0.8135114753699175,-0.42359237340805356,0,0,0,0,133.26812373717135,0.4137527966096976,0.29246540712426683,0.45528620650874696,0.41993669804904826,
2021-11-22,2021-11-23,7177.4005,7259.5317,7177.4005,7255.0736,18052248000.0,222986228038.5,7169.8759,Development,0.009550114975470647,95.50114975470647,0.35915907169933387,0.8135114753699175,-0.45435240367058366,0,0,0,0,95.50114975470647,0.4090397842226065,0.2797637973488062,0.412958402949825,0.3181302072313776,
2021-11-23,2021-11-24,7245.9455,7292.917,7239.0001,7261.3791,18959503300.0,218299011123.4,7255.0736,Development,0.001969460024230152,19.69460024230152,0.36515467862338136,0.8135114753699175,-0.44835679674653617,0,0,0,0,19.69460024230152,0.41598975157595325,0.2742341305556835,0.4311278737762693,0.32552796438241605,
2021-11-24,2021-11-25,7260.2161,7278.3963,7229.604,7256.1117,17767407200.0,209537055308.1,7261.3791,Development,0.0003549894334411441,3.549894334411441,0.3600816433565266,0.8135114753699175,-0.45342983201339093,0,0,0,0,3.549894334411441,0.4150880349973742,0.26695542392282534,0.42433202392726205,0.31781967184394144,
2021-11-25,2021-11-26,7262.7934,7262.7934,7228.2913,7233.5423,16406809800.0,190327760943.3,7256.1117,Development,-0.006355006601179047,-63.55006601179048,0.3604922943405447,0.8135114753699175,-0.45301918102937283,0,0,0,0,-63.55006601179048,0.4203411672468941,0.26490974751345187,0.42516932786148354,0.31165197527067373,
2021-11-26,2021-11-29,7216.6383,7249.1985,7201.1952,7219.8622,15942313700.0,192093829800.3,7233.5423,Development,-0.01201376546750299,-120.1376546750299,0.35946991532548067,0.8135114753699175,-0.45404156004443685,0,0,0,0,-120.1376546750299,0.42232995603914597,0.26530826550642583,0.4334711930973176,0.28892345905601186,
2021-11-29,2021-11-30,7129.9393,7226.3391,7125.4296,7221.8978,16694140600.0,198551719061.9,7219.8622,Development,0.017166064793847635,171.66064793847636,0.3662376135911065,0.8135114753699175,-0.447273861778811,0,1,0,0,171.66064793847636,0.4232084731118683,0.2673226444650198,0.4282768739529233,0.3329717500826409,
2021-11-30,2021-12-01,7252.3323,7281.1339,7210.8352,7252.7552,18633616300.0,213217510814.3,7221.8978,Development,-0.0018207384126620596,-18.207384126620596,0.37235626993152826,0.8135114753699175,-0.44115520543838926,0,0,0,0,-18.207384126620596,0.4255573524520919,0.26914430337571293,0.43662326490266806,0.35155779296268996,
2021-12-01,2021-12-02,7239.1277,7272.9398,7215.6723,7272.837,17180629500.0,196111868499.2,7252.7552,Development,0.0023892933951144,23.892933951144002,0.4273030094899922,0.8135114753699175,-0.3862084658799253,0,0,0,0,23.892933951144002,0.4600255941347635,0.29088935194672194,0.49868604617187745,0.498339742382984,
2021-12-02,2021-12-03,7256.4241,7279.9456,7221.3624,7229.988,17655554400.0,198627048458.5,7272.837,Development,-0.0031491819779387864,-31.491819779387864,0.3688520523317161,0.8135114753699175,-0.44465942303820144,0,0,0,0,-31.491819779387864,0.42722795396870084,0.2774900027325482,0.43729683851435763,0.310575267150535,
2021-12-03,2021-12-06,7233.5723,7310.2748,7223.7957,7301.9173,18622273800.0,200791224128.9,7229.988,Development,0.010425858327288706,104.25858327288707,0.4126059207875943,0.8135114753699175,-0.40090555458232324,0,0,0,0,104.25858327288707,0.4694391076063274,0.30482567814235495,0.4815969064715768,0.3855882181114791,
2021-12-06,2021-12-07,7308.9885,7330.4685,7235.4479,7240.4558,21306995200.0,218322693799.7,7301.9173,Development,-0.0047697981738512585,-47.69798173851258,0.4067530993985865,0.8135114753699175,-0.406758375971331,0,0,0,0,-47.69798173851258,0.44880876614660614,0.3016643521484917,0.4729832282219625,0.41022368811456855,
2021-12-07,2021-12-08,7274.1261,7284.6445,7148.0679,7206.8257,19224385400.0,206136079286.9,7240.4558,Development,-0.00675360851937945,-67.5360851937945,0.7562407938835167,0.8135114753699175,-0.0572706814864008,0,0,0,0,-67.5360851937945,0.8505997050910555,0.7016914310771964,0.6524334146606733,0.7939246389099669,
2021-12-08,2021-12-09,7224.9995,7302.9905,7214.2588,7302.9905,16928045300.0,190279976219.1,7206.8257,Development,0.010213979945604246,102.13979945604245,0.7002213441387528,0.8135114753699175,-0.11329013123116471,0,0,0,0,102.13979945604245,0.7178816299907126,0.6189522960866096,0.6771043362726696,0.8366999566104525,
2021-12-09,2021-12-10,7298.7955,7331.5838,7290.268,7320.3177,19608716800.0,211492054441.2,7302.9905,Development,-0.0017567282163201137,-17.567282163201135,0.3884188634386481,0.8135114753699175,-0.4250926119312694,0,0,0,0,-17.567282163201135,0.40561964490760277,0.3936609909366278,0.4124544809075113,0.30964450567596785,
2021-12-10,2021-12-13,7285.9735,7317.2658,7276.6134,7306.646,18723069500.0,209397677738.1,7320.3177,Development,0.006606735530948482,66.06735530948482,0.38899590092727626,0.8135114753699175,-0.42451557444264126,0,0,0,0,66.06735530948482,0.4135282779224454,0.37360176911445797,0.43727949111849157,0.2974143939720526,
2021-12-13,2021-12-14,7334.11,7371.31,7322.4381,7353.0306,18536306100.0,210741544041.8,7306.646,Development,-0.0005282167843132513,-5.2821678431325125,0.3850039298811288,0.8135114753699175,-0.4285075454887887,0,0,0,0,-5.2821678431325125,0.4087622676208758,0.3564118730939156,0.43796214834854147,0.31173601116909727,
2021-12-14,2021-12-15,7330.236,7349.8781,7314.4295,7324.1331,15958375300.0,183555994743.8,7353.0306,Development,-0.001442231873571287,-14.422318735712869,0.3922414806802008,0.8135114753699175,-0.4212699946897167,0,0,0,0,-14.422318735712869,0.41626159381123934,0.3463884541469724,0.4495099260978601,0.3426974242606121,
2021-12-15,2021-12-16,7319.6641,7352.379,7302.3831,7314.2586,15992392300.0,183859414382.0,7324.1331,Development,0.0005119907073332097,5.119907073332097,0.3748863518663419,0.8135114753699175,-0.43862512350357563,0,0,0,0,5.119907073332097,0.389436209247045,0.33241831448168846,0.4436223938953234,0.32377491256564167,
2021-12-16,2021-12-17,7323.4117,7380.9974,7323.4117,7380.9974,17769034000.0,187008756369.3,7314.2586,Development,0.007825382806213144,78.25382806213143,0.38419266698356225,0.8135114753699175,-0.4293188083863553,0,0,0,0,78.25382806213143,0.3911436495699561,0.325140363642531,0.4655807204181309,0.3608547863617477,
2021-12-17,2021-12-20,7380.7202,7384.0175,7308.7215,7314.5601,19626533600.0,203439633902.9,7380.9974,Development,-0.012162959381660343,-121.62959381660343,0.297385612991626,0.8135114753699175,-0.5161258623782915,0,0,0,0,-121.62959381660343,0.15890261213471288,0.31603322203360507,0.4640977997810138,0.3297994171536951,
2021-12-20,2021-12-21,7290.9488,7313.4816,7191.0499,7195.9732,18172785300.0,190350688407.0,7314.5601,Development,-0.013712344269925514,-137.12344269925515,0.49680658347512496,0.8135114753699175,-0.31670489189479256,0,0,0,0,-137.12344269925515,0.3394602804704178,0.5377577759801953,0.6112997238076777,0.6020748225189947,
2021-12-21,2021-12-22,7190.9728,7285.7209,7190.9728,7275.4675,17621674600.0,164258060881.9,7195.9732,Development,0.013758041192980297,137.58041192980298,0.8092092565878625,0.8135114753699175,-0.004302218782055056,0,0,0,0,137.58041192980298,0.7616950986716273,0.8792562119336119,0.7386852660834297,0.8845651572483952,
2021-12-22,2021-12-23,7289.9065,7318.605,7271.8182,7302.463,17411719000.0,171088399938.4,7275.4675,Development,0.002229411310007867,22.294113100078672,0.3825874994153122,0.8135114753699175,-0.4309239759546053,0,0,0,0,22.294113100078672,0.1842954505978267,0.4939782911203547,0.5002551670973758,0.4472311746058073,
2021-12-23,2021-12-24,7306.1587,7349.9951,7290.3792,7337.19,16913176000.0,180467002801.9,7302.463,Development,0.004084348728970344,40.84348728970344,0.3499134083501813,0.8135114753699175,-0.4635980670197362,0,0,0,0,40.84348728970344,0.18602043648891187,0.4460524167418423,0.4666936335022845,0.3693698992858301,
2021-12-24,2021-12-27,7335.9996,7339.9405,7257.5267,7278.7556,16941870200.0,182681103358.1,7337.19,Development,-0.00908255229457755,-90.8255229457755,0.3764895452680882,0.8135114753699175,-0.4370219301018293,0,0,0,0,-90.8255229457755,0.20274991832147016,0.42188525278527184,0.5172025251253489,0.4727634170708465,
2021-12-27,2021-12-28,7269.37,7323.876,7255.7163,7272.7493,14861878900.0,165585648493.7,7278.7556,Development,0.0016004275473666674,16.004275473666674,0.5205165766594284,0.8135114753699175,-0.2929948987104891,0,0,0,0,16.004275473666674,0.3172551154135201,0.5493877320525548,0.6557686660797993,0.7159510369160024,
2021-12-28,2021-12-29,7281.0041,7290.5389,7240.9278,7286.0336,14326204000.0,164782846852.7,7272.7493,Development,-0.000732110561509014,-7.32110561509014,0.397834774569372,0.8135114753699175,-0.41567670080054553,0,0,0,0,-7.32110561509014,0.21750913366861138,0.40255458331203803,0.5793235221933473,0.5232200682008565,
2021-12-29,2021-12-30,7275.6736,7290.8597,7242.3024,7247.7741,13620955200.0,155743984428.4,7286.0336,Development,-0.004074165723982004,-40.74165723982004,0.3596187120771912,0.8135114753699175,-0.4538927632927263,0,0,0,0,-40.74165723982004,0.2251142262587619,0.37272586274752006,0.5071197710768506,0.4196892746437462,
2021-12-30,2021-12-31,7246.0313,7324.4981,7244.2221,7310.96,14165111100.0,158448274389.6,7247.7741,Development,0.010337382892618763,103.37382892618763,0.3425483534780428,0.8135114753699175,-0.4709631218918747,0,0,0,0,103.37382892618763,0.23778693895993924,0.35469085611082385,0.5077016449147195,0.31683120399621545,
2021-12-31,2022-01-04,7320.9363,7368.1297,7317.7047,7359.4024,14990900300.0,169456916309.8,7310.96,Development,0.009133968287635463,91.33968287635463,0.3956199666721557,0.8135114753699175,-0.4178915086977618,0,0,0,0,91.33968287635463,0.2516673599741486,0.3441524085171318,0.5649437023614855,0.5587673461038841,
2022-01-04,2022-01-05,7387.8055,7392.1023,7317.5011,7354.4562,20081001800.0,219175107618.1,7359.4024,Development,-0.005943036805719948,-59.43036805719948,0.35726181933009676,0.8135114753699175,-0.45624965603982076,0,0,0,0,-59.43036805719948,0.2552523689324592,0.3239342478488583,0.5114425533118401,0.42035664229234665,
2022-01-05,2022-01-06,7343.8995,7346.2621,7200.7314,7222.6747,19400240400.0,209809761803.8,7354.4562,Development,-0.021235257917132544,-212.35257917132543,0.41781347057719087,0.8135114753699175,-0.39569800479272665,0,0,0,0,-212.35257917132543,0.2734721469280414,0.32755072434171717,0.6229909012582794,0.6003796220572158,
2022-01-06,2022-01-07,7187.9499,7242.766,7167.8078,7229.9601,17333576500.0,179907539895.0,7222.6747,Development,0.006185185013601879,61.8518501360188,0.8974982966010605,0.8135114753699175,0.08398682123114298,1,0,0,1,61.8518501360188,0.8909686249130256,0.9337395616704361,0.831792935918152,0.9382965060057261,预测大涨
2022-01-07,2022-01-10,7232.4087,7262.805,7168.0396,7175.676,20001801100.0,202498452621.9,7229.9601,Development,-0.009812941019220922,-98.12941019220922,0.5245329464724351,0.8135114753699175,-0.28897852889748243,0,0,0,0,-98.12941019220922,0.5125724237650652,0.5095487578821692,0.5795259965862494,0.500555943352066,
2022-01-10,2022-01-11,7161.4375,7193.9224,7122.0892,7191.4511,16574887800.0,176717915891.8,7175.676,Development,0.0035716292992853393,35.7162929928534,0.8150788138475031,0.8135114753699175,0.0015673384775856114,1,0,0,1,35.7162929928534,0.8447889721956208,0.8327009437922794,0.7519538375699525,0.8079028423360265,预测大涨
2022-01-11,2022-01-12,7187.0155,7206.9187,7118.8378,7135.2232,16949456500.0,179645357798.7,7191.4511,Development,-0.003734415210319253,-37.34415210319253,0.4828223109216087,0.8135114753699175,-0.3306891644483088,0,0,0,0,-37.34415210319253,0.4910164333211249,0.5307778620644618,0.505923956503487,0.34972282364756124,
2022-01-12,2022-01-13,7160.1762,7196.9327,7148.6276,7196.9327,15605148300.0,170334290986.6,7135.2232,Development,0.006014824048603762,60.14824048603762,0.6904434156455443,0.8135114753699175,-0.12306805972437318,0,0,0,0,60.14824048603762,0.6775999275744282,0.6652575315401268,0.7040032454540575,0.7431663589944412,
2022-01-13,2022-01-14,7203.2434,7203.2434,7096.3251,7097.7594,16914896800.0,174599014140.3,7196.9327,Development,-0.019410742110977486,-194.10742110977486,0.46066161054144683,0.8135114753699175,-0.3528498648284707,0,0,0,0,-194.10742110977486,0.5005364873632999,0.4891293919661617,0.4661225029620719,0.3186001527233982,
2022-01-14,2022-01-17,7063.4231,7125.092,7052.6348,7081.1408,17559119800.0,181513954243.3,7097.7594,Development,0.0024340323036857736,24.340323036857736,0.7722850630503826,0.8135114753699175,-0.041226412319534944,0,0,0,0,24.340323036857736,0.8057983530393389,0.790236591055369,0.7141812030583211,0.7495469553042085,
2022-01-17,2022-01-18,7080.6157,7169.3446,7078.6629,7157.8593,16177971900.0,183490792953.4,7081.1408,Development,0.01165332274705988,116.5332274705988,0.5592232513348803,0.8135114753699175,-0.25428822403503726,0,0,0,0,116.5332274705988,0.5274601633326726,0.5308841268856492,0.6148050076805706,0.5998883661504013,
2022-01-18,2022-01-19,7163.1284,7191.0046,7133.1954,7163.1586,17923539100.0,195000211959.9,7157.8593,Development,-0.0026038343805200315,-26.038343805200313,0.4953821348933844,0.8135114753699175,-0.31812934047653313,0,0,0,0,-26.038343805200313,0.5120560157963796,0.4848149988446557,0.5333565002358347,0.4262278737139258,
2022-01-19,2022-01-20,7144.4768,7182.0623,7078.3609,7118.762,16317836800.0,174675276058.6,7163.1586,Development,-0.0034945456047950074,-34.945456047950074,0.47175872050084783,0.8135114753699175,-0.3417527548690697,0,0,0,0,-34.945456047950074,0.491659796944451,0.4310433724021957,0.537929934688173,0.40973537272326016,
2022-01-20,2022-01-21,7119.5101,7135.7759,7040.0143,7056.7854,16866628200.0,172753201584.8,7118.762,Development,-0.011457417554615268,-114.57417554615267,0.6486272462700264,0.8135114753699175,-0.1648842290998911,0,0,0,0,-114.57417554615267,0.6392420215132827,0.5589155062692258,0.702388106320325,0.7516452113103473,
2022-01-21,2022-01-24,7037.9389,7040.425,6965.333,6976.6155,14467978900.0,158204017340.6,7056.7854,Development,-0.01350126810563812,-135.0126810563812,0.7108676690636007,0.8135114753699175,-0.10264380630631686,0,0,0,0,-135.0126810563812,0.715730727324235,0.6719315369873292,0.7247484421874438,0.749585838347943,
2022-01-24,2022-01-25,6942.9178,7006.7008,6925.7709,6979.2456,12267956400.0,135920720796.5,6976.6155,Development,0.002459657523238956,24.59657523238956,0.5213908106489709,0.8135114753699175,-0.29212066472094667,0,0,0,0,24.59657523238956,0.5283953907424243,0.4811280109303404,0.597775666076257,0.47193680124546705,
2022-01-25,2022-01-26,6959.995,6979.483,6743.9566,6743.9566,15033724400.0,154265494910.4,6979.2456,Development,-0.028397161204857135,-283.97161204857133,0.43217414105642343,0.8135114753699175,-0.3813373343134941,0,0,0,0,-283.97161204857133,0.466798155450701,0.38789888449955223,0.4996195725551913,0.3433423411323023,
2022-01-26,2022-01-27,6762.3509,6799.8129,6721.8961,6782.5763,12061531000.0,130234705546.0,6743.9566,Development,0.0028477078880955187,28.477078880955187,0.6596523997796013,0.8135114753699175,-0.1538590755903162,0,0,0,0,28.477078880955187,0.7444767348765591,0.7040707501240712,0.6102901757186169,0.469541632679597,
2022-01-27,2022-01-28,6781.6081,6785.7265,6605.9159,6605.9159,12524375600.0,132244728276.2,6782.5763,Development,-0.01348243641504443,-134.8243641504443,0.41658744455018676,0.8135114753699175,-0.39692403081973077,0,0,0,0,-134.8243641504443,0.4379351285526555,0.39043103704056564,0.48643431560392786,0.32095788148788346,
2022-01-28,2022-02-07,6690.1755,6690.1755,6510.1811,6580.53,12708881900.0,130258015986.6,6605.9159,Development,-0.0038275976467284645,-38.27597646728464,0.44371759160380747,0.8135114753699175,-0.36979388376611005,0,0,0,0,-38.27597646728464,0.49842701009495194,0.41560821459968206,0.5236463594475224,0.2667494312822369,
2022-02-07,2022-02-08,6664.5682,6702.3323,6656.1312,6676.6122,14509261900.0,138641531840.6,6580.53,Development,0.0021638611185643697,21.638611185643697,0.4117823223612359,0.8135114753699175,-0.4017291530086816,0,0,0,0,21.638611185643697,0.43963202712176136,0.35335054198838395,0.525678590755956,0.2982499463548699,
2022-02-08,2022-02-09,6678.9894,6742.4015,6599.3668,6742.1921,15959857500.0,145458655721.1,6676.6122,Development,0.008648269452261825,86.48269452261826,0.39742721771361245,0.8135114753699175,-0.4160842576563051,0,0,0,0,86.48269452261826,0.411327611738595,0.3112893049603113,0.5175758611754602,0.3534258429687605,
2022-02-09,2022-02-10,6736.7511,6848.6947,6725.7983,6843.0271,16282272100.0,155362517482.0,6742.1921,Development,0.01549852420701714,154.98524207017138,0.37239990430179043,0.8135114753699175,-0.4411115710681271,0,0,0,0,154.98524207017138,0.41769846852446957,0.28749629173520047,0.499762808178007,0.2495977844903314,
2022-02-10,2022-02-11,6841.1608,6864.6863,6797.0071,6840.485,15491656500.0,147064848237.7,6843.0271,Development,-0.004294753603803603,-42.94753603803603,0.3876810785851117,0.8135114753699175,-0.42583039678480583,0,0,0,0,-42.94753603803603,0.42342635183870764,0.2818865638351532,0.5199148203839438,0.3150413787602536,
2022-02-11,2022-02-14,6811.7797,6840.7212,6735.894,6745.0235,15980135400.0,156700185551.4,6840.485,Development,-0.014708667105015172,-147.08667105015172,0.45017381247343397,0.8135114753699175,-0.36333766289648356,0,0,0,0,-147.08667105015172,0.40688240434982936,0.2639725611890389,0.6290879908116117,0.6220132492687903,
2022-02-14,2022-02-15,6711.5875,6765.5158,6667.4898,6695.6958,13708245900.0,132192013548.4,6745.0235,Development,-0.0016046278171892858,-16.046278171892858,0.6606205532247154,0.8135114753699175,-0.15289092214520217,0,0,0,0,-16.046278171892858,0.6967522651246721,0.5919767994755858,0.6905383229382775,0.6628303011421348,
2022-02-15,2022-02-16,6700.8179,6762.8586,6686.9491,6760.2776,11280576000.0,121268405355.2,6695.6958,Development,0.011698542054097594,116.98542054097594,0.4178247948600684,0.8135114753699175,-0.3956866805098491,0,0,0,0,116.98542054097594,0.43123831599899387,0.3295310657457051,0.5453233500646879,0.36852457498363556,
2022-02-16,2022-02-17,6779.2077,6788.3641,6751.8001,6772.0336,10841400300.0,114685136207.6,6760.2776,Development,-0.0021939731983723343,-21.93973198372334,0.36972004936809766,0.8135114753699175,-0.44379142600181987,0,0,0,0,-21.93973198372334,0.3980575275800875,0.27924362206909104,0.4756579932381014,0.3221719831196256,
2022-02-17,2022-02-18,6764.3343,6797.6154,6730.1804,6768.7888,12298508900.0,130706760947.1,6772.0336,Development,-0.00440772124464639,-44.077212446463896,0.36532359262297875,0.8135114753699175,-0.44818788274693877,0,0,0,0,-44.077212446463896,0.40035298869166275,0.267605415722955,0.4776155602471228,0.3074914800688686,
2022-02-18,2022-02-21,6734.519,6835.2033,6727.8158,6835.0217,13995263800.0,134406668671.3,6768.7888,Development,0.016120735571463873,161.20735571463874,0.37926551667142294,0.8135114753699175,-0.4342459586984946,0,0,0,0,161.20735571463874,0.4093930765495147,0.260382224122734,0.47837350085597485,0.3870167356369249,
2022-02-21,2022-02-22,6843.0844,6871.9925,6822.8758,6867.1129,14514631300.0,150072396911.2,6835.0217,Development,-0.0023436069267244175,-23.436069267244175,0.3644125550373536,0.8135114753699175,-0.44909892033256393,0,0,0,0,-23.436069267244175,0.4234314693407126,0.25582778760224906,0.47447946770471094,0.2776787002365322,
2022-02-22,2022-02-23,6827.0469,6827.0469,6743.8487,6784.7622,14860991500.0,152906258314.5,6867.1129,Development,-0.0061437544833624624,-61.43754483362463,0.4195177315421589,0.8135114753699175,-0.39399374382775865,0,0,0,0,-61.43754483362463,0.43240029861136714,0.254553944538111,0.5611073806520261,0.4861431362511076,
2022-02-23,2022-02-24,6785.1032,6889.6961,6785.1032,6887.4236,14411662000.0,159413008185.2,6784.7622,Development,0.011246446479988847,112.46446479988847,0.5177182128368081,0.8135114753699175,-0.29579326253310945,0,0,0,0,112.46446479988847,0.5336643820821576,0.3151890281861018,0.6625279517200998,0.6391452853646497,
2022-02-24,2022-02-25,6861.4115,6898.4143,6688.7529,6764.8756,21084975500.0,218057095132.3,6887.4236,Development,-0.008128662739437909,-81.28662739437908,0.3974572224450296,0.8135114753699175,-0.4160542529248879,0,0,0,0,-81.28662739437908,0.4603844706715825,0.26298144960380115,0.5360998830705804,0.3084357640756217,
2022-02-25,2022-02-28,6805.6374,6895.0443,6801.3265,6819.4311,15642913900.0,164105581755.5,6764.8756,Development,0.00379833636155813,37.9833636155813,0.9147003654720961,0.8135114753699175,0.10118889010217857,1,0,0,1,37.9833636155813,0.9599939332635855,0.9315121470548483,0.8293922375048236,0.9063295921003639,预测大涨
2022-02-28,2022-03-01,6831.4875,6853.3427,6770.0507,6853.3081,13960138800.0,148585345164.0,6819.4311,Development,0.005435756121928037,54.35756121928037,0.6582706458919637,0.8135114753699175,-0.1552408294779538,0,0,0,0,54.35756121928037,0.6134940511462156,0.657083124202283,0.6854470878705318,0.7181314649630882,
2022-03-01,2022-03-02,6868.6218,6889.3312,6837.2469,6874.0447,13771721800.0,147535308435.5,6853.3081,Development,-0.0022639621823405953,-22.639621823405953,0.3881819151141254,0.8135114753699175,-0.4253295602557921,0,0,0,0,-22.639621823405953,0.4328274095859517,0.4657365126849029,0.2782866806297824,0.3086956410286058,
2022-03-02,2022-03-03,6853.0715,6878.35,6828.0631,6875.2404,13711497800.0,140871322089.8,6874.0447,Development,0.006990412984893002,69.90412984893001,0.4293923615577646,0.8135114753699175,-0.3841191138121529,0,0,0,0,69.90412984893001,0.43986086663875607,0.4336531071732859,0.3687708574251894,0.4830450516157859,
2022-03-03,2022-03-04,6900.9773,6907.4088,6843.9865,6859.5522,18909178100.0,173516746093.0,6875.2404,Development,-0.011178489168483408,-111.78489168483408,0.42219738551612457,0.8135114753699175,-0.39131408985379296,0,0,0,0,-111.78489168483408,0.4440422992292659,0.40264449194149243,0.3976520154778002,0.4437443914340013,
2022-03-04,2022-03-07,6823.8348,6871.0857,6779.414,6803.8337,17741188200.0,165852587305.5,6859.5522,Development,-0.003380415950280602,-33.804159502806016,0.49045984479856897,0.8135114753699175,-0.32305163057134856,0,0,0,0,-33.804159502806016,0.4859476024581931,0.4243033815819112,0.5335528849501583,0.5565692401925831,
2022-03-07,2022-03-08,6800.7674,6800.8159,6628.4825,6659.3902,16648459400.0,164636761947.0,6803.8337,Development,-0.022083934233657176,-220.83934233657178,0.7337372024382464,0.8135114753699175,-0.07977427293167116,0,0,0,0,-220.83934233657178,0.7181328642084271,0.6699361331417872,0.7537284632110849,0.8510603088827622,
2022-03-08,2022-03-09,6650.5797,6665.9467,6416.8002,6429.8888,18629607900.0,184444202760.5,6659.3902,Development,-0.03118183817870801,-311.8183817870801,0.8090838095500714,0.8135114753699175,-0.004427665819846105,0,0,0,0,-311.8183817870801,0.8601891560111459,0.847730199429871,0.7142323480093853,0.7632745256490818,
2022-03-09,2022-03-10,6443.2024,6462.4778,6066.7635,6305.6093,19780274000.0,188335592554.8,6429.8888,Development,-0.0028386971050297083,-28.386971050297085,0.9030903191056951,0.8135114753699175,0.08957884373577762,1,0,0,0,-28.386971050297085,0.9545157342842964,0.9399063030605947,0.7860196098927174,0.8903555650979377,预测大涨
2022-03-10,2022-03-11,6424.9121,6475.1435,6390.7252,6414.9402,15315235500.0,158971825326.8,6305.6093,Development,-0.012720220717105102,-127.20220717105101,0.7044811097709422,0.8135114753699175,-0.10903036559897528,0,0,0,0,-127.20220717105101,0.7203879162534356,0.7979022616702102,0.5873509219729187,0.6682461383942071,
2022-03-11,2022-03-14,6343.1858,6479.7207,6270.0233,6474.1269,15211450300.0,158771247766.1,6414.9402,Development,0.011989763881739002,119.89763881739002,0.5676296699666977,0.8135114753699175,-0.2458818054032198,0,0,0,0,119.89763881739002,0.507678884155972,0.6763645268679,0.4942713386029247,0.6056067958625734,
2022-03-14,2022-03-15,6419.2391,6490.6124,6323.5779,6323.5779,13795400500.0,153706453659.8,6474.1269,Development,-0.02286811531915056,-228.68115319150562,0.3899880184439869,0.8135114753699175,-0.42352345692593063,0,0,0,0,-228.68115319150562,0.37795303964092025,0.5551437160929459,0.30990113282660886,0.23665934523872006,
2022-03-15,2022-03-16,6272.4432,6278.0688,5964.9813,5964.9813,19471374500.0,184102450787.5,6323.5779,Development,-0.03245040146397804,-324.5040146397804,0.5336565564108662,0.8135114753699175,-0.27985491895905135,0,0,0,0,-324.5040146397804,0.5745054079663192,0.6677151252272847,0.38572282932660784,0.4156591261676506,
2022-03-16,2022-03-17,6068.8999,6173.7875,5824.3301,6156.2714,17882684700.0,178613442534.0,5964.9813,Development,0.02714557872341894,271.4557872341894,0.8706748784398146,0.8135114753699175,0.05716340306989709,1,1,1,1,271.4557872341894,0.9441890909865669,0.92212583164936,0.6751519687751453,0.8932620094501815,预测大涨
2022-03-17,2022-03-18,6233.6437,6369.8884,6225.9795,6267.5244,17043854100.0,184845065443.2,6156.2714,Development,0.0025398147154287454,25.398147154287454,0.3918706342976108,0.8135114753699175,-0.4216408410723067,0,0,0,0,25.398147154287454,0.3995654472264582,0.5882485893737647,0.2240008103614643,0.262678743352742,
2022-03-18,2022-03-21,6249.476,6338.2235,6231.7261,6332.2166,15262021400.0,153302421271.9,6267.5244,Development,0.01457448592489996,145.7448592489996,0.7108523474667479,0.8135114753699175,-0.10265912790316967,0,0,0,0,145.7448592489996,0.734080040639177,0.7755958197849309,0.51792530520825,0.8134671060239502,
2022-03-21,2022-03-22,6340.5589,6389.2103,6284.8526,6358.943,15965372300.0,161774094329.4,6332.2166,Development,0.00044814661370007336,4.481466137000734,0.36497055749485,0.8135114753699175,-0.4485409178750675,0,0,0,0,4.481466137000734,0.3687160337355956,0.5438710519049504,0.1858812069037647,0.2901834123283322,
2022-03-22,2022-03-23,6343.4004,6404.827,6313.2741,6358.1093,15110787400.0,145705387844.5,6358.943,Development,0.003927262734352954,39.27262734352954,0.4357795523617956,0.8135114753699175,-0.3777319230081219,0,0,0,0,39.27262734352954,0.40588544671935034,0.524784008432188,0.28071366305306655,0.5567623265283075,
2022-03-23,2022-03-24,6368.3126,6420.1586,6353.3361,6398.1009,14317935800.0,141684925864.7,6358.1093,Development,0.0004174418196742913,4.174418196742913,0.39262968389355035,0.8135114753699175,-0.4208817914763672,0,0,0,0,4.174418196742913,0.3496803026211109,0.46258543887111053,0.2847561054667884,0.5098007182235511,
2022-03-24,2022-03-25,6370.971,6384.4046,6315.1424,6344.115,13774908600.0,139175992839.2,6398.1009,Development,-0.0038079595716256076,-38.07959571625608,0.373704674183912,0.8135114753699175,-0.4398068011860055,0,0,0,0,-38.07959571625608,0.3595464812940502,0.43125697618238235,0.2504302278264673,0.4725766693190317,
2022-03-25,2022-03-28,6346.7106,6373.4658,6268.2376,6268.2376,13497225600.0,135181835619.8,6344.115,Development,-0.0183700671651863,-183.700671651863,0.3718628532491014,0.8135114753699175,-0.4416486221208161,0,0,0,0,-183.700671651863,0.39401116461095753,0.407186067477555,0.2733959447935429,0.3983740658317564,
2022-03-28,2022-03-29,6230.1211,6322.1284,6176.2482,6283.2814,14485788700.0,136991737399.1,6268.2376,Development,0.009527021874422337,95.27021874422337,0.39295191212173874,0.8135114753699175,-0.4205595632481788,0,0,0,0,95.27021874422337,0.4457618477545957,0.4234197542274117,0.3300751635176211,0.3138676045476517,
2022-03-29,2022-03-30,6289.4756,6316.3129,6233.2822,6253.0692,14136212400.0,140401394967.6,6283.2814,Development,-0.00277827614117776,-27.7827614117776,0.36546489006209765,0.8135114753699175,-0.4480465853078199,0,0,0,0,-27.7827614117776,0.3847922612172699,0.36005508991270846,0.3231528465308983,0.3920404364741866,
2022-03-30,2022-03-31,6272.0017,6377.8744,6261.8037,6377.8744,16401457500.0,155600799511.1,6253.0692,Development,0.014206293981074758,142.0629398107476,0.37282488772317873,0.8135114753699175,-0.4406865876467388,0,0,0,0,142.0629398107476,0.4086948108394072,0.36046193847245495,0.2998195890963087,0.418618747901906,
2022-03-31,2022-04-01,6361.1036,6383.0744,6313.9663,6324.9609,17690394800.0,167072822890.9,6377.8744,Development,-0.011273767023696979,-112.73767023696979,0.30854960523196284,0.8135114753699175,-0.5049618701379547,0,0,0,0,-112.73767023696979,0.37790867017224516,0.31938322526974816,0.23681444503738416,0.2408386024352846,
2022-04-01,2022-04-06,6289.39,6373.2603,6274.0006,6364.5206,17512859600.0,154551712332.6,6324.9609,Development,0.011704155728933907,117.04155728933907,0.510299411845408,0.8135114753699175,-0.3032120635245096,0,0,0,0,117.04155728933907,0.5167613897220725,0.4210002867673695,0.4632845096301737,0.7174866682900098,
2022-04-06,2022-04-07,6363.002,6363.002,6279.0719,6356.9271,19685358400.0,169525010204.0,6364.5206,Development,-0.006473893926168817,-64.73893926168816,0.3306451207513662,0.8135114753699175,-0.4828663546185513,0,0,0,0,-64.73893926168816,0.38432610652925603,0.31954953479127784,0.24820069885991045,0.3493513815042563,
2022-04-07,2022-04-08,6321.8086,6364.6276,6221.5908,6221.5908,19076219200.0,163735810257.4,6356.9271,Development,-0.014966191795177108,-149.66191795177107,0.3171580843157934,0.8135114753699175,-0.4963533910541241,0,0,0,0,-149.66191795177107,0.37229961740622675,0.29980746459562513,0.24490202689159576,0.3296979899671885,
2022-04-08,2022-04-11,6227.1952,6237.9145,6117.0139,6224.1167,18395489200.0,159245297292.2,6221.5908,Development,-0.004042365654444269,-40.423656544442686,0.802439771982658,0.8135114753699175,-0.01107170338725949,0,0,0,0,-40.423656544442686,0.8973018442879476,0.8323401626125869,0.5817554157049333,0.8519731746134134,
2022-04-11,2022-04-12,6202.0226,6202.0226,6001.5658,6029.8935,17838481200.0,162201440592.2,6224.1167,Development,-0.02940155361575114,-294.0155361575114,0.34014685312582127,0.8135114753699175,-0.47336462224409626,0,0,0,0,-294.0155361575114,0.3600644559327449,0.3919908731363322,0.23092237247676395,0.35727857303516797,
2022-04-12,2022-04-13,6019.6735,6135.5702,5964.3887,6126.9065,17318018800.0,151432386370.2,6029.8935,Development,0.012460974835263094,124.60974835263094,0.7178679414172078,0.8135114753699175,-0.09564353395270975,0,0,0,0,124.60974835263094,0.804559832181024,0.780004859021233,0.4633177282824748,0.7749146107973122,
2022-04-13,2022-04-14,6094.6845,6129.6592,6039.9234,6044.3263,16704306000.0,147270109711.9,6126.9065,Development,-0.003371839838469004,-33.71839838469004,0.3278581022245001,0.8135114753699175,-0.4856533731454174,0,0,0,0,-33.71839838469004,0.357477323830737,0.4328550883592298,0.18797681324924786,0.2735093029164414,
2022-04-14,2022-04-15,6074.1342,6156.4962,6060.6813,6126.4902,15903310600.0,147089465759.8,6044.3263,Development,0.0032906253536511,32.906253536511,0.5229813340122849,0.8135114753699175,-0.29053014135763267,0,0,0,0,32.906253536511,0.5656529452306852,0.5953336102875182,0.3152123414453342,0.5913700414710825,
2022-04-15,2022-04-18,6094.1219,6122.2895,6048.1602,6070.7489,18462700000.0,162170121562.1,6126.4902,Development,-0.012239893002468527,-122.39893002468527,0.40363688137172643,0.8135114753699175,-0.4098745939981911,0,0,0,0,-122.39893002468527,0.38827556458352486,0.43867846674616523,0.26933843973281857,0.5596172623948852,
2022-04-18,2022-04-19,6019.5305,6094.6714,5975.4455,6074.0069,14918638000.0,131553629165.0,6070.7489,Development,0.007965571401291172,79.65571401291172,0.5009736193356333,0.8135114753699175,-0.3125378560342842,0,0,0,0,79.65571401291172,0.4932550077188304,0.49297808635662776,0.4062671198721113,0.6615892884969425,
2022-04-19,2022-04-20,6067.4795,6106.9313,6052.0964,6092.3963,14199753400.0,129227432636.5,6074.0069,Development,0.0025270295515624763,25.270295515624763,0.29950114653101456,0.8135114753699175,-0.514010328838903,0,0,0,0,25.270295515624763,0.3477306915025727,0.3406487262892028,0.24540073262441042,0.19939316801120463,
2022-04-20,2022-04-21,6082.8122,6093.7827,5942.0045,5956.9208,15105560300.0,134720863250.9,6092.3963,Development,-0.02449912887331951,-244.9912887331951,0.30487680922343374,0.8135114753699175,-0.5086346661464838,0,0,0,0,-244.9912887331951,0.3487457530705861,0.31495232703813436,0.26457126286717114,0.24944327361237012,
2022-04-21,2022-04-22,5933.7886,5971.1943,5742.4182,5759.8013,15785450500.0,135625763585.4,5956.9208,Development,-0.03464828524561858,-346.4828524561858,0.381517923829566,0.8135114753699175,-0.4319935515403515,0,0,0,0,-346.4828524561858,0.4894626166746938,0.39748381595570426,0.3047398459928439,0.22976499733842018,
2022-04-22,2022-04-25,5728.193,5794.3351,5667.3384,5740.9844,13999759800.0,120243690113.6,5759.8013,Development,-0.01253433674458948,-125.3433674458948,0.41232226977827496,0.8135114753699175,-0.40118920559164256,0,0,0,0,-125.3433674458948,0.5386485889092206,0.4310879899114606,0.30532189753096767,0.25816434323198784,
2022-04-25,2022-04-26,5656.3939,5656.3939,5369.7171,5369.7171,18675348000.0,150663973302.5,5740.9844,Development,-0.04987967687328143,-498.7967687328143,0.26941828962008496,0.8135114753699175,-0.5440931857498326,0,0,0,0,-498.7967687328143,0.3412069928972444,0.2751711456139742,0.2107970771605906,0.18740396429861952,
2022-04-26,2022-04-27,5374.2548,5434.7038,5225.2065,5234.0059,17129943300.0,139143826428.0,5369.7171,Development,-0.036325724638139545,-363.2572463813955,0.7008052319123623,0.8135114753699175,-0.1127062434575552,0,0,0,0,-363.2572463813955,0.8611393085690217,0.7726947039978667,0.43123897859259414,0.6049423411820088,
2022-04-27,2022-04-28,5179.0311,5440.0693,5158.476,5437.0374,17969338400.0,148165593331.4,5234.0059,Development,0.04245450466594036,424.5450466594036,0.5174820168883908,0.8135114753699175,-0.29602945848152673,0,1,0,0,424.5450466594036,0.6648889162193029,0.5856964564589883,0.2865470638940097,0.4024026469289306,
2022-04-28,2022-04-29,5398.9043,5472.8233,5339.6085,5418.7641,15503977300.0,133023979699.0,5437.0374,Development,0.011115273889926058,111.15273889926058,0.24007100052805222,0.8135114753699175,-0.5734404748418653,0,0,0,0,111.15273889926058,0.3154919745178463,0.2806841668340541,0.13655531729343048,0.15106245421184133,
2022-04-29,2022-05-05,5458.9146,5630.9326,5443.6651,5627.9021,18128951200.0,157723206297.8,5418.7641,Development,0.02813412761577183,281.3412761577183,0.28243183279473805,0.8135114753699175,-0.5310796425751795,0,1,0,0,281.3412761577183,0.33150869134232835,0.27763537890367074,0.20348148554478207,0.29509403015916585,
2022-05-05,2022-05-06,5612.4964,5728.6163,5606.9405,5686.7023,16864320800.0,153614014864.4,5627.9021,Development,-0.009179622814546429,-91.79622814546428,0.24149673661745466,0.8135114753699175,-0.5720147387524629,0,0,0,0,-91.79622814546428,0.32104336053630156,0.25866537335616646,0.14497541100388336,0.1751318692158199,
2022-05-06,2022-05-09,5560.9758,5629.647,5542.1811,5563.7693,15299334100.0,128084917441.6,5686.7023,Development,-0.0015285446845498818,-15.285446845498818,0.39475474069880817,0.8135114753699175,-0.41875673467110935,0,0,0,0,-15.285446845498818,0.40636086931822984,0.3166243068302594,0.3776241525305334,0.5303745353838752,
2022-05-09,2022-05-10,5552.4756,5626.5906,5537.9754,5608.5162,13155392900.0,114555068564.0,5563.7693,Development,-0.0035795744874592694,-35.79574487459269,0.32044202027647045,0.8135114753699175,-0.4930694550934471,0,0,0,0,-35.79574487459269,0.37209294173719554,0.28324954858137324,0.320426445421955,0.2757920530638084,
2022-05-10,2022-05-11,5532.6001,5698.5144,5519.4721,5690.0868,16532961300.0,141136837683.5,5608.5162,Development,0.029792375559549278,297.92375559549276,0.26671674771744314,0.8135114753699175,-0.5467947276524744,0,1,0,0,297.92375559549276,0.3166382623369568,0.2439596582923012,0.26561997107033597,0.2019665035347472,
2022-05-11,2022-05-12,5697.4294,5856.1924,5696.7023,5737.8173,18516362700.0,172855135622.5,5690.0868,Development,0.0017773805147984767,17.773805147984767,0.29925189700111354,0.8135114753699175,-0.514259578368804,0,0,0,0,17.773805147984767,0.3288179538689041,0.24841972839648055,0.37657929366284326,0.21905515080528776,
2022-05-12,2022-05-13,5707.5559,5779.3195,5687.175,5743.1007,13921616900.0,125952896230.6,5737.8173,Development,0.010120146173250744,101.20146173250744,0.7054987586959995,0.8135114753699175,-0.10801271667391799,0,0,0,0,101.20146173250744,0.7447139327714863,0.5842165717592578,0.7246389341145779,0.8080925997243426,
2022-05-13,2022-05-16,5765.3172,5796.8014,5731.8598,5796.8014,13655977500.0,116785287132.3,5743.1007,Development,0.012995954498392637,129.95954498392638,0.3088724508313144,0.8135114753699175,-0.5046390245386031,0,0,0,0,129.95954498392638,0.35448461645313645,0.2552292897898231,0.34742925262473867,0.252806528241594,
2022-05-16,2022-05-17,5840.243,5855.7226,5767.5448,5791.0809,15138727500.0,132450886599.5,5796.8014,Development,-0.008617329792613204,-86.17329792613204,0.3015875652684668,0.8135114753699175,-0.5119239101014508,0,0,0,0,-86.17329792613204,0.3544736622189003,0.25344449372347805,0.3191244476175507,0.24934177122253537,
2022-05-17,2022-05-18,5789.9157,5816.3379,5724.4448,5816.3379,13082939100.0,119260447955.2,5791.0809,Development,0.004436938520538503,44.36938520538503,0.33763108646539597,0.8135114753699175,-0.47588038890452156,0,0,0,0,44.36938520538503,0.3642303309086757,0.25808717801364,0.4016216943774603,0.3323224459349111,
2022-05-18,2022-05-19,5815.6052,5846.844,5785.4545,5797.4896,12724384500.0,114319973944.7,5816.3379,Development,-0.018365173756980657,-183.65173756980658,0.29899387895185575,0.8135114753699175,-0.5145175964180617,0,0,0,0,-183.65173756980658,0.3567254256227785,0.2557943680656069,0.3221373529630352,0.2200912095617087,
2022-05-19,2022-05-20,5708.8006,5838.4074,5700.1061,5838.4074,13662374000.0,122730054522.0,5797.4896,Development,0.02543676162029551,254.3676162029551,0.3339479462786099,0.8135114753699175,-0.4795635290913076,0,1,0,0,254.3676162029551,0.36289114824362007,0.2588720560128834,0.4538369061482123,0.23897913024728143,
2022-05-20,2022-05-23,5854.014,5929.5421,5849.7614,5929.4882,16572732900.0,151890808353.4,5838.4074,Development,0.01488349703297609,148.8349703297609,0.3319050144986437,0.8135114753699175,-0.48160646087127384,0,0,0,0,148.8349703297609,0.36589130206009657,0.2620935635965473,0.4472844792746185,0.22320742844225946,
2022-05-23,2022-05-24,5941.1422,5968.851,5908.6589,5965.7277,15387601700.0,143376161124.0,5929.4882,Development,0.0035357847519623675,35.357847519623675,0.34149850884048666,0.8135114753699175,-0.47201296652943087,0,0,0,0,35.357847519623675,0.3746455903338545,0.266153823963072,0.4359684927145854,0.27301793137566965,
2022-05-24,2022-05-25,5962.1488,5967.2326,5745.6751,5745.6751,17754083400.0,161859191392.5,5965.7277,Development,-0.037052748498997534,-370.52748498997533,0.37103403603540813,0.8135114753699175,-0.4424774393345094,0,0,0,0,-370.52748498997533,0.3872832527047974,0.27111719190224637,0.47380305166434034,0.37005153135620694,
2022-05-25,2022-05-26,5741.2348,5844.282,5736.1388,5844.2546,14359063500.0,126687497293.5,5745.6751,Development,0.018600719831211032,186.00719831211032,0.817948853163391,0.8135114753699175,0.004437377793473529,1,1,1,1,186.00719831211032,0.922472177874282,0.7942772276651539,0.7538523455549967,0.7253948307362051,预测大涨
2022-05-26,2022-05-27,5848.0259,5928.7066,5780.9701,5911.5607,16235036200.0,142667052821.1,5844.2546,Development,0.012535118902260889,125.35118902260889,0.35968850681701336,0.8135114753699175,-0.45382296855290416,0,0,0,0,125.35118902260889,0.4248559849039706,0.3152381944869058,0.3996882534746216,0.2439960108057062,
2022-05-27,2022-05-30,5921.3316,5952.615,5854.61,5899.915,14340686200.0,128502607015.8,5911.5607,Development,-0.00052162253503929,-5.2162253503929,0.4034689923227842,0.8135114753699175,-0.4100424830471333,0,0,0,0,-5.2162253503929,0.4469661472821779,0.3242902795185033,0.4722987209909014,0.3549594085229031,
2022-05-30,2022-05-31,5918.2429,5942.9969,5867.1924,5942.8317,13385264700.0,124183592946.5,5899.915,Development,0.003739201038875928,37.392010388759275,0.384837533450693,0.8135114753699175,-0.42867394191922453,0,0,0,0,37.392010388759275,0.43641889773293546,0.3117512642156628,0.43062553303126133,0.3401696060889492,
2022-05-31,2022-06-01,5940.3724,6033.4732,5902.2751,6026.2373,15594491800.0,147825250552.3,5942.8317,Development,0.011510978671976924,115.10978671976923,0.2729233901908325,0.8135114753699175,-0.540588085179085,0,0,0,0,115.10978671976923,0.15724537759434293,0.30580631433826033,0.39630282803928224,0.2915473226587556,
2022-06-01,2022-06-02,6008.7519,6042.3715,5970.493,6023.644,15536577300.0,143127245305.2,6026.2373,Development,-0.0013537420308534776,-13.537420308534776,0.2936467022546735,0.8135114753699175,-0.519864773115244,0,0,0,0,-13.537420308534776,0.1780053784441423,0.310654591154285,0.4368096130673969,0.31277170741023724,
2022-06-02,2022-06-06,6000.6176,6084.3166,5987.6409,6078.4349,15957167500.0,150036301464.4,6023.644,Development,0.013209940256816433,132.09940256816432,0.3583565760329128,0.8135114753699175,-0.4551548993370047,0,0,0,0,132.09940256816432,0.18838512539286298,0.3056578875594331,0.5422130936158317,0.5589659017950946,
2022-06-06,2022-06-07,6079.8854,6194.4258,6070.707,6187.4441,18267996300.0,180119370874.6,6078.4349,Development,0.017548258393159877,175.48258393159875,0.3356185794186912,0.8135114753699175,-0.4778928959512263,0,1,0,0,175.48258393159875,0.20592206109389152,0.3112547965706018,0.5646734689507646,0.3389098277364456,
2022-06-07,2022-06-08,6186.5768,6199.7233,6136.0388,6186.5672,17731171800.0,169115475173.6,6187.4441,Development,-0.0002612753469737328,-2.612753469737328,0.2216872120348507,0.8135114753699175,-0.5918242633350668,0,0,0,0,-2.612753469737328,0.22900227361940534,0.32657731248324673,0.004374439209345919,0.321390093018048,
2022-06-08,2022-06-09,6184.9604,6227.3285,6110.0604,6217.8276,18642886400.0,176670594408.9,6186.5672,Development,0.0036809936568067414,36.809936568067414,0.2547226418536431,0.8135114753699175,-0.5587888335162745,0,0,0,0,36.809936568067414,0.22345218630500863,0.3094529060505952,0.016308672669838115,0.5532136051775568,
2022-06-09,2022-06-10,6207.7272,6209.1099,6088.4637,6130.6862,17212977500.0,160399014376.8,6217.8276,Development,-0.020011559141967505,-200.11559141967504,0.23742277180902985,0.8135114753699175,-0.5760887035608877,0,0,0,0,-200.11559141967504,0.24702707446822678,0.327011465640206,0.025699093353612694,0.3513534723298765,
2022-06-10,2022-06-13,6083.5009,6250.3633,6078.7845,6240.1032,19254134000.0,178686545011.3,6130.6862,Development,0.01730329324024593,173.03293240245932,0.4485316628182686,0.8135114753699175,-0.3649798125516489,0,1,0,0,173.03293240245932,0.4569826248644448,0.5667142298431345,0.05514995435298029,0.7646537253164005,
2022-06-13,2022-06-14,6188.7655,6250.6808,6172.9148,6233.6194,18813239700.0,197652384588.3,6240.1032,Development,-0.004386302890293736,-43.86302890293736,0.24927789964964406,0.8135114753699175,-0.5642335757202734,0,0,0,0,-43.86302890293736,0.263745062292589,0.3567771780927672,0.04866949408733454,0.30624799940609604,
2022-06-14,2022-06-15,6161.6197,6278.9724,6061.1905,6275.5652,19740316500.0,196166211157.9,6233.6194,Development,0.018461233496770202,184.61233496770203,0.281734321739997,0.8135114753699175,-0.5317771536299205,0,1,0,0,184.61233496770203,0.2533838219121304,0.3332093395055599,0.07175333610081865,0.540621708038349,
2022-06-15,2022-06-16,6275.3708,6398.3587,6261.0394,6261.0613,23814076500.0,231704740913.9,6275.5652,Development,-0.0020849285909926296,-20.849285909926294,0.2371904801562652,0.8135114753699175,-0.5763209952136523,0,0,0,0,-20.849285909926294,0.25999003007770477,0.329844631565197,0.0713420586274659,0.25463825120967454,
2022-06-16,2022-06-17,6262.2871,6330.3502,6242.3287,6264.822,19461508300.0,200890496403.0,6261.0613,Development,-0.006659531786717299,-66.59531786717298,0.5493095234487901,0.8135114753699175,-0.2642019519211274,0,0,0,0,-66.59531786717298,0.525034976054942,0.6597814456134375,0.16212061465227617,0.9399518224677911,
2022-06-17,2022-06-20,6220.5832,6328.3614,6181.8541,6316.3092,16785912900.0,188555335283.8,6264.822,Development,0.016529414798278186,165.29414798278185,0.601621777794346,0.8135114753699175,-0.21188969757557152,0,1,0,0,165.29414798278185,0.5393089034223474,0.38096697170770566,0.7652892989983671,0.8951397048309349,
2022-06-20,2022-06-21,6323.4058,6359.0,6277.2155,6330.3942,17520714600.0,202463104716.5,6316.3092,Development,0.0002268872258679444,2.268872258679444,0.4988995056151261,0.8135114753699175,-0.31461196975479144,0,0,0,0,2.268872258679444,0.4992066660593285,0.37753780776366747,0.6592660841212692,0.49012571546530165,
2022-06-21,2022-06-22,6324.8405,6337.0828,6215.292,6277.0014,16446163000.0,178813382248.4,6330.3942,Development,-0.0067943689647194105,-67.9436896471941,0.5600420502783869,0.8135114753699175,-0.2534694250915306,0,0,0,0,-67.9436896471941,0.5035484397282574,0.39034255770789245,0.7136974359842709,0.765788929350187,
2022-06-22,2022-06-23,6281.8672,6285.6521,6176.8507,6179.57,15409431800.0,164240856131.8,6277.0014,Development,-0.015103805441795903,-151.03805441795905,0.6747878602345148,0.8135114753699175,-0.13872361513540277,0,0,0,0,-151.03805441795905,0.642131367231145,0.5873188715090009,0.7334352997767185,0.8166134087657938,
2022-06-23,2022-06-24,6186.9871,6300.4746,6142.9367,6300.4746,16826604400.0,179525605665.7,6179.57,Development,0.019369993514290584,193.69993514290584,0.7379012913641804,0.8135114753699175,-0.07561018400573716,0,1,0,0,193.69993514290584,0.7451496188653831,0.7778666126628913,0.7065444938331,0.695674879756616,
2022-06-24,2022-06-27,6306.829,6378.498,6304.0817,6368.2827,15771270400.0,181995576916.7,6300.4746,Development,0.014512935105740254,145.12935105740254,0.4809996254441643,0.8135114753699175,-0.3325118499257532,0,0,0,0,145.12935105740254,0.4625610161303547,0.448104939843159,0.626883419859516,0.37715715271665967,
2022-06-27,2022-06-28,6398.3596,6449.3379,6390.2849,6407.7447,16891819100.0,201652930730.9,6368.2827,Development,0.002200626548092055,22.00626548092055,0.5276247856012642,0.8135114753699175,-0.2858866897686533,0,0,0,0,22.00626548092055,0.4801186492733747,0.4461295685324836,0.6611642157137272,0.5875752387637588,
2022-06-28,2022-06-29,6412.44,6506.665,6392.1091,6501.352,17058271100.0,196479374873.5,6407.7447,Development,0.010406366375357967,104.06366375357968,0.5602801038973692,0.8135114753699175,-0.25323137147254837,0,0,0,0,104.06366375357968,0.5358653476864395,0.4908191377982106,0.6680066487621668,0.5855941523300248,
2022-06-29,2022-06-30,6479.1702,6501.3927,6370.0158,6374.2974,19072830800.0,215976296586.3,6501.352,Development,-0.014501193378127275,-145.01193378127275,0.49537106257016067,0.8135114753699175,-0.31814041279975686,0,0,0,0,-145.01193378127275,0.48743941275184527,0.4243860304176768,0.6396597535127773,0.43805267465482933,
2022-06-30,2022-07-01,6385.2145,6493.0905,6385.2145,6454.0778,16384677500.0,193598970720.0,6374.2974,Development,0.010263695918124593,102.63695918124594,0.9182516617914629,0.8135114753699175,0.10474018642154537,1,0,0,1,102.63695918124594,0.9605406256027668,0.9576083378280024,0.7929321454416838,0.9318277656094446,预测大涨
2022-07-01,2022-07-04,6450.7504,6481.1493,6423.8571,6438.5375,14420464300.0,172657742424.2,6454.0778,Development,-0.0008798666276097489,-8.798666276097489,0.6708818106617621,0.8135114753699175,-0.1426296647081554,0,0,0,0,-8.798666276097489,0.5977927658192888,0.6957940923502482,0.7136549876201252,0.723786419679418,
2022-07-04,2022-07-05,6445.0746,6524.295,6405.3788,6523.1311,15781996900.0,193784450973.9,6438.5375,Development,0.014023064992917389,140.2306499291739,0.553963502063142,0.8135114753699175,-0.2595479733067755,0,0,0,0,140.2306499291739,0.4777711534970468,0.5800499836159412,0.6647626560307934,0.5178720633431754,
2022-07-05,2022-07-06,6535.4543,6548.3018,6435.7372,6511.5297,18662546900.0,206724929047.1,6523.1311,Development,-0.0071048771620972895,-71.0487716209729,0.5124941194301458,0.8135114753699175,-0.30101735593977175,0,0,0,0,-71.0487716209729,0.4753783144264713,0.5416368442901637,0.6291708216717365,0.379934970975735,
2022-07-06,2022-07-07,6489.0207,6496.972,6359.4656,6418.5453,17710450200.0,188283101873.7,6511.5297,Development,-0.011498252733266767,-114.98252733266767,0.5952786048986642,0.8135114753699175,-0.21823287047125328,0,0,0,0,-114.98252733266767,0.5206180526482314,0.548738662683354,0.7015736353768963,0.6892215104000576,
2022-07-07,2022-07-08,6414.4083,6482.4181,6380.1669,6452.9863,15735112300.0,176906222167.7,6418.5453,Development,0.009959266235047837,99.59266235047836,0.7785719529100833,0.8135114753699175,-0.03493952245983423,0,0,0,0,99.59266235047836,0.7622294395506194,0.7834453396054709,0.7505646040418325,0.8432814717758604,
2022-07-08,2022-07-11,6478.2911,6490.1491,6404.1612,6404.4393,15098669800.0,171162738886.7,6452.9863,Development,-0.014022494296373922,-140.2249429637392,0.5804654022897031,0.8135114753699175,-0.2330460730802144,0,0,0,0,-140.2249429637392,0.49780928859891105,0.5613871680080083,0.6856398376233266,0.6448817052918698,
2022-07-11,2022-07-12,6387.4493,6387.4493,6274.7378,6319.1402,15199366600.0,169420490499.2,6404.4393,Development,-0.010891859446931385,-108.91859446931385,0.6315502311966954,0.8135114753699175,-0.18196124417322213,0,0,0,0,-108.91859446931385,0.603239999289995,0.6292735023945056,0.6873510566528966,0.6189676143999887,
2022-07-12,2022-07-13,6317.8781,6346.514,6238.5626,6241.4793,14451309200.0,162745221371.3,6319.1402,Development,-0.012535506185217482,-125.35506185217483,0.6376464575260483,0.8135114753699175,-0.1758650178438692,0,0,0,0,-125.35506185217483,0.6033305654691808,0.6373317587768408,0.6825623246299658,0.6493591336901179,
2022-07-13,2022-07-14,6238.6803,6287.6398,6207.7219,6268.4943,14271072300.0,148941203951.1,6241.4793,Development,0.004615078608852574,46.15078608852574,0.6154268252870597,0.8135114753699175,-0.1980846500828578,0,0,0,0,46.15078608852574,0.6092192937180957,0.6447100838321335,0.6574187617295971,0.5196332148087399,
2022-07-14,2022-07-15,6267.4723,6339.4222,6254.6817,6302.4319,14035405000.0,156034965327.2,6268.4943,Development,0.001947260301413678,19.47260301413678,0.5130887141208759,0.8135114753699175,-0.30042276124904166,0,0,0,0,19.47260301413678,0.4503269098936179,0.487517983123804,0.6374743824030656,0.5201760334606631,
2022-07-15,2022-07-18,6279.6767,6323.5345,6196.7999,6196.7999,15838682800.0,169165272836.9,6302.4319,Development,-0.01012423139554297,-101.24231395542971,0.5104731774231172,0.8135114753699175,-0.3030382979468004,0,0,0,0,-101.24231395542971,0.46715319931972815,0.46445848114192323,0.6357076014927031,0.5108565162892273,
2022-07-18,2022-07-19,6216.0998,6315.6563,6200.5203,6312.3557,15914462400.0,163899480504.9,6196.7999,Development,0.016527646483410763,165.27646483410763,0.7425557303967024,0.8135114753699175,-0.0709557449732151,0,1,0,0,165.27646483410763,0.7854802100501788,0.7870222065426206,0.6824911512587298,0.6561136741924202,
2022-07-19,2022-07-20,6318.8373,6347.2428,6283.4024,6335.7093,14638478000.0,163012682490.6,6312.3557,Development,0.005406975742198616,54.06975742198617,0.4697934872063781,0.8135114753699175,-0.34371798816353943,0,0,0,0,54.06975742198617,0.4405749904680987,0.47486157241489946,0.5959242884623335,0.3495837919333705,
2022-07-20,2022-07-21,6353.0031,6416.8716,6351.8184,6410.7088,14293257300.0,157782312749.0,6335.7093,Development,0.0074079926074646085,74.07992607464608,0.5080847502610761,0.8135114753699175,-0.3054267251088414,0,0,0,0,74.07992607464608,0.43966187376202687,0.43420765464557143,0.6468294400905228,0.5919943316332001,
2022-07-21,2022-07-22,6400.0661,6408.458,6347.5984,6347.5984,14821018400.0,163172754178.8,6410.7088,Development,-0.007209519289183675,-72.09519289183675,0.4811953512252385,0.8135114753699175,-0.33231612414467904,0,0,0,0,-72.09519289183675,0.45065950356575746,0.3995143768719092,0.6226626098502845,0.49450825201052356,
2022-07-22,2022-07-25,6353.9247,6371.3183,6236.343,6289.5325,13062066900.0,143788393867.5,6347.5984,Development,-0.008943322856816205,-89.43322856816205,0.4975761633095938,0.8135114753699175,-0.3159353120603237,0,0,0,0,-89.43322856816205,0.49245335150282427,0.40874572913339613,0.6425429324795868,0.46458609059858474,
2022-07-25,2022-07-26,6297.0995,6319.1797,6213.4739,6231.2355,12945802900.0,139714096679.5,6289.5325,Development,-0.009193232535074314,-91.93232535074314,0.46695819060028515,0.8135114753699175,-0.3465532847696324,0,0,0,0,-91.93232535074314,0.47742623520133876,0.38288672035423194,0.6144375894700852,0.38905449530766384,
2022-07-26,2022-07-27,6239.2088,6319.2494,6213.8365,6307.956,11727654100.0,129165891647.9,6231.2355,Development,0.010001187971141468,100.01187971141468,0.45686706624038614,0.8135114753699175,-0.3566444091295314,0,0,0,0,100.01187971141468,0.47826000304944766,0.36292571691152975,0.6087371399686261,0.366983085470299,
2022-07-27,2022-07-28,6301.6083,6344.207,6286.3516,6332.2327,12043512700.0,133249678638.3,6307.956,Development,0.009468154344026702,94.68154344026702,0.42522375812237556,0.8135114753699175,-0.38828771724754196,0,0,0,0,94.68154344026702,0.44474916823158966,0.318483340812683,0.5942503667695967,0.33811640504232815,
2022-07-28,2022-07-29,6361.2729,6393.7268,6339.5502,6348.1655,13847342900.0,152662265342.6,6332.2327,Development,-0.0007470989021709507,-7.4709890217095065,0.43970992580935025,0.8135114753699175,-0.37380154956056727,0,0,0,0,-7.4709890217095065,0.45317626503293446,0.30251058273986,0.5976216358991441,0.43406420395737527,
2022-07-29,2022-08-01,6356.5204,6365.2595,6285.7193,6294.1144,13792579200.0,152961332812.8,6348.1655,Development,-0.009932682667076809,-99.32682667076809,0.446206041806972,0.8135114753699175,-0.36730543356294554,0,0,0,0,-99.32682667076809,0.4618887639357589,0.29447095523889405,0.6220009359333469,0.43669867935367046,
2022-08-01,2022-08-02,6293.3831,6350.0383,6253.0553,6347.2211,12867901200.0,151348904696.9,6294.1144,Development,-0.0007590035318206789,-7.590035318206789,0.48088756849250447,0.8135114753699175,-0.33262390687741306,0,0,0,0,-7.590035318206789,0.5063163450484565,0.3361445691786589,0.6281950830176868,0.47760383463821027,
2022-08-02,2022-08-03,6288.6064,6288.6064,6095.0566,6169.9961,18290253900.0,192873382570.5,6347.2211,Development,-0.018603358607401477,-186.03358607401478,0.41950592432295564,0.8135114753699175,-0.3940055510469619,0,0,0,0,-186.03358607401478,0.44264577078000844,0.2843612853424383,0.5926107129907954,0.368817784399344,
2022-08-03,2022-08-04,6171.6172,6261.9097,6111.2198,6124.3146,14721340900.0,175544841793.6,6169.9961,Development,-0.0018035467267800698,-18.035467267800698,0.8696497544430102,0.8135114753699175,0.056138279073092656,1,0,0,0,-18.035467267800698,0.9194326854291418,0.894394038862394,0.7436707158748518,0.8937797063947769,预测大涨
2022-08-04,2022-08-05,6160.4864,6177.6166,6080.101,6158.7346,11364638100.0,137805652801.6,6124.3146,Development,0.0024339149584031716,24.339149584031716,0.6882871464797115,0.8135114753699175,-0.12522432889020607,0,0,0,0,24.339149584031716,0.6922462784518185,0.7189913848272135,0.6672635443450797,0.6550490268659742,
2022-08-05,2022-08-08,6175.4805,6274.2729,6163.5051,6270.5113,12428444800.0,150450721916.0,6158.7346,Development,0.01474975105176024,147.4975105176024,0.4562542462284283,0.8135114753699175,-0.3572572291414892,0,0,0,0,147.4975105176024,0.42050649171397886,0.4642938328986559,0.5808867805324875,0.3467792132306534,
2022-08-08,2022-08-09,6266.5673,6324.3401,6249.6163,6323.0746,11613293400.0,149909676464.1,6270.5113,Development,0.00758581177289841,75.8581177289841,0.4479907596337012,0.8135114753699175,-0.3655207157362163,0,0,0,0,75.8581177289841,0.4265108089621079,0.4262837889908847,0.5835893693515732,0.3451747650736918,
2022-08-09,2022-08-10,6314.1043,6344.84,6290.8724,6341.4806,11696665300.0,148682025631.8,6323.0746,Development,0.0027412597539766548,27.412597539766548,0.4423701908324957,0.8135114753699175,-0.37114128453742184,0,0,0,0,27.412597539766548,0.42280858554356754,0.39150391307702803,0.577526404513644,0.3871147943319574,
2022-08-10,2022-08-11,6331.4129,6362.2914,6298.8613,6322.0558,11889992800.0,153411737859.6,6341.4806,Development,0.0028561081524156595,28.561081524156595,0.454814281710158,0.8135114753699175,-0.35869719365975955,0,0,0,0,28.561081524156595,0.4285810405299792,0.36272359129555265,0.5903801951098605,0.4853154965190061,
2022-08-11,2022-08-12,6349.4961,6439.3586,6341.7215,6439.3586,14203828400.0,168399100707.5,6322.0558,Development,0.01190867728858036,119.08677288580361,0.4422357582438762,0.8135114753699175,-0.37127571712604135,0,0,0,0,119.08677288580361,0.4336828886690981,0.3425056850614015,0.5951403549687453,0.42469441366291527,
2022-08-12,2022-08-15,6425.1102,6463.0667,6416.2908,6420.853,14039991700.0,158383471763.4,6439.3586,Development,-0.0030183606811911012,-30.183606811911012,0.4172841696300219,0.8135114753699175,-0.3962273057398956,0,0,0,0,-30.183606811911012,0.4357326878589534,0.32045370433793824,0.5689317072221567,0.3390190184655036,
2022-08-15,2022-08-16,6405.7169,6462.5378,6394.2182,6442.8093,13362748200.0,151481917268.3,6420.853,Development,0.0064073234332286955,64.07323433228696,0.4273047877011028,0.8135114753699175,-0.3862066876688147,0,0,0,0,64.07323433228696,0.44618606445083775,0.30980537763214366,0.5898568402429946,0.3692969699834929,
2022-08-16,2022-08-17,6446.7604,6492.5396,6440.3764,6465.1866,13584149500.0,150950901281.8,6442.8093,Development,0.004109381822224867,41.09381822224867,0.4624259561018765,0.8135114753699175,-0.35108551926804105,0,0,0,0,41.09381822224867,0.4408096825313548,0.2994537802562208,0.6133747135655765,0.5860073036565449,
2022-08-17,2022-08-18,6473.2526,6501.362,6428.9652,6493.5047,14622031900.0,165336992378.1,6465.1866,Development,0.00125405271532264,12.5405271532264,0.44037184344259567,0.8135114753699175,-0.37313963192732186,0,0,0,0,12.5405271532264,0.44543729304520485,0.29044491235777675,0.5972065668110698,0.47633214780383215,
2022-08-18,2022-08-19,6481.3704,6483.6928,6448.7455,6468.8056,13045175900.0,151581053114.9,6493.5047,Development,-0.0019358714632324858,-19.35871463232486,0.45021495238870923,0.8135114753699175,-0.3632965229812083,0,0,0,0,-19.35871463232486,0.45376288299766426,0.2868339990270723,0.5983959433295382,0.5248434056839043,
2022-08-19,2022-08-22,6468.8233,6477.3137,6390.9328,6391.7159,14259085100.0,161777617603.6,6468.8056,Development,-0.01352388153808426,-135.2388153808426,0.4175574098990026,0.8135114753699175,-0.39595406547091494,0,0,0,0,-135.2388153808426,0.4544351872658177,0.27948647649692526,0.5667253637284009,0.3757103299327332,
2022-08-22,2022-08-23,6381.3397,6472.7936,6363.218,6472.6799,13373550000.0,155429477947.4,6391.7159,Development,0.012353503136653066,123.53503136653066,0.6009064946437691,0.8135114753699175,-0.21260498072614842,0,0,0,0,123.53503136653066,0.6635549524154132,0.480559719937683,0.6431070484997856,0.620359616062654,
2022-08-23,2022-08-24,6460.1716,6475.8227,6436.081,6466.4045,13367637700.0,152812386392.9,6472.6799,Development,0.0016276347829522475,16.276347829522475,0.42065415310519855,0.8135114753699175,-0.392857322264719,0,0,0,0,16.276347829522475,0.4788279423955474,0.30396507941953244,0.5591582900965024,0.3107975414500802,
2022-08-24,2022-08-25,6470.6864,6472.6832,6277.9892,6284.5769,15810387200.0,171922926765.6,6466.4045,Development,-0.025892446278960368,-258.9244627896037,0.4323956290758818,0.8135114753699175,-0.3811158462940357,0,0,0,0,-258.9244627896037,0.45844021665425794,0.2963010714738456,0.5668245479043574,0.430376592886242,
2022-08-25,2022-08-26,6303.1445,6327.0917,6225.6756,6322.6961,14194636700.0,152348524289.3,6284.5769,Development,0.004431835570325227,44.318355703252266,0.8605851821670172,0.8135114753699175,0.04707370679709966,1,0,0,1,44.318355703252266,0.9426613773930043,0.9137102800479947,0.6951211906258328,0.8207173343892117,预测大涨
2022-08-26,2022-08-29,6331.079,6381.4834,6286.5227,6298.3739,13040583700.0,145604215469.3,6322.6961,Development,-0.018587258190902345,-185.87258190902344,0.4748677524474653,0.8135114753699175,-0.3386437229224522,0,0,0,0,-185.87258190902344,0.4642052225918965,0.4752496331729814,0.5680563710327432,0.3687229865661388,
2022-08-29,2022-08-30,6213.4016,6310.9932,6205.1266,6310.402,12526884900.0,132966408290.4,6298.3739,Development,0.015479041303237073,154.79041303237074,0.5028512417926806,0.8135114753699175,-0.31066023357723693,0,0,0,0,154.79041303237074,0.4959159093974771,0.4774036724359735,0.5923251215433591,0.4390954848495422,
2022-08-30,2022-08-31,6309.5791,6319.1701,6248.1377,6285.9273,13210920000.0,136583215311.8,6310.402,Development,-0.006971257401305886,-69.71257401305886,0.4445250579559828,0.8135114753699175,-0.36898641741393473,0,0,0,0,-69.71257401305886,0.4607518312611078,0.41805317893318394,0.5529013329496836,0.3073515748561512,
2022-08-31,2022-09-01,6265.5934,6280.1856,6132.2326,6155.7455,14727540800.0,153776542736.6,6285.9273,Development,-0.017924303865616276,-179.24303865616275,0.47927559367702555,0.8135114753699175,-0.334235881692892,0,0,0,0,-179.24303865616275,0.4745167097858495,0.39857551551160225,0.5828990931254662,0.4881310469936595,
2022-09-01,2022-09-02,6153.287,6207.244,6118.5774,6126.7685,11857505400.0,124670857677.4,6155.7455,Development,-0.0029238519184950906,-29.238519184950906,0.7136050670958779,0.8135114753699175,-0.09990640827403963,0,0,0,0,-29.238519184950906,0.7704968348152974,0.7314842748417947,0.6411149896909458,0.661095303568538,
2022-09-02,2022-09-05,6135.2957,6176.1706,6117.7266,6149.4273,10656438400.0,114216217368.2,6126.7685,Development,0.0020228038886536126,20.228038886536126,0.4429887415042202,0.8135114753699175,-0.37052273386569734,0,0,0,0,20.228038886536126,0.4564880453760467,0.4286860960207357,0.55143053970096,0.29022487785216927,
2022-09-05,2022-09-06,6147.7062,6184.8042,6122.619,6182.6465,11747924400.0,119757999919.0,6149.4273,Development,0.008260088941790977,82.60088941790977,0.4418165784159845,0.8135114753699175,-0.37169489695393304,0,0,0,0,82.60088941790977,0.45373706783285944,0.39456131511941955,0.5465743788700488,0.3551402735497751,
2022-09-06,2022-09-07,6198.4868,6292.5319,6187.9517,6291.5707,12984604000.0,135891977558.3,6182.6465,Development,0.01153576708431503,115.35767084315029,0.44668319369203785,0.8135114753699175,-0.3668282816778797,0,0,0,0,115.35767084315029,0.4579137394872012,0.3679038433227422,0.5504279163262302,0.41803315340156855,
2022-09-07,2022-09-08,6269.9911,6314.1182,6256.6131,6301.5644,12016029200.0,130718396246.6,6291.5707,Development,0.004771250791727466,47.712507917274664,0.30696678147615314,0.8135114753699175,-0.5065446938937643,0,0,0,0,47.712507917274664,0.11113989075872584,0.3460691125083796,0.5481552419520495,0.32303571178993207,
2022-09-08,2022-09-09,6299.9068,6309.8969,6266.5175,6272.5752,11616426900.0,120970235492.1,6301.5644,Development,-0.0038110087596850972,-38.110087596850974,0.33417537697525285,0.8135114753699175,-0.4793360983946647,0,0,0,0,-38.110087596850974,0.13197509146787925,0.3280229433893136,0.5582444036648878,0.46652283075556716,
2022-09-09,2022-09-13,6275.8978,6321.8229,6254.2611,6316.9724,12138922800.0,124658337639.2,6272.5752,Development,0.009395165740270661,93.95165740270662,0.3065024186130386,0.8135114753699175,-0.5070090567568789,0,0,0,0,93.95165740270662,0.1508173618219232,0.31404718093000167,0.5486720281074641,0.2911466171846383,
2022-09-13,2022-09-14,6334.8609,6343.7743,6291.4445,6300.422,11810631400.0,123861798297.2,6316.9724,Development,-0.018934748827712955,-189.34748827712954,0.33609988435673605,0.8135114753699175,-0.4774115910131815,0,0,0,0,-189.34748827712954,0.1677821413004287,0.30343054674765135,0.5556840825271303,0.4490181566829951,
2022-09-14,2022-09-15,6214.9119,6273.6335,6206.9248,6249.963,10912116000.0,114644793268.9,6300.422,Development,0.01054468688445942,105.4468688445942,0.31714250767016794,0.8135114753699175,-0.4963689676997496,0,0,0,0,105.4468688445942,0.18335167839372699,0.29598663347728466,0.5505220065973342,0.31757398869529724,
2022-09-15,2022-09-16,6280.4462,6282.6932,6053.7988,6107.7964,14164350000.0,148202355024.8,6249.963,Development,-0.0300976545265208,-300.976545265208,0.33315517044093496,0.8135114753699175,-0.48035630492898257,0,0,0,0,-300.976545265208,0.19724327895332727,0.2906044219504011,0.5453625909912981,0.40464654645378617,
2022-09-16,2022-09-19,6091.4195,6102.5416,5954.5037,5954.5037,13717211500.0,131508079987.8,6107.7964,Development,-0.023568053390511046,-235.68053390511045,0.5821524240051426,0.8135114753699175,-0.23135905136477497,0,0,0,0,-235.68053390511045,0.4143436475797153,0.6948180019975257,0.6339410551437924,0.6703719446068609,
2022-09-19,2022-09-20,5947.8566,5967.6548,5880.4941,5913.1493,10402541200.0,104609796776.0,5954.5037,Development,0.00024864419226244827,2.4864419226244827,0.4846422645956823,0.8135114753699175,-0.3288692107742352,0,0,0,0,2.4864419226244827,0.3204314960357937,0.6137210653872509,0.590419025445819,0.4622592002312623,
2022-09-20,2022-09-21,5949.3355,6002.792,5940.5814,5958.2922,8881300000.0,96795084956.1,5913.1493,Development,-0.001049192804809862,-10.49192804809862,0.3492734750595913,0.8135114753699175,-0.46423800031032625,0,0,0,0,-10.49192804809862,0.21104671481849988,0.3833216697667102,0.537691778330296,0.32434583283723345,
2022-09-21,2022-09-22,5943.0935,5998.7001,5876.5156,5978.581,10346364400.0,100001264102.8,5958.2922,Development,-0.0008404040757561404,-8.404040757561404,0.34547021016981055,0.8135114753699175,-0.46804126520010697,0,0,0,0,-8.404040757561404,0.22266928835963057,0.35768990672137296,0.5372940789440511,0.321279880486628,
2022-09-22,2022-09-23,5938.0989,6015.1192,5931.7309,5965.8854,9986760200.0,102285806654.7,5978.581,Development,0.0038669952095273796,38.6699520952738,0.34181356322249234,0.8135114753699175,-0.4716979121474252,0,0,0,0,38.6699520952738,0.23354532714147236,0.33682096650853094,0.5385202824417208,0.310148870217653,
2022-09-23,2022-09-26,5961.0615,5986.8209,5839.9316,5889.6019,10060943700.0,104706616405.3,5965.8854,Development,-0.02004404752408606,-200.44047524086062,0.34748088146773026,0.8135114753699175,-0.46603059390218726,0,0,0,0,-200.44047524086062,0.24373388567678472,0.3203644685707991,0.5381135188710902,0.35327709366349896,
2022-09-26,2022-09-27,5841.5777,5922.3202,5798.2786,5806.3181,10324436000.0,102568347040.7,5889.6019,Development,-0.003086477819168487,-30.86477819168487,0.3459729558915218,0.8135114753699175,-0.4675385194783957,0,0,0,0,-30.86477819168487,0.2574817134754737,0.31676353597570156,0.5410149957226248,0.3169505261105427,
2022-09-27,2022-09-28,5823.5478,5920.0531,5808.2522,5920.0531,9741802200.0,103953587047.6,5806.3181,Development,0.014853763199127457,148.53763199127457,0.34909844645713023,0.8135114753699175,-0.4644130289127873,0,0,0,0,148.53763199127457,0.2698654000432382,0.3168413400232964,0.5422482907749041,0.3083375704089205,
2022-09-28,2022-09-29,5910.0494,5910.0494,5769.5198,5769.5198,9369485300.0,99052683111.1,5920.0531,Development,-0.014682956795589619,-146.82956795589618,0.34148214049037656,0.8135114753699175,-0.47202933487954096,0,0,0,0,-146.82956795589618,0.2687244676746845,0.29380009365099163,0.5342113514640094,0.3145331121039005,
2022-09-29,2022-09-30,5823.2724,5856.1602,5741.0175,5771.8812,9538579800.0,97557854862.3,5769.5198,Development,-0.010152418767152227,-101.52418767152227,0.34116121599023563,0.8135114753699175,-0.4723502593796819,0,0,0,0,-101.52418767152227,0.2795568918766933,0.29396059710532085,0.5364096934729938,0.2862048312413213,
2022-09-30,2022-10-10,5764.1521,5804.2022,5714.0629,5714.0629,8554516800.0,87143078864.7,5771.8812,Development,-0.00596745183042624,-59.674518304262406,0.34933945173880965,0.8135114753699175,-0.4641720236311079,0,0,0,0,-59.674518304262406,0.28385073185319787,0.2855261475071603,0.537747934041367,0.34111460073510463,
2022-10-10,2022-10-11,5729.7548,5758.0415,5618.8038,5635.7109,9746934500.0,97320936443.0,5714.0629,Development,-0.015232013069739092,-152.3201306973909,0.34434444539566167,0.8135114753699175,-0.46916702997425586,0,0,0,0,-152.3201306973909,0.29109682077167215,0.28384329631027033,0.5338690270886786,0.3027763587931761,
2022-10-11,2022-10-12,5642.4791,5703.2705,5606.9944,5684.5063,8657146900.0,88733098158.6,5635.7109,Development,0.006714247288926556,67.14247288926556,0.3602445188644581,0.8135114753699175,-0.45326695650545945,0,0,0,0,67.14247288926556,0.3070095494140815,0.2976400004481027,0.5405422623461907,0.3350173388877478,
2022-10-12,2022-10-13,5680.3641,5820.4537,5594.2971,5820.4537,10610175700.0,110816368258.8,5684.5063,Development,0.01924117857163421,192.4117857163421,0.36128561556576105,0.8135114753699175,-0.45222585980415647,0,1,0,0,192.4117857163421,0.3029975336502603,0.28328207951301476,0.5347882203051174,0.38308789621189115,
2022-10-13,2022-10-14,5789.661,5876.4759,5780.1758,5830.3355,10572226800.0,114922152769.8,5820.4537,Development,0.013333785864146463,133.33785864146463,0.34787210058844453,0.8135114753699175,-0.465639374781473,0,0,0,0,133.33785864146463,0.30862418625605526,0.2840014610211198,0.5317284767239264,0.2902450206013024,
2022-10-14,2022-10-17,5866.8591,5996.044,5866.8591,5973.4389,11821224500.0,138463009285.8,5830.3355,Development,0.014576965040800305,145.76965040800306,0.3907450600027248,0.8135114753699175,-0.4227664153671927,0,0,0,0,145.76965040800306,0.3175340050230844,0.2905033151241436,0.5557932932390187,0.4948002846720737,
2022-10-17,2022-10-18,5952.3801,6023.5259,5945.4277,6015.5963,11146186900.0,127160232940.9,5973.4389,Development,0.013216041092537045,132.16041092537046,0.42536060803025477,0.8135114753699175,-0.38815086733966275,0,0,0,0,132.16041092537046,0.3353003113917057,0.3128979252729502,0.5893409705170004,0.5880754347931794,
2022-10-18,2022-10-19,6031.047,6074.3734,5996.3927,6035.6737,10575019500.0,127130541930.8,6015.5963,Development,-0.001533232952752539,-15.33232952752539,0.4087610438598418,0.8135114753699175,-0.4047504315100757,0,0,0,0,-15.33232952752539,0.32539415241402997,0.2938154673097256,0.562982147260725,0.5750164299686807,
2022-10-19,2022-10-20,6021.8,6037.4429,5970.4371,5972.7226,9388106500.0,112290658653.1,6035.6737,Development,-0.013006625925802928,-130.06625925802928,0.41071908921155437,0.8135114753699175,-0.40279238615836316,0,0,0,0,-130.06625925802928,0.33465116005790957,0.3028217544184542,0.560451752198938,0.5553013629433223,
2022-10-20,2022-10-21,5943.4767,6035.5523,5886.3955,5948.8621,10338824500.0,121766931023.7,5972.7226,Development,0.0026467168618664605,26.467168618664605,0.3795766832903982,0.8135114753699175,-0.43393479207951935,0,0,0,0,26.467168618664605,0.3405275141262823,0.30883379903163555,0.5429463617408214,0.3617229073476466,
2022-10-21,2022-10-24,5959.2074,5993.8762,5928.9185,5956.8811,9682629500.0,112261082744.7,5948.8621,Development,0.0015663660237767996,15.663660237767996,0.41148718368163517,0.8135114753699175,-0.40202429168828235,0,0,0,0,15.663660237767996,0.3574293947235943,0.3299540168807728,0.5595145842991156,0.4655053512699453,
2022-10-24,2022-10-25,5968.5417,6061.2078,5857.8584,5896.9031,11950108100.0,137328967809.0,5956.8811,Development,-0.01751127917896589,-175.11279178965887,0.40444573780526366,0.8135114753699175,-0.40906573756465386,0,0,0,0,-175.11279178965887,0.3420723745566908,0.3068453738240965,0.549332240179866,0.5085708309104451,
2022-10-25,2022-10-26,5864.0249,5926.5683,5785.4086,5869.781,10704585400.0,123655965044.2,5896.9031,Development,0.0012026551933637109,12.026551933637109,0.5586252034814867,0.8135114753699175,-0.2548862718884308,0,0,0,0,12.026551933637109,0.4956519837110516,0.571748128374113,0.598285298981746,0.6149455456187087,
2022-10-26,2022-10-27,5871.0773,6016.9172,5871.0773,5971.6009,11653007900.0,143742557269.8,5869.781,Development,0.01826026034438355,182.6026034438355,0.4236501133808896,0.8135114753699175,-0.38986136198902793,0,1,0,0,182.6026034438355,0.35974744828417665,0.35022852169620455,0.5627215004365288,0.4967079049580994,
2022-10-27,2022-10-28,5978.2847,6020.893,5962.9743,5963.0037,11708821900.0,147969762402.1,5971.6009,Development,-0.00927781174422826,-92.77811744228259,0.4902516880677024,0.8135114753699175,-0.3232597873022151,0,0,0,0,-92.77811744228259,0.3970175702082936,0.4148400582862915,0.6025098411400429,0.6659895801619469,
2022-10-28,2022-10-31,5922.8193,5934.7974,5760.0452,5781.7972,13167633200.0,147373418224.4,5963.0037,Development,-0.030009644224668564,-300.0964422466856,0.4547732021964073,0.8135114753699175,-0.3587382731735102,0,0,0,0,-300.0964422466856,0.35521885856285246,0.33860190935306567,0.6127234790483729,0.6524443142221061,
2022-10-31,2022-11-01,5745.0776,5859.5968,5743.5552,5807.1063,12701606400.0,150059218566.0,5781.7972,Development,0.01203416295020987,120.3416295020987,0.761348027673231,0.8135114753699175,-0.05216344769668657,0,0,0,0,120.3416295020987,0.711777880516718,0.8732206094633246,0.6523635671738842,0.8207612054347581,
2022-11-01,2022-11-02,5814.2148,5942.1356,5786.8711,5941.1451,13661677600.0,165176134816.8,5807.1063,Development,0.019166130566762085,191.66130566762087,0.5535328155663158,0.8135114753699175,-0.2599786598036017,0,1,0,0,191.66130566762087,0.4092566285099948,0.5035839417811099,0.6429615494168026,0.824565733140689,
2022-11-02,2022-11-03,5925.6508,6028.767,5916.0613,5997.8038,14233028600.0,183166205234.3,5941.1451,Development,0.0031828740228836416,31.828740228836416,0.38372357851477507,0.8135114753699175,-0.42978789685514246,0,0,0,0,31.828740228836416,0.3435112701649945,0.3800714865529344,0.5145756117467261,0.2956443489973471,
2022-11-03,2022-11-04,5944.5114,6018.4176,5937.605,5996.7187,10638690600.0,145162731659.8,5997.8038,Development,0.008712911207471086,87.12911207471086,0.6198229305373837,0.8135114753699175,-0.19368854483253384,0,0,0,0,87.12911207471086,0.49085588660364243,0.6284934047044065,0.6491934045475236,0.8383201673403514,
2022-11-04,2022-11-07,5996.3054,6157.4279,5996.3054,6133.4629,13870711100.0,174457116038.9,5996.7187,Development,0.022836311839620427,228.36311839620427,0.44658603115597556,0.8135114753699175,-0.36692544421394196,0,1,0,0,228.36311839620427,0.3437429480989013,0.3726254677733804,0.5689615877103602,0.6262921783095208,
2022-11-07,2022-11-08,6133.2389,6166.1908,6100.6056,6141.4088,13809240900.0,167294752766.8,6133.4629,Development,0.001084467784224108,10.84467784224108,0.520450188127505,0.8135114753699175,-0.29306128724241254,0,0,0,0,10.84467784224108,0.4407136659303717,0.5320554062221919,0.5845608689826252,0.581428979954921,
2022-11-08,2022-11-09,6139.8902,6141.0231,6095.4447,6134.2564,10826753100.0,134372666241.4,6141.4088,Development,0.00010610938938282466,1.0610938938282466,0.5078317662658833,0.8135114753699175,-0.3056797091040342,0,0,0,0,1.0610938938282466,0.3576172153279051,0.3777751804653164,0.6474169756753241,0.862707049222098,
2022-11-09,2022-11-10,6140.5417,6182.3383,6118.7288,6120.8286,10476225000.0,127037472145.0,6134.2564,Development,-0.008998701205790938,-89.98701205790938,0.44125707497476185,0.8135114753699175,-0.37225440039515567,0,0,0,0,-89.98701205790938,0.3505542503687279,0.3481050474061435,0.5538957554627307,0.6421384398367087,
2022-11-10,2022-11-11,6085.2848,6119.0345,6061.8078,6089.6951,11640192800.0,129142711483.4,6120.8286,Development,0.02266832277102293,226.68322771022932,0.4045023297987312,0.8135114753699175,-0.40900914557118634,0,1,0,0,226.68322771022932,0.361842096475399,0.35435741810382126,0.5469110160317936,0.38709697750644334,
2022-11-11,2022-11-14,6223.228,6249.3487,6134.6815,6138.6211,17649212100.0,198177118398.1,6089.6951,Development,-0.013343637739128278,-133.43637739128278,0.4428723841537514,0.8135114753699175,-0.3706390912161661,0,0,0,0,-133.43637739128278,0.36564997533440513,0.3475664944055252,0.5679008293406951,0.6018411978222103,
2022-11-14,2022-11-15,6140.1875,6189.3825,6104.9304,6129.5129,15948672500.0,174064714506.7,6138.6211,Development,-0.002456081349307304,-24.56081349307304,0.9316241113129525,0.8135114753699175,0.118112635943035,1,0,0,0,-24.56081349307304,0.9569074867351173,0.9647540654279442,0.8192162342595122,0.9744803497880975,预测大涨
2022-11-15,2022-11-16,6125.1067,6236.3838,6112.6193,6236.3838,14986096500.0,171481798607.2,6129.5129,Development,0.018526550729312197,185.26550729312197,0.738034839711019,0.8135114753699175,-0.0754766356588985,0,1,0,0,185.26550729312197,0.8048662833701089,0.5790670169257234,0.7208191838427382,0.8978832386286069,
2022-11-16,2022-11-17,6238.5838,6263.1555,6190.0123,6203.9174,12977037600.0,151854939979.7,6236.3838,Development,-0.008959228855754175,-89.59228855754175,0.538344777920034,0.8135114753699175,-0.27516669744988353,0,0,0,0,-89.59228855754175,0.7432782915906598,0.47805743346128293,0.4723340629266806,0.299128647288629,
2022-11-17,2022-11-18,6182.6909,6217.2052,6148.6148,6217.2052,12343019600.0,152683752658.2,6203.9174,Development,0.004916952907996874,49.16952907996874,0.6744422951746059,0.8135114753699175,-0.13906918019531167,0,0,0,0,49.16952907996874,0.7848036355531143,0.5448343880179564,0.636668390236103,0.7186774036848533,
2022-11-18,2022-11-21,6213.0909,6251.1066,6181.5541,6191.6477,13118109300.0,164591218427.4,6217.2052,Development,-0.010521896597392444,-105.21896597392444,0.5344862592354768,0.8135114753699175,-0.27902521613444076,0,0,0,0,-105.21896597392444,0.7232420295621975,0.45191970644671053,0.4660082852830061,0.37202892885618327,
2022-11-21,2022-11-22,6147.7174,6196.6472,6116.2957,6189.7092,11285438700.0,141789496020.9,6191.6477,Development,0.00495237468137355,49.5237468137355,0.6687597133756078,0.8135114753699175,-0.14475176199430972,0,0,0,0,49.5237468137355,0.7696465771830768,0.5397032998535903,0.6377086935423961,0.7229190037189325,
2022-11-22,2022-11-23,6178.1632,6196.1962,6100.1131,6125.3999,11608602400.0,137587008255.8,6189.7092,Development,-0.010341908740772676,-103.41908740772676,0.43692153147802254,0.8135114753699175,-0.376589943891895,0,0,0,0,-103.41908740772676,0.7030579793592274,0.43070052085381416,0.007201853268237322,0.47313290586128165,
2022-11-23,2022-11-24,6114.2692,6140.1142,6045.0243,6115.6049,11519351700.0,128686794201.7,6125.3999,Development,0.0020164306798922116,20.164306798922116,0.4880733354948159,0.8135114753699175,-0.3254381398751016,0,0,0,0,20.164306798922116,0.7530518773045943,0.5097261259262388,0.01932745591003049,0.5316271353231264,
2022-11-24,2022-11-25,6126.5982,6149.9599,6099.7498,6120.0659,10020069900.0,117480438950.3,6115.6049,Development,-0.005136994294811181,-51.36994294811181,0.43703829147186,0.8135114753699175,-0.3764731838980575,0,0,0,0,-51.36994294811181,0.6878336363791843,0.41607664109831605,0.031292615891734,0.4986813756201708,
2022-11-25,2022-11-28,6095.1259,6107.0725,6062.0028,6087.8591,10774234500.0,110059809752.5,6120.0659,Development,-0.015630735371684468,-156.3073537168447,0.4149084750931096,0.8135114753699175,-0.39860300027680795,0,0,0,0,-156.3073537168447,0.680958450940061,0.3999314825148585,0.042932255479336504,0.38722931539921474,
2022-11-28,2022-11-29,5999.8546,6059.0163,5970.0861,6055.2843,11794010700.0,125697913892.5,6087.8591,Development,0.011932755837116504,119.32755837116504,0.4218305352591934,0.8135114753699175,-0.39168094011072413,0,0,0,0,119.32755837116504,0.6764041027093747,0.3908048126634142,0.05709708133995981,0.4366652181091175,
2022-11-29,2022-11-30,6071.4494,6173.849,6071.2244,6163.8214,15532447100.0,159512108828.4,6055.2843,Development,0.014053069436763987,140.53069436763988,0.41276752845849174,0.8135114753699175,-0.4007439469114258,0,0,0,0,140.53069436763988,0.6733555163648164,0.3827451861263162,0.06934922688132947,0.383757317907457,
2022-11-30,2022-12-01,6156.7719,6175.6824,6118.902,6156.1465,15464797200.0,153125576728.1,6163.8214,Development,0.008855159958094383,88.55159958094383,0.4490828871226809,0.8135114753699175,-0.3644285882472366,0,0,0,0,88.55159958094383,0.7019055153329424,0.42689346956910756,0.08566074546857377,0.4503717276690255,
2022-12-01,2022-12-02,6211.2911,6229.834,6186.1021,6186.1021,15252332500.0,171479199866.6,6156.1465,Development,-0.005372152015222786,-53.72152015222787,0.45361320391905696,0.8135114753699175,-0.35989827145086056,0,0,0,0,-53.72152015222787,0.6701275077781318,0.3804025585038502,0.10273990543086584,0.6040897231163977,
2022-12-02,2022-12-05,6177.9231,6206.9855,6154.2094,6168.0127,11550097500.0,133339764575.1,6186.1021,Development,0.0038940594776908366,38.94059477690837,0.4328722485783104,0.8135114753699175,-0.3806392267916071,0,0,0,0,38.94059477690837,0.696640760641116,0.42183408202189804,0.10715522381683447,0.3395418609655997,
2022-12-05,2022-12-06,6201.9803,6227.2141,6182.9759,6215.1244,17047721100.0,177698737275.3,6168.0127,Development,8.769779549289147e-05,0.8769779549289147,0.435965934375299,0.8135114753699175,-0.3775455409946185,0,0,0,0,0.8769779549289147,0.6603079409055536,0.37327184607971187,0.12343734231658197,0.49868063909652155,
2022-12-06,2022-12-07,6202.5242,6244.6382,6185.494,6211.2515,14937281500.0,164215807003.7,6215.1244,Development,-0.0007208355591743487,-7.208355591743487,0.42163743253881847,0.8135114753699175,-0.39187404283109906,0,0,0,0,-7.208355591743487,0.6621006888448948,0.37859770240357804,0.12855605417043334,0.38895943588160636,
2022-12-07,2022-12-08,6198.0532,6243.9022,6183.3338,6204.0051,13782124600.0,155238837726.6,6211.2515,Development,0.00017921756463779026,1.7921756463779026,0.44956346342041786,0.8135114753699175,-0.36394801194949966,0,0,0,0,1.7921756463779026,0.6265197940203265,0.36759531092533076,0.14802985122550572,0.6315842445300186,
2022-12-08,2022-12-09,6199.164,6206.1408,6168.7805,6186.2835,13105132500.0,149348401389.7,6204.0051,Development,-0.002156758556476346,-21.56758556476346,0.45668170551226456,0.8135114753699175,-0.35682976985765297,0,0,0,0,-21.56758556476346,0.6298942046200372,0.37482894066473954,0.1580804201507842,0.6424242507634518,
2022-12-09,2022-12-12,6185.7939,6213.5165,6159.5043,6192.3009,16780682500.0,180239306547.1,6186.2835,Development,-0.0007355240206111668,-7.355240206111668,0.39565422739327977,0.8135114753699175,-0.41785724797663776,0,0,0,0,-7.355240206111668,0.6156577517939801,0.3519607944272216,0.1504091484643666,0.3418222292596488,
2022-12-12,2022-12-13,6181.2441,6182.0784,6146.2547,6154.8092,13409831000.0,162420257195.9,6192.3009,Development,-0.0044498647125098545,-44.49864712509854,0.43356398156444337,0.8135114753699175,-0.37994749380547416,0,0,0,0,-44.49864712509854,0.628639340094591,0.362605525262597,0.17016289737251528,0.5053826339800118,
2022-12-13,2022-12-14,6153.7384,6154.2972,6113.4142,6121.6615,10485751500.0,131515610802.4,6154.8092,Development,-0.005087411580576795,-50.87411580576795,0.3866379588495588,0.8135114753699175,-0.4268735165203587,0,0,0,0,-50.87411580576795,0.5976289844235187,0.35481907577794575,0.16682557185168717,0.29620710700229,
2022-12-14,2022-12-15,6122.4318,6139.7384,6084.0799,6096.3856,9508991600.0,125346101098.7,6121.6615,Development,-0.00527796814331194,-52.77968143311939,0.3889824365390329,0.8135114753699175,-0.4245290388308846,0,0,0,0,-52.77968143311939,0.5966602682826183,0.3489957410554744,0.17672141673485367,0.3095026634108881,
2022-12-15,2022-12-16,6090.1178,6108.9595,6078.0039,6101.8787,8819045400.0,113088367630.4,6096.3856,Development,-0.002982109804181454,-29.821098041814544,0.40173358421929134,0.8135114753699175,-0.4117778911506262,0,0,0,0,-29.821098041814544,0.6025379657575799,0.35253639842145584,0.1862090943921023,0.3574655221090254,
2022-12-16,2022-12-19,6071.9564,6087.4579,6036.0507,6072.8627,9391067200.0,113412125964.0,6101.8787,Development,-0.002151250624922052,-21.51250624922052,0.4033146248520449,0.8135114753699175,-0.41019685051787264,0,0,0,0,-21.51250624922052,0.5947409127160201,0.34554695246016764,0.18785509847890083,0.3938840385899557,
2022-12-19,2022-12-20,6058.8941,6081.4436,5911.8803,5936.4751,10510620100.0,121083184766.5,6072.8627,Development,-0.023084641799565375,-230.84641799565375,0.42061182569458516,0.8135114753699175,-0.39289964967533236,0,0,0,0,-230.84641799565375,0.6031641911353186,0.3472917781067394,0.19887727025557014,0.4658831461404019,
2022-12-20,2022-12-21,5919.0267,5920.9868,5857.8575,5878.0314,7862327300.0,96369670928.2,5936.4751,Development,-0.006716391395902965,-67.16391395902966,0.5084050354369902,0.8135114753699175,-0.3051064399329273,0,0,0,0,-67.16391395902966,0.7112917492614942,0.5585114873224835,0.21122344853942088,0.39820915974446414,
2022-12-21,2022-12-22,5879.2722,5892.907,5819.6676,5845.835,6978343100.0,85257777709.1,5878.0314,Development,-0.0019642227145053592,-19.642227145053592,0.39207639941651545,0.8135114753699175,-0.42143507595340207,0,0,0,0,-19.642227145053592,0.5869579390039816,0.35837677150319974,0.20687212855823517,0.2915833490715877,
2022-12-22,2022-12-23,5867.724,5875.4736,5761.9836,5779.0555,8223187300.0,97446795232.4,5845.835,Development,-0.0197308360106917,-197.30836010691698,0.3644229300921041,0.8135114753699175,-0.44908854527781344,0,0,0,0,-197.30836010691698,0.5850292936488638,0.3564309108178989,0.21309840831785823,0.11769165870343656,
2022-12-23,2022-12-26,5751.9489,5805.5101,5732.4711,5763.3458,6655686500.0,81911192697.9,5779.0555,Development,0.0029763303356187265,29.763303356187265,0.3776145384911595,0.8135114753699175,-0.435896936878758,0,0,0,0,29.763303356187265,0.6010575297163195,0.37500542145606075,0.2207575290073085,0.12304252498941216,
2022-12-26,2022-12-27,5769.0686,5850.9115,5769.0686,5843.2555,7542413300.0,93646097254.9,5763.3458,Development,0.015372620114102897,153.72620114102898,0.3701450176899682,0.8135114753699175,-0.4433664576799493,0,0,0,0,153.72620114102898,0.5755946586990474,0.3549642831297031,0.22471256932552186,0.16010043252725234,
2022-12-27,2022-12-28,5857.7543,5891.3544,5832.2697,5885.6622,8178042300.0,101272091294.0,5843.2555,Development,0.001997574394678958,19.97574394678958,0.37578806508604445,0.8135114753699175,-0.43772341028387307,0,0,0,0,19.97574394678958,0.5740837780176811,0.3546836237560535,0.23109379381208286,0.1902970704354976,
2022-12-28,2022-12-29,5869.4556,5889.318,5848.2421,5862.0967,9009889800.0,102679233203.2,5885.6622,Development,-0.004346655250275666,-43.46655250275666,0.39136669970652865,0.8135114753699175,-0.42214477566338887,0,0,0,0,-43.46655250275666,0.5774377468177844,0.3547976170375769,0.23857450893661294,0.27005088157440993,
2022-12-29,2022-12-30,5843.9431,5895.9811,5835.3337,5857.4021,7951079400.0,94429698666.4,5862.0967,Development,0.005362064527972388,53.620645279723874,0.384397018476678,0.8135114753699175,-0.4291144568932395,0,0,0,0,53.620645279723874,0.5821998796850362,0.3558805792267782,0.244473451820035,0.2063646112491255,
2022-12-30,2023-01-03,5875.2787,5885.8903,5848.9547,5864.4669,7534503200.0,86117939625.6,5857.4021,Development,-0.002336621069567224,-23.36621069567224,0.3839335025183663,0.8135114753699175,-0.42957797285155125,0,0,0,0,-23.36621069567224,0.5798074082209111,0.35586254485569035,0.2465450609907856,0.2057347359105646,
2023-01-03,2023-01-04,5861.5504,5964.8185,5848.1461,5955.8969,9955783700.0,119271237764.2,5864.4669,Validation,0.01551736209587129,155.1736209587129,0.38846236793515027,0.8135114753699175,-0.42504910743476726,0,0,0,0,155.1736209587129,0.5878384811644292,0.3564190935210481,0.2508087563454266,0.21013757348348128,
2023-01-04,2023-01-05,5952.5062,5970.5758,5922.8646,5952.4538,9716044100.0,114358731440.4,5955.8969,Validation,0.0011644842973872471,11.644842973872471,0.40936404246973235,0.8135114753699175,-0.4041474329001852,0,0,0,0,11.644842973872471,0.5986878355944996,0.3702033566096301,0.2632109779617557,0.2765426460332489,
2023-01-05,2023-01-06,5959.4378,6017.3406,5950.0896,6010.4641,9662997900.0,117479981150.9,5952.4538,Validation,0.007506630910721235,75.06630910721235,0.4222129913835672,0.8135114753699175,-0.3912984839863503,0,0,0,0,75.06630910721235,0.5894144386013104,0.36054625981981797,0.2698843799239939,0.38427853703933745,
2023-01-06,2023-01-09,6004.1731,6050.8874,5998.8349,6012.8152,9924487700.0,121596399779.3,6010.4641,Validation,0.004034843698960122,40.348436989601225,0.43079082425388593,0.8135114753699175,-0.3827206511160316,0,0,0,0,40.348436989601225,0.5943948475395356,0.36784612583087417,0.2744623966481759,0.4082370849700022,
2023-01-09,2023-01-10,6028.399,6070.1614,6023.6388,6040.0193,10069682900.0,124921325580.9,6012.8152,Validation,0.0026942476767046752,26.942476767046752,0.4238141461864594,0.8135114753699175,-0.3896973291834581,0,0,0,0,26.942476767046752,0.5977621063992011,0.3656488414437606,0.2811123676943619,0.35217895946074007,
2023-01-10,2023-01-11,6044.641,6053.5849,6017.1524,6048.2968,9639335100.0,113967056402.2,6040.0193,Validation,0.0007276362649164536,7.276362649164536,0.4266554947607601,0.8135114753699175,-0.38685598060915743,0,0,0,0,7.276362649164536,0.604796193439873,0.3810288207374579,0.2807648158248486,0.3285528731453023,
2023-01-11,2023-01-12,6049.0393,6070.4478,6004.2194,6014.1565,9440638900.0,112879598037.5,6048.2968,Validation,-0.004377273594502906,-43.77273594502906,0.41861616616891945,0.8135114753699175,-0.3948953092009981,0,0,0,0,-43.77273594502906,0.5976309946296818,0.3676663932545018,0.27501765320543026,0.3248197136148277,
2023-01-12,2023-01-13,6022.561,6048.1893,5995.9111,6015.2871,9290012400.0,104902996993.9,6014.1565,Validation,0.001389608174994006,13.896081749940059,0.4442373784558207,0.8135114753699175,-0.36927409691409685,0,0,0,0,13.896081749940059,0.6271363855133333,0.4311269575762753,0.28729962148739646,0.2943096408293939,
2023-01-13,2023-01-16,6030.93,6058.2249,6015.218,6057.6902,9002502000.0,102449872563.5,6015.2871,Validation,0.006297784918743776,62.97784918743776,0.4176733657889889,0.8135114753699175,-0.39583810958092863,0,0,0,0,62.97784918743776,0.5925157594901336,0.37450194204416604,0.2877144021330291,0.3003768457544409,
2023-01-16,2023-01-17,6068.9115,6168.7448,6068.14,6126.1772,12961973000.0,146526749755.3,6057.6902,Validation,0.010022060792944432,100.22060792944431,0.42422673819857853,0.8135114753699175,-0.389284737171339,0,0,0,0,100.22060792944431,0.5901072128392084,0.37502025447351117,0.2848970886512784,0.3494203442336456,
2023-01-17,2023-01-18,6129.7345,6138.1742,6107.7606,6132.6391,9592169900.0,109180206701.1,6126.1772,Validation,0.0016243281009968857,16.243281009968857,0.7008437849466802,0.8135114753699175,-0.11266769042323732,0,0,0,0,16.243281009968857,0.7790648394268622,0.8088730881016909,0.34113383886281484,0.840173939520339,
2023-01-18,2023-01-19,6139.6912,6168.3735,6136.9704,6151.4557,9455583600.0,103052545401.6,6132.6391,Validation,0.0009658303336168572,9.658303336168572,0.4239693335924923,0.8135114753699175,-0.38954214177742524,0,0,0,0,9.658303336168572,0.5742626577782165,0.4154133869421667,0.28873540930384595,0.3055155722327868,
2023-01-19,2023-01-20,6145.6211,6204.3261,6130.424,6204.3261,9977779300.0,114472416014.4,6151.4557,Validation,0.011130526742040736,111.30526742040736,0.4142177187943282,0.8135114753699175,-0.3992937565755893,0,0,0,0,111.30526742040736,0.5728339871489732,0.40953900634137086,0.29318460791418116,0.251766422793585,
2023-01-20,2023-01-30,6214.0251,6253.269,6214.0251,6251.4337,11390454200.0,128362190660.4,6204.3261,Validation,0.018965291916828608,189.65291916828608,0.41747813234384334,0.8135114753699175,-0.3960333430260742,0,1,0,0,189.65291916828608,0.5710199530730543,0.40380207544899616,0.29517572174928747,0.2833006774277669,
2023-01-30,2023-01-31,6331.8759,6342.4494,6279.4508,6283.3272,14651792000.0,173697713880.0,6251.4337,Validation,-0.010357167612839557,-103.57167612839558,0.26537622334650784,0.8135114753699175,-0.5481352520234097,0,0,0,0,-103.57167612839558,0.07748989223851996,0.3999776315689068,0.303972620895367,0.37601216593210274,
2023-01-31,2023-02-01,6266.2956,6303.9117,6259.5275,6289.15,13530209300.0,146630404005.4,6283.3272,Validation,0.005458424272228646,54.58424272228646,0.47483757005133387,0.8135114753699175,-0.33867390531858366,0,0,0,0,54.58424272228646,0.21028313921993316,0.8761113060638828,0.33118730324162804,0.5323058144094452,
2023-02-01,2023-02-02,6300.4997,6368.7906,6293.4917,6365.9051,15244222000.0,166449081743.9,6289.15,Validation,0.013141544947617323,131.41544947617322,0.29262320597614877,0.8135114753699175,-0.5208882693937688,0,0,0,0,131.41544947617322,0.1090425297184022,0.45155766715191803,0.31294773209391996,0.3766506125543287,
2023-02-02,2023-02-03,6383.298,6402.2639,6347.7289,6370.1411,14929281100.0,166213113911.5,6365.9051,Validation,-0.004478014343055836,-44.78014343055836,0.2893193303567543,0.8135114753699175,-0.5241921450131632,0,0,0,0,-44.78014343055836,0.13392728555001546,0.46645549327606173,0.3114315996120118,0.27913477023630684,
2023-02-03,2023-02-06,6354.7135,6354.7135,6267.4377,6343.6861,12150718200.0,138714379584.2,6370.1411,Validation,-0.006312479705025242,-63.124797050252425,0.3274596001903243,0.8135114753699175,-0.48605187517959325,0,0,0,0,-63.124797050252425,0.15312618524032667,0.4646721811659154,0.32873346116331315,0.45604453141392504,
2023-02-06,2023-02-07,6314.5995,6330.7929,6274.5427,6302.3349,10848530800.0,127652063425.2,6343.6861,Validation,-0.0008517721511871468,-8.517721511871468,0.3434535896733504,0.8135114753699175,-0.47005788569656715,0,0,0,0,-8.517721511871468,0.17297945989051358,0.47842084564177245,0.32907459350947554,0.4892895372424674,
2023-02-07,2023-02-08,6309.2209,6318.8407,6273.5954,6317.2377,10966268300.0,125078065034.8,6302.3349,Validation,0.00163181796345091,16.3181796345091,0.3573909801037607,0.8135114753699175,-0.45612049526615683,0,0,0,0,16.3181796345091,0.18796608281465874,0.47362388663248756,0.33650990757779403,0.5427227751410345,
2023-02-08,2023-02-09,6319.5164,6323.8492,6263.7627,6268.2759,10599489500.0,116986269907.4,6317.2377,Validation,-0.010001398208255408,-100.01398208255408,0.3099692673888571,0.8135114753699175,-0.5035422079810604,0,0,0,0,-100.01398208255408,0.19106367828920442,0.4071416599107381,0.3205501977859975,0.37804317801625925,
2023-02-09,2023-02-10,6256.3124,6354.8028,6250.4545,6354.562,10903111900.0,129044254163.8,6268.2759,Validation,0.014814957130337758,148.14957130337757,0.37886418163592994,0.8135114753699175,-0.4346472937339876,0,0,0,0,148.14957130337757,0.22960307092413776,0.5523716497690486,0.34274709764213523,0.4420669631569982,
2023-02-10,2023-02-13,6348.9994,6368.4882,6296.5476,6334.252,12010082900.0,134994907399.5,6354.562,Validation,-0.0024854310113811007,-24.854310113811007,0.2937642489335639,0.8135114753699175,-0.5197472264363536,0,0,0,0,-24.854310113811007,0.21393262467019541,0.399754674742301,0.32030922257100086,0.24142386657645595,
2023-02-13,2023-02-14,6333.2194,6386.7243,6331.3687,6383.8279,13156622700.0,151374560994.8,6334.252,Validation,0.009694942827971564,96.94942827971565,0.46385849006520274,0.8135114753699175,-0.3496529853047148,0,0,0,0,96.94942827971565,0.25616471422710596,0.5860728983692546,0.3710615335141535,0.8189283644467603,
2023-02-14,2023-02-15,6394.6196,6408.5508,6369.5727,6397.2146,12467438900.0,143967118961.2,6383.8279,Validation,0.000665231126492527,6.65231126492527,0.3223101039031968,0.8135114753699175,-0.4912013714667207,0,0,0,0,6.65231126492527,0.23527477796415885,0.406949753073171,0.3315046650658826,0.34649826387750443,
2023-02-15,2023-02-16,6398.8735,6407.753,6365.3107,6384.3479,11590702200.0,143472324421.4,6397.2146,Validation,-0.0022908719792631427,-22.908719792631427,0.3195985231470899,0.8135114753699175,-0.4939129522228276,0,0,0,0,-22.908719792631427,0.24394843144504236,0.39093794316463637,0.3310820182908583,0.3397211771605533,
2023-02-16,2023-02-17,6384.2145,6429.0531,6244.4787,6289.4786,16838841600.0,190791364474.4,6384.3479,Validation,-0.01555273557929493,-155.5273557929493,0.32475048101371573,0.8135114753699175,-0.4887609943562018,0,0,0,0,-155.5273557929493,0.255234445914863,0.3934971327780871,0.33587304032552906,0.3368718959573844,
2023-02-17,2023-02-20,6284.9225,6308.568,6237.4053,6237.4053,11721098500.0,143422448167.7,6289.4786,Validation,-0.0058341212640250495,-58.3412126402505,0.8542507045441942,0.8135114753699175,0.04073922917427664,1,0,0,0,-58.3412126402505,0.9620063484924084,0.9708514879938133,0.45432022530624944,0.9711229990695792,预测大涨
2023-02-20,2023-02-21,6248.2555,6349.4074,6227.3489,6346.0678,14033407500.0,157289265128.8,6237.4053,Validation,0.01626879694660377,162.68796946603769,0.6411515009519066,0.8135114753699175,-0.17235997441801088,0,1,0,0,162.68796946603769,0.7600550052443079,0.6786874989455844,0.38388278458023206,0.67653804285267,
2023-02-21,2023-02-22,6349.9071,6396.742,6337.5976,6383.4248,14182471400.0,153705795821.1,6346.0678,Validation,0.00033392614515559416,3.3392614515559416,0.49432857147156156,0.8135114753699175,-0.31918290389835596,0,0,0,0,3.3392614515559416,0.642581687557064,0.5633655912623676,0.3349798132381484,0.2775804577269015,
2023-02-22,2023-02-23,6352.0275,6397.1452,6344.9861,6375.0684,10908302900.0,128341320025.0,6383.4248,Validation,0.0039774701857004935,39.774701857004935,0.5478577723035921,0.8135114753699175,-0.2656537030663254,0,0,0,0,39.774701857004935,0.6485135621436536,0.5600672261255549,0.3650155045856669,0.564005792817173,
2023-02-23,2023-02-24,6377.2925,6396.6563,6328.644,6360.3202,11606465400.0,135992246881.1,6375.0684,Validation,-0.0015149689307806247,-15.149689307806247,0.5151117836526873,0.8135114753699175,-0.29839969171723024,0,0,0,0,-15.149689307806247,0.6276714638135027,0.5279994083394517,0.3537529640172295,0.4752374971078708,
2023-02-24,2023-02-27,6367.6311,6372.4918,6308.2213,6340.8435,9695728100.0,119877925583.4,6360.3202,Validation,-0.007693881638337952,-76.93881638337952,0.5671767344443195,0.8135114753699175,-0.24633474092559804,0,0,0,0,-76.93881638337952,0.6420608365710706,0.5366116521217806,0.38480774865595807,0.7122942669484125,
2023-02-27,2023-02-28,6318.6393,6349.091,6288.2994,6307.2057,10108273800.0,124887490151.6,6340.8435,Validation,0.000823341822977719,8.23341822977719,0.5120925088205396,0.8135114753699175,-0.30141896654937794,0,0,0,0,8.23341822977719,0.6270474491628779,0.511181039329258,0.35941979914617445,0.47933330800506513,
2023-02-28,2023-03-01,6323.8417,6357.5352,6293.1792,6357.5352,9660316300.0,119094834715.1,6307.2057,Validation,0.005164866792918055,51.64866792918055,0.5223314051468338,0.8135114753699175,-0.2911800702230837,0,0,0,0,51.64866792918055,0.6369519307430284,0.5159802811246444,0.3685877679955607,0.5012747563767525,
2023-03-01,2023-03-02,6356.5035,6410.5217,6340.0045,6402.1411,12390763900.0,144327640100.9,6357.5352,Validation,0.006568516795436352,65.68516795436352,0.4661454699783137,0.8135114753699175,-0.34736600539160384,0,0,0,0,65.68516795436352,0.6110121164655491,0.47938211588891666,0.34006066738467877,0.30850631941563106,
2023-03-02,2023-03-03,6398.2563,6410.2306,6375.0068,6382.2322,12534929700.0,147597102774.1,6402.1411,Validation,-0.0022182137342637853,-22.18213734263785,0.5019905394742095,0.8135114753699175,-0.31152093589570806,0,0,0,0,-22.18213734263785,0.621005710161435,0.4828617679004074,0.36216337684390076,0.4748210006346827,
2023-03-03,2023-03-06,6384.0636,6398.4707,6346.9593,6390.3177,12323477500.0,140273359354.4,6382.2322,Validation,0.0021990225786596707,21.990225786596707,0.4515857999938223,0.8135114753699175,-0.3619256753760952,0,0,0,0,21.990225786596707,0.6076811676380486,0.4604498597252491,0.34682006334965443,0.24842392710557518,
2023-03-06,2023-03-07,6398.1023,6405.8199,6362.4723,6395.2191,12684563400.0,155123686031.2,6390.3177,Validation,-0.0012959155091970542,-12.959155091970542,0.4900717641390957,0.8135114753699175,-0.3234397112308218,0,0,0,0,-12.959155091970542,0.6040942974459667,0.4482072762690763,0.36653478609072976,0.4909000794510318,
2023-03-07,2023-03-08,6389.8109,6396.5414,6284.2198,6284.2986,13792886900.0,149308292189.0,6395.2191,Validation,-0.01962177002765464,-196.2177002765464,0.46401719183555235,0.8135114753699175,-0.3494942835343652,0,0,0,0,-196.2177002765464,0.601067788466097,0.4372703319046365,0.357210124081194,0.3664513970369903,
2023-03-08,2023-03-09,6264.4315,6303.7106,6258.3174,6301.5157,9869835700.0,114463801002.9,6284.2986,Validation,0.0074405634413914346,74.40563441391434,0.8166675979578716,0.8135114753699175,0.0031561225879540578,1,0,0,1,74.40563441391434,0.9285262457802098,0.9229543300785413,0.4472926121387984,0.9008567956254564,预测大涨
2023-03-09,2023-03-10,6311.0424,6311.3353,6258.4498,6285.9521,9268891400.0,111866575503.5,6301.5157,Validation,-0.009425130783466074,-94.25130783466074,0.49643795738423924,0.8135114753699175,-0.3170735179856783,0,0,0,0,-94.25130783466074,0.5598823066821667,0.5762700786135989,0.3571411874999406,0.4134455615656745,
2023-03-10,2023-03-13,6251.56,6261.3301,6202.6117,6204.8989,10805229000.0,129144574718.6,6285.9521,Validation,-0.009850965199086348,-98.50965199086347,0.48787968219128347,0.8135114753699175,-0.32563179317863405,0,0,0,0,-98.50965199086347,0.5606529687526142,0.5512239748583704,0.364863917558335,0.3915306124513576,
2023-03-13,2023-03-14,6189.9761,6245.0029,6178.672,6245.0029,10800655200.0,132474098352.3,6204.8989,Validation,0.007714811693699364,77.14811693699363,0.543356744906094,0.8135114753699175,-0.27015473046382354,0,0,0,0,77.14811693699363,0.6130431825079584,0.5930763505374329,0.39270158593443316,0.5154145987333226,
2023-03-14,2023-03-15,6237.7306,6243.4184,6127.6878,6189.3969,12120014500.0,149977754662.0,6245.0029,Validation,-0.004296851165710769,-42.96851165710769,0.4579669722808127,0.8135114753699175,-0.35554450308910485,0,0,0,0,-42.96851165710769,0.5532901781945091,0.5144688355515918,0.3529701950422225,0.3008974676934054,
2023-03-15,2023-03-16,6210.928,6254.4857,6210.928,6224.64,11294852800.0,129455795140.3,6189.3969,Validation,-0.0031609608097211694,-31.609608097211694,0.6766263003382983,0.8135114753699175,-0.13688517503161923,0,0,0,0,-31.609608097211694,0.7228470892796404,0.7165715413710794,0.43439415075085425,0.8415721577133147,
2023-03-16,2023-03-17,6191.2955,6209.9732,6133.8328,6140.8317,12763268500.0,143759016862.1,6224.64,Validation,-0.0027625236107694517,-27.62523610769452,0.46892688927112086,0.8135114753699175,-0.34458458609879666,0,0,0,0,-27.62523610769452,0.5513305413144132,0.529732390365384,0.3668186527500136,0.32780832698068624,
2023-03-17,2023-03-20,6174.1919,6233.7534,6169.8441,6183.1843,13710833400.0,157222487365.1,6140.8317,Validation,0.003426958595180718,34.26958595180718,0.6988617362314367,0.8135114753699175,-0.11464973913848087,0,0,0,0,34.26958595180718,0.756575474345643,0.7755583904563161,0.43664381904653926,0.8025505339744429,
2023-03-20,2023-03-21,6195.3506,6201.9742,6152.8083,6160.3541,14558089100.0,167826184366.7,6183.1843,Validation,-0.003787517691089204,-37.87517691089204,0.630625210325813,0.8135114753699175,-0.18288626504410455,0,0,0,0,-37.87517691089204,0.6845214645777733,0.7268674704688917,0.4105454623510899,0.6502813682552535,
2023-03-21,2023-03-22,6171.8856,6235.0064,6171.2834,6234.6793,12302533100.0,144174739305.4,6160.3541,Validation,0.01174304008486482,117.43040084864819,0.5054711369418262,0.8135114753699175,-0.3080403384280913,0,0,0,0,117.43040084864819,0.5736021349309939,0.6113412133394047,0.3782143424092098,0.35039822500143014,
2023-03-22,2023-03-23,6244.3623,6271.5228,6242.157,6269.7384,12826638600.0,149867921197.4,6234.6793,Validation,0.0014757471711723813,14.757471711723813,0.44777052150702634,0.8135114753699175,-0.3657409538628912,0,0,0,0,14.757471711723813,0.5189820427836894,0.5238438107830558,0.3590415345913044,0.2853201395701834,
2023-03-23,2023-03-24,6253.5774,6305.7585,6245.9826,6305.7585,12917964800.0,164124553074.5,6269.7384,Validation,0.009411157204194831,94.1115720419483,0.4352282384936293,0.8135114753699175,-0.37828323687628823,0,0,0,0,94.1115720419483,0.5182403716040037,0.48925130446432685,0.36027060336033323,0.2673538384936448,
2023-03-24,2023-03-27,6312.4308,6315.6795,6279.5407,6310.0979,14102098900.0,179449338405.6,6305.7585,Validation,-0.0012596732149523504,-12.596732149523504,0.42619097915728954,0.8135114753699175,-0.387320496212628,0,0,0,0,-12.596732149523504,0.5178427617333391,0.4579338689586993,0.36169616926779063,0.26456124762877786,
2023-03-27,2023-03-28,6304.4792,6320.6622,6265.0053,6311.5998,14466486300.0,184209306469.8,6310.0979,Validation,0.0016024955717197642,16.024955717197642,0.42078017054387157,0.8135114753699175,-0.39273130482604596,0,0,0,0,16.024955717197642,0.5177810371542676,0.43018568616035263,0.3685009908536025,0.2700775487420579,
2023-03-28,2023-03-29,6314.5821,6331.5584,6272.7168,6279.9217,13915610400.0,174935282609.8,6311.5998,Validation,-0.00453366502274144,-45.336650227414395,0.4525988191861639,0.8135114753699175,-0.3609126561837536,0,0,0,0,-45.336650227414395,0.5183848225141703,0.40672642932824615,0.3976243968829271,0.46867007503245706,
2023-03-29,2023-03-30,6285.9539,6294.2951,6239.9373,6260.551,13154828400.0,166565424024.2,6279.9217,Validation,-0.004504344201442634,-45.04344201442634,0.5901830491063674,0.8135114753699175,-0.2233284262635501,0,0,0,0,-45.04344201442634,0.6767115052441264,0.6306164306966903,0.41232774259776817,0.5801027084798889,
2023-03-30,2023-03-31,6257.6398,6287.4396,6213.9745,6286.1773,12321859900.0,155158644767.8,6260.551,Validation,0.0043486683269944315,43.486683269944315,0.5022213379353516,0.8135114753699175,-0.3112901374345659,0,0,0,0,43.486683269944315,0.5606958774885562,0.49040455344517997,0.40254769161812376,0.5356935779287806,
2023-03-31,2023-04-03,6284.8522,6343.2299,6282.1402,6339.8183,12948983500.0,164138969077.5,6286.1773,Validation,0.009839579043720459,98.3957904372046,0.41594982501329314,0.8135114753699175,-0.3975616503566244,0,0,0,0,98.3957904372046,0.5090239399147755,0.40473639575409825,0.37076168064755516,0.29992453055412377,
2023-04-03,2023-04-04,6346.6925,6419.8686,6346.6925,6413.8073,16392104800.0,215330527397.2,6339.8183,Validation,0.010733968913729353,107.33968913729353,0.4245459959716279,0.8135114753699175,-0.3889654793982896,0,0,0,0,107.33968913729353,0.515686699872266,0.38963975538661155,0.38033600400102807,0.3527466601661254,
2023-04-04,2023-04-06,6414.8177,6423.3058,6377.5322,6408.8994,15749175500.0,218740913531.4,6413.8073,Validation,-0.004300792522911379,-43.00792522911379,0.44400981072847934,0.8135114753699175,-0.3695016646414382,0,0,0,0,-43.00792522911379,0.552631938273636,0.4246165364419255,0.387448863059382,0.32489732274149913,
2023-04-06,2023-04-07,6387.2289,6428.7215,6382.0333,6416.8456,14406444800.0,207002794759.6,6408.8994,Validation,0.004858319701052327,48.58319701052327,0.4158022855910374,0.8135114753699175,-0.39770918977888015,0,0,0,0,48.58319701052327,0.5088783084795933,0.35954723101620795,0.3918581656412851,0.3493852473897168,
2023-04-07,2023-04-10,6418.2601,6470.0888,6416.6812,6464.4664,12796462500.0,177737436540.0,6416.8456,Validation,0.008831271889401915,88.31271889401916,0.4202289376002028,0.8135114753699175,-0.3932825377697147,0,0,0,0,88.31271889401916,0.5080218790300347,0.3461065957850606,0.3965593768891298,0.39592868121603414,
2023-04-10,2023-04-11,6474.9415,6476.2165,6395.3745,6410.5218,14513418700.0,203397862936.4,6464.4664,Validation,-0.010704899804886203,-107.04899804886203,0.4231206542245136,0.8135114753699175,-0.3903908211454039,0,0,0,0,-107.04899804886203,0.5080773449711358,0.3376333541023215,0.3960774952138226,0.429374805241478,
2023-04-11,2023-04-12,6405.6279,6421.4857,6381.0566,6420.877,14239910900.0,188800337843.3,6410.5218,Validation,0.0015729761636638084,15.729761636638084,0.8207134035236807,0.8135114753699175,0.007201928153763193,1,0,0,1,15.729761636638084,0.9138752872042666,0.9271635717425459,0.48239631616423717,0.9016426014386554,预测大涨
2023-04-12,2023-04-13,6415.7038,6450.3488,6407.1996,6443.4391,14944795600.0,188164796583.5,6420.877,Validation,0.0035007850580632827,35.00785058063283,0.42387158511229905,0.8135114753699175,-0.38963989025761847,0,0,0,0,35.00785058063283,0.4719772380396423,0.5052550673211775,0.37684375592597785,0.24388924390734926,
2023-04-13,2023-04-14,6438.1638,6451.7864,6396.0167,6404.6463,15619957300.0,196031015021.2,6443.4391,Validation,-0.002772840293376766,-27.72840293376766,0.4344930013150594,0.8135114753699175,-0.3790184740548581,0,0,0,0,-27.72840293376766,0.4783523182853445,0.4766062850907236,0.39035041459272657,0.3282897628889986,
2023-04-14,2023-04-17,6420.3118,6444.886,6390.9182,6431.0688,14530066800.0,190743030851.0,6404.6463,Validation,0.00039797132594077134,3.9797132594077134,0.6154814678946653,0.8135114753699175,-0.19803000747525223,0,0,0,0,3.9797132594077134,0.6822864298496816,0.7235948129582525,0.4223026046505352,0.5499435068396569,
2023-04-17,2023-04-18,6422.8669,6459.2396,6421.3936,6459.2396,16882307900.0,196752268308.1,6431.0688,Validation,0.004030847969152207,40.308479691522066,0.4832036324297219,0.8135114753699175,-0.3303078429401956,0,0,0,0,40.308479691522066,0.49044655961445616,0.5154527922161862,0.41489882537552475,0.5052954922353702,
2023-04-18,2023-04-19,6448.7565,6462.2489,6422.053,6449.8531,14347134100.0,184598154225.6,6459.2396,Validation,-0.0006022711510351719,-6.022711510351719,0.3944974925674328,0.8135114753699175,-0.41901398280248475,0,0,0,0,-6.022711510351719,0.45333455022732094,0.4436757161637459,0.37722470595933144,0.20715693533276153,
2023-04-19,2023-04-20,6444.8726,6456.1491,6404.9942,6416.9696,14869977400.0,192403574162.7,6449.8531,Validation,-0.0055959058058028255,-55.959058058028255,0.4104086873601026,0.8135114753699175,-0.4031027880098149,0,0,0,0,-55.959058058028255,0.4548042191394482,0.41578564169086585,0.3909695767015672,0.33338728940564394,
2023-04-20,2023-04-21,6408.8077,6413.0794,6376.3489,6411.7564,15050129400.0,196199845238.5,6416.9696,Validation,0.00042223142379516077,4.222314237951608,0.5216718084570086,0.8135114753699175,-0.29183966691290897,0,0,0,0,4.222314237951608,0.5816502653346063,0.5624660530463241,0.4136612958921063,0.4713421143375517,
2023-04-21,2023-04-24,6411.5137,6411.5137,6250.5446,6250.5446,16231329700.0,210802112228.2,6411.7564,Validation,-0.02504091974411604,-250.40919744116042,0.38567379452214967,0.8135114753699175,-0.42783768084776785,0,0,0,0,-250.40919744116042,0.43821982863644104,0.3898400644167275,0.3874733038022047,0.2642481744536933,
2023-04-24,2023-04-25,6250.9635,6260.5395,6184.7122,6208.7797,14769484500.0,191204975164.8,6250.5446,Validation,-0.0072540977082972136,-72.54097708297213,0.8966729808394363,0.8135114753699175,0.08316150546951873,1,0,0,0,-72.54097708297213,0.9872515605959027,0.9685487739021083,0.6052954498773842,0.9790549660700902,预测大涨
2023-04-25,2023-04-26,6205.6184,6208.4027,6042.6423,6118.1526,16245927700.0,200847244830.6,6208.7797,Validation,-0.01780401128113196,-178.0401128113196,0.808094824160104,0.8135114753699175,-0.0054166512098134945,0,0,0,0,-178.0401128113196,0.6887652936146516,0.7877883334139105,0.9460121903212816,0.9075700569034093,
2023-04-26,2023-04-27,6095.1335,6178.1675,6093.1976,6142.1541,15216635400.0,197699832955.3,6118.1526,Validation,0.00533391106199721,53.3391106199721,0.8829531849563916,0.8135114753699175,0.06944170958647411,1,0,0,1,53.3391106199721,0.8540803438038209,0.8692109333989703,0.9345563744029661,0.897402527142051,预测大涨
2023-04-27,2023-04-28,6127.6444,6190.2503,6121.6098,6157.936,14313611600.0,179308956550.4,6142.1541,Validation,0.003916496851547047,39.16496851547046,0.717929617786807,0.8135114753699175,-0.09558185758311055,0,0,0,0,39.16496851547046,0.5345578218088051,0.7242442416092378,0.9139700572383141,0.826988488304984,
2023-04-28,2023-05-04,6151.6433,6245.55,6151.6433,6241.2441,16787648200.0,199335712325.8,6157.936,Validation,0.01163637039878429,116.36370398784291,0.6672385871401412,0.8135114753699175,-0.14627288822977635,0,0,0,0,116.36370398784291,0.44290250927804725,0.6653093209889923,0.9016326844750622,0.8250370845260846,
2023-05-04,2023-05-05,6223.2261,6264.5158,6218.7822,6262.3891,20248797000.0,215098748101.1,6241.2441,Validation,0.005218884783890321,52.18884783890321,0.5670617902488937,0.8135114753699175,-0.24644968512102383,0,0,0,0,52.18884783890321,0.39680047134527746,0.6066435390616758,0.8617651216211735,0.4543819518598244,
2023-05-05,2023-05-08,6255.7044,6256.2287,6172.6931,6200.5759,17826101700.0,192217857467.7,6262.3891,Validation,-0.008476375578104212,-84.76375578104212,0.5489184894395152,0.8135114753699175,-0.26459298593040237,0,0,0,0,-84.76375578104212,0.3955712479926876,0.5626268851227819,0.8515860789538053,0.43462374948615806,
2023-05-08,2023-05-09,6202.6787,6259.6869,6200.1467,6248.5828,20271825500.0,198162493586.1,6200.5759,Validation,0.006446053702572119,64.46053702572118,0.8057159525725858,0.8135114753699175,-0.007795522797331755,0,0,0,0,64.46053702572118,0.7572345234144332,0.766885993475125,0.8824300513661213,0.8712095321131048,
2023-05-09,2023-05-10,6242.6615,6274.898,6177.6544,6181.9757,22438946700.0,215437054342.0,6248.5828,Validation,-0.012098509586015438,-120.98509586015437,0.5833156142911718,0.8135114753699175,-0.23019586107874568,0,0,0,0,-120.98509586015437,0.4233485766038669,0.5806590621901431,0.8413880541684893,0.5730449307221837,
2023-05-10,2023-05-11,6167.1346,6199.1609,6137.1536,6173.8093,17545372700.0,180485291578.1,6181.9757,Validation,0.0030052854692030895,30.052854692030895,0.8856990692762684,0.8135114753699175,0.07218759390635088,1,0,0,1,30.052854692030895,0.9057449819929526,0.8747118959086067,0.8696055757363236,0.8844576117641465,预测大涨
2023-05-11,2023-05-12,6185.6686,6190.3906,6151.0696,6154.4703,14606494600.0,152275213604.4,6173.8093,Validation,-0.007554268264549413,-75.54268264549412,0.5944281406744273,0.8135114753699175,-0.21908333469549024,0,0,0,0,-75.54268264549412,0.38702634828591675,0.5999904785639436,0.8332126581073346,0.6970941467231107,
2023-05-12,2023-05-15,6138.9404,6173.9124,6088.2239,6091.6464,14041066400.0,142316419328.4,6154.4703,Validation,-0.007210462574290588,-72.10462574290588,0.532346617769725,0.8135114753699175,-0.2811648576001925,0,0,0,0,-72.10462574290588,0.37878467917000114,0.5574502645056497,0.8002049528483269,0.44642914477319234,
2023-05-15,2023-05-16,6094.6758,6159.3888,6036.8139,6159.3888,14984358300.0,159620224620.0,6091.6464,Validation,0.01058194104434551,105.81941044345511,0.7426598781591545,0.8135114753699175,-0.07085159721076306,0,0,0,0,105.81941044345511,0.6677006579911642,0.7160622175706532,0.8351752653020674,0.8212854697245052,
2023-05-16,2023-05-17,6159.1693,6159.1693,6095.6879,6110.8271,12184111600.0,142447474647.0,6159.3888,Validation,-0.009935138493432749,-99.35138493432748,0.4933167546145975,0.8135114753699175,-0.32019472075532,0,0,0,0,-99.35138493432748,0.34766749173485545,0.5198291780246064,0.7735639662937251,0.3710847812077332,
2023-05-17,2023-05-18,6097.9771,6137.0165,6090.8823,6122.0518,10726634900.0,125585549046.7,6110.8271,Validation,0.005664353839570868,56.64353839570868,0.5976967002578134,0.8135114753699175,-0.21581477511210412,0,0,0,0,56.64353839570868,0.43211466853538827,0.5555880715958426,0.8016801480630102,0.7427713770942699,
2023-05-18,2023-05-19,6132.5182,6153.992,6101.2437,6128.1762,12294211100.0,144557618052.5,6122.0518,Validation,-0.002556046225839159,-25.560462258391592,0.5072796087165068,0.8135114753699175,-0.30623186665341073,0,0,0,0,-25.560462258391592,0.33299111462793735,0.46243045339917876,0.7794125134690165,0.5819459364253399,
2023-05-19,2023-05-22,6116.8432,6149.1426,6085.0442,6117.0833,11930489600.0,147524516028.4,6128.1762,Validation,-0.0008172025727257726,-8.172025727257726,0.5099575674392718,0.8135114753699175,-0.30355390793064574,0,0,0,0,-8.172025727257726,0.34179843922823566,0.43239428459896023,0.7813607058669767,0.6298521445201748,
2023-05-22,2023-05-23,6111.8445,6136.8627,6086.233,6115.3151,11271568200.0,126363418363.6,6117.0833,Validation,0.0003876080289673123,3.876080289673123,0.540735620946404,0.8135114753699175,-0.2727758544235135,0,0,0,0,3.876080289673123,0.36841351002164113,0.41734607449486927,0.7944145252503786,0.7740433195337462,
2023-05-23,2023-05-24,6114.2135,6117.3597,6052.4297,6052.4297,11110424400.0,120628486661.7,6115.3151,Validation,-0.01333360374151138,-133.3360374151138,0.4876533567536012,0.8135114753699175,-0.3258581186163163,0,0,0,0,-133.3360374151138,0.34912421908508084,0.3762191612547578,0.7671102662873106,0.5927843658133323,
2023-05-24,2023-05-25,6032.689,6058.3946,5988.0278,6005.7913,10722341400.0,116914166402.6,6052.4297,Validation,-0.005382392495286936,-53.82392495286936,0.5224663827070052,0.8135114753699175,-0.29104509266291234,0,0,0,0,-53.82392495286936,0.43735259980955926,0.42066913400160066,0.7653901467200246,0.5474581810806335,
2023-05-25,2023-05-26,6000.2187,6028.6386,5926.2038,5988.1885,10992283200.0,126769237204.5,6005.7913,Validation,-0.0028468962306325007,-28.468962306325007,0.5066057812713516,0.8135114753699175,-0.30690569409856594,0,0,0,0,-28.468962306325007,0.413585823110483,0.39407444278264003,0.7560319366788523,0.5582420710331288,
2023-05-26,2023-05-29,5983.1367,6045.1292,5953.8807,6034.9834,10638158800.0,123263014837.6,5988.1885,Validation,0.01059751818807686,105.9751818807686,0.4940431807459349,0.8135114753699175,-0.31946829462398263,0,0,0,0,105.9751818807686,0.3809639409701225,0.36194815721322426,0.7565812779906701,0.6045129727402692,
2023-05-29,2023-05-30,6046.5431,6058.9211,6012.4012,6025.1552,12513941700.0,146808330637.6,6034.9834,Validation,-0.00629797875748217,-62.9797875748217,0.45056579330736485,0.8135114753699175,-0.3629456820625527,0,0,0,0,-62.9797875748217,0.3584587280453261,0.32978697540558066,0.7359317255987364,0.46527808141668375,
2023-05-30,2023-05-31,6008.4621,6061.3089,5960.3372,6061.3089,12731201700.0,151849134859.6,6025.1552,Validation,0.005917970257314442,59.179702573144425,0.4595766685382734,0.8135114753699175,-0.35393480683164413,0,0,0,0,59.179702573144425,0.36762145694569803,0.3204891837574639,0.7376632496656993,0.516015542488702,
2023-05-31,2023-06-01,6044.02,6063.1925,6009.2476,6047.8021,11747610600.0,144653727477.5,6061.3089,Validation,-0.0025176620858302634,-25.176620858302634,0.416076558539431,0.8135114753699175,-0.39743491683048654,0,0,0,0,-25.176620858302634,0.35501907384283127,0.30057963706303326,0.7138598121990986,0.3384913523213583,
2023-06-01,2023-06-02,6028.8032,6094.2403,6008.2705,6051.4603,12625031500.0,154907281920.7,6047.8021,Validation,0.005491604038426745,54.91604038426745,0.4776916678012727,0.8135114753699175,-0.3358198075686448,0,0,0,0,54.91604038426745,0.35542701893718814,0.29932265229031296,0.7432967492146495,0.6844428368382386,
2023-06-02,2023-06-05,6061.911,6115.0679,6061.911,6105.2181,12230673800.0,142073539923.0,6051.4603,Validation,0.0066346239659407225,66.34623965940722,0.5166058420252594,0.8135114753699175,-0.29690563334465814,0,0,0,0,66.34623965940722,0.38529465441769417,0.3028707693516166,0.7643853480871453,0.8289816720351172,
2023-06-05,2023-06-06,6102.1295,6107.1211,6075.5921,6097.1059,11574795300.0,131118706647.8,6105.2181,Validation,-0.0022069344808234304,-22.069344808234305,0.46140549526091035,0.8135114753699175,-0.3521059801090072,0,0,0,0,-22.069344808234305,0.37738776070093194,0.2956840020596367,0.7231133012743025,0.5701075610346789,
2023-06-06,2023-06-07,6088.6625,6089.0746,5969.2945,5983.4202,12304538700.0,133636232835.4,6097.1059,Validation,-0.017467547265101357,-174.67547265101356,0.41956662728541344,0.8135114753699175,-0.3939448480845041,0,0,0,0,-174.67547265101356,0.3648484761418999,0.28450828625946456,0.6982490511212753,0.38900646248648013,
2023-06-07,2023-06-08,5982.3085,6010.0304,5969.1593,5987.011,9359789200.0,113593743557.7,5983.4202,Validation,-0.0017691832509140193,-17.69183250914019,0.6862080576192229,0.8135114753699175,-0.12730341775069465,0,0,0,0,-17.69183250914019,0.727463468388606,0.5847944303871616,0.7393883661595266,0.7028912331474737,
2023-06-08,2023-06-09,5971.7247,5992.9692,5922.3872,5966.1477,10898163200.0,124387889683.3,5987.011,Validation,-0.0005064868445793236,-5.064868445793236,0.42613583134686556,0.8135114753699175,-0.38737564402305197,0,0,0,0,-5.064868445793236,0.3363112062482384,0.32405299117760267,0.6895453827908384,0.43346999674219555,
2023-06-09,2023-06-12,5968.7001,6017.2812,5960.106,6009.5826,12755343200.0,158760400688.5,5966.1477,Validation,0.005179905085195946,51.799050851959464,0.4756571734676482,0.8135114753699175,-0.33785430190226934,0,0,0,0,51.799050851959464,0.3764296950220048,0.3339673556616885,0.7078183881907538,0.6152510760807995,
2023-06-12,2023-06-13,5999.6174,6045.6593,5987.2682,6027.7122,11361247100.0,151203107291.2,6009.5826,Validation,0.002844898076334035,28.448980763340348,0.449527093944632,0.8135114753699175,-0.36398438142528555,0,0,0,0,28.448980763340348,0.38141242535653724,0.3223807920418034,0.6907546693846341,0.48508887679428003,
2023-06-13,2023-06-14,6016.6857,6047.06,6014.0625,6044.0371,9868029800.0,134425849549.1,6027.7122,Validation,0.0049448818641133485,49.448818641133485,0.4910764792624048,0.8135114753699175,-0.32243499610751275,0,0,0,0,49.448818641133485,0.3900319130567726,0.32028764615913735,0.7103876801212223,0.7031237391992171,
2023-06-14,2023-06-15,6046.4375,6064.2896,6034.4718,6044.0766,10968902100.0,148046160093.7,6044.0371,Validation,0.0005012538374871145,5.012538374871145,0.4188290002011834,0.8135114753699175,-0.3946824751687341,0,0,0,0,5.012538374871145,0.3646349469703429,0.2997642798912497,0.6693975006610556,0.39782293572677924,
2023-06-15,2023-06-16,6049.4683,6100.2336,6046.1621,6096.8075,11841773400.0,165700035083.1,6044.0766,Validation,0.0075007253116774475,75.00725311677448,0.4043054729435561,0.8135114753699175,-0.4092060024263614,0,0,0,0,75.00725311677448,0.3679027288748878,0.2957020989842249,0.6642259004401395,0.3143266207105036,
2023-06-16,2023-06-19,6094.8437,6154.9321,6091.1847,6148.0125,11534956800.0,165690149218.5,6096.8075,Validation,0.008861769498699212,88.61769498699212,0.42626125955639105,0.8135114753699175,-0.3872502158135265,0,0,0,0,88.61769498699212,0.3838919555950748,0.2983468611706446,0.6700230222713028,0.40497380391624055,
2023-06-19,2023-06-20,6148.8548,6148.8548,6126.3881,6131.3849,11378720900.0,164780447140.9,6148.0125,Validation,-0.0042463191682456936,-42.46319168245694,0.4467640486820059,0.8135114753699175,-0.3667474266879116,0,0,0,0,-42.46319168245694,0.40661002122435363,0.30783265483642896,0.6739571087553214,0.4628308386584677,
2023-06-20,2023-06-21,6122.7448,6144.0071,6100.1435,6126.1133,10663083200.0,161419763306.8,6131.3849,Validation,-0.0030211940239613932,-30.21194023961393,0.40795631680757805,0.8135114753699175,-0.4055551585623395,0,0,0,0,-30.21194023961393,0.39163956741780886,0.294722927183271,0.6562609567598183,0.2993689611690441,
2023-06-21,2023-06-26,6104.2468,6104.2468,5990.7866,5990.8455,10644776600.0,154200972220.3,6126.1133,Validation,-0.02566685213317399,-256.6685213317399,0.4501922069412932,0.8135114753699175,-0.36331926842862433,0,0,0,0,-256.6685213317399,0.39000758349000814,0.29810042591607144,0.6773213552067502,0.5319425697044089,
2023-06-26,2023-06-27,5947.57,5970.6114,5875.9378,5887.0324,11108179100.0,148203624502.1,5990.8455,Validation,-0.008385811348163963,-83.85811348163963,0.7459861775763788,0.8135114753699175,-0.06752529779353877,0,0,0,0,-83.85811348163963,0.824222712758201,0.6993395054319764,0.7058146731701549,0.7166010351262679,
2023-06-27,2023-06-28,5897.6948,5956.181,5884.9486,5948.0029,9303915500.0,118625135535.9,5887.0324,Validation,0.008130261335327127,81.30261335327127,0.7035254990285396,0.8135114753699175,-0.10998597634137797,0,0,0,0,81.30261335327127,0.7182963355374176,0.6785567198224868,0.6913040818270951,0.7326372837097519,
2023-06-28,2023-06-29,5945.6446,5951.1273,5857.1313,5942.3112,9394430200.0,128454934662.7,5948.0029,Validation,-0.002848404359722334,-28.48404359722334,0.4458961412181608,0.8135114753699175,-0.36761533415175673,0,0,0,0,-28.48404359722334,0.3491379469546448,0.40933406383046883,0.6468299594289456,0.4392069394167637,
2023-06-29,2023-06-30,5928.709,5964.8577,5924.2783,5940.5782,8837685700.0,123484005846.8,5942.3112,Validation,0.0005334044899150125,5.3340448991501255,0.43517806151867866,0.8135114753699175,-0.37833341385123886,0,0,0,0,5.3340448991501255,0.3650944057304748,0.384270805814211,0.64172332178599,0.3891937946838774,
2023-06-30,2023-07-03,5931.8714,6016.4459,5927.9362,5998.7293,9450466800.0,133367471516.9,5940.5782,Validation,0.01304787221112047,130.47872211120472,0.43546195405347704,0.8135114753699175,-0.3780495213164405,0,0,0,0,130.47872211120472,0.3601626814663089,0.36381071373189255,0.6428185063707403,0.43574731942774486,
2023-07-03,2023-07-04,6009.2697,6056.1632,5997.8471,6042.3122,11307590500.0,153065229521.6,5998.7293,Validation,0.005566733009170877,55.66733009170876,0.4708617040902204,0.8135114753699175,-0.34264977127969715,0,0,0,0,55.66733009170876,0.39995445784459555,0.3721130803743161,0.6541821724938872,0.5422840498099636,
2023-07-04,2023-07-05,6042.7217,6059.5729,6027.2909,6055.2577,10558376500.0,144484638910.0,6042.3122,Validation,0.0012617493206743546,12.617493206743546,0.49846296163961046,0.8135114753699175,-0.31504851373030707,0,0,0,0,12.617493206743546,0.42523290592572943,0.37623422479229657,0.6614214943904696,0.6439091369819754,
2023-07-05,2023-07-06,6050.3461,6059.3789,6011.87,6020.8212,10412904100.0,142198505817.2,6055.2577,Validation,-0.006560104057518279,-65.6010405751828,0.42777692291101993,0.8135114753699175,-0.3857345524588976,0,0,0,0,-65.6010405751828,0.4032696898467913,0.33220760664889215,0.6270675889246563,0.3730764308624794,
2023-07-06,2023-07-07,6010.6552,6042.2947,5983.4842,5988.5525,9396503800.0,131979482562.6,6020.8212,Validation,-0.006102429565415846,-61.02429565415846,0.48995570157383783,0.8135114753699175,-0.3235557737960797,0,0,0,0,-61.02429565415846,0.4690965136470673,0.3692963645986919,0.6516226464143946,0.523143266468965,
2023-07-07,2023-07-10,5973.9756,5994.2828,5936.2272,5961.6057,9411834600.0,121687700019.0,5988.5525,Validation,0.0011102656663011246,11.102656663011246,0.39380198947439077,0.8135114753699175,-0.41970948589552676,0,0,0,0,11.102656663011246,0.1832806485004802,0.3905346468948108,0.6451585892404249,0.5012623638799184,
2023-07-10,2023-07-11,5980.6083,6003.4018,5958.7306,5984.2814,8516856400.0,113940191969.5,5961.6057,Validation,0.001741026911928012,17.41026911928012,0.3774677513437912,0.8135114753699175,-0.43604372402612634,0,0,0,0,17.41026911928012,0.17245776552689568,0.34953185471016973,0.6330157444837048,0.5106232997461506,
2023-07-11,2023-07-12,5991.0207,6029.2318,5972.1378,6029.2318,8453189700.0,117919697046.3,5984.2814,Validation,0.006613898029095511,66.1389802909551,0.3471978175157413,0.8135114753699175,-0.4663136578541762,0,0,0,0,66.1389802909551,0.17239201728110817,0.31920763917099343,0.6164368226278977,0.39743932308843055,
2023-07-12,2023-07-13,6030.6447,6033.5832,5960.431,5962.7938,9669224100.0,134419386322.7,6029.2318,Validation,-0.007361219605592106,-73.61219605592106,0.33815597693893745,0.8135114753699175,-0.4753554984309801,0,0,0,0,-73.61219605592106,0.18579051111831935,0.30975584001147793,0.6210405225305955,0.3226665812422752,
2023-07-13,2023-07-14,5986.2518,6049.0626,5986.2518,6044.0583,9965639800.0,138941870295.0,5962.7938,Validation,0.011141813312964821,111.41813312964821,0.5079004838506204,0.8135114753699175,-0.30561099151929716,0,0,0,0,111.41813312964821,0.34608449225872273,0.5353861700471736,0.6627641062483591,0.5907220343425441,
2023-07-14,2023-07-17,6052.9495,6055.5275,6026.3263,6030.5188,9496319700.0,137880575951.9,6044.0583,Validation,-0.006638862590874095,-66.38862590874095,0.3717235808338149,0.8135114753699175,-0.4417878945361026,0,0,0,0,-66.38862590874095,0.20657972458437826,0.3424209401634053,0.6301959355852901,0.41853440875380604,
2023-07-17,2023-07-18,6012.7648,6018.0694,5985.4382,6012.6895,8842021200.0,124991560881.3,6030.5188,Validation,0.0005350450428394105,5.350450428394105,0.33935293277966355,0.8135114753699175,-0.474158542590254,0,0,0,0,5.350450428394105,0.21298689286719216,0.3234597326268478,0.6168223121660122,0.2541734712048631,
2023-07-18,2023-07-19,6015.9819,6027.6063,5984.0598,6001.7998,8771991000.0,121310187887.2,6012.6895,Validation,-0.002925640451145628,-29.25640451145628,0.3691527818308884,0.8135114753699175,-0.4443586935390291,0,0,0,0,-29.25640451145628,0.2243722722110525,0.31451188592862356,0.6175752757897567,0.430852003408559,
2023-07-19,2023-07-20,5998.3813,6017.4492,5962.9863,5993.4126,7779103400.0,104054562581.1,6001.7998,Validation,-0.0002572860781624442,-2.572860781624442,0.37419951410407587,0.8135114753699175,-0.43931196126584166,0,0,0,0,-2.572860781624442,0.23756001302423696,0.3113855751090018,0.6256597406117701,0.4287250356920335,
2023-07-20,2023-07-21,5996.838,6009.4266,5920.151,5925.4843,9119536800.0,123684933457.2,5993.4126,Validation,-0.013754565322591672,-137.5456532259167,0.36208364888941325,0.8135114753699175,-0.4514278264805043,0,0,0,0,-137.5456532259167,0.24555027584346992,0.30506701738490066,0.6131061825005885,0.3643401880295736,
2023-07-21,2023-07-24,5914.3541,5961.0501,5904.7877,5925.6255,8197530700.0,107065413903.9,5925.4843,Validation,-0.00013242358958520661,-1.3242358958520661,0.4809513885817239,0.8135114753699175,-0.3325600867881936,0,0,0,0,-1.3242358958520661,0.3719527792588702,0.4948238546843409,0.6344730672139289,0.47720430959392646,
2023-07-24,2023-07-25,5913.5709,5954.2372,5896.4481,5916.7141,7592800100.0,99623302711.1,5925.6255,Validation,0.01072066287393314,107.20662873933139,0.36880119616198576,0.8135114753699175,-0.44471027920793177,0,0,0,0,107.20662873933139,0.2547136090899771,0.3259230904812139,0.6092162490841189,0.35570330586342214,
2023-07-25,2023-07-26,5976.9683,6016.7544,5971.7319,6016.6312,13189639200.0,145732847141.7,5916.7141,Validation,0.0063231220416544165,63.23122041654416,0.3607903473027921,0.8135114753699175,-0.45272112806712544,0,0,0,0,63.23122041654416,0.2645638379850447,0.3193828228704336,0.602203036509843,0.30579239969993754,
2023-07-26,2023-07-27,6014.7614,6015.5833,5984.3913,6001.5402,12182521900.0,120547387629.8,6016.6312,Validation,-0.0026456411055640894,-26.456411055640892,0.3586371983255967,0.8135114753699175,-0.4548742770443208,0,0,0,0,-26.456411055640892,0.27146899943193664,0.3122606344363221,0.6017531900376025,0.29074411917684645,
2023-07-27,2023-07-28,5998.8485,6017.6706,5952.8932,5961.1843,12300082500.0,117272101565.3,6001.5402,Validation,-0.00882412683034095,-88.2412683034095,0.3763803993982578,0.8135114753699175,-0.43713107597165973,0,0,0,0,-88.2412683034095,0.2813367232400135,0.31088384536360253,0.6062400724235846,0.3769101303853491,
2023-07-28,2023-07-31,5945.9139,6049.7643,5932.0603,6043.2438,16317187100.0,149147477703.5,5961.1843,Validation,0.019037561240165424,190.37561240165422,0.6416968285540324,0.8135114753699175,-0.1718146468158851,0,1,0,0,190.37561240165422,0.5137113844348941,0.673267621309261,0.6663568477933292,0.824509483531518,
2023-07-31,2023-08-01,6059.1096,6133.718,6059.1096,6088.2431,18655110300.0,179595743483.0,6043.2438,Validation,0.0045862514188552694,45.862514188552694,0.4096604804203814,0.8135114753699175,-0.40385099494953614,0,0,0,0,45.862514188552694,0.3189760916222267,0.42404474475892007,0.6061315255252812,0.30704465700478034,
2023-08-01,2023-08-02,6086.8982,6113.9839,6077.1053,6098.8789,18758860000.0,166628364673.4,6088.2431,Validation,0.00020327266192832205,2.0327266192832205,0.820308641568881,0.8135114753699175,0.0067971661989634224,1,0,0,1,2.0327266192832205,0.7874548424949492,0.9020988444431668,0.6849267321064498,0.9331402350818283,预测大涨
2023-08-02,2023-08-03,6088.1355,6111.2437,6059.8653,6077.4645,14715452900.0,135758673344.6,6098.8789,Validation,-0.0041872918235804635,-41.87291823580463,0.401159680563825,0.8135114753699175,-0.4123517948060925,0,0,0,0,-41.87291823580463,0.2889399692312373,0.42584440552987685,0.5825217514499583,0.3470554509865497,
2023-08-03,2023-08-04,6062.6427,6101.8106,6047.676,6098.6868,14647901100.0,138777463929.6,6077.4645,Validation,0.010475250339262221,104.7525033926222,0.5285747020095417,0.8135114753699175,-0.2849367733603758,0,0,0,0,104.7525033926222,0.3965433115500778,0.5317352305714123,0.6195968847900409,0.6784549804294423,
2023-08-04,2023-08-07,6126.1504,6164.1552,6105.6391,6128.556,19694350100.0,186850093568.5,6098.6868,Validation,-0.0016836347994330092,-16.83634799433009,0.39185774299908976,0.8135114753699175,-0.42165373237082776,0,0,0,0,-16.83634799433009,0.29304010232548766,0.3905653183392029,0.576155341250694,0.3506977749893403,
2023-08-07,2023-08-08,6115.8362,6117.9163,6072.5354,6090.7307,14531913700.0,154416328543.1,6128.556,Validation,-0.0063005284543100615,-63.005284543100615,0.6785380259467022,0.8135114753699175,-0.13497344942321532,0,0,0,0,-63.005284543100615,0.6031771222160592,0.7325157703330466,0.6422750859120515,0.7940804362458598,
2023-08-08,2023-08-09,6077.3032,6088.0983,6044.2376,6066.1019,12154572800.0,131357351526.3,6090.7307,Validation,-0.004583315836537594,-45.83315836537594,0.4923592323206286,0.8135114753699175,-0.3211522430492889,0,0,0,0,-45.83315836537594,0.3833661476730958,0.511226714312411,0.5969539317825701,0.5471337319508472,
2023-08-09,2023-08-10,6049.449,6062.0243,6012.247,6021.7506,9880917400.0,116294678353.9,6066.1019,Validation,-0.005967303799073287,-59.673037990732865,0.44334654939098445,0.8135114753699175,-0.3701649259789331,0,0,0,0,-59.673037990732865,0.3168215467482837,0.4050341116857991,0.5974557542960722,0.5673587892463018,
2023-08-10,2023-08-11,6013.3501,6040.4605,5999.5626,6031.7105,9984263800.0,103950301369.3,6021.7506,Validation,0.0027763558951938716,27.763558951938716,0.44129301455074,0.8135114753699175,-0.37221846081917753,0,0,0,0,27.763558951938716,0.329931073712542,0.401146439402673,0.6050311252481059,0.5230537431321498,
2023-08-11,2023-08-14,6030.0453,6030.0453,5913.3502,5913.3502,11307200700.0,115393420336.3,6031.7105,Validation,-0.027456377483598637,-274.56377483598635,0.4054880370727922,0.8135114753699175,-0.40802343829712534,0,0,0,0,-274.56377483598635,0.29521340616460345,0.33215525046051864,0.5870163767470933,0.5185525372720077,
2023-08-14,2023-08-15,5864.4821,5919.8035,5833.4629,5916.8029,10367570600.0,116321082192.1,5913.3502,Validation,0.009427379785164502,94.27379785164503,0.7068907906979889,0.8135114753699175,-0.10662068467192864,0,0,0,0,94.27379785164503,0.7013668678314117,0.8142941072285087,0.622776135627636,0.6463309735827908,
2023-08-15,2023-08-16,5919.7688,5926.4197,5830.9695,5879.7782,9241738100.0,107626210841.9,5916.8029,Validation,-0.010333545458734772,-103.33545458734773,0.3621320332832197,0.8135114753699175,-0.45137944208669784,0,0,0,0,-103.33545458734773,0.29331952763829483,0.34990534207792917,0.543260328353141,0.2807039116668017,
2023-08-16,2023-08-17,5858.5966,5891.8116,5833.2155,5833.2155,10495042500.0,114013689380.0,5879.7782,Validation,-0.008481058415935383,-84.81058415935382,0.4016275885286037,0.8135114753699175,-0.41188388684131383,0,0,0,0,-84.81058415935382,0.33423462949490335,0.3806785215979233,0.5561229273992561,0.3690674026567605,
2023-08-17,2023-08-18,5808.9095,5882.1512,5778.5287,5874.3609,11357638400.0,120852973476.6,5833.2155,Validation,0.01139632146102465,113.9632146102465,0.5144958519873849,0.8135114753699175,-0.2990156233825326,0,0,0,0,113.9632146102465,0.4458829614149678,0.5251531378558625,0.5671795768958366,0.5692078724348143,
2023-08-18,2023-08-21,5875.1097,5891.3976,5777.7972,5777.7972,10293184500.0,109766358594.4,5874.3609,Validation,-0.01879825324793505,-187.98253247935048,0.3726801261827401,0.8135114753699175,-0.4408313491871774,0,0,0,0,-187.98253247935048,0.32029461239112517,0.3426120110027174,0.528490711957835,0.3223789891142059,
2023-08-21,2023-08-22,5764.6679,5802.5119,5710.7783,5710.7783,9283569800.0,96691987125.6,5777.7972,Validation,-0.005449247128355927,-54.492471283559276,0.580231093431662,0.8135114753699175,-0.2332803819382555,0,0,0,0,-54.492471283559276,0.5728409697870687,0.6730611251187866,0.5442716309908554,0.482926811580064,
2023-08-22,2023-08-23,5733.2548,5754.5746,5646.5119,5741.0606,10617519300.0,120035178924.1,5710.7783,Validation,-0.0001500892651761232,-1.500892651761232,0.3745491336933351,0.8135114753699175,-0.43896234167658243,0,0,0,0,-1.500892651761232,0.3506880202907288,0.3839911798809301,0.4849423894754984,0.25693969214510753,
2023-08-23,2023-08-24,5732.3943,5732.3943,5629.4999,5629.4999,9418672500.0,101871329162.8,5741.0606,Validation,-0.014310774121033432,-143.10774121033432,0.37368280002524124,0.8135114753699175,-0.4398286753446763,0,0,0,0,-143.10774121033432,0.32958658409449565,0.33794249114602537,0.4720281106617182,0.3947079972915475,
2023-08-24,2023-08-25,5650.3593,5701.3208,5619.333,5652.6729,10808677100.0,120640882887.6,5629.4999,Validation,-0.004528844740899984,-45.28844740899984,0.40053983830798867,0.8135114753699175,-0.41297163706192885,0,0,0,0,-45.28844740899984,0.40249013494591857,0.42375571768833314,0.44505979233655635,0.29455273224750383,
2023-08-25,2023-08-28,5624.7697,5648.624,5560.2171,5581.2116,10624160200.0,114730298316.4,5652.6729,Validation,0.046422273964390026,464.22273964390024,0.5138029796975646,0.8135114753699175,-0.2997084956723529,0,1,0,0,464.22273964390024,0.4403616788404491,0.49007232383695276,0.48029036952139453,0.7574742307672396,
2023-08-28,2023-08-29,5885.8843,5887.5085,5631.694,5644.1405,18574561900.0,181457042375.4,5581.2116,Validation,-0.04330331467779602,-433.0331467779602,0.5909758642385131,0.8135114753699175,-0.2225356111314044,0,0,0,0,-433.0331467779602,0.5678503141040577,0.666742103752598,0.47856055122930174,0.6620977945122478,
2023-08-29,2023-08-30,5631.006,5789.9623,5626.5175,5770.3155,16085189500.0,165476278766.7,5644.1405,Validation,0.02651014756510639,265.1014756510639,0.9039073940057712,0.8135114753699175,0.09039591863585372,1,1,1,1,265.1014756510639,0.9842216469764286,0.9678339918682785,0.6440898528412793,0.978617179284913,预测大涨
2023-08-30,2023-08-31,5780.2848,5817.7342,5753.2161,5775.1534,13600438400.0,145078565405.8,5770.3155,Validation,-0.0016144014218816283,-16.14401421881628,0.557339407987644,0.8135114753699175,-0.2561720673822735,0,0,0,0,-16.14401421881628,0.6350252670614257,0.5745051990993474,0.551700551793437,0.3699702502774114,
2023-08-31,2023-09-01,5770.9531,5777.422,5728.4729,5739.3984,11633513400.0,121252796160.9,5775.1534,Validation,-0.004252382505066543,-42.52382505066543,0.620631202309329,0.8135114753699175,-0.19288027306058853,0,0,0,0,-42.52382505066543,0.5596826910402034,0.5277001712247739,0.6499297023179036,0.872490655642402,
2023-09-01,2023-09-04,5746.4128,5775.1769,5732.9674,5750.8027,10417910300.0,107061408580.6,5739.3984,Validation,0.004457354682211534,44.57354682211534,0.5799775868788779,0.8135114753699175,-0.23353388849103962,0,0,0,0,44.57354682211534,0.5965723166933109,0.5381730578080235,0.5906890084683746,0.6031435072116448,
2023-09-04,2023-09-05,5772.0266,5829.784,5758.0309,5829.784,13564887300.0,135994054181.1,5750.8027,Validation,0.00830559235468531,83.0559235468531,0.5222087296764659,0.8135114753699175,-0.2913027456934516,0,0,0,0,83.0559235468531,0.5385861282204712,0.4700076007297917,0.5738677942418148,0.5077275196497799,
2023-09-05,2023-09-06,5819.9667,5822.0615,5779.3725,5788.7149,10651765800.0,114971726102.7,5829.784,Validation,-0.008267693352953298,-82.67693352953299,0.4669249027398535,0.8135114753699175,-0.34658657263006404,0,0,0,0,-82.67693352953299,0.5319459001903597,0.445377706256677,0.5399249144354645,0.26608786092162146,
2023-09-06,2023-09-07,5771.849,5800.9647,5748.6467,5790.3806,9048050200.0,106512753384.6,5788.7149,Validation,0.0017709403000667479,17.70940300066748,0.5305649059116351,0.8135114753699175,-0.28294656945828245,0,0,0,0,17.70940300066748,0.5688351849110727,0.457088613484833,0.5939929385920951,0.490610529849101,
2023-09-07,2023-09-08,5782.0706,5782.0706,5701.7975,5702.7008,9292051800.0,105713167275.8,5790.3806,Validation,-0.016847736172574512,-168.4773617257451,0.48792804812927487,0.8135114753699175,-0.32558342724064265,0,0,0,0,-168.4773617257451,0.5296550601887404,0.4161389414111266,0.5654760493057336,0.41826058264203886,
2023-09-08,2023-09-11,5684.6558,5732.3747,5683.3973,5708.6227,7952002800.0,93059123325.2,5702.7008,Validation,0.006748394511414402,67.48394511414402,0.5197546979310996,0.8135114753699175,-0.2937567774388179,0,0,0,0,67.48394511414402,0.6007682853119948,0.4739761003740821,0.5777243965584378,0.3480050348588879,
2023-09-11,2023-09-12,5723.0181,5802.2053,5704.7003,5774.7305,11283713700.0,132425678094.5,5708.6227,Validation,0.008989662290251887,89.89662290251887,0.46019690631551885,0.8135114753699175,-0.3533145690543987,0,0,0,0,89.89662290251887,0.5112297557515244,0.40016869596016535,0.5565891629396892,0.32426211652764125,
2023-09-12,2023-09-13,5774.4661,5793.829,5763.2995,5770.9259,8604120700.0,105032116597.9,5774.7305,Validation,-0.001669764759723802,-16.697647597238017,0.5913258458806071,0.8135114753699175,-0.22218562948931042,0,0,0,0,-16.697647597238017,0.623233791471573,0.5076396873633023,0.6287551506715195,0.618506944817583,
2023-09-13,2023-09-14,5764.8241,5770.4141,5681.5003,5715.3973,9147247300.0,101933192541.5,5770.9259,Validation,-0.008699189971815402,-86.99189971815402,0.4327705229699203,0.8135114753699175,-0.3807409523999972,0,0,0,0,-86.99189971815402,0.5053029367530791,0.3943933555886702,0.46955621583150203,0.29521885891322064,
2023-09-14,2023-09-15,5714.6748,5721.2073,5679.199,5702.102,9024779200.0,97979765540.8,5715.3973,Validation,0.000283288210905841,2.83288210905841,0.4637840366473538,0.8135114753699175,-0.34972743872256373,0,0,0,0,2.83288210905841,0.5373068483963707,0.4123981936507049,0.49458721892410473,0.35511891129429585,
2023-09-15,2023-09-18,5716.2937,5741.0711,5680.8954,5704.6632,9837596400.0,110557876200.1,5702.102,Validation,-0.005325303701592454,-53.25303701592454,0.4507769989217501,0.8135114753699175,-0.3627344764481674,0,0,0,0,-53.25303701592454,0.4977994470452056,0.373969506941952,0.5181236961285874,0.3926656989646521,
2023-09-18,2023-09-19,5685.8527,5734.1861,5665.579,5719.6887,9230572200.0,109249767455.6,5704.6632,Validation,0.004861504766030755,48.61504766030755,0.4868535849576121,0.8135114753699175,-0.3266578904123054,0,0,0,0,48.61504766030755,0.5013996151854836,0.3665293819698262,0.5679628543069003,0.5549853805967392,
2023-09-19,2023-09-20,5713.4945,5713.6003,5670.4201,5687.9007,8511210200.0,94544819485.1,5719.6887,Validation,-0.006225542004109741,-62.25542004109741,0.465478892279763,0.8135114753699175,-0.3480325830901545,0,0,0,0,-62.25542004109741,0.5032986491832158,0.35954473842720697,0.5502672519626776,0.45391268353789144,
2023-09-20,2023-09-21,5677.9249,5689.8254,5651.0062,5651.0062,7763415800.0,84080282560.4,5687.9007,Validation,-0.006954001804426846,-69.54001804426846,0.44611014879550237,0.8135114753699175,-0.36740132657441515,0,0,0,0,-69.54001804426846,0.5085254184179977,0.3494977007827192,0.5416093194979507,0.3512381251542039,
2023-09-21,2023-09-22,5638.4406,5666.6958,5609.2143,5611.9186,8193150900.0,84847061987.6,5651.0062,Validation,-0.005605432821266132,-56.05432821266132,0.425728666784024,0.8135114753699175,-0.38778280858589353,0,0,0,0,-56.05432821266132,0.5050178838685113,0.34058372258114483,0.5460253432695467,0.24083480266693313,
2023-09-22,2023-09-25,5606.8347,5700.323,5603.8126,5698.8168,10411898200.0,120276386023.4,5611.9186,Validation,0.015707222472601146,157.07222472601146,0.4361258711838475,0.8135114753699175,-0.37738560418607003,0,0,0,0,157.07222472601146,0.5113083896071347,0.3417229618018785,0.5564045680780273,0.27618490272331087,
2023-09-25,2023-09-26,5694.9025,5699.1544,5659.3191,5666.6642,9334071900.0,114172282948.0,5698.8168,Validation,-0.0059474942722899105,-59.4749427228991,0.4339087086459958,0.8135114753699175,-0.37960276672392174,0,0,0,0,-59.4749427228991,0.49804110034705007,0.33492226237818623,0.5640528110791243,0.29190551640437024,
2023-09-26,2023-09-27,5661.0321,5682.2786,5646.6544,5646.6544,7430961500.0,100424427689.8,5666.6642,Validation,-0.003293904657421187,-32.93904657421187,0.47789195359102193,0.8135114753699175,-0.3356195217788956,0,0,0,0,-32.93904657421187,0.503635287859697,0.3465485631855308,0.6126019409813037,0.467812068818059,
2023-09-27,2023-09-28,5642.3852,5701.5084,5641.8508,5674.3451,8108624000.0,102149151673.6,5646.6544,Validation,0.008020703726502099,80.20703726502099,0.4272664334956663,0.8135114753699175,-0.38624504187425124,0,0,0,0,80.20703726502099,0.4782809154890731,0.3306202823538788,0.5889625445987726,0.2656592709910335,
2023-09-28,2023-10-09,5687.6411,5704.6228,5677.531,5690.7697,7947733800.0,101456952317.7,5674.3451,Validation,-0.0014065409295955789,-14.065409295955789,0.46193811691069636,0.8135114753699175,-0.35157335845922116,0,0,0,0,-14.065409295955789,0.49726038422881585,0.3390643831745675,0.5990044929464302,0.41344106584878415,
2023-10-09,2023-10-10,5679.6412,5680.9516,5634.3532,5658.0832,9002983600.0,109095282387.9,5690.7697,Validation,-0.00246124702384376,-24.612470238437602,0.4402787637757748,0.8135114753699175,-0.37323271159414273,0,0,0,0,-24.612470238437602,0.48611866031485884,0.3287360431216486,0.5862712726984411,0.33732904500627553,
2023-10-10,2023-10-11,5665.6622,5678.4631,5627.4139,5630.3714,8772642500.0,104621240810.9,5658.0832,Validation,-0.004693184849601573,-46.931848496015725,0.4922360251387458,0.8135114753699175,-0.3212754502311717,0,0,0,0,-46.931848496015725,0.5022963155764266,0.34376187475478437,0.6269350836307299,0.5454764657041287,
2023-10-11,2023-10-12,5639.0722,5674.2543,5617.8727,5629.7886,9064482600.0,112202131187.6,5630.3714,Validation,0.0029332307538110225,29.332307538110225,0.47233153340760947,0.8135114753699175,-0.34117994196230805,0,0,0,0,29.332307538110225,0.5145295194084598,0.3595684922746968,0.6131919749650906,0.3863130279968629,
2023-10-12,2023-10-13,5655.6129,5677.8191,5642.4931,5671.6419,10050298600.0,119947478383.3,5629.7886,Validation,-0.001799327531769368,-17.99327531769368,0.4801994810373649,0.8135114753699175,-0.33331199433255265,0,0,0,0,-17.99327531769368,0.47751449317478684,0.33606281714167757,0.628184896576793,0.534664295696082,
2023-10-13,2023-10-16,5645.4366,5646.0737,5616.8508,5633.3831,8939170200.0,110878380412.7,5671.6419,Validation,-0.0021495945946855555,-21.495945946855556,0.4742956587341999,0.8135114753699175,-0.33921581663571765,0,0,0,0,-21.495945946855556,0.48072294209344957,0.3383061821500533,0.6036161845306279,0.520803542647962,
2023-10-16,2023-10-17,5633.3012,5636.3194,5559.4212,5580.6666,8986755000.0,107684372825.8,5633.3831,Validation,-0.008548522134765313,-85.48522134765312,0.4598810328792627,0.8135114753699175,-0.35363044249065484,0,0,0,0,-85.48522134765312,0.5106873790448326,0.33650930212686203,0.5849652337209978,0.39582729993674165,
2023-10-17,2023-10-18,5585.1448,5599.424,5556.5739,5595.3423,9251673700.0,105060399668.5,5580.6666,Validation,0.00015680882615609626,1.5680882615609626,0.5450551580437358,0.8135114753699175,-0.2684563173261817,0,0,0,0,1.5680882615609626,0.6247721642354677,0.43786711808105166,0.6108812517312766,0.47272471100063385,
2023-10-18,2023-10-19,5586.0206,5586.0206,5519.4562,5524.5988,9895356200.0,110310590720.5,5595.3423,Validation,-0.015979747729537475,-159.79747729537473,0.50106644959133,0.8135114753699175,-0.31244502577858757,0,0,0,0,-159.79747729537473,0.5411047471625129,0.35239734145293355,0.6035495664913287,0.5352417207572611,
2023-10-19,2023-10-20,5496.7574,5529.8697,5463.6516,5464.027,10807833500.0,117347195293.0,5524.5988,Validation,-0.009696935142162189,-96.96935142162188,0.6778110025170905,0.8135114753699175,-0.13570047285282705,0,0,0,0,-96.96935142162188,0.7526988311371318,0.6442907223316026,0.6422621928841382,0.6262144702694159,
2023-10-20,2023-10-23,5443.4557,5473.2111,5413.0233,5423.6748,9493611500.0,107713531625.7,5464.027,Validation,-0.007883245931440297,-78.83245931440297,0.8105430740436296,0.8135114753699175,-0.0029684013262879505,0,0,0,0,-78.83245931440297,0.8693771268765352,0.851190759110895,0.6755270035543606,0.8000343598287352,
2023-10-23,2023-10-24,5400.5436,5400.7943,5269.8274,5290.3343,10308312600.0,112227737477.3,5423.6748,Validation,-0.01645652856131008,-164.5652856131008,0.6156107625926186,0.8135114753699175,-0.19790071277729893,0,0,0,0,-164.5652856131008,0.6598004743378574,0.6197405939784574,0.610951625076884,0.5208867342929034,
2023-10-24,2023-10-25,5311.6694,5363.1951,5290.5047,5352.0123,11474572900.0,126190795980.9,5290.3343,Validation,0.014073936905787177,140.73936905787176,0.7784864470695521,0.8135114753699175,-0.03502502830036547,0,0,0,0,140.73936905787176,0.8628147436976615,0.8511154241789626,0.6374124050303619,0.6661649145972376,
2023-10-25,2023-10-26,5386.4255,5423.0139,5375.9983,5375.9983,11492124400.0,129741397087.7,5352.0123,Validation,-0.006546586414311384,-65.46586414311383,0.5972436408390387,0.8135114753699175,-0.21626783453087883,0,0,0,0,-65.46586414311383,0.6254905794505949,0.623892183213844,0.5859425669854526,0.5061229236822536,
2023-10-26,2023-10-27,5351.1628,5404.9918,5337.4926,5398.934,10248504400.0,116893043685.1,5375.9983,Validation,0.006748327671884713,67.48327671884712,0.7172037942538653,0.8135114753699175,-0.09630768111605226,0,0,0,0,67.48327671884712,0.7186721545912806,0.7311789968275286,0.6497522584907888,0.7823727857071765,
2023-10-27,2023-10-30,5387.2742,5514.3081,5380.9409,5492.0274,11254280400.0,132776259320.2,5398.934,Validation,0.018070325805952026,180.70325805952027,0.5251036437616448,0.8135114753699175,-0.28840783160827277,0,1,0,0,180.70325805952027,0.5529671331914481,0.5453036896325981,0.5570689372782669,0.3865913698637882,
2023-10-30,2023-10-31,5484.624,5559.7847,5483.1591,5546.3881,12303418500.0,153066651404.1,5492.0274,Validation,0.011432014300342352,114.32014300342352,0.6042867517356527,0.8135114753699175,-0.2092247236342648,0,0,0,0,114.32014300342352,0.6539097542049419,0.6342916030308066,0.5814062632564739,0.47779005338076486,
2023-10-31,2023-11-01,5547.3243,5554.1902,5505.9335,5528.2385,10567937500.0,127527068558.9,5546.3881,Validation,-0.002241801511406294,-22.41801511406294,0.6105378248151722,0.8135114753699175,-0.20297365055474537,0,0,0,0,-22.41801511406294,0.6527135853218458,0.6360693383146208,0.5734084121017574,0.5272871275954011,
2023-11-01,2023-11-02,5534.8883,5534.9432,5496.8278,5509.9662,8718578500.0,105639439602.5,5528.2385,Validation,-0.003680489812233345,-36.804898122333455,0.6331993057884685,0.8135114753699175,-0.18031216958144902,0,0,0,0,-36.804898122333455,0.5866949211836021,0.5535393794298745,0.648929737462378,0.8497966506497234,
2023-11-02,2023-11-03,5514.5172,5532.8505,5457.7453,5459.4517,9020264500.0,101795786004.1,5509.9662,Validation,-0.009497331878845161,-94.9733187884516,0.49515062703767554,0.8135114753699175,-0.318360848332242,0,0,0,0,-94.9733187884516,0.5371980148440624,0.46193516854972233,0.556399562760523,0.3797096936841061,
2023-11-03,2023-11-06,5462.144,5537.7293,5462.144,5510.357,9799057600.0,114009935832.3,5459.4517,Validation,0.015954705697982297,159.54705697982297,0.5420217361340676,0.8135114753699175,-0.27148973923584996,0,0,0,0,159.54705697982297,0.6287771458488723,0.5471416826986492,0.5571278121130168,0.3279357295310348,
2023-11-06,2023-11-07,5549.2909,5609.2576,5549.2909,5605.0621,13924104600.0,156664899021.4,5510.357,Validation,0.008140823902383687,81.40823902383687,0.5909806544047009,0.8135114753699175,-0.2225308209652166,0,0,0,0,81.40823902383687,0.6203899233578303,0.5336507506059165,0.5993348190008355,0.6173263132074881,
2023-11-07,2023-11-08,5594.4667,5631.1001,5578.5126,5611.0983,12057932100.0,139898836824.0,5605.0621,Validation,0.0015200733968083746,15.200733968083746,0.49469481952870087,0.8135114753699175,-0.31881665584121666,0,0,0,0,15.200733968083746,0.5772853825603502,0.46226123743345604,0.5416838464582557,0.3113387297249864,
2023-11-08,2023-11-09,5602.9707,5633.9706,5577.3911,5608.0173,12299455800.0,139708501031.2,5611.0983,Validation,-8.579377364936747e-05,-0.8579377364936747,0.5716287119059199,0.8135114753699175,-0.24188276346399762,0,0,0,0,-0.8579377364936747,0.5192645630170667,0.4183054105330579,0.6455995936478208,0.8495083433021275,
2023-11-09,2023-11-10,5602.49,5638.0805,5582.1194,5592.0568,10636280000.0,123039510738.4,5608.0173,Validation,-0.004489593020246319,-44.895930202463184,0.5785179591827415,0.8135114753699175,-0.234993516187176,0,0,0,0,-44.895930202463184,0.5281082820876226,0.391060641388306,0.6683898266833619,0.8901150113367784,
2023-11-10,2023-11-13,5577.3371,5585.2123,5550.8219,5573.0999,9432402400.0,109671917967.6,5592.0568,Validation,0.0021017915521011066,21.017915521011066,0.6358596842516233,0.8135114753699175,-0.1776517911182942,0,0,0,0,21.017915521011066,0.6465351144047025,0.5334670667219734,0.6419230936989172,0.7840242878631878,
2023-11-13,2023-11-14,5589.0595,5605.5688,5565.0914,5605.5688,10215893200.0,117833772398.6,5573.0999,Validation,0.002491188365412844,24.91188365412844,0.46107338708120515,0.8135114753699175,-0.35243808828871237,0,0,0,0,24.91188365412844,0.5155216320878988,0.35029219646309856,0.5364775658027555,0.43555720428153555,
2023-11-14,2023-11-15,5602.9829,5639.188,5600.7841,5630.5534,10107313600.0,116072656381.1,5605.5688,Validation,0.013308518218037024,133.08518218037025,0.2895007639728951,0.8135114753699175,-0.5240107113970225,0,0,0,0,133.08518218037025,0.12279425471131611,0.32261005675158305,0.5009654181098876,0.29504693435268164,
2023-11-15,2023-11-16,5677.5503,5684.7473,5649.7168,5664.617,11308793700.0,131864342620.6,5630.5534,Validation,-0.005370097733876422,-53.70097733876422,0.3511657307480346,0.8135114753699175,-0.46234574462188294,0,0,0,0,-53.70097733876422,0.14571749617995267,0.31327375090973947,0.5580030901322005,0.5696528247689968,
2023-11-16,2023-11-17,5647.0613,5652.4004,5609.3607,5609.3607,9466267700.0,105765074960.8,5664.617,Validation,-0.008519174388987083,-85.19174388987084,0.3391264086717708,0.8135114753699175,-0.47438506669814673,0,0,0,0,-85.19174388987084,0.17474560277501477,0.33353318929055453,0.5533572160759241,0.40365639493879485,
2023-11-17,2023-11-20,5598.953,5632.3894,5593.4903,5631.4233,8942234200.0,101443839223.4,5609.3607,Validation,0.0065429554418476865,65.42955441847687,0.3687895343930469,0.8135114753699175,-0.4447219409768706,0,0,0,0,65.42955441847687,0.20572625065638867,0.37587795143096003,0.5796515430577966,0.4129590206030668,
2023-11-20,2023-11-21,5635.5867,5669.3846,5609.2691,5659.7727,10310507200.0,119885024783.4,5631.4233,Validation,0.005958279374887576,59.58279374887576,0.31837413216573746,0.8135114753699175,-0.49513734320418007,0,0,0,0,59.58279374887576,0.18445915500917368,0.287176809515156,0.5230528384898151,0.37610555206634616,
2023-11-21,2023-11-22,5669.1651,5696.0944,5634.2723,5641.0844,11486120500.0,126740611037.5,5659.7727,Validation,-0.008167622424684717,-81.67622424684717,0.37487286718948143,0.8135114753699175,-0.4386386081804361,0,0,0,0,-81.67622424684717,0.21746759125664836,0.32489200651047534,0.573620558439296,0.5235475092665169,
2023-11-22,2023-11-23,5622.8615,5639.0036,5572.8986,5572.8986,10471840800.0,109971792008.8,5641.0844,Validation,-0.00998215943963765,-99.8215943963765,0.656422731831642,0.8135114753699175,-0.1570887435382755,0,0,0,0,-99.8215943963765,0.42816883433120545,0.7707087491624001,0.6903445913496101,0.8948191768540368,
2023-11-23,2023-11-24,5566.7332,5627.7947,5548.972,5622.9891,9804243200.0,101151204629.6,5572.8986,Validation,0.00944638410190013,94.4638410190013,0.648896453407613,0.8135114753699175,-0.1646150219623045,0,0,0,0,94.4638410190013,0.4958540900776374,0.870817662027083,0.6112249035977391,0.6375477413883156,
2023-11-24,2023-11-27,5619.3187,5619.3187,5556.7138,5570.4205,10124804400.0,100701104772.1,5622.9891,Validation,-0.01006707450139821,-100.6707450139821,0.3633551148122197,0.8135114753699175,-0.4501563605576978,0,0,0,0,-100.6707450139821,0.20717256615592144,0.47624042305913433,0.5182604217849751,0.2846989441872145,
2023-11-27,2023-11-28,5562.7486,5579.7151,5531.6548,5566.5069,9821865300.0,107690772117.8,5570.4205,Validation,-0.00021070518987675868,-2.107051898767587,0.5053904276320286,0.8135114753699175,-0.30812104773788895,0,0,0,0,-2.107051898767587,0.3209950822068619,0.6806586035496609,0.5570217991580343,0.5195180929563932,
2023-11-28,2023-11-29,5561.5765,5594.718,5529.5352,5591.4955,8937327200.0,98930980618.3,5566.5069,Validation,0.004890232113142767,48.90232113142767,0.43008735092798217,0.8135114753699175,-0.38342412444193535,0,0,0,0,48.90232113142767,0.21943572135596986,0.4415020194176137,0.568780872994342,0.6670428010704081,
2023-11-29,2023-11-30,5588.7739,5593.3712,5547.8408,5553.3349,8950915100.0,96924084400.2,5591.4955,Validation,-0.007201919548042501,-72.01919548042501,0.3448116599587592,0.8135114753699175,-0.46869981541115835,0,0,0,0,-72.01919548042501,0.22916380854122884,0.39612984528040424,0.504639547777098,0.2809931741579161,
2023-11-30,2023-12-01,5548.524,5560.3283,5509.9646,5545.0504,8784150500.0,95350481599.1,5553.3349,Validation,-0.001315304754922364,-13.15304754922364,0.35734296993301146,0.8135114753699175,-0.45616850543690607,0,0,0,0,-13.15304754922364,0.2524925173733025,0.39475219758852936,0.5142931514420407,0.2988775336503213,
2023-12-01,2023-12-04,5541.226,5576.7275,5521.0558,5566.8689,9337170800.0,107454844321.7,5545.0504,Validation,0.006712323229552508,67.12323229552509,0.35295406265812074,0.8135114753699175,-0.4605574127117968,0,0,0,0,67.12323229552509,0.2487858261306818,0.3381915209305199,0.5062384991935196,0.3893799130660566,
2023-12-04,2023-12-05,5578.4205,5590.8353,5559.0682,5559.0682,9930654300.0,119628388288.4,5566.8689,Validation,-0.006373416991422576,-63.73416991422576,0.3923154363230237,0.8135114753699175,-0.42119603904689384,0,0,0,0,-63.73416991422576,0.2649521581954936,0.33101260488866124,0.5504727422590545,0.5527760616921171,
2023-12-05,2023-12-06,5542.8669,5542.8669,5460.4088,5460.4088,9129824800.0,103824359571.7,5559.0682,Validation,-0.017032593728707357,-170.32593728707357,0.3311528845403844,0.8135114753699175,-0.48235859082953314,0,0,0,0,-170.32593728707357,0.2685308668000003,0.30405287670941983,0.5099391613418358,0.2658185553408926,
2023-12-06,2023-12-07,5448.4575,5513.0858,5443.0738,5481.824,8837399700.0,102084528903.4,5460.4088,Validation,0.004920713798354681,49.207137983546815,0.4753908257233062,0.8135114753699175,-0.3381206496466113,0,0,0,0,49.207137983546815,0.41440404830292815,0.5735424583480145,0.5284303243383126,0.36029306005273576,
2023-12-07,2023-12-08,5475.2678,5501.4783,5443.2936,5481.1355,8904868700.0,103621973820.8,5481.824,Validation,0.0017195688583488966,17.195688583488966,0.3559605660372982,0.8135114753699175,-0.4575509093326193,0,0,0,0,17.195688583488966,0.2909824428870938,0.3136620977898508,0.5010061940400032,0.36862365866079577,
2023-12-08,2023-12-11,5484.6829,5522.0575,5477.5286,5497.9897,11812377400.0,140788027712.1,5481.1355,Validation,-0.0020113286768137506,-20.113286768137506,0.3533932156890874,0.8135114753699175,-0.46011825968083014,0,0,0,0,-20.113286768137506,0.2774533422800624,0.2652572086786568,0.5112480428263975,0.4519530716377175,
2023-12-11,2023-12-12,5473.6514,5574.1237,5429.443,5564.8538,11860591100.0,140631297822.3,5497.9897,Validation,0.015854882537824633,158.54882537824633,0.4900889811374151,0.8135114753699175,-0.3234224942325024,0,0,0,0,158.54882537824633,0.3615993045449663,0.39509712967078603,0.5944598874079904,0.7858552878409284,
2023-12-12,2023-12-13,5560.4355,5576.0089,5545.1624,5566.1778,8423233100.0,110639096839.0,5564.8538,Validation,-0.0006095206031973,-6.0952060319729995,0.35366125583382235,0.8135114753699175,-0.4598502195360952,0,0,0,0,-6.0952060319729995,0.32895746399342424,0.3268624119380788,0.4859774265488022,0.27112005557912217,
2023-12-13,2023-12-14,5557.0463,5558.0572,5507.5128,5507.5128,7592989400.0,96464641302.3,5566.1778,Validation,-0.004329674201202893,-43.29674201202893,0.33985017515642457,0.8135114753699175,-0.47366130021349295,0,0,0,0,-43.29674201202893,0.29008123007693515,0.24520940044947093,0.48031543584035774,0.41809080574710034,
2023-12-14,2023-12-15,5532.9861,5557.3719,5487.7542,5489.3267,7411809700.0,89999982306.2,5507.5128,Validation,-0.00607572464351569,-60.7572464351569,0.31402806766255636,0.8135114753699175,-0.49948340770736116,0,0,0,0,-60.7572464351569,0.3072736902476953,0.25901954832489305,0.46279788649432113,0.2200875276163703,
2023-12-15,2023-12-18,5499.3692,5516.2199,5438.5282,5449.7864,8012541800.0,94631897359.6,5489.3267,Validation,-0.011343191870078484,-113.43191870078483,0.3102686677940346,0.8135114753699175,-0.5032428075758829,0,0,0,0,-113.43191870078483,0.30973634818001444,0.25311403589881776,0.4516925147980959,0.21696266315987264,
2023-12-18,2023-12-19,5436.9888,5448.0772,5374.5881,5385.2702,7802249300.0,88053828533.8,5449.7864,Validation,-0.010346572720547176,-103.46572720547175,0.3511807392142341,0.8135114753699175,-0.46233073615568343,0,0,0,0,-103.46572720547175,0.3474701631562565,0.30638157054088927,0.46038158104840815,0.28731310099380036,
2023-12-19,2023-12-20,5380.7346,5406.9585,5344.0325,5379.8735,7032372200.0,82191407660.2,5385.2702,Validation,0.0009777475365539967,9.777475365539967,0.3176360336679241,0.8135114753699175,-0.49587544170199344,0,0,0,0,9.777475365539967,0.325277506078322,0.2650795150805364,0.42268286247544834,0.248932422713411,
2023-12-20,2023-12-21,5385.9956,5388.463,5308.5727,5309.2865,7538709700.0,86209163297.2,5379.8735,Validation,-0.018481726943854304,-184.81726943854304,0.31232585093791704,0.8135114753699175,-0.5011856244320005,0,0,0,0,-184.81726943854304,0.31573234232578445,0.2458554722172485,0.41635411471939526,0.2783713568003359,
2023-12-21,2023-12-22,5286.4531,5352.5049,5253.3152,5338.762,8152231800.0,96981042377.4,5309.2865,Validation,0.009633604807730123,96.33604807730123,0.3346561985490297,0.8135114753699175,-0.4788552768208878,0,0,0,0,96.33604807730123,0.3366413425904082,0.2714489404664617,0.4838817215473756,0.235865374982869,
2023-12-22,2023-12-25,5337.3807,5366.2345,5293.2193,5311.6902,9038700400.0,108918439607.9,5338.762,Validation,-0.006708758848698815,-67.08758848698815,0.35703003560520197,0.8135114753699175,-0.45648143976471556,0,0,0,0,-67.08758848698815,0.3319164720404816,0.2615555038624473,0.5372684375219681,0.32964898609450005,
2023-12-25,2023-12-26,5301.5735,5339.6644,5288.4665,5315.3746,6591877200.0,81018151918.5,5311.6902,Validation,0.0021175600036478226,21.175600036478226,0.5460704087394125,0.8135114753699175,-0.26744106663050504,0,0,0,0,21.175600036478226,0.4797471400022227,0.5107907752790817,0.637341000583626,0.6232496495757258,
2023-12-26,2023-12-27,5312.7999,5313.9193,5238.0417,5258.2841,6753200700.0,80910364895.8,5315.3746,Validation,-0.009642749767405978,-96.42749767405978,0.35387167861365126,0.8135114753699175,-0.45963979675626626,0,0,0,0,-96.42749767405978,0.3270535140285935,0.2645332599911375,0.5414352534084832,0.3093025956034038,
2023-12-27,2023-12-28,5261.5699,5293.7973,5235.4559,5285.5301,7539791800.0,84253444705.4,5258.2841,Validation,0.0036339914442644616,36.33991444264461,0.3529046471177909,0.8135114753699175,-0.4606068282521266,0,0,0,0,36.33991444264461,0.3376235748501104,0.2738565750357364,0.5448448701418321,0.2597932451721504,
2023-12-28,2023-12-29,5280.6904,5400.2364,5275.4028,5382.7966,10769923900.0,126896204801.3,5285.5301,Validation,0.0182336764147355,182.336764147355,0.3732324476379534,0.8135114753699175,-0.44027902773196415,0,1,0,0,182.336764147355,0.33744020941774516,0.269682249331114,0.5904566037225842,0.331820586276497,
2023-12-29,2024-01-02,5376.9768,5437.1538,5374.6877,5429.2288,9093176600.0,112533613054.4,5382.7966,Validation,0.010136104734541407,101.36104734541406,0.5050479041780608,0.8135114753699175,-0.30846357119185674,0,0,0,0,101.36104734541406,0.45519773996419327,0.4643159229404794,0.64448394014967,0.49053592083733344,
2024-01-02,2024-01-03,5431.4784,5439.4778,5409.4554,5409.4554,9296474700.0,106839922689.4,5429.2288,Validation,-0.0061096625184038356,-61.09662518403836,0.43778412324351174,0.8135114753699175,-0.3757273521264058,0,0,0,0,-61.09662518403836,0.3649799570740599,0.3162711262079836,0.6325416832004807,0.5373490762249388,
2024-01-03,2024-01-04,5398.2939,5428.5204,5373.8317,5401.395,8670522900.0,99883598918.1,5409.4554,Validation,-0.0005837214605896035,-5.837214605896035,0.38514688995513996,0.8135114753699175,-0.42836458541477757,0,0,0,0,-5.837214605896035,0.35285856608242283,0.2939345703910181,0.6025172152916419,0.31449694008418666,
2024-01-04,2024-01-05,5395.1428,5395.1428,5331.892,5355.3216,7884656800.0,91011406056.3,5401.395,Validation,-0.008909884646612132,-89.09884646612132,0.42678224684447086,0.8135114753699175,-0.38672922852544667,0,0,0,0,-89.09884646612132,0.35750620985430376,0.29689309163570893,0.6215314259835505,0.5335197257476748,
2024-01-05,2024-01-08,5347.0727,5373.6788,5260.5939,5281.8711,8953888400.0,101084569596.5,5355.3216,Validation,-0.014744291769214102,-147.442917692141,0.40857875844218944,0.8135114753699175,-0.4049327169277281,0,0,0,0,-147.442917692141,0.377040474038348,0.32329533788861203,0.5980165551644538,0.36436662827599914,
2024-01-08,2024-01-09,5268.2339,5268.9787,5167.6997,5167.6997,8378515500.0,92792791379.5,5281.8711,Validation,-0.017486125663478957,-174.86125663478958,0.5914373053808198,0.8135114753699175,-0.22207416998909768,0,0,0,0,-174.86125663478958,0.560632775179055,0.654581226290024,0.639267986300922,0.48062788420332275,
2024-01-09,2024-01-10,5176.1129,5220.4578,5152.9987,5180.653,7874041800.0,90959823751.5,5167.6997,Validation,-0.0016191687008991762,-16.191687008991764,0.493445559834374,0.8135114753699175,-0.32006591553554353,0,0,0,0,-16.191687008991764,0.4716494303265946,0.5295363211825419,0.6039656509343819,0.3246383774165999,
2024-01-10,2024-01-11,5167.7319,5211.8158,5118.4332,5158.0784,7117394600.0,84227807644.4,5180.653,Validation,-0.0029747866757560137,-29.74786675756014,0.3945549517057603,0.8135114753699175,-0.4189565236641572,0,0,0,0,-29.74786675756014,0.35660816429899467,0.32343256803359627,0.582086523916058,0.34180013458226477,
2024-01-11,2024-01-12,5152.359,5243.1387,5146.8978,5223.8633,8504129500.0,106151947191.7,5158.0784,Validation,0.011795878353973333,117.95878353973333,0.3753118452833556,0.8135114753699175,-0.43819963008656193,0,0,0,0,117.95878353973333,0.35447528661025735,0.30930377192213065,0.5714678884693046,0.265389101465153,
2024-01-12,2024-01-15,5213.1356,5262.6165,5206.1607,5206.178,7661983100.0,93271394880.1,5223.8633,Validation,-0.004528502960866709,-45.285029608667095,0.4452087766179433,0.8135114753699175,-0.36830269875197424,0,0,0,0,-45.285029608667095,0.3866321042770372,0.3540689607757229,0.6301723183989569,0.4748540131173605,
2024-01-15,2024-01-16,5189.5279,5238.9581,5171.2399,5193.2956,7392509700.0,88027788849.7,5206.178,Validation,-0.00022327657203657925,-2.2327657203657925,0.40201984587169626,0.8135114753699175,-0.41149162949822127,0,0,0,0,-2.2327657203657925,0.38082661574125426,0.33550863333180925,0.5905796955794325,0.3041802884955504,
2024-01-16,2024-01-17,5188.3692,5210.0834,5124.0823,5190.3975,8307037100.0,92337607304.7,5193.2956,Validation,-0.0014347668242267186,-14.347668242267186,0.3850533791375749,0.8135114753699175,-0.4284580962323426,0,0,0,0,-14.347668242267186,0.3635795832812932,0.3036247624134451,0.5786978275078354,0.30692415809029266,
2024-01-17,2024-01-18,5180.9251,5180.9251,5061.5395,5061.5395,7874184900.0,87930639304.5,5190.3975,Validation,-0.02853195079002413,-285.3195079002413,0.40456234244941314,0.8135114753699175,-0.4089491329205044,0,0,0,0,-285.3195079002413,0.36229579655974503,0.295379431773725,0.6137100824114311,0.3978707036996372,
2024-01-18,2024-01-19,5033.1032,5069.2295,4924.6815,5066.9579,11875105500.0,123436419725.2,5061.5395,Validation,0.004643914315128672,46.43914315128672,0.4409739777153291,0.8135114753699175,-0.37253749765458843,0,0,0,0,46.43914315128672,0.4377506178875132,0.4227273798010184,0.5893155557428436,0.275785493911649,
2024-01-19,2024-01-22,5056.4765,5084.2902,5014.7667,5018.4332,7846738300.0,92039421274.4,5066.9579,Validation,-0.00945245172206366,-94.5245172206366,0.3747271731841128,0.8135114753699175,-0.4387843021858047,0,0,0,0,-94.5245172206366,0.3655291455870859,0.2981268360675132,0.5670070143410549,0.26393879019104877,
2024-01-22,2024-01-23,5008.6804,5008.7672,4753.6302,4780.9748,10970849200.0,115622857135.0,5018.4332,Validation,-0.04735460861108254,-473.5460861108254,0.3368767247363951,0.8135114753699175,-0.47663475063352245,0,0,0,0,-473.5460861108254,0.45030232194768993,0.44592478180597284,0.008095669000008769,0.3570871824281632,
2024-01-23,2024-01-24,4771.4963,4889.4223,4727.8806,4865.743,9994471800.0,107808853142.3,4780.9748,Validation,0.024040131813578114,240.40131813578114,0.7556246885560944,0.8135114753699175,-0.05788678681382309,0,1,0,0,240.40131813578114,0.9659723972174372,0.9654058226057156,0.028695785301574232,0.9410460650388698,
2024-01-24,2024-01-25,4886.2037,4941.4403,4766.8035,4933.7009,11402580500.0,112683270494.8,4865.743,Validation,0.00929629683674471,92.9629683674471,0.3908945649453386,0.8135114753699175,-0.42261691042457894,0,0,0,0,92.9629683674471,0.43624813202412605,0.5502793615929283,0.03115328730696945,0.5102390975223907,
2024-01-25,2024-01-26,4931.6273,5074.4943,4910.9591,5073.1779,13230776600.0,134822852027.2,4933.7009,Validation,0.02507498893924942,250.7498893924942,0.3320138365676357,0.8135114753699175,-0.4814976388022818,0,1,0,0,250.7498893924942,0.3923425883842825,0.4960537259571555,0.04111338806287959,0.31673354921964164,
2024-01-26,2024-01-29,5055.2878,5086.129,5009.9729,5027.0932,11700983600.0,119232918977.8,5073.1779,Validation,-0.0045846054501585964,-45.84605450158597,0.30830939333219165,0.8135114753699175,-0.5052020820377259,0,0,0,0,-45.84605450158597,0.3730830413477518,0.46044228657920133,0.053338852012455355,0.25501732243149705,
2024-01-29,2024-01-30,5032.1113,5050.1092,4927.9137,4927.9137,11687665700.0,117835011090.9,5027.0932,Validation,-0.02657930081951887,-265.7930081951887,0.7290766138667963,0.8135114753699175,-0.08443486150312118,0,0,0,0,-265.7930081951887,0.8882137962156963,0.9016649031303489,0.10199482658492803,0.9511180526767359,
2024-01-30,2024-01-31,4898.3613,4939.3511,4810.099,4814.9908,9967581100.0,95474113525.6,4927.9137,Validation,-0.022772615813374086,-227.72615813374085,0.7595109541944092,0.8135114753699175,-0.054000521175508354,0,0,0,0,-227.72615813374085,0.9577259946108275,0.9378968679866717,0.11267801712874913,0.9155239326383428,
2024-01-31,2024-02-01,4786.8128,4832.401,4690.9429,4696.9796,12109315800.0,116592536773.1,4814.9908,Validation,-0.024839116332270206,-248.39116332270206,0.5289754477507852,0.8135114753699175,-0.2845360276191323,0,0,0,0,-248.39116332270206,0.6406871442504644,0.720218950452553,0.09670473383584673,0.5512841945939135,
2024-02-01,2024-02-02,4667.9126,4771.0465,4629.9901,4678.7308,11147191000.0,107508825587.6,4696.9796,Validation,0.0038962383314546933,38.96238331454693,0.7489913446562954,0.8135114753699175,-0.06452013071362217,0,0,0,0,38.96238331454693,0.9370618086453731,0.9095700615242978,0.13940043240293,0.9065163585088777,
2024-02-02,2024-02-05,4686.0999,4724.0488,4435.5569,4563.2221,13750183200.0,124953077788.8,4678.7308,Validation,-0.033800133027467094,-338.0013302746709,0.5276904953335432,0.8135114753699175,-0.28582098003637435,0,0,0,0,-338.0013302746709,0.5420760081366813,0.6714302687486731,0.13383484087753086,0.7871282020274138,
2024-02-05,2024-02-06,4527.7091,4598.0608,4281.2399,4460.2635,16595833700.0,143547017412.4,4563.2221,Validation,-0.02571081697806077,-257.1081697806077,0.6928571626846456,0.8135114753699175,-0.12065431268527194,0,0,0,0,-257.1081697806077,0.8363557205198197,0.8292548465964497,0.1595179900014667,0.8825681428786146,
2024-02-06,2024-02-07,4411.298,4817.1179,4405.3085,4805.9013,17305833500.0,156485198829.2,4460.2635,Validation,0.09127846271097528,912.7846271097528,0.6607329558553288,0.8135114753699175,-0.15277851951458876,0,1,0,0,912.7846271097528,0.8076360476345876,0.8104838841892882,0.15470993159022825,0.7822814196044876,
2024-02-07,2024-02-08,4813.9545,5110.8041,4813.2326,5109.5685,22719893400.0,212618286127.8,4805.9013,Validation,0.0660265276707539,660.265276707539,0.33301985155185276,0.8135114753699175,-0.48049162381806476,0,1,0,0,660.265276707539,0.34132103258494956,0.5270194827892666,0.1249263701914237,0.2620090240616377,
2024-02-08,2024-02-19,5131.8032,5367.2243,5129.7843,5150.2288,21367612300.0,212255665093.8,5109.5685,Validation,0.018187505709494012,181.87505709494013,0.31595724691333277,0.8135114753699175,-0.49755422845658476,0,1,0,0,181.87505709494013,0.3280084729173374,0.4885304795875049,0.13311091183268495,0.2397589452109123,
2024-02-19,2024-02-20,5225.1379,5225.1379,5074.7611,5141.6037,16294989300.0,172805832899.6,5150.2288,Validation,-0.022500879833238452,-225.00879833238452,0.788242651937698,0.8135114753699175,-0.025268823432219478,0,0,0,0,-225.00879833238452,0.9482588134235496,0.9208453922340554,0.24802631133865705,0.9589509815853194,
2024-02-20,2024-02-21,5107.5677,5151.7201,5072.8837,5140.9575,12164637900.0,133242205643.5,5141.6037,Validation,-0.0012053486828965676,-12.053486828965676,0.6417843923409983,0.8135114753699175,-0.17172708302891926,0,0,0,0,-12.053486828965676,0.5814088467975348,0.6008208534672016,0.6600610115724714,0.8166382682067262,
2024-02-21,2024-02-22,5101.4113,5252.8785,5074.8224,5139.0372,15087250100.0,155561259421.7,5140.9575,Validation,0.006299531268925573,62.995312689255734,0.4772577883681246,0.8135114753699175,-0.3362536870017929,0,0,0,0,62.995312689255734,0.44938731153520767,0.49039262862548993,0.5369094213366593,0.4314755858559484,
2024-02-22,2024-02-23,5133.5478,5184.6228,5117.6799,5176.3431,11661480600.0,127546517889.3,5139.0372,Validation,0.011122678160316202,111.22678160316201,0.5801673058280488,0.8135114753699175,-0.23334416954186876,0,0,0,0,111.22678160316201,0.48468020030441133,0.49221903971457875,0.6397650751651387,0.8550399379258518,
2024-02-23,2024-02-26,5190.6466,5197.7115,5118.568,5197.7115,13526500400.0,145442447176.8,5176.3431,Validation,0.0007880328435381223,7.880328435381223,0.46809244599954686,0.8135114753699175,-0.34541902937037067,0,0,0,0,7.880328435381223,0.4699135584228839,0.46994811232838785,0.5016532600159055,0.41482904675199117,
2024-02-26,2024-02-27,5194.737,5255.3615,5162.9504,5195.4642,14401894400.0,152600869381.9,5197.7115,Validation,-0.003834188333307287,-38.34188333307287,0.4193721719603775,0.8135114753699175,-0.39413930340954,0,0,0,0,-38.34188333307287,0.4391807270287801,0.42742042501957944,0.4819279733114494,0.27718032272869497,
2024-02-27,2024-02-28,5174.8194,5307.8043,5160.8782,5307.8043,13897175100.0,157201596730.4,5195.4642,Validation,0.026398196621122638,263.9819662112264,0.551372953282407,0.8135114753699175,-0.26213852208751054,0,1,0,0,263.9819662112264,0.4571202201616482,0.43656970998626293,0.6209217808011597,0.856936049093986,
2024-02-28,2024-02-29,5311.4253,5383.3193,5184.0471,5184.0471,20256098500.0,214135426954.0,5307.8043,Validation,-0.02961099725905969,-296.1099725905969,0.39383428424104444,0.8135114753699175,-0.4196771911288731,0,0,0,0,-296.1099725905969,0.4151746692750673,0.3943333757929539,0.4542887556709778,0.264487657611746,
2024-02-29,2024-03-01,5154.1487,5349.7678,5154.1487,5346.7929,16079016500.0,178975999913.2,5184.0471,Validation,0.03816496408029524,381.6496408029524,0.8827094679434286,0.8135114753699175,0.06919799257351111,1,1,1,1,381.6496408029524,0.9774036496444944,0.9423564306938137,0.6235954026270811,0.9333839868254672,预测大涨
2024-03-01,2024-03-04,5350.8566,5387.7839,5321.5587,5379.0482,14229839500.0,171103270101.0,5346.7929,Validation,0.006744247266876835,67.44247266876835,0.4550054703167292,0.8135114753699175,-0.3585060050531883,0,0,0,0,67.44247266876835,0.4420431652599398,0.5125859001398945,0.5252296806405303,0.2852263271766409,
2024-03-04,2024-03-05,5386.9441,5400.1227,5325.9642,5388.82,14392846900.0,175906403369.0,5379.0482,Validation,-0.005332058299992393,-53.32058299992393,0.48037308426074987,0.8135114753699175,-0.33313839110916765,0,0,0,0,-53.32058299992393,0.46321450746212534,0.5085606789384125,0.5249389796746045,0.4062286630778675,
2024-03-05,2024-03-06,5358.2206,5382.9834,5329.9702,5351.8268,14081647900.0,174282675002.5,5388.82,Validation,-0.004738102794797139,-47.38102794797139,0.4666104859351396,0.8135114753699175,-0.34690098943477793,0,0,0,0,-47.38102794797139,0.44840714311628666,0.47551087754885074,0.5161160960210095,0.4216466902331361,
2024-03-06,2024-03-07,5332.8328,5405.4908,5293.9518,5350.1016,12109956400.0,146843351594.8,5351.8268,Validation,0.004031797134161019,40.31797134161019,0.5797985001207001,0.8135114753699175,-0.23371297524921741,0,0,0,0,40.31797134161019,0.5612449761806088,0.5577535796815606,0.5646867054176107,0.6785820669786364,
2024-03-07,2024-03-08,5354.3337,5384.6567,5277.2988,5277.2988,13983134200.0,157442183149.0,5350.1016,Validation,-0.013433230730464207,-134.3323073046421,0.5135813033469738,0.8135114753699175,-0.2999301720229437,0,0,0,0,-134.3323073046421,0.4379097979666143,0.44730763724121775,0.5622943810553526,0.7233816861162898,
2024-03-08,2024-03-11,5282.4077,5361.7104,5268.5296,5349.595,12146797800.0,144003562005.9,5277.2988,Validation,0.011314935043730268,113.14935043730267,0.8332235606819562,0.8135114753699175,0.01971208531203872,1,0,0,1,113.14935043730267,0.9144443719089672,0.877511489357646,0.6225074300250055,0.8728601412954086,预测大涨
2024-03-11,2024-03-12,5342.1778,5443.0421,5339.2607,5441.0507,14298173200.0,173588864750.5,5349.595,Validation,0.019411521645722685,194.11521645722684,0.4874308189486399,0.8135114753699175,-0.32608065642127765,0,1,0,0,194.11521645722684,0.48008404926558984,0.5254839511239162,0.5291934907053532,0.37902604955290686,
2024-03-12,2024-03-13,5445.8776,5473.2901,5385.1402,5423.7183,14707253600.0,178848761377.9,5441.0507,Validation,-0.002907501997474138,-29.07501997474138,0.4383852204672181,0.8135114753699175,-0.3751262549026994,0,0,0,0,-29.07501997474138,0.447529948933017,0.47034340301189365,0.4982163211963941,0.2807580895215963,
2024-03-13,2024-03-14,5430.0437,5459.3222,5389.5251,5415.1126,12974630100.0,164526330861.1,5423.7183,Validation,-0.0027428508540363605,-27.428508540363605,0.6000855755833026,0.8135114753699175,-0.21342589978661497,0,0,0,0,-27.428508540363605,0.5594358181761282,0.5560933188713404,0.6093043333728045,0.7507769673589163,
2024-03-14,2024-03-15,5415.1499,5447.5416,5352.1195,5392.9267,13188735700.0,157337167775.7,5415.1126,Validation,-0.006487521241101746,-64.87521241101746,0.5603733877922594,0.8135114753699175,-0.2531380875776581,0,0,0,0,-64.87521241101746,0.4832449958918814,0.48395389816058837,0.6161758149317769,0.7812769901191507,
2024-03-15,2024-03-18,5380.019,5456.7336,5357.1797,5454.1463,13640503000.0,158718756617.2,5392.9267,Validation,0.017155273986950492,171.55273986950493,0.6075822450072118,0.8135114753699175,-0.20592923036270572,0,1,0,0,171.55273986950493,0.5789104895494878,0.5674455878501055,0.6091940281415726,0.736532673570065,
2024-03-18,2024-03-19,5472.3147,5528.447,5459.5453,5528.447,15986263800.0,190794115131.3,5454.1463,Validation,0.007717995458119464,77.17995458119464,0.41186651931801693,0.8135114753699175,-0.4016449560519006,0,0,0,0,77.17995458119464,0.4264313981320775,0.4179592263715838,0.4873295604470922,0.26649223294191765,
2024-03-19,2024-03-20,5514.55,5533.639,5477.1172,5478.2248,14677724000.0,176661748327.6,5528.447,Validation,-0.00815007570880677,-81.5007570880677,0.3942532216580602,0.8135114753699175,-0.4192582537118573,0,0,0,0,-81.5007570880677,0.41325276581711157,0.38712492078127325,0.47590217992852,0.25408639923257076,
2024-03-20,2024-03-21,5469.606,5499.2382,5455.7613,5493.414,12627326200.0,157036230421.8,5478.2248,Validation,0.00659873855630555,65.9873855630555,0.6432077471053698,0.8135114753699175,-0.17030372826454776,0,0,0,0,65.9873855630555,0.6938472188499402,0.6467748771849946,0.5766518514165907,0.6208707485808851,
2024-03-21,2024-03-22,5505.6985,5517.4566,5454.2313,5465.8286,12948945800.0,159252387801.8,5493.414,Validation,-0.009314749073164874,-93.14749073164874,0.40991357087569247,0.8135114753699175,-0.40359790449422506,0,0,0,0,-93.14749073164874,0.40313419174151266,0.3873134752605737,0.47988252552091354,0.3676626062251032,
2024-03-22,2024-03-25,5454.4143,5463.5407,5356.108,5384.5656,13709602900.0,163185963748.5,5465.8286,Validation,-0.015517376448650144,-155.17376448650145,0.5854679484053456,0.8135114753699175,-0.22804352696457197,0,0,0,0,-155.17376448650145,0.5664379608993162,0.5381421198101649,0.5831646621116074,0.7118938905511135,
2024-03-25,2024-03-26,5369.7761,5401.5975,5292.6372,5294.7463,13077825400.0,156251665726.7,5384.5656,Validation,-0.01457293535944626,-145.7293535944626,0.7829978210839572,0.8135114753699175,-0.030513654285960312,0,0,0,0,-145.7293535944626,0.8369110298006067,0.8179089766268882,0.6231220949962606,0.8271668537315305,
2024-03-26,2024-03-27,5291.5227,5318.8757,5237.8993,5284.4188,11646811200.0,145296216679.9,5294.7463,Validation,-0.002039016104003588,-20.39016104003588,0.8122847214515707,0.8135114753699175,-0.0012267539183468124,0,0,0,0,-20.39016104003588,0.8939346931365663,0.8817621771792543,0.6026319616780155,0.8054655287861475,
2024-03-27,2024-03-28,5280.7332,5282.6954,5156.684,5156.684,11010714200.0,129828707609.3,5284.4188,Validation,-0.023529478823129946,-235.29478823129946,0.4953383704955251,0.8135114753699175,-0.31817310487439243,0,0,0,0,-235.29478823129946,0.4276517891847899,0.5066518484230086,0.5103624780019558,0.5987156215863986,
2024-03-28,2024-03-29,5156.4803,5276.6382,5156.4803,5223.806,11631819200.0,140612607112.3,5156.684,Validation,0.012425549264679425,124.25549264679425,0.7133805196222893,0.8135114753699175,-0.1001309557476282,0,0,0,0,124.25549264679425,0.7949884304058386,0.7989845810015533,0.5385763003747477,0.6305124032589041,
2024-03-29,2024-04-01,5220.5524,5287.0376,5211.1946,5286.1612,10904714900.0,126574031377.1,5223.806,Validation,0.017101657671322545,171.01657671322545,0.5673269809207823,0.8135114753699175,-0.24618449444913526,0,1,0,0,171.01657671322545,0.5490629062470539,0.6260516748239335,0.5072185978371341,0.5860189520119563,
2024-04-01,2024-04-02,5309.8325,5401.7799,5309.8325,5401.2249,13673485400.0,166553105409.3,5286.1612,Validation,0.016130188664143175,161.30188664143174,0.37904770112875885,0.8135114753699175,-0.4344637742411587,0,1,0,0,161.30188664143174,0.3798336142284784,0.4478206070330117,0.3907615112307829,0.24091856156912925,
2024-04-02,2024-04-03,5395.4811,5402.1597,5353.3119,5381.2291,13214864200.0,155779915085.8,5401.2249,Validation,-0.004073594104518352,-40.73594104518352,0.3683163530133712,0.8135114753699175,-0.44519512235654635,0,0,0,0,-40.73594104518352,0.38509991524914083,0.40987213860569494,0.39068149374736394,0.22917658996655388,
2024-04-03,2024-04-08,5373.5021,5386.3422,5350.1601,5374.5954,13362805300.0,154114398165.9,5381.2291,Validation,-0.0027069124993920335,-27.069124993920333,0.4320663109323436,0.8135114753699175,-0.3814451644375739,0,0,0,0,-27.069124993920333,0.40789478879854135,0.4032126708847263,0.45288600034567383,0.5052975926066745,
2024-04-08,2024-04-09,5358.9565,5383.6587,5297.559,5298.5912,14858855900.0,161260958590.0,5374.5954,Validation,-0.012032603735447456,-120.32603735447455,0.3732556338304619,0.8135114753699175,-0.44025584153945563,0,0,0,0,-120.32603735447455,0.3916727242125376,0.3526289040759331,0.4081097101523039,0.3222917388964437,
2024-04-09,2024-04-10,5294.4743,5342.8982,5284.9557,5342.8982,11330074500.0,133262737277.5,5298.5912,Validation,0.007792256164129485,77.92256164129485,0.7834073282102643,0.8135114753699175,-0.03010414715965326,0,0,0,0,77.92256164129485,0.8504196624260978,0.8371253558703814,0.583183954937698,0.8223067078461915,
2024-04-10,2024-04-11,5335.7302,5335.7302,5242.863,5275.4727,11790861800.0,132251020973.6,5342.8982,Validation,-0.01718149092321042,-171.81490923210418,0.3614575683601448,0.8135114753699175,-0.4520539070097727,0,0,0,0,-171.81490923210418,0.39157153111671256,0.3900242641660424,0.35681645376146004,0.25385521241530906,
2024-04-11,2024-04-12,5244.0544,5353.8091,5240.5101,5301.8094,12774514300.0,141290912857.4,5275.4727,Validation,0.01214100677521568,121.41006775215679,0.6131311001895869,0.8135114753699175,-0.20038037518033058,0,0,0,0,121.41006775215679,0.6330971168919035,0.6058839303144008,0.5128153964696758,0.7213199545936178,
2024-04-12,2024-04-15,5307.7225,5336.4477,5270.4618,5277.219,11852493300.0,136145117631.0,5301.8094,Validation,-0.007099278457002867,-70.99278457002866,0.5163277362450301,0.8135114753699175,-0.2971837391248874,0,0,0,0,-70.99278457002866,0.5172595005758353,0.49056908660589377,0.474543028443108,0.6168793471382011,
2024-04-15,2024-04-16,5270.0415,5376.0484,5219.4286,5339.7223,15921762400.0,169269295711.9,5277.219,Validation,0.007411516588626377,74.11516588626377,0.542406104805072,0.8135114753699175,-0.2711053705648455,0,0,0,0,74.11516588626377,0.5371957078124271,0.4880238926920224,0.5085923150061353,0.6951410305858168,
2024-04-16,2024-04-17,5309.1005,5346.7615,5184.6535,5191.554,16258397300.0,168778499341.7,5339.7223,Validation,-0.018430975265960714,-184.30975265960714,0.4694606746245782,0.8135114753699175,-0.34405080074533934,0,0,0,0,-184.30975265960714,0.5400462057102678,0.4841316260521731,0.40471357222235016,0.38281952187226004,
2024-04-17,2024-04-18,5211.2486,5339.7467,5211.2486,5339.7467,14759455200.0,155660732929.5,5191.554,Validation,0.020446155648763398,204.46155648763397,0.8457474175604083,0.8135114753699175,0.03223594219049075,1,1,1,1,204.46155648763397,0.9474441443596788,0.9265862451523715,0.5703579428688315,0.8668344525269402,预测大涨
2024-04-18,2024-04-19,5317.7986,5410.6963,5299.2288,5349.8361,15349768200.0,167338860159.0,5339.7467,Validation,0.0008575352966544436,8.575352966544436,0.3764068068519504,0.8135114753699175,-0.43710466851796714,0,0,0,0,8.575352966544436,0.3874223229215523,0.44687608429920145,0.3835849181485753,0.21980769663849772,
2024-04-19,2024-04-22,5322.3588,5369.9543,5292.0162,5314.8667,14213421600.0,156010347135.9,5349.8361,Validation,-0.006191277446383259,-61.91277446383259,0.5188480561288789,0.8135114753699175,-0.29466341924103867,0,0,0,0,-61.91277446383259,0.47313985131342157,0.4722108311817091,0.5340690182943642,0.67666431204173,
2024-04-22,2024-04-23,5289.4066,5340.6307,5264.1859,5267.5811,13526688200.0,150190436487.7,5314.8667,Validation,-0.005981880840849052,-59.81880840849052,0.6142149318915731,0.8135114753699175,-0.19929654347834447,0,0,0,0,-59.81880840849052,0.6178833854725955,0.572645890493393,0.5551247420492949,0.7604143015118483,
2024-04-23,2024-04-24,5257.766,5280.0593,5196.955,5208.2712,12580112000.0,139018868110.2,5267.5811,Validation,-0.009050022385933332,-90.50022385933332,0.6801469367777842,0.8135114753699175,-0.13336453859213337,0,0,0,0,-90.50022385933332,0.7220557158007198,0.7031865958577657,0.5497664909841408,0.730044490930338,
2024-04-24,2024-04-25,5210.1831,5263.0391,5183.7005,5263.0391,11729722000.0,139471094806.5,5208.2712,Validation,0.005815265878084119,58.15265878084119,0.6720486740497226,0.8135114753699175,-0.14146280132019495,0,0,0,0,58.15265878084119,0.7024981738981887,0.6994485686052446,0.5420234065504432,0.738178414211077,
2024-04-25,2024-04-26,5240.4817,5297.1627,5229.8248,5259.3354,11083392900.0,127544603285.3,5263.0391,Validation,0.0034162890025928316,34.16289002592832,0.34121150698275443,0.8135114753699175,-0.4722999683871631,0,0,0,0,34.16289002592832,0.3565808631236521,0.39549857639937247,0.3365474810358348,0.21996228938127974,
2024-04-26,2024-04-29,5258.3847,5379.6707,5258.3847,5372.1209,17377770100.0,193788859192.2,5259.3354,Validation,0.02145668421711333,214.56684217113332,0.44273552517742015,0.8135114753699175,-0.37077595019249737,0,1,0,0,214.56684217113332,0.3756801667487439,0.3637661803001258,0.49676495867155707,0.6491340443191839,
2024-04-29,2024-04-30,5371.2122,5488.2776,5371.2122,5478.4908,19093605500.0,212148850246.6,5372.1209,Validation,0.01860946771010097,186.0946771010097,0.3566676536638761,0.8135114753699175,-0.45684382170604143,0,1,0,0,186.0946771010097,0.40783831851755936,0.35593177973690193,0.3644151865224421,0.23856491254147585,
2024-04-30,2024-05-06,5471.1676,5478.0353,5436.5752,5441.1411,16279734400.0,175143689576.2,5478.4908,Validation,0.0049855171682184896,49.855171682184896,0.35882663350108296,0.8135114753699175,-0.45468484186883457,0,0,0,0,49.855171682184896,0.4187073895570925,0.34605307523382917,0.3554691465098304,0.2585502984627288,
2024-05-06,2024-05-07,5498.4442,5535.9488,5496.9071,5528.6036,16579162600.0,187906843862.2,5441.1411,Validation,0.0061615247454906985,61.615247454906985,0.3873131581377499,0.8135114753699175,-0.4261983172321676,0,0,0,0,61.615247454906985,0.4496566586395232,0.346029773048403,0.37939911102150964,0.33796095826266925,
2024-05-07,2024-05-08,5532.323,5543.1251,5507.5008,5527.0847,13653540200.0,162155744860.2,5528.6036,Validation,-0.0028695540733975067,-28.695540733975065,0.33336286335091564,0.8135114753699175,-0.4801486120190019,0,0,0,0,-28.695540733975065,0.37467165555086995,0.2831320674121567,0.3597697588216651,0.29717609154656044,
2024-05-08,2024-05-09,5516.4477,5516.4477,5454.8735,5458.7559,12395562100.0,139472996786.3,5527.0847,Validation,-0.00998608216660879,-99.8608216660879,0.3204161436154531,0.8135114753699175,-0.4930953317544644,0,0,0,0,-99.8608216660879,0.3684310920228768,0.2616443072353441,0.3401663289084651,0.29407858713697693,
2024-05-09,2024-05-10,5461.36,5568.7324,5461.36,5556.7712,13112123000.0,153999870752.3,5458.7559,Validation,0.018463001889639452,184.63001889639452,0.5302812620472792,0.8135114753699175,-0.2832302133226383,0,1,0,0,184.63001889639452,0.6030782731494221,0.468635287875378,0.4439654574084212,0.6021522996344825,
2024-05-10,2024-05-13,5562.1931,5570.5652,5497.4972,5535.3954,12868803000.0,144026969940.9,5556.7712,Validation,-0.010618922956845966,-106.18922956845967,0.3461577613378867,0.8135114753699175,-0.4673537140320308,0,0,0,0,-106.18922956845967,0.41196702176279404,0.302583829873311,0.3295249394623725,0.30543759307679813,
2024-05-13,2024-05-14,5503.1286,5527.2001,5462.5075,5505.2595,13162758800.0,146159918962.1,5535.3954,Validation,0.0009699391724191653,9.699391724191653,0.43344990986827836,0.8135114753699175,-0.38006156550163916,0,0,0,0,9.699391724191653,0.42628429852679556,0.30633011020684586,0.44503383670311736,0.6552085839785325,
2024-05-14,2024-05-15,5508.4663,5538.7434,5484.964,5500.7379,11899439900.0,132592062465.6,5505.2595,Validation,-0.0023435198287407033,-23.435198287407033,0.39709512534280667,0.8135114753699175,-0.41641635002711086,0,0,0,0,-23.435198287407033,0.4216460759430981,0.29364978547731735,0.4001307725692809,0.5217796851453912,
2024-05-15,2024-05-16,5495.5571,5497.0842,5441.3548,5446.6557,11012498900.0,121525793558.0,5500.7379,Validation,-0.006268591040569871,-62.685910405698706,0.3713691502969755,0.8135114753699175,-0.44214232507294204,0,0,0,0,-62.685910405698706,0.3722024379200843,0.25660747883607066,0.41027966532200755,0.5169293809950334,
2024-05-16,2024-05-17,5461.1077,5475.3735,5408.1251,5424.6652,12210811900.0,133148761562.0,5446.6557,Validation,-0.0077731849163127364,-77.73184916312736,0.44272823303642,0.8135114753699175,-0.3707832423334975,0,0,0,0,-77.73184916312736,0.48661175420639374,0.34600885378818247,0.4364416074567411,0.5273787744067001,
2024-05-17,2024-05-20,5418.6575,5493.2007,5409.7047,5491.8944,12691616800.0,139244609264.9,5424.6652,Validation,0.014419235760887217,144.19235760887216,0.47216679478264156,0.8135114753699175,-0.34134468058727596,0,0,0,0,144.19235760887216,0.46621355895157146,0.34246589095225693,0.49318098161963736,0.6828994957259692,
2024-05-20,2024-05-21,5496.7904,5536.662,5484.358,5523.5013,14497144800.0,163572079873.3,5491.8944,Validation,0.002673087189207779,26.73087189207779,0.3044256885469849,0.8135114753699175,-0.5090857868229326,0,0,0,0,26.73087189207779,0.3580189057807332,0.25495119175086,0.3413046724939174,0.22641186839145602,
2024-05-21,2024-05-22,5511.4838,5513.4235,5460.975,5478.9131,10869119200.0,123832374658.6,5523.5013,Validation,-0.007162136628252491,-71.62136628252492,0.3663661261326417,0.8135114753699175,-0.44714534923727584,0,0,0,0,-71.62136628252492,0.38657716425190913,0.2727186372071229,0.4192651308906066,0.4145646442066542,
2024-05-22,2024-05-23,5472.0098,5486.3049,5455.0766,5468.6068,11305778200.0,126572719199.3,5478.9131,Validation,-0.004215909847237409,-42.15909847237409,0.4102661435627371,0.8135114753699175,-0.4032453318071804,0,0,0,0,-42.15909847237409,0.42687598625679557,0.3026440418233279,0.4501136149781711,0.5085186326856073,
2024-05-23,2024-05-24,5448.9403,5448.9403,5352.3934,5362.3053,12665756900.0,135749197020.0,5468.6068,Validation,-0.018431161743504454,-184.31161743504452,0.3175668714249845,0.8135114753699175,-0.495944603944933,0,0,0,0,-184.31161743504452,0.35507246629495787,0.25353417369667014,0.37201378090588594,0.2750602028146017,
2024-05-24,2024-05-27,5348.51,5400.1594,5311.4888,5313.4546,10656417500.0,117396142024.9,5362.3053,Validation,-0.0042365443833890515,-42.36544383389052,0.773947953414638,0.8135114753699175,-0.03956352195527957,0,0,0,0,-42.36544383389052,0.8640265207940059,0.7979210688524017,0.5867033552745683,0.7980393681599904,
2024-05-27,2024-05-28,5325.8508,5373.1116,5284.5055,5371.3693,11564322900.0,124785634504.8,5313.4546,Validation,0.007037223048005803,70.37223048005802,0.5734351805269848,0.8135114753699175,-0.2400762948429327,0,0,0,0,70.37223048005802,0.6143375794046277,0.6037659555539855,0.4789522179816334,0.5633528001146008,
2024-05-28,2024-05-29,5363.33,5365.473,5310.3183,5316.1286,11096537300.0,120979080988.0,5371.3693,Validation,-0.010205786330507394,-102.05786330507394,0.3254498806680523,0.8135114753699175,-0.4880615947018652,0,0,0,0,-102.05786330507394,0.3428814868542305,0.34835793133430737,0.3387211556533948,0.23007062575163142,
2024-05-29,2024-05-30,5308.593,5361.744,5305.9631,5328.3064,10436126700.0,112762595771.6,5316.1286,Validation,0.0014703142621783627,14.703142621783627,0.4830740577083294,0.8135114753699175,-0.33043741766158813,0,0,0,0,14.703142621783627,0.47984546210925266,0.46538077216711415,0.4647009729945048,0.5461610645350025,
2024-05-30,2024-05-31,5316.3983,5349.688,5296.4925,5308.66,10735018700.0,114757614217.4,5328.3064,Validation,-0.0010677341462544954,-10.677341462544954,0.40655244363466764,0.8135114753699175,-0.4069590317352499,0,0,0,0,-10.677341462544954,0.3615286841988824,0.33620812788909116,0.4521408610595064,0.5626464110313169,
2024-05-31,2024-06-03,5310.7218,5357.021,5308.5403,5308.5403,10415114700.0,113019704335.1,5308.66,Validation,-0.0018707249925989933,-18.707249925989935,0.4144798056857177,0.8135114753699175,-0.39903166968419984,0,0,0,0,-18.707249925989935,0.3987574379417264,0.3404772986440192,0.44974910614083236,0.5288989363388888,
2024-06-03,2024-06-04,5300.7869,5316.3352,5232.688,5274.0687,12696851500.0,129543758977.7,5308.5403,Validation,-0.007085985667524275,-70.85985667524275,0.36210550808827113,0.8135114753699175,-0.4514059672816464,0,0,0,0,-70.85985667524275,0.35514897634943365,0.28860549269402,0.4334203959677258,0.40745519413898984,
2024-06-04,2024-06-05,5263.2256,5352.2839,5247.5837,5341.9496,10808314400.0,117835610768.9,5274.0687,Validation,0.012471857562024402,124.71857562024402,0.5365219667151349,0.8135114753699175,-0.27698950865478267,0,0,0,0,124.71857562024402,0.5473385080450008,0.4526730500254948,0.509105415644529,0.6979701783181225,
2024-06-05,2024-06-06,5328.8678,5347.4297,5277.9405,5277.9405,10579275700.0,111608396273.0,5341.9496,Validation,-0.007008430571311952,-70.08430571311952,0.34007252619499273,0.8135114753699175,-0.4734389491749248,0,0,0,0,-70.08430571311952,0.387289871678004,0.3088951201541236,0.35860132956996665,0.2688190229745256,
2024-06-06,2024-06-07,5291.5208,5305.878,5213.6618,5228.8002,13336823100.0,135739981470.4,5277.9405,Validation,-0.008385982343677045,-83.85982343677045,0.5327295281462977,0.8135114753699175,-0.2807819472236198,0,0,0,0,-83.85982343677045,0.5951302582251613,0.5054774980366883,0.47499425202134676,0.5272050340923362,
2024-06-07,2024-06-11,5247.1462,5258.818,5172.0505,5208.9798,11352747800.0,118553769519.2,5228.8002,Validation,-0.012336858462224654,-123.36858462224653,0.775778345736709,0.8135114753699175,-0.03773312963320852,0,0,0,0,-123.36858462224653,0.8127858034550558,0.807288038019597,0.6238702319164856,0.8508691930929746,
2024-06-11,2024-06-12,5182.4129,5232.8495,5159.334,5217.4702,11643711600.0,119660626659.4,5208.9798,Validation,0.005156188925046878,51.56188925046878,0.4966442398133582,0.8135114753699175,-0.3168672355565593,0,0,0,0,51.56188925046878,0.4273491763468825,0.4616518599457753,0.5175640049894267,0.676368237330795,
2024-06-12,2024-06-13,5209.1344,5245.9909,5205.5716,5232.9534,10306556900.0,111341271703.7,5217.4702,Validation,0.004372165939892092,43.72165939892092,0.3640737780105801,0.8135114753699175,-0.4494376973593374,0,0,0,0,43.72165939892092,0.339355157362058,0.3459972305951331,0.4118248845237689,0.3825770334100872,
2024-06-13,2024-06-14,5231.9096,5233.7954,5182.7423,5194.59,11823276400.0,123194241679.1,5232.9534,Validation,-0.009866550446513855,-98.66550446513855,0.36025608715098006,0.8135114753699175,-0.45325538821893746,0,0,0,0,-98.66550446513855,0.34905357061532677,0.31354188092532637,0.41223603670155706,0.3943388650520938,
2024-06-14,2024-06-17,5180.2887,5235.8781,5163.384,5213.0927,13399862000.0,146009261400.6,5194.59,Validation,0.001736447623083226,17.36447623083226,0.4658024003726913,0.8135114753699175,-0.3477090749972262,0,0,0,0,17.36447623083226,0.48154660755009454,0.410807240036504,0.4862735306639252,0.5004396865585907,
2024-06-17,2024-06-18,5189.284,5223.5894,5184.5987,5207.128,10797066400.0,135704407617.0,5213.0927,Validation,0.0036023659526054352,36.02365952605435,0.42535344461317504,0.8135114753699175,-0.3881580307567425,0,0,0,0,36.02365952605435,0.4228395335449623,0.3542875299398344,0.4795045138585972,0.4806031360990176,
2024-06-18,2024-06-19,5207.9777,5243.5867,5204.9707,5230.8913,9409090300.0,120391272834.4,5207.128,Validation,0.00527999572655613,52.799957265561304,0.34826707557140485,0.8135114753699175,-0.4652443997985127,0,0,0,0,52.799957265561304,0.3566192145467028,0.27898701656697567,0.42695219332646656,0.3435668465934377,
2024-06-19,2024-06-20,5235.4758,5236.3018,5168.8204,5168.8204,8784959000.0,111740529823.1,5230.8913,Validation,-0.014003483694834395,-140.03483694834395,0.3577351693811427,0.8135114753699175,-0.45577630598877483,0,0,0,0,-140.03483694834395,0.3684103368444041,0.2679177979362913,0.4500104450774056,0.36535233446784054,
2024-06-20,2024-06-21,5162.1609,5184.747,5092.2867,5094.5653,9560900300.0,113062777426.7,5168.8204,Validation,-0.01593098347631894,-159.30983476318937,0.4370221418271044,0.8135114753699175,-0.3764893335428131,0,0,0,0,-159.30983476318937,0.5047157276959545,0.37179275934426426,0.48385156768303583,0.342934230648862,
2024-06-21,2024-06-24,5079.9226,5128.1378,5071.6547,5102.3292,8383890700.0,98090349439.3,5094.5653,Validation,-0.001401556787498981,-14.01556787498981,0.5769069795428992,0.8135114753699175,-0.23660449582701837,0,0,0,0,-14.01556787498981,0.6521290998524162,0.5958563076281054,0.5242559273834518,0.4562938464553052,
2024-06-24,2024-06-25,5072.8028,5078.955,4986.7679,4992.9097,10018664600.0,113108464981.7,5102.3292,Validation,-0.01650596392195669,-165.0596392195669,0.33710028768083455,0.8135114753699175,-0.47641118768908297,0,0,0,0,-165.0596392195669,0.314986459817194,0.28682165989207054,0.45347771835593753,0.31206080334314124,
2024-06-25,2024-06-26,4989.0713,5007.3355,4918.0393,4948.6343,9163677900.0,104683752506.4,4992.9097,Validation,-0.009401769824375794,-94.01769824375793,0.6417737201173894,0.8135114753699175,-0.1717377552525281,0,0,0,0,-94.01769824375793,0.701277156554837,0.6986556443083131,0.5654161248812791,0.5207772438033482,
2024-06-26,2024-06-27,4942.1652,5024.7679,4915.6644,5020.4318,9339462100.0,102152255030.0,4948.6343,Validation,0.011498684827451644,114.98684827451643,0.418906345810079,0.8135114753699175,-0.3946051295598385,0,0,0,0,114.98684827451643,0.40443844247895805,0.42014429267877496,0.4828527942360479,0.3595578667827856,
2024-06-27,2024-06-28,4998.9936,5000.1752,4925.1601,4928.0514,8853718700.0,97364975399.3,5020.4318,Validation,-0.016868255242415198,-168.68255242415196,0.3172536509349415,0.8135114753699175,-0.496257824434976,0,0,0,0,-168.68255242415196,0.31290280869440545,0.30266108400591724,0.426193896301405,0.20224334544298586,
2024-06-28,2024-07-01,4914.6693,5003.4091,4914.5467,4942.7817,10630834200.0,114743251798.9,4928.0514,Validation,0.005924589880340392,59.24589880340392,0.39314123165628617,0.8135114753699175,-0.42037024371363135,0,0,0,0,59.24589880340392,0.41425340581858977,0.3763160561671842,0.4643796489486023,0.2797690948903845,
2024-07-01,2024-07-02,4943.7867,5017.6099,4929.0871,5003.1608,9731279300.0,110821074065.9,4942.7817,Validation,0.011486943803623362,114.86943803623362,0.48029784327594677,0.8135114753699175,-0.33321363209397076,0,0,0,0,114.86943803623362,0.37256397349699377,0.3934187172524241,0.6150911645942094,0.6759299702847753,
2024-07-02,2024-07-03,5000.5757,5002.7424,4934.1169,4949.4771,9620933400.0,105902911013.0,5003.1608,Validation,-0.011033989546443634,-110.33989546443634,0.35666259641949477,0.8135114753699175,-0.45684887895042275,0,0,0,0,-110.33989546443634,0.2993791762347329,0.30424062621898745,0.5206264903597981,0.34467795799508444,
2024-07-03,2024-07-04,4945.3994,4950.5148,4905.3897,4910.9245,8452833100.0,96121126342.0,4949.4771,Validation,-0.005653335097666856,-56.53335097666856,0.47141202694040457,0.8135114753699175,-0.34209944842951295,0,0,0,0,-56.53335097666856,0.4164566569649586,0.41882913884911227,0.6038306170720655,0.49813668086695484,
2024-07-04,2024-07-05,4917.4414,4935.6055,4827.342,4834.4982,9100846600.0,98771611006.7,4910.9245,Validation,-0.018013148057036243,-180.13148057036244,0.3412588969968174,0.8135114753699175,-0.47225257837310014,0,0,0,0,-180.13148057036244,0.30146781863629174,0.27468606779445,0.5364653269229849,0.27390854846859714,
2024-07-05,2024-07-08,4828.8628,4877.9326,4794.1292,4866.2647,8313327900.0,93724633826.8,4834.4982,Validation,0.005831952815060326,58.31952815060326,0.46317152669861616,0.8135114753699175,-0.35033994867130136,0,0,0,0,58.31952815060326,0.4790070766083614,0.45284472027950795,0.5557629787448459,0.3202796478102807,
2024-07-08,2024-07-09,4857.0245,4857.2655,4768.5636,4783.6165,9025450000.0,96789200226.5,4866.2647,Validation,-0.016823345239456833,-168.23345239456833,0.3352013672507296,0.8135114753699175,-0.47831010811918795,0,0,0,0,-168.23345239456833,0.3020877950280555,0.2596350279697014,0.5209498435382817,0.282404647070327,
2024-07-09,2024-07-10,4775.3131,4888.4822,4745.3165,4876.899,11140196800.0,126704548339.3,4783.6165,Validation,0.017207227731308228,172.07227731308228,0.4291762230088416,0.8135114753699175,-0.3843352523610759,0,1,0,0,172.07227731308228,0.42081701483773293,0.38288679656066305,0.5733063192349056,0.3297671543459219,
2024-07-10,2024-07-11,4857.483,4891.3725,4836.17,4844.1624,10095318600.0,117244916014.0,4876.899,Validation,0.009331499461758153,93.31499461758153,0.35692672931296254,0.8135114753699175,-0.456584746056955,0,0,0,0,93.31499461758153,0.3313903644953903,0.29753142281599804,0.5411650770766532,0.26180556274491656,
2024-07-11,2024-07-12,4902.8106,4941.7015,4871.172,4939.7318,11527549400.0,133127527342.5,4844.1624,Validation,0.004929947732429385,49.299477324293846,0.5037483590982793,0.8135114753699175,-0.3097631162716382,0,0,0,0,49.299477324293846,0.450623159177568,0.40295480314395815,0.5955545089086507,0.666794675860592,
2024-07-12,2024-07-15,4926.9812,4937.3471,4905.7967,4919.3639,9717510600.0,115594261299.6,4939.7318,Validation,-0.00476257145044523,-47.6257145044523,0.31113458555064,0.8135114753699175,-0.5023768898192775,0,0,0,0,-47.6257145044523,0.31829806159293395,0.25440690739141025,0.4264964343759885,0.2365630936045631,
2024-07-15,2024-07-16,4903.5161,4903.5161,4868.743,4883.8971,8682431200.0,102734711417.3,4919.3639,Validation,-0.0052850035508194,-52.850035508194004,0.3297327771526639,0.8135114753699175,-0.4837786982172536,0,0,0,0,-52.850035508194004,0.3409633568328264,0.2416644590574098,0.4455207181139233,0.3007789331772814,
2024-07-16,2024-07-17,4877.601,4907.8321,4850.4315,4898.3626,8726797800.0,113648284397.5,4883.8971,Validation,0.0032419010903106393,32.4190109031064,0.3553951401751082,0.8135114753699175,-0.4581163351948093,0,0,0,0,32.4190109031064,0.36303973157730846,0.2369422253595486,0.5003575798391092,0.3471196298346604,
2024-07-17,2024-07-18,4893.4137,4900.3599,4853.603,4856.5794,9690954700.0,117932902593.7,4898.3626,Validation,-0.014567213068455764,-145.67213068455766,0.3875315765321743,0.8135114753699175,-0.42597989883774323,0,0,0,0,-145.67213068455766,0.3893940400508094,0.2358092670239917,0.5304666950760794,0.45255209519652473,
2024-07-18,2024-07-19,4822.1303,4879.6927,4793.4294,4877.6916,9665475000.0,115283847816.1,4856.5794,Validation,0.006410424040179885,64.10424040179885,0.4866590839932425,0.8135114753699175,-0.32685239137667504,0,0,0,0,64.10424040179885,0.5289542377047748,0.3417750447963586,0.5856754318176497,0.5141814726922228,
2024-07-19,2024-07-22,4853.0422,4900.3787,4842.9297,4872.0532,9329074600.0,111989382468.3,4877.6916,Validation,0.0040374674673135935,40.374674673135935,0.35294610025954926,0.8135114753699175,-0.46056537511036827,0,0,0,0,40.374674673135935,0.42012689146493404,0.24118795247816008,0.47476630760021693,0.23826089247211954,
2024-07-22,2024-07-23,4872.6362,4885.3641,4839.1121,4865.9778,9271045800.0,110307683161.2,4872.0532,Validation,-0.0019836695380622826,-19.836695380622828,0.4776555400940432,0.8135114753699175,-0.3358559352758743,0,0,0,0,-19.836695380622828,0.45800043462826284,0.2507977620431221,0.6616047565606089,0.6634935781564109,
2024-07-23,2024-07-24,4862.9705,4862.9705,4722.7994,4722.7994,10240371200.0,110578297603.3,4865.9778,Validation,-0.030985896377533018,-309.85896377533015,0.4357419294890864,0.8135114753699175,-0.3777695458808311,0,0,0,0,-309.85896377533015,0.4879387351060852,0.24595371156037812,0.4832012107205689,0.5916965872349151,
2024-07-24,2024-07-25,4712.287,4738.762,4661.8271,4668.0621,11267463500.0,103026731862.0,4722.7994,Validation,-0.014401775613412382,-144.01775613412383,0.8087068781459397,0.8135114753699175,-0.004804597223977858,0,0,0,0,-144.01775613412383,0.9415640370994798,0.8868252637822034,0.600972576604288,0.6753129051259757,
2024-07-25,2024-07-26,4644.4217,4710.4627,4635.244,4665.4488,8860007400.0,95885153870.2,4668.0621,Validation,0.0056034102157431764,56.03410215743176,0.7500401884692564,0.8135114753699175,-0.06347128690066117,0,0,0,0,56.03410215743176,0.8251388238379832,0.7855525386569484,0.6045109897304641,0.7284116237480898,
2024-07-26,2024-07-29,4670.4463,4744.4537,4670.4463,4736.3771,8647204900.0,94118612207.0,4665.4488,Validation,0.014999144728417013,149.99144728417014,0.4209855547062689,0.8135114753699175,-0.3925259206636486,0,0,0,0,149.99144728417014,0.44388459727982515,0.41660595065819667,0.4470177884141538,0.34419507497324675,
2024-07-29,2024-07-30,4740.499,4742.1481,4702.9803,4708.8443,8110203900.0,90979232032.0,4736.3771,Validation,-0.0096981984386032,-96.98198438603201,0.42743773757520986,0.8135114753699175,-0.38607373779470766,0,0,0,0,-96.98198438603201,0.48569469634143064,0.38750665265720263,0.4644313482883642,0.3226548840729163,
2024-07-30,2024-07-31,4694.5247,4712.0417,4650.5592,4699.282,8335338200.0,86181033613.6,4708.8443,Validation,4.347617981426133e-05,0.4347617981426133,0.4259568934673114,0.8135114753699175,-0.3875545819026061,0,0,0,0,0.4347617981426133,0.5281518219024973,0.36119256836297026,0.46778750277057807,0.2646131516831467,
2024-07-31,2024-08-01,4694.7288,4887.9192,4687.0458,4886.4136,14318091900.0,146601666177.8,4699.282,Validation,0.042418232976524584,424.1823297652458,0.3612478816421581,0.8135114753699175,-0.4522635937277594,0,1,0,0,424.1823297652458,0.5165763563106374,0.3332467528263575,0.18811942012261396,0.3182284829886638,
2024-08-01,2024-08-02,4893.8709,4928.2412,4834.6536,4852.9725,11321339300.0,119765528788.7,4886.4136,Validation,-0.01572048008050242,-157.2048008050242,0.3384712158097578,0.8135114753699175,-0.4750402595601597,0,0,0,0,-157.2048008050242,0.5204812987147585,0.3187367320462805,0.18851675259034464,0.1924225231494098,
2024-08-02,2024-08-05,4816.9369,4874.7114,4783.115,4788.6159,9852984400.0,105654740577.4,4852.9725,Validation,-0.012634875910456644,-126.34875910456644,0.7556994897131527,0.8135114753699175,-0.05781198565676482,0,0,0,0,-126.34875910456644,0.8684993235713544,0.8123869106257109,0.4364757983152956,0.8557294318395506,
2024-08-05,2024-08-06,4756.0755,4846.542,4693.8165,4693.8478,11333814800.0,123487463651.4,4788.6159,Validation,-0.0032845567737517234,-32.845567737517236,0.669963923144549,0.8135114753699175,-0.14354755222536852,0,0,0,0,-32.845567737517236,0.8173579428721747,0.7988151219286325,0.3184694422251433,0.614566944615381,
2024-08-06,2024-08-07,4740.4539,4774.9279,4699.1769,4750.776,10777477000.0,105286322238.1,4693.8478,Validation,0.0015876960642946525,15.876960642946525,0.8116004579689933,0.8135114753699175,-0.001911017400924253,0,0,0,0,15.876960642946525,0.9580933091913669,0.9442736876735092,0.40055974231344343,0.8333059811649275,
2024-08-07,2024-08-08,4747.9803,4783.4202,4719.938,4751.9408,9698948100.0,96834771203.2,4750.776,Validation,-0.002293101342480286,-22.93101342480286,0.5042762640588777,0.8135114753699175,-0.3092352113110398,0,0,0,0,-22.93101342480286,0.5012831137229655,0.6298005001699107,0.26705573936037275,0.6171475167888274,
2024-08-08,2024-08-09,4737.0927,4791.6592,4701.7856,4755.8149,10430925300.0,95364149202.0,4751.9408,Validation,0.008689739172720756,86.89739172720756,0.4226583279072856,0.8135114753699175,-0.39085314746263194,0,0,0,0,86.89739172720756,0.41198706178833994,0.5270347435668304,0.2466087569063789,0.5047442011320881,
2024-08-09,2024-08-12,4778.2568,4805.0992,4720.3104,4720.3104,10881958600.0,88057504682.2,4755.8149,Validation,-0.012828171981045466,-128.28171981045466,0.4474818416611939,0.8135114753699175,-0.3660296337087236,0,0,0,0,-128.28171981045466,0.42931798775137237,0.49674231914990663,0.3155774259588074,0.581242767205099,
2024-08-12,2024-08-13,4716.9605,4737.1908,4696.0525,4714.1586,8910083200.0,76375856580.1,4720.3104,Validation,-0.0006361511825253574,-6.361511825253574,0.555181453736237,0.8135114753699175,-0.2583300216336806,0,0,0,0,-6.361511825253574,0.6304866025430564,0.6558833116172381,0.3497977930944722,0.5013322946124199,
2024-08-13,2024-08-14,4713.9598,4731.8353,4680.5879,4731.8353,8136517300.0,71101413451.5,4714.1586,Validation,0.0033633719150512054,33.63371915051205,0.36045627963774296,0.8135114753699175,-0.45305519573217456,0,0,0,0,33.63371915051205,0.4072561747472148,0.45459612405706895,0.23520964508794998,0.26847589730226035,
2024-08-14,2024-08-15,4729.8146,4730.2369,4667.0731,4667.0731,7458803000.0,68308163886.2,4731.8353,Validation,-0.015459295169836018,-154.5929516983602,0.35007403765916917,0.8135114753699175,-0.46343743771074836,0,0,0,0,-154.5929516983602,0.4138504498746242,0.41741824349436374,0.23483111410315105,0.2551558213792615,
2024-08-15,2024-08-16,4656.695,4746.4095,4647.7947,4698.375,9097329300.0,83712897622.1,4667.0731,Validation,0.010073496331625797,100.73496331625797,0.3459472791451245,0.8135114753699175,-0.467564196224793,0,0,0,0,100.73496331625797,0.42171152270237205,0.3859631339183289,0.28746413413728406,0.19533484011864635,
2024-08-16,2024-08-19,4703.6042,4708.0187,4662.1132,4670.3789,8737958000.0,81927269812.8,4698.375,Validation,-0.007924433777825146,-79.24433777825146,0.3033636419820468,0.8135114753699175,-0.5101478333878707,0,0,0,0,-79.24433777825146,0.17728970605365246,0.3920552041339707,0.3610406179350457,0.33675468012864435,
2024-08-19,2024-08-20,4666.3308,4729.8742,4666.2577,4682.9628,8713686700.0,80742361426.1,4670.3789,Validation,0.0038497056402431173,38.49705640243117,0.28226213132168165,0.8135114753699175,-0.5312493440482359,0,0,0,0,38.49705640243117,0.17900268735364125,0.35163044158667517,0.3310769394748764,0.3131735455793861,
2024-08-20,2024-08-21,4684.2948,4686.3633,4590.3913,4602.0095,9184614600.0,81351685184.9,4682.9628,Validation,-0.020324574789784777,-203.24574789784776,0.2868858354888648,0.8135114753699175,-0.5266256398810527,0,0,0,0,-203.24574789784776,0.19247373820944486,0.33227776128166137,0.3493359165664653,0.32220681058853734,
2024-08-21,2024-08-22,4589.0885,4610.8666,4582.2653,4587.1218,8352691000.0,74809964819.1,4602.0095,Validation,8.871042691827036e-05,0.8871042691827036,0.3447800952393856,0.8135114753699175,-0.46873138013053195,0,0,0,0,0.8871042691827036,0.2614311861932826,0.409895574201189,0.39392857895826555,0.3403652736657385,
2024-08-22,2024-08-23,4589.4956,4595.0496,4526.2499,4533.3695,8585686800.0,78202476718.8,4587.1218,Validation,-0.01427278849553748,-142.7278849553748,0.26713420989912323,0.8135114753699175,-0.5463772654707943,0,0,0,0,-142.7278849553748,0.2068772375343332,0.31013717234352517,0.3146765830179746,0.2545543288581782,
2024-08-23,2024-08-26,4523.9907,4549.3026,4513.2038,4537.0872,7577836400.0,71369991695.7,4533.3695,Validation,0.004170145619441623,41.70145619441623,0.29840511368865674,0.8135114753699175,-0.5151063616812608,0,0,0,0,41.70145619441623,0.23384248751794906,0.32066725647729033,0.3740620824571241,0.29261361236465877,
2024-08-26,2024-08-27,4542.8564,4558.5917,4523.7274,4544.3594,8711829600.0,84365247766.9,4537.0872,Validation,-0.0022827708135347846,-22.827708135347848,0.28564957570150307,0.8135114753699175,-0.5278618996684145,0,0,0,0,-22.827708135347848,0.2284007510175083,0.2902652956116037,0.3413086858352189,0.3226945418784565,
2024-08-27,2024-08-28,4532.4861,4532.4861,4487.0915,4495.2856,8252920500.0,78742868644.7,4544.3594,Validation,-0.010161090179625742,-101.61090179625742,0.32163792484465625,0.8135114753699175,-0.49187355052526127,0,0,0,0,-101.61090179625742,0.2394682295866796,0.28373572208746095,0.3986881904043724,0.45663326694833845,
2024-08-28,2024-08-29,4486.4311,4527.7686,4482.0324,4500.0088,8268119900.0,74244549232.7,4495.2856,Validation,-0.0006414229787236048,-6.414229787236048,0.30765706865663844,0.8135114753699175,-0.5058544067132791,0,0,0,0,-6.414229787236048,0.2543579344125903,0.28624472370590276,0.42492067561107916,0.29715187302667195,
2024-08-29,2024-08-30,4483.5534,4577.7919,4475.2228,4557.9006,10311556200.0,96829969885.4,4500.0088,Validation,0.016493168119732893,164.93168119732894,0.30353395826234114,0.8135114753699175,-0.5099775171075764,0,1,0,0,164.93168119732894,0.2573552597659456,0.2766587319258049,0.397603053164762,0.31935033316529104,
2024-08-30,2024-09-02,4557.5014,4704.3407,4548.3827,4639.1144,15159336100.0,144749168233.3,4557.9006,Validation,0.01632449306543271,163.2449306543271,0.4004477058286781,0.8135114753699175,-0.4130637695412394,0,1,0,0,163.2449306543271,0.3147602812034836,0.34415396625235156,0.523116794222314,0.5123775308745383,
2024-09-02,2024-09-03,4631.9003,4632.3107,4546.8393,4546.8832,12636851700.0,115893027848.1,4639.1144,Validation,-0.019145597758224664,-191.45597758224665,0.7606382233443274,0.8135114753699175,-0.05287325202559012,0,0,0,0,-191.45597758224665,0.7384439684780678,0.8587131113733311,0.6520886503448324,0.7854256237586771,
2024-09-03,2024-09-04,4543.2198,4612.2826,4543.2198,4596.4819,9858968600.0,92749159672.5,4546.8832,Validation,0.005385167585332473,53.851675853324735,0.8722119902071719,0.8135114753699175,0.05870051483725436,1,0,0,1,53.851675853324735,0.8855355740379642,0.9336300872227712,0.7336677567935003,0.9269160257332377,预测大涨
2024-09-04,2024-09-05,4567.6858,4623.3782,4552.3037,4582.084,9243568500.0,88646018095.4,4596.4819,Validation,0.0038272991544208157,38.27299154420815,0.4648277781937307,0.8135114753699175,-0.3486836971761868,0,0,0,0,38.27299154420815,0.2828275194078224,0.5729860084830615,0.5354925874526789,0.5651373123764031,
2024-09-05,2024-09-06,4585.1677,4630.6388,4582.0535,4601.0911,8058372300.0,80148632780.7,4582.084,Validation,0.00527226081610932,52.7226081610932,0.325001852691847,0.8135114753699175,-0.4885096226780705,0,0,0,0,52.7226081610932,0.2877077402474255,0.5387075177543487,0.019077291372302418,0.4509131995912382,
2024-09-06,2024-09-09,4609.3419,4613.3097,4535.3486,4537.4544,9014759600.0,80215749103.2,4601.0911,Validation,-0.01991089009908331,-199.10890099083312,0.28304880020713846,0.8135114753699175,-0.530462675162779,0,0,0,0,-199.10890099083312,0.2758794040083622,0.4838017800507193,0.027251826537615008,0.2986868911988663,
2024-09-09,2024-09-10,4517.5658,4541.7935,4487.8427,4507.1866,9194460800.0,81907584834.7,4537.4544,Validation,-0.001824478129350271,-18.24478129350271,0.335057378949509,0.8135114753699175,-0.47845409642040854,0,0,0,0,-18.24478129350271,0.3571166622117777,0.5294075981138562,0.04505568727181766,0.3468208445364058,
2024-09-10,2024-09-11,4509.3236,4528.6691,4432.9128,4507.7074,9852954200.0,87011759811.7,4507.1866,Validation,-0.004243851561240741,-42.438515612407414,0.31226255769324873,0.8135114753699175,-0.5012489176766688,0,0,0,0,-42.438515612407414,0.30547646545818957,0.44638647134432796,0.060216169906080745,0.43852993801071644,
2024-09-11,2024-09-12,4490.1867,4529.3452,4479.0306,4514.9158,8520684200.0,81707868059.9,4507.7074,Validation,0.0064143212575102915,64.14321257510292,0.3054026547673858,0.8135114753699175,-0.5081088206025317,0,0,0,0,64.14321257510292,0.2883518546237983,0.3955418924523374,0.0795843863737239,0.4943920581651292,
2024-09-12,2024-09-13,4518.9882,4568.7462,4496.5919,4496.5919,8665430400.0,80916511375.5,4514.9158,Validation,-0.004114482972095268,-41.14482972095268,0.28650459266263884,0.8135114753699175,-0.5270068827072787,0,0,0,0,-41.14482972095268,0.2957825530898316,0.37192509099968485,0.07983195993702323,0.40147792466274523,
2024-09-13,2024-09-18,4500.3949,4509.072,4450.9587,4450.9587,9253375700.0,85710614259.9,4496.5919,Validation,-0.01117810794781593,-111.7810794781593,0.29089070942965495,0.8135114753699175,-0.5226207659402626,0,0,0,0,-111.7810794781593,0.33169683504352754,0.38235296323052265,0.0934734128636996,0.3155675311268457,
2024-09-18,2024-09-19,4450.089,4474.722,4397.161,4462.8701,9098968300.0,79102523647.7,4450.9587,Validation,0.007050308432033692,70.50308432033691,0.34271556334466347,0.8135114753699175,-0.47079591202525406,0,0,0,0,70.50308432033691,0.3836265267289184,0.416529082718966,0.11473833731971832,0.440074793032392,
2024-09-19,2024-09-20,4481.4635,4565.3899,4437.5363,4520.3939,11561186800.0,105405904204.6,4462.8701,Validation,0.007474410982037494,74.74410982037494,0.2906874961515641,0.8135114753699175,-0.5228239792183534,0,0,0,0,74.74410982037494,0.31029399426062315,0.32696013818795383,0.1198832514996998,0.4204024005024448,
2024-09-20,2024-09-23,4514.9598,4515.8064,4471.9438,4498.3901,9431204400.0,89084435754.7,4520.3939,Validation,-0.004247944798976944,-42.47944798976944,0.48135422151256957,0.8135114753699175,-0.33215725385734796,0,0,0,0,-42.47944798976944,0.5290082624488885,0.5405890763035847,0.1588245986514643,0.7199066200726346,
2024-09-23,2024-09-24,4495.7805,4545.5411,4483.13,4494.6878,8993522700.0,85104838086.0,4498.3901,Validation,0.0063261318029206315,63.261318029206315,0.32854450754501185,0.8135114753699175,-0.48496696782490567,0,0,0,0,63.261318029206315,0.31737620771414105,0.31963007590058967,0.14856103232842052,0.6153546784861641,
2024-09-24,2024-09-25,4524.2214,4690.5736,4503.1245,4689.5964,17714470300.0,159947071682.9,4494.6878,Validation,0.04849738343928078,484.9738343928078,0.30272941674373444,0.8135114753699175,-0.5107820586261831,0,1,0,0,484.9738343928078,0.32236968639068975,0.30827015701885585,0.1510234036412323,0.4598933162784322,
2024-09-25,2024-09-26,4743.6343,4847.2034,4724.4301,4731.4755,20459351900.0,182209573751.3,4689.5964,Validation,-0.0037183093983446103,-37.1830939834461,0.25278080368067546,0.8135114753699175,-0.5607306716892421,0,0,0,0,-37.1830939834461,0.3202792121203722,0.2948427231217783,0.13831664182598236,0.1931265492745931,
2024-09-26,2024-09-27,4725.996,4938.1839,4719.3492,4938.1839,22993032300.0,196122560309.1,4731.4755,Validation,0.06374707045879857,637.4707045879857,0.814138231488925,0.8135114753699175,0.0006267561190074211,1,1,1,1,637.4707045879857,0.9652263815217583,0.9470117980783992,0.3009497117022223,0.9661813858442906,预测大涨
2024-09-27,2024-09-30,5027.2644,5227.9577,5021.5148,5201.6656,23017750800.0,232646658012.5,4938.1839,Validation,0.08404660395423003,840.4660395423002,0.5141824516977862,0.8135114753699175,-0.2993290236721313,0,1,0,0,840.4660395423002,0.557511868198017,0.412276777913778,0.7715382951227661,0.24657808604746229,
2024-09-30,2024-10-08,5449.7889,5757.9213,5387.338,5743.217,38870320000.0,418784669568.5,5201.6656,Validation,0.17762620126441964,1776.2620126441964,0.5980264171214268,0.8135114753699175,-0.21548505824849074,0,1,0,0,1776.2620126441964,0.6537990372101824,0.5221716453492007,0.7617393522026719,0.387150164297505,
2024-10-08,2024-10-09,6417.8142,6417.8142,5868.8525,6155.5817,49354642000.0,579263323621.8,5743.217,Validation,-0.06296734174697671,-629.6734174697672,0.5049432710219985,0.8135114753699175,-0.308568204347919,0,0,0,0,-629.6734174697672,0.5388159860392265,0.4314248029814421,0.7064355673945125,0.2845691631691555,
2024-10-09,2024-10-10,6013.7015,6088.0804,5704.4779,5735.641,43115641600.0,529447530363.7,6155.5817,Validation,-0.04075539831832353,-407.55398318323535,0.843622096498976,0.8135114753699175,0.03011062112905849,1,0,0,0,-407.55398318323535,0.8983162698833138,0.8738134805463276,0.7609563356403845,0.7882274771549559,预测大涨
2024-10-10,2024-10-11,5768.6107,5875.9358,5597.4766,5690.8822,35348024500.0,390814224053.0,5735.641,Validation,-0.0205529383357419,-205.529383357419,0.924361874469625,0.8135114753699175,0.11085039909970751,1,0,0,0,-205.529383357419,0.9667244019866754,0.9473874851688464,0.8107623595927872,0.9502460177279075,预测大涨
2024-10-11,2024-10-14,5650.0488,5652.852,5408.8696,5470.8133,24438337300.0,266749263112.0,5690.8822,Validation,-0.025911758496669934,-259.1175849666993,0.8401680415307471,0.8135114753699175,0.026656566160829565,1,0,0,0,-259.1175849666993,0.834525986445933,0.8478207207507628,0.8312307376105584,0.8510540128412086,预测大涨
2024-10-14,2024-10-15,5503.6461,5623.9685,5408.3917,5608.153,25060854100.0,279231292488.6,5470.8133,Validation,0.01355737608201224,135.5737608201224,0.8719945758567609,0.8135114753699175,0.058483100486843353,1,0,0,1,135.5737608201224,0.8933793482623683,0.8870343610966908,0.8202813996900331,0.871337927554218,预测大涨
2024-10-15,2024-10-16,5578.2611,5661.0749,5471.8807,5472.56,23899701900.0,276816614630.7,5608.153,Validation,-0.033091925367208064,-330.91925367208063,0.5430856996777844,0.8135114753699175,-0.2704257756921331,0,0,0,0,-330.91925367208063,0.47657188476073065,0.6448186844652493,0.6828448580848808,0.3142259901887021,
2024-10-16,2024-10-17,5393.6657,5546.1764,5393.6657,5461.0877,20545092600.0,222425749319.4,5472.56,Validation,0.019671259937374508,196.7125993737451,0.8926818057863264,0.8135114753699175,0.07917033041640886,1,1,1,1,196.7125993737451,0.9259303719784595,0.9018895900886235,0.8167445111045039,0.9103287602865292,预测大涨
2024-10-17,2024-10-18,5499.7659,5541.0331,5417.881,5418.9883,20276868500.0,234458932483.4,5461.0877,Validation,-0.015225011668223987,-152.25011668223988,0.648961712552948,0.8135114753699175,-0.16454976281696954,0,0,0,0,-152.25011668223988,0.5005858350457251,0.6744080194464489,0.7861223298980966,0.7311335663425905,
2024-10-18,2024-10-21,5416.0319,5774.1408,5404.2035,5640.0198,28711421900.0,352062136787.1,5418.9883,Validation,0.04884256682461574,488.4256682461574,0.8162039701997986,0.8135114753699175,0.002692494829881098,1,1,1,1,488.4256682461574,0.8000053098652785,0.822034307454478,0.8090837817054379,0.8502132923947103,预测大涨
2024-10-21,2024-10-22,5680.5648,5797.8808,5631.2316,5704.225,26688518600.0,359965731439.6,5640.0198,Validation,0.004005728444467227,40.05728444467227,0.6758661912387962,0.8135114753699175,-0.13764528413112131,0,0,0,0,40.05728444467227,0.6470014534649517,0.731406803346073,0.7513781692969727,0.5361787179904891,
2024-10-22,2024-10-23,5703.3196,5779.2983,5673.7901,5753.8497,23702362400.0,312584329119.8,5704.225,Validation,0.007326838215414133,73.26838215414134,0.7287870011834139,0.8135114753699175,-0.08472447418650364,0,0,0,0,73.26838215414134,0.6951795423911775,0.7520693359464927,0.7698835117662244,0.7029510632301639,
2024-10-23,2024-10-24,5745.1069,5853.4555,5727.7736,5776.383,27341264000.0,336167749458.4,5753.8497,Validation,0.0004265891031549618,4.265891031549618,0.5566153662470321,0.8135114753699175,-0.2568961091228854,0,0,0,0,4.265891031549618,0.4742866268212269,0.6218420172965186,0.694257355982469,0.42815956230404106,
2024-10-24,2024-10-25,5747.5577,5759.8651,5694.7789,5726.7041,20769004600.0,257232250889.5,5776.383,Validation,-0.002135237372214771,-21.35237372214771,0.6480065313908873,0.8135114753699175,-0.16550494397903026,0,0,0,0,-21.35237372214771,0.5451656817230692,0.6383272149797835,0.7550243568656466,0.7363326306266375,
2024-10-25,2024-10-28,5735.2853,5855.2647,5729.4384,5809.6879,23672570800.0,299590180533.3,5726.7041,Validation,0.014130822750875183,141.30822750875183,0.5378521962238199,0.8135114753699175,-0.27565927914609767,0,0,0,0,141.30822750875183,0.4533213713589974,0.5658690743212054,0.6754910606663164,0.4791972237827107,
2024-10-28,2024-10-29,5816.3296,5883.7203,5787.4843,5883.7203,27065378700.0,312663682663.8,5809.6879,Validation,0.014953915266425089,149.53915266425088,0.5948484524219091,0.8135114753699175,-0.21866302294800843,0,0,0,0,149.53915266425088,0.5610802528824012,0.6070231273731712,0.6808555996279251,0.5270403678703832,
2024-10-29,2024-10-30,5903.3065,5917.2149,5807.29,5812.5286,27537114300.0,332481504886.9,5883.7203,Validation,-0.01854450552414988,-185.44505524149878,0.4249672436040143,0.8135114753699175,-0.38854423176590325,0,0,0,0,-185.44505524149878,0.37864690296575426,0.47181271657091384,0.5776484745551721,0.23148169721040066,
2024-10-30,2024-10-31,5793.8326,5869.1113,5777.43,5837.9338,25202127500.0,315956554496.2,5812.5286,Validation,0.007964330899032257,79.64330899032257,0.7592892500532328,0.8135114753699175,-0.05422222531668475,0,0,0,0,79.64330899032257,0.7811987352694173,0.7368570821299074,0.7317924736085512,0.7897959554460964,
2024-10-31,2024-11-01,5839.9766,5935.1827,5812.0324,5901.2904,31354920200.0,377454102584.7,5837.9338,Validation,0.009134043448050688,91.34043448050689,0.50248926664493,0.8135114753699175,-0.31102220872498754,0,0,0,0,91.34043448050689,0.42013228244271333,0.49750984538779375,0.64053798116868,0.49639486280447226,
2024-11-01,2024-11-04,5893.3192,5934.2031,5795.0805,5831.8217,36984064100.0,429257467070.0,5901.2904,Validation,-0.009829333527360928,-98.29333527360929,0.5129035250619401,0.8135114753699175,-0.3006079503079774,0,0,0,0,-98.29333527360929,0.47996700603187514,0.5123900002566081,0.6207063322268884,0.4355634365583552,
2024-11-04,2024-11-05,5835.3918,5928.9085,5835.3918,5928.9085,28655229400.0,342776867779.9,5831.8217,Validation,0.01550425457293203,155.0425457293203,0.7350467633275983,0.8135114753699175,-0.0784647120423192,0,0,0,0,155.0425457293203,0.7412933486447062,0.7033540580418852,0.7145520042582532,0.8054152974990915,
2024-11-05,2024-11-06,5925.8652,6119.2536,5910.8887,6111.9707,36634449200.0,441462863294.4,5928.9085,Validation,0.03527896652120943,352.7896652120943,0.39087553665705876,0.8135114753699175,-0.42263593871285876,0,1,0,0,352.7896652120943,0.36218897945959055,0.4236847547556248,0.5187742878000636,0.21855755620755635,
2024-11-06,2024-11-07,6134.9236,6204.5331,6081.8065,6125.7868,41518773700.0,502324104677.0,6111.9707,Validation,-0.011929847015535677,-119.29847015535677,0.39371880654637964,0.8135114753699175,-0.4197926688235379,0,0,0,0,-119.29847015535677,0.3825559920143346,0.3973307280879762,0.5181200519872965,0.24006721224792069,
2024-11-07,2024-11-08,6061.7349,6240.7574,6049.587,6239.5598,41841332300.0,465814955829.2,6125.7868,Validation,0.040427980445004286,404.27980445004283,0.5320369776936508,0.8135114753699175,-0.28147449767626675,0,1,0,0,404.27980445004283,0.44796471519556236,0.4150477523926063,0.6556485899935357,0.7454557128665751,
2024-11-08,2024-11-11,6306.7986,6333.6792,6206.2949,6222.445,38564834700.0,470080201608.9,6239.5598,Validation,-0.015184534353134382,-151.84534353134381,0.3626096940056636,0.8135114753699175,-0.4509017813642539,0,0,0,0,-151.84534353134381,0.3722724646033703,0.33793950228084507,0.4804768890557102,0.22318174881015537,
2024-11-11,2024-11-12,6211.0328,6330.8046,6199.0563,6330.6152,33409692100.0,453328339552.7,6222.445,Validation,0.022250196456859772,222.5019645685977,0.5622709920869217,0.8135114753699175,-0.25124048328299586,0,1,0,0,222.5019645685977,0.5129572973725798,0.41802315191290884,0.6526730043235878,0.7951935468340044,
2024-11-12,2024-11-13,6349.2295,6382.9784,6205.0988,6263.883,33285691900.0,452685440809.0,6330.6152,Validation,-0.018123742416304323,-181.23742416304322,0.34588430359354866,0.8135114753699175,-0.46762717177636887,0,0,0,0,-181.23742416304322,0.37041618748468785,0.30685089076675054,0.4416606747180425,0.23037001247559535,
2024-11-13,2024-11-14,6234.1577,6282.2777,6162.8979,6259.8412,26040067300.0,347812976326.8,6263.883,Validation,0.0010348791786258804,10.348791786258804,0.6677796862429491,0.8135114753699175,-0.14573178912696838,0,0,0,0,10.348791786258804,0.7231641438445698,0.5845663079138795,0.6219105450651385,0.7587811950348669,
2024-11-14,2024-11-15,6240.6093,6240.6093,6068.6584,6078.3051,23974313800.0,317335892174.5,6259.8412,Validation,-0.029656383071441472,-296.56383071441473,0.3770281075052349,0.8135114753699175,-0.4364833678646826,0,0,0,0,-296.56383071441473,0.3652935364071331,0.3134125393210039,0.48269570353869373,0.3679983708650994,
2024-11-15,2024-11-18,6055.5354,6093.4226,5924.35,5924.4834,23622604200.0,309679795180.8,6078.3051,Validation,-0.018999013695799594,-189.99013695799593,0.8042636879078282,0.8135114753699175,-0.009247787462089319,0,0,0,0,-189.99013695799593,0.8897123118025869,0.8004239407904897,0.6505744085846823,0.8407276786561334,
2024-11-18,2024-11-19,5940.4862,5977.4919,5799.9082,5833.0358,28252722400.0,296423264134.4,5924.4834,Validation,-0.017486009815156245,-174.86009815156245,0.8208778063127316,0.8135114753699175,0.0073663309428140256,1,0,0,0,-174.86009815156245,0.8810815573632287,0.8394788391970426,0.6974979655878351,0.8300403087796135,预测大涨
2024-11-19,2024-11-20,5836.6108,5936.9347,5776.2017,5936.6015,24140421500.0,262477730599.7,5833.0358,Validation,0.014342587311115595,143.42587311115597,0.7741543021032326,0.8135114753699175,-0.039357173266684975,0,0,0,0,143.42587311115597,0.785846359337562,0.7901654272850999,0.7094042262040363,0.8103205657734092,
2024-11-20,2024-11-21,5920.3229,6015.2339,5909.106,5992.3904,21734522400.0,261005441610.0,5936.6015,Validation,0.008923803801309527,89.23803801309526,0.3927330064107336,0.8135114753699175,-0.4207784689591839,0,0,0,0,89.23803801309526,0.3391116229622516,0.4516649765309676,0.5178105306380262,0.23156590271582098,
2024-11-21,2024-11-22,5973.1547,6009.6285,5937.8052,5985.3128,20619894100.0,252722313895.1,5992.3904,Validation,-0.0006829556917384849,-6.829556917384849,0.4427423337465899,0.8135114753699175,-0.37076914162332764,0,0,0,0,-6.829556917384849,0.38397159631992084,0.4443103646095142,0.5719512906090546,0.38722378108225525,
2024-11-22,2024-11-25,5969.0753,5983.3393,5750.2457,5750.2457,22506673700.0,267675732292.4,5985.3128,Validation,-0.03593990513069922,-359.39905130699225,0.42539353902253657,0.8135114753699175,-0.38811793634738095,0,0,0,0,-359.39905130699225,0.34562723246682236,0.37284329514439274,0.591109370353927,0.4590005991595193,
2024-11-25,2024-11-26,5754.5473,5774.8166,5662.0946,5735.6493,18600506000.0,215261571671.1,5750.2457,Validation,-0.004722161202845632,-47.22161202845632,0.8357614675101246,0.8135114753699175,0.022249992140207064,1,0,0,0,-47.22161202845632,0.8907114434850342,0.8529949085236064,0.7291399977222203,0.8354387677482168,预测大涨
2024-11-26,2024-11-27,5727.3734,5773.3559,5688.5764,5690.4792,14756286500.0,170186745318.8,5735.6493,Validation,-0.010095116201084497,-100.95116201084497,0.4560291899664895,0.8135114753699175,-0.357482285403428,0,0,0,0,-100.95116201084497,0.36148361710951343,0.4373602009569439,0.6024590187913302,0.4882682484201122,
2024-11-27,2024-11-28,5669.5549,5805.635,5603.9955,5804.9368,17531330200.0,204528721580.5,5690.4792,Validation,0.02350133341155214,235.0133341155214,0.5280442280545454,0.8135114753699175,-0.2854672473153721,0,1,0,0,235.0133341155214,0.47361859097788717,0.504120522950409,0.6281015494544103,0.547986373849869,
2024-11-28,2024-11-29,5802.797,5826.4882,5749.2874,5757.5965,17218353700.0,204358289211.1,5804.9368,Validation,-0.009414511657050761,-94.14511657050761,0.3606311552259479,0.8135114753699175,-0.4528803201439696,0,0,0,0,-94.14511657050761,0.333534793078257,0.3547917023010562,0.508236226029608,0.22547299505331878,
2024-11-29,2024-12-02,5748.1665,5899.873,5736.4093,5851.9385,20425554400.0,243571196943.7,5757.5965,Validation,0.01836042849489483,183.6042849489483,0.47878889486534826,0.8135114753699175,-0.33472258050456927,0,1,0,0,183.6042849489483,0.44019005786619736,0.4218580734377992,0.5989777211972919,0.4951807247803323,
2024-12-02,2024-12-03,5853.7053,5956.5981,5848.4235,5943.6245,23618130800.0,257212815525.1,5851.9385,Validation,0.015892480955609578,158.9248095560958,0.46830913663991,0.8135114753699175,-0.34520233873000755,0,0,0,0,158.9248095560958,0.4530022798188271,0.4162132491083328,0.579337102508782,0.43934055749527196,
2024-12-03,2024-12-04,5946.7352,5954.6607,5877.8012,5932.1207,20987050900.0,229346951926.7,5943.6245,Validation,-0.0029022479427029957,-29.022479427029957,0.3752508750240745,0.8135114753699175,-0.438260600345843,0,0,0,0,-29.022479427029957,0.3608411556398494,0.31744622552641094,0.5199459683092433,0.3080739120693567,
2024-12-04,2024-12-05,5929.4763,5940.8545,5850.9094,5879.2695,21599163400.0,234212942758.9,5932.1207,Validation,-0.012435229735212938,-124.35229735212938,0.3924979280496129,0.8135114753699175,-0.4210135473203046,0,0,0,0,-124.35229735212938,0.3419035493171976,0.278824258991223,0.575212019279385,0.44770802826724165,
2024-12-05,2024-12-06,5855.7419,5923.6243,5853.527,5901.9859,19854223600.0,212251881677.0,5879.2695,Validation,0.008155567785526951,81.55567785526952,0.4881154151098125,0.8135114753699175,-0.32539606026010504,0,0,0,0,81.55567785526952,0.46046366249960613,0.36091149616933504,0.6160812196427097,0.5935292663196028,
2024-12-06,2024-12-09,5903.4988,6011.7691,5877.0434,5979.197,26532953600.0,255600553068.3,5901.9859,Validation,0.013523421060066987,135.23421060066988,0.3816439327661311,0.8135114753699175,-0.4318675426037864,0,0,0,0,135.23421060066988,0.3481649626535053,0.2633276000217115,0.5521239176470061,0.425430347346992,
2024-12-09,2024-12-10,5983.3343,6004.2343,5911.3619,5947.1089,28446220900.0,237294662391.5,5979.197,Validation,0.024895266172909603,248.95266172909604,0.41663303767418725,0.8135114753699175,-0.3968784376957303,0,1,0,0,248.95266172909604,0.4328737145379156,0.31267343175967316,0.5370969664767226,0.39841300758567805,
2024-12-10,2024-12-11,6132.291,6141.0655,5982.5833,5992.0937,32052782300.0,324711288431.3,5947.1089,Validation,-0.02592261195693424,-259.22611956934236,0.4596186411089545,0.8135114753699175,-0.353892834260963,0,0,0,0,-259.22611956934236,0.4229899015888042,0.30736655450424427,0.6016759017598968,0.6085671307524712,
2024-12-11,2024-12-12,5973.326,6051.4718,5972.2696,6047.105,25388394100.0,250011474489.1,5992.0937,Validation,0.012632057918821049,126.32057918821049,0.6964766602894386,0.8135114753699175,-0.11703481508047897,0,0,0,0,126.32057918821049,0.7091527250764006,0.6052596341462452,0.6989170991789894,0.8258142148946005,
2024-12-12,2024-12-13,6048.7814,6107.7146,6023.2343,6100.3945,24365369000.0,258380795570.8,6047.105,Validation,0.002839051184756025,28.39051184756025,0.3380958990704496,0.8135114753699175,-0.4754155762994679,0,0,0,0,28.39051184756025,0.341250445716663,0.2738938333039779,0.48087418238073854,0.24742596298692424,
2024-12-13,2024-12-16,6065.9542,6065.9542,5988.292,5988.292,28632819800.0,307316221178.0,6100.3945,Validation,-0.013649031507689258,-136.49031507689259,0.34452131646073086,0.8135114753699175,-0.46899015890918666,0,0,0,0,-136.49031507689259,0.3522349038481293,0.26266412950375057,0.48529469431342726,0.2778166258897674,
2024-12-16,2024-12-17,5983.1598,5991.5772,5888.0426,5912.6014,21464744100.0,241790858877.2,5988.292,Validation,-0.014405799423909849,-144.0579942390985,0.4944572040095794,0.8135114753699175,-0.31905427136033815,0,0,0,0,-144.0579942390985,0.5575832871193998,0.41375347562626197,0.5467871024911968,0.42959219165979284,
2024-12-17,2024-12-18,5896.9676,5924.6244,5837.2514,5848.1628,19310854700.0,204630242337.7,5912.6014,Validation,-0.006054840796479888,-60.548407964798876,0.5793262227249151,0.8135114753699175,-0.23418525264500245,0,0,0,0,-60.548407964798876,0.5919044507200524,0.47099563143502227,0.6285614834437878,0.6744775395041104,
2024-12-18,2024-12-19,5861.2624,5921.9798,5853.1628,5888.6162,18799629000.0,193282038369.0,5848.1628,Validation,-0.005459455287311399,-54.59455287311399,0.5085024217175402,0.8135114753699175,-0.3050090536523773,0,0,0,0,-54.59455287311399,0.5122947932805993,0.41890606500794314,0.5886954084675212,0.5469718996066105,
2024-12-19,2024-12-20,5829.2631,5918.4895,5816.4729,5901.9155,19653119400.0,211287492264.4,5888.6162,Validation,0.010410046511710958,104.10046511710958,0.37377531796315333,0.8135114753699175,-0.4397361574067642,0,0,0,0,104.10046511710958,0.3562220845178772,0.284574102202833,0.507487449645256,0.3833238855520346,
2024-12-20,2024-12-23,5889.946,5962.4154,5889.946,5917.1751,17809039900.0,221132517265.6,5901.9155,Validation,0.004711061867120669,47.110618671206694,0.3483568179383498,0.8135114753699175,-0.4651546574315677,0,0,0,0,47.110618671206694,0.3390681448134161,0.25554011792166564,0.48901985722979413,0.3371127943322952,
2024-12-23,2024-12-24,5917.6939,5935.1523,5815.3415,5818.551,17731548600.0,217347047187.5,5917.1751,Validation,-0.01529889878217594,-152.9889878217594,0.37637478963975596,0.8135114753699175,-0.43713668573016157,0,0,0,0,-152.9889878217594,0.35924140155751677,0.25429851451552304,0.5252827413357405,0.42166828719994315,
2024-12-24,2024-12-25,5827.1597,5897.1946,5827.1597,5895.2595,16736582400.0,196112525345.7,5818.551,Validation,0.011887403738050972,118.87403738050972,0.725160469389424,0.8135114753699175,-0.0883510059804935,0,0,0,0,118.87403738050972,0.7856527363211895,0.661378541762796,0.6706890539167072,0.7831309717810065,
2024-12-25,2024-12-26,5896.4295,5897.5101,5796.6475,5840.2889,15727913200.0,191269446368.3,5895.2595,Validation,-0.01114374385380168,-111.43743853801679,0.3250642812228007,0.8135114753699175,-0.48844719414711685,0,0,0,0,-111.43743853801679,0.3305207717591414,0.27494561486031965,0.4466472783056177,0.23400028397854475,
2024-12-26,2024-12-27,5830.7212,5897.4827,5830.7212,5887.0605,14531944400.0,201723277582.2,5840.2889,Validation,0.01062871947984756,106.2871947984756,0.5113796303374477,0.8135114753699175,-0.3021318450324698,0,0,0,0,106.2871947984756,0.46742210378583426,0.3648855611718146,0.6409901080955325,0.6829395883821178,
2024-12-27,2024-12-30,5892.6943,5975.7919,5881.7173,5899.1665,17908549800.0,236680633735.7,5887.0605,Validation,-0.0003786044017249912,-3.786044017249912,0.3595318145543395,0.8135114753699175,-0.453979660815578,0,0,0,0,-3.786044017249912,0.34276644108668064,0.261354570125144,0.5309263743410756,0.33130089121744455,
2024-12-30,2024-12-31,5890.4633,5928.5718,5867.8538,5898.884,15556558600.0,196182578970.3,5899.1665,Validation,0.001964140919102242,19.64140919102242,0.45936603595882464,0.8135114753699175,-0.3541454394110929,0,0,0,0,19.64140919102242,0.3976704065831083,0.28305390387946167,0.6586750303028098,0.6249656122981272,
2024-12-31,2025-01-02,5902.033,5905.463,5725.7324,5725.7324,18215885500.0,217194009078.8,5898.884,Validation,-0.03119557277975249,-311.9557277975249,0.35131345579839957,0.8135114753699175,-0.46219801957151796,0,0,0,0,-311.9557277975249,0.3384566397279329,0.2429353752352546,0.5269647190979667,0.32677534389674,
2025-01-02,2025-01-03,5717.9157,5722.1107,5498.8216,5545.8174,19376315700.0,220078999057.0,5725.7324,Test,-0.028885647964344674,-288.85647964344673,0.834730074884729,0.8135114753699175,0.02121859951481142,1,0,0,0,-288.85647964344673,0.9032391879459789,0.8328770123327712,0.7339336264526376,0.8309861856896242,预测大涨
2025-01-03,2025-01-06,5552.75,5581.3978,5419.7429,5427.8041,17407731000.0,187233075270.9,5545.8174,Test,-0.023715222187204454,-237.15222187204455,0.8043273154959576,0.8135114753699175,-0.00918415987395993,0,0,0,0,-237.15222187204455,0.8390050737909662,0.8164999352130338,0.7181174782104514,0.8278735208817516,
2025-01-06,2025-01-07,5421.0653,5482.6253,5384.3326,5427.1007,14626565800.0,156743673376.1,5427.8041,Test,0.0014955732040342617,14.955732040342617,0.7935581101946776,0.8135114753699175,-0.019953365175239934,0,0,0,0,14.955732040342617,0.8188310047649681,0.8282823785598142,0.7157990833111965,0.7860044015586076,
2025-01-07,2025-01-08,5429.1729,5485.5848,5405.1327,5484.6847,14506527800.0,159836326878.2,5427.1007,Test,0.00610610503857778,61.061050385777804,0.4852484972604814,0.8135114753699175,-0.3282629781094361,0,0,0,0,61.061050385777804,0.3240366469915526,0.445044949923574,0.6405160339322796,0.6846870239978204,
2025-01-08,2025-01-09,5462.324,5501.6555,5326.9259,5461.5861,16384991500.0,181141237075.9,5484.6847,Test,-0.004487320781411008,-44.87320781411008,0.35463508765528173,0.8135114753699175,-0.4588763877146358,0,0,0,0,-44.87320781411008,0.32972379607775754,0.397507039119914,0.438471077501782,0.2172711811554761,
2025-01-09,2025-01-10,5437.8128,5493.6799,5436.7036,5456.5863,12983262700.0,156798867820.6,5461.5861,Test,0.002057555199399319,20.57555199399319,0.4130434952805506,0.8135114753699175,-0.4004679800893669,0,0,0,0,20.57555199399319,0.37583909985851954,0.3946105133132154,0.5319155109776414,0.36091153241170304,
2025-01-10,2025-01-13,5449.0014,5496.3833,5369.2811,5369.2811,13017955300.0,159984103633.2,5456.5863,Test,-0.023729136865334732,-237.29136865334732,0.37023698914170267,0.8135114753699175,-0.44327448622821486,0,0,0,0,-237.29136865334732,0.3403539950055136,0.3322999344294982,0.5012476165279707,0.3199885847713439,
2025-01-13,2025-01-14,5319.7013,5422.0115,5319.2741,5381.6974,11968293700.0,139406540969.0,5369.2811,Test,0.013922153862285569,139.2215386228557,0.684311086202069,0.8135114753699175,-0.12920038916784848,0,0,0,0,139.2215386228557,0.7165201808445957,0.6657049426171372,0.6676859336379075,0.6712870961360519,
2025-01-14,2025-01-15,5393.763,5582.835,5378.5875,5572.2722,17214286000.0,208083727936.2,5381.6974,Test,0.0307420811778345,307.420811778345,0.433593687719077,0.8135114753699175,-0.3799177876508405,0,1,0,0,307.420811778345,0.348353243912765,0.3489669378684883,0.589873365304998,0.5479418863653785,
2025-01-15,2025-01-16,5559.5785,5569.1895,5509.5757,5522.459,13839324300.0,169060453013.4,5572.2722,Test,-0.0023165065481132174,-23.165065481132174,0.3527557770156081,0.8135114753699175,-0.4607556983543094,0,0,0,0,-23.165065481132174,0.3577227948949589,0.322279925018723,0.48011518816412646,0.22041441468732398,
2025-01-16,2025-01-17,5546.6997,5633.8547,5508.9146,5545.6336,14931808500.0,182995873631.7,5522.459,Test,-0.004055510703058318,-40.55510703058318,0.3853796131961743,0.8135114753699175,-0.4281318621737432,0,0,0,0,-40.55510703058318,0.38052997176366365,0.3159809736057072,0.5259287152933666,0.3238777051399375,
2025-01-17,2025-01-20,5524.205,5621.9367,5519.4109,5587.2939,12669117400.0,164437435727.2,5545.6336,Test,0.0176893688775126,176.893688775126,0.5524719226390129,0.8135114753699175,-0.2610395527309046,0,1,0,0,176.893688775126,0.4817186023342541,0.38331651991056187,0.7116948990293881,0.7799130905246485,
2025-01-20,2025-01-21,5621.9247,5665.183,5598.1584,5614.3311,13571250700.0,173426107632.4,5587.2939,Test,0.0031446525777907297,31.446525777907297,0.4306429834120513,0.8135114753699175,-0.3828684919578662,0,0,0,0,31.446525777907297,0.3905619147823858,0.3107991459821338,0.5900124172111307,0.5064089982787116,
2025-01-21,2025-01-22,5639.6037,5642.9168,5573.5002,5633.9249,12649130000.0,170909135202.8,5614.3311,Test,-0.005808298196555817,-58.08298196555817,0.38613887391172774,0.8135114753699175,-0.4273726014581898,0,0,0,0,-58.08298196555817,0.37932814472875126,0.28493599290083327,0.5398226322310941,0.3664015475054889,
2025-01-22,2025-01-23,5606.8472,5618.581,5567.7793,5607.0594,11537499600.0,158106585548.6,5633.9249,Test,0.009367349978790074,93.67349978790074,0.35496924456590395,0.8135114753699175,-0.4585422308040136,0,0,0,0,93.67349978790074,0.350530646369833,0.25166869933222275,0.5195155004672211,0.31892611802718557,
2025-01-23,2025-01-24,5659.3685,5717.6887,5584.2548,5584.2548,16341998700.0,203633761249.2,5607.0594,Test,-0.015706434383977674,-157.06434383977674,0.34226002536139594,0.8135114753699175,-0.4712514500085216,0,0,0,0,-157.06434383977674,0.35418979520092597,0.24393469736699577,0.4932175514111194,0.2814119901242251,
2025-01-24,2025-01-27,5570.48,5660.4337,5570.48,5649.9504,13943805800.0,180858845316.0,5584.2548,Test,0.016157458603208497,161.57458603208497,0.637761816292368,0.8135114753699175,-0.17574965907754958,0,1,0,0,161.57458603208497,0.6324877684169306,0.46064511755336723,0.7496923493142248,0.8050189079158708,
2025-01-27,2025-02-05,5660.4848,5676.0261,5589.3432,5589.3432,13654605600.0,163085841547.7,5649.9504,Test,-0.0030580596206177812,-30.580596206177812,0.36505342547541225,0.8135114753699175,-0.4484580498945053,0,0,0,0,-30.580596206177812,0.37024425012534423,0.270516033345418,0.5214101225195443,0.3044729008861146,
2025-02-05,2025-02-06,5643.1747,5646.0366,5588.5558,5614.3872,15567414100.0,214999512244.8,5589.3432,Test,-0.006433258215450821,-64.33258215450822,0.5366839185508464,0.8135114753699175,-0.2768275568190711,0,0,0,0,-64.33258215450822,0.5573052549990006,0.41541042443943255,0.6526363164318668,0.545657646207089,
2025-02-06,2025-02-07,5606.8707,5749.0232,5597.3246,5747.9012,18142819300.0,257122087039.6,5614.3872,Test,0.02557897402556475,255.7897402556475,0.36742468644972004,0.8135114753699175,-0.4460867889201975,0,1,0,0,255.7897402556475,0.3710890814672079,0.2731209043734773,0.5248774268874014,0.30817194756917116,
2025-02-07,2025-02-10,5750.2887,5889.4279,5741.7326,5833.9883,23271886300.0,327949184790.5,5747.9012,Test,0.018773631313502515,187.73631313502514,0.32937789084963415,0.8135114753699175,-0.4841335845202834,0,1,0,0,187.73631313502514,0.3562876480898662,0.25471792189710235,0.47167864599281517,0.2071860640591978,
2025-02-10,2025-02-11,5858.2425,5895.4055,5836.1713,5888.5509,20930090500.0,286253277530.5,5833.9883,Test,0.005484699549395566,54.84699549395566,0.5601818393250944,0.8135114753699175,-0.25332963604482317,0,0,0,0,54.84699549395566,0.6137343601745041,0.46898669864399306,0.6097361729611129,0.5378370199625,
2025-02-11,2025-02-12,5890.3732,5890.3732,5827.3777,5858.2805,18192050800.0,260281069640.5,5888.5509,Test,-0.008320593336938353,-83.20593336938353,0.34908442333031986,0.8135114753699175,-0.46442705203959767,0,0,0,0,-83.20593336938353,0.34134895664998866,0.26940342950552165,0.5063536499521684,0.28871884261437863,
2025-02-12,2025-02-13,5841.3618,5940.5374,5841.3188,5940.5299,19544615500.0,285438865878.9,5858.2805,Test,0.016578599873748656,165.78599873748655,0.3742772635491869,0.8135114753699175,-0.43923421182073064,0,1,0,0,165.78599873748655,0.3682487912245628,0.27861979487431054,0.5210438178886219,0.35268432520332343,
2025-02-13,2025-02-14,5938.2034,5957.5798,5889.6952,5898.2611,22828183900.0,313080162906.2,5940.5299,Test,-0.007454982091048001,-74.54982091048001,0.3245867841596593,0.8135114753699175,-0.4889246912102582,0,0,0,0,-74.54982091048001,0.34757861797640127,0.25466771075302613,0.45315089602491304,0.2213118619459667,
2025-02-14,2025-02-17,5893.9342,5954.477,5886.9501,5947.796,21191426100.0,306627494264.1,5898.2611,Test,0.01457607042847564,145.7607042847564,0.43070520590524153,0.8135114753699175,-0.382806269464676,0,0,0,0,145.7607042847564,0.4655863138477652,0.33096857859089607,0.5375845401478709,0.3841628647438675,
2025-02-17,2025-02-18,5979.8446,5985.3644,5906.2661,5948.7197,23390168900.0,356940293723.8,5947.796,Test,-0.007415794718143687,-74.15794718143687,0.35172288793543116,0.8135114753699175,-0.46178858743448636,0,0,0,0,-74.15794718143687,0.36518141483335914,0.26303617949168073,0.4835748606196349,0.29702879561311735,
2025-02-18,2025-02-19,5935.4993,5947.9342,5816.0511,5840.7112,21494148200.0,306905660928.8,5948.7197,Test,-0.016939535314240528,-169.39535314240527,0.41002602126922544,0.8135114753699175,-0.4034854541006921,0,0,0,0,-169.39535314240527,0.3686156024507346,0.25716238376913064,0.5915953897988354,0.5158766451554705,
2025-02-19,2025-02-20,5834.9547,5945.3461,5831.4815,5943.8823,20529830500.0,313960331576.5,5840.7112,Test,0.01827679998955256,182.7679998955256,0.824156205899903,0.8135114753699175,0.010644730529985491,1,1,1,1,182.7679998955256,0.8817925901478929,0.7957815137708828,0.7495280567432041,0.8539483056891701,预测大涨
2025-02-20,2025-02-21,5941.599,5977.7301,5920.5681,5957.5465,19820741100.0,305885399073.0,5943.8823,Test,0.004720480126646054,47.204801266460535,0.3528346245431871,0.8135114753699175,-0.46067685082673043,0,0,0,0,47.204801266460535,0.3655030347940552,0.344827201148207,0.42985784952332395,0.23402030935361964,
2025-02-21,2025-02-24,5969.6462,6061.824,5943.1948,6057.0648,25231712800.0,396960769353.7,5957.5465,Test,0.014696666613173814,146.96666613173815,0.36922696030087443,0.8135114753699175,-0.4442845150690431,0,0,0,0,146.96666613173815,0.37036038460064025,0.3264741469026792,0.46270002425149487,0.31311039417861053,
2025-02-24,2025-02-25,6057.3801,6079.0169,6007.1786,6044.973,24381379800.0,382362648270.6,6057.0648,Test,-0.014914599795380346,-149.14599795380346,0.36096426805359316,0.8135114753699175,-0.45254720731632436,0,0,0,0,-149.14599795380346,0.38591966034596703,0.3213645777656253,0.44667027869303916,0.259387752807004,
2025-02-25,2025-02-26,5967.0367,6044.7559,5956.1761,5979.9653,20683395300.0,340316449158.0,6044.973,Test,0.0038969761992582175,38.96976199258218,0.4160818914477008,0.8135114753699175,-0.3974295839222167,0,0,0,0,38.96976199258218,0.3993019496761262,0.31450172438038626,0.5513344420155456,0.4435323030493108,
2025-02-26,2025-02-27,5990.2901,6055.8727,5973.8574,6051.7401,21086089800.0,327265336672.0,5979.9653,Test,0.009998898050029181,99.98898050029182,0.58192033831015,0.8135114753699175,-0.23159113705976753,0,0,0,0,99.98898050029182,0.6168389941732709,0.5087970416426328,0.6049297774752882,0.6040459849171081,
2025-02-27,2025-02-28,6050.1864,6064.491,5940.3354,6028.9856,21665293000.0,328254761442.7,6051.7401,Test,-0.008639221429607491,-86.39221429607491,0.3604274065744384,0.8135114753699175,-0.45308406879547913,0,0,0,0,-86.39221429607491,0.3736602758492486,0.31575798369128083,0.4580558303053084,0.276239966781046,
2025-02-28,2025-03-03,5997.9175,6007.4724,5847.1512,5859.8708,20522381400.0,298290643729.1,6028.9856,Test,-0.020334607803458415,-203.34607803458417,0.4644853576246186,0.8135114753699175,-0.3490261177452989,0,0,0,0,-203.34607803458417,0.4472500852402415,0.3666534312023168,0.5851956572230017,0.5063395207326714,
2025-03-03,2025-03-04,5875.9522,5964.2684,5851.56,5885.7696,18502458100.0,266955659875.8,5859.8708,Test,-0.0051874145606561894,-51.874145606561896,0.8862056158485203,0.8135114753699175,0.07269414047860279,1,0,0,0,-51.874145606561896,0.9291672986363875,0.9021719877877546,0.8000783795635852,0.8853958389224281,预测大涨
2025-03-04,2025-03-05,5845.4712,5943.0837,5843.4633,5937.6302,15392221100.0,231145314804.5,5885.7696,Test,0.01567644367147003,156.7644367147003,0.6553086847797134,0.8135114753699175,-0.15820279059020415,0,0,0,0,156.7644367147003,0.5512137419368238,0.6144310579523636,0.7613636963048953,0.8022206444215908,
2025-03-05,2025-03-06,5937.1074,5955.8988,5892.5332,5950.7034,16307150000.0,241738025092.7,5937.6302,Test,0.007288465086550344,72.88465086550345,0.4043928899021366,0.8135114753699175,-0.4091185854677809,0,0,0,0,72.88465086550345,0.36975117708289806,0.4429299127595857,0.49390031326271205,0.28749403252169115,
2025-03-06,2025-03-07,5980.3798,6062.5412,5972.6039,6047.7734,21304285200.0,320542701863.5,5950.7034,Test,0.008193710372709218,81.93710372709218,0.4039134573686101,0.8135114753699175,-0.4095980180013074,0,0,0,0,81.93710372709218,0.3706149234698333,0.40042593430969237,0.5277470689047103,0.3105047913944791,
2025-03-07,2025-03-10,6029.3813,6067.3481,5989.3206,6013.7747,20743714900.0,301122130059.3,6047.7734,Test,-0.0011112085414136663,-11.112085414136663,0.44837618389071127,0.8135114753699175,-0.36513529147920626,0,0,0,0,-11.112085414136663,0.421513552549008,0.41331833784775673,0.5875884402286912,0.37539365360227867,
2025-03-10,2025-03-11,6022.6814,6041.5219,5971.8131,6013.6191,17304433600.0,248513462299.4,6013.7747,Test,-0.012994494445613514,-129.94494445613515,0.5165036835179223,0.8135114753699175,-0.2970077918519952,0,0,0,0,-129.94494445613515,0.47780424292341306,0.44858373008631924,0.6626952799256929,0.5165864682258754,
2025-03-11,2025-03-12,5944.4197,6044.9742,5942.9124,6044.9742,17385564300.0,245205106219.3,6013.6191,Test,0.02085258212841179,208.5258212841179,0.42983094897913343,0.8135114753699175,-0.3836805263907841,0,1,0,0,208.5258212841179,0.37364811666677494,0.34041466448829344,0.6122921324237601,0.45481383826550315,
2025-03-12,2025-03-13,6068.3762,6098.2352,6038.8221,6040.4965,18476353700.0,267906301206.6,6044.9742,Test,-0.005853575788527965,-58.53575788527965,0.37415488085393206,0.8135114753699175,-0.43935659451598547,0,0,0,0,-58.53575788527965,0.3814611450385863,0.3182704822226144,0.52265778954014,0.25223526762281157,
2025-03-13,2025-03-14,6032.8545,6050.1782,5947.7816,5993.967,19371071700.0,253622427436.4,6040.4965,Test,-0.006445423140903017,-64.45423140903017,0.3949644026282204,0.8135114753699175,-0.4185470727416971,0,0,0,0,-64.45423140903017,0.3921418456321404,0.30734704778114885,0.5643321017255833,0.3214121209683915,
2025-03-14,2025-03-17,5993.9702,6099.9809,5978.5321,6099.9809,21924583400.0,289038080526.0,5993.967,Test,0.020960431201342944,209.60431201342945,0.6318764533884033,0.8135114753699175,-0.18163502198151427,0,1,0,0,209.60431201342945,0.5986922685568471,0.4949526433942222,0.7620013511978712,0.7630877791572587,
2025-03-17,2025-03-18,6119.6064,6129.8543,6098.5079,6108.0176,18431727300.0,250160671107.9,6099.9809,Test,0.0010506067841227207,10.506067841227207,0.3693385507734184,0.8135114753699175,-0.44417292459649915,0,0,0,0,10.506067841227207,0.3757710004466332,0.3052798054522284,0.5335460888022864,0.2419870347402257,
2025-03-18,2025-03-19,6126.0357,6161.2281,6114.2064,6133.3018,16602304300.0,236342189394.2,6108.0176,Test,-0.0014058683987101528,-14.058683987101528,0.36894246833845284,0.8135114753699175,-0.4445690070314647,0,0,0,0,-14.058683987101528,0.37849952601263526,0.2907717053068468,0.5342125690444903,0.2581861676153243,
2025-03-19,2025-03-20,6117.4233,6128.2297,6076.5643,6101.4369,15389378000.0,218871992193.0,6133.3018,Test,-0.003691210971129011,-36.91210971129011,0.3898111538406079,0.8135114753699175,-0.42370032152930964,0,0,0,0,-36.91210971129011,0.38884540508310683,0.2858787847742681,0.5806885467556123,0.3112886005582609,
2025-03-20,2025-03-21,6094.8426,6109.1829,6055.3811,6059.4859,14718786500.0,203849586195.9,6101.4369,Test,-0.009163928203822724,-91.63928203822724,0.40090570901478595,0.8135114753699175,-0.4126057663551316,0,0,0,0,-91.63928203822724,0.39660652880581015,0.28252741780656204,0.5978107793029508,0.3464590049270243,
2025-03-21,2025-03-24,6038.9899,6071.0846,5951.7952,5971.9302,17410378500.0,225801003414.7,6059.4859,Test,-0.010919591039554422,-109.19591039554422,0.41330906750058916,0.8135114753699175,-0.40020240786932837,0,0,0,0,-109.19591039554422,0.41611579146421407,0.29323320588441903,0.623993060141673,0.3277870470246932,
2025-03-24,2025-03-25,5973.0466,5987.0606,5882.878,5969.0789,16919243500.0,220094329255.6,5971.9302,Test,-0.0006077635490069344,-6.077635490069344,0.827053507080023,0.8135114753699175,0.013542031710105484,1,0,0,0,-6.077635490069344,0.8404602318530137,0.7848167478209717,0.843153702013046,0.8503407776078507,预测大涨
2025-03-25,2025-03-26,5969.4164,5993.9312,5929.6734,5946.951,14748394800.0,192227014821.0,5969.0789,Test,-0.005622442421674645,-56.22442421674645,0.4335474159122887,0.8135114753699175,-0.37996405945762884,0,0,0,0,-56.22442421674645,0.3472142373355954,0.36055212898951366,0.6558322113303474,0.43910557880278744,
2025-03-26,2025-03-27,5935.8537,5983.4739,5935.8537,5948.4986,13670211100.0,171695842016.5,5946.951,Test,-0.0005622106218688971,-5.622106218688971,0.45895900718543514,0.8135114753699175,-0.3545524681844824,0,0,0,0,-5.622106218688971,0.3912835353730241,0.3758214825625199,0.6702770375966312,0.45769776106151566,
2025-03-27,2025-03-28,5932.5165,6000.6615,5891.7664,5957.6017,13470890400.0,176590477346.0,5948.4986,Test,0.0037443132269416868,37.443132269416864,0.3976906306599344,0.8135114753699175,-0.41582084470998315,0,0,0,0,37.443132269416864,0.35357505317079024,0.3228674356375317,0.6101628409102242,0.3302275350194216,
2025-03-28,2025-03-31,5954.7297,5973.8015,5904.9159,5916.0314,13426192700.0,168899478619.3,5957.6017,Test,-0.01138149058218374,-113.8149058218374,0.5081780251244606,0.8135114753699175,-0.3053334502454569,0,0,0,0,-113.8149058218374,0.3914982631367142,0.34233493017834393,0.7732976021019664,0.6818085171600554,
2025-03-31,2025-04-01,5886.956,5908.3026,5802.4187,5857.7721,15425609000.0,189563392181.2,5916.0314,Test,-0.002720183402084242,-27.20183402084242,0.5055185382943949,0.8135114753699175,-0.30799293707552267,0,0,0,0,-27.20183402084242,0.4666492235795809,0.3903279537494221,0.714249714963836,0.5026939870965951,
2025-04-01,2025-04-02,5870.9424,5931.5038,5867.848,5892.8502,13644860200.0,179327950524.9,5857.7721,Test,0.0023761261905754782,23.761261905754782,0.6363566200319801,0.8135114753699175,-0.1771548553379374,0,0,0,0,23.761261905754782,0.5716608284180931,0.5184818384282063,0.8039997378739002,0.749606757985454,
2025-04-02,2025-04-03,5884.8925,5936.6467,5884.1126,5899.0865,11215996000.0,140642079451.3,5892.8502,Test,-0.007183784580601982,-71.83784580601981,0.47847131920410224,0.8135114753699175,-0.3350401561658153,0,0,0,0,-71.83784580601981,0.42627146340090943,0.3720790056283022,0.698019186981671,0.4737042433493798,
2025-04-03,2025-04-07,5842.6167,5906.7057,5817.9662,5845.5045,13493862500.0,173662140191.8,5899.0865,Test,-0.05453944976400715,-545.3944976400716,0.4160191123513034,0.8135114753699175,-0.3974923630186141,0,0,0,0,-545.3944976400716,0.379418048294768,0.31216763636580447,0.6604412492445559,0.33945601821784177,
2025-04-07,2025-04-08,5523.9636,5587.8502,5212.6773,5287.0333,23652265600.0,267397400609.4,5845.5045,Test,-0.044208654814452464,-442.0865481445246,0.6349763738671029,0.8135114753699175,-0.1785351015028146,0,0,0,0,-442.0865481445246,0.5886081594952366,0.5030462048075804,0.8111143735931419,0.7221968756381794,
2025-04-08,2025-04-09,5279.7566,5371.1834,5249.2318,5326.914,22384066500.0,261875349400.4,5287.0333,Test,-0.005695811810718543,-56.95811810718543,0.9322321768871639,0.8135114753699175,0.11872070151724634,1,0,0,0,-56.95811810718543,0.9624884834356564,0.9480125692969675,0.8915843771993266,0.8962125633252366,预测大涨
2025-04-09,2025-04-10,5249.6841,5465.1449,5135.9655,5439.7716,24511802700.0,288257435803.9,5326.914,Test,0.05426515092593842,542.6515092593842,0.6685445851819998,0.8135114753699175,-0.14496689018791775,0,1,0,0,542.6515092593842,0.5995275922005525,0.7107338210312201,0.7789238726848213,0.5896030122150601,
2025-04-10,2025-04-11,5534.559,5610.1895,5513.9544,5544.0646,21196303500.0,268666431276.5,5439.7716,Test,-0.003680690728927072,-36.80690728927072,0.49990274492024056,0.8135114753699175,-0.31360873044967696,0,0,0,0,-36.80690728927072,0.4342101098838597,0.5851584267122615,0.6533012752011904,0.27937917210020696,
2025-04-11,2025-04-14,5514.188,5631.5954,5510.8949,5581.3184,16441166300.0,227659789695.8,5544.0646,Test,0.02168790763028028,216.8790763028028,0.7679890926932794,0.8135114753699175,-0.04552238267663811,0,1,0,0,216.8790763028028,0.7167029965141922,0.7881588936938151,0.8153579334725978,0.7765427392513394,
2025-04-14,2025-04-15,5633.7792,5661.8049,5608.7297,5627.1375,15548707700.0,207470466690.5,5581.3184,Test,-0.001558225782082423,-15.58225782082423,0.6326326518885288,0.8135114753699175,-0.18087882348138873,0,0,0,0,-15.58225782082423,0.5141697410823045,0.6722029793045003,0.7564447059195115,0.6448766900812036,
2025-04-15,2025-04-16,5625.0005,5626.677,5567.0271,5602.534,12327370800.0,161900884812.5,5627.1375,Test,-0.006261972776713587,-62.61972776713587,0.4577541080846601,0.8135114753699175,-0.3557573672852574,0,0,0,0,-62.61972776713587,0.35836232013798824,0.5336543690150783,0.6073114520140219,0.3304948529402331,
2025-04-16,2025-04-17,5589.7769,5592.6741,5492.6546,5556.8642,13253722400.0,163751037649.9,5602.534,Test,-0.011125023612301832,-111.25023612301833,0.4761585390165209,0.8135114753699175,-0.33735293635339664,0,0,0,0,-111.25023612301833,0.3564262215678638,0.4816875288269633,0.6677000475268211,0.4575444072249797,
2025-04-17,2025-04-18,5527.5905,5604.6198,5526.8881,5557.0105,11365238200.0,148283242243.4,5556.8642,Test,0.0035053428795059904,35.0534287950599,0.5540361373588558,0.8135114753699175,-0.2594753380110617,0,0,0,0,35.0534287950599,0.4360845145839625,0.5153857255192926,0.7396031390410059,0.6171669291617835,
2025-04-18,2025-04-21,5546.9666,5579.4791,5525.4046,5560.7207,11164425800.0,139804146811.9,5557.0105,Test,0.0017209405948108714,17.209405948108714,0.4978504263722568,0.8135114753699175,-0.31566104899766073,0,0,0,0,17.209405948108714,0.35949161618904185,0.40721506603339425,0.7399168943222337,0.6176333851733797,
2025-04-21,2025-04-22,5556.5126,5646.2179,5535.6994,5642.3805,12311188300.0,160264813233.9,5560.7207,Test,0.014106149961758518,141.06149961758518,0.4289475100756635,0.8135114753699175,-0.384563965294254,0,0,0,0,141.06149961758518,0.37514736467073667,0.3729782221187439,0.6164340643326442,0.38342506088239375,
2025-04-22,2025-04-23,5634.8936,5651.5541,5617.8786,5624.209,12466668900.0,164464321326.5,5642.3805,Test,0.00231081559374946,23.1081559374946,0.39943252849621075,0.8135114753699175,-0.4140789468737068,0,0,0,0,23.1081559374946,0.387446543530919,0.34965164657799463,0.5789710882260876,0.26515377027575326,
2025-04-23,2025-04-24,5647.9148,5670.2595,5614.7677,5634.9487,12700776400.0,177991292765.2,5624.209,Test,-0.0026365128595776666,-26.365128595776667,0.3844015545804591,0.8135114753699175,-0.4291099207894584,0,0,0,0,-26.365128595776667,0.3780414885379493,0.32151077331179284,0.5768168473994337,0.2434045345148685,
2025-04-24,2025-04-25,5633.024,5651.5343,5583.4302,5605.8796,12269669600.0,157899194340.6,5634.9487,Test,-0.0035297737059172274,-35.29773705917228,0.42798234557830156,0.8135114753699175,-0.38552912979161597,0,0,0,0,-35.29773705917228,0.3889246098626608,0.31205659432968885,0.6544271759648752,0.4024884568775717,
2025-04-25,2025-04-28,5613.1407,5661.5869,5596.5266,5627.1804,14000080000.0,171933817273.4,5605.8796,Test,0.002008839721405753,20.08839721405753,0.5026205183751515,0.8135114753699175,-0.310890956994766,0,0,0,0,20.08839721405753,0.45599047372091805,0.34249584765022023,0.7324571217559156,0.5659022073854767,
2025-04-28,2025-04-29,5624.4166,5628.0778,5587.7857,5598.2951,13621809400.0,167616287077.3,5627.1804,Test,-0.007235950480623976,-72.35950480623976,0.4829691796363985,0.8135114753699175,-0.330542295733519,0,0,0,0,-72.35950480623976,0.43725407293361035,0.3202010456487803,0.7261914590597196,0.5305273816510886,
2025-04-29,2025-04-30,5583.7186,5622.022,5571.2363,5604.9057,12674292700.0,158033003939.8,5598.2951,Test,0.0037493114355726664,37.49311435572666,0.3987753886775124,0.8135114753699175,-0.41473608669240514,0,0,0,0,37.49311435572666,0.40355528935594814,0.2861458372647753,0.6288779190421528,0.2693288354567455,
2025-04-30,2025-05-06,5604.6537,5647.7821,5603.1718,5631.8249,13838662100.0,181616584522.5,5604.9057,Test,0.011458781119696893,114.58781119696893,0.41050399664266296,0.8135114753699175,-0.40300747872725456,0,0,0,0,114.58781119696893,0.3782837214775898,0.27524785651609346,0.6581652580408724,0.3751360921674017,
2025-05-06,2025-05-07,5668.8762,5740.3338,5666.4698,5740.3338,16277360600.0,217059975785.3,5631.8249,Test,0.024128203752270982,241.28203752270983,0.4057639260231442,0.8135114753699175,-0.4077475493467733,0,1,0,0,241.28203752270983,0.39088836044498926,0.27366438861015335,0.6471225030537648,0.33668064993235364,
2025-05-07,2025-05-08,5805.656,5819.2422,5713.2734,5750.2911,17101175700.0,227566204818.1,5740.3338,Test,-0.012735907880177533,-127.35907880177533,0.3869560420320125,0.8135114753699175,-0.426555433337905,0,0,0,0,-127.35907880177533,0.39073215830200225,0.26657494821252126,0.6193995165849215,0.26998893163214366,
2025-05-08,2025-05-09,5731.7157,5783.7915,5724.9511,5773.8056,13614032200.0,187032631458.8,5750.2911,Test,0.006756319054694204,67.56319054694204,0.6145655976775681,0.8135114753699175,-0.1989458776923494,0,0,0,0,67.56319054694204,0.5423278266004024,0.35959529475166463,0.8596423439491593,0.8772883652134379,
2025-05-09,2025-05-12,5770.441,5770.441,5705.1654,5721.7225,12393900700.0,178162276679.5,5773.8056,Test,-0.0032933011532393364,-32.933011532393365,0.44427811115628835,0.8135114753699175,-0.3692333642136292,0,0,0,0,-32.933011532393365,0.41043182084588375,0.2834483628944144,0.6940479571841063,0.4542199992359276,
2025-05-12,2025-05-13,5751.4372,5794.5161,5737.4622,5793.6743,13582436700.0,199426833721.2,5721.7225,Test,0.015056567078572947,150.56567078572948,0.5216584780837697,0.8135114753699175,-0.2918529972861478,0,0,0,0,150.56567078572948,0.5266220708213486,0.35937217640764707,0.7142379866732922,0.5303150471390358,
2025-05-13,2025-05-14,5838.0341,5838.0341,5772.0723,5781.6683,13827108100.0,194252270526.7,5793.6743,Test,-0.010269724186777185,-102.69724186777185,0.3984822297823559,0.8135114753699175,-0.4150292455875616,0,0,0,0,-102.69724186777185,0.4102868767153996,0.28459929365534903,0.6034428954923687,0.29087157792063245,
2025-05-14,2025-05-15,5778.0791,5835.4912,5750.5367,5799.1191,15627999400.0,188145126840.3,5781.6683,Test,0.0015064175912717914,15.064175912717914,0.5007013470997069,0.8135114753699175,-0.3128101282702106,0,0,0,0,15.064175912717914,0.49188406930438494,0.3254726660377123,0.7192711480655477,0.5255547779452252,
2025-05-15,2025-05-16,5786.7833,5786.7833,5715.2938,5715.2966,13516076800.0,165136693963.9,5799.1191,Test,-0.014351306363934557,-143.51306363934557,0.5464818856186578,0.8135114753699175,-0.2670295897512597,0,0,0,0,-143.51306363934557,0.4619293238856378,0.3461581272340148,0.7851151455704478,0.748601924040739,
2025-05-16,2025-05-19,5703.7354,5735.0121,5703.7354,5715.8491,11670913600.0,141882122895.5,5715.2966,Test,0.0027530554800982987,27.530554800982987,0.626603682197016,0.8135114753699175,-0.18690779317290152,0,0,0,0,27.530554800982987,0.6439723848691142,0.5237690960097492,0.7535865049781847,0.5950543335224172,
2025-05-19,2025-05-20,5719.4381,5729.0703,5669.7208,5720.7949,11538493900.0,141098692009.1,5715.8491,Test,0.0007111537757529263,7.111537757529263,0.3909396710592156,0.8135114753699175,-0.4225718043107019,0,0,0,0,7.111537757529263,0.3729126060495478,0.3203724358696895,0.6005126769523133,0.2645769626834211,
2025-05-20,2025-05-21,5723.5055,5759.4582,5707.8101,5747.367,11689661500.0,151751185853.6,5720.7949,Test,0.0031768991922869194,31.768991922869194,0.4343553563917182,0.8135114753699175,-0.37915611897819934,0,0,0,0,31.768991922869194,0.377640557542284,0.30987840929085353,0.6645365977447735,0.45620975451282764,
2025-05-21,2025-05-22,5741.6885,5763.0788,5733.8275,5757.9225,11580454200.0,155147378006.4,5747.367,Test,-0.0004349939917500656,-4.349939917500656,0.4239396887654367,0.8135114753699175,-0.38957178660448083,0,0,0,0,-4.349939917500656,0.39452105749111543,0.3043717661241669,0.6428639144821704,0.3946773344850825,
2025-05-22,2025-05-23,5739.1909,5757.7946,5701.1614,5703.2797,10905772000.0,141620883824.3,5757.9225,Test,-0.007327635677705002,-73.27635677705003,0.398035397934074,0.8135114753699175,-0.4154760774358435,0,0,0,0,-73.27635677705003,0.40126416939190307,0.2944117497845373,0.597089022263808,0.29881690939449224,
2025-05-23,2025-05-26,5697.1362,5738.0829,5653.0436,5653.0436,11436119800.0,148123602870.9,5703.2797,Test,-0.007710874105484766,-77.10874105484766,0.4753611117871923,0.8135114753699175,-0.3381503635827252,0,0,0,0,-77.10874105484766,0.4859766126822165,0.34637003475694644,0.6799813862942785,0.3971846797409526,
2025-05-26,2025-05-27,5653.2063,5693.625,5644.5794,5669.4609,9717098900.0,127343603493.8,5653.0436,Test,0.0023166322446077636,23.166322446077636,0.673368807331564,0.8135114753699175,-0.1401426680383535,0,0,0,0,23.166322446077636,0.7045205199275868,0.5783127107178143,0.7603848836239839,0.6538724822369999,
2025-05-27,2025-05-28,5666.3027,5667.871,5629.1343,5652.1454,9514936300.0,125275690002.2,5669.4609,Test,-0.002546140007663178,-25.46140007663178,0.4352247886348899,0.8135114753699175,-0.37828668673502763,0,0,0,0,-25.46140007663178,0.42537897562855514,0.3399038915258813,0.6194922004161448,0.36959102001489075,
2025-05-28,2025-05-29,5651.8755,5660.4696,5628.4165,5637.2378,9490888300.0,119959827369.0,5652.1454,Test,-0.0026207583659619837,-26.207583659619836,0.42169614408680167,0.8135114753699175,-0.39181533128311585,0,0,0,0,-26.207583659619836,0.43431675155378796,0.3231064452764427,0.5932802760841748,0.33148114464119577,
2025-05-29,2025-05-30,5637.0633,5724.5185,5637.0633,5719.9101,11468248400.0,148095092966.2,5637.2378,Test,0.012011165459149709,120.11165459149709,0.41631515863341245,0.8135114753699175,-0.3971963167365051,0,0,0,0,120.11165459149709,0.45447567508736514,0.31193590753665484,0.5949195118879114,0.27230676486315275,
2025-05-30,2025-06-03,5704.771,5704.771,5665.5177,5671.0723,10990070700.0,137670579253.9,5719.9101,Test,-0.008956766187459664,-89.56766187459664,0.43907522572352553,0.8135114753699175,-0.374436249646392,0,0,0,0,-89.56766187459664,0.4731101018110927,0.312488729997688,0.6143870608012358,0.3472237083258089,
2025-06-03,2025-06-04,5653.6747,5710.4203,5653.2978,5694.8385,12285390300.0,159996843500.1,5671.0723,Test,0.007587012390366299,75.87012390366299,0.4260441543414436,0.8135114753699175,-0.3874673210284739,0,0,0,0,75.87012390366299,0.47421425621305574,0.3083225764388975,0.6208528507049911,0.2618334916938455,
2025-06-04,2025-06-05,5696.5692,5744.4543,5696.5692,5739.0058,11619607700.0,150314940398.1,5694.8385,Test,0.007804802932965371,78.04802932965372,0.4820052822225344,0.8135114753699175,-0.3315061931473831,0,0,0,0,78.04802932965372,0.4800571475775325,0.31118897362103026,0.6691578258966605,0.5277388608438721,
2025-06-05,2025-06-06,5741.0298,5778.0959,5719.5466,5769.9675,12522358400.0,174970104156.2,5739.0058,Test,0.004767280601818191,47.672806018181916,0.44511958588604367,0.8135114753699175,-0.36839188948387386,0,0,0,0,47.672806018181916,0.46521659905852897,0.29736821863711577,0.6365110005901766,0.39781513036195343,
2025-06-06,2025-06-09,5768.3989,5771.7558,5750.6592,5762.0778,10821766000.0,148022372105.1,5769.9675,Test,0.0007593614928398384,7.5936149283983845,0.4691819875579783,0.8135114753699175,-0.3443294878119392,0,0,0,0,7.5936149283983845,0.4832586218724623,0.30259007212587286,0.6623921774221668,0.46514098058262476,
2025-06-09,2025-06-10,5772.7792,5823.899,5765.3547,5805.6543,12818861900.0,171482411225.9,5762.0778,Test,0.006417896599960171,64.17896599960171,0.4168898743728273,0.8135114753699175,-0.3966216009970902,0,0,0,0,64.17896599960171,0.46959388206391545,0.2931726941152523,0.5868494242937451,0.28770454233875886,
2025-06-10,2025-06-11,5809.8283,5810.9224,5715.9712,5757.9921,13826918100.0,182980299992.1,5805.6543,Test,-0.008829796226508146,-88.29796226508147,0.4775121943840942,0.8135114753699175,-0.3359992809858233,0,0,0,0,-88.29796226508147,0.5116769896850867,0.3236823232408093,0.6990857947836807,0.36945057832080214,
2025-06-11,2025-06-12,5758.5287,5818.5734,5758.5287,5792.9464,12371670700.0,161353672422.0,5757.9921,Test,0.0038965335016911684,38.96533501691168,0.740348597343024,0.8135114753699175,-0.07316287802689347,0,0,0,0,38.96533501691168,0.7693028589481861,0.6140213916384334,0.8266731747750913,0.7811971074459961,
2025-06-12,2025-06-13,5780.967,5808.8047,5766.5212,5799.9319,12561584600.0,165393538363.1,5792.9464,Test,0.0003786563735790338,3.786563735790338,0.5053236895238358,0.8135114753699175,-0.30818778584608175,0,0,0,0,3.786563735790338,0.513427732156156,0.40046323537714956,0.7018593463857593,0.40137186550171106,
2025-06-13,2025-06-16,5783.156,5794.6698,5728.2114,5740.2397,16761337400.0,216010351562.9,5799.9319,Test,-0.010055599399359072,-100.55599399359072,0.4204346780320491,0.8135114753699175,-0.39307679733786843,0,0,0,0,-100.55599399359072,0.4567199961487141,0.3464658799723389,0.6113494874089405,0.21026591074540277,
2025-06-16,2025-06-17,5725.0029,5775.9487,5725.0029,5767.8083,12824265800.0,170989175829.1,5740.2397,Test,0.008260799308940081,82.60799308940081,0.6838384022067322,0.8135114753699175,-0.12967307316318533,0,0,0,0,82.60799308940081,0.7634827387706722,0.673970046077722,0.7346468198247555,0.46200223600934515,
2025-06-17,2025-06-18,5772.296,5776.6325,5734.829,5750.9122,12152662400.0,160121673881.7,5767.8083,Test,-0.005568044327595167,-55.680443275951674,0.4481395123677681,0.8135114753699175,-0.3653719630021494,0,0,0,0,-55.680443275951674,0.45264038623139846,0.39502583106969236,0.6372281563610286,0.271527212188453,
2025-06-18,2025-06-19,5740.1556,5753.7124,5709.8031,5745.8714,11270384400.0,154540142782.6,5750.9122,Test,-0.0011060327354192045,-11.060327354192045,0.424776706283687,0.8135114753699175,-0.3887347690862305,0,0,0,0,-11.060327354192045,0.4548666356648698,0.3759387786452543,0.6028777753970972,0.20141300968499162,
2025-06-19,2025-06-20,5733.8068,5750.4643,5660.0504,5676.8317,12553113400.0,162657974788.2,5745.8714,Test,-0.011286864426614418,-112.86864426614417,0.4263454314503739,0.8135114753699175,-0.3871660439195436,0,0,0,0,-112.86864426614417,0.4471792234899022,0.35147885563752573,0.6105608023269462,0.2597939960835735,
2025-06-20,2025-06-23,5669.0901,5688.7362,5636.7846,5639.513,10179476600.0,135042595005.9,5676.8317,Test,-0.009844401661564861,-98.44401661564861,0.5516497541898571,0.8135114753699175,-0.26186172118006046,0,0,0,0,-98.44401661564861,0.1982254942911692,0.7614830105361433,0.7719325505204028,0.6325792629140673,
2025-06-23,2025-06-24,5613.2813,5684.3973,5613.2813,5674.1704,11160180200.0,146034994434.9,5639.513,Test,0.012502651523984776,125.02651523984775,0.34124803482858523,0.8135114753699175,-0.4722634405413323,0,0,0,0,125.02651523984775,0.0790780893003542,0.47183739922223383,0.6442102414863319,0.2532547472327897,
2025-06-24,2025-06-25,5683.4622,5766.0189,5683.4622,5765.8373,14208225600.0,191935453604.6,5674.1704,Test,0.01658816346134917,165.8816346134917,0.3490353756516769,0.8135114753699175,-0.4644760997182406,0,1,0,0,165.8816346134917,0.0955565500168949,0.42036593007384926,0.6439087697712726,0.3573984929723428,
2025-06-25,2025-06-26,5777.7404,5866.5246,5776.1237,5862.5529,18463231000.0,239260448527.5,5765.8373,Test,0.01567256292788799,156.7256292788799,0.2955667337678186,0.8135114753699175,-0.5179447416020989,0,0,0,0,156.7256292788799,0.11187756839418422,0.37346555665669834,0.561239079887861,0.1842837942161938,
2025-06-26,2025-06-27,5868.2924,5885.2508,5835.3395,5838.2454,18016416300.0,235223723201.8,5862.5529,Test,-0.0030447017261785447,-30.447017261785447,0.3170699635585656,0.8135114753699175,-0.49644151181135193,0,0,0,0,-30.447017261785447,0.14013781287220745,0.3783175014359587,0.58525331315115,0.2171154867918351,
2025-06-27,2025-06-30,5850.4252,5905.6962,5839.5775,5863.7282,19938972500.0,243302989299.7,5838.2454,Test,0.00465771274197313,46.5771274197313,0.3620638738797237,0.8135114753699175,-0.4514476014901938,0,0,0,0,46.5771274197313,0.18177296726928685,0.4425014938292066,0.6176833575076167,0.2529394255269538,
2025-06-30,2025-07-01,5877.6748,5918.3068,5872.2251,5915.3876,16627514700.0,226516690563.4,5863.7282,Test,0.006487174145803465,64.87174145803465,0.49124128480292595,0.8135114753699175,-0.3222701905669916,0,0,0,0,64.87174145803465,0.2478445757492837,0.5988574382871343,0.7104901772735867,0.5186637957973925,
2025-07-01,2025-07-02,5915.8043,5936.9237,5890.114,5934.67,15419236500.0,213595657433.4,5915.3876,Test,0.0011387124486184064,11.387124486184064,0.33065342116550234,0.8135114753699175,-0.4828580542044152,0,0,0,0,11.387124486184064,0.16985359960335925,0.367562196534923,0.5897707563306883,0.2514763492364395,
2025-07-02,2025-07-03,5922.5407,5922.5407,5873.8918,5892.9505,16250048500.0,194981070907.2,5934.67,Test,-0.0044407292971409,-44.40729297140899,0.3259795119889666,0.8135114753699175,-0.48753196338095095,0,0,0,0,-44.40729297140899,0.18425743352597101,0.34039603220414444,0.57956980160725,0.2532233701211314,
2025-07-03,2025-07-04,5896.2403,5929.7268,5885.943,5922.66,13007004600.0,174689067393.9,5892.9505,Test,0.0036485453281134284,36.48545328113428,0.36021676074519926,0.8135114753699175,-0.45329471462471826,0,0,0,0,36.48545328113428,0.2168868985436385,0.3766733356292603,0.6035926807832446,0.3013518218240965,
2025-07-04,2025-07-07,5917.753,5969.3028,5889.7303,5911.4352,16494106000.0,211373135686.2,5922.66,Test,-0.002763075782311275,-27.630757823112752,0.3360894351903166,0.8135114753699175,-0.47742204017960094,0,0,0,0,-27.630757823112752,0.2098066817904062,0.31570804580625045,0.5830047145451311,0.30059920847437227,
2025-07-07,2025-07-08,5901.4018,5910.8036,5889.6023,5900.4056,13720736200.0,165759099335.8,5911.4352,Test,0.00028805020529198977,2.8805020529198977,0.5374299911825845,0.8135114753699175,-0.276081484187333,0,0,0,0,2.8805020529198977,0.2939679581880778,0.5245317677809617,0.778385032709658,0.7460455201490254,
2025-07-08,2025-07-09,5903.1017,5979.6273,5903.1017,5977.7437,16868114200.0,216966438897.8,5900.4056,Test,0.01313604337868668,131.3604337868668,0.3213303884449224,0.8135114753699175,-0.4921810869249951,0,0,0,0,131.3604337868668,0.22474129666339795,0.3195667124866907,0.54039374143991,0.22845653103945918,
2025-07-09,2025-07-10,5980.6451,5992.1349,5940.1761,5953.4871,16491440200.0,207864435842.8,5977.7437,Test,-0.004962575023888305,-49.62575023888305,0.33041139853517426,0.8135114753699175,-0.48310007683474326,0,0,0,0,-49.62575023888305,0.2387670016851119,0.311267016572426,0.554373881319705,0.25070999644763614,
2025-07-10,2025-07-11,5950.9657,6000.6858,5942.2901,5983.0505,17624260700.0,207636636985.2,5953.4871,Test,0.005857519897988883,58.57519897988883,0.39279633698264954,0.8135114753699175,-0.420715138387268,0,0,0,0,58.57519897988883,0.2775871103975125,0.384685024198675,0.6143339481005832,0.34719652556086256,
2025-07-11,2025-07-14,5985.8236,6057.6225,5963.2571,6027.0789,22236309800.0,263484519394.2,5983.0505,Test,0.007911125212577419,79.11125212577419,0.41066942157688313,0.8135114753699175,-0.4028420537930344,0,0,0,0,79.11125212577419,0.2737849744415782,0.3581603945524297,0.6512495851482585,0.4626419441215586,
2025-07-14,2025-07-15,6033.1782,6042.8856,6011.6872,6020.8585,18927744400.0,226290847208.0,6027.0789,Test,-0.0024117968204552254,-24.117968204552255,0.592114006410499,0.8135114753699175,-0.22139746895941848,0,0,0,0,-24.117968204552255,0.41274367242706983,0.680270956882734,0.7261554830284619,0.6346942724491761,
2025-07-15,2025-07-16,6018.6274,6049.7867,5973.7969,6018.7583,18973623400.0,246076758437.0,6020.8585,Test,0.0001576937625344943,1.576937625344943,0.3261149613026642,0.8135114753699175,-0.4873965140672533,0,0,0,0,1.576937625344943,0.2587978949299314,0.2996314811245519,0.5395201905841819,0.22207762739433096,
2025-07-16,2025-07-17,6019.5765,6061.199,5997.1633,6017.1947,14861006200.0,213065134852.4,6018.7583,Test,-0.0009738891099730917,-9.738891099730917,0.4637419781905904,0.8135114753699175,-0.34976949717932715,0,0,0,0,-9.738891099730917,0.2748278288761061,0.30435792002673356,0.7605345333869876,0.7360168838755723,
2025-07-17,2025-07-18,6013.7141,6082.4644,6013.0436,6082.4644,14969265800.0,235042939349.0,6017.1947,Test,0.013056074614521407,130.56074614521407,0.41555525171708074,0.8135114753699175,-0.3979562236528368,0,0,0,0,130.56074614521407,0.27860192262465266,0.28528281506310715,0.6857771647145887,0.5630027098113708,
2025-07-18,2025-07-21,6092.2296,6112.1098,6073.6384,6099.6104,15315220400.0,236482711042.0,6082.4644,Test,0.0037417992256891797,37.41799225689179,0.3205763768633674,0.8135114753699175,-0.49293509850655015,0,0,0,0,37.41799225689179,0.2802796856565686,0.26548560985099995,0.5171954149305965,0.23226451060701767,
2025-07-21,2025-07-22,6115.0255,6162.4401,6110.988,6161.3086,20735050700.0,272008062680.9,6099.6104,Test,0.008436743231896582,84.36743231896583,0.33741713203098156,0.8135114753699175,-0.47609434333893597,0,0,0,0,84.36743231896583,0.29018051687162727,0.26673981617147574,0.542298686914312,0.2797681040341651,
2025-07-22,2025-07-23,6166.6164,6215.4058,6152.8142,6213.4072,24621164200.0,313661670874.1,6161.3086,Test,0.008366095222008596,83.66095222008596,0.3281155326813354,0.8135114753699175,-0.4853959426885821,0,0,0,0,83.66095222008596,0.2951171705498917,0.2614957713375557,0.5312290711196708,0.2355405192095565,
2025-07-23,2025-07-24,6218.2069,6256.1516,6187.0121,6196.7577,25837789600.0,311060238982.0,6213.4072,Test,-0.0032732426449175733,-32.73242644917573,0.3354994010156104,0.8135114753699175,-0.47801207435430715,0,0,0,0,-32.73242644917573,0.3050011228822275,0.2680150238647906,0.537696879627859,0.24038436897114152,
2025-07-24,2025-07-25,6197.8532,6293.5984,6197.8532,6293.5984,26835556400.0,320187942645.6,6196.7577,Test,0.01609788047254823,160.97880472548232,0.6141529100225227,0.8135114753699175,-0.19935856534739482,0,0,0,0,160.97880472548232,0.4910637659091588,0.6925516968547343,0.7102213445435765,0.6064253668406019,
2025-07-25,2025-07-28,6297.6255,6311.1687,6276.4156,6299.5908,23705532800.0,304368073044.4,6293.5984,Test,0.0012066770245386937,12.066770245386937,0.3279868783560627,0.8135114753699175,-0.4855245970138548,0,0,0,0,12.066770245386937,0.30280911556196954,0.27985752990175544,0.5105658280099574,0.21466992831444287,
2025-07-28,2025-07-29,6305.2247,6329.0304,6271.93,6323.4198,21444826700.0,305210098011.3,6299.5908,Test,0.0004596346899421455,4.596346899421455,0.34033071066536635,0.8135114753699175,-0.47318076470455117,0,0,0,0,4.596346899421455,0.30991636788556043,0.2780398767881721,0.5285577208593959,0.25515800934075344,
2025-07-29,2025-07-30,6308.1228,6356.1497,6272.3139,6356.1327,20175762900.0,292526917595.6,6323.4198,Test,0.005905227463232077,59.05227463232077,0.3729067338915341,0.8135114753699175,-0.4406047414783834,0,0,0,0,59.05227463232077,0.32159715278043516,0.2878119951202403,0.5790157537993957,0.3474554842290738,
2025-07-30,2025-07-31,6345.3737,6368.2693,6269.5128,6314.6873,21212841100.0,304778465291.6,6356.1327,Test,-0.007479701313730436,-74.79701313730436,0.33755006558309897,0.8135114753699175,-0.47596140978681856,0,0,0,0,-74.79701313730436,0.3193394098626053,0.2730409790294335,0.5085484859325533,0.2540157824775627,
2025-07-31,2025-08-01,6297.9122,6322.0651,6206.1902,6226.3432,22421423700.0,322273638101.9,6314.6873,Test,-0.012204314312288966,-122.04314312288966,0.7987926090104323,0.8135114753699175,-0.014718866359485272,0,0,0,0,-122.04314312288966,0.6736072504100868,0.8851505278602831,0.8270151615916194,0.8748791282497945,
2025-08-01,2025-08-04,6221.0505,6253.6575,6177.4781,6213.2014,16590719100.0,254479551590.7,6226.3432,Test,-0.004935854483097413,-49.358544830974125,0.9270911983846468,0.8135114753699175,0.1135797230147293,1,0,0,0,-49.358544830974125,0.9382764553394467,0.9606806592597071,0.8722746340851842,0.9199137467361025,预测大涨
2025-08-04,2025-08-05,6190.3443,6261.9617,6187.6219,6261.7313,14859148000.0,236649250157.6,6213.2014,Test,0.014000368283231035,140.00368283231035,0.6938167132787791,0.8135114753699175,-0.11969476209113838,0,0,0,0,140.00368283231035,0.7643174082720149,0.5511797029013281,0.7393439762657562,0.7310175179715994,
2025-08-05,2025-08-06,6277.0114,6303.2359,6272.5062,6303.2359,15420666500.0,235654712149.9,6261.7313,Test,0.0034917413086106297,34.91741308610629,0.5210646253854594,0.8135114753699175,-0.29244684998445813,0,0,0,0,34.91741308610629,0.7029107724973357,0.4624429322503662,0.48675645271131,0.28440326318609094,
2025-08-06,2025-08-07,6298.9291,6357.5899,6293.2247,6357.3769,16602763800.0,263770937890.4,6303.2359,Test,0.009113152265834978,91.13152265834978,0.5118895976550468,0.8135114753699175,-0.3016218777148707,0,0,0,0,91.13152265834978,0.6964146779612336,0.44329279588149567,0.4847280633486524,0.2771653147794064,
2025-08-07,2025-08-08,6356.3322,6366.2138,6299.4929,6337.5425,17044640000.0,274900586379.3,6357.3769,Test,-0.0050591440139015065,-50.59144013901506,0.5068057755047516,0.8135114753699175,-0.30670569986516594,0,0,0,0,-50.59144013901506,0.690696957313923,0.42665275443539735,0.48722366843244086,0.2832301982560592,
2025-08-08,2025-08-11,6324.1746,6351.3348,6308.1478,6323.4999,17250752600.0,259175300068.3,6337.5425,Test,0.0017792203270288187,17.792203270288187,0.6223744146093133,0.8135114753699175,-0.19113706076060422,0,0,0,0,17.792203270288187,0.7254266674082528,0.4713659248948189,0.6685314502389911,0.6041873104211257,
2025-08-11,2025-08-12,6335.4267,6404.8331,6335.4267,6391.7595,17490919900.0,277034087552.0,6323.4999,Test,0.008993143271628368,89.93143271628368,0.5125593015424349,0.8135114753699175,-0.3009521738274826,0,0,0,0,89.93143271628368,0.6837020233778853,0.41160222144256287,0.5168623996167214,0.3196391479647349,
2025-08-12,2025-08-13,6392.4021,6418.1595,6360.1093,6418.1595,16835191800.0,290495345645.2,6391.7595,Test,0.004753580817451919,47.53580817451919,0.5802119078078587,0.8135114753699175,-0.23329956756205883,0,0,0,0,47.53580817451919,0.7079122524136228,0.44273687582983484,0.614998013025371,0.5015990868080721,
2025-08-13,2025-08-14,6422.7889,6514.4558,6422.2147,6508.0978,21602242300.0,353506820818.3,6418.1595,Test,0.013455151857785674,134.55151857785674,0.4814847411160733,0.8135114753699175,-0.3320267342538442,0,0,0,0,134.55151857785674,0.6638330629130105,0.3816655001667482,0.4781272617088083,0.2732947631438897,
2025-08-14,2025-08-15,6509.2085,6519.7938,6411.9209,6429.8462,22895316800.0,367959844603.9,6508.0978,Test,-0.014106108292582742,-141.0610829258274,0.5189663275184103,0.8135114753699175,-0.2945451478515072,0,0,0,0,-141.0610829258274,0.688379357544831,0.4128270195815785,0.5292400314513054,0.33058108469399106,
2025-08-15,2025-08-18,6417.3889,6570.4994,6417.3889,6568.57,24521724000.0,381378599737.4,6429.8462,Test,0.03047951480702693,304.7951480702693,0.9149686302537541,0.8135114753699175,0.10145715488383655,1,1,1,1,304.7951480702693,0.9552432309854131,0.9357405513972503,0.8469237202402111,0.8865959929664808,预测大涨
2025-08-18,2025-08-19,6612.9878,6709.7812,6580.4373,6668.1726,30244822900.0,491491240868.3,6568.57,Test,0.007586464925884329,75.86464925884329,0.479161619752726,0.8135114753699175,-0.33434985561719155,0,0,0,0,75.86464925884329,0.6019112876672065,0.45908281884195123,0.47828820222826685,0.2546574261244417,
2025-08-19,2025-08-20,6663.157,6707.1139,6631.1193,6655.3105,25283927600.0,444629213612.5,6668.1726,Test,-0.005934604272419208,-59.34604272419208,0.74039859211617,0.8135114753699175,-0.07311288325374754,0,0,0,0,-59.34604272419208,0.8147461762723796,0.7509808598939851,0.6946176016664345,0.6268398690414345,
2025-08-20,2025-08-21,6623.6138,6728.0692,6598.5506,6728.0692,24423390700.0,409671381116.0,6655.3105,Test,0.017524587559739624,175.24587559739624,0.6357974065085324,0.8135114753699175,-0.17771406886138508,0,1,0,0,175.24587559739624,0.6499932513667201,0.555143762818547,0.7048202264104959,0.6518687352771579,
2025-08-21,2025-08-22,6739.6899,6767.3225,6673.0608,6704.1657,24254016400.0,404122614402.8,6728.0692,Test,-0.005291074297053333,-52.910742970533335,0.45003222188599057,0.8135114753699175,-0.36347925348392696,0,0,0,0,-52.910742970533335,0.5555476285876858,0.4320617904841019,0.4602738436997777,0.24317800760423575,
2025-08-22,2025-08-25,6704.0297,6823.3626,6704.0297,6822.8469,25678382000.0,446681185868.5,6704.1657,Test,0.02718342670826779,271.8342670826779,0.7540438092984105,0.8135114753699175,-0.059467666071507,0,1,0,0,271.8342670826779,0.750445846973636,0.7003432658828785,0.7901028049123501,0.8060843112465699,
2025-08-25,2025-08-26,6886.2682,6967.7963,6863.9322,6951.8955,33382894500.0,574922701236.5,6822.8469,Test,0.006101708324401267,61.01708324401267,0.4390140706227809,0.8135114753699175,-0.3744974047471366,0,0,0,0,61.01708324401267,0.5311159256347,0.42035303923301365,0.45734944752159157,0.25074329041868065,
2025-08-26,2025-08-27,6928.2862,7008.9627,6910.4055,6964.0653,28153238200.0,490812217440.6,6951.8955,Test,0.005265876574209738,52.65876574209738,0.5454473456334297,0.8135114753699175,-0.26806412973648786,0,0,0,0,52.65876574209738,0.6146401976487585,0.5169139298350257,0.5691365095980723,0.4157734122966792,
2025-08-27,2025-08-28,6964.7697,7074.6302,6862.5624,6862.5624,32806018300.0,583863938867.0,6964.0653,Test,-0.015257776578025184,-152.57776578025184,0.4648682563678013,0.8135114753699175,-0.3486432190021162,0,0,0,0,-152.57776578025184,0.5953481787729152,0.4987508647273978,0.004805486113309508,0.7608901657275663,
2025-08-28,2025-08-29,6858.5028,7011.1602,6798.9335,7011.1602,30806178600.0,563651749090.8,6862.5624,Test,0.025045014197559112,250.45014197559112,0.75911916693977,0.8135114753699175,-0.05439230843014753,0,1,0,0,250.45014197559112,0.9790595107807407,0.9626155605535209,0.023960842010922384,0.9464699442308078,
2025-08-29,2025-09-01,7030.2741,7078.923,6990.7532,7043.9416,28091581400.0,523041433984.9,7011.1602,Test,0.008173166391904907,81.73166391904907,0.4807233844839604,0.8135114753699175,-0.3327880908859571,0,0,0,0,81.73166391904907,0.4849208129971785,0.4994623791756409,0.516686525722352,0.3895612889801424,
2025-09-01,2025-09-02,7087.7337,7110.687,7038.3444,7110.2882,28590831100.0,536161179931.4,7043.9416,Test,0.0029926208993997783,29.926208993997783,0.6273466508033262,0.8135114753699175,-0.18616482456659134,0,0,0,0,29.926208993997783,0.5672727475817789,0.5720170777520974,0.676798610924651,0.7838340028219424,
2025-09-02,2025-09-03,7108.9446,7108.9446,6909.7234,6961.6894,29403653900.0,541493734529.3,7110.2882,Test,-0.01701013396559603,-170.10133965596032,0.4735089560599129,0.8135114753699175,-0.34000251931000464,0,0,0,0,-170.10133965596032,0.4752040511696956,0.4803822054484106,0.5151072150527826,0.40068108640655764,
2025-09-03,2025-09-04,6988.0205,7003.2681,6846.1814,6868.4615,25908326600.0,449579909558.7,6961.6894,Test,-0.014834358313631224,-148.34358313631225,0.8867530652015854,0.8135114753699175,0.07324158983166784,1,0,0,0,-148.34358313631225,0.9137973503890117,0.9111291515772109,0.7870950961715605,0.923655515437244,预测大涨
2025-09-04,2025-09-05,6884.3577,6906.6919,6607.9849,6698.4474,27034189400.0,471991424482.0,6868.4615,Test,-0.025450841986319084,-254.50841986319085,0.8790473955759983,0.8135114753699175,0.06553592020608079,1,0,0,0,-254.50841986319085,0.8915200020236487,0.9017833145984963,0.8001094237388663,0.9212949598614256,预测大涨
2025-09-05,2025-09-08,6709.145,6919.336,6678.5997,6913.9532,24085745700.0,431958521699.5,6698.4474,Test,0.03253202904393926,325.3202904393926,0.8500150327734936,0.8135114753699175,0.036503557403576026,1,1,1,1,325.3202904393926,0.8690814055739646,0.8888809234525157,0.7621060863929073,0.8623584831575095,预测大涨
2025-09-08,2025-09-09,6927.4071,6995.7178,6896.6601,6992.1169,24417430400.0,455360584113.9,6913.9532,Test,0.004695869541144759,46.95869541144759,0.4996978701859537,0.8135114753699175,-0.31381360518396384,0,0,0,0,46.95869541144759,0.42996026526981734,0.6543338029540734,0.5018094786343212,0.3743739366720282,
2025-09-09,2025-09-10,6959.9373,6999.7308,6895.5091,6928.9651,22584355700.0,394761613186.2,6992.1169,Test,-0.007015206875498725,-70.15206875498725,0.4910758988949261,0.8135114753699175,-0.32243557647499144,0,0,0,0,-70.15206875498725,0.4256032240447148,0.6151722751892541,0.4992632065889049,0.40177912635733,
2025-09-10,2025-09-11,6911.1119,6977.7671,6870.4039,6932.1092,18992286700.0,359667340648.0,6928.9651,Test,0.00190876666314721,19.0876666314721,0.6870680649639321,0.8135114753699175,-0.1264434104059854,0,0,0,0,19.0876666314721,0.6101350620472591,0.7173496548673387,0.6957831039826919,0.7855747351801059,
2025-09-11,2025-09-12,6924.3036,7123.0523,6889.5863,7122.7051,24395106100.0,469498304002.7,6932.1092,Test,0.027628280192682375,276.28280192682377,0.5637994041094847,0.8135114753699175,-0.24971207126043282,0,1,0,0,276.28280192682377,0.4192538303810374,0.5750456780161487,0.6571555918447352,0.722913010809804,
2025-09-12,2025-09-15,7115.6102,7200.1556,7112.4216,7147.7489,26656750800.0,499359865690.2,7122.7051,Test,0.007701672584594421,77.01672584594421,0.4509629377215812,0.8135114753699175,-0.36254853764833633,0,0,0,0,77.01672584594421,0.4169982789878502,0.5343735905400128,0.475727341795537,0.34311813949681513,
2025-09-15,2025-09-16,7170.4123,7174.8905,7126.8293,7137.3627,23826572400.0,441828732816.1,7147.7489,Test,-0.0025414996010759694,-25.414996010759694,0.5705985983078323,0.8135114753699175,-0.2429128770620852,0,0,0,0,-25.414996010759694,0.48384802524039605,0.5667563850547243,0.6298561880786404,0.6801882533342125,
2025-09-16,2025-09-17,7152.1887,7195.4246,7080.427,7190.9928,24234918300.0,435210189393.5,7137.3627,Test,0.00448465516576757,44.846551657675704,0.44270150631868194,0.8135114753699175,-0.3708099690512356,0,0,0,0,44.846551657675704,0.41538351605953067,0.4861255257356872,0.4743467445672655,0.38124799904781614,
2025-09-17,2025-09-18,7184.2638,7265.3931,7159.6665,7260.0353,25826444900.0,445549244676.8,7190.9928,Test,0.008910418907501771,89.10418907501771,0.4349232798471266,0.8135114753699175,-0.37858819552279094,0,0,0,0,89.10418907501771,0.42118091210212455,0.4610264785102989,0.45983347882516823,0.3841936900498969,
2025-09-18,2025-09-19,7248.2786,7350.9772,7115.6308,7199.8828,34858954100.0,604238742366.8,7260.0353,Test,-0.006565227776978655,-65.65227776978655,0.43156687058715804,0.8135114753699175,-0.3819446047827595,0,0,0,0,-65.65227776978655,0.42392705172903916,0.4375804254214035,0.46162719329652496,0.3959448209753509,
2025-09-19,2025-09-22,7200.692,7231.9992,7142.061,7170.3488,27150719300.0,450654116274.6,7199.8828,Test,-0.0024725956894142698,-24.725956894142698,0.7794591262871765,0.8135114753699175,-0.03405234908274102,0,0,0,0,-24.725956894142698,0.7981762468337831,0.777464673153852,0.7126844378597391,0.8349907346966811,
2025-09-22,2025-09-23,7182.8876,7225.8581,7143.0754,7225.1281,23185806900.0,421916002388.8,7170.3488,Test,0.008069038975355713,80.69038975355713,0.5664701768265791,0.8135114753699175,-0.24704129854333845,0,0,0,0,80.69038975355713,0.5004790399473438,0.5608565988887001,0.5911472509092036,0.6825941272226332,
2025-09-23,2025-09-24,7240.8466,7250.8156,7045.5606,7180.7137,28128363400.0,495068970675.9,7225.1281,Test,-0.013884260439932516,-138.84260439932515,0.4078218119894307,0.8135114753699175,-0.40568966338048684,0,0,0,0,-138.84260439932515,0.40212592402320285,0.45116249994119584,0.4046777634383663,0.34840243675978905,
2025-09-24,2025-09-25,7140.3128,7327.0207,7133.4321,7323.7093,24006493800.0,477262274280.4,7180.7137,Test,0.025957882405375887,259.57882405375886,0.575127437822568,0.8135114753699175,-0.2383840375473495,0,1,0,0,259.57882405375886,0.560503496956252,0.5793040241048623,0.5547626573387799,0.6268958593346831,
2025-09-25,2025-09-26,7325.6602,7379.6109,7312.3508,7341.3238,23617503000.0,493046787219.8,7323.7093,Test,-0.0018860962183312457,-18.86096218331246,0.3921109678636573,0.8135114753699175,-0.42140050750626024,0,0,0,0,-18.86096218331246,0.40021565318301994,0.4260773094620515,0.377132314052548,0.3360430627530969,
2025-09-26,2025-09-29,7311.8433,7351.7931,7237.0459,7240.9114,21144414800.0,430197601817.0,7341.3238,Test,-0.008249793865248822,-82.49793865248822,0.4208631611919201,0.8135114753699175,-0.39264831417799745,0,0,0,0,-82.49793865248822,0.40752351930421604,0.4087112406783276,0.4163243356329672,0.4767166462456378,
2025-09-29,2025-09-30,7251.5221,7377.2217,7216.7357,7350.5599,23353941800.0,433864489694.5,7240.9114,Test,0.016686414015065987,166.86414015065986,0.7420282558260801,0.8135114753699175,-0.0714832195438374,0,1,0,0,166.86414015065986,0.7783868808181732,0.7570960435350214,0.6242515443135299,0.800340527556991,
2025-09-30,2025-10-09,7372.524,7428.0307,7372.0634,7412.3684,22070750200.0,444956374594.1,7350.5599,Test,0.013227952869329318,132.27952869329317,0.4583825555070542,0.8135114753699175,-0.3551289198628633,0,0,0,0,132.27952869329317,0.4547996032784323,0.5024909007813079,0.4032753946039835,0.4645790710046539,
2025-10-09,2025-10-10,7470.0474,7559.092,7437.3242,7548.9226,28313078400.0,535756806831.8,7412.3684,Test,0.003928261552931911,39.28261552931911,0.3905841076979259,0.8135114753699175,-0.4229273676719916,0,0,0,0,39.28261552931911,0.38498155806096945,0.40998413763710734,0.37441210959492977,0.39077597067451036,
2025-10-10,2025-10-13,7499.3917,7509.1161,7373.9841,7398.2241,26225664600.0,502127435137.5,7548.9226,Test,-0.04857563314101865,-485.7563314101865,0.39679430765487894,0.8135114753699175,-0.4167171677150386,0,0,0,0,-485.7563314101865,0.41208854952615315,0.4024168578326602,0.37267831888882386,0.3876140654206297,
2025-10-13,2025-10-14,7135.104,7391.8246,7135.104,7376.5636,25802781700.0,473285532818.8,7398.2241,Test,0.04190701354878623,419.07013548786233,0.7906256526638379,0.8135114753699175,-0.02288582270607964,0,1,0,0,419.07013548786233,0.8323315651361026,0.8140192705181418,0.6514324635894636,0.8524523923925083,
2025-10-14,2025-10-15,7434.1149,7459.0156,7166.0822,7194.8509,27735887300.0,505838515442.6,7376.5636,Test,-0.03072029462444803,-307.2029462444803,0.3751602061194704,0.8135114753699175,-0.43835126925044715,0,0,0,0,-307.2029462444803,0.37189447959261557,0.4313486264912572,0.3292816834843421,0.3468531079617112,
2025-10-15,2025-10-16,7205.7367,7294.0014,7153.4185,7294.0014,21755977700.0,397458970801.8,7194.8509,Test,0.00881547614694278,88.1547614694278,0.8739213458067786,0.8135114753699175,0.06040987043686108,1,0,0,1,88.1547614694278,0.9332765065691664,0.919026642335781,0.6981818079655032,0.9104992247927037,预测大涨
2025-10-16,2025-10-17,7269.2587,7305.9472,7206.4433,7231.5336,19493637000.0,359837530025.8,7294.0014,Test,-0.005892939262156172,-58.92939262156172,0.39054306856709775,0.8135114753699175,-0.4229684068028198,0,0,0,0,-58.92939262156172,0.35595118848076535,0.5026589087207283,0.348949396842378,0.32503939210319016,
2025-10-17,2025-10-20,7226.4214,7254.5786,7009.8906,7016.0661,20004411300.0,348113892817.2,7231.5336,Test,-0.018479105024237885,-184.79105024237884,0.5781919732567522,0.8135114753699175,-0.23531950211316532,0,0,0,0,-184.79105024237884,0.48919700493666785,0.5944151048970928,0.5956782424718015,0.7148721803956423,
2025-10-20,2025-10-21,7092.8836,7129.9939,7033.3835,7069.6412,17683419200.0,314675076901.6,7016.0661,Test,0.0003852170928055898,3.852170928055898,0.806254377518328,0.8135114753699175,-0.007257097851589567,0,0,0,0,3.852170928055898,0.8401058763506655,0.8555571295241097,0.6883354619113914,0.8101786354490296,
2025-10-21,2025-10-22,7095.6159,7193.73,7082.2995,7185.624,20597382900.0,344991294992.6,7069.6412,Test,0.005579853892598852,55.79853892598852,0.5313719514480653,0.8135114753699175,-0.28213952392185226,0,0,0,0,55.79853892598852,0.396981777995697,0.5770770423007338,0.5547315703379625,0.7048476850685694,
2025-10-22,2025-10-23,7135.2084,7166.5571,7101.8265,7128.4776,16974325400.0,286200266692.2,7185.624,Test,-0.003693501089610751,-36.935010896107514,0.38865329353599076,0.8135114753699175,-0.42485818183392676,0,0,0,0,-36.935010896107514,0.33902495118525017,0.48214598482279275,0.3569907685174636,0.374037283179886,
2025-10-23,2025-10-24,7108.8545,7153.6555,7022.2945,7142.9536,18893373200.0,286304409856.4,7128.4776,Test,0.009434543919839777,94.34543919839777,0.4027983819914214,0.8135114753699175,-0.41071309337849615,0,0,0,0,94.34543919839777,0.346152965888839,0.44561166776490263,0.39784373776430215,0.4550592769181054,
2025-10-24,2025-10-27,7175.9233,7258.5343,7174.351,7258.5343,19532393300.0,366061817471.7,7142.9536,Test,0.022335913205761226,223.35913205761227,0.37036587055559705,0.8135114753699175,-0.44314560481432047,0,1,0,0,223.35913205761227,0.3368448303175193,0.3957531697209074,0.3816031798802135,0.3817190072008714,
2025-10-27,2025-10-28,7336.2041,7391.2121,7302.0165,7379.3941,23205182100.0,471762068046.1,7258.5343,Test,0.001124532508576248,11.245325085762481,0.34164212959051576,0.8135114753699175,-0.47186934577940176,0,0,0,0,11.245325085762481,0.3343605643113069,0.3592526279515327,0.3434542165500941,0.32380546410763444,
2025-10-28,2025-10-29,7344.4539,7404.756,7308.2722,7341.0304,20211846300.0,422068633884.5,7379.3941,Test,0.0008581577453974365,8.581577453974365,0.3803553472437669,0.8135114753699175,-0.4331561281261506,0,0,0,0,8.581577453974365,0.36288773778677724,0.35489975744145874,0.4115260007651169,0.41916165090205254,
2025-10-29,2025-10-30,7350.7566,7480.9666,7350.7566,7480.9666,22384413300.0,443141380250.4,7341.0304,Test,0.015192449713271827,151.92449713271827,0.49678407943132763,0.8135114753699175,-0.3167273959385899,0,0,0,0,151.92449713271827,0.422099426451485,0.4043555637819213,0.5761244278468014,0.7081458903286778,
2025-10-30,2025-10-31,7462.4326,7463.6529,7375.2391,7385.7109,24341203600.0,473832269828.3,7480.9666,Test,-0.010276849937646326,-102.76849937646327,0.3239970230658575,0.8135114753699175,-0.48951445230406004,0,0,0,0,-102.76849937646327,0.34027716508460265,0.3057675219160194,0.33772309265689815,0.3024300026005597,
2025-10-31,2025-11-03,7385.7423,7430.8564,7331.0031,7331.0031,23204167600.0,434918176654.6,7385.7109,Test,-0.007937225212962029,-79.37225212962029,0.5586818746993648,0.8135114753699175,-0.2548296006705527,0,0,0,0,-79.37225212962029,0.5763140868273255,0.5173682675681429,0.5323751933534241,0.629683923257755,
2025-11-03,2025-11-04,7327.12,7336.5108,7214.8331,7333.6013,22168706000.0,390397102165.8,7331.0031,Test,-0.0016283614844577743,-16.28361484457774,0.5947227487792829,0.8135114753699175,-0.21878872659063464,0,0,0,0,-16.28361484457774,0.588494651587651,0.5661389121453729,0.5610460693874056,0.7042846035846738,
2025-11-04,2025-11-05,7315.1888,7323.7044,7167.3474,7210.8253,19332584200.0,326392392688.4,7333.6013,Test,-0.029559469469878863,-295.59469469878866,0.3176593565266346,0.8135114753699175,-0.49585211884328295,0,0,0,0,-295.59469469878866,0.33453166645846644,0.31782991206227706,0.2931220013480914,0.3152460891046142,
2025-11-05,2025-11-06,7098.9557,7257.84,7098.9557,7229.341,19558024300.0,311844646147.3,7210.8253,Test,0.02031850966473825,203.1850966473825,0.6674752447393425,0.8135114753699175,-0.14603623063057503,0,1,0,0,203.1850966473825,0.6669398671835379,0.6393807259640085,0.6056969932210482,0.802723425739916,
2025-11-06,2025-11-07,7243.1959,7352.1766,7243.1959,7345.723,20172296700.0,352809569430.2,7229.341,Test,0.008849684708928107,88.49684708928108,0.3628022795540259,0.8135114753699175,-0.45070919581589164,0,0,0,0,88.49684708928108,0.34199804658503175,0.33784987389212,0.36788876362256273,0.4436840689272356,
2025-11-07,2025-11-10,7307.2959,7371.4378,7285.8192,7327.9108,19292057800.0,336398935520.3,7345.723,Test,0.006848402019685507,68.48402019685507,0.32132143160017557,0.8135114753699175,-0.49219004376974196,0,0,0,0,68.48402019685507,0.33965803229986374,0.30824093617217385,0.28954402418235087,0.34894095731185015,
2025-11-10,2025-11-11,7357.3392,7384.7854,7289.7682,7343.8017,20450133000.0,371310636981.7,7327.9108,Test,0.0010310656874430446,10.310656874430446,0.4051510638744455,0.8135114753699175,-0.40836041149547203,0,0,0,0,10.310656874430446,0.35599213135228314,0.29856885921335113,0.4467807138981324,0.638891884858386,
2025-11-11,2025-11-12,7364.9251,7379.806,7281.9746,7291.6084,19166031300.0,338597660848.1,7343.8017,Test,-0.013595942747605116,-135.95942747605116,0.4229421703909315,0.8135114753699175,-0.390569304978986,0,0,0,0,-135.95942747605116,0.36584447189635355,0.289079155863709,0.49096901618048416,0.6849981421539141,
2025-11-12,2025-11-13,7264.792,7305.8564,7187.8685,7243.2483,18550701000.0,313840341324.2,7291.6084,Test,-0.002911576821469919,-29.115768214699187,0.5253073126940785,0.8135114753699175,-0.28820416267583904,0,0,0,0,-29.115768214699187,0.5180876832518758,0.417212598186579,0.5444052717555751,0.7035550819373252,
2025-11-13,2025-11-14,7243.64,7366.4121,7243.64,7355.2911,19989023000.0,339596060555.8,7243.2483,Test,0.005530272073156484,55.30272073156483,0.4997033905438538,0.8135114753699175,-0.3138080848260637,0,0,0,0,55.30272073156483,0.43849612125993087,0.36692668981879784,0.5742527303972497,0.7596227217426187,
2025-11-14,2025-11-17,7283.6993,7329.5958,7235.4617,7235.4617,20586491000.0,310485059932.4,7355.2911,Test,-0.004774730335174726,-47.74730335174726,0.32619917223678757,0.8135114753699175,-0.48731230313312995,0,0,0,0,-47.74730335174726,0.3549041839572544,0.2840431465037944,0.32225474785297387,0.344397650891277,
2025-11-17,2025-11-18,7248.9216,7262.3306,7202.5932,7235.3512,20305060200.0,310823159399.7,7235.4617,Test,-0.004675371299366682,-46.75371299366682,0.576720597449177,0.8135114753699175,-0.2367908779207405,0,0,0,0,-46.75371299366682,0.6164761571985156,0.5250497223722501,0.5256926995722538,0.6528274239472239,
2025-11-18,2025-11-19,7215.0302,7230.5416,7118.4085,7151.0176,20221412100.0,306540024621.6,7235.3512,Test,-0.010223948889361512,-102.23948889361512,0.31310828990434236,0.8135114753699175,-0.5004031854655752,0,0,0,0,-102.23948889361512,0.32301804644466664,0.27118812809466636,0.3091591439345531,0.37084041613154634,
2025-11-19,2025-11-20,7141.2641,7178.1495,7086.1232,7122.7465,16278660200.0,256755086038.0,7151.0176,Test,0.004598695628691196,45.98695628691196,0.5950972022299197,0.8135114753699175,-0.21841427313999784,0,0,0,0,45.98695628691196,0.5624393642783685,0.4899904962532726,0.6272119988938958,0.8042739979231313,
2025-11-20,2025-11-21,7174.1046,7180.732,7056.9003,7061.9497,15961874600.0,254158167502.1,7122.7465,Test,-0.030436704254353963,-304.36704254353964,0.4098684673342824,0.8135114753699175,-0.40364300803563513,0,0,0,0,-304.36704254353964,0.29803456989749355,0.30470687928064827,0.5223999949699564,0.6768174279822669,
2025-11-21,2025-11-24,6955.7485,6986.7784,6817.4103,6817.4103,20893338400.0,310968718151.3,7061.9497,Test,-0.014231955051278722,-142.31955051278723,0.5263277964120049,0.8135114753699175,-0.28718367895791264,0,0,0,0,-142.31955051278723,0.5080952236721539,0.5017553608947994,0.5148545141058004,0.623849538810329,
2025-11-24,2025-11-25,6856.7546,6905.9229,6797.4956,6868.9664,16636391300.0,270213254389.5,6817.4103,Test,0.008512584072937424,85.12584072937423,0.8145767846949356,0.8135114753699175,0.0010653093250180268,1,0,0,1,85.12584072937423,0.8737033139712153,0.894644441042281,0.6311203690592113,0.8010670828741072,预测大涨
2025-11-25,2025-11-26,6915.1233,7018.4695,6912.3198,6954.6034,16271253000.0,289204914941.8,6868.9664,Test,0.004476839914047348,44.76839914047348,0.40603886098387043,0.8135114753699175,-0.4074726143860471,0,0,0,0,44.76839914047348,0.30933796140766057,0.45417341202579536,0.37955467491605904,0.5637085641031884,
2025-11-26,2025-11-27,6946.0812,7024.8824,6936.8765,6965.0453,14894352600.0,274858341724.5,6954.6034,Test,0.0035490083242908366,35.49008324290837,0.5000499706886343,0.8135114753699175,-0.3134615046812832,0,0,0,0,35.49008324290837,0.40182011161459336,0.5212523345574044,0.4751393774707459,0.70593635012522,
2025-11-27,2025-11-28,6970.7329,7045.8447,6943.4443,6951.2844,13784110300.0,253013152924.5,6965.0453,Test,-0.003370664223843689,-33.70664223843689,0.3905524892214155,0.8135114753699175,-0.422958986148502,0,0,0,0,-33.70664223843689,0.27898761083806844,0.36438623284865207,0.42786345604638765,0.622116225054027,
2025-11-28,2025-12-01,6947.2369,7031.7124,6941.4833,7031.5505,14021118400.0,243255194578.2,6951.2844,Test,0.015345698086098203,153.45698086098201,0.364791666295012,0.8135114753699175,-0.44871980907490555,0,0,0,0,153.45698086098201,0.30926421782935404,0.34913182513239677,0.372582192461959,0.4994802428395592,
2025-12-01,2025-12-02,7053.8471,7101.8323,7040.8033,7101.8323,17897343200.0,308533693613.8,7031.5505,Test,0.004387945976316976,43.87945976316976,0.2586223774242838,0.8135114753699175,-0.5548890979456338,0,0,0,0,43.87945976316976,0.27981447152623706,0.2922174716070105,0.19022354758645038,0.2488461536648822,
2025-12-02,2025-12-03,7084.799,7085.3031,7022.6102,7040.3008,14951819700.0,247360273405.6,7101.8323,Test,-0.005637732277231966,-56.37732277231966,0.2586383123317234,0.8135114753699175,-0.5548731630381941,0,0,0,0,-56.37732277231966,0.29518242124927385,0.2719674817633553,0.1964815613952439,0.24312156691423234,
2025-12-03,2025-12-04,7044.8568,7064.16,6975.0888,6996.3552,15783886700.0,251308651462.9,7040.3008,Test,-0.006134191400455347,-61.341914004553466,0.3064595474614892,0.8135114753699175,-0.5070519279084283,0,0,0,0,-61.341914004553466,0.32720705573427894,0.27741537126156013,0.26786554089651055,0.3662651597585323,
2025-12-04,2025-12-05,7001.6423,7039.7157,6958.6322,7012.8061,14103833800.0,239912559988.0,6996.3552,Test,0.0010007509238225687,10.007509238225687,0.42044285390530445,0.8135114753699175,-0.3930686214646131,0,0,0,0,10.007509238225687,0.3927022950156742,0.3284484484557224,0.4231352275331134,0.6366797373443001,
2025-12-05,2025-12-08,7008.6492,7104.0208,6965.8064,7097.8389,16873827400.0,275108399690.5,7012.8061,Test,0.015752222268450966,157.52222268450967,0.3516140178751598,0.8135114753699175,-0.46189745749475775,0,0,0,0,157.52222268450967,0.3209072993469247,0.25596404927428507,0.3568079582272593,0.5771115718150532,
2025-12-08,2025-12-09,7119.051,7193.723,7114.3234,7172.3671,19261175000.0,347244592783.5,7097.8389,Test,0.004484010579499875,44.84010579499875,0.2748966191449047,0.8135114753699175,-0.5386148562250128,0,0,0,0,44.84010579499875,0.33471965551773425,0.253569741442277,0.2242819332924299,0.2546898958793933,
2025-12-09,2025-12-10,7150.9729,7185.1071,7103.8325,7121.3256,16690106600.0,305522303623.1,7172.3671,Test,-0.005510075419248195,-55.10075419248195,0.34969742913619745,0.8135114753699175,-0.4638140462337201,0,0,0,0,-55.10075419248195,0.3649974503702235,0.27471990373656396,0.3175393637860842,0.4926128933196559,
2025-12-10,2025-12-11,7111.5705,7171.9733,7070.4751,7155.9944,15396782700.0,280495257218.4,7121.3256,Test,0.008385967628388169,83.8596762838817,0.40638655197901524,0.8135114753699175,-0.4071249233909023,0,0,0,0,83.8596762838817,0.4388694446298012,0.3298233873628282,0.35102922742798404,0.5474622644320905,
2025-12-11,2025-12-12,7171.2079,7179.4249,7082.8932,7082.8932,18184855400.0,300744575886.1,7155.9944,Test,-0.011589093658824323,-115.89093658824324,0.31137989411697464,0.8135114753699175,-0.5021315812529429,0,0,0,0,-115.89093658824324,0.3598647061991636,0.26165886813818345,0.24133423030013157,0.39167425165336656,
2025-12-12,2025-12-15,7088.1001,7187.0997,7063.8407,7169.791,19840247300.0,373144936682.2,7082.8932,Test,0.004695249718609462,46.95249718609462,0.6024750452810432,0.8135114753699175,-0.2110364300888743,0,0,0,0,46.95249718609462,0.675408819477253,0.5602192224762388,0.45474948487945316,0.724561110574691,
2025-12-15,2025-12-16,7121.3805,7177.1541,7110.6781,7113.962,17217406400.0,301023637030.3,7169.791,Test,-0.0027678481721346015,-27.678481721346017,0.33819073421202583,0.8135114753699175,-0.4753207411578917,0,0,0,0,-27.678481721346017,0.4213837748261056,0.33059723327055507,0.224472368102608,0.33105690295512935,
2025-12-16,2025-12-17,7101.6696,7102.7717,6962.6451,7001.3188,17206587400.0,284968704393.8,7113.962,Test,-0.013963364333367423,-139.63364333367423,0.36127033209568854,0.8135114753699175,-0.452241143274229,0,0,0,0,-139.63364333367423,0.4293936592475998,0.33423977852161424,0.28294575924650844,0.3715080183201298,
2025-12-17,2025-12-18,7002.5064,7160.7763,6988.871,7137.8339,17441313600.0,302410118522.7,7001.3188,Test,0.013491612089065574,134.91612089065575,0.6826722403418881,0.8135114753699175,-0.1308392350280294,0,0,0,0,134.91612089065575,0.7580291999192316,0.6999990753891929,0.4844717901295676,0.7647423589491903,
2025-12-18,2025-12-19,7096.9815,7172.9624,7094.5396,7100.8359,15489612300.0,275510779270.5,7137.8339,Test,0.003864037126206421,38.64037126206421,0.3408975675309546,0.8135114753699175,-0.4726139078389629,0,0,0,0,38.64037126206421,0.40243737299622634,0.36862426141387633,0.23196156514813673,0.3113907698985135,
2025-12-19,2025-12-22,7124.4045,7197.0681,7117.1583,7169.5511,17884314600.0,292738015322.5,7100.8359,Test,0.011381231933139002,113.81231933139003,0.3960299440512832,0.8135114753699175,-0.4174815313186343,0,0,0,0,113.81231933139003,0.42090345272166013,0.3679296734985176,0.3144601354500344,0.504507698420789,
2025-12-22,2025-12-23,7205.489,7277.386,7205.489,7255.6607,17824288100.0,327207674824.3,7169.5511,Test,0.00727481507500749,72.7481507500749,0.3875927095897299,0.8135114753699175,-0.4259187657801876,0,0,0,0,72.7481507500749,0.4081423201354507,0.3293127015720873,0.29897804758097185,0.5677599614729898,
2025-12-23,2025-12-24,7257.9076,7297.7034,7228.7225,7256.7864,17347600200.0,328559029521.9,7255.6607,Test,-4.031464936249396e-05,-0.4031464936249396,0.2851051929747864,0.8135114753699175,-0.5284062823951311,0,0,0,0,-0.4031464936249396,0.21283230543154436,0.30122480589594985,0.2613331200729163,0.4431623566322112,
2025-12-24,2025-12-25,7257.615,7362.5704,7247.4054,7352.0396,16883771300.0,331930929314.7,7256.7864,Test,0.011616391886315247,116.16391886315247,0.27028855941339697,0.8135114753699175,-0.5432229159565205,0,0,0,0,116.16391886315247,0.20272156793173962,0.26370952011653226,0.28433037561248903,0.4060742378076802,
2025-12-25,2025-12-26,7341.9223,7426.1367,7334.3404,7410.7119,16841420100.0,336366985228.8,7352.0396,Test,0.010988825092850707,109.88825092850706,0.2561955022091418,0.8135114753699175,-0.5573159731607757,0,0,0,0,109.88825092850706,0.23528427857185236,0.2813480706650487,0.23629221448522453,0.28398187826093085,
2025-12-26,2025-12-29,7422.6014,7484.9158,7397.4255,7458.8386,19927688400.0,386914288411.3,7410.7119,Test,0.006049469394921347,60.49469394921347,0.28561789349345645,0.8135114753699175,-0.5278935818764611,0,0,0,0,60.49469394921347,0.24624825833942487,0.27986374822361315,0.2786890056130165,0.3888753432536043,
2025-12-29,2025-12-30,7467.5042,7491.6926,7411.4472,7430.6147,19884433800.0,390446087065.9,7458.8386,Test,-0.010360141478059082,-103.60141478059082,0.3457575278607668,0.8135114753699175,-0.4677539475091507,0,0,0,0,-103.60141478059082,0.2835098555676382,0.3120876609574494,0.35494955689450114,0.5243170586430858,
2025-12-30,2025-12-31,7390.1398,7495.0606,7389.8691,7458.936,19620361500.0,407623516139.8,7430.6147,Test,0.01131400788926884,113.1400788926884,0.3658248389671592,0.8135114753699175,-0.4476866364027583,0,0,0,0,113.1400788926884,0.3145054876603076,0.3458769257140185,0.3505475185184218,0.5307936243042287,
2025-12-31,2026-01-05,7473.7519,7488.0663,7435.0664,7465.5742,19442774300.0,380369638018.7,7458.936,Test,0.006706604750955192,67.06604750955192,0.3702997788972864,0.8135114753699175,-0.44321169647263114,0,0,0,0,67.06604750955192,0.3043020102052899,0.3341477082935106,0.3622357004456396,0.5848992687954006,
2026-01-05,2026-01-06,7523.8754,7651.2383,7523.2477,7651.1981,25185386300.0,504690493732.0,7465.5742,Test,0.01861621738180297,186.1621738180297,0.24234526174270857,0.8135114753699175,-0.571166213627209,0,1,0,0,186.1621738180297,0.24756494090877082,0.2616828616767709,0.2070944329275284,0.24588253325108989,
2026-01-06,2026-01-07,7663.9415,7814.6506,7663.6621,7814.1356,31312510200.0,571675102991.1,7651.1981,Test,0.022830289088193068,228.30289088193067,0.22934839055059142,0.8135114753699175,-0.5841630848193261,0,1,0,0,228.30289088193067,0.2553258033782855,0.2569727589293788,0.18874071835253167,0.18163929290119585,
2026-01-07,2026-01-08,7838.9115,7909.6559,7828.3941,7875.0822,29390344000.0,582740692942.6,7814.1356,Test,0.0018239011883218748,18.239011883218748,0.23409131016443413,0.8135114753699175,-0.5794201652054833,0,0,0,0,18.239011883218748,0.2651850509178746,0.25707089005045325,0.18949305245996403,0.1891254506064858,
2026-01-08,2026-01-09,7853.2089,7938.5946,7849.0679,7894.5447,29356173500.0,564453373682.6,7875.0822,Test,0.006957614485462171,69.57614485462172,0.3653713029487684,0.8135114753699175,-0.4481401724211491,0,0,0,0,69.57614485462172,0.35748256781204807,0.35187509238839143,0.30170478576661314,0.4932946947204222,
2026-01-09,2026-01-12,7907.8485,8064.7584,7907.8485,8056.6858,31462467400.0,631145879411.5,7894.5447,Test,0.029562743899304467,295.6274389930447,0.37932181896266315,0.8135114753699175,-0.4341896564072544,0,1,0,0,295.6274389930447,0.32723791801638896,0.3242351978421269,0.37607114496519195,0.5908713721809569,
2026-01-12,2026-01-13,8141.6262,8261.3544,8103.2382,8249.1275,33523628600.0,685824116976.6,8056.6858,Test,0.01581946859707206,158.19468597072063,0.28186386395433183,0.8135114753699175,-0.5316476114155857,0,0,0,0,158.19468597072063,0.31249097729264297,0.3101582464765342,0.23885223165260716,0.22640707311143762,
2026-01-13,2026-01-14,8270.4224,8270.4224,8106.6099,8143.28,36413103300.0,735218804688.9,8249.1275,Test,-0.012704357155929547,-127.04357155929546,0.3036000496807816,0.8135114753699175,-0.5099114256891359,0,0,0,0,-127.04357155929546,0.33921081738306513,0.3395663943920508,0.23614119227489483,0.2577419940018022,
2026-01-14,2026-01-15,8165.352,8368.2215,8123.4045,8227.697,42276600200.0,815959272095.4,8143.28,Test,0.000611927079199992,6.11927079199992,0.8656610327861978,0.8135114753699175,0.052149557416280246,1,0,0,1,6.11927079199992,0.9317031424832177,0.9404551247034719,0.6335253751964675,0.9136184180106793,预测大涨
2026-01-15,2026-01-16,8170.3486,8249.0307,8148.7884,8223.2683,31359583000.0,600802134839.4,8227.697,Test,0.008732161073274236,87.32161073274236,0.7819313994665721,0.8135114753699175,-0.03158007590334544,0,0,0,0,87.32161073274236,0.8941389746493238,0.885458631488066,0.47614256659742626,0.7827772913606862,
2026-01-16,2026-01-19,8241.6934,8292.7409,8204.5254,8232.674,28197904200.0,616185542296.4,8223.2683,Test,-0.0051196760122136364,-51.19676012213637,0.4361536463347511,0.8135114753699175,-0.3773578290351664,0,0,0,0,-51.19676012213637,0.4488609205804526,0.5520188808482307,0.2633382614192614,0.4440076824228447,
2026-01-19,2026-01-20,8199.4986,8318.3703,8195.089,8287.947,26149738200.0,560926083767.2,8232.674,Test,0.013188977189410034,131.88977189410033,0.4521786246039481,0.8135114753699175,-0.36133285076596944,0,0,0,0,131.88977189410033,0.4657166089834331,0.5360627397694722,0.28953465738497136,0.5002486611839682,
2026-01-20,2026-01-21,8307.6416,8342.8738,8142.1424,8247.8049,28986446000.0,588171478668.1,8287.947,Test,-0.013371436244914547,-133.71436244914548,0.4699444781905116,0.8135114753699175,-0.3435669971794059,0,0,0,0,-133.71436244914548,0.5302162088495462,0.5742820954296229,0.26551511839624753,0.44036659008873097,
2026-01-21,2026-01-22,8196.5565,8351.4545,8196.5565,8340.1133,24330438100.0,517592184757.5,8247.8049,Test,0.019413225541725865,194.13225541725865,0.6391564952951378,0.8135114753699175,-0.17435498007477968,0,1,0,0,194.13225541725865,0.6965587603080855,0.7249804818606115,0.4002345301070304,0.6955024077866928,
2026-01-22,2026-01-23,8355.6781,8396.1328,8337.195,8387.595,26880524300.0,546138129653.9,8340.1133,Test,0.007979962751317737,79.79962751317737,0.35713374498623335,0.8135114753699175,-0.4563777303836842,0,0,0,0,79.79962751317737,0.45224235597974966,0.5149507717346161,0.09389608494820481,0.24079993236763053,
2026-01-23,2026-01-26,8422.3561,8590.1659,8417.752,8590.1659,31969006900.0,639421447042.0,8387.595,Test,0.024046976593639746,240.46976593639747,0.32195387604888703,0.8135114753699175,-0.4915575993210305,0,1,0,0,240.46976593639747,0.40162996609508883,0.4472928680623343,0.10329160490083401,0.2339595715057482,
2026-01-26,2026-01-27,8624.8883,8671.3461,8453.4762,8506.6932,34928559700.0,692104522399.7,8590.1659,Test,-0.018578547852034166,-185.78547852034166,0.3022540997284667,0.8135114753699175,-0.5112573756414509,0,0,0,0,-185.78547852034166,0.3952902876836734,0.41083914486751616,0.101992125618387,0.18988858573167502,
2026-01-27,2026-01-28,8464.6504,8581.1049,8368.1751,8548.9321,30285260600.0,610885915269.2,8506.6932,Test,0.01189516344348962,118.9516344348962,0.7976859315185711,0.8135114753699175,-0.01582554385134638,0,0,0,0,118.9516344348962,0.9271046543939191,0.9135043401933489,0.384919612541805,0.8875426188206494,
2026-01-28,2026-01-29,8565.3388,8633.1468,8526.5335,8601.1644,31177425700.0,612731517849.5,8548.9321,Test,0.0022581476870477957,22.581476870477957,0.4076969202934524,0.8135114753699175,-0.40581455507646513,0,0,0,0,22.581476870477957,0.5008956988547636,0.5553149954135459,0.13776261224276787,0.32247755796019334,
2026-01-29,2026-01-30,8584.6806,8658.9445,8503.0945,8517.8429,35419838700.0,666256871148.3,8601.1644,Test,-0.01689383761115104,-168.93837611151042,0.41845990788822174,0.8135114753699175,-0.3950515674816958,0,0,0,0,-168.93837611151042,0.5096069211951109,0.5438877236624677,0.06324171640110839,0.49369884030093225,
2026-01-30,2026-02-02,8439.6524,8496.3367,8194.5842,8370.5203,32894717000.0,600497374470.5,8517.8429,Test,-0.018950685694117064,-189.50685694117064,0.7475058910921074,0.8135114753699175,-0.06600558427781011,0,0,0,0,-189.50685694117064,0.9205455958452411,0.9066882455197074,0.17919622345163275,0.8826531912490504,
2026-02-02,2026-02-03,8279.7152,8324.4341,8032.35,8037.0456,29964602200.0,546055656717.8,8370.5203,Test,-0.017373218344515107,-173.73218344515107,0.6192028979384597,0.8135114753699175,-0.1943085774314578,0,0,0,0,-173.73218344515107,0.802845940999426,0.8188463557433855,0.10078286638013936,0.5924129236679767,
2026-02-03,2026-02-04,8135.8699,8286.7005,8075.3738,8286.7005,27222713600.0,543264486191.1,8037.0456,Test,0.01658975643157734,165.8975643157734,0.7850090212755035,0.8135114753699175,-0.028502454094413987,0,1,0,0,165.8975643157734,0.9593848054579953,0.9354212816686949,0.23109589081569357,0.9128695785818618,
2026-02-04,2026-02-05,8270.842,8309.8579,8179.3522,8299.0574,26886027700.0,501886746835.7,8286.7005,Test,-0.00819496975035916,-81.94969750359161,0.3774756415270617,0.8135114753699175,-0.4360358338428558,0,0,0,0,-81.94969750359161,0.4167879168344181,0.6112542982411997,0.14164584051514711,0.20909038364057012,
2026-02-05,2026-02-06,8203.0627,8224.7847,8081.4283,8146.1073,23184051500.0,435277701063.7,8299.0574,Test,-0.018145015519630325,-181.45015519630326,0.38228884121334206,0.8135114753699175,-0.43122263415657547,0,0,0,0,-181.45015519630326,0.41748531340418565,0.570948414644842,0.1556811753218381,0.28892762490349255,
2026-02-06,2026-02-09,8054.218,8247.2968,8014.6599,8146.4128,21864214400.0,418373434780.9,8146.1073,Test,0.02804627339364285,280.4627339364285,0.6169118560471903,0.8135114753699175,-0.19659961932272718,0,1,0,0,280.4627339364285,0.6656233872473438,0.7125707475638986,0.3351425010044041,0.7334296552764553,
2026-02-09,2026-02-10,8280.1088,8313.4692,8229.0026,8311.2829,21166756600.0,427982319251.6,8146.4128,Test,0.004640482501872434,46.40482501872434,0.4487066557860745,0.8135114753699175,-0.36480481958384303,0,0,0,0,46.40482501872434,0.4049805449760403,0.526016804553213,0.29873291756298004,0.612545770971659,
2026-02-10,2026-02-11,8318.5325,8331.9858,8258.1519,8306.4448,19580622000.0,394283311159.0,8311.2829,Test,-0.002788941438889525,-27.88941438889525,0.3530795486440557,0.8135114753699175,-0.4604319267258618,0,0,0,0,-27.88941438889525,0.402438563543143,0.4867868904208403,0.1786404436382811,0.2540575632570624,
2026-02-11,2026-02-12,8295.3326,8373.5033,8295.1223,8325.8107,20401970300.0,388612429404.3,8306.4448,Test,0.0056697425248506406,56.697425248506406,0.37630435959884373,0.8135114753699175,-0.4372071157710738,0,0,0,0,56.697425248506406,0.4018185241068547,0.450284889839397,0.23515619633872298,0.38669955658101784,
2026-02-12,2026-02-13,8342.365,8437.4202,8341.7705,8423.5695,21213831800.0,438320451204.1,8325.8107,Test,0.0028730102315113193,28.730102315113193,0.38897730570806405,0.8135114753699175,-0.4245341696618535,0,0,0,0,28.730102315113193,0.42453010686692605,0.42938295992375036,0.26093519337932347,0.41877561282004927,
2026-02-13,2026-02-24,8366.3327,8419.7618,8290.8388,8299.585,20278572500.0,406320461061.6,8423.5695,Test,0.004419845746751028,44.19845746751028,0.3804635708380339,0.8135114753699175,-0.43304790453188363,0,0,0,0,44.19845746751028,0.4390050807973414,0.4074914494599407,0.2683310420517824,0.36294630166726405,
2026-02-24,2026-02-25,8403.3106,8444.1283,8328.5678,8392.9098,22462927800.0,449713840344.2,8299.585,Test,0.0010435649016709014,10.435649016709014,0.6889673510098775,0.8135114753699175,-0.12454412436004003,0,0,0,0,10.435649016709014,0.7592378565542998,0.6841026936532999,0.5041046636194484,0.8023418722638306,
2026-02-25,2026-02-26,8412.08,8551.5345,8401.5965,8527.5593,27789338900.0,506848669829.3,8392.9098,Test,0.015543409002291897,155.43409002291898,0.5171170508215961,0.8135114753699175,-0.29639442454832143,0,0,0,0,155.43409002291898,0.5341209216197571,0.5190979487433204,0.39195204180531873,0.6496191414098675,
2026-02-26,2026-02-27,8542.8324,8582.7633,8490.9215,8557.216,25411176500.0,513984663150.7,8527.5593,Test,-0.005037755393632493,-50.37755393632493,0.4111575100996175,0.8135114753699175,-0.40235396527030004,0,0,0,0,-50.37755393632493,0.4774313148883721,0.45919662978813525,0.2990770116304564,0.34036790086370466,
2026-02-27,2026-03-02,8499.7957,8658.4503,8499.7957,8658.4503,28036116700.0,512821943080.7,8557.216,Test,0.010124678643746554,101.24678643746554,0.4063659521212211,0.8135114753699175,-0.4071455232486964,0,0,0,0,101.24678643746554,0.4168970484005734,0.38836483775763225,0.3717754023125099,0.4630513286508559,
2026-03-02,2026-03-03,8585.8534,8683.9816,8551.4601,8658.3336,33903229600.0,619505358994.6,8658.4503,Test,0.007594655645995374,75.94655645995374,0.3225744185956237,0.8135114753699175,-0.49093705677429383,0,0,0,0,75.94655645995374,0.3974809418630088,0.34708373596136316,0.25773623680637503,0.2096592512226031,
2026-03-03,2026-03-04,8651.06,8654.5678,8267.1091,8281.6139,34615390600.0,634660475372.6,8658.3336,Test,-0.055840428802944375,-558.4042880294437,0.3651828855454303,0.8135114753699175,-0.4483285898244872,0,0,0,0,-558.4042880294437,0.40246796149675523,0.3247061836272054,0.34697269926654273,0.381825333639229,
2026-03-04,2026-03-05,8167.9811,8377.1743,8167.9811,8248.945,27210771400.0,471470145318.9,8281.6139,Test,0.02639150328102491,263.9150328102491,0.890466331931121,0.8135114753699175,0.07695485656120349,1,1,1,1,263.9150328102491,0.9617924880625783,0.9257700086489975,0.7104657822379642,0.9246175717235804,预测大涨
2026-03-05,2026-03-06,8383.5464,8391.0367,8251.1062,8309.1713,25634345400.0,472940762598.8,8248.945,Test,-0.013164297629461363,-131.64297629461365,0.6326882521702908,0.8135114753699175,-0.18082322319962674,0,0,0,0,-131.64297629461365,0.5592120357853163,0.6090277474182237,0.6834655382090427,0.7604123270011951,
2026-03-06,2026-03-09,8273.1829,8394.3341,8258.6447,8360.3347,23451496000.0,427695132113.2,8309.1713,Test,-0.0047128415352694075,-47.12841535269408,0.6393783756841651,0.8135114753699175,-0.1741330996857524,0,0,0,0,-47.12841535269408,0.595414636195904,0.6239060231604244,0.653044812525057,0.7410865883570398,
2026-03-09,2026-03-10,8234.1927,8305.9247,8066.1408,8279.4811,28651851000.0,523828528067.1,8360.3347,Test,0.012988765735346686,129.88765735346686,0.47800337437460944,0.8135114753699175,-0.3355081009953081,0,0,0,0,129.88765735346686,0.45380295375692026,0.5002214791421176,0.5137072011694562,0.44145482300114514,
2026-03-10,2026-03-11,8341.1447,8412.9325,8330.9345,8410.303,23994135800.0,465082278986.8,8279.4811,Test,0.00937111185710493,93.7111185710493,0.43561038143183406,0.8135114753699175,-0.37790109393808347,0,0,0,0,93.7111185710493,0.4557494323854998,0.4653704850060807,0.470961657698107,0.29212671203423735,
2026-03-11,2026-03-12,8419.3105,8439.6188,8379.0332,8403.3296,26448738900.0,495752480830.4,8410.303,Test,-0.0026829156615615357,-26.829156615615357,0.3521805506257791,0.8135114753699175,-0.46133092474413845,0,0,0,0,-26.829156615615357,0.40360671089293587,0.3956947285765607,0.2838704580627708,0.2606765259183395,
2026-03-12,2026-03-13,8396.7222,8433.0374,8290.5879,8359.4721,28243650400.0,478413662733.3,8403.3296,Test,-0.009401561480740783,-94.01561480740783,0.3535765821857417,0.8135114753699175,-0.45993489318417585,0,0,0,0,-94.01561480740783,0.40411701153510704,0.36445756414873987,0.3047696813817602,0.29424593998856774,
2026-03-13,2026-03-16,8317.7799,8371.7157,8217.9686,8239.798,28813099000.0,482367288675.4,8359.4721,Test,-0.010830618396141967,-108.30618396141966,0.5521425071479096,0.8135114753699175,-0.26136896822200795,0,0,0,0,-108.30618396141966,0.5680998756896619,0.47726787157936157,0.511709955756592,0.7048584694047066,
2026-03-16,2026-03-17,8227.6932,8233.6551,8060.7824,8185.152,25620598200.0,460796897377.5,8239.798,Test,-0.003366751691713521,-33.66751691713521,0.800207794868649,0.8135114753699175,-0.013303680501268511,0,0,0,0,-33.66751691713521,0.8441007776559974,0.7979130520737759,0.6894290513874973,0.863271778623145,
2026-03-17,2026-03-18,8199.9926,8207.4607,8016.002,8016.0262,23013280000.0,406247342906.9,8185.152,Test,-0.018911480481092147,-189.11480481092147,0.49433605780212964,0.8135114753699175,-0.3191754175677879,0,0,0,0,-189.11480481092147,0.4784048903381105,0.49109533266323513,0.5576689042649735,0.44677839376982514,
2026-03-18,2026-03-19,8044.9186,8105.9551,7958.4504,8096.4276,20649392300.0,391242647481.5,8016.0262,Test,-0.008585655546595516,-85.85655546595517,0.8143420310968629,0.8135114753699175,0.0008305557269453478,1,0,0,0,-85.85655546595517,0.8555195222447113,0.8508744852859133,0.7261030825770035,0.7842366217916535,预测大涨
2026-03-19,2026-03-20,7975.8477,8000.4297,7844.1519,7877.09,21974486600.0,394855039942.2,8096.4276,Test,-0.007818893031269925,-78.18893031269924,0.3816810161048226,0.8135114753699175,-0.43183045926509495,0,0,0,0,-78.18893031269924,0.3776232747519121,0.46609919971420527,0.3648756875477987,0.26567922192924526,
2026-03-20,2026-03-23,7913.4854,7941.5857,7757.8333,7760.0365,21944878800.0,417113691310.9,7877.09,Test,-0.03667673412274186,-366.7673412274186,0.734755941700173,0.8135114753699175,-0.07875553366974453,0,0,0,0,-366.7673412274186,0.7343227752099989,0.7599677907041856,0.674523781051652,0.7743749056264866,
2026-03-23,2026-03-24,7623.2446,7708.4298,7399.0423,7440.7451,27156102400.0,451938508509.5,7760.0365,Test,-0.008941442073103656,-89.41442073103656,0.770036645750091,0.8135114753699175,-0.043474829619826516,0,0,0,0,-89.41442073103656,0.8030621065144008,0.8352216205440742,0.639064213952358,0.7658709294583448,
2026-03-24,2026-03-25,7555.0818,7597.3732,7379.8608,7597.3732,22896641800.0,388538162383.5,7440.7451,Test,0.013940166736513548,139.4016673651355,0.8172812248004552,0.8135114753699175,0.00376974943053765,1,0,0,1,139.4016673651355,0.8605390392012356,0.8791161511904431,0.6660945112627109,0.825028979130716,预测大涨
2026-03-25,2026-03-26,7660.4009,7806.9106,7660.4009,7767.6654,24071155400.0,423378163951.9,7597.3732,Test,0.012612603604075234,126.12603604075234,0.364503698231382,0.8135114753699175,-0.4490077771385355,0,0,0,0,126.12603604075234,0.3280674745431361,0.5242729973741368,0.33252263018363537,0.2063083686347352,
2026-03-26,2026-03-27,7757.0185,7777.29,7620.7773,7642.1302,20621612600.0,355916679311.1,7767.6654,Test,-0.02808071168065418,-280.8071168065418,0.4758673113147217,0.8135114753699175,-0.3376441640551958,0,0,0,0,-280.8071168065418,0.4334050728612749,0.5627242845991335,0.469536401051056,0.42280486639311626,
2026-03-27,2026-03-30,7539.1959,7785.3777,7539.1959,7737.6144,18820506600.0,344204684320.8,7642.1302,Test,0.015380619039226717,153.80619039226718,0.6710639112379219,0.8135114753699175,-0.14244756413199566,0,0,0,0,153.80619039226718,0.6443820495292087,0.7123397346518667,0.6529039914402186,0.6805000661163755,
2026-03-30,2026-03-31,7655.1534,7766.1107,7610.5492,7753.7234,19783856900.0,361442205072.7,7737.6144,Test,0.011159188527822383,111.59188527822383,0.41260345098537277,0.8135114753699175,-0.40090802438454476,0,0,0,0,111.59188527822383,0.36410994505083655,0.4865931971958437,0.4453708235528339,0.3411149579476788,
2026-03-31,2026-04-01,7740.5787,7788.8928,7617.3262,7617.3262,19908603500.0,376502133010.5,7753.7234,Test,0.0030692278860235955,30.692278860235955,0.3483108372647611,0.8135114753699175,-0.46520063810515644,0,0,0,0,30.692278860235955,0.3266864943634872,0.4036454033029684,0.36969158400374974,0.26802854859699615,
2026-04-01,2026-04-02,7764.3363,7778.9878,7689.5897,7750.0924,17596067000.0,354799494800.9,7617.3262,Test,-0.004880159557230979,-48.801595572309786,0.704367276975077,0.8135114753699175,-0.10914419839484057,0,0,0,0,-48.801595572309786,0.7277342410966459,0.7318036716352878,0.6464555532241879,0.686327407718846,
2026-04-02,2026-04-03,7726.4451,7740.0952,7562.2104,7605.2932,17208487300.0,325589868202.8,7750.0924,Test,-0.01162006574019403,-116.2006574019403,0.41905265753548837,0.8135114753699175,-0.39445881783442915,0,0,0,0,-116.2006574019403,0.3421161803999013,0.4154195840839668,0.4752882226537906,0.5115766479511079,
2026-04-03,2026-04-07,7636.6633,7640.8412,7518.3455,7534.938,15163735600.0,283332454878.6,7605.2932,Test,-0.009759000373893656,-97.59000373893656,0.5480780752277862,0.8135114753699175,-0.26543340014213135,0,0,0,0,-97.59000373893656,0.53616827868759,0.5574716170465108,0.539388370739254,0.5688960383646664,
2026-04-07,2026-04-08,7562.1371,7630.1357,7529.3992,7571.1106,14696135700.0,279371106677.1,7534.938,Test,0.023736332418516914,237.36332418516915,0.4330221903083169,0.8135114753699175,-0.3804892850616006,0,1,0,0,237.36332418516915,0.398162766734541,0.4341684911235895,0.4609840562679983,0.46664487328130205,
2026-04-08,2026-04-09,7741.6345,7945.1527,7741.6345,7945.1527,23193661200.0,460383859320.9,7571.1106,Test,0.015961823049124746,159.61823049124746,0.37563596657405895,0.8135114753699175,-0.43787550879585857,0,0,0,0,159.61823049124746,0.3273802274368892,0.33701524475499905,0.4228278937657129,0.4808767755353755,
2026-04-09,2026-04-10,7865.2051,7947.6782,7845.9575,7898.6329,19055565000.0,398032241410.3,7945.1527,Test,0.011901762104080449,119.01762104080449,0.28097263704213044,0.8135114753699175,-0.5325388383277871,0,0,0,0,119.01762104080449,0.31450291980346956,0.2864480397681357,0.2855939869550148,0.19378447527355952,
2026-04-10,2026-04-13,7958.8149,8070.6482,7953.4969,7969.3646,20340435100.0,433921803732.1,7898.6329,Test,-0.005138390641551527,-51.38390641551527,0.42416029639678915,0.8135114753699175,-0.3893511789731284,0,0,0,0,-51.38390641551527,0.3611995445663582,0.2990022822788552,0.5265206207814588,0.6362329727139182,
2026-04-13,2026-04-14,7917.9194,7990.9809,7917.9194,7967.697,19494869500.0,409703666198.3,7969.3646,Test,0.01530127977811957,153.0127977811957,0.5195645596678086,0.8135114753699175,-0.29394691570210896,0,0,0,0,153.0127977811957,0.4997095597418869,0.40290232511468116,0.5801646204902047,0.68259026134757,
2026-04-14,2026-04-15,8039.0737,8088.5687,8002.6484,8088.5687,21429567200.0,460131213095.0,7967.697,Test,0.013152709372474147,131.52709372474146,0.31734355869641256,0.8135114753699175,-0.49616791667350496,0,0,0,0,131.52709372474146,0.3216555411448055,0.2504431584443873,0.3632821609948402,0.3620907182742838,
2026-04-15,2026-04-16,8144.8093,8150.622,8020.868,8044.0773,20365606600.0,456985404068.8,8088.5687,Test,-0.009411601570585626,-94.11601570585626,0.2712732241350743,0.8135114753699175,-0.5422382512348431,0,0,0,0,-94.11601570585626,0.323123178197155,0.23838436708938865,0.2718613643591005,0.21783887877506666,
2026-04-16,2026-04-17,8068.1536,8189.1751,8056.781,8180.0815,18845568300.0,429996215501.7,8044.0773,Test,0.010813155565109867,108.13155565109867,0.5311765058115123,0.8135114753699175,-0.2823349695584052,0,0,0,0,108.13155565109867,0.48233914754409857,0.35788872946310146,0.6487229908559854,0.7765830838033352,
2026-04-17,2026-04-20,8155.3958,8230.1072,8149.938,8214.1939,19157884000.0,453410855651.4,8180.0815,Test,0.008361139259482453,83.61139259482454,0.28988870713324466,0.8135114753699175,-0.5236227682366729,0,0,0,0,83.61139259482454,0.34253358557861113,0.24527011935426318,0.2822179421980017,0.26664817083601755,
2026-04-20,2026-04-21,8223.5842,8310.9444,8214.2626,8290.0224,21376402000.0,507388177413.2,8214.1939,Test,0.00483911868987752,48.391186898775196,0.324356642002391,0.8135114753699175,-0.4891548333675265,0,0,0,0,48.391186898775196,0.33112430297511475,0.23487585918450288,0.38053195949495566,0.38932567081438085,
2026-04-21,2026-04-22,8263.3791,8281.3207,8189.7576,8270.3266,20183631700.0,441523125471.6,8290.0224,Test,-0.004420407143126193,-44.20407143126192,0.35388073741411086,0.8135114753699175,-0.45963073795580667,0,0,0,0,-44.20407143126192,0.3649132844968278,0.2484278761487744,0.4376205414577795,0.3998368515176316,
2026-04-22,2026-04-23,8226.8516,8377.3362,8226.8516,8376.1808,21333723600.0,501951553119.2,8270.3266,Test,0.019559499529564928,195.59499529564928,0.3132234010237341,0.8135114753699175,-0.5002880743461835,0,1,0,0,195.59499529564928,0.3290585587238412,0.23323177150618307,0.38039638068064274,0.3271961955384711,
2026-04-23,2026-04-24,8387.7647,8401.4992,8220.9526,8295.207,24948698900.0,565097207106.9,8376.1808,Test,-0.01704700896056377,-170.4700896056377,0.286851467251508,0.8135114753699175,-0.5266600081184095,0,0,0,0,-170.4700896056377,0.3386461168129416,0.23385322526122562,0.31832760644501235,0.22625506902538714,
2026-04-24,2026-04-27,8244.7784,8299.8778,8165.8037,8247.8759,22231189300.0,518618099348.0,8295.207,Test,-0.001012131508592029,-10.12131508592029,0.6328938184042148,0.8135114753699175,-0.18061765696570276,0,0,0,0,-10.12131508592029,0.6654798087836633,0.4941270548927634,0.6711627847788952,0.7538705962277402,
2026-04-27,2026-04-28,8236.4336,8326.1546,8219.943,8299.0486,22459580200.0,524219030970.4,8247.8759,Test,0.004637638309862524,46.37638309862524,0.4454549554796161,0.8135114753699175,-0.3680565198903014,0,0,0,0,46.37638309862524,0.4186941215513353,0.3266707883987794,0.5489141737744833,0.5679375948132342,
2026-04-28,2026-04-29,8274.6312,8275.328,8173.4448,8203.9614,22010913000.0,494514573512.5,8299.0486,Test,-0.014173006284557976,-141.73006284557977,0.3784015933386854,0.8135114753699175,-0.43510988203123213,0,0,0,0,-141.73006284557977,0.3731862346119177,0.28792600705303245,0.463408624382156,0.4309318389481868,
2026-04-29,2026-04-30,8157.3548,8356.7152,8157.3548,8342.4217,23087201700.0,489715085654.2,8203.9614,Test,0.021340815039698757,213.40815039698757,0.49961009998186007,0.8135114753699175,-0.31390137538805746,0,1,0,0,213.40815039698757,0.5047171398075377,0.3843256415093947,0.5667826839163319,0.5981431397692103,
2026-04-30,2026-05-06,8331.4394,8375.1934,8300.5019,8349.5081,24755465200.0,535036483480.5,8342.4217,Test,0.01319129801268204,131.9129801268204,0.3167291562053863,0.8135114753699175,-0.49678231916453125,0,0,0,0,131.9129801268204,0.35383931193562884,0.2879186585833582,0.3473754749371519,0.24614975786099189,
2026-05-06,2026-05-07,8441.3419,8621.3457,8441.3419,8588.4399,27464745200.0,635607537782.5,8349.5081,Test,0.023278230206503103,232.78230206503105,0.31952968601481085,0.8135114753699175,-0.49398178935510667,0,1,0,0,232.78230206503105,0.32187819037081117,0.26446855254290635,0.380506156423639,0.3270534510220043,
2026-05-07,2026-05-08,8637.8414,8700.3353,8598.7116,8696.7989,27099417900.0,620440650748.1,8588.4399,Test,0.00011541077843824077,1.1541077843824077,0.3945898453092984,0.8135114753699175,-0.4189216300606191,0,0,0,0,1.1541077843824077,0.45690972466654883,0.35230827251853253,0.3885609250375318,0.34444261943266047,
2026-05-08,2026-05-11,8638.8383,8706.333,8616.2233,8694.1709,27114353500.0,609002654328.0,8696.7989,Test,0.015318934722970967,153.18934722970968,0.2874619132481635,0.8135114753699175,-0.526049562121754,0,0,0,0,153.18934722970968,0.32844766260901054,0.26925480644221284,0.2890788554375627,0.2300063372563534,
2026-05-11,2026-05-12,8771.1761,8863.769,8716.4515,8839.7415,28833019600.0,709124529147.4,8694.1709,Test,0.009691243116188186,96.91243116188187,0.30960940148886595,0.8135114753699175,-0.5039020738810516,0,0,0,0,96.91243116188187,0.3279993987571637,0.26304679976144013,0.33642482139029023,0.31514400795227004,
2026-05-12,2026-05-13,8856.1797,8856.1797,8736.4171,8785.9791,26987096800.0,633557984263.0,8839.7415,Test,-0.014144552644974051,-141.4455264497405,0.373981148887083,0.8135114753699175,-0.4395303264828345,0,0,0,0,-141.4455264497405,0.4297828114544198,0.322788379913943,0.3761784120279152,0.34196872481584295,
2026-05-13,2026-05-14,8730.913,8925.877,8730.913,8918.239,25409688800.0,637052785957.5,8785.9791,Test,0.025431154794464117,254.31154794464118,0.5212003456159262,0.8135114753699175,-0.2923111297539913,0,1,0,0,254.31154794464118,0.5066941343307332,0.37474977858369996,0.5949116192813647,0.7069615356133794,
2026-05-14,2026-05-15,8952.9502,8956.6619,8670.1574,8670.1574,28950256600.0,658225134861.2,8918.239,Test,-0.030864597012948858,-308.6459701294886,0.3063277212330044,0.8135114753699175,-0.5071837541369131,0,0,0,0,-308.6459701294886,0.3554174991826859,0.28780906859302513,0.3088387572061783,0.23096691074678094,
2026-05-15,2026-05-18,8676.621,8717.0924,8473.0421,8536.3444,27096176200.0,643023956618.1,8670.1574,Test,-0.02116092197642372,-211.6092197642372,0.9145790728942056,0.8135114753699175,0.10106759752428807,1,0,0,0,-211.6092197642372,0.9672249318440911,0.9249009055241113,0.8186589170539227,0.9165336298037532,预测大涨
2026-05-18,2026-05-19,8493.0157,8606.4096,8472.4244,8554.2372,23109341700.0,559260917340.2,8536.3444,Test,0.003666377303411794,36.66377303411794,0.8177908693214484,0.8135114753699175,0.004279393951530874,1,0,0,1,36.66377303411794,0.8189962209980518,0.8210428321208652,0.7998312994965548,0.8342329706189152,预测大涨
2026-05-19,2026-05-20,8524.1543,8633.0613,8416.515,8627.9461,24386882000.0,571306974464.0,8554.2372,Test,0.006714976991911037,67.14976991911037,0.4934288793123901,0.8135114753699175,-0.3200825960575274,0,0,0,0,67.14976991911037,0.3725810728777075,0.5125052554918597,0.592385995226596,0.5807807752899857,
2026-05-20,2026-05-21,8581.3938,8681.7226,8552.4273,8656.3062,23041869700.0,574479528727.3,8627.9461,Test,0.014191214485460346,141.91214485460347,0.3692993896397502,0.8135114753699175,-0.44421208573016735,0,0,0,0,141.91214485460347,0.3593239974580206,0.46151279114638966,0.3638962681886592,0.2365529373845565,
2026-05-21,2026-05-22,8703.1742,8790.3751,8406.2885,8419.8373,27948915800.0,687607693449.2,8656.3062,Test,-0.026377169378041354,-263.77169378041356,0.4216678247356329,0.8135114753699175,-0.3918436506342846,0,0,0,0,-263.77169378041356,0.37025112268415433,0.4396483431177086,0.4914545807669256,0.4035056198833647,
2026-05-22,2026-05-25,8473.6091,8591.1549,8414.9398,8576.9402,22161039100.0,556432683501.9,8419.8373,Test,0.018598769206854326,185.98769206854325,0.9132358108935108,0.8135114753699175,0.09972433552359328,1,1,1,1,185.98769206854325,0.9441316839010326,0.9151174171691785,0.8731429872814617,0.8994169022366759,预测大涨
2026-05-25,2026-05-26,8631.2078,8705.1965,8543.8916,8703.8901,23505289000.0,629332990093.7,8576.9402,Test,0.0039655747831721655,39.655747831721655,0.4262666688093531,0.8135114753699175,-0.3872448065605644,0,0,0,0,39.655747831721655,0.3857937929001383,0.5322572609372305,0.44679376436416024,0.2985632375047894,
2026-05-26,2026-05-27,8665.4355,8673.2096,8529.666,8658.6192,24710784400.0,647239450010.5,8703.8901,Test,-0.0007174134525609333,-7.1741345256093325,0.3823613485402589,0.8135114753699175,-0.43115012682965864,0,0,0,0,-7.1741345256093325,0.3632600049058719,0.4778883648984116,0.38579280610342953,0.25106117098720415,
2026-05-27,2026-05-28,8659.2188,8722.5814,8491.3163,8530.9802,25911673400.0,676927953502.8,8658.6192,Test,-0.017963213956436963,-179.63213956436962,0.404400963748779,0.8135114753699175,-0.40911051162113854,0,0,0,0,-179.63213956436962,0.37861271713026823,0.45372674479527325,0.4376793873622775,0.32712303851318897,
2026-05-28,2026-05-29,8503.6714,8596.4487,8424.449,8563.2218,24224000600.0,596276737161.3,8530.9802,Test,0.010130518448772552,101.30518448772551,0.8277012527185724,0.8135114753699175,0.014189777348654897,1,0,0,1,101.30518448772551,0.8160781916575701,0.8120856647261695,0.8407063048722109,0.8618455897486538,预测大涨
2026-05-29,2026-06-01,8589.818,8597.9839,8296.2406,8359.5596,28119061600.0,661406695203.3,8563.2218,Test,-0.026930884915140174,-269.3088491514017,0.4460284949128764,0.8135114753699175,-0.36748298045704114,0,0,0,0,-269.3088491514017,0.38304209993252664,0.4880702128576755,0.5220599731005915,0.4017582953346126,
2026-06-01,2026-06-02,8358.4866,8442.5323,8259.6,8274.212,25817502700.0,584223622413.5,8359.5596,Test,-0.008094013095624408,-80.94013095624408,0.8522027297434462,0.8135114753699175,0.038691254373528716,1,0,0,0,-80.94013095624408,0.8683247084296472,0.8566689283990716,0.8349188041552839,0.8338930750716473,预测大涨
2026-06-02,2026-06-03,8290.8329,8378.4341,8142.5071,8321.4347,23958969600.0,548050911652.5,8274.212,Test,0.0031564500594387646,31.564500594387646,0.7832868155801274,0.8135114753699175,-0.030224659789790165,0,0,0,0,31.564500594387646,0.7138542958936703,0.7840021556658765,0.8516398363394204,0.8355936712197591,
2026-06-03,2026-06-04,8317.0025,8462.67,8294.2881,8362.156,25357653100.0,608167868400.1,8321.4347,Test,-0.004465466975632215,-44.65466975632215,0.4834717286397148,0.8135114753699175,-0.3300397467302027,0,0,0,0,-44.65466975632215,0.4041823111059508,0.5563689228884866,0.5640704072794236,0.4135684678340128,
2026-06-04,2026-06-05,8279.8632,8391.0521,8279.8632,8356.7444,23082197600.0,570131396502.5,8362.156,Test,0.004562672001634072,45.62672001634071,0.6149527537160504,0.8135114753699175,-0.19855872165386712,0,0,0,0,45.62672001634071,0.49176543781771664,0.5942330779697809,0.7640739943171536,0.7079435267294636,
2026-06-05,2026-06-08,8317.6415,8399.4084,8218.1415,8251.1407,24708934700.0,612246476401.0,8356.7444,Test,-0.04075454562450176,-407.5454562450176,0.46003354105398053,0.8135114753699175,-0.353477934315937,0,0,0,0,-407.5454562450176,0.3559214106962658,0.4560934470221287,0.6098057669436338,0.48223017202159163,
2026-06-08,2026-06-09,7978.6598,8142.3354,7889.3991,7963.4529,24479319800.0,562548949697.2,8251.1407,Test,0.010111873675826999,101.11873675826999,0.7854748747624728,0.8135114753699175,-0.028036600607444728,0,0,0,0,101.11873675826999,0.7512783546111762,0.7489212851296483,0.8539631561520546,0.8279398750307453,
2026-06-09,2026-06-10,8059.339,8181.1277,7965.4851,8176.1785,20929297800.0,506484788545.9,7963.4529,Test,0.00431768659936016,43.176865993601595,0.7781921102856589,0.8135114753699175,-0.03531936508425859,0,0,0,0,43.176865993601595,0.763226542703782,0.7783028991932284,0.8184567972076244,0.7544361162911982,
2026-06-10,2026-06-11,8094.1367,8148.255,7973.547,8063.8637,21091009800.0,509158413551.9,8176.1785,Test,-0.008466461901983968,-84.66461901983968,0.38736238445200616,0.8135114753699175,-0.42614909091791137,0,0,0,0,-84.66461901983968,0.35246720639930074,0.470873768147712,0.44231497444563533,0.23980990510527975,
2026-06-11,2026-06-12,8025.608,8091.6829,7965.0233,8035.7788,19685777600.0,512698921092.9,8063.8637,Test,0.02038503500295552,203.85035002955522,0.5831176485085455,0.8135114753699175,-0.230393826861372,0,1,0,0,203.85035002955522,0.5046379119933839,0.5479786936839472,0.7302934230425974,0.6090135695619889,
2026-06-12,2026-06-15,8189.2103,8258.9084,8098.7805,8106.203,26624408000.0,668679920723.6,8035.7788,Test,-0.0017288602296609001,-17.288602296609,0.49940264630791614,0.8135114753699175,-0.3141088290620014,0,0,0,0,-17.288602296609,0.3796462653208728,0.4224310215560546,0.7129150758248222,0.5950057086353949,
2026-06-15,2026-06-16,8175.0523,8406.7793,8174.5906,8406.7479,25556263800.0,624419626262.0,8106.203,Test,0.03129807499824788,312.9807499824788,0.7644401976565952,0.8135114753699175,-0.049071277713322314,0,1,0,0,312.9807499824788,0.7646425511625417,0.6982698032782959,0.8452085974676473,0.7687518368782854,
2026-06-16,2026-06-17,8430.9157,8538.1941,8413.5082,8507.9799,23149509400.0,637593605919.7,8406.7479,Test,0.0024572419814374857,24.572419814374857,0.353247293902423,0.8135114753699175,-0.46026418146749454,0,0,0,0,24.572419814374857,0.34528365118201176,0.3856999723348031,0.4277189778250777,0.2109792820329813,
2026-06-17,2026-06-18,8451.6325,8630.5156,8451.6325,8627.0862,22464601500.0,655611276492.6,8507.9799,Test,0.016430695489894953,164.30695489894953,0.43579317212351637,0.8135114753699175,-0.37771830324640115,0,1,0,0,164.30695489894953,0.4035020037915028,0.38650401757619113,0.5725702923609454,0.4025993849603992,
2026-06-18,2026-06-22,8590.4987,8716.3417,8587.9818,8673.0899,23946757900.0,667474010744.9,8627.0862,Test,0.013871755780604511,138.7175578060451,0.34491428127464346,0.8135114753699175,-0.46859719409527406,0,0,0,0,138.7175578060451,0.3603917257473444,0.32228282744434145,0.42776384443429805,0.2377116066286576,
2026-06-22,2026-06-23,8709.664,8870.485,8605.223,8868.782,28002311900.0,759846035627.1,8673.0899,Test,0.013999116383823562,139.99116383823562,0.44810256484645783,0.8135114753699175,-0.3654089105234597,0,0,0,0,139.99116383823562,0.4044415285323544,0.3252731271067146,0.6430852668816001,0.48773256776015744,
2026-06-23,2026-06-24,8831.5916,8895.3398,8629.0106,8688.5923,27240314900.0,713885739558.1,8868.782,Test,-0.021846062265832078,-218.46062265832077,0.3327659829638569,0.8135114753699175,-0.4807454924060606,0,0,0,0,-218.46062265832077,0.36135760420477725,0.2783949373000481,0.43867155098289085,0.22153796171239482,
2026-06-24,2026-06-25,8638.6561,8850.7909,8613.0845,8842.9378,24531147300.0,684019604157.1,8688.5923,Test,0.023868631603473522,238.68631603473523,0.8334781360773444,0.8135114753699175,0.01996666070742692,1,1,1,1,238.68631603473523,0.8715280887333695,0.7943082587438545,0.8471668674495848,0.8023472663800687,预测大涨
2026-06-25,2026-06-26,8844.849,8940.9587,8803.5962,8938.0113,26010208600.0,744120017737.6,8842.9378,Test,0.005221366696028351,52.21366696028351,0.3553733385459706,0.8135114753699175,-0.45813813682394694,0,0,0,0,52.21366696028351,0.3621355304042795,0.3447473374622072,0.43803795415642666,0.24593533627927264,
2026-06-26,2026-06-29,8891.0312,8926.7514,8647.7678,8703.5652,25855829600.0,745538234894.3,8938.0113,Test,-0.01793435389136855,-179.34353891368548,0.34204040051324314,0.8135114753699175,-0.4714710748566744,0,0,0,0,-179.34353891368548,0.35363351422315575,0.30939186252605794,0.431210369383171,0.25193126816110206,
2026-06-29,2026-06-30,8731.5763,8837.0312,8587.8817,8821.0944,25146106600.0,741568075882.6,8703.5652,Test,0.00956647426879842,95.66474268798419,0.8492552573062833,0.8135114753699175,0.03574378193636574,1,0,0,1,95.66474268798419,0.8755169379798876,0.8339013142374528,0.8563885520418484,0.8105103059839248,预测大涨
2026-06-30,2026-07-01,8815.1067,9040.1322,8771.6552,9031.3788,22433080900.0,695096018633.9,8821.0944,Test,0.026878426780699183,268.7842678069918,0.38345440900992356,0.8135114753699175,-0.43005706635999397,0,1,0,0,268.7842678069918,0.3680683931282753,0.394081576464206,0.4751635603745971,0.271452066587006,
2026-07-01,2026-07-02,9052.0429,9147.5592,8956.1848,9028.9326,26310457800.0,757642507575.4,9031.3788,Test,-0.02457148098580042,-245.7148098580042,0.3630089670772656,0.8135114753699175,-0.4505025082926519,0,0,0,0,-245.7148098580042,0.35591779304473,0.3488275473158555,0.46651404145749803,0.2605757192060519,
2026-07-02,2026-07-03,8829.6208,8932.6466,8667.4191,8694.1756,26128140700.0,732955232218.3,9028.9326,Test,-0.0144167346348556,-144.16734634855598,0.4989893517989081,0.8135114753699175,-0.31452212357100945,0,0,0,0,-144.16734634855598,0.3524711550616325,0.31731310902573423,0.8021093493171728,0.7114839481310591,
2026-07-03,2026-07-06,8702.3265,8860.4157,8636.1503,8745.2607,23014842400.0,661131228372.8,8694.1756,Test,0.01018588534916498,101.8588534916498,0.8748705772920813,0.8135114753699175,0.06135910192216376,1,0,0,1,101.8588534916498,0.8932135542078119,0.8647129951412685,0.8794291852712564,0.8473994341387103,预测大涨
2026-07-06,2026-07-07,8790.9674,8823.0502,8570.8924,8651.1339,23015291000.0,647313365609.8,8745.2607,Test,-0.021259525999379747,-212.59525999379747,0.5572178412241784,0.8135114753699175,-0.25629363414573914,0,0,0,0,-212.59525999379747,0.446471723976062,0.5089264306854976,0.7419678041734342,0.62303210976389,
2026-07-07,2026-07-08,8604.0756,8663.6652,8457.5756,8508.7885,19963919000.0,530938136092.4,8651.1339,Test,-0.007561544438312584,-75.61544438312583,0.6849059097636251,0.8135114753699175,-0.12860556560629244,0,0,0,0,-75.61544438312583,0.6065857926793,0.6563204869330176,0.80849423775323,0.7314266975356716,
2026-07-08,2026-07-09,8539.0155,8571.5247,8343.9232,8390.0194,19722016500.0,550698180810.9,8508.7885,Test,-0.011929735927988294,-119.29735927988294,0.6181463495741238,0.8135114753699175,-0.19536512579579368,0,0,0,0,-119.29735927988294,0.5473278772527435,0.6139128794034822,0.7279568944090079,0.6250546769077147,
2026-07-09,2026-07-10,8437.1473,8659.6504,8281.9533,8652.787,21508048800.0,602726823296.4,8390.0194,Test,0.0278785935146586,278.785935146586,0.6284429860784283,0.8135114753699175,-0.18506848929148922,0,1,0,0,278.785935146586,0.5567104530278872,0.6405816403305932,0.7279185958245838,0.6228530104685756,
2026-07-10,2026-07-13,8672.3631,8783.249,8503.2448,8503.9705,25141438800.0,713405548512.5,8652.787,Test,-0.03035155435316117,-303.5155435316117,0.3352017875950624,0.8135114753699175,-0.4783096877748551,0,0,0,0,-303.5155435316117,0.31359151194432144,0.3799841968921797,0.38960583045068087,0.22794884815645616,
2026-07-13,2026-07-14,8409.1434,8457.6923,8106.2688,8138.1443,22403763100.0,572975762103.9,8503.9705,Test,-0.03259521058946391,-325.9521058946391,0.8617202298055203,0.8135114753699175,0.048208754435602796,1,0,0,0,-325.9521058946391,0.874797471877162,0.885883129167626,0.8393206083522681,0.8224454960178188,预测大涨
2026-07-14,2026-07-15,8135.0456,8275.9601,7955.3082,8275.9388,21584109000.0,562942515965.9,8138.1443,Test,0.019556940160237124,195.56940160237124,0.7662742713990431,0.8135114753699175,-0.047237203970874386,0,1,0,0,195.56940160237124,0.7759829303501763,0.8266339644324228,0.7375841564913421,0.6794628163175597,
2026-07-15,2026-07-16,8294.1422,8305.2723,8117.4588,8147.5786,20911552400.0,512588772725.3,8275.9388,Test,-0.034686323559776966,-346.86323559776963,0.34061947364582723,0.8135114753699175,-0.4728920017240903,0,0,0,0,-346.86323559776963,0.2991620259419691,0.4661319168265913,0.33360385546582283,0.21871624944769458,
2026-07-16,2026-07-17,8006.4489,8148.0419,7907.0974,7955.6635,19311060300.0,474607241054.8,8147.5786,Test,-0.013283279682207216,-132.83279682207217,0.5875260266227786,0.8135114753699175,-0.22598544874713888,0,0,0,0,-132.83279682207217,0.5113791029455199,0.6172820426341339,0.6559924565780095,0.603123870228639,
2026-07-17,2026-07-20,7900.097,7908.7387,7474.1508,7513.7627,23674574300.0,511959798326.9,7955.6635,Test,-0.03826884657239016,-382.6884657239016,0.547587005459882,0.8135114753699175,-0.2659244699100355,0,0,0,0,-382.6884657239016,0.5061770959048183,0.6024213102798843,0.5702100544067474,0.508516337527448,
2026-07-20,2026-07-21,7597.7694,7626.489,7253.5179,7411.3134,25376330200.0,537630257769.9,7513.7627,Test,-0.021100535112318575,-211.00535112318573,0.7370886754272488,0.8135114753699175,-0.07642279994266876,0,0,0,0,-211.00535112318573,0.7620857546242754,0.8018792329560034,0.6725391640681231,0.6593419845770446,
2026-07-21,2026-07-22,7437.4524,7802.7549,7270.9541,7800.6085,26838145300.0,606955225201.1,7411.3134,Test,0.04093524013679728,409.3524013679728,0.5976527167208948,0.8135114753699175,-0.2158587586490227,0,1,0,0,409.3524013679728,0.5178850622292611,0.6504993328009826,0.6317477777441375,0.6277966954685039,
2026-07-22,2026-07-23,7741.9063,7889.4455,7701.2212,7751.6618,23074728500.0,569079906333.4,7800.6085,Test,0.001155503522433543,11.55503522433543,0.3023080831987265,0.8135114753699175,-0.511203392171191,0,0,0,0,11.55503522433543,0.27775364119477847,0.3978107744354187,0.29182093387312136,0.20177639311561144,
2026-07-23,2026-07-24,7750.8521,7795.3499,7658.9994,7734.31,20497442000.0,453036704959.9,7751.6618,Test,-0.016211120839217052,-162.1112083921705,0.5283479267190745,0.8135114753699175,-0.28516354865084304,0,0,0,0,-162.1112083921705,0.4005200972947197,0.46812399887472833,0.675471491634059,0.7030790362153304,
2026-07-24,2026-07-27,7625.2021,7703.5986,7532.6682,7532.7006,18662483500.0,402009190340.4,7734.31,Test,-0.014792853818261564,-147.92853818261565,0.3931444907658966,0.8135114753699175,-0.42036698460402094,0,0,0,0,-147.92853818261565,0.29063688724230247,0.32620579874235617,0.5281932402356041,0.5424238287738816,
2026-07-27,2026-07-28,7512.4036,7721.4028,7466.5446,7720.5975,17419255300.0,405637050375.7,7532.7006,Test,0.010297103845698707,102.97103845698707,0.42558880497852175,0.8135114753699175,-0.3879226703913958,0,0,0,0,102.97103845698707,0.4315280785374214,0.4152381381042341,0.4600175217609144,0.38374203012007335,
2026-07-28,2026-07-29,7589.7596,7646.0156,7412.6308,7443.4332,16183245800.0,389809155088.6,7720.5975,Test,-0.019099102954459934,-190.99102954459934,0.2679540570437126,0.8135114753699175,-0.5455574183262049,0,0,0,0,-190.99102954459934,0.2845120233378913,0.2666293549943922,0.28751604176944195,0.2081888782570156,
2026-07-29,2026-07-30,7444.802,7572.8138,7325.3558,7524.5075,20660412100.0,451332728691.5,7443.4332,Test,0.004367060399994571,43.67060399994571,0.35998280252680065,0.8135114753699175,-0.4535286728431169,0,0,0,0,43.67060399994571,0.3897222498929657,0.32252294074639604,0.3850270292317224,0.3279054232701407,
2026-07-30,2026-07-31,7477.3139,7536.4854,7221.9471,7309.5753,20873575700.0,459995793562.8,7524.5075,Test,0.008095674571051426,80.95674571051426,0.32114066736956254,0.8135114753699175,-0.492370808000355,0,0,0,0,80.95674571051426,0.31957466632306425,0.2554002736137594,0.38832450102589017,0.3471363373885764,
2026-07-31,2026-08-03,7537.8478,7638.7805,7487.4314,7493.985,21663596000.0,513956392642.6,7309.5753,Test,-0.010709980108645878,-107.09980108645878,0.5120890517612332,0.8135114753699175,-0.3014224236086843,0,0,0,0,-107.09980108645878,0.5479202700199132,0.43240083682858593,0.5355496902746414,0.5431437111377346,
2026-08-03,2026-08-04,7457.1176,7499.5786,7397.9416,7414.5227,19831234600.0,409591536926.2,7493.985,Test,0.0013358646777945626,13.358646777945626,0.5595308963641651,0.8135114753699175,-0.25398057900575244,0,0,0,0,13.358646777945626,0.5644747234597527,0.4725682466539537,0.6100828622527472,0.6317009476821108,
2026-08-04,2026-08-05,7467.0793,7645.4754,7450.3175,7607.4867,20353489600.0,443792059028.4,7414.5227,Test,0.01350953913131736,135.0953913131736,0.35516019809118254,0.8135114753699175,-0.458351277278735,0,0,0,0,135.0953913131736,0.3184593470554426,0.26191404433687043,0.4598317805851643,0.45240684968295114,
2026-08-05,2026-08-06,7567.9561,7845.3919,7567.9561,7809.2065,22203181700.0,526922799394.2,7607.4867,Test,0.02241499524554591,224.1499524554591,0.3089897664458842,0.8135114753699175,-0.5045217089240333,0,1,0,0,224.1499524554591,0.3194180663564992,0.24537184305479723,0.34295592191251145,0.3514575313036168,
2026-08-06,2026-08-07,7737.5918,7868.8549,7722.5705,7829.3615,21546810800.0,494375379388.5,7809.2065,Test,0.011786457900247571,117.86457900247571,0.29826450943453636,0.8135114753699175,-0.5152469659353811,0,0,0,0,117.86457900247571,0.3316828579469467,0.24357822297108123,0.32030016828023194,0.29265248924387927,
2026-08-07,2026-08-10,7828.7906,7983.1726,7763.5287,7980.1245,20657563200.0,525281484431.5,7829.3615,Test,0.022369968613031865,223.69968613031864,0.3324608675549299,0.8135114753699175,-0.48105060781498765,0,1,0,0,223.69968613031864,0.30523476857064674,0.21733198577849,0.4343375766861368,0.4517113959498919,
2026-08-10,2026-08-11,8003.9204,8031.1557,7910.8357,8030.9483,20057990700.0,490434040531.3,7980.1245,Test,-0.003079041115901182,-30.79041115901182,0.25994289796853404,0.8135114753699175,-0.5535685774013834,0,0,0,0,-30.79041115901182,0.3047809281429117,0.2120096279088764,0.2734795147101661,0.22993245843263813,
2026-08-11,2026-08-12,7979.276,8078.361,7947.6668,7967.5386,19508369300.0,452799545701.6,8030.9483,Test,-0.00015475088216021504,-1.5475088216021504,0.2686102011399763,0.8135114753699175,-0.5449012742299413,0,0,0,0,-1.5475088216021504,0.3057821499577148,0.21228646602945422,0.28852744990287127,0.26080012929671503,
2026-08-12,2026-08-13,7978.0412,8067.5276,7961.8285,8045.3099,18074269700.0,408869420388.4,7967.5386,Test,0.014892189325871108,148.92189325871107,0.3934279083966025,0.8135114753699175,-0.420083566973315,0,0,0,0,148.92189325871107,0.3631534451341964,0.24463213133600187,0.5471496002697841,0.5067864263596417,
2026-08-13,2026-08-14,8096.8517,8142.3265,7966.8665,7968.3809,22320329800.0,497028095331.1,8045.3099,Test,-0.01324030672316756,-132.4030672316756,0.3392060550921372,0.8135114753699175,-0.47430542027778033,0,0,0,0,-132.4030672316756,0.3249118995723883,0.2231401044024686,0.4226099089166536,0.45801625026981363,
2026-08-14,2026-08-17,7989.6469,8005.1484,7897.2428,7990.3277,18332791500.0,408994310842.4,7968.3809,Test,0.0022808767681585795,22.808767681585795,0.5315634912394874,0.8135114753699175,-0.2819479841304301,0,0,0,0,22.808767681585795,0.5211452765378305,0.3606228846714575,0.6617057503122996,0.6739026527494442,
2026-08-17,,8007.8703,8184.6407,7992.3579,8184.6407,17573061900.0,448608373143.8,7990.3277,Test,,,0.3183980061389817,0.8135114753699175,-0.4951134692309358,0,0,0,0,,0.3206549990494908,0.23867095517513093,0.36889484035296227,0.38369108834666543,
