formation_date,execution_date,minus_score,minus_threshold,plus_score,plus_threshold
2018-01-02,2018-01-03,0.0,0.815842643776842,,0.4920211306764882
2018-01-03,2018-01-04,0.0,0.815842643776842,,0.4920211306764882
2018-01-04,2018-01-05,0.0,0.815842643776842,,0.4920211306764882
2018-01-05,2018-01-08,0.17457558467929926,0.815842643776842,,0.4920211306764882
2018-01-08,2018-01-09,0.33031230766219233,0.815842643776842,,0.4920211306764882
2018-01-09,2018-01-10,0.4472719591633705,0.815842643776842,,0.4920211306764882
2018-01-10,2018-01-11,0.5442642251506802,0.815842643776842,,0.4920211306764882
2018-01-11,2018-01-12,0.6512900201275676,0.815842643776842,,0.4920211306764882
2018-01-12,2018-01-15,0.7942673993567007,0.815842643776842,,0.4920211306764882
2018-01-15,2018-01-16,0.9964520996500669,0.815842643776842,,0.4920211306764882
2018-01-16,2018-01-17,0.1930660960769319,0.815842643776842,,0.4920211306764882
2018-01-17,2018-01-18,0.3861321921538638,0.815842643776842,,0.4920211306764882
2018-01-18,2018-01-19,0.509660011767139,0.815842643776842,,0.4920211306764882
2018-01-19,2018-01-22,0.6266196632683172,0.815842643776842,,0.4920211306764882
2018-01-22,2018-01-23,0.7949549780875319,0.815842643776842,,0.4920211306764882
2018-01-23,2018-01-24,0.15890128258585617,0.815842643776842,,0.4920211306764882
2018-01-24,2018-01-25,0.35196737866278804,0.815842643776842,,0.4920211306764882
2018-01-25,2018-01-26,0.47876317504067945,0.815842643776842,,0.4920211306764882
2018-01-26,2018-01-29,0.5957228265418576,0.815842643776842,,0.4920211306764882
2018-01-29,2018-01-30,0.7702984112211568,0.815842643776842,,0.4920211306764882
2018-01-30,2018-01-31,0.9291996938070131,0.815842643776842,,0.4920211306764882
2018-01-31,2018-02-01,1.1404206001643167,0.815842643776842,,0.4920211306764882
2018-02-01,2018-02-02,1.3605967902507243,0.815842643776842,,0.4920211306764882
2018-02-02,2018-02-05,1.580772980337132,0.815842643776842,,0.4920211306764882
2018-02-05,2018-02-06,1.7919938866944356,0.815842643776842,,0.4920211306764882
2018-02-06,2018-02-07,2.0121700767808433,0.815842643776842,,0.4920211306764882
2018-02-07,2018-02-08,2.232346266867251,0.815842643776842,,0.4920211306764882
2018-02-08,2018-02-09,2.4495462642806127,0.815842643776842,,0.4920211306764882
2018-02-09,2018-02-12,2.6577641653781465,0.815842643776842,,0.4920211306764882
2018-02-12,2018-02-13,2.751389424817552,0.815842643776842,,0.4920211306764882
2018-02-13,2018-02-14,2.861737481986417,0.815842643776842,,0.4920211306764882
2018-02-14,2018-02-22,3.078937479399779,0.815842643776842,,0.4920211306764882
2018-02-22,2018-02-23,3.2901583857570826,0.815842643776842,,0.4920211306764882
2018-02-23,2018-02-26,3.4983762868546164,0.815842643776842,,0.4920211306764882
2018-02-26,2018-02-27,3.7185524769410243,0.815842643776842,,0.4920211306764882
2018-02-27,2018-02-28,3.9207371772343906,0.815842643776842,,0.4920211306764882
2018-02-28,2018-03-01,4.116852056160681,0.815842643776842,,0.4920211306764882
2018-03-01,2018-03-02,4.272588779143574,0.815842643776842,,0.4920211306764882
2018-03-02,2018-03-05,4.425150896285695,0.815842643776842,,0.4920211306764882
2018-03-05,2018-03-06,4.568128275514828,0.815842643776842,,0.4920211306764882
2018-03-06,2018-03-07,4.723864998497721,0.815842643776842,,0.4920211306764882
2018-03-07,2018-03-08,0.12024912815157694,0.815842643776842,0.4761598968521052,0.4920211306764882
2018-03-08,2018-03-09,0.27915041073743313,0.815842643776842,0.4877903043030656,0.4920211306764882
2018-03-09,2018-03-12,0.4348871337203262,0.815842643776842,0.5067850424266588,0.4920211306764882
2018-03-12,2018-03-13,0.6491020542902346,0.815842643776842,0.49123708548938616,0.4920211306764882
2018-03-13,2018-03-14,0.8421681503671665,0.815842643776842,0.5014211848583574,0.4920211306764882
2018-03-14,2018-03-15,0.9458606089242957,0.815842643776842,0.4833157131492046,0.4920211306764882
2018-03-15,2018-03-16,1.1328011115745449,0.815842643776842,0.4423881472296463,0.4920211306764882
2018-03-16,2018-03-19,0.1869405026502491,0.815842643776842,,0.4920211306764882
2018-03-19,2018-03-20,0.32024038699731683,0.815842643776842,,0.4920211306764882
2018-03-20,2018-03-21,0.4138656464367222,0.815842643776842,,0.4920211306764882
2018-03-21,2018-03-22,0.5175581049938514,0.815842643776842,,0.4920211306764882
2018-03-22,2018-03-23,0.6701202221359718,0.815842643776842,,0.4920211306764882
2018-03-23,2018-03-26,0.8902964122223794,0.815842643776842,,0.4920211306764882
2018-03-26,2018-03-27,1.1074964096357411,0.815842643776842,,0.4920211306764882
2018-03-27,2018-03-28,1.2632331326186343,0.815842643776842,,0.4920211306764882
2018-03-28,2018-03-29,1.4774480531885428,0.815842643776842,,0.4920211306764882
2018-03-29,2018-03-30,1.67660244813273,0.815842643776842,,0.4920211306764882
2018-03-30,2018-04-02,1.8511780328120293,0.815842643776842,,0.4920211306764882
2018-04-02,2018-04-03,2.056383883439572,0.815842643776842,,0.4920211306764882
2018-04-03,2018-04-04,2.1700432019120934,0.815842643776842,,0.4920211306764882
2018-04-04,2018-04-09,2.350820356854674,0.815842643776842,,0.4920211306764882
2018-04-09,2018-04-10,2.5285015340921264,0.815842643776842,,0.4920211306764882
2018-04-10,2018-04-11,2.6221267935315318,0.815842643776842,,0.4920211306764882
2018-04-11,2018-04-12,2.7841826528659035,0.815842643776842,,0.4920211306764882
2018-04-12,2018-04-13,2.9011423043670814,0.815842643776842,,0.4920211306764882
2018-04-13,2018-04-16,3.034442188714149,0.815842643776842,,0.4920211306764882
2018-04-16,2018-04-17,3.1996427047279923,0.815842643776842,,0.4920211306764882
2018-04-17,2018-04-18,3.407860605825526,0.815842643776842,,0.4920211306764882
2018-04-18,2018-04-19,3.5635973288084193,0.815842643776842,,0.4920211306764882
2018-04-19,2018-04-20,3.6572225882478246,0.815842643776842,,0.4920211306764882
2018-04-20,2018-04-23,3.75084784768723,0.815842643776842,,0.4920211306764882
2018-04-23,2018-04-24,3.9560536983147725,0.815842643776842,,0.4920211306764882
2018-04-24,2018-04-25,4.108615815456893,0.815842643776842,,0.4920211306764882
2018-04-25,2018-04-26,4.286296992694345,0.815842643776842,,0.4920211306764882
2018-04-26,2018-04-27,4.4032566441955225,0.815842643776842,,0.4920211306764882
2018-04-27,2018-05-02,4.584033799138103,0.815842643776842,,0.4920211306764882
2018-05-02,2018-05-03,4.770974301788352,0.815842643776842,,0.4920211306764882
2018-05-03,2018-05-04,4.929875584374209,0.815842643776842,,0.4920211306764882
2018-05-04,2018-05-07,5.082437701516329,0.815842643776842,,0.4920211306764882
2018-05-07,2018-05-08,5.290655602613863,0.815842643776842,,0.4920211306764882
2018-05-08,2018-05-09,5.48980999755805,0.815842643776842,,0.4920211306764882
2018-05-09,2018-05-10,5.682876093634982,0.815842643776842,,0.4920211306764882
2018-05-10,2018-05-11,5.793224150803847,0.815842643776842,,0.4920211306764882
2018-05-11,2018-05-14,5.945786267945968,0.815842643776842,,0.4920211306764882
2018-05-14,2018-05-15,6.101522990928861,0.815842643776842,,0.4920211306764882
2018-05-15,2018-05-16,6.208548785905748,0.815842643776842,,0.4920211306764882
2018-05-16,2018-05-17,6.30889675974003,0.815842643776842,,0.4920211306764882
2018-05-17,2018-05-18,6.402522019179435,0.815842643776842,,0.4920211306764882
2018-05-18,2018-05-21,6.516181337651957,0.815842643776842,,0.4920211306764882
2018-05-21,2018-05-22,6.678237196986328,0.815842643776842,,0.4920211306764882
2018-05-22,2018-05-23,6.87130329306326,0.815842643776842,,0.4920211306764882
2018-05-23,2018-05-24,6.978329088040147,0.815842643776842,,0.4920211306764882
2018-05-24,2018-05-25,7.152904672719447,0.815842643776842,,0.4920211306764882
2018-05-25,2018-05-28,7.3611225738169805,0.815842643776842,,0.4920211306764882
2018-05-28,2018-05-29,7.554188669893913,0.815842643776842,,0.4920211306764882
2018-05-29,2018-05-30,7.7624065709914465,0.815842643776842,,0.4920211306764882
2018-05-30,2018-05-31,7.979606568404808,0.815842643776842,,0.4920211306764882
2018-05-31,2018-06-01,8.181791268698174,0.815842643776842,,0.4920211306764882
2018-06-01,2018-06-04,8.390009169795707,0.815842643776842,,0.4920211306764882
2018-06-04,2018-06-05,8.473464850065485,0.815842643776842,,0.4920211306764882
2018-06-05,2018-06-06,8.590424501566662,0.815842643776842,,0.4920211306764882
2018-06-06,2018-06-07,8.768105678804115,0.815842643776842,,0.4920211306764882
2018-06-07,2018-06-08,8.923842401787008,0.815842643776842,,0.4920211306764882
2018-06-08,2018-06-11,9.116908497863939,0.815842643776842,,0.4920211306764882
2018-06-11,2018-06-12,9.322114348491482,0.815842643776842,,0.4920211306764882
2018-06-12,2018-06-13,9.474676465633602,0.815842643776842,,0.4920211306764882
2018-06-13,2018-06-14,9.633577748219457,0.815842643776842,,0.4920211306764882
2018-06-14,2018-06-15,9.786139865361577,0.815842643776842,,0.4920211306764882
2018-06-15,2018-06-19,10.003339862774938,0.815842643776842,,0.4920211306764882
2018-06-19,2018-06-20,10.223516052861346,0.815842643776842,,0.4920211306764882
2018-06-20,2018-06-21,10.443692242947753,0.815842643776842,,0.4920211306764882
2018-06-21,2018-06-22,10.66386843303416,0.815842643776842,,0.4920211306764882
2018-06-22,2018-06-25,10.774216490203026,0.815842643776842,,0.4920211306764882
2018-06-25,2018-06-26,10.951897667440479,0.815842643776842,,0.4920211306764882
2018-06-26,2018-06-27,11.129578844677932,0.815842643776842,,0.4920211306764882
2018-06-27,2018-06-28,11.285315567660824,0.815842643776842,,0.4920211306764882
2018-06-28,2018-06-29,11.462996744898277,0.815842643776842,,0.4920211306764882
2018-06-29,2018-07-02,11.62819726091212,0.815842643776842,,0.4920211306764882
2018-07-02,2018-07-03,11.761497145259188,0.815842643776842,,0.4920211306764882
2018-07-03,2018-07-04,11.969715046356722,0.815842643776842,,0.4920211306764882
2018-07-04,2018-07-05,12.15665554900697,0.815842643776842,,0.4920211306764882
2018-07-05,2018-07-06,12.367876455364273,0.815842643776842,,0.4920211306764882
2018-07-06,2018-07-09,12.585076452777635,0.815842643776842,,0.4920211306764882
2018-07-09,2018-07-10,12.685424426611917,0.815842643776842,,0.4920211306764882
2018-07-10,2018-07-11,12.89664533296922,0.815842643776842,,0.4920211306764882
2018-07-11,2018-07-12,13.04920745011134,0.815842643776842,,0.4920211306764882
2018-07-12,2018-07-13,13.223783034790639,0.815842643776842,,0.4920211306764882
2018-07-13,2018-07-16,13.401464212028092,0.815842643776842,,0.4920211306764882
2018-07-16,2018-07-17,13.612685118385395,0.815842643776842,,0.4920211306764882
2018-07-17,2018-07-18,13.729644769886573,0.815842643776842,,0.4920211306764882
2018-07-18,2018-07-19,13.885381492869465,0.815842643776842,,0.4920211306764882
2018-07-19,2018-07-20,14.069245070015235,0.815842643776842,,0.4920211306764882
2018-07-20,2018-07-23,14.1795931271841,0.815842643776842,,0.4920211306764882
2018-07-23,2018-07-24,14.338494409769956,0.815842643776842,,0.4920211306764882
2018-07-24,2018-07-25,14.555694407183317,0.815842643776842,,0.4920211306764882
2018-07-25,2018-07-26,14.763912308280851,0.815842643776842,,0.4920211306764882
2018-07-26,2018-07-27,0.16520051601384325,0.815842643776842,0.4537332250083183,0.4920211306764882
2018-07-27,2018-07-30,0.32410179859969945,0.815842643776842,0.45568284936223674,0.4920211306764882
2018-07-30,2018-07-31,0.5262864988930657,0.815842643776842,0.40189577877406146,0.4920211306764882
2018-07-31,2018-08-01,0.7101500760388355,0.815842643776842,0.3825672076050738,0.4920211306764882
2018-08-01,2018-08-02,0.9183679771363695,0.815842643776842,0.31927681354761267,0.4920211306764882
2018-08-02,2018-08-03,0.21719999741336163,0.815842643776842,,0.4920211306764882
2018-08-03,2018-08-06,0.4373761874997693,0.815842643776842,,0.4920211306764882
2018-08-06,2018-08-07,0.657552377586177,0.815842643776842,,0.4920211306764882
2018-08-07,2018-08-08,0.80052975681531,0.815842643776842,,0.4920211306764882
2018-08-08,2018-08-09,0.9562664797982031,0.815842643776842,,0.4920211306764882
2018-08-09,2018-08-10,1.1734664772115648,0.815842643776842,,0.4920211306764882
2018-08-10,2018-08-13,1.3511476544490173,0.815842643776842,,0.4920211306764882
2018-08-13,2018-08-14,1.568347651862379,0.815842643776842,,0.4920211306764882
2018-08-14,2018-08-15,1.7081095942375375,0.815842643776842,,0.4920211306764882
2018-08-15,2018-08-16,1.9011756903144694,0.815842643776842,,0.4920211306764882
2018-08-16,2018-08-17,2.115390610884378,0.815842643776842,,0.4920211306764882
2018-08-17,2018-08-20,2.3355668009707857,0.815842643776842,,0.4920211306764882
2018-08-20,2018-08-21,2.5286328970477174,0.815842643776842,,0.4920211306764882
2018-08-21,2018-08-22,2.622258156487123,0.815842643776842,,0.4920211306764882
2018-08-22,2018-08-23,2.765235535716256,0.815842643776842,,0.4920211306764882
2018-08-23,2018-08-24,0.13329988434706774,0.815842643776842,,0.4920211306764882
2018-08-24,2018-08-27,0.28586200148918817,0.815842643776842,,0.4920211306764882
2018-08-27,2018-08-28,0.49106785211673065,0.815842643776842,,0.4920211306764882
2018-08-28,2018-08-29,0.6902222470609178,0.815842643776842,,0.4920211306764882
2018-08-29,2018-08-30,0.8771627497111669,0.815842643776842,,0.4920211306764882
2018-08-30,2018-08-31,0.190007989718111,0.815842643776842,,0.4920211306764882
2018-08-31,2018-09-03,0.4042229102880194,0.815842643776842,,0.4920211306764882
2018-09-03,2018-09-04,0.6003377892143099,0.815842643776842,,0.4920211306764882
2018-09-04,2018-09-05,0.7172974407154881,0.815842643776842,,0.4920211306764882
2018-09-05,2018-09-06,0.8007531209852644,0.815842643776842,,0.4920211306764882
2018-09-06,2018-09-07,0.9564898439681575,0.815842643776842,,0.4920211306764882
2018-09-07,2018-09-10,1.1495559400450894,0.815842643776842,,0.4920211306764882
2018-09-10,2018-09-11,1.3517406403384558,0.815842643776842,,0.4920211306764882
2018-09-11,2018-09-12,1.5448067364153877,0.815842643776842,,0.4920211306764882
2018-09-12,2018-09-13,1.7378728324923196,0.815842643776842,,0.4920211306764882
2018-09-13,2018-09-14,1.848220889661185,0.815842643776842,,0.4920211306764882
2018-09-14,2018-09-17,1.991198268890318,0.815842643776842,,0.4920211306764882
2018-09-17,2018-09-18,2.18426436496725,0.815842643776842,,0.4920211306764882
2018-09-18,2018-09-19,2.3368264821093705,0.815842643776842,,0.4920211306764882
2018-09-19,2018-09-20,2.514507659346823,0.815842643776842,,0.4920211306764882
2018-09-20,2018-09-21,2.7227255604443568,0.815842643776842,,0.4920211306764882
2018-09-21,2018-09-25,2.9309434615418906,0.815842643776842,,0.4920211306764882
2018-09-25,2018-09-26,3.096143977555734,0.815842643776842,,0.4920211306764882
2018-09-26,2018-09-27,3.283084480205983,0.815842643776842,,0.4920211306764882
2018-09-27,2018-09-28,3.4419857627918393,0.815842643776842,,0.4920211306764882
2018-09-28,2018-10-08,3.538978028779149,0.815842643776842,,0.4920211306764882
2018-10-08,2018-10-09,3.7561780261925106,0.815842643776842,,0.4920211306764882
2018-10-09,2018-10-10,3.961383876820053,0.815842643776842,,0.4920211306764882
2018-10-10,2018-10-11,4.178583874233415,0.815842643776842,,0.4920211306764882
2018-10-11,2018-10-12,4.398760064319823,0.815842643776842,,0.4920211306764882
2018-10-12,2018-10-15,0.22017619008640768,0.815842643776842,,0.4920211306764882
2018-10-15,2018-10-16,0.44035238017281536,0.815842643776842,,0.4920211306764882
2018-10-16,2018-10-17,0.6605285702592231,0.815842643776842,,0.4920211306764882
2018-10-17,2018-10-18,0.8747434908291315,0.815842643776842,,0.4920211306764882
2018-10-18,2018-10-19,1.0919434882424932,0.815842643776842,,0.4920211306764882
2018-10-19,2018-10-22,0.1525621171421204,0.815842643776842,,0.4920211306764882
2018-10-22,2018-10-23,0.3727383072285281,0.815842643776842,,0.4920211306764882
2018-10-23,2018-10-24,0.5929144973149357,0.815842643776842,,0.4920211306764882
2018-10-24,2018-10-25,0.8011323984124697,0.815842643776842,,0.4920211306764882
2018-10-25,2018-10-26,1.003317098705836,0.815842643776842,,0.4920211306764882
2018-10-26,2018-10-29,1.1202767502070141,0.815842643776842,,0.4920211306764882
2018-10-29,2018-10-30,1.313342846283946,0.815842643776842,,0.4920211306764882
2018-10-30,2018-10-31,1.4563202255130792,0.815842643776842,,0.4920211306764882
2018-10-31,2018-11-01,1.6120569484959724,0.815842643776842,,0.4920211306764882
2018-11-01,2018-11-02,1.8262718690658808,0.815842643776842,,0.4920211306764882
2018-11-02,2018-11-05,2.0464480591522887,0.815842643776842,,0.4920211306764882
2018-11-05,2018-11-06,2.2636480565656503,0.815842643776842,,0.4920211306764882
2018-11-06,2018-11-07,2.4778629771355587,0.815842643776842,,0.4920211306764882
2018-11-07,2018-11-08,2.5981121052871354,0.815842643776842,,0.4920211306764882
2018-11-08,2018-11-09,2.7726876899664346,0.815842643776842,,0.4920211306764882
2018-11-09,2018-11-12,2.950368867203887,0.815842643776842,,0.4920211306764882
2018-11-12,2018-11-13,3.1280500444413395,0.815842643776842,,0.4920211306764882
2018-11-13,2018-11-14,3.345250041854701,0.815842643776842,,0.4920211306764882
2018-11-14,2018-11-15,3.5624500392680627,0.815842643776842,,0.4920211306764882
2018-11-15,2018-11-16,3.7736709456253665,0.815842643776842,,0.4920211306764882
2018-11-16,2018-11-19,3.969785824551657,0.815842643776842,,0.4920211306764882
2018-11-19,2018-11-20,0.208217901097534,0.815842643776842,0.46323235495972453,0.4920211306764882
2018-11-20,2018-11-21,0.3951584037477831,0.815842643776842,0.44661427068576703,0.4920211306764882
2018-11-21,2018-11-22,0.5943127986919703,0.815842643776842,0.42434829811167196,0.4920211306764882
2018-11-22,2018-11-23,0.8025306997895043,0.815842643776842,0.41730336675208013,0.4920211306764882
2018-11-23,2018-11-26,1.019730697202866,0.815842643776842,0.38005570576273995,0.4920211306764882
2018-11-26,2018-11-27,0.21719999741336163,0.815842643776842,,0.4920211306764882
2018-11-27,2018-11-28,0.43439999482672326,0.815842643776842,,0.4920211306764882
2018-11-28,2018-11-29,0.6120811720641757,0.815842643776842,,0.4920211306764882
2018-11-29,2018-11-30,0.7290408235653538,0.815842643776842,,0.4920211306764882
2018-11-30,2018-12-03,0.8293887973996359,0.815842643776842,,0.4920211306764882
2018-12-03,2018-12-04,1.016329300049885,0.815842643776842,,0.4920211306764882
2018-12-04,2018-12-05,1.2335292974632466,0.815842643776842,,0.4920211306764882
2018-12-05,2018-12-06,1.4417471985607806,0.815842643776842,,0.4920211306764882
2018-12-06,2018-12-07,1.643931898854147,0.815842643776842,,0.4920211306764882
2018-12-07,2018-12-10,1.852149799951681,0.815842643776842,,0.4920211306764882
2018-12-10,2018-12-11,2.0633707063089846,0.815842643776842,,0.4920211306764882
2018-12-11,2018-12-12,2.17371876347785,0.815842643776842,,0.4920211306764882
2018-12-12,2018-12-13,2.284066820646715,0.815842643776842,,0.4920211306764882
2018-12-13,2018-12-14,2.477132916723647,0.815842643776842,,0.4920211306764882
2018-12-14,2018-12-17,2.651708501402946,0.815842643776842,,0.4920211306764882
2018-12-17,2018-12-18,2.8293896786403985,0.815842643776842,,0.4920211306764882
2018-12-18,2018-12-19,3.0406105849977023,0.815842643776842,,0.4920211306764882
2018-12-19,2018-12-20,3.236725463923993,0.815842643776842,,0.4920211306764882
2018-12-20,2018-12-21,3.423665966574242,0.815842643776842,,0.4920211306764882
2018-12-21,2018-12-24,3.6106064692244915,0.815842643776842,,0.4920211306764882
2018-12-24,2018-12-25,3.743906353571559,0.815842643776842,,0.4920211306764882
2018-12-25,2018-12-26,3.8964684707136796,0.815842643776842,,0.4920211306764882
2018-12-26,2018-12-27,0.12024912815157694,0.815842643776842,,0.4920211306764882
2018-12-27,2018-12-28,0.3284670292491109,0.815842643776842,,0.4920211306764882
2018-12-28,2019-01-02,0.5061482064865633,0.815842643776842,,0.4920211306764882
2019-01-02,2019-01-03,0.6930887091368124,0.815842643776842,,0.4920211306764882
2019-01-03,2019-01-04,0.8582892251506556,0.815842643776842,,0.4920211306764882
2019-01-04,2019-01-07,0.15890128258585617,0.815842643776842,,0.4920211306764882
2019-01-07,2019-01-08,0.37610127999921783,0.815842643776842,,0.4920211306764882
2019-01-08,2019-01-09,0.5933012774125794,0.815842643776842,,0.4920211306764882
2019-01-09,2019-01-10,0.7802417800628285,0.815842643776842,,0.4920211306764882
2019-01-10,2019-01-11,0.8738670395022339,0.815842643776842,,0.4920211306764882
2019-01-11,2019-01-14,1.0264291566443542,0.815842643776842,,0.4920211306764882
2019-01-14,2019-01-15,0.08345568026977637,0.815842643776842,0.33645315684952093,0.4920211306764882
2019-01-15,2019-01-16,0.2611368575072288,0.815842643776842,0.37730386588077375,0.4920211306764882
2019-01-16,2019-01-17,0.38138598565880577,0.815842643776842,0.3271964998991996,0.4920211306764882
2019-01-17,2019-01-18,0.49504530413132725,0.815842643776842,0.32005850268091574,0.4920211306764882
2019-01-18,2019-01-21,0.5785009844011036,0.815842643776842,0.36522276432661116,0.4920211306764882
2019-01-21,2019-01-22,0.7310631015432241,0.815842643776842,0.3761754816843347,0.4920211306764882
2019-01-22,2019-01-23,0.8246883609826294,0.815842643776842,0.3895900620052367,0.4920211306764882
2019-01-23,2019-01-24,0.9708708711607109,0.815842643776842,0.4068356272777187,0.4920211306764882
2019-01-24,2019-01-25,1.1234329883028313,0.815842643776842,0.419753834301208,0.4920211306764882
2019-01-25,2019-01-28,0.10034797383428208,0.815842643776842,,0.4920211306764882
2019-01-28,2019-01-29,0.20069594766856416,0.815842643776842,,0.4920211306764882
2019-01-29,2019-01-30,0.39376204374549606,0.815842643776842,,0.4920211306764882
2019-01-30,2019-01-31,0.5989678943730385,0.815842643776842,,0.4920211306764882
2019-01-31,2019-02-01,0.8101888007303422,0.815842643776842,,0.4920211306764882
2019-02-01,2019-02-11,0.9659255237132353,0.815842643776842,,0.4920211306764882
2019-02-11,2019-02-12,1.186101713799643,0.815842643776842,,0.4920211306764882
2019-02-12,2019-02-13,0.22017619008640768,0.815842643776842,0.31583647313082513,0.4920211306764882
2019-02-13,2019-02-14,0.44035238017281536,0.815842643776842,0.3557148029344837,0.4920211306764882
2019-02-14,2019-02-15,0.6485702812703493,0.815842643776842,0.3567977622799294,0.4920211306764882
2019-02-15,2019-02-18,0.8262514585078018,0.815842643776842,0.3337196430135569,0.4920211306764882
2019-02-18,2019-02-19,1.0404663790777102,0.815842643776842,0.3878678501652097,0.4920211306764882
2019-02-19,2019-02-20,1.2516872854350138,0.815842643776842,0.3979716506382393,0.4920211306764882
2019-02-20,2019-02-21,1.4688872828483754,0.815842643776842,0.3899102325398858,0.4920211306764882
2019-02-21,2019-02-22,1.5523429631181518,0.815842643776842,0.37708327701034045,0.4920211306764882
2019-02-22,2019-02-25,1.7545276634115181,0.815842643776842,0.44389405305354807,0.4920211306764882
2019-02-25,2019-02-26,1.9747038534979258,0.815842643776842,0.4419843341035096,0.4920211306764882
2019-02-26,2019-02-27,2.1948800435843334,0.815842643776842,0.4804631881194436,0.4920211306764882
2019-02-27,2019-02-28,2.4150562336707413,0.815842643776842,0.48993122268476186,0.4920211306764882
2019-02-28,2019-03-01,2.5254042908396066,0.815842643776842,0.4865623684958534,0.4920211306764882
2019-03-01,2019-03-04,2.6587041751866742,0.815842643776842,0.44865605557870664,0.4920211306764882
2019-03-04,2019-03-05,2.866922076284208,0.815842643776842,0.41925164229747136,0.4920211306764882
2019-03-05,2019-03-06,3.087098266370616,0.815842643776842,0.47035151488186655,0.4920211306764882
2019-03-06,2019-03-07,3.307274456457024,0.815842643776842,0.46970420305154537,0.4920211306764882
2019-03-07,2019-03-08,3.5274506465434317,0.815842643776842,0.4850327009045812,0.4920211306764882
2019-03-08,2019-03-11,3.680012763685552,0.815842643776842,0.4919409958163131,0.4920211306764882
2019-03-11,2019-03-12,0.17768117723745241,0.815842643776842,,0.4920211306764882
2019-03-12,2019-03-13,0.36462167988770156,0.815842643776842,,0.4920211306764882
2019-03-13,2019-03-14,0.5818216773010632,0.815842643776842,,0.4920211306764882
2019-03-14,2019-03-15,0.7900395783985972,0.815842643776842,,0.4920211306764882
2019-03-15,2019-03-18,1.0072395758119588,0.815842643776842,,0.4920211306764882
2019-03-18,2019-03-19,1.1849207530494112,0.815842643776842,,0.4920211306764882
2019-03-19,2019-03-20,1.4021207504627728,0.815842643776842,,0.4920211306764882
2019-03-20,2019-03-21,1.6103386515603069,0.815842643776842,,0.4920211306764882
2019-03-21,2019-03-22,1.7911158065028874,0.815842643776842,,0.4920211306764882
2019-03-22,2019-03-25,1.9780563091531365,0.815842643776842,,0.4920211306764882
2019-03-25,2019-03-26,2.111356193500204,0.815842643776842,,0.4920211306764882
2019-03-26,2019-03-27,2.3285561909135657,0.815842643776842,,0.4920211306764882
2019-03-27,2019-03-28,2.5397770972708695,0.815842643776842,,0.4920211306764882
2019-03-28,2019-03-29,2.753992017840778,0.815842643776842,,0.4920211306764882
2019-03-29,2019-04-01,2.9622099189383118,0.815842643776842,,0.4920211306764882
2019-04-01,2019-04-02,3.1823861090247196,0.815842643776842,,0.4920211306764882
2019-04-02,2019-04-03,3.4025622991111275,0.815842643776842,,0.4920211306764882
2019-04-03,2019-04-04,3.6227384891975354,0.815842643776842,,0.4920211306764882
2019-04-04,2019-04-08,3.815804585274467,0.815842643776842,,0.4920211306764882
2019-04-08,2019-04-09,3.9841399000936817,0.815842643776842,,0.4920211306764882
2019-04-09,2019-04-10,4.094487957262547,0.815842643776842,,0.4920211306764882
2019-04-10,2019-04-11,4.204836014431413,0.815842643776842,,0.4920211306764882
2019-04-11,2019-04-12,4.397902110508345,0.815842643776842,,0.4920211306764882
2019-04-12,2019-04-15,4.603107961135888,0.815842643776842,,0.4920211306764882
2019-04-15,2019-04-16,4.817322881705796,0.815842643776842,,0.4920211306764882
2019-04-16,2019-04-17,4.9730596046886895,0.815842643776842,,0.4920211306764882
2019-04-17,2019-04-18,5.160000107338939,0.815842643776842,,0.4920211306764882
2019-04-18,2019-04-19,5.356114986265229,0.815842643776842,,0.4920211306764882
2019-04-19,2019-04-22,5.489414870612297,0.815842643776842,,0.4920211306764882
2019-04-22,2019-04-23,5.667096047849749,0.815842643776842,,0.4920211306764882
2019-04-23,2019-04-24,5.875313948947283,0.815842643776842,,0.4920211306764882
2019-04-24,2019-04-25,6.0744683438914695,0.815842643776842,,0.4920211306764882
2019-04-25,2019-04-26,6.294644533977877,0.815842643776842,,0.4920211306764882
2019-04-26,2019-04-29,0.21719999741336163,0.815842643776842,,0.4920211306764882
2019-04-29,2019-04-30,0.4373761874997693,0.815842643776842,,0.4920211306764882
2019-04-30,2019-05-06,0.6455940885973033,0.815842643776842,,0.4920211306764882
2019-05-06,2019-05-07,0.8657702786837109,0.815842643776842,,0.4920211306764882
2019-05-07,2019-05-08,1.0859464687701186,0.815842643776842,,0.4920211306764882
2019-05-08,2019-05-09,1.3061226588565262,0.815842643776842,,0.4920211306764882
2019-05-09,2019-05-10,1.4164707160253915,0.815842643776842,,0.4920211306764882
2019-05-10,2019-05-13,1.6064787057435026,0.815842643776842,,0.4920211306764882
2019-05-13,2019-05-14,0.16833531481921474,0.815842643776842,,0.4920211306764882
2019-05-14,2019-05-15,0.35527581746946385,0.815842643776842,,0.4920211306764882
2019-05-15,2019-05-16,0.45896827602659307,0.815842643776842,,0.4920211306764882
2019-05-16,2019-05-17,0.652034372103525,0.815842643776842,,0.4920211306764882
2019-05-17,2019-05-20,0.7623824292723904,0.815842643776842,,0.4920211306764882
2019-05-20,2019-05-21,0.973603335629694,0.815842643776842,,0.4920211306764882
2019-05-21,2019-05-22,1.163611325347805,0.815842643776842,,0.4920211306764882
2019-05-22,2019-05-23,1.3065887045769382,0.815842643776842,,0.4920211306764882
2019-05-23,2019-05-24,1.4623254275598314,0.815842643776842,,0.4920211306764882
2019-05-24,2019-05-27,1.6765403481297398,0.815842643776842,,0.4920211306764882
2019-05-27,2019-05-28,1.776888321964022,0.815842643776842,,0.4920211306764882
2019-05-28,2019-05-29,1.963828824614271,0.815842643776842,,0.4920211306764882
2019-05-29,2019-05-30,2.1660135249076373,0.815842643776842,,0.4920211306764882
2019-05-30,2019-05-31,2.318575642049758,0.815842643776842,,0.4920211306764882
2019-05-31,2019-06-03,2.4711377591918784,0.815842643776842,,0.4920211306764882
2019-06-03,2019-06-04,2.667252638118169,0.815842643776842,,0.4920211306764882
2019-06-04,2019-06-05,2.8754705392157027,0.815842643776842,,0.4920211306764882
2019-06-05,2019-06-06,3.0836884403132365,0.815842643776842,,0.4920211306764882
2019-06-06,2019-06-10,3.300888437726598,0.815842643776842,,0.4920211306764882
2019-06-10,2019-06-11,3.4785696149640506,0.815842643776842,,0.4920211306764882
2019-06-11,2019-06-12,3.683775465591593,0.815842643776842,,0.4920211306764882
2019-06-12,2019-06-13,3.9009754630049547,0.815842643776842,,0.4920211306764882
2019-06-13,2019-06-14,4.115190383574863,0.815842643776842,,0.4920211306764882
2019-06-14,2019-06-17,4.314344778519049,0.815842643776842,,0.4920211306764882
2019-06-17,2019-06-18,4.4826800933382644,0.815842643776842,,0.4920211306764882
2019-06-18,2019-06-19,4.669620595988514,0.815842643776842,,0.4920211306764882
2019-06-19,2019-06-20,4.844196180667813,0.815842643776842,,0.4920211306764882
2019-06-20,2019-06-21,5.055417087025117,0.815842643776842,,0.4920211306764882
2019-06-21,2019-06-24,5.275593277111525,0.815842643776842,,0.4920211306764882
2019-06-24,2019-06-25,5.489808197681433,0.815842643776842,,0.4920211306764882
2019-06-25,2019-06-26,5.603467516153954,0.815842643776842,,0.4920211306764882
2019-06-26,2019-06-27,5.768668032167798,0.815842643776842,,0.4920211306764882
2019-06-27,2019-06-28,5.875693827144685,0.815842643776842,,0.4920211306764882
2019-06-28,2019-07-01,5.992653478645863,0.815842643776842,,0.4920211306764882
2019-07-01,2019-07-02,6.200871379743397,0.815842643776842,,0.4920211306764882
2019-07-02,2019-07-03,6.378552556980849,0.815842643776842,,0.4920211306764882
2019-07-03,2019-07-04,6.565493059631098,0.815842643776842,,0.4920211306764882
2019-07-04,2019-07-05,6.74317423686855,0.815842643776842,,0.4920211306764882
2019-07-05,2019-07-08,6.895736354010671,0.815842643776842,,0.4920211306764882
2019-07-08,2019-07-09,7.109951274580579,0.815842643776842,,0.4920211306764882
2019-07-09,2019-07-10,7.318169175678113,0.815842643776842,,0.4920211306764882
2019-07-10,2019-07-11,7.535369173091475,0.815842643776842,,0.4920211306764882
2019-07-11,2019-07-12,7.65889699270475,0.815842643776842,,0.4920211306764882
2019-07-12,2019-07-15,7.769245049873615,0.815842643776842,,0.4920211306764882
2019-07-15,2019-07-16,7.9561855525238645,0.815842643776842,,0.4920211306764882
2019-07-16,2019-07-17,8.143126055174113,0.815842643776842,,0.4920211306764882
2019-07-17,2019-07-18,8.320807232411566,0.815842643776842,,0.4920211306764882
2019-07-18,2019-07-19,8.507747735061814,0.815842643776842,,0.4920211306764882
2019-07-19,2019-07-22,8.66664901764767,0.815842643776842,,0.4920211306764882
2019-07-22,2019-07-23,8.877869924004973,0.815842643776842,,0.4920211306764882
2019-07-23,2019-07-24,8.988217981173838,0.815842643776842,,0.4920211306764882
2019-07-24,2019-07-25,9.081843240613242,0.815842643776842,,0.4920211306764882
2019-07-25,2019-07-26,9.284027940906608,0.815842643776842,,0.4920211306764882
2019-07-26,2019-07-29,9.46170911814406,0.815842643776842,,0.4920211306764882
2019-07-29,2019-07-30,9.578668769645239,0.815842643776842,,0.4920211306764882
2019-07-30,2019-07-31,9.711968653992306,0.815842643776842,,0.4920211306764882
2019-07-31,2019-08-01,9.80559391343171,0.815842643776842,,0.4920211306764882
2019-08-01,2019-08-02,9.932389709809602,0.815842643776842,,0.4920211306764882
2019-08-02,2019-08-05,10.134574410102967,0.815842643776842,,0.4920211306764882
2019-08-05,2019-08-06,10.34579531646027,0.815842643776842,,0.4920211306764882
2019-08-06,2019-08-07,10.565971506546678,0.815842643776842,,0.4920211306764882
2019-08-07,2019-08-08,10.78317150396004,0.815842643776842,,0.4920211306764882
2019-08-08,2019-08-09,10.97623760003697,0.815842643776842,,0.4920211306764882
2019-08-09,2019-08-12,11.135138882622826,0.815842643776842,,0.4920211306764882
2019-08-12,2019-08-13,11.306599199985175,0.815842643776842,,0.4920211306764882
2019-08-13,2019-08-14,11.40022445942458,0.815842643776842,,0.4920211306764882
2019-08-14,2019-08-15,11.587164962074828,0.815842643776842,,0.4920211306764882
2019-08-15,2019-08-16,11.704124613576006,0.815842643776842,,0.4920211306764882
2019-08-16,2019-08-19,11.881805790813459,0.815842643776842,,0.4920211306764882
2019-08-19,2019-08-20,12.09900578822682,0.815842643776842,,0.4920211306764882
2019-08-20,2019-08-21,0.21719999741336163,0.815842643776842,0.3334858865752926,0.4920211306764882
2019-08-21,2019-08-22,0.43141491798327003,0.815842643776842,0.3333392555160652,0.4920211306764882
2019-08-22,2019-08-23,0.5351073765403992,0.815842643776842,0.33883162325723315,0.4920211306764882
2019-08-23,2019-08-26,0.6421331715172867,0.815842643776842,0.3359586954971656,0.4920211306764882
2019-08-26,2019-08-27,0.7689289678951781,0.815842643776842,0.34623999134792666,0.4920211306764882
2019-08-27,2019-08-28,0.9246656908780712,0.815842643776842,0.389709299805933,0.4920211306764882
2019-08-28,2019-08-29,1.0772278080201916,0.815842643776842,0.3823643029803058,0.4920211306764882
2019-08-29,2019-08-30,1.2610913851659613,0.815842643776842,0.3626655972908011,0.4920211306764882
2019-08-30,2019-09-02,1.4168281081488545,0.815842643776842,0.3350462244103817,0.4920211306764882
2019-09-02,2019-09-03,1.6037686107991036,0.815842643776842,0.3706138817523416,0.4920211306764882
2019-09-03,2019-09-04,1.8029230057432908,0.815842643776842,0.376738376959395,0.4920211306764882
2019-09-04,2019-09-05,2.0201230031566526,0.815842643776842,0.3945690710780589,0.4920211306764882
2019-09-05,2019-09-06,2.2283409042541864,0.815842643776842,0.41478869141666097,0.4920211306764882
2019-09-06,2019-09-09,2.4274952991983736,0.815842643776842,0.4268947164982392,0.4920211306764882
2019-09-09,2019-09-10,2.641710219768282,0.815842643776842,0.4427206272228381,0.4920211306764882
2019-09-10,2019-09-11,2.8378250986945726,0.815842643776842,0.45602608411345025,0.4920211306764882
2019-09-11,2019-09-12,3.003025614708416,0.815842643776842,0.4450633710089034,0.4920211306764882
2019-09-12,2019-09-16,0.11034805716886541,0.815842643776842,,0.4920211306764882
2019-09-16,2019-09-17,0.20397331660827073,0.815842643776842,,0.4920211306764882
2019-09-17,2019-09-18,0.38165449384572314,0.815842643776842,,0.4920211306764882
2019-09-18,2019-09-19,0.5747205899226551,0.815842643776842,,0.4920211306764882
2019-09-19,2019-09-20,0.7336218725085113,0.815842643776842,,0.4920211306764882
2019-09-20,2019-09-23,0.901957187327726,0.815842643776842,,0.4920211306764882
2019-09-23,2019-09-24,1.0352570716747937,0.815842643776842,,0.4920211306764882
2019-09-24,2019-09-25,1.1356050455090758,0.815842643776842,,0.4920211306764882
2019-09-25,2019-09-26,1.334759440453263,0.815842643776842,,0.4920211306764882
2019-09-26,2019-09-27,1.5519594378666246,0.815842643776842,,0.4920211306764882
2019-09-27,2019-09-30,1.766174358436533,0.815842643776842,,0.4920211306764882
2019-09-30,2019-10-08,1.974392259534067,0.815842643776842,,0.4920211306764882
2019-10-08,2019-10-09,2.1044453877822646,0.815842643776842,,0.4920211306764882
2019-10-09,2019-10-10,2.2214050392834426,0.815842643776842,,0.4920211306764882
2019-10-10,2019-10-11,2.417519918209733,0.815842643776842,,0.4920211306764882
2019-10-11,2019-10-14,2.6197046185030994,0.815842643776842,,0.4920211306764882
2019-10-14,2019-10-15,2.8309255248604033,0.815842643776842,,0.4920211306764882
2019-10-15,2019-10-16,2.937951319837291,0.815842643776842,,0.4920211306764882
2019-10-16,2019-10-17,3.0449771148141784,0.815842643776842,,0.4920211306764882
2019-10-17,2019-10-18,3.23804321089111,0.815842643776842,,0.4920211306764882
2019-10-18,2019-10-21,3.431109306968042,0.815842643776842,,0.4920211306764882
2019-10-21,2019-10-22,3.618049809618291,0.815842643776842,,0.4920211306764882
2019-10-22,2019-10-23,3.735009461119469,0.815842643776842,,0.4920211306764882
2019-10-23,2019-10-24,3.8286347205588744,0.815842643776842,,0.4920211306764882
2019-10-24,2019-10-25,3.92225997999828,0.815842643776842,,0.4920211306764882
2019-10-25,2019-10-28,4.022607953832562,0.815842643776842,,0.4920211306764882
2019-10-28,2019-10-29,4.224792654125928,0.815842643776842,,0.4920211306764882
2019-10-29,2019-10-30,4.380529377108822,0.815842643776842,,0.4920211306764882
2019-10-30,2019-10-31,4.536266100091715,0.815842643776842,,0.4920211306764882
2019-10-31,2019-11-01,4.750481020661623,0.815842643776842,,0.4920211306764882
2019-11-01,2019-11-04,4.9062177436445165,0.815842643776842,,0.4920211306764882
2019-11-04,2019-11-05,5.058779860786637,0.815842643776842,,0.4920211306764882
2019-11-05,2019-11-06,5.257934255730824,0.815842643776842,,0.4920211306764882
2019-11-06,2019-11-07,5.361626714287953,0.815842643776842,,0.4920211306764882
2019-11-07,2019-11-08,5.471974771456818,0.815842643776842,,0.4920211306764882
2019-11-08,2019-11-11,5.624536888598938,0.815842643776842,,0.4920211306764882
2019-11-11,2019-11-12,5.817602984675871,0.815842643776842,,0.4920211306764882
2019-11-12,2019-11-13,6.0228088353034135,0.815842643776842,,0.4920211306764882
2019-11-13,2019-11-14,6.2219632302476,0.815842643776842,,0.4920211306764882
2019-11-14,2019-11-15,6.374525347389721,0.815842643776842,,0.4920211306764882
2019-11-15,2019-11-18,6.47821780594685,0.815842643776842,,0.4920211306764882
2019-11-18,2019-11-19,6.588565863115715,0.815842643776842,,0.4920211306764882
2019-11-19,2019-11-20,6.760026180478065,0.815842643776842,,0.4920211306764882
2019-11-20,2019-11-21,6.940803335420646,0.815842643776842,,0.4920211306764882
2019-11-21,2019-11-22,7.099704618006502,0.815842643776842,,0.4920211306764882
2019-11-22,2019-11-25,7.277385795243954,0.815842643776842,,0.4920211306764882
2019-11-25,2019-11-26,7.433122518226847,0.815842643776842,,0.4920211306764882
2019-11-26,2019-11-27,7.604582835589198,0.815842643776842,,0.4920211306764882
2019-11-27,2019-11-28,7.688038515858974,0.815842643776842,,0.4920211306764882
2019-11-28,2019-11-29,7.788386489693256,0.815842643776842,,0.4920211306764882
2019-11-29,2019-12-02,7.892078948250385,0.815842643776842,,0.4920211306764882
2019-12-02,2019-12-03,7.975534628520161,0.815842643776842,,0.4920211306764882
2019-12-03,2019-12-04,8.128096745662281,0.815842643776842,,0.4920211306764882
2019-12-04,2019-12-05,8.248345873813859,0.815842643776842,,0.4920211306764882
2019-12-05,2019-12-06,8.416681188633074,0.815842643776842,,0.4920211306764882
2019-12-06,2019-12-09,0.1869405026502491,0.815842643776842,0.3868399838280187,0.4920211306764882
2019-12-09,2019-12-10,0.3830553815765396,0.815842643776842,0.3766094228983912,0.4920211306764882
2019-12-10,2019-12-11,0.5669189587223095,0.815842643776842,0.3644986667461805,0.4920211306764882
2019-12-11,2019-12-12,0.6772670158911749,0.815842643776842,0.367036872857545,0.4920211306764882
2019-12-12,2019-12-13,0.777614989725457,0.815842643776842,0.3574821842427765,0.4920211306764882
2019-12-13,2019-12-16,0.8945746412266351,0.815842643776842,0.3859513518146911,0.4920211306764882
2019-12-16,2019-12-17,1.1027925423241691,0.815842643776842,0.320033320396067,0.4920211306764882
2019-12-17,2019-12-18,1.3199925397375307,0.815842643776842,0.32812397603612015,0.4920211306764882
2019-12-18,2019-12-19,1.5312134460948343,0.815842643776842,0.33001981000088826,0.4920211306764882
2019-12-19,2019-12-20,1.7088946233322868,0.815842643776842,0.3238750308631208,0.4920211306764882
2019-12-20,2019-12-23,1.8646313463151798,0.815842643776842,0.33437954905502004,0.4920211306764882
2019-12-23,2019-12-24,2.0728492474127136,0.815842643776842,0.30705388434831254,0.4920211306764882
2019-12-24,2019-12-25,2.250530424650166,0.815842643776842,0.38399900437173745,0.4920211306764882
2019-12-25,2019-12-26,2.3339861049199424,0.815842643776842,0.39151185013269435,0.4920211306764882
2019-12-26,2019-12-27,2.542204006017476,0.815842643776842,0.38868999883378946,0.4920211306764882
2019-12-27,2019-12-30,2.6525520631863415,0.815842643776842,0.38719686585797397,0.4920211306764882
2019-12-30,2019-12-31,2.8146079225207132,0.815842643776842,0.41679870379759076,0.4920211306764882
2019-12-31,2020-01-02,2.9703446455036064,0.815842643776842,0.4147823349787773,0.4920211306764882
2020-01-02,2020-01-03,3.187544642916968,0.815842643776842,0.43927796724970536,0.4920211306764882
2020-01-03,2020-01-06,3.395762544014502,0.815842643776842,0.43514269571850833,0.4920211306764882
2020-01-06,2020-01-07,3.6069834503718057,0.815842643776842,0.4404334032037097,0.4920211306764882
2020-01-07,2020-01-08,3.812189300999348,0.815842643776842,0.44012659410683225,0.4920211306764882
2020-01-08,2020-01-09,3.9647514181414687,0.815842643776842,0.44942350446482976,0.4920211306764882
2020-01-09,2020-01-10,4.129951934155312,0.815842643776842,0.4864468803455405,0.4920211306764882
2020-01-10,2020-01-13,4.240299991324178,0.815842643776842,0.4987653114449355,0.4920211306764882
2020-01-13,2020-01-14,0.2052058506275425,0.815842643776842,,0.4920211306764882
2020-01-14,2020-01-15,0.3577679677696629,0.815842643776842,,0.4920211306764882
2020-01-15,2020-01-16,0.513504690752556,0.815842643776842,,0.4920211306764882
2020-01-16,2020-01-17,0.6468045750996237,0.815842643776842,,0.4920211306764882
2020-01-17,2020-01-20,0.7801044594466915,0.815842643776842,,0.4920211306764882
2020-01-20,2020-01-21,0.9390057420325477,0.815842643776842,,0.4920211306764882
2020-01-21,2020-01-22,1.022461422302324,0.815842643776842,,0.4920211306764882
2020-01-22,2020-01-23,1.1876619383161673,0.815842643776842,,0.4920211306764882
2020-01-23,2020-02-03,1.4048619357295289,0.815842643776842,,0.4920211306764882
2020-02-03,2020-02-04,1.6250381258159365,0.815842643776842,,0.4920211306764882
2020-02-04,2020-02-05,1.8452143159023442,0.815842643776842,,0.4920211306764882
2020-02-05,2020-02-06,2.062414313315706,0.815842643776842,,0.4920211306764882
2020-02-06,2020-02-07,2.2825905034021137,0.815842643776842,,0.4920211306764882
2020-02-07,2020-02-10,2.5027666934885215,0.815842643776842,,0.4920211306764882
2020-02-10,2020-02-11,2.7229428835749294,0.815842643776842,,0.4920211306764882
2020-02-11,2020-02-12,2.900624060812382,0.815842643776842,,0.4920211306764882
2020-02-12,2020-02-13,3.1058299114399244,0.815842643776842,,0.4920211306764882
2020-02-13,2020-02-14,3.2227895629411023,0.815842643776842,,0.4920211306764882
2020-02-14,2020-02-17,3.3816908455269585,0.815842643776842,,0.4920211306764882
2020-02-17,2020-02-18,3.586896696154501,0.815842643776842,,0.4920211306764882
2020-02-18,2020-02-19,0.22017619008640768,0.815842643776842,0.4324683450860321,0.4920211306764882
2020-02-19,2020-02-20,0.4343911106563161,0.815842643776842,0.42439541950684073,0.4920211306764882
2020-02-20,2020-02-21,0.627457206733248,0.815842643776842,0.42684914588211,0.4920211306764882
2020-02-21,2020-02-24,0.8266116016774352,0.815842643776842,0.4258976607407338,0.4920211306764882
2020-02-24,2020-02-25,1.0467877917638428,0.815842643776842,0.567122231874752,0.4920211306764882
2020-02-25,2020-02-26,1.2610027123337513,0.815842643776842,0.5526827100342551,0.4920211306764882
2020-02-26,2020-02-27,1.4007646547089099,0.815842643776842,0.52362627568845,0.4920211306764882
2020-02-27,2020-02-28,1.5938307507858418,0.815842643776842,0.47647514484109343,0.4920211306764882
2020-02-28,2020-03-02,0.22017619008640768,0.815842643776842,,0.4920211306764882
2020-03-02,2020-03-03,0.39475177476570694,0.815842643776842,,0.4920211306764882
2020-03-03,2020-03-04,0.5215475711435984,0.815842643776842,,0.4920211306764882
2020-03-04,2020-03-05,0.741723761230006,0.815842643776842,,0.4920211306764882
2020-03-05,2020-03-06,0.9499416623275401,0.815842643776842,,0.4920211306764882
2020-03-06,2020-03-09,1.105678385310433,0.815842643776842,,0.4920211306764882
2020-03-09,2020-03-10,1.3198933058803415,0.815842643776842,,0.4920211306764882
2020-03-10,2020-03-11,1.516008184806632,0.815842643776842,,0.4920211306764882
2020-03-11,2020-03-12,1.724226085904166,0.815842643776842,,0.4920211306764882
2020-03-12,2020-03-13,1.844475214055743,0.815842643776842,,0.4920211306764882
2020-03-13,2020-03-16,0.21719999741336163,0.815842643776842,,0.4920211306764882
2020-03-16,2020-03-17,0.4373761874997693,0.815842643776842,,0.4920211306764882
2020-03-17,2020-03-18,0.657552377586177,0.815842643776842,,0.4920211306764882
2020-03-18,2020-03-19,0.8777285676725847,0.815842643776842,,0.4920211306764882
2020-03-19,2020-03-20,1.030290684814705,0.815842643776842,,0.4920211306764882
2020-03-20,2020-03-23,1.1239159442541105,0.815842643776842,,0.4920211306764882
2020-03-23,2020-03-24,1.3261006445474768,0.815842643776842,,0.4920211306764882
2020-03-24,2020-03-25,1.485001927133333,0.815842643776842,,0.4920211306764882
2020-03-25,2020-03-26,0.09362525943940533,0.815842643776842,,0.4920211306764882
2020-03-26,2020-03-27,0.30784018000931374,0.815842643776842,,0.4920211306764882
2020-03-27,2020-03-30,0.4604022971514341,0.815842643776842,,0.4920211306764882
2020-03-30,2020-03-31,0.6776022945647957,0.815842643776842,,0.4920211306764882
2020-03-31,2020-04-01,0.8797869948581619,0.815842643776842,,0.4920211306764882
2020-04-01,2020-04-02,1.0819716951515281,0.815842643776842,,0.4920211306764882
2020-04-02,2020-04-03,1.2841563954448945,0.815842643776842,,0.4920211306764882
2020-04-03,2020-04-07,1.4587319801241938,0.815842643776842,,0.4920211306764882
2020-04-07,2020-04-08,1.6789081702106015,0.815842643776842,,0.4920211306764882
2020-04-08,2020-04-09,1.884114020838144,0.815842643776842,,0.4920211306764882
2020-04-09,2020-04-10,2.1013140182515055,0.815842643776842,,0.4920211306764882
2020-04-10,2020-04-13,2.2602153008373618,0.815842643776842,,0.4920211306764882
2020-04-13,2020-04-14,2.4532813969142935,0.815842643776842,,0.4920211306764882
2020-04-14,2020-04-15,2.586581281261361,0.815842643776842,,0.4920211306764882
2020-04-15,2020-04-16,2.7517817972752043,0.815842643776842,,0.4920211306764882
2020-04-16,2020-04-17,2.959999698372738,0.815842643776842,,0.4920211306764882
2020-04-17,2020-04-20,3.0900528266209357,0.815842643776842,,0.4920211306764882
2020-04-20,2020-04-21,3.2861677055472263,0.815842643776842,,0.4920211306764882
2020-04-21,2020-04-22,3.406416833698803,0.815842643776842,,0.4920211306764882
2020-04-22,2020-04-23,3.580992418378102,0.815842643776842,,0.4920211306764882
2020-04-23,2020-04-24,3.69795206987928,0.815842643776842,,0.4920211306764882
2020-04-24,2020-04-27,3.872527654558579,0.815842643776842,,0.4920211306764882
2020-04-27,2020-04-28,4.074712354851945,0.815842643776842,,0.4920211306764882
2020-04-28,2020-04-29,4.279918205479488,0.815842643776842,,0.4920211306764882
2020-04-29,2020-04-30,4.4324803226216085,0.815842643776842,,0.4920211306764882
2020-04-30,2020-05-06,4.619420825271858,0.815842643776842,,0.4920211306764882
2020-05-06,2020-05-07,4.836620822685219,0.815842643776842,,0.4920211306764882
2020-05-07,2020-05-08,0.21719999741336163,0.815842643776842,0.4614523634385189,0.4920211306764882
2020-05-08,2020-05-11,0.4254178985108956,0.815842643776842,0.4232997233702364,0.4920211306764882
2020-05-11,2020-05-12,0.577980015653016,0.815842643776842,0.4209289525324272,0.4920211306764882
2020-05-12,2020-05-13,0.7431805316668593,0.815842643776842,0.40128402019097104,0.4920211306764882
2020-05-13,2020-05-14,0.8634296598184362,0.815842643776842,0.40429111677424484,0.4920211306764882
2020-05-14,2020-05-15,0.9570549192578416,0.815842643776842,0.36296315266668333,0.4920211306764882
2020-05-15,2020-05-18,1.0506801786972468,0.815842643776842,0.3675336495553352,0.4920211306764882
2020-05-18,2020-05-19,1.209581461283103,0.815842643776842,0.337796667545467,0.4920211306764882
2020-05-19,2020-05-20,1.3684827438689593,0.815842643776842,0.3974643480933256,0.4920211306764882
2020-05-20,2020-05-21,1.4755085388458469,0.815842643776842,0.41586565104833817,0.4920211306764882
2020-05-21,2020-05-22,0.1557367229828931,0.815842643776842,,0.4920211306764882
2020-05-22,2020-05-25,0.3729367203962547,0.815842643776842,,0.4920211306764882
2020-05-25,2020-05-26,0.5841576267535583,0.815842643776842,,0.4920211306764882
2020-05-26,2020-05-27,0.6777828861929637,0.815842643776842,,0.4920211306764882
2020-05-27,2020-05-28,0.8303450033350841,0.815842643776842,,0.4920211306764882
2020-05-28,2020-05-29,0.9829071204772045,0.815842643776842,,0.4920211306764882
2020-05-29,2020-06-01,1.0832550943114867,0.815842643776842,,0.4920211306764882
2020-06-01,2020-06-02,1.3004550917248483,0.815842643776842,,0.4920211306764882
2020-06-02,2020-06-03,1.51765508913821,0.815842643776842,,0.4920211306764882
2020-06-03,2020-06-04,1.7288759954955135,0.815842643776842,,0.4920211306764882
2020-06-04,2020-06-05,1.8225012549349189,0.815842643776842,,0.4920211306764882
2020-06-05,2020-06-08,1.9328493121037842,0.815842643776842,,0.4920211306764882
2020-06-08,2020-06-09,2.0197063561970507,0.815842643776842,,0.4920211306764882
2020-06-09,2020-06-10,2.1530062405441184,0.815842643776842,,0.4920211306764882
2020-06-10,2020-06-11,0.1235278196132753,0.815842643776842,0.3274044288546671,0.4920211306764882
2020-06-11,2020-06-12,0.22387579344755737,0.815842643776842,0.33332239387499385,0.4920211306764882
2020-06-12,2020-06-15,0.3342238506164228,0.815842643776842,0.29803369442144473,0.4920211306764882
2020-06-15,2020-06-16,0.45118350211760094,0.815842643776842,0.29010144594478987,0.4920211306764882
2020-06-16,2020-06-17,0.6442495981945329,0.815842643776842,0.26595394089204033,0.4920211306764882
2020-06-17,2020-06-18,0.8524674992920669,0.815842643776842,0.2606961972500643,0.4920211306764882
2020-06-18,2020-06-19,1.060685400389601,0.815842643776842,0.2591224931307737,0.4920211306764882
2020-06-19,2020-06-22,1.2414625553321814,0.815842643776842,0.29104134250309205,0.4920211306764882
2020-06-22,2020-06-23,1.3940246724743017,0.815842643776842,0.2548363362500823,0.4920211306764882
2020-06-23,2020-06-24,0.16520051601384325,0.815842643776842,,0.4920211306764882
2020-06-24,2020-06-29,0.24865619628361962,0.815842643776842,,0.4920211306764882
2020-06-29,2020-06-30,0.35900425345248504,0.815842643776842,,0.4920211306764882
2020-06-30,2020-07-01,0.5179055360383412,0.815842643776842,,0.4920211306764882
2020-07-01,2020-07-02,0.6986826909809217,0.815842643776842,,0.4920211306764882
2020-07-02,2020-07-03,0.9158826883942833,0.815842643776842,,0.4920211306764882
2020-07-03,2020-07-06,0.21122090635730364,0.815842643776842,0.44627706134953216,0.4920211306764882
2020-07-06,2020-07-07,0.4313970964437113,0.815842643776842,0.3215395318234798,0.4920211306764882
2020-07-07,2020-07-08,0.651573286530119,0.815842643776842,0.34042939749140755,0.4920211306764882
2020-07-08,2020-07-09,0.8717494766165267,0.815842643776842,0.4012676675374884,0.4920211306764882
2020-07-09,2020-07-10,1.0919256667029344,0.815842643776842,0.4078292253563402,0.4920211306764882
2020-07-10,2020-07-13,1.312101856789342,0.815842643776842,0.42637795503611514,0.4920211306764882
2020-07-13,2020-07-14,1.5322780468757498,0.815842643776842,0.5202319367054881,0.4920211306764882
2020-07-14,2020-07-15,1.7192185495259988,0.815842643776842,0.5541709117048572,0.4920211306764882
2020-07-15,2020-07-16,1.836178201027177,0.815842643776842,0.51813254724924,0.4920211306764882
2020-07-16,2020-07-17,0.22017619008640768,0.815842643776842,,0.4920211306764882
2020-07-17,2020-07-20,0.44035238017281536,0.815842643776842,,0.4920211306764882
2020-07-20,2020-07-21,0.6180335574102678,0.815842643776842,,0.4920211306764882
2020-07-21,2020-07-22,0.8352335548236294,0.815842643776842,,0.4920211306764882
2020-07-22,2020-07-23,1.052433552236991,0.815842643776842,,0.4920211306764882
2020-07-23,2020-07-24,1.2301147294744434,0.815842643776842,,0.4920211306764882
2020-07-24,2020-07-27,1.447314726887805,0.815842643776842,,0.4920211306764882
2020-07-27,2020-07-28,1.6674909169742127,0.815842643776842,,0.4920211306764882
2020-07-28,2020-07-29,1.8846909143875743,0.815842643776842,,0.4920211306764882
2020-07-29,2020-07-30,2.101890911800936,0.815842643776842,,0.4920211306764882
2020-07-30,2020-07-31,2.3161058323708446,0.815842643776842,,0.4920211306764882
2020-07-31,2020-08-03,2.533305829784206,0.815842643776842,,0.4920211306764882
2020-08-03,2020-08-04,2.74452673614151,0.815842643776842,,0.4920211306764882
2020-08-04,2020-08-05,2.952744637239044,0.815842643776842,,0.4920211306764882
2020-08-05,2020-08-06,3.1609625383365776,0.815842643776842,,0.4920211306764882
2020-08-06,2020-08-07,3.2779221898377555,0.815842643776842,,0.4920211306764882
2020-08-07,2020-08-10,3.371547449277161,0.815842643776842,,0.4920211306764882
2020-08-10,2020-08-11,3.514524828506294,0.815842643776842,,0.4920211306764882
2020-08-11,2020-08-12,3.7197306791338365,0.815842643776842,,0.4920211306764882
2020-08-12,2020-08-13,3.921915379427203,0.815842643776842,,0.4920211306764882
2020-08-13,2020-08-14,4.130133280524737,0.815842643776842,,0.4920211306764882
2020-08-14,2020-08-17,4.240481337693602,0.815842643776842,,0.4920211306764882
2020-08-17,2020-08-18,4.45469625826351,0.815842643776842,,0.4920211306764882
2020-08-18,2020-08-19,4.671896255676872,0.815842643776842,,0.4920211306764882
2020-08-19,2020-08-20,4.814873634906005,0.815842643776842,,0.4920211306764882
2020-08-20,2020-08-21,5.014028029850191,0.815842643776842,,0.4920211306764882
2020-08-21,2020-08-24,5.210142908776482,0.815842643776842,,0.4920211306764882
2020-08-24,2020-08-25,5.320490965945347,0.815842643776842,,0.4920211306764882
2020-08-25,2020-08-26,5.47622768892824,0.815842643776842,,0.4920211306764882
2020-08-26,2020-08-27,5.66316819157849,0.815842643776842,,0.4920211306764882
2020-08-27,2020-08-28,5.850108694228739,0.815842643776842,,0.4920211306764882
2020-08-28,2020-08-31,5.983408578575807,0.815842643776842,,0.4920211306764882
2020-08-31,2020-09-01,6.182562973519993,0.815842643776842,,0.4920211306764882
2020-09-01,2020-09-02,6.3756290695969255,0.815842643776842,,0.4920211306764882
2020-09-02,2020-09-03,6.485977126765791,0.815842643776842,,0.4920211306764882
2020-09-03,2020-09-04,6.579602386205196,0.815842643776842,,0.4920211306764882
2020-09-04,2020-09-07,6.757283563442648,0.815842643776842,,0.4920211306764882
2020-09-07,2020-09-08,6.97448356085601,0.815842643776842,,0.4920211306764882
2020-09-08,2020-09-09,7.167549656932942,0.815842643776842,,0.4920211306764882
2020-09-09,2020-09-10,7.384749654346304,0.815842643776842,,0.4920211306764882
2020-09-10,2020-09-11,0.21719999741336163,0.815842643776842,,0.4920211306764882
2020-09-11,2020-09-14,0.43141491798327003,0.815842643776842,,0.4920211306764882
2020-09-14,2020-09-15,0.5182719620765367,0.815842643776842,,0.4920211306764882
2020-09-15,2020-09-16,0.7204566623699029,0.815842643776842,,0.4920211306764882
2020-09-16,2020-09-17,0.8602186047450615,0.815842643776842,,0.4920211306764882
2020-09-17,2020-09-18,0.9605665785793436,0.815842643776842,,0.4920211306764882
2020-09-18,2020-09-21,0.17146031736235004,0.815842643776842,,0.4920211306764882
2020-09-21,2020-09-22,0.3491414945998025,0.815842643776842,,0.4920211306764882
2020-09-22,2020-09-23,0.44276675403920784,0.815842643776842,,0.4920211306764882
2020-09-23,2020-09-24,0.6079672700530511,0.815842643776842,,0.4920211306764882
2020-09-24,2020-09-25,0.8191881764103547,0.815842643776842,,0.4920211306764882
2020-09-25,2020-09-28,1.0122542724872865,0.815842643776842,,0.4920211306764882
2020-09-28,2020-09-29,1.226469193057195,0.815842643776842,,0.4920211306764882
2020-09-29,2020-09-30,1.326817166891477,0.815842643776842,,0.4920211306764882
2020-09-30,2020-10-09,1.4697945461206101,0.815842643776842,,0.4920211306764882
2020-10-09,2020-10-12,1.6780124472181441,0.815842643776842,,0.4920211306764882
2020-10-12,2020-10-13,1.8981886373045518,0.815842643776842,,0.4920211306764882
2020-10-13,2020-10-14,2.1183648273909594,0.815842643776842,,0.4920211306764882
2020-10-14,2020-10-15,2.3205495276843258,0.815842643776842,,0.4920211306764882
2020-10-15,2020-10-16,2.4888848425035404,0.815842643776842,,0.4920211306764882
2020-10-16,2020-10-19,2.681950938580472,0.815842643776842,,0.4920211306764882
2020-10-19,2020-10-20,2.8841356388738384,0.815842643776842,,0.4920211306764882
2020-10-20,2020-10-21,3.014188767122036,0.815842643776842,,0.4920211306764882
2020-10-21,2020-10-22,3.179389283135879,0.815842643776842,,0.4920211306764882
2020-10-22,2020-10-23,3.312689167482947,0.815842643776842,,0.4920211306764882
2020-10-23,2020-10-26,3.5269040880528553,0.815842643776842,,0.4920211306764882
2020-10-26,2020-10-27,0.19611487892629054,0.815842643776842,,0.4920211306764882
2020-10-27,2020-10-28,0.37379605616374295,0.815842643776842,,0.4920211306764882
2020-10-28,2020-10-29,0.4940451843153199,0.815842643776842,,0.4920211306764882
2020-10-29,2020-10-30,0.630581317441596,0.815842643776842,,0.4920211306764882
2020-10-30,2020-11-02,0.817521820091845,0.815842643776842,,0.4920211306764882
2020-11-02,2020-11-03,1.0013853972376148,0.815842643776842,,0.4920211306764882
2020-11-03,2020-11-04,0.0969922659873097,0.815842643776842,,0.4920211306764882
2020-11-04,2020-11-05,0.2900583620642416,0.815842643776842,,0.4920211306764882
2020-11-05,2020-11-06,0.50427328263415,0.815842643776842,,0.4920211306764882
2020-11-06,2020-11-09,0.6600100056170431,0.815842643776842,,0.4920211306764882
2020-11-09,2020-11-10,0.8712309119743468,0.815842643776842,,0.4920211306764882
2020-11-10,2020-11-11,0.9815789691432122,0.815842643776842,,0.4920211306764882
2020-11-11,2020-11-12,1.0752042285826175,0.815842643776842,,0.4920211306764882
2020-11-12,2020-11-13,1.2621447312328666,0.815842643776842,,0.4920211306764882
2020-11-13,2020-11-16,1.4210460138187229,0.815842643776842,,0.4920211306764882
2020-11-16,2020-11-17,1.5987271910561753,0.815842643776842,,0.4920211306764882
2020-11-17,2020-11-18,1.7090752482250406,0.815842643776842,,0.4920211306764882
2020-11-18,2020-11-19,1.835871044602932,0.815842643776842,,0.4920211306764882
2020-11-19,2020-11-20,1.9495303630754535,0.815842643776842,,0.4920211306764882
2020-11-20,2020-11-23,2.127211540312906,0.815842643776842,,0.4920211306764882
2020-11-23,2020-11-24,2.3233264192391965,0.815842643776842,,0.4920211306764882
2020-11-24,2020-11-25,2.510266921889446,0.815842643776842,,0.4920211306764882
2020-11-25,2020-11-26,2.669168204475302,0.815842643776842,,0.4920211306764882
2020-11-26,2020-11-27,2.8652830834015925,0.815842643776842,,0.4920211306764882
2020-11-27,2020-11-30,3.0583491794785242,0.815842643776842,,0.4920211306764882
2020-11-30,2020-12-01,3.175308830979702,0.815842643776842,,0.4920211306764882
2020-12-01,2020-12-02,3.3529900082171546,0.815842643776842,,0.4920211306764882
2020-12-02,2020-12-03,3.5275655928964538,0.815842643776842,,0.4920211306764882
2020-12-03,2020-12-04,3.7206316889733855,0.815842643776842,,0.4920211306764882
2020-12-04,2020-12-07,3.853931573320453,0.815842643776842,,0.4920211306764882
2020-12-07,2020-12-08,3.9475568327598585,0.815842643776842,,0.4920211306764882
2020-12-08,2020-12-09,4.051249291316988,0.815842643776842,,0.4920211306764882
2020-12-09,2020-12-10,4.256455141944531,0.815842643776842,,0.4920211306764882
2020-12-10,2020-12-11,4.440318719090301,0.815842643776842,,0.4920211306764882
2020-12-11,2020-12-14,4.654533639660209,0.815842643776842,,0.4920211306764882
2020-12-14,2020-12-15,4.80709575680233,0.815842643776842,,0.4920211306764882
2020-12-15,2020-12-16,4.95965787394445,0.815842643776842,,0.4920211306764882
2020-12-16,2020-12-17,5.0733171924169715,0.815842643776842,,0.4920211306764882
2020-12-17,2020-12-18,5.225879309559092,0.815842643776842,,0.4920211306764882
2020-12-18,2020-12-21,5.3395386280316135,0.815842643776842,,0.4920211306764882
2020-12-21,2020-12-22,5.547756529129147,0.815842643776842,,0.4920211306764882
2020-12-22,2020-12-23,5.7034932521120405,0.815842643776842,,0.4920211306764882
2020-12-23,2020-12-24,5.807185710669169,0.815842643776842,,0.4920211306764882
2020-12-24,2020-12-25,6.018406617026473,0.815842643776842,,0.4920211306764882
2020-12-25,2020-12-28,6.135366268527651,0.815842643776842,,0.4920211306764882
2020-12-28,2020-12-29,6.291102991510544,0.815842643776842,,0.4920211306764882
2020-12-29,2020-12-30,6.38472825094995,0.815842643776842,,0.4920211306764882
2020-12-30,2020-12-31,6.478353510389355,0.815842643776842,,0.4920211306764882
2020-12-31,2021-01-04,6.671419606466287,0.815842643776842,,0.4920211306764882
2021-01-04,2021-01-05,6.888619603879649,0.815842643776842,,0.4920211306764882
2021-01-05,2021-01-06,7.10581960129301,0.815842643776842,,0.4920211306764882
2021-01-06,2021-01-07,7.311025451920553,0.815842643776842,,0.4920211306764882
2021-01-07,2021-01-08,7.463587569062674,0.815842643776842,,0.4920211306764882
2021-01-08,2021-01-11,7.567280027619803,0.815842643776842,,0.4920211306764882
2021-01-11,2021-01-12,7.726181310205659,0.815842643776842,,0.4920211306764882
2021-01-12,2021-01-13,7.819806569645064,0.815842643776842,,0.4920211306764882
2021-01-13,2021-01-14,7.9755432926279575,0.815842643776842,,0.4920211306764882
2021-01-14,2021-01-15,8.07589126646224,0.815842643776842,,0.4920211306764882
2021-01-15,2021-01-18,8.26895736253917,0.815842643776842,,0.4920211306764882
2021-01-18,2021-01-19,8.3726498210963,0.815842643776842,,0.4920211306764882
2021-01-19,2021-01-20,8.505949705443367,0.815842643776842,,0.4920211306764882
2021-01-20,2021-01-21,8.692890208093615,0.815842643776842,,0.4920211306764882
2021-01-21,2021-01-22,8.879830710743864,0.815842643776842,,0.4920211306764882
2021-01-22,2021-01-25,9.085036561371407,0.815842643776842,,0.4920211306764882
2021-01-25,2021-01-26,9.271977064021655,0.815842643776842,,0.4920211306764882
2021-01-26,2021-01-27,9.449658241259108,0.815842643776842,,0.4920211306764882
2021-01-27,2021-01-28,9.614858757272952,0.815842643776842,,0.4920211306764882
2021-01-28,2021-01-29,9.832058754686313,0.815842643776842,,0.4920211306764882
2021-01-29,2021-02-01,10.040276655783847,0.815842643776842,,0.4920211306764882
2021-02-01,2021-02-02,10.24548250641139,0.815842643776842,,0.4920211306764882
2021-02-02,2021-02-03,10.378782390758458,0.815842643776842,,0.4920211306764882
2021-02-03,2021-02-04,10.531344507900577,0.815842643776842,,0.4920211306764882
2021-02-04,2021-02-05,0.1557367229828931,0.815842643776842,,0.4920211306764882
2021-02-05,2021-02-08,0.3699516435528015,0.815842643776842,,0.4920211306764882
2021-02-08,2021-02-09,0.5351521595666447,0.815842643776842,,0.4920211306764882
2021-02-09,2021-02-10,0.7282182556435767,0.815842643776842,,0.4920211306764882
2021-02-10,2021-02-18,0.9454182530569383,0.815842643776842,,0.4920211306764882
2021-02-18,2021-02-19,0.22017619008640768,0.815842643776842,,0.4920211306764882
2021-02-19,2021-02-22,0.4373761874997693,0.815842643776842,,0.4920211306764882
2021-02-22,2021-02-23,0.6304422835767012,0.815842643776842,,0.4920211306764882
2021-02-23,2021-02-24,0.7341347421338303,0.815842643776842,,0.4920211306764882
2021-02-24,2021-02-25,0.9393405927613728,0.815842643776842,,0.4920211306764882
2021-02-25,2021-02-26,1.141525293054739,0.815842643776842,,0.4920211306764882
2021-02-26,2021-03-01,1.3587252904681006,0.815842643776842,,0.4920211306764882
2021-03-01,2021-03-02,1.5017026696972338,0.815842643776842,,0.4920211306764882
2021-03-02,2021-03-03,1.6574393926801267,0.815842643776842,,0.4920211306764882
2021-03-03,2021-03-04,1.8626452433076692,0.815842643776842,,0.4920211306764882
2021-03-04,2021-03-05,2.0372208279869684,0.815842643776842,,0.4920211306764882
2021-03-05,2021-03-08,0.11695965150117814,0.815842643776842,,0.4920211306764882
2021-03-08,2021-03-09,0.33415964891453975,0.815842643776842,,0.4920211306764882
2021-03-09,2021-03-10,0.5543358390009474,0.815842643776842,,0.4920211306764882
2021-03-10,2021-03-11,0.7745120290873551,0.815842643776842,,0.4920211306764882
2021-03-11,2021-03-12,0.9078119134344228,0.815842643776842,,0.4920211306764882
2021-03-12,2021-03-15,0.1930660960769319,0.815842643776842,,0.4920211306764882
2021-03-15,2021-03-16,0.3830740857950429,0.815842643776842,,0.4920211306764882
2021-03-16,2021-03-17,0.10369245855712919,0.815842643776842,,0.4920211306764882
2021-03-17,2021-03-18,0.18714813882690556,0.815842643776842,,0.4920211306764882
2021-03-18,2021-03-19,0.36792529376948613,0.815842643776842,,0.4920211306764882
2021-03-19,2021-03-22,0.46491755975679583,0.815842643776842,,0.4920211306764882
2021-03-22,2021-03-23,0.6363778771191458,0.815842643776842,,0.4920211306764882
2021-03-23,2021-03-24,0.1525621171421204,0.815842643776842,,0.4920211306764882
2021-03-24,2021-03-25,0.3082988401250135,0.815842643776842,,0.4920211306764882
2021-03-25,2021-03-26,0.5104835404183797,0.815842643776842,,0.4920211306764882
2021-03-26,2021-03-29,0.6372793367962711,0.815842643776842,,0.4920211306764882
2021-03-29,2021-03-30,0.8242198394465202,0.815842643776842,,0.4920211306764882
2021-03-30,2021-03-31,1.017285935523452,0.815842643776842,,0.4920211306764882
2021-03-31,2021-04-01,1.1007416157932284,0.815842643776842,,0.4920211306764882
2021-04-01,2021-04-02,1.2564783387761214,0.815842643776842,,0.4920211306764882
2021-04-02,2021-04-06,1.4090404559182417,0.815842643776842,,0.4920211306764882
2021-04-06,2021-04-07,1.5867216331556941,0.815842643776842,,0.4920211306764882
2021-04-07,2021-04-08,1.720021517502762,0.815842643776842,,0.4920211306764882
2021-04-08,2021-04-09,1.8369811690039402,0.815842643776842,,0.4920211306764882
2021-04-09,2021-04-12,0.09362525943940533,0.815842643776842,0.4515289382892567,0.4920211306764882
2021-04-12,2021-04-13,0.28669135551633723,0.815842643776842,0.41969613939243006,0.4920211306764882
2021-04-13,2021-04-14,0.4888760558097035,0.815842643776842,0.3535307707152576,0.4920211306764882
2021-04-14,2021-04-15,0.6446127787925966,0.815842643776842,0.39056951637621223,0.4920211306764882
2021-04-15,2021-04-16,0.797174895934717,0.815842643776842,0.36248010176849366,0.4920211306764882
2021-04-16,2021-04-19,0.9932897748610076,0.815842643776842,0.39360129485038925,0.4920211306764882
2021-04-19,2021-04-20,1.1954744751543738,0.815842643776842,0.3634484933097839,0.4920211306764882
2021-04-20,2021-04-21,1.39765917544774,0.815842643776842,0.3646895973663472,0.4920211306764882
2021-04-21,2021-04-22,1.565994490266955,0.815842643776842,0.3574825831604205,0.4920211306764882
2021-04-22,2021-04-23,1.6730202852438425,0.815842643776842,0.34318026832420995,0.4920211306764882
2021-04-23,2021-04-26,1.7965481048571177,0.815842643776842,0.3192206129698473,0.4920211306764882
2021-04-26,2021-04-27,1.906896162025983,0.815842643776842,0.32066224996197684,0.4920211306764882
2021-04-27,2021-04-28,1.9903518422957593,0.815842643776842,0.3162577329079211,0.4920211306764882
2021-04-28,2021-04-29,2.1040111607682808,0.815842643776842,0.3312641626787106,0.4920211306764882
2021-04-29,2021-04-30,2.2565732779104013,0.815842643776842,0.3327191030391063,0.4920211306764882
2021-04-30,2021-05-06,2.389873162257469,0.815842643776842,0.33712884850751346,0.4920211306764882
2021-05-06,2021-05-07,2.4733288425272453,0.815842643776842,0.3768592501173621,0.4920211306764882
2021-05-07,2021-05-10,0.1525621171421204,0.815842643776842,,0.4920211306764882
2021-05-10,2021-05-11,0.24618737658152573,0.815842643776842,,0.4920211306764882
2021-05-11,2021-05-12,0.3664365047331027,0.815842643776842,,0.4920211306764882
2021-05-12,2021-05-13,0.5253377873189589,0.815842643776842,,0.4920211306764882
2021-05-13,2021-05-14,0.6553909155671567,0.815842643776842,,0.4920211306764882
2021-05-14,2021-05-17,0.8142921981530129,0.815842643776842,,0.4920211306764882
2021-05-17,2021-05-18,0.970028921135906,0.815842643776842,,0.4920211306764882
2021-05-18,2021-05-19,1.1752347717634486,0.815842643776842,,0.4920211306764882
2021-05-19,2021-05-20,1.3309714947463416,0.815842643776842,,0.4920211306764882
2021-05-20,2021-05-21,1.4479311462475197,0.815842643776842,,0.4920211306764882
2021-05-21,2021-05-24,1.606832428833376,0.815842643776842,,0.4920211306764882
2021-05-24,2021-05-25,1.7401323131804438,0.815842643776842,,0.4920211306764882
2021-05-25,2021-05-26,1.8990335957663,0.815842643776842,,0.4920211306764882
2021-05-26,2021-05-27,2.0767147730037525,0.815842643776842,,0.4920211306764882
2021-05-27,2021-05-28,2.272829651930043,0.815842643776842,,0.4920211306764882
2021-05-28,2021-05-31,0.1525621171421204,0.815842643776842,0.479444889213632,0.4920211306764882
2021-05-31,2021-06-01,0.3302432943795728,0.815842643776842,0.4905917230024377,0.4920211306764882
2021-06-01,2021-06-02,0.4828054115216932,0.815842643776842,0.4786338344928404,0.4920211306764882
2021-06-02,2021-06-03,0.5831533853559753,0.815842643776842,0.4457706640023515,0.4920211306764882
2021-06-03,2021-06-04,0.7388901083388684,0.815842643776842,0.3910654634531432,0.4920211306764882
2021-06-04,2021-06-07,0.8818674875680015,0.815842643776842,0.4001113933709505,0.4920211306764882
2021-06-07,2021-06-08,1.0151673719150693,0.815842643776842,0.3871284050700687,0.4920211306764882
2021-06-08,2021-06-09,1.1188598304721986,0.815842643776842,0.3863469822838508,0.4920211306764882
2021-06-09,2021-06-10,0.08345568026977637,0.815842643776842,,0.4920211306764882
2021-06-10,2021-06-11,0.223217622644935,0.815842643776842,,0.4920211306764882
2021-06-11,2021-06-15,0.35651750699200274,0.815842643776842,,0.4920211306764882
2021-06-15,2021-06-16,0.4701768254645242,0.815842643776842,,0.4920211306764882
2021-06-16,2021-06-17,0.6813977318218278,0.815842643776842,,0.4920211306764882
2021-06-17,2021-06-18,0.8652613089675977,0.815842643776842,,0.4920211306764882
2021-06-18,2021-06-21,0.958886568407003,0.815842643776842,,0.4920211306764882
2021-06-21,2021-06-22,1.1550014473332935,0.815842643776842,,0.4920211306764882
2021-06-22,2021-06-23,1.3419419499835425,0.815842643776842,,0.4920211306764882
2021-06-23,2021-06-24,1.5350080460604745,0.815842643776842,,0.4920211306764882
2021-06-24,2021-06-25,1.6779854252896076,0.815842643776842,,0.4920211306764882
2021-06-25,2021-06-28,1.8368867078754638,0.815842643776842,,0.4920211306764882
2021-06-28,2021-06-29,1.9701865922225315,0.815842643776842,,0.4920211306764882
2021-06-29,2021-06-30,2.067178858209841,0.815842643776842,,0.4920211306764882
2021-06-30,2021-07-01,2.1608041176492465,0.815842643776842,,0.4920211306764882
2021-07-01,2021-07-02,2.3446676947950165,0.815842643776842,,0.4920211306764882
2021-07-02,2021-07-05,2.522348872032469,0.815842643776842,,0.4920211306764882
2021-07-05,2021-07-06,2.7000300492699214,0.815842643776842,,0.4920211306764882
2021-07-06,2021-07-07,2.7936553087093268,0.815842643776842,,0.4920211306764882
2021-07-07,2021-07-08,2.9713364859467792,0.815842643776842,,0.4920211306764882
2021-07-08,2021-07-09,3.101389614194977,0.815842643776842,,0.4920211306764882
2021-07-09,2021-07-12,3.2790707914324293,0.815842643776842,,0.4920211306764882
2021-07-12,2021-07-13,3.47518567035872,0.815842643776842,,0.4920211306764882
2021-07-13,2021-07-14,3.6864065767160237,0.815842643776842,,0.4920211306764882
2021-07-14,2021-07-15,3.864087753953476,0.815842643776842,,0.4920211306764882
2021-07-15,2021-07-16,3.9777470724259976,0.815842643776842,,0.4920211306764882
2021-07-16,2021-07-19,4.097996200577574,0.815842643776842,,0.4920211306764882
2021-07-19,2021-07-20,4.19162146001698,0.815842643776842,,0.4920211306764882
2021-07-20,2021-07-21,4.308581111518158,0.815842643776842,,0.4920211306764882
2021-07-21,2021-07-22,4.461143228660278,0.815842643776842,,0.4920211306764882
2021-07-22,2021-07-23,4.65420932473721,0.815842643776842,,0.4920211306764882
2021-07-23,2021-07-26,0.16520051601384325,0.815842643776842,0.4627958940632516,0.4920211306764882
2021-07-26,2021-07-27,0.35214101866409236,0.815842643776842,0.40284908810235137,0.4920211306764882
2021-07-27,2021-07-28,0.569341016077454,0.815842643776842,0.35787658399077593,0.4920211306764882
2021-07-28,2021-07-29,0.7895172061638617,0.815842643776842,0.33073349746320757,0.4920211306764882
2021-07-29,2021-07-30,0.967198383401314,0.815842643776842,0.3822379284165995,0.4920211306764882
2021-07-30,2021-08-02,0.1525621171421204,0.815842643776842,,0.4920211306764882
2021-08-02,2021-08-03,0.369762114555482,0.815842643776842,,0.4920211306764882
2021-08-03,2021-08-04,0.5223242316976024,0.815842643776842,,0.4920211306764882
2021-08-04,2021-08-05,0.7245089319909687,0.815842643776842,,0.4920211306764882
2021-08-05,2021-08-06,0.8578088163380364,0.815842643776842,,0.4920211306764882
2021-08-06,2021-08-09,1.0447493189882855,0.815842643776842,,0.4920211306764882
2021-08-09,2021-08-10,1.1877266982174186,0.815842643776842,,0.4920211306764882
2021-08-10,2021-08-11,1.365407875454871,0.815842643776842,,0.4920211306764882
2021-08-11,2021-08-12,1.558473971531803,0.815842643776842,,0.4920211306764882
2021-08-12,2021-08-13,1.745414474182052,0.815842643776842,,0.4920211306764882
2021-08-13,2021-08-16,1.9011511971649453,0.815842643776842,,0.4920211306764882
2021-08-16,2021-08-17,2.0048436557220746,0.815842643776842,,0.4920211306764882
2021-08-17,2021-08-18,2.2130615568196084,0.815842643776842,,0.4920211306764882
2021-08-18,2021-08-19,2.409176435745899,0.815842643776842,,0.4920211306764882
2021-08-19,2021-08-20,2.5868576129833514,0.815842643776842,,0.4920211306764882
2021-08-20,2021-08-23,2.6972056701522167,0.815842643776842,,0.4920211306764882
2021-08-23,2021-08-24,2.86240618616606,0.815842643776842,,0.4920211306764882
2021-08-24,2021-08-25,3.0585210650923504,0.815842643776842,,0.4920211306764882
2021-08-25,2021-08-26,3.272735985662259,0.815842643776842,,0.4920211306764882
2021-08-26,2021-08-27,3.447311570341558,0.815842643776842,,0.4920211306764882
2021-08-27,2021-08-30,3.6156468851607726,0.815842643776842,,0.4920211306764882
2021-08-30,2021-08-31,3.774548167746629,0.815842643776842,,0.4920211306764882
2021-08-31,2021-09-01,0.1930660960769319,0.815842643776842,0.3562376606919164,0.4920211306764882
2021-09-01,2021-09-02,0.2900583620642416,0.815842643776842,0.37311776776360595,0.4920211306764882
2021-09-02,2021-09-03,0.4489596446500978,0.815842643776842,0.413976346336712,0.4920211306764882
2021-09-03,2021-09-06,0.5593077018189632,0.815842643776842,0.4271692539000578,0.4920211306764882
2021-09-06,2021-09-07,0.7584620967631504,0.815842643776842,0.47165400535818547,0.4920211306764882
2021-09-07,2021-09-08,0.9666799978606844,0.815842643776842,0.5040595504735456,0.4920211306764882
2021-09-08,2021-09-09,1.183879995274046,0.815842643776842,0.4901949262532704,0.4920211306764882
2021-09-09,2021-09-10,1.4010799926874076,0.815842643776842,0.5108623554287354,0.4920211306764882
2021-09-10,2021-09-13,1.57876116992486,0.815842643776842,0.5136059490632463,0.4920211306764882
2021-09-13,2021-09-14,1.7564423471623125,0.815842643776842,0.5036107492520245,0.4920211306764882
2021-09-14,2021-09-15,1.9090044643044328,0.815842643776842,0.49613704824854754,0.4920211306764882
2021-09-15,2021-09-16,0.0969922659873097,0.815842643776842,,0.4920211306764882
2021-09-16,2021-09-17,0.3052101670848437,0.815842643776842,,0.4920211306764882
2021-09-17,2021-09-22,0.5013250460111343,0.815842643776842,,0.4920211306764882
2021-09-22,2021-09-23,0.6882655486613833,0.815842643776842,,0.4920211306764882
2021-09-23,2021-09-24,0.8408276658035038,0.815842643776842,,0.4920211306764882
2021-09-24,2021-09-27,0.9378199317908135,0.815842643776842,,0.4920211306764882
2021-09-27,2021-09-28,0.21719999741336163,0.815842643776842,,0.4920211306764882
2021-09-28,2021-09-29,0.43439999482672326,0.815842643776842,,0.4920211306764882
2021-09-29,2021-09-30,0.654576184913131,0.815842643776842,,0.4920211306764882
2021-09-30,2021-10-08,0.8103129078960241,0.815842643776842,,0.4920211306764882
2021-10-08,2021-10-11,0.9879940851334765,0.815842643776842,,0.4920211306764882
2021-10-11,2021-10-12,1.1500499444678483,0.815842643776842,,0.4920211306764882
2021-10-12,2021-10-13,1.3461648233941388,0.815842643776842,,0.4920211306764882
2021-10-13,2021-10-14,0.17768117723745241,0.815842643776842,,0.4920211306764882
2021-10-14,2021-10-15,0.3397370365718241,0.815842643776842,,0.4920211306764882
2021-10-15,2021-10-18,0.1557367229828931,0.815842643776842,,0.4920211306764882
2021-10-18,2021-10-19,0.3209372389967363,0.815842643776842,,0.4920211306764882
2021-10-19,2021-10-20,0.49861841623418873,0.815842643776842,,0.4920211306764882
2021-10-20,2021-10-21,0.673194000913488,0.815842643776842,,0.4920211306764882
2021-10-21,2021-10-22,0.7868533193860094,0.815842643776842,,0.4920211306764882
2021-10-22,2021-10-25,0.17457558467929926,0.815842643776842,,0.4920211306764882
2021-10-25,2021-10-26,0.27492355851358136,0.815842643776842,,0.4920211306764882
2021-10-26,2021-10-27,0.36854881795298666,0.815842643776842,,0.4920211306764882
2021-10-27,2021-10-28,0.47557461292987413,0.815842643776842,,0.4920211306764882
2021-10-28,2021-10-29,0.6747290078740613,0.815842643776842,,0.4920211306764882
2021-10-29,2021-11-01,0.8336302904599175,0.815842643776842,,0.4920211306764882
2021-11-01,2021-11-02,0.9306225564472272,0.815842643776842,,0.4920211306764882
2021-11-02,2021-11-03,1.0508716845988042,0.815842643776842,,0.4920211306764882
2021-11-03,2021-11-04,1.1411185624465825,0.815842643776842,,0.4920211306764882
2021-11-04,2021-11-05,1.2414665362808646,0.815842643776842,,0.4920211306764882
2021-11-05,2021-11-08,1.33509179572027,0.815842643776842,,0.4920211306764882
2021-11-08,2021-11-09,1.4287170551596753,0.815842643776842,,0.4920211306764882
2021-11-09,2021-11-10,1.5223423145990806,0.815842643776842,,0.4920211306764882
2021-11-10,2021-11-11,1.6780790375819739,0.815842643776842,,0.4920211306764882
2021-11-11,2021-11-12,1.8526546222612732,0.815842643776842,,0.4920211306764882
2021-11-12,2021-11-15,2.011555904847129,0.815842643776842,,0.4920211306764882
2021-11-15,2021-11-16,2.131805032998706,0.815842643776842,,0.4920211306764882
2021-11-16,2021-11-17,2.290706315584562,0.815842643776842,,0.4920211306764882
2021-11-17,2021-11-18,2.4336836948136953,0.815842643776842,,0.4920211306764882
2021-11-18,2021-11-19,2.530675960801005,0.815842643776842,,0.4920211306764882
2021-11-19,2021-11-22,2.7176164634512543,0.815842643776842,,0.4920211306764882
2021-11-22,2021-11-23,2.913731342377545,0.815842643776842,,0.4920211306764882
2021-11-23,2021-11-24,3.1189371930050873,0.815842643776842,,0.4920211306764882
2021-11-24,2021-11-25,3.2841377090189305,0.815842643776842,,0.4920211306764882
2021-11-25,2021-11-26,3.38783016757606,0.815842643776842,,0.4920211306764882
2021-11-26,2021-11-29,3.5211300519231274,0.815842643776842,,0.4920211306764882
2021-11-29,2021-11-30,3.6380897034243054,0.815842643776842,,0.4920211306764882
2021-11-30,2021-12-01,3.7417821619814347,0.815842643776842,,0.4920211306764882
2021-12-01,2021-12-02,3.894344279123555,0.815842643776842,,0.4920211306764882
2021-12-02,2021-12-03,3.9879695385629605,0.815842643776842,,0.4920211306764882
2021-12-03,2021-12-06,4.130946917792094,0.815842643776842,,0.4920211306764882
2021-12-06,2021-12-07,4.247906569293272,0.815842643776842,,0.4920211306764882
2021-12-07,2021-12-08,4.354932364270159,0.815842643776842,,0.4920211306764882
2021-12-08,2021-12-09,4.438388044539935,0.815842643776842,,0.4920211306764882
2021-12-09,2021-12-10,4.597289327125791,0.815842643776842,,0.4920211306764882
2021-12-10,2021-12-13,4.774970504363243,0.815842643776842,,0.4920211306764882
2021-12-13,2021-12-14,4.917947883592376,0.815842643776842,,0.4920211306764882
2021-12-14,2021-12-15,5.004804927685643,0.815842643776842,,0.4920211306764882
2021-12-15,2021-12-16,5.098430187125048,0.815842643776842,,0.4920211306764882
2021-12-16,2021-12-17,5.208778244293914,0.815842643776842,,0.4920211306764882
2021-12-17,2021-12-20,5.302403503733319,0.815842643776842,,0.4920211306764882
2021-12-20,2021-12-21,5.4831806586758995,0.815842643776842,,0.4920211306764882
2021-12-21,2021-12-22,5.660861835913352,0.815842643776842,,0.4920211306764882
2021-12-22,2021-12-23,5.754487095352757,0.815842643776842,,0.4920211306764882
2021-12-23,2021-12-24,5.947553191429689,0.815842643776842,,0.4920211306764882
2021-12-24,2021-12-27,6.031008871699465,0.815842643776842,,0.4920211306764882
2021-12-27,2021-12-28,6.141356928868331,0.815842643776842,,0.4920211306764882
2021-12-28,2021-12-29,6.284334308097463,0.815842643776842,,0.4920211306764882
2021-12-29,2021-12-30,6.397993626569985,0.815842643776842,,0.4920211306764882
2021-12-30,2021-12-31,6.52152144618326,0.815842643776842,,0.4920211306764882
2021-12-31,2022-01-04,6.677258169166153,0.815842643776842,,0.4920211306764882
2022-01-04,2022-01-05,6.854939346403605,0.815842643776842,,0.4920211306764882
2022-01-05,2022-01-06,7.020139862417449,0.815842643776842,,0.4920211306764882
2022-01-06,2022-01-07,0.1869405026502491,0.815842643776842,,0.4920211306764882
2022-01-07,2022-01-10,0.3921463532777916,0.815842643776842,,0.4920211306764882
2022-01-10,2022-01-11,0.5091060047789697,0.815842643776842,,0.4920211306764882
2022-01-11,2022-01-12,0.683681589458269,0.815842643776842,,0.4920211306764882
2022-01-12,2022-01-13,0.7873740480153981,0.815842643776842,,0.4920211306764882
2022-01-13,2022-01-14,0.9588343653777481,0.815842643776842,,0.4920211306764882
2022-01-14,2022-01-17,1.1113964825198686,0.815842643776842,,0.4920211306764882
2022-01-17,2022-01-18,1.2349243021331437,0.815842643776842,,0.4920211306764882
2022-01-18,2022-01-19,0.1557367229828931,0.815842643776842,,0.4920211306764882
2022-01-19,2022-01-20,0.2792645425961684,0.815842643776842,,0.4920211306764882
2022-01-20,2022-01-21,0.17768117723745241,0.815842643776842,,0.4920211306764882
2022-01-21,2022-01-24,0.3858990783349864,0.815842643776842,,0.4920211306764882
2022-01-24,2022-01-25,0.5789651744119183,0.815842643776842,,0.4920211306764882
2022-01-25,2022-01-26,0.7961651718252799,0.815842643776842,,0.4920211306764882
2022-01-26,2022-01-27,1.0043830729228138,0.815842643776842,,0.4920211306764882
2022-01-27,2022-01-28,0.22017619008640768,0.815842643776842,,0.4920211306764882
2022-01-28,2022-02-07,0.4223608903797739,0.815842643776842,,0.4920211306764882
2022-02-07,2022-02-08,0.6000420676172263,0.815842643776842,,0.4920211306764882
2022-02-08,2022-02-09,0.7931081636941583,0.815842643776842,,0.4920211306764882
2022-02-09,2022-02-10,1.01030816110752,0.815842643776842,,0.4920211306764882
2022-02-10,2022-02-11,1.2155140117350625,0.815842643776842,,0.4920211306764882
2022-02-11,2022-02-14,1.3057608895828408,0.815842643776842,,0.4920211306764882
2022-02-14,2022-02-15,1.504915284527028,0.815842643776842,,0.4920211306764882
2022-02-15,2022-02-16,1.6701158005408712,0.815842643776842,,0.4920211306764882
2022-02-16,2022-02-17,1.7804638577097365,0.815842643776842,,0.4920211306764882
2022-02-17,2022-02-18,1.9393651402955927,0.815842643776842,,0.4920211306764882
2022-02-18,2022-02-21,2.0982664228814487,0.815842643776842,,0.4920211306764882
2022-02-21,2022-02-22,2.275947600118901,0.815842643776842,,0.4920211306764882
2022-02-22,2022-02-23,2.3762955739531835,0.815842643776842,,0.4920211306764882
2022-02-23,2022-02-24,2.528857691095304,0.815842643776842,,0.4920211306764882
2022-02-24,2022-02-25,2.7065388683327565,0.815842643776842,,0.4920211306764882
2022-02-25,2022-02-28,2.833334664710648,0.815842643776842,,0.4920211306764882
2022-02-28,2022-03-01,2.950294316211826,0.815842643776842,,0.4920211306764882
2022-03-01,2022-03-02,3.1310714711544065,0.815842643776842,,0.4920211306764882
2022-03-02,2022-03-03,3.283633588296527,0.815842643776842,,0.4920211306764882
2022-03-03,2022-03-04,3.3772588477359324,0.815842643776842,,0.4920211306764882
2022-03-04,2022-03-07,3.5329955707188256,0.815842643776842,,0.4920211306764882
2022-03-07,2022-03-08,3.7442164770761295,0.815842643776842,,0.4920211306764882
2022-03-08,2022-03-09,3.9643926671625374,0.815842643776842,,0.4920211306764882
2022-03-09,2022-03-10,0.22017619008640768,0.815842643776842,,0.4920211306764882
2022-03-10,2022-03-11,0.4373761874997693,0.815842643776842,,0.4920211306764882
2022-03-11,2022-03-14,0.5803535667289024,0.815842643776842,,0.4920211306764882
2022-03-14,2022-03-15,0.6873793617057898,0.815842643776842,,0.4920211306764882
2022-03-15,2022-03-16,0.9075555517921975,0.815842643776842,,0.4920211306764882
2022-03-16,2022-03-17,1.1277317418786053,0.815842643776842,,0.4920211306764882
2022-03-17,2022-03-18,0.13976194237515863,0.815842643776842,,0.4920211306764882
2022-03-18,2022-03-21,0.3599381324615663,0.815842643776842,,0.4920211306764882
2022-03-21,2022-03-22,0.5741530530314747,0.815842643776842,,0.4920211306764882
2022-03-22,2022-03-23,0.7518342302689272,0.815842643776842,,0.4920211306764882
2022-03-23,2022-03-24,0.9107355128547834,0.815842643776842,,0.4920211306764882
2022-03-24,2022-03-25,1.0110834866890654,0.815842643776842,,0.4920211306764882
2022-03-25,2022-03-28,1.188764663926518,0.815842643776842,,0.4920211306764882
2022-03-28,2022-03-29,1.375705166576767,0.815842643776842,,0.4920211306764882
2022-03-29,2022-03-30,1.5533863438142195,0.815842643776842,,0.4920211306764882
2022-03-30,2022-03-31,1.7403268464644686,0.815842643776842,,0.4920211306764882
2022-03-31,2022-04-01,1.8833042256936017,0.815842643776842,,0.4920211306764882
2022-04-01,2022-04-06,2.0702447283438508,0.815842643776842,,0.4920211306764882
2022-04-06,2022-04-07,2.1772705233207383,0.815842643776842,,0.4920211306764882
2022-04-07,2022-04-08,2.3611341004665083,0.815842643776842,,0.4920211306764882
2022-04-08,2022-04-11,2.5602884954106955,0.815842643776842,,0.4920211306764882
2022-04-11,2022-04-12,2.7804646854971033,0.815842643776842,,0.4920211306764882
2022-04-12,2022-04-13,2.958145862734556,0.815842643776842,,0.4920211306764882
2022-04-13,2022-04-14,3.1663637638320896,0.815842643776842,,0.4920211306764882
2022-04-14,2022-04-15,3.3502273409778596,0.815842643776842,,0.4920211306764882
2022-04-15,2022-04-18,3.5059640639607528,0.815842643776842,,0.4920211306764882
2022-04-18,2022-04-19,0.11695965150117814,0.815842643776842,,0.4920211306764882
2022-04-19,2022-04-20,0.24375544787906955,0.815842643776842,,0.4920211306764882
2022-04-20,2022-04-21,0.43376343759718056,0.815842643776842,,0.4920211306764882
2022-04-21,2022-04-22,0.6539396276835883,0.815842643776842,,0.4920211306764882
2022-04-22,2022-04-25,0.8741158177699959,0.815842643776842,,0.4920211306764882
2022-04-25,2022-04-26,1.0942920078564036,0.815842643776842,,0.4920211306764882
2022-04-26,2022-04-27,1.3144681979428112,0.815842643776842,,0.4920211306764882
2022-04-27,2022-04-28,1.5346443880292189,0.815842643776842,,0.4920211306764882
2022-04-28,2022-04-29,0.1557367229828931,0.815842643776842,,0.4920211306764882
2022-04-29,2022-05-05,0.37591291306930075,0.815842643776842,,0.4920211306764882
2022-05-05,2022-05-06,0.5960891031557084,0.815842643776842,,0.4920211306764882
2022-05-06,2022-05-09,0.8043070042532424,0.815842643776842,,0.4920211306764882
2022-05-09,2022-05-10,0.9113327992301299,0.815842643776842,,0.4920211306764882
2022-05-10,2022-05-11,1.0049580586695352,0.815842643776842,,0.4920211306764882
2022-05-11,2022-05-12,1.2161789650268389,0.815842643776842,,0.4920211306764882
2022-05-12,2022-05-13,1.4183636653202052,0.815842643776842,,0.4920211306764882
2022-05-13,2022-05-16,1.6083716550383163,0.815842643776842,,0.4920211306764882
2022-05-16,2022-05-17,1.7641083780212092,0.815842643776842,,0.4920211306764882
2022-05-17,2022-05-18,1.932443692840424,0.815842643776842,,0.4920211306764882
2022-05-18,2022-05-19,2.0158993731102006,0.815842643776842,,0.4920211306764882
2022-05-19,2022-05-20,2.168461490252321,0.815842643776842,,0.4920211306764882
2022-05-20,2022-05-23,2.361527586329253,0.815842643776842,,0.4920211306764882
2022-05-23,2022-05-24,2.5697454874267867,0.815842643776842,,0.4920211306764882
2022-05-24,2022-05-25,2.747426664664239,0.815842643776842,,0.4920211306764882
2022-05-25,2022-05-26,2.9251078419016916,0.815842643776842,,0.4920211306764882
2022-05-26,2022-05-27,3.077669959043812,0.815842643776842,,0.4920211306764882
2022-05-27,2022-05-30,0.208217901097534,0.815842643776842,0.36383137411821537,0.4920211306764882
2022-05-30,2022-05-31,0.3951584037477831,0.815842643776842,0.37346484464792395,0.4920211306764882
2022-05-31,2022-06-01,0.588224499824715,0.815842643776842,0.36969972482733676,0.4920211306764882
2022-06-01,2022-06-02,0.7843393787510056,0.815842643776842,0.368730493337862,0.4920211306764882
2022-06-02,2022-06-06,0.9834937736951928,0.815842643776842,0.3750021011230699,0.4920211306764882
2022-06-06,2022-06-07,1.1917116747927268,0.815842643776842,0.38680792318322643,0.4920211306764882
2022-06-07,2022-06-08,1.3999295758902608,0.815842643776842,0.38443857382608265,0.4920211306764882
2022-06-08,2022-06-09,1.6021142761836271,0.815842643776842,0.3827555479994134,0.4920211306764882
2022-06-09,2022-06-10,1.75785099916652,0.815842643776842,0.4225804378424923,0.4920211306764882
2022-06-10,2022-06-13,1.9104131163086404,0.815842643776842,0.4570515160202297,0.4920211306764882
2022-06-13,2022-06-14,2.0141055748657695,0.815842643776842,0.44861737527626544,0.4920211306764882
2022-06-14,2022-06-15,2.216290275159136,0.815842643776842,0.47054587852426255,0.4920211306764882
2022-06-15,2022-06-16,2.326638332328001,0.815842643776842,0.5204749288805651,0.4920211306764882
2022-06-16,2022-06-17,2.443597983829179,0.815842643776842,0.5062246753170161,0.4920211306764882
2022-06-17,2022-06-20,2.5768978681762467,0.815842643776842,0.49448091727071075,0.4920211306764882
2022-06-20,2022-06-21,2.735799150762103,0.815842643776842,0.48952741273149547,0.4920211306764882
2022-06-21,2022-06-22,2.836147124596385,0.815842643776842,0.48648927076625137,0.4920211306764882
2022-06-22,2022-06-23,0.19915439494418713,0.815842643776842,,0.4920211306764882
2022-06-23,2022-06-24,0.3161140464453653,0.815842643776842,,0.4920211306764882
2022-06-24,2022-06-27,0.4937952236828177,0.815842643776842,,0.4920211306764882
2022-06-27,2022-06-28,0.7109952210961793,0.815842643776842,,0.4920211306764882
2022-06-28,2022-06-29,0.21122090635730364,0.815842643776842,0.46705897999716356,0.4920211306764882
2022-06-29,2022-06-30,0.304846165796709,0.815842643776842,0.48678316059824756,0.4920211306764882
2022-06-30,2022-07-01,0.4574082829388294,0.815842643776842,0.4987447120098142,0.4920211306764882
2022-07-01,2022-07-04,0.6131450059217225,0.815842643776842,0.4749959082042767,0.4920211306764882
2022-07-04,2022-07-05,0.8153297062150887,0.815842643776842,0.49953210987957297,0.4920211306764882
2022-07-05,2022-07-06,0.9710664291979818,0.815842643776842,0.49205547418799184,0.4920211306764882
2022-07-06,2022-07-07,1.074758887755111,0.815842643776842,0.49336217704553564,0.4920211306764882
2022-07-07,2022-07-08,0.15890128258585617,0.815842643776842,,0.4920211306764882
2022-07-08,2022-07-11,0.3458417852361053,0.815842643776842,,0.4920211306764882
2022-07-11,2022-07-12,0.5235229624735578,0.815842643776842,,0.4920211306764882
2022-07-12,2022-07-13,0.7377378830434662,0.815842643776842,,0.4920211306764882
2022-07-13,2022-07-14,0.9338527619697568,0.815842643776842,,0.4920211306764882
2022-07-14,2022-07-15,1.037545220526886,0.815842643776842,,0.4920211306764882
2022-07-15,2022-07-18,0.14297737922913306,0.815842643776842,,0.4920211306764882
2022-07-18,2022-07-19,0.2891598894072145,0.815842643776842,,0.4920211306764882
2022-07-19,2022-07-20,0.4159556857851059,0.815842643776842,,0.4920211306764882
2022-07-20,2022-07-21,0.6301706063550143,0.815842643776842,,0.4920211306764882
2022-07-21,2022-07-22,0.7602237346032121,0.815842643776842,,0.4920211306764882
2022-07-22,2022-07-25,0.14297737922913306,0.815842643776842,,0.4920211306764882
2022-07-25,2022-07-26,0.351195280326667,0.815842643776842,,0.4920211306764882
2022-07-26,2022-07-27,0.48449516467373477,0.815842643776842,,0.4920211306764882
2022-07-27,2022-07-28,0.6274725439028679,0.815842643776842,,0.4920211306764882
2022-07-28,2022-07-29,0.8174805336209789,0.815842643776842,,0.4920211306764882
2022-07-29,2022-08-01,0.917828507455261,0.815842643776842,,0.4920211306764882
2022-08-01,2022-08-02,1.018176481289543,0.815842643776842,,0.4920211306764882
2022-08-02,2022-08-03,1.226394382387077,0.815842643776842,,0.4920211306764882
2022-08-03,2022-08-04,0.208217901097534,0.815842643776842,,0.4920211306764882
2022-08-04,2022-08-05,0.41943880745483764,0.815842643776842,,0.4920211306764882
2022-08-05,2022-08-08,0.6033023846006075,0.815842643776842,,0.4920211306764882
2022-08-08,2022-08-09,0.8145232909579111,0.815842643776842,,0.4920211306764882
2022-08-09,2022-08-10,1.022741192055445,0.815842643776842,,0.4920211306764882
2022-08-10,2022-08-11,0.1525621171421204,0.815842643776842,,0.4920211306764882
2022-08-11,2022-08-12,0.3395026197923695,0.815842643776842,,0.4920211306764882
2022-08-12,2022-08-15,0.16833531481921474,0.815842643776842,0.44399116129715205,0.4920211306764882
2022-08-15,2022-08-16,0.36140141089614664,0.815842643776842,0.41407676674396016,0.4920211306764882
2022-08-16,2022-08-17,0.47174946806501206,0.815842643776842,0.38550655392914696,0.4920211306764882
2022-08-17,2022-08-18,0.6306507506508683,0.815842643776842,0.3725491418292196,0.4920211306764882
2022-08-18,2022-08-19,0.7409988078197337,0.815842643776842,0.3658273072041067,0.4920211306764882
2022-08-19,2022-08-22,0.9030546671541053,0.815842643776842,0.35915172140449486,0.4920211306764882
2022-08-22,2022-08-23,1.010080462130993,0.815842643776842,0.35616003472718655,0.4920211306764882
2022-08-23,2022-08-24,1.0935361424007692,0.815842643776842,0.418487111659219,0.4920211306764882
2022-08-24,2022-08-25,1.2804766450510183,0.815842643776842,0.37560237482451786,0.4920211306764882
2022-08-25,2022-08-26,0.20218470029336624,0.815842643776842,,0.4920211306764882
2022-08-26,2022-08-29,0.41040260139090023,0.815842643776842,,0.4920211306764882
2022-08-29,2022-08-30,0.5240619198634218,0.815842643776842,,0.4920211306764882
2022-08-30,2022-08-31,0.6573618042104895,0.815842643776842,,0.4920211306764882
2022-08-31,2022-09-01,0.8565161991546766,0.815842643776842,,0.4920211306764882
2022-09-01,2022-09-02,1.0647341002522106,0.815842643776842,,0.4920211306764882
2022-09-02,2022-09-05,1.2638884951963978,0.815842643776842,,0.4920211306764882
2022-09-05,2022-09-06,1.380848146697576,0.815842643776842,,0.4920211306764882
2022-09-06,2022-09-07,1.58906604779511,0.815842643776842,,0.4920211306764882
2022-09-07,2022-09-08,1.7942718984226524,0.815842643776842,,0.4920211306764882
2022-09-08,2022-09-09,1.971953075660105,0.815842643776842,,0.4920211306764882
2022-09-09,2022-09-13,2.0823011328289702,0.815842643776842,,0.4920211306764882
2022-09-13,2022-09-14,2.1657568130987466,0.815842643776842,,0.4920211306764882
2022-09-14,2022-09-15,2.276104870267612,0.815842643776842,,0.4920211306764882
2022-09-15,2022-09-16,2.4903197908375203,0.815842643776842,,0.4920211306764882
2022-09-16,2022-09-19,0.22017619008640768,0.815842643776842,,0.4920211306764882
2022-09-19,2022-09-20,0.44035238017281536,0.815842643776842,,0.4920211306764882
2022-09-20,2022-09-21,0.6455582308003579,0.815842643776842,,0.4920211306764882
2022-09-21,2022-09-22,0.7559062879692233,0.815842643776842,,0.4920211306764882
2022-09-22,2022-09-23,0.9084684051113437,0.815842643776842,,0.4920211306764882
2022-09-23,2022-09-26,1.073668921125187,0.815842643776842,,0.4920211306764882
2022-09-26,2022-09-27,1.281886822222721,0.815842643776842,,0.4920211306764882
2022-09-27,2022-09-28,1.4344489393648414,0.815842643776842,,0.4920211306764882
2022-09-28,2022-09-29,0.1930660960769319,0.815842643776842,,0.4920211306764882
2022-09-29,2022-09-30,0.3198618924548233,0.815842643776842,,0.4920211306764882
2022-09-30,2022-10-10,0.5370618898681849,0.815842643776842,,0.4920211306764882
2022-10-10,2022-10-11,0.7392465901615511,0.815842643776842,,0.4920211306764882
2022-10-11,2022-10-12,0.9169277673990035,0.815842643776842,,0.4920211306764882
2022-10-12,2022-10-13,1.1099938634759354,0.815842643776842,,0.4920211306764882
2022-10-13,2022-10-14,1.327193860889297,0.815842643776842,,0.4920211306764882
2022-10-14,2022-10-17,1.5473700509757047,0.815842643776842,,0.4920211306764882
2022-10-17,2022-10-18,1.761584971545613,0.815842643776842,,0.4920211306764882
2022-10-18,2022-10-19,1.9787849689589747,0.815842643776842,,0.4920211306764882
2022-10-19,2022-10-20,2.0622406492287513,0.815842643776842,,0.4920211306764882
2022-10-20,2022-10-21,2.2211419318146075,0.815842643776842,,0.4920211306764882
2022-10-21,2022-10-24,2.3957175164939066,0.815842643776842,,0.4920211306764882
2022-10-24,2022-10-25,2.5640528313131212,0.815842643776842,,0.4920211306764882
2022-10-25,2022-10-26,2.7386284159924204,0.815842643776842,,0.4920211306764882
2022-10-26,2022-10-27,2.8423208745495496,0.815842643776842,,0.4920211306764882
2022-10-27,2022-10-28,3.001222157135406,0.815842643776842,,0.4920211306764882
2022-10-28,2022-10-31,3.1789033343728583,0.815842643776842,,0.4920211306764882
2022-10-31,2022-11-01,3.387121235470392,0.815842643776842,,0.4920211306764882
2022-11-01,2022-11-02,3.4908136940275214,0.815842643776842,,0.4920211306764882
2022-11-02,2022-11-03,3.708013691440883,0.815842643776842,,0.4920211306764882
2022-11-03,2022-11-04,3.9222286120107914,0.815842643776842,,0.4920211306764882
2022-11-04,2022-11-07,4.136443532580699,0.815842643776842,,0.4920211306764882
2022-11-07,2022-11-08,4.338628232874066,0.815842643776842,,0.4920211306764882
2022-11-08,2022-11-09,4.540812933167432,0.815842643776842,,0.4920211306764882
2022-11-09,2022-11-10,4.641160907001714,0.815842643776842,,0.4920211306764882
2022-11-10,2022-11-11,4.793723024143834,0.815842643776842,,0.4920211306764882
2022-11-11,2022-11-14,4.88734828358324,0.815842643776842,,0.4920211306764882
2022-11-14,2022-11-15,0.09362525943940533,0.815842643776842,0.38185070502139107,0.4920211306764882
2022-11-15,2022-11-16,0.2958099597327716,0.815842643776842,0.40085785314634376,0.4920211306764882
2022-11-16,2022-11-17,0.45471124231862775,0.815842643776842,0.37640672881737985,0.4920211306764882
2022-11-17,2022-11-18,0.6323924195560802,0.815842643776842,0.3869953013163112,0.4920211306764882
2022-11-18,2022-11-21,0.7753697987852133,0.815842643776842,0.40686315086867586,0.4920211306764882
2022-11-21,2022-11-22,0.8757177726194953,0.815842643776842,0.4108394473332739,0.4920211306764882
2022-11-22,2022-11-23,1.0533989498569478,0.815842643776842,0.36479733037246775,0.4920211306764882
2022-11-23,2022-11-24,0.16520051601384325,0.815842643776842,,0.4920211306764882
2022-11-24,2022-11-25,0.32410179859969945,0.815842643776842,,0.4920211306764882
2022-11-25,2022-11-28,0.4574016829467672,0.815842643776842,,0.4920211306764882
2022-11-28,2022-11-29,0.1557367229828931,0.815842643776842,,0.4920211306764882
2022-11-29,2022-11-30,0.3051141240574936,0.815842643776842,,0.4920211306764882
2022-11-30,2022-12-01,0.4640154066433498,0.815842643776842,,0.4920211306764882
2022-12-01,2022-12-02,0.6601302855696403,0.815842643776842,,0.4920211306764882
2022-12-02,2022-12-05,0.7503771634174184,0.815842643776842,,0.4920211306764882
2022-12-05,2022-12-06,0.1557367229828931,0.815842643776842,,0.4920211306764882
2022-12-06,2022-12-07,0.2660847801517585,0.815842643776842,,0.4920211306764882
2022-12-07,2022-12-08,0.39938466449882626,0.815842643776842,,0.4920211306764882
2022-12-08,2022-12-09,0.5163443160000044,0.815842643776842,,0.4920211306764882
2022-12-09,2022-12-12,0.6233701109768919,0.815842643776842,,0.4920211306764882
2022-12-12,2022-12-13,0.7759322281190123,0.815842643776842,,0.4920211306764882
2022-12-13,2022-12-14,0.9348335107048684,0.815842643776842,,0.4920211306764882
2022-12-14,2022-12-15,0.17768117723745241,0.815842643776842,,0.4920211306764882
2022-12-15,2022-12-16,0.3302432943795728,0.815842643776842,,0.4920211306764882
2022-12-16,2022-12-19,0.4828054115216932,0.815842643776842,,0.4920211306764882
2022-12-19,2022-12-20,0.6910233126192272,0.815842643776842,,0.4920211306764882
2022-12-20,2022-12-21,0.9082233100325888,0.815842643776842,,0.4920211306764882
2022-12-21,2022-12-22,1.1254233074459505,0.815842643776842,,0.4920211306764882
2022-12-22,2022-12-23,1.3336412085434846,0.815842643776842,,0.4920211306764882
2022-12-23,2022-12-26,1.5267073046204165,0.815842643776842,,0.4920211306764882
2022-12-26,2022-12-27,1.6101629848901928,0.815842643776842,,0.4920211306764882
2022-12-27,2022-12-28,0.1869405026502491,0.815842643776842,,0.4920211306764882
2022-12-28,2022-12-29,0.3738810053004982,0.815842643776842,,0.4920211306764882
2022-12-29,2022-12-30,0.4742289791347803,0.815842643776842,,0.4920211306764882
2022-12-30,2023-01-03,0.5845770363036457,0.815842643776842,,0.4920211306764882
2023-01-03,2023-01-04,0.7653541912462262,0.815842643776842,0.3789034905170915,0.4920211306764882
2023-01-04,2023-01-05,0.949217768391996,0.815842643776842,0.3772537327854237,0.4920211306764882
2023-01-05,2023-01-06,1.1544236190195385,0.815842643776842,0.38905011045184135,0.4920211306764882
2023-01-06,2023-01-09,1.3101603420024315,0.815842643776842,0.3715816583455331,0.4920211306764882
2023-01-09,2023-01-10,1.487841519239884,0.815842643776842,0.35994581172846185,0.4920211306764882
2023-01-10,2023-01-11,1.6211414035869516,0.815842643776842,0.3749645337100629,0.4920211306764882
2023-01-11,2023-01-12,1.704597083856728,0.815842643776842,0.3730175637375944,0.4920211306764882
2023-01-12,2023-01-13,1.8149451410255932,0.815842643776842,0.3783157714948638,0.4920211306764882
2023-01-13,2023-01-16,0.09362525943940533,0.815842643776842,0.40386592133129445,0.4920211306764882
2023-01-16,2023-01-17,0.28056576208965445,0.815842643776842,0.4037438482340943,0.4920211306764882
2023-01-17,2023-01-18,0.4736318581665864,0.815842643776842,0.3758692368278387,0.4920211306764882
2023-01-18,2023-01-19,0.6513130354040388,0.815842643776842,0.34509424356312196,0.4920211306764882
2023-01-19,2023-01-20,0.8196483502232536,0.815842643776842,0.3809004049411247,0.4920211306764882
2023-01-20,2023-01-30,1.0127144463001854,0.815842643776842,0.40122678338224466,0.4920211306764882
2023-01-30,2023-01-31,1.208829325226476,0.815842643776842,0.39966724206146986,0.4920211306764882
2023-01-31,2023-02-01,1.3865105024639284,0.815842643776842,0.3820523216659498,0.4920211306764882
2023-02-01,2023-02-02,1.5734510051141775,0.815842643776842,0.3981740367831252,0.4920211306764882
2023-02-02,2023-02-03,1.75113218235163,0.815842643776842,0.3784442828568151,0.4920211306764882
2023-02-03,2023-02-06,1.9036942994937502,0.815842643776842,0.378677625031644,0.4920211306764882
2023-02-06,2023-02-07,2.0594310224766432,0.815842643776842,0.35732194304427517,0.4920211306764882
2023-02-07,2023-02-08,2.2119931396187638,0.815842643776842,0.36214264388573153,0.4920211306764882
2023-02-08,2023-02-09,2.377193655632607,0.815842643776842,0.3700753740971655,0.4920211306764882
2023-02-09,2023-02-10,2.5297557727747275,0.815842643776842,0.4219678483975633,0.4920211306764882
2023-02-10,2023-02-13,2.633448231331857,0.815842643776842,0.434449871012582,0.4920211306764882
2023-02-13,2023-02-14,2.820388733982106,0.815842643776842,0.43327658942553054,0.4920211306764882
2023-02-14,2023-02-15,2.963366113211239,0.815842643776842,0.43471490512362243,0.4920211306764882
2023-02-15,2023-02-16,3.1159282303533598,0.815842643776842,0.4300082860108275,0.4920211306764882
2023-02-16,2023-02-17,0.17768117723745241,0.815842643776842,0.3866431518198297,0.4920211306764882
2023-02-17,2023-02-20,0.38288702786499496,0.815842643776842,0.34392133033040073,0.4920211306764882
2023-02-20,2023-02-21,0.5161869122120627,0.815842643776842,0.3806882762803764,0.4920211306764882
2023-02-21,2023-02-22,0.6938680894495151,0.815842643776842,0.3879354641546445,0.4920211306764882
2023-02-22,2023-02-23,0.8930224843937022,0.815842643776842,0.3593418666035675,0.4920211306764882
2023-02-23,2023-02-24,0.9933704582279843,0.815842643776842,0.3612833336983143,0.4920211306764882
2023-02-24,2023-02-27,1.1363478374571174,0.815842643776842,0.3703185188144896,0.4920211306764882
2023-02-27,2023-02-28,1.2952491200429737,0.815842643776842,0.3659047270250242,0.4920211306764882
2023-02-28,2023-03-01,1.37870480031275,0.815842643776842,0.39616219333003255,0.4920211306764882
2023-03-01,2023-03-02,1.534441523295643,0.815842643776842,0.39573360249917455,0.4920211306764882
2023-03-02,2023-03-03,1.6996420393094862,0.815842643776842,0.35366655911811345,0.4920211306764882
2023-03-03,2023-03-06,1.8198911674610632,0.815842643776842,0.35774127967186986,0.4920211306764882
2023-03-06,2023-03-07,1.9135164269004685,0.815842643776842,0.34173060407073885,0.4920211306764882
2023-03-07,2023-03-08,2.0911976041379208,0.815842643776842,0.3728193122895276,0.4920211306764882
2023-03-08,2023-03-09,2.2688787813753732,0.815842643776842,0.4028741398028791,0.4920211306764882
2023-03-09,2023-03-10,2.4558192840256226,0.815842643776842,0.3998895717603676,0.4920211306764882
2023-03-10,2023-03-13,2.624154598844837,0.815842643776842,0.37967050550067677,0.4920211306764882
2023-03-13,2023-03-14,2.7767167159869577,0.815842643776842,0.44940294651470525,0.4920211306764882
2023-03-14,2023-03-15,0.17768117723745241,0.815842643776842,0.46421955308846874,0.4920211306764882
2023-03-15,2023-03-16,0.2847069722143399,0.815842643776842,0.4963040886321383,0.4920211306764882
2023-03-16,2023-03-17,0.471647474864589,0.815842643776842,0.519944016593492,0.4920211306764882
2023-03-17,2023-03-20,0.5652727343039944,0.815842643776842,0.5492525863231181,0.4920211306764882
2023-03-20,2023-03-21,0.7210094572868875,0.815842643776842,0.5481804051101077,0.4920211306764882
2023-03-21,2023-03-22,0.89869063452434,0.815842643776842,0.5644328037902809,0.4920211306764882
2023-03-22,2023-03-23,0.17768117723745241,0.815842643776842,0.5390135447160455,0.4920211306764882
2023-03-23,2023-03-24,0.3798658775308187,0.815842643776842,0.5411514571375329,0.4920211306764882
2023-03-24,2023-03-27,0.5450663935446619,0.815842643776842,0.526721638794334,0.4920211306764882
2023-03-27,2023-03-28,0.6880437727737949,0.815842643776842,0.5234587614309605,0.4920211306764882
2023-03-28,2023-03-29,0.7983918299426603,0.815842643776842,0.5130037292359395,0.4920211306764882
2023-03-29,2023-03-30,0.9509539470847808,0.815842643776842,0.49627722228899834,0.4920211306764882
2023-03-30,2023-03-31,1.061302004253646,0.815842643776842,0.5175947695447165,0.4920211306764882
2023-03-31,2023-04-03,1.217038727236539,0.815842643776842,0.4991793612190183,0.4920211306764882
2023-04-03,2023-04-04,1.4222445778640815,0.815842643776842,0.45420240529192735,0.4920211306764882
2023-04-04,2023-04-06,0.1930660960769319,0.815842643776842,0.4243040486908214,0.4920211306764882
2023-04-06,2023-04-07,0.35826661209077515,0.815842643776842,0.3959414375544434,0.4920211306764882
2023-04-07,2023-04-10,0.5108287292328956,0.815842643776842,0.40646734356411784,0.4920211306764882
2023-04-10,2023-04-11,0.5942844095026719,0.815842643776842,0.40218513764060226,0.4920211306764882
2023-04-11,2023-04-12,0.6845312873504501,0.815842643776842,0.38128100643553103,0.4920211306764882
2023-04-12,2023-04-13,0.7915570823273376,0.815842643776842,0.3769779543590886,0.4920211306764882
2023-04-13,2023-04-14,0.8851823417667429,0.815842643776842,0.3829091421359665,0.4920211306764882
2023-04-14,2023-04-17,0.9788076012061483,0.815842643776842,0.3833508455699611,0.4920211306764882
2023-04-17,2023-04-18,1.0791555750404305,0.815842643776842,0.3908602052725798,0.4920211306764882
2023-04-18,2023-04-19,1.2221329542695636,0.815842643776842,0.39651079048669907,0.4920211306764882
2023-04-19,2023-04-20,1.3224809281038457,0.815842643776842,0.3965692646550176,0.4920211306764882
2023-04-20,2023-04-21,0.1525621171421204,0.815842643776842,0.3825527208109262,0.4920211306764882
2023-04-21,2023-04-24,0.36378302349942404,0.815842643776842,0.3022193695850286,0.4920211306764882
2023-04-24,2023-04-25,0.2142149205699084,0.815842643776842,0.28670208039859785,0.4920211306764882
2023-04-25,2023-04-26,0.4343911106563161,0.815842643776842,0.2980091703157252,0.4920211306764882
2023-04-26,2023-04-27,0.6213316133065652,0.815842643776842,0.32537973020125976,0.4920211306764882
2023-04-27,2023-04-28,0.7738937304486856,0.815842643776842,0.33550902545571454,0.4920211306764882
2023-04-28,2023-05-04,0.9669598265256175,0.815842643776842,0.3262421702067857,0.4920211306764882
2023-05-04,2023-05-05,0.1930660960769319,0.815842643776842,0.3245024986322793,0.4920211306764882
2023-05-05,2023-05-08,0.33604347530606493,0.815842643776842,0.3457870853184549,0.4920211306764882
2023-05-08,2023-05-09,0.4296687347454703,0.815842643776842,0.37497609718952124,0.4920211306764882
2023-05-09,2023-05-10,0.598004049564685,0.815842643776842,0.4017218912444784,0.4920211306764882
2023-05-10,2023-05-11,0.11365931847252148,0.815842643776842,0.4157227838360658,0.4920211306764882
2023-05-11,2023-05-12,0.2913404957099739,0.815842643776842,0.42603265160018694,0.4920211306764882
2023-05-12,2023-05-15,0.4690216729474263,0.815842643776842,0.44174248900078883,0.4920211306764882
2023-05-15,2023-05-16,0.5693696467817084,0.815842643776842,0.4911029887792915,0.4920211306764882
2023-05-16,2023-05-17,0.7123470260108415,0.815842643776842,0.5004340932462381,0.4920211306764882
2023-05-17,2023-05-18,0.8325961541624185,0.815842643776842,0.5447292302582569,0.4920211306764882
2023-05-18,2023-05-19,0.9528452823139955,0.815842643776842,0.5697704883682877,0.4920211306764882
2023-05-19,2023-05-22,1.0464705417534008,0.815842643776842,0.5621939029581173,0.4920211306764882
2023-05-22,2023-05-23,1.1400958011928062,0.815842643776842,0.5517017376508656,0.4920211306764882
2023-05-23,2023-05-24,1.308431116012021,0.815842643776842,0.557418253883792,0.4920211306764882
2023-05-24,2023-05-25,1.49537161866227,0.815842643776842,0.5491147043092024,0.4920211306764882
2023-05-25,2023-05-26,1.6914864975885606,0.815842643776842,0.5167003105534249,0.4920211306764882
2023-05-26,2023-05-29,0.10369245855712919,0.815842643776842,0.5441370784830774,0.4920211306764882
2023-05-29,2023-05-30,0.2107182535340167,0.815842643776842,0.49164302778259705,0.4920211306764882
2023-05-30,2023-05-31,0.37591876954785997,0.815842643776842,0.5216818439868046,0.4920211306764882
2023-05-31,2023-06-01,0.47626674338214203,0.815842643776842,0.5196707855031755,0.4920211306764882
2023-06-01,2023-06-02,0.5932263948833202,0.815842643776842,0.540073399103687,0.4920211306764882
2023-06-02,2023-06-05,0.7394089050614017,0.815842643776842,0.5191464028941764,0.4920211306764882
2023-06-05,2023-06-06,0.8919710222035221,0.815842643776842,0.46367988175273694,0.4920211306764882
2023-06-06,2023-06-07,1.0508723047893782,0.815842643776842,0.4313107575369461,0.4920211306764882
2023-06-07,2023-06-08,1.2439384008663101,0.815842643776842,0.44212778226392035,0.4920211306764882
2023-06-08,2023-06-09,1.4400532797926007,0.815842643776842,0.43763179045372697,0.4920211306764882
2023-06-09,2023-06-12,1.5570129312937788,0.815842643776842,0.45864026868728686,0.4920211306764882
2023-06-12,2023-06-13,1.699990310522912,0.815842643776842,0.4533755536365045,0.4920211306764882
2023-06-13,2023-06-14,1.871450627885262,0.815842643776842,0.4384931134023491,0.4920211306764882
2023-06-14,2023-06-15,2.00475051223233,0.815842643776842,0.41045994598519686,0.4920211306764882
2023-06-15,2023-06-16,2.1668063715667016,0.815842643776842,0.40056857941879553,0.4920211306764882
2023-06-16,2023-06-19,2.353746874216951,0.815842643776842,0.3667928664486115,0.4920211306764882
2023-06-19,2023-06-20,0.17768117723745241,0.815842643776842,0.36253957676566284,0.4920211306764882
2023-06-20,2023-06-21,0.29464082873863057,0.815842643776842,0.34219055417934,0.4920211306764882
2023-06-21,2023-06-26,0.5028587298361645,0.815842643776842,0.38594232062920264,0.4920211306764882
2023-06-26,2023-06-27,0.7200587272495261,0.815842643776842,0.37738096574185714,0.4920211306764882
2023-06-27,2023-06-28,0.9282766283470602,0.815842643776842,0.4062116986169537,0.4920211306764882
2023-06-28,2023-06-29,0.1525621171421204,0.815842643776842,0.4030393250933574,0.4920211306764882
2023-06-29,2023-06-30,0.3082988401250135,0.815842643776842,0.36955605798391844,0.4920211306764882
2023-06-30,2023-07-03,0.46086095726713394,0.815842643776842,0.384962598858214,0.4920211306764882
2023-07-03,2023-07-04,0.647801459917383,0.815842643776842,0.38198218720364685,0.4920211306764882
2023-07-04,2023-07-05,0.840867555994315,0.815842643776842,0.3745223360707751,0.4920211306764882
2023-07-05,2023-07-06,0.9512156131631804,0.815842643776842,0.3794492364075859,0.4920211306764882
2023-07-06,2023-07-07,1.1037777303053007,0.815842643776842,0.3757859041501692,0.4920211306764882
2023-07-07,2023-07-10,1.2814589075427532,0.815842643776842,0.37170226756781677,0.4920211306764882
2023-07-10,2023-07-11,1.4147587918898208,0.815842643776842,0.37556521293572026,0.4920211306764882
2023-07-11,2023-07-12,1.557736171118954,0.815842643776842,0.3737196865985655,0.4920211306764882
2023-07-12,2023-07-13,1.6411918513887302,0.815842643776842,0.4045179650694322,0.4920211306764882
2023-07-13,2023-07-14,1.7969285743716235,0.815842643776842,0.43523282951858355,0.4920211306764882
2023-07-14,2023-07-17,1.8803842546413998,0.815842643776842,0.504840674209128,0.4920211306764882
2023-07-17,2023-07-18,2.0329463717835203,0.815842643776842,0.4844848502286735,0.4920211306764882
2023-07-18,2023-07-19,2.1759237510126535,0.815842643776842,0.4428920331167356,0.4920211306764882
2023-07-19,2023-07-20,2.309223635359721,0.815842643776842,0.4419924740520292,0.4920211306764882
2023-07-20,2023-07-21,2.4869048125971736,0.815842643776842,0.4373586426962918,0.4920211306764882
2023-07-21,2023-07-24,2.655240127416388,0.815842643776842,0.4227865960311551,0.4920211306764882
2023-07-24,2023-07-25,2.826700444778738,0.815842643776842,0.3888562136776992,0.4920211306764882
2023-07-25,2023-07-26,3.0043816220161905,0.815842643776842,0.3994460968931972,0.4920211306764882
2023-07-26,2023-07-27,3.1758419393785404,0.815842643776842,0.40482445518503646,0.4920211306764882
2023-07-27,2023-07-28,3.328404056520661,0.815842643776842,0.40881860544995047,0.4920211306764882
2023-07-28,2023-07-31,3.445363708021839,0.815842643776842,0.4746883562227172,0.4920211306764882
2023-07-31,2023-08-01,3.6230448852592914,0.815842643776842,0.4728012608317855,0.4920211306764882
2023-08-01,2023-08-02,3.8252295855526577,0.815842643776842,0.44000041469569545,0.4920211306764882
2023-08-02,2023-08-03,3.9552827138008553,0.815842643776842,0.40511952887044034,0.4920211306764882
2023-08-03,2023-08-04,4.052274979788165,0.815842643776842,0.35839044250805724,0.4920211306764882
2023-08-04,2023-08-07,4.169234631289343,0.815842643776842,0.3702922560426848,0.4920211306764882
2023-08-07,2023-08-08,4.269582605123625,0.815842643776842,0.37653778333473215,0.4920211306764882
2023-08-08,2023-08-09,4.3931104247369,0.815842643776842,0.36973337249101773,0.4920211306764882
2023-08-09,2023-08-10,4.580050927387149,0.815842643776842,0.37025502480625794,0.4920211306764882
2023-08-10,2023-08-11,4.7357876503700425,0.815842643776842,0.37017240331961604,0.4920211306764882
2023-08-11,2023-08-14,4.940993500997585,0.815842643776842,0.3827461147650055,0.4920211306764882
2023-08-14,2023-08-15,0.1869405026502491,0.815842643776842,0.38055514477768376,0.4920211306764882
2023-08-15,2023-08-16,0.3921463532777916,0.815842643776842,0.34631976715585894,0.4920211306764882
2023-08-16,2023-08-17,0.569827530515244,0.815842643776842,0.34412446554474724,0.4920211306764882
2023-08-17,2023-08-18,0.7128049097443772,0.815842643776842,0.3621941154044415,0.4920211306764882
2023-08-18,2023-08-21,0.8997454123946262,0.815842643776842,0.42329179568321473,0.4920211306764882
2023-08-21,2023-08-22,1.0958602913209168,0.815842643776842,0.4069940779250824,0.4920211306764882
2023-08-22,2023-08-23,0.20218470029336624,0.815842643776842,0.4341465202912214,0.4920211306764882
2023-08-23,2023-08-24,0.41040260139090023,0.815842643776842,0.464460195571481,0.4920211306764882
2023-08-24,2023-08-25,0.5661393243737933,0.815842643776842,0.5057215138384685,0.4920211306764882
2023-08-25,2023-08-28,0.7743572254713273,0.815842643776842,0.5175715828737185,0.4920211306764882
2023-08-28,2023-08-29,0.8780496840284565,0.815842643776842,0.5637220880683057,0.4920211306764882
2023-08-29,2023-08-30,1.074164562954747,0.815842643776842,0.5067513996164259,0.4920211306764882
2023-08-30,2023-08-31,1.2913645603681085,0.815842643776842,0.5010450339841115,0.4920211306764882
2023-08-31,2023-09-01,1.4783050630183576,0.815842643776842,0.4787214405449579,0.4920211306764882
2023-09-01,2023-09-04,1.588653120187223,0.815842643776842,0.4778340057002752,0.4920211306764882
2023-09-04,2023-09-05,1.744389843170116,0.815842643776842,0.48665833549754633,0.4920211306764882
2023-09-05,2023-09-06,1.8969519603122362,0.815842643776842,0.4872161274153325,0.4920211306764882
2023-09-06,2023-09-07,2.039929339541369,0.815842643776842,0.48465216423727714,0.4920211306764882
2023-09-07,2023-09-08,2.2390837344855563,0.815842643776842,0.4480724295767015,0.4920211306764882
2023-09-08,2023-09-11,2.416764911723009,0.815842643776842,0.4705774549448248,0.4920211306764882
2023-09-11,2023-09-12,2.520457370280138,0.815842643776842,0.4886646519363615,0.4920211306764882
2023-09-12,2023-09-13,2.6856578862939813,0.815842643776842,0.46773875366348006,0.4920211306764882
2023-09-13,2023-09-14,2.7792831457333866,0.815842643776842,0.45425048892853076,0.4920211306764882
2023-09-14,2023-09-15,2.9476184605526012,0.815842643776842,0.4357102688405476,0.4920211306764882
2023-09-15,2023-09-18,3.1128189765664445,0.815842643776842,0.42154221807235,0.4920211306764882
2023-09-18,2023-09-19,3.20644423600585,0.815842643776842,0.4160119325440954,0.4920211306764882
2023-09-19,2023-09-20,3.306792209840132,0.815842643776842,0.421573425474735,0.4920211306764882
2023-09-20,2023-09-21,3.4625289328230253,0.815842643776842,0.4066497081671797,0.4920211306764882
2023-09-21,2023-09-22,3.655595028899957,0.815842643776842,0.3977560187469381,0.4920211306764882
2023-09-22,2023-09-25,3.7559430027342393,0.815842643776842,0.45488096860557115,0.4920211306764882
2023-09-25,2023-09-26,3.8596354612913686,0.815842643776842,0.40195284817060734,0.4920211306764882
2023-09-26,2023-09-27,3.992935345638436,0.815842643776842,0.40153181446427916,0.4920211306764882
2023-09-27,2023-09-28,4.106594664110958,0.815842643776842,0.4268423079662208,0.4920211306764882
2023-09-28,2023-10-09,4.220253982583479,0.815842643776842,0.4205167176637424,0.4920211306764882
2023-10-09,2023-10-10,4.320601956417761,0.815842643776842,0.4193403914776774,0.4920211306764882
2023-10-10,2023-10-11,4.473164073559881,0.815842643776842,0.3424262897202189,0.4920211306764882
2023-10-11,2023-10-12,4.632065356145738,0.815842643776842,0.35366966450708054,0.4920211306764882
2023-10-12,2023-10-13,4.7324133299800195,0.815842643776842,0.40375559677730155,0.4920211306764882
2023-10-13,2023-10-16,4.822660207827798,0.815842643776842,0.41663494919241983,0.4920211306764882
2023-10-16,2023-10-17,4.975222324969918,0.815842643776842,0.40173237576452225,0.4920211306764882
2023-10-17,2023-10-18,5.15290350220737,0.815842643776842,0.4047620136151679,0.4920211306764882
2023-10-18,2023-10-19,5.345969598284302,0.815842643776842,0.4345597342744712,0.4920211306764882
2023-10-19,2023-10-20,5.542084477210593,0.815842643776842,0.4224984766348066,0.4920211306764882
2023-10-20,2023-10-23,5.753305383567897,0.815842643776842,0.3954283338835542,0.4920211306764882
2023-10-23,2023-10-24,5.970505380981258,0.815842643776842,0.36783086739956844,0.4920211306764882
2023-10-24,2023-10-25,6.16357147705819,0.815842643776842,0.4514207054114072,0.4920211306764882
2023-10-25,2023-10-26,6.316133594200311,0.815842643776842,0.4511257639342384,0.4920211306764882
2023-10-26,2023-10-27,6.509199690277243,0.815842643776842,0.44681413767697303,0.4920211306764882
2023-10-27,2023-10-30,6.717417591374777,0.815842643776842,0.4324455165980552,0.4920211306764882
2023-10-30,2023-10-31,6.928638497732081,0.815842643776842,0.4287153141178532,0.4920211306764882
2023-10-31,2023-11-01,7.130823198025447,0.815842643776842,0.4221914664815887,0.4920211306764882
2023-11-01,2023-11-02,7.241171255194312,0.815842643776842,0.41420904561668,0.4920211306764882
2023-11-02,2023-11-03,7.418852432431764,0.815842643776842,0.3812618244888224,0.4920211306764882
2023-11-03,2023-11-06,7.5258782274086515,0.815842643776842,0.40782121796003473,0.4920211306764882
2023-11-06,2023-11-07,7.712818730058901,0.815842643776842,0.40405563452790483,0.4920211306764882
2023-11-07,2023-11-08,0.208217901097534,0.815842643776842,0.3813862705589964,0.4920211306764882
2023-11-08,2023-11-09,0.3951584037477831,0.815842643776842,0.3716114122818334,0.4920211306764882
2023-11-09,2023-11-10,0.49550637758206517,0.815842643776842,0.36268579160064207,0.4920211306764882
2023-11-10,2023-11-13,0.6384837568111983,0.815842643776842,0.37320074156730926,0.4920211306764882
2023-11-13,2023-11-14,0.7219394370809746,0.815842643776842,0.3675315198040908,0.4920211306764882
2023-11-14,2023-11-15,0.8649168163101077,0.815842643776842,0.3403035072808091,0.4920211306764882
2023-11-15,2023-11-16,1.0487803934558775,0.815842643776842,0.3436715593912862,0.4920211306764882
2023-11-16,2023-11-17,1.1424056528952828,0.815842643776842,0.35345464792353176,0.4920211306764882
2023-11-17,2023-11-20,0.08345568026977637,0.815842643776842,0.35741615736904764,0.4920211306764882
2023-11-20,2023-11-21,0.1770809397091817,0.815842643776842,0.3263348384675372,0.4920211306764882
2023-11-21,2023-11-22,0.13005312824819776,0.815842643776842,0.3342129376882305,0.4920211306764882
2023-11-22,2023-11-23,0.28895441083405393,0.815842643776842,0.3520162105900851,0.4920211306764882
2023-11-23,2023-11-24,0.4222542951811217,0.815842643776842,0.3788407609181688,0.4920211306764882
2023-11-24,2023-11-27,0.5905896100003364,0.815842643776842,0.40023493975770114,0.4920211306764882
2023-11-27,2023-11-28,0.6842148694397417,0.815842643776842,0.42753086163687204,0.4920211306764882
2023-11-28,2023-11-29,0.12679579637789143,0.815842643776842,0.4353735198735147,0.4920211306764882
2023-11-29,2023-11-30,0.23382159135477892,0.815842643776842,0.44159647889457493,0.4920211306764882
2023-11-30,2023-12-01,0.34416964852364434,0.815842643776842,0.4404332438599426,0.4920211306764882
2023-12-01,2023-12-04,0.4611293000248225,0.815842643776842,0.448800961808634,0.4920211306764882
2023-12-04,2023-12-05,0.5547545594642278,0.815842643776842,0.45126060443050153,0.4920211306764882
2023-12-05,2023-12-06,0.7324357367016803,0.815842643776842,0.43302184304836744,0.4920211306764882
2023-12-06,2023-12-07,0.9101169139391327,0.815842643776842,0.43981096997255303,0.4920211306764882
2023-12-07,2023-12-08,1.0877980911765852,0.815842643776842,0.4352570893068788,0.4920211306764882
2023-12-08,2023-12-11,1.2307754704057183,0.815842643776842,0.45025399240819436,0.4920211306764882
2023-12-11,2023-12-12,1.4084566476431708,0.815842643776842,0.4395208186543315,0.4920211306764882
2023-12-12,2023-12-13,1.5861378248806233,0.815842643776842,0.4595991098110371,0.4920211306764882
2023-12-13,2023-12-14,1.683130090867933,0.815842643776842,0.4460116429170189,0.4920211306764882
2023-12-14,2023-12-15,1.8608112681053854,0.815842643776842,0.4134726290727751,0.4920211306764882
2023-12-15,2023-12-18,2.056926147031676,0.815842643776842,0.4095399189874153,0.4920211306764882
2023-12-18,2023-12-19,2.256080541975863,0.815842643776842,0.41183777564765317,0.4920211306764882
2023-12-19,2023-12-20,0.1930660960769319,0.815842643776842,0.3964252123795014,0.4920211306764882
2023-12-20,2023-12-21,0.4012839971744659,0.815842643776842,0.4098487466874043,0.4920211306764882
2023-12-21,2023-12-22,0.5538461143165863,0.815842643776842,0.44659768319852533,0.4920211306764882
2023-12-22,2023-12-25,0.722181429135801,0.815842643776842,0.43244976698018756,0.4920211306764882
2023-12-25,2023-12-26,0.8158066885752063,0.815842643776842,0.43998914418021784,0.4920211306764882
2023-12-26,2023-12-27,0.9934878658126587,0.815842643776842,0.42182712071922046,0.4920211306764882
2023-12-27,2023-12-28,0.11695965150117814,0.815842643776842,0.4435175254787097,0.4920211306764882
2023-12-28,2023-12-29,0.28841996886352816,0.815842643776842,0.40472579099430833,0.4920211306764882
2023-12-29,2024-01-02,0.5026348894334366,0.815842643776842,0.406326558378997,0.4920211306764882
2024-01-02,2024-01-03,0.7048195897268028,0.815842643776842,0.3592025026834996,0.4920211306764882
2024-01-03,2024-01-04,0.8151676468956682,0.815842643776842,0.3462791387128748,0.4920211306764882
2024-01-04,2024-01-05,0.9928488241331206,0.815842643776842,0.3375550177109185,0.4920211306764882
2024-01-05,2024-01-08,1.195033524426487,0.815842643776842,0.3370634766799002,0.4920211306764882
2024-01-08,2024-01-09,1.4122335218398485,0.815842643776842,0.3396264118186008,0.4920211306764882
2024-01-09,2024-01-10,1.626448442409757,0.815842643776842,0.3691864650183554,0.4920211306764882
2024-01-10,2024-01-11,1.8286331427031233,0.815842643776842,0.3616219891597061,0.4920211306764882
2024-01-11,2024-01-12,1.9875344252889795,0.815842643776842,0.39216193333674965,0.4920211306764882
2024-01-12,2024-01-15,2.1044940767901577,0.815842643776842,0.37550075991787796,0.4920211306764882
2024-01-15,2024-01-16,0.14297737922913306,0.815842643776842,0.376839337621429,0.4920211306764882
2024-01-16,2024-01-17,0.2762772635762008,0.815842643776842,0.37181937933026304,0.4920211306764882
2024-01-17,2024-01-18,0.48449516467373477,0.815842643776842,0.3855273852885891,0.4920211306764882
2024-01-18,2024-01-19,0.6897010153012773,0.815842643776842,0.4002970560121815,0.4920211306764882
2024-01-19,2024-01-22,0.9039159358711857,0.815842643776842,0.41377933343217477,0.4920211306764882
2024-01-22,2024-01-23,1.1240921259575933,0.815842643776842,0.3471526761213637,0.4920211306764882
2024-01-23,2024-01-24,1.341292123370955,0.815842643776842,0.4510200515409414,0.4920211306764882
2024-01-24,2024-01-25,0.17768117723745241,0.815842643776842,0.46568643016402034,0.4920211306764882
2024-01-25,2024-01-26,0.3978573673238601,0.815842643776842,0.49179309987288566,0.4920211306764882
2024-01-26,2024-01-29,0.6120722878937686,0.815842643776842,0.4946056649010554,0.4920211306764882
2024-01-29,2024-01-30,0.6989293319870352,0.815842643776842,0.48485066265286975,0.4920211306764882
2024-01-30,2024-01-31,0.22017619008640768,0.815842643776842,0.46835940637120166,0.4920211306764882
2024-01-31,2024-02-01,0.44035238017281536,0.815842643776842,0.45401152994535077,0.4920211306764882
2024-02-01,2024-02-02,0.6605285702592231,0.815842643776842,0.4292918266951989,0.4920211306764882
2024-02-02,2024-02-05,0.8807047603456307,0.815842643776842,0.42008496940212636,0.4920211306764882
2024-02-05,2024-02-06,1.1008809504320385,0.815842643776842,0.3973612758971352,0.4920211306764882
2024-02-06,2024-02-07,0.21122090635730364,0.815842643776842,0.4016552159881692,0.4920211306764882
2024-02-07,2024-02-08,0.4313970964437113,0.815842643776842,0.4832323710760773,0.4920211306764882
2024-02-08,2024-02-19,0.651573286530119,0.815842643776842,0.47648468882252126,0.4920211306764882
2024-02-19,2024-02-20,0.8717494766165267,0.815842643776842,0.46877913593261356,0.4920211306764882
2024-02-20,2024-02-21,1.0050493609635944,0.815842643776842,0.4470941727764704,0.4920211306764882
2024-02-21,2024-02-22,1.1053973347978765,0.815842643776842,0.3999603688786484,0.4920211306764882
2024-02-22,2024-02-23,1.2483747140270096,0.815842643776842,0.37865536817756,0.4920211306764882
2024-02-23,2024-02-26,1.4072759966128658,0.815842643776842,0.30890394533416965,0.4920211306764882
2024-02-26,2024-02-27,0.15890128258585617,0.815842643776842,0.30593836346334524,0.4920211306764882
2024-02-27,2024-02-28,0.3641071332133987,0.815842643776842,0.3522953872139227,0.4920211306764882
2024-02-28,2024-02-29,0.4644551070476808,0.815842643776842,0.3642874115737177,0.4920211306764882
2024-02-29,2024-03-01,0.6756760134049844,0.815842643776842,0.44566728369965924,0.4920211306764882
2024-03-01,2024-03-04,0.8533571906424369,0.815842643776842,0.46311015502369535,0.4920211306764882
2024-03-04,2024-03-05,1.0705571880557985,0.815842643776842,0.48442383907966596,0.4920211306764882
2024-03-05,2024-03-06,1.1641824474952038,0.815842643776842,0.4413161025162289,0.4920211306764882
2024-03-06,2024-03-07,1.287710267108479,0.815842643776842,0.3913141368268076,0.4920211306764882
2024-03-07,2024-03-08,0.19611487892629054,0.815842643776842,0.4526461162414002,0.4920211306764882
2024-03-08,2024-03-11,0.2795705591960669,0.815842643776842,0.47601896327659976,0.4920211306764882
2024-03-11,2024-03-12,0.46651106184631597,0.815842643776842,0.5062157888844713,0.4920211306764882
2024-03-12,2024-03-13,0.67472896294385,0.815842643776842,0.5119007968305539,0.4920211306764882
2024-03-13,2024-03-14,0.8399294789576932,0.815842643776842,0.507101386724583,0.4920211306764882
2024-03-14,2024-03-15,0.9924915960998136,0.815842643776842,0.48697440895002386,0.4920211306764882
2024-03-15,2024-03-18,1.1225447243480113,0.815842643776842,0.5082065864026455,0.4920211306764882
2024-03-18,2024-03-19,1.3186596032743019,0.815842643776842,0.5282003726103556,0.4920211306764882
2024-03-19,2024-03-20,1.4963407805117543,0.815842643776842,0.4669674439989827,0.4920211306764882
2024-03-20,2024-03-21,1.6489028976538747,0.815842643776842,0.40100687685937497,0.4920211306764882
2024-03-21,2024-03-22,1.8109587569882464,0.815842643776842,0.4299658816137046,0.4920211306764882
2024-03-22,2024-03-25,1.9978992596384955,0.815842643776842,0.4009500784768638,0.4920211306764882
2024-03-25,2024-03-26,2.215099257051857,0.815842643776842,0.360686376465653,0.4920211306764882
2024-03-26,2024-03-27,2.4293141776217655,0.815842643776842,0.36094007450845544,0.4920211306764882
2024-03-27,2024-03-28,2.646514175035127,0.815842643776842,0.3507003101065225,0.4920211306764882
2024-03-28,2024-03-29,2.821089759714426,0.815842643776842,0.3920920217261099,0.4920211306764882
2024-03-29,2024-04-01,2.9147150191538316,0.815842643776842,0.3948619463266901,0.4920211306764882
2024-04-01,2024-04-02,3.1348912092402395,0.815842643776842,0.37177241594943267,0.4920211306764882
2024-04-02,2024-04-03,3.3461121155975433,0.815842643776842,0.38664793849012724,0.4920211306764882
2024-04-03,2024-04-08,3.5330526182477926,0.815842643776842,0.3916741489717105,0.4920211306764882
2024-04-08,2024-04-09,3.7261187143247243,0.815842643776842,0.3905996521321543,0.4920211306764882
2024-04-09,2024-04-10,3.8690960935538574,0.815842643776842,0.4094177117077614,0.4920211306764882
2024-04-10,2024-04-11,4.056036596204106,0.815842643776842,0.38502661573935826,0.4920211306764882
2024-04-11,2024-04-12,4.149661855643512,0.815842643776842,0.4250454767721854,0.4920211306764882
2024-04-12,2024-04-15,4.314862371657355,0.815842643776842,0.42594119873739017,0.4920211306764882
2024-04-15,2024-04-16,4.480062887671199,0.815842643776842,0.48069204947675714,0.4920211306764882
2024-04-16,2024-04-17,4.673128983748131,0.815842643776842,0.5243036094731361,0.4920211306764882
2024-04-17,2024-04-18,4.841464298567346,0.815842643776842,0.5859060712403228,0.4920211306764882
2024-04-18,2024-04-19,4.945156757124475,0.815842643776842,0.5863954609110429,0.4920211306764882
2024-04-19,2024-04-22,5.147341457417841,0.815842643776842,0.5694981848247085,0.4920211306764882
2024-04-22,2024-04-23,5.325022634655293,0.815842643776842,0.5434774014688407,0.4920211306764882
2024-04-23,2024-04-24,5.533240535752827,0.815842643776842,0.5236033963067305,0.4920211306764882
2024-04-24,2024-04-25,5.68897725873572,0.815842643776842,0.5049977807490662,0.4920211306764882
2024-04-25,2024-04-26,5.782602518175126,0.815842643776842,0.5043873721019333,0.4920211306764882
2024-04-26,2024-04-29,5.9938234245324296,0.815842643776842,0.5461228666860397,0.4920211306764882
2024-04-29,2024-04-30,6.211023421945791,0.815842643776842,0.5424503039406883,0.4920211306764882
2024-04-30,2024-05-06,0.21719999741336163,0.815842643776842,0.5132685081931573,0.4920211306764882
2024-05-06,2024-05-07,0.4254178985108956,0.815842643776842,0.5351843958343181,0.4920211306764882
2024-05-07,2024-05-08,0.5811546214937887,0.815842643776842,0.5227285179661773,0.4920211306764882
2024-05-08,2024-05-09,0.6915026786626541,0.815842643776842,0.5136987930059596,0.4920211306764882
2024-05-09,2024-05-10,0.8150304982759294,0.815842643776842,0.5218497302854201,0.4920211306764882
2024-05-10,2024-05-13,0.9120227642632391,0.815842643776842,0.49239363041891304,0.4920211306764882
2024-05-13,2024-05-14,1.0645848814053596,0.815842643776842,0.43901613653106325,0.4920211306764882
2024-05-14,2024-05-15,1.2203216043882525,0.815842643776842,0.42754011111431206,0.4920211306764882
2024-05-15,2024-05-16,0.18077715494258054,0.815842643776842,0.43104342239578225,0.4920211306764882
2024-05-16,2024-05-17,0.358458332180033,0.815842643776842,0.440750993727834,0.4920211306764882
2024-05-17,2024-05-20,0.45208359161943834,0.815842643776842,0.47730023811114675,0.4920211306764882
2024-05-20,2024-05-21,0.6297647688568908,0.815842643776842,0.4624988469117936,0.4920211306764882
2024-05-21,2024-05-22,0.7855014918397839,0.815842643776842,0.46268517057539665,0.4920211306764882
2024-05-22,2024-05-23,0.8991608103123054,0.815842643776842,0.4520291445359696,0.4920211306764882
2024-05-23,2024-05-24,1.1073787114098395,0.815842643776842,0.3852874707796728,0.4920211306764882
2024-05-24,2024-05-27,1.318599617767143,0.815842643776842,0.3574117869697247,0.4920211306764882
2024-05-27,2024-05-28,1.5055401204173922,0.815842643776842,0.3689681787827697,0.4920211306764882
2024-05-28,2024-05-29,1.6581022375595125,0.815842643776842,0.37009489274373175,0.4920211306764882
2024-05-29,2024-05-30,1.7617946961166417,0.815842643776842,0.3706380674081577,0.4920211306764882
2024-05-30,2024-05-31,0.16520051601384325,0.815842643776842,0.34848453142474956,0.4920211306764882
2024-05-31,2024-06-03,0.2588257754532486,0.815842643776842,0.36796719930905486,0.4920211306764882
2024-06-03,2024-06-04,0.4145624984361417,0.815842643776842,0.3829178977454445,0.4920211306764882
2024-06-04,2024-06-05,0.5478623827832094,0.815842643776842,0.43702845958920383,0.4920211306764882
2024-06-05,2024-06-06,0.6779155110314072,0.815842643776842,0.4738595509156042,0.4920211306764882
2024-06-06,2024-06-07,0.1525621171421204,0.815842643776842,0.4640772931092669,0.4920211306764882
2024-06-07,2024-06-11,0.3577679677696629,0.815842643776842,0.4576138288418052,0.4920211306764882
2024-06-11,2024-06-12,0.5198238271040345,0.815842643776842,0.4603729364411376,0.4920211306764882
2024-06-12,2024-06-13,0.6134490865434399,0.815842643776842,0.4877795447350566,0.4920211306764882
2024-06-13,2024-06-14,0.717141545100569,0.815842643776842,0.5028659868370406,0.4920211306764882
2024-06-14,2024-06-17,0.8107668045399744,0.815842643776842,0.559150079693653,0.4920211306764882
2024-06-17,2024-06-18,0.9277264560411526,0.815842643776842,0.5554405342699082,0.4920211306764882
2024-06-18,2024-06-19,1.0707038352702856,0.815842643776842,0.5293798603158185,0.4920211306764882
2024-06-19,2024-06-20,1.2232659524124059,0.815842643776842,0.5427711571041653,0.4920211306764882
2024-06-20,2024-06-21,1.422420347356593,0.815842643776842,0.4992656729431996,0.4920211306764882
2024-06-21,2024-06-24,1.6276261979841355,0.815842643776842,0.5220109782947018,0.4920211306764882
2024-06-24,2024-06-25,1.8448261953974971,0.815842643776842,0.5227692828625681,0.4920211306764882
2024-06-25,2024-06-26,0.208217901097534,0.815842643776842,0.5007558158174741,0.4920211306764882
2024-06-26,2024-06-27,0.3858990783349864,0.815842643776842,0.4859795389470462,0.4920211306764882
2024-06-27,2024-06-28,0.5542343931542011,0.815842643776842,0.5326847331759142,0.4920211306764882
2024-06-28,2024-07-01,0.6478596525936064,0.815842643776842,0.5606910078865914,0.4920211306764882
2024-07-01,2024-07-02,0.7548854475704939,0.815842643776842,0.5720506230223484,0.4920211306764882
2024-07-02,2024-07-03,0.11695965150117814,0.815842643776842,0.5708570276453219,0.4920211306764882
2024-07-03,2024-07-04,0.2502595358482459,0.815842643776842,0.5466316198701268,0.4920211306764882
2024-07-04,2024-07-05,0.2142149205699084,0.815842643776842,0.5385988233810146,0.4920211306764882
2024-07-05,2024-07-08,0.4011554232201575,0.815842643776842,0.5577082856025138,0.4920211306764882
2024-07-08,2024-07-09,0.6093733243176915,0.815842643776842,0.5559224557856114,0.4920211306764882
2024-07-09,2024-07-10,0.7651100473005846,0.815842643776842,0.5668837295656017,0.4920211306764882
2024-07-10,2024-07-11,0.8787693657731062,0.815842643776842,0.5721582974379253,0.4920211306764882
2024-07-11,2024-07-12,1.0929842863430146,0.815842643776842,0.5959209034728877,0.4920211306764882
2024-07-12,2024-07-15,0.1525621171421204,0.815842643776842,0.5777531674618127,0.4920211306764882
2024-07-15,2024-07-16,0.3051242342842408,0.815842643776842,0.5885529574301228,0.4920211306764882
2024-07-16,2024-07-17,0.45768635142636116,0.815842643776842,0.595659639912663,0.4920211306764882
2024-07-17,2024-07-18,0.6260216662455759,0.815842643776842,0.5348454468506376,0.4920211306764882
2024-07-18,2024-07-19,0.7196469256849812,0.815842643776842,0.5455705129610967,0.4920211306764882
2024-07-19,2024-07-22,0.8431747452982565,0.815842643776842,0.5346449965719566,0.4920211306764882
2024-07-22,2024-07-23,0.9435227191325386,0.815842643776842,0.4762547828453647,0.4920211306764882
2024-07-23,2024-07-24,1.1547436254898422,0.815842643776842,0.48600474517559167,0.4920211306764882
2024-07-24,2024-07-25,1.3719436229032038,0.815842643776842,0.46714891943268033,0.4920211306764882
2024-07-25,2024-07-26,1.5891436203165654,0.815842643776842,0.4667152429940709,0.4920211306764882
2024-07-26,2024-07-29,1.696169415293453,0.815842643776842,0.4770151266705382,0.4920211306764882
2024-07-29,2024-07-30,1.8487315324355733,0.815842643776842,0.4536385494964168,0.4920211306764882
2024-07-30,2024-07-31,2.001293649577694,0.815842643776842,0.3924777007839191,0.4920211306764882
2024-07-31,2024-08-01,2.2125145559349977,0.815842643776842,0.3873862004657862,0.4920211306764882
2024-08-01,2024-08-02,2.4237354622923015,0.815842643776842,0.30780937786019097,0.4920211306764882
2024-08-02,2024-08-05,2.6168015583692332,0.815842643776842,0.3036452575043199,0.4920211306764882
2024-08-05,2024-08-06,2.834001555782595,0.815842643776842,0.30847244573108495,0.4920211306764882
2024-08-06,2024-08-07,3.0301164347088854,0.815842643776842,0.3483492246995256,0.4920211306764882
2024-08-07,2024-08-08,3.182678551851006,0.815842643776842,0.35021806644827835,0.4920211306764882
2024-08-08,2024-08-09,3.357254136530305,0.815842643776842,0.3337500024092678,0.4920211306764882
2024-08-09,2024-08-12,3.4905540208773727,0.815842643776842,0.32646116473642584,0.4920211306764882
2024-08-12,2024-08-13,3.643116138019493,0.815842643776842,0.3279853996241246,0.4920211306764882
2024-08-13,2024-08-14,3.760075789520671,0.815842643776842,0.3156415725627628,0.4920211306764882
2024-08-14,2024-08-15,3.9189770721065273,0.815842643776842,0.32326531916580453,0.4920211306764882
2024-08-15,2024-08-16,4.026002867083415,0.815842643776842,0.3513010600875732,0.4920211306764882
2024-08-16,2024-08-19,4.197463184445765,0.815842643776842,0.27688733784622227,0.4920211306764882
2024-08-19,2024-08-20,4.307811241614631,0.815842643776842,0.2942201993035203,0.4920211306764882
2024-08-20,2024-08-21,4.500877337691563,0.815842643776842,0.31727205791560625,0.4920211306764882
2024-08-21,2024-08-22,4.687817840341812,0.815842643776842,0.437885578098795,0.4920211306764882
2024-08-22,2024-08-23,4.9020327609117205,0.815842643776842,0.4442432682269598,0.4920211306764882
2024-08-23,2024-08-26,5.0797139381491725,0.815842643776842,0.493240901061631,0.4920211306764882
2024-08-26,2024-08-27,5.235450661132066,0.815842643776842,0.46737955764712974,0.4920211306764882
2024-08-27,2024-08-28,5.388012778274186,0.815842643776842,0.4991471656112331,0.4920211306764882
2024-08-28,2024-08-29,5.540574895416307,0.815842643776842,0.5205035477008076,0.4920211306764882
2024-08-29,2024-08-30,5.647600690393194,0.815842643776842,0.4973720800106296,0.4920211306764882
2024-08-30,2024-09-02,5.858821596750498,0.815842643776842,0.4517451614723731,0.4920211306764882
2024-09-02,2024-09-03,6.017722879336354,0.815842643776842,0.49485032767879633,0.4920211306764882
2024-09-03,2024-09-04,6.1702849964784745,0.815842643776842,0.5254608513663436,0.4920211306764882
2024-09-04,2024-09-05,6.335485512492318,0.815842643776842,0.5132283311368919,0.4920211306764882
2024-09-05,2024-09-06,6.500686028506162,0.815842643776842,0.49297173970339253,0.4920211306764882
2024-09-06,2024-09-09,6.672146345868512,0.815842643776842,0.492366562018737,0.4920211306764882
2024-09-09,2024-09-10,6.856009923014282,0.815842643776842,0.4619910435696208,0.4920211306764882
2024-09-10,2024-09-11,7.049076019091214,0.815842643776842,0.46807436939370933,0.4920211306764882
2024-09-11,2024-09-12,7.166035670592392,0.815842643776842,0.4782827047313692,0.4920211306764882
2024-09-12,2024-09-13,7.266383644426674,0.815842643776842,0.4757956619507725,0.4920211306764882
2024-09-13,2024-09-18,7.434718959245889,0.815842643776842,0.46765204167779456,0.4920211306764882
2024-09-18,2024-09-19,7.599919475259733,0.815842643776842,0.47251171865538383,0.4920211306764882
2024-09-19,2024-09-20,7.726715271637624,0.815842643776842,0.4924428272956352,0.4920211306764882
2024-09-20,2024-09-23,7.88561655422348,0.815842643776842,0.49331920416723474,0.4920211306764882
2024-09-23,2024-09-24,8.028593933452614,0.815842643776842,0.49685270519931496,0.4920211306764882
2024-09-24,2024-09-25,8.245793930865975,0.815842643776842,0.28332087705256587,0.4920211306764882
2024-09-25,2024-09-26,0.22017619008640768,0.815842643776842,0.23178868519560797,0.4920211306764882
2024-09-26,2024-09-27,0.44035238017281536,0.815842643776842,0.3323829175264639,0.4920211306764882
2024-09-27,2024-09-30,0.6605285702592231,0.815842643776842,0.3965587452086241,0.4920211306764882
2024-09-30,2024-10-08,0.8807047603456307,0.815842643776842,0.401151626848656,0.4920211306764882
2024-10-08,2024-10-09,1.1008809504320385,0.815842643776842,0.5425873711940994,0.4920211306764882
2024-10-09,2024-10-10,1.3210571405184461,0.815842643776842,0.6185991439818369,0.4920211306764882
2024-10-10,2024-10-11,1.4347164589909676,0.815842643776842,0.6075160510885192,0.4920211306764882
2024-10-11,2024-10-14,1.6548926490773752,0.815842643776842,0.597058095119893,0.4920211306764882
2024-10-14,2024-10-15,1.8510075280036657,0.815842643776842,0.6321063369301538,0.4920211306764882
2024-10-15,2024-10-16,2.0682075254170273,0.815842643776842,0.6457753713281565,0.4920211306764882
2024-10-16,2024-10-17,0.09362525943940533,0.815842643776842,0.6551644698156873,0.4920211306764882
2024-10-17,2024-10-18,0.30784018000931374,0.815842643776842,0.6394693913635657,0.4920211306764882
2024-10-18,2024-10-21,0.5190610863666174,0.815842643776842,0.693429128455542,0.4920211306764882
2024-10-21,2024-10-22,0.736261083779979,0.815842643776842,0.7043770428077178,0.4920211306764882
2024-10-22,2024-10-23,0.9564372738663867,0.815842643776842,0.6642958276190879,0.4920211306764882
2024-10-23,2024-10-24,0.20218470029336624,0.815842643776842,0.6585199015277047,0.4920211306764882
2024-10-24,2024-10-25,0.31253275746223164,0.815842643776842,0.606636763682917,0.4920211306764882
2024-10-25,2024-10-28,0.46826948044512473,0.815842643776842,0.566896187121397,0.4920211306764882
2024-10-28,2024-10-29,0.6582774701632357,0.815842643776842,0.54662443904059,0.4920211306764882
2024-10-29,2024-10-30,0.8359586474006881,0.815842643776842,0.4213760479577711,0.4920211306764882
2024-10-30,2024-10-31,0.9529182989018663,0.815842643776842,0.4597963902022947,0.4920211306764882
2024-10-31,2024-11-01,1.0599440938787539,0.815842643776842,0.4998955498823385,0.4920211306764882
2024-11-01,2024-11-04,1.1702921510476192,0.815842643776842,0.46919205689829935,0.4920211306764882
2024-11-04,2024-11-05,0.17768117723745241,0.815842643776842,0.4299130674665014,0.4920211306764882
2024-11-05,2024-11-06,0.39488117465081407,0.815842643776842,0.48360153355207924,0.4920211306764882
2024-11-06,2024-11-07,0.22017619008640768,0.815842643776842,0.4973611004051652,0.4920211306764882
2024-11-07,2024-11-08,0.44035238017281536,0.815842643776842,0.5067662101256002,0.4920211306764882
2024-11-08,2024-11-11,0.6272928828230645,0.815842643776842,0.5090745636261219,0.4920211306764882
2024-11-11,2024-11-12,0.8415078033929729,0.815842643776842,0.5313228386723239,0.4920211306764882
2024-11-12,2024-11-13,0.9551671218654945,0.815842643776842,0.5360972923211884,0.4920211306764882
2024-11-13,2024-11-14,0.13329988434706774,0.815842643776842,0.524976927078574,0.4920211306764882
2024-11-14,2024-11-15,0.35049988176042934,0.815842643776842,0.49099939132783915,0.4920211306764882
2024-11-15,2024-11-18,0.570676071846837,0.815842643776842,0.42926729508818046,0.4920211306764882
2024-11-18,2024-11-19,0.7908522619332446,0.815842643776842,0.3726250934819935,0.4920211306764882
2024-11-19,2024-11-20,0.9930369622266109,0.815842643776842,0.4136717081729459,0.4920211306764882
2024-11-20,2024-11-21,1.158237478240454,0.815842643776842,0.4174969750034291,0.4920211306764882
2024-11-21,2024-11-22,1.366455379337988,0.815842643776842,0.3967114254224307,0.4920211306764882
2024-11-22,2024-11-25,1.5776762856952917,0.815842643776842,0.3880386322366952,0.4920211306764882
2024-11-25,2024-11-26,1.7948762831086533,0.815842643776842,0.3803073689263869,0.4920211306764882
2024-11-26,2024-11-27,2.015052473195061,0.815842643776842,0.3546687033061443,0.4920211306764882
2024-11-27,2024-11-28,2.1707891961779544,0.815842643776842,0.39844429095661965,0.4920211306764882
2024-11-28,2024-11-29,2.2811372533468197,0.815842643776842,0.3825944167626822,0.4920211306764882
2024-11-29,2024-12-02,2.4893551544443535,0.815842643776842,0.4312601779364194,0.4920211306764882
2024-12-02,2024-12-03,2.69153985473772,0.815842643776842,0.42118611009600554,0.4920211306764882
2024-12-03,2024-12-04,2.9027607610950237,0.815842643776842,0.4404997850693726,0.4920211306764882
2024-12-04,2024-12-05,3.0197204125962016,0.815842643776842,0.4413789889321827,0.4920211306764882
2024-12-05,2024-12-06,3.1626977918253347,0.815842643776842,0.4832046670070677,0.4920211306764882
2024-12-06,2024-12-09,3.3152599089674553,0.815842643776842,0.4975706870755726,0.4920211306764882
2024-12-09,2024-12-10,3.4804604249812985,0.815842643776842,0.4654378672699668,0.4920211306764882
2024-12-10,2024-12-11,3.658141602218751,0.815842643776842,0.437022991522193,0.4920211306764882
2024-12-11,2024-12-12,3.8201974615531227,0.815842643776842,0.4227753433659833,0.4920211306764882
2024-12-12,2024-12-13,4.028415362650657,0.815842643776842,0.42394909327745295,0.4920211306764882
2024-12-13,2024-12-16,4.111871042920433,0.815842643776842,0.5270796332455135,0.4920211306764882
2024-12-16,2024-12-17,4.31102543786462,0.815842643776842,0.49738230937091454,0.4920211306764882
2024-12-17,2024-12-18,4.528225435277982,0.815842643776842,0.4681454693325841,0.4920211306764882
2024-12-18,2024-12-19,4.715165937928231,0.815842643776842,0.4486721557090831,0.4920211306764882
2024-12-19,2024-12-20,4.812158203915541,0.815842643776842,0.43941584448892373,0.4920211306764882
2024-12-20,2024-12-23,4.977358719929384,0.815842643776842,0.4404230319297047,0.4920211306764882
2024-12-23,2024-12-24,5.142559235943228,0.815842643776842,0.42265665325900836,0.4920211306764882
2024-12-24,2024-12-25,5.236184495382633,0.815842643776842,0.4668575173086738,0.4920211306764882
2024-12-25,2024-12-26,5.407644812744984,0.815842643776842,0.474352986810802,0.4920211306764882
2024-12-26,2024-12-27,5.572845328758827,0.815842643776842,0.49485120749246975,0.4920211306764882
2024-12-27,2024-12-30,5.666470588198233,0.815842643776842,0.47568293012134094,0.4920211306764882
2024-12-30,2024-12-31,5.822207311181126,0.815842643776842,0.47819240437071253,0.4920211306764882
2024-12-31,2025-01-02,6.03042521227866,0.815842643776842,0.45978399651169993,0.4920211306764882
2025-01-02,2025-01-03,6.250601402365067,0.815842643776842,0.40484885676932036,0.4920211306764882
2025-01-03,2025-01-06,6.4707775924514745,0.815842643776842,0.3635219147222174,0.4920211306764882
2025-01-06,2025-01-07,6.690953782537882,0.815842643776842,0.3934065963652267,0.4920211306764882
2025-01-07,2025-01-08,6.849855065123738,0.815842643776842,0.42357337213017937,0.4920211306764882
2025-01-08,2025-01-09,6.983154949470806,0.815842643776842,0.427897886539145,0.4920211306764882
2025-01-09,2025-01-10,7.109950745848697,0.815842643776842,0.42558771538211937,0.4920211306764882
2025-01-10,2025-01-13,7.3060656247749876,0.815842643776842,0.42413159923848354,0.4920211306764882
2025-01-13,2025-01-14,7.48374680201244,0.815842643776842,0.42769700587613757,0.4920211306764882
2025-01-14,2025-01-15,7.682901196956626,0.815842643776842,0.39858193072895187,0.4920211306764882
2025-01-15,2025-01-16,7.89111909805416,0.815842643776842,0.36513999195179403,0.4920211306764882
2025-01-16,2025-01-17,8.102340004411463,0.815842643776842,0.37573096549815405,0.4920211306764882
2025-01-17,2025-01-20,8.206032462968592,0.815842643776842,0.3627403086638476,0.4920211306764882
2025-01-20,2025-01-21,8.39297296561884,0.815842643776842,0.3608123300155951,0.4920211306764882
2025-01-21,2025-01-22,8.570654142856293,0.815842643776842,0.35268882426766635,0.4920211306764882
2025-01-22,2025-01-23,8.681002200025159,0.815842643776842,0.3504803603097332,0.4920211306764882
2025-01-23,2025-01-24,8.804530019638435,0.815842643776842,0.3287571570739101,0.4920211306764882
2025-01-24,2025-01-27,8.908222478195563,0.815842643776842,0.3274287877232498,0.4920211306764882
2025-01-27,2025-02-05,9.015248273172451,0.815842643776842,0.3426917907424169,0.4920211306764882
2025-02-05,2025-02-06,9.142044069550343,0.815842643776842,0.31167199127416034,0.4920211306764882
2025-02-06,2025-02-07,9.328984572200591,0.815842643776842,0.4065839574412838,0.4920211306764882
2025-02-07,2025-02-10,0.21719999741336163,0.815842643776842,0.43192932869491374,0.4920211306764882
2025-02-10,2025-02-11,0.4373761874997693,0.815842643776842,0.42775900615114965,0.4920211306764882
2025-02-11,2025-02-12,0.6304422835767012,0.815842643776842,0.438112196990418,0.4920211306764882
2025-02-12,2025-02-13,0.8173827862269503,0.815842643776842,0.44057264556086845,0.4920211306764882
2025-02-13,2025-02-14,0.91437505221426,0.815842643776842,0.4533412531915671,0.4920211306764882
2025-02-14,2025-02-17,1.0920562294517124,0.815842643776842,0.4649923521464304,0.4920211306764882
2025-02-17,2025-02-18,1.1856814888911178,0.815842643776842,0.45159617425984516,0.4920211306764882
2025-02-18,2025-02-19,1.3414182118740108,0.815842643776842,0.43854108754421295,0.4920211306764882
2025-02-19,2025-02-20,1.4248738921437871,0.815842643776842,0.4924938844238954,0.4920211306764882
2025-02-20,2025-02-21,1.5218661581310968,0.815842643776842,0.5015186439705831,0.4920211306764882
2025-02-21,2025-02-24,1.7390661555444584,0.815842643776842,0.5185535592666534,0.4920211306764882
2025-02-24,2025-02-25,1.9260066581947075,0.815842643776842,0.5000309398358114,0.4920211306764882
2025-02-25,2025-02-26,2.036354715363573,0.815842643776842,0.4923431057661056,0.4920211306764882
2025-02-26,2025-02-27,2.1299799748029784,0.815842643776842,0.5251282845929631,0.4920211306764882
2025-02-27,2025-02-28,2.2303279486372607,0.815842643776842,0.5317748804052435,0.4920211306764882
2025-02-28,2025-03-03,2.4233940447141924,0.815842643776842,0.4742790830847567,0.4920211306764882
2025-03-03,2025-03-04,2.631611945811726,0.815842643776842,0.4644666343362055,0.4920211306764882
2025-03-04,2025-03-05,2.8092931230491787,0.815842643776842,0.4730317956146588,0.4920211306764882
2025-03-05,2025-03-06,2.986974300286631,0.815842643776842,0.4444919760914324,0.4920211306764882
2025-03-06,2025-03-07,3.195192201384165,0.815842643776842,0.4593931667127082,0.4920211306764882
2025-03-07,2025-03-10,3.366652518746515,0.815842643776842,0.45490712440349634,0.4920211306764882
2025-03-10,2025-03-11,3.525553801332371,0.815842643776842,0.4585285461466492,0.4920211306764882
2025-03-11,2025-03-12,3.6090094816021474,0.815842643776842,0.42214271882717125,0.4920211306764882
2025-03-12,2025-03-13,3.7259691331033253,0.815842643776842,0.3934199590393408,0.4920211306764882
2025-03-13,2025-03-14,3.832994928080213,0.815842643776842,0.40096811754328326,0.4920211306764882
2025-03-14,2025-03-17,3.988731651063106,0.815842643776842,0.4175098754415214,0.4920211306764882
2025-03-17,2025-03-18,4.147632933648962,0.815842643776842,0.4274379068272239,0.4920211306764882
2025-03-18,2025-03-19,4.349817633942329,0.815842643776842,0.40490028474118356,0.4920211306764882
2025-03-19,2025-03-20,4.433273314212105,0.815842643776842,0.3865664428268259,0.4920211306764882
2025-03-20,2025-03-21,4.5858354313542256,0.815842643776842,0.4076767143944248,0.4920211306764882
2025-03-21,2025-03-24,4.794053332451759,0.815842643776842,0.4022323138686458,0.4920211306764882
2025-03-24,2025-03-25,0.19915439494418713,0.815842643776842,0.38736687891266586,0.4920211306764882
2025-03-25,2025-03-26,0.38916238466229813,0.815842643776842,0.3520204914429956,0.4920211306764882
2025-03-26,2025-03-27,0.49951044183116355,0.815842643776842,0.3495048734467824,0.4920211306764882
2025-03-27,2025-03-28,0.5965027078184733,0.815842643776842,0.28289399092337353,0.4920211306764882
2025-03-28,2025-03-31,0.7167518359700502,0.815842643776842,0.28561352440330257,0.4920211306764882
2025-03-31,2025-04-01,0.8944330132075027,0.815842643776842,0.27884494522435205,0.4920211306764882
2025-04-01,2025-04-02,1.053334295793359,0.815842643776842,0.2968310413447778,0.4920211306764882
2025-04-02,2025-04-03,1.1570267543504882,0.815842643776842,0.3025154384967079,0.4920211306764882
2025-04-03,2025-04-07,1.2573747281847703,0.815842643776842,0.2858541639348565,0.4920211306764882
2025-04-07,2025-04-08,1.477550918271178,0.815842643776842,0.1615549453343528,0.4920211306764882
2025-04-08,2025-04-09,1.6977271083575856,0.815842643776842,0.2150655222991602,0.4920211306764882
2025-04-09,2025-04-10,1.9179032984439932,0.815842643776842,0.25456500725170556,0.4920211306764882
2025-04-10,2025-04-11,2.138079488530401,0.815842643776842,0.28820629962356903,0.4920211306764882
2025-04-11,2025-04-14,2.3582556786168087,0.815842643776842,0.307598439111093,0.4920211306764882
2025-04-14,2025-04-15,2.572470599186717,0.815842643776842,0.31124501651630115,0.4920211306764882
2025-04-15,2025-04-16,2.7313718817725734,0.815842643776842,0.3172163729835439,0.4920211306764882
2025-04-16,2025-04-17,2.8483315332737513,0.815842643776842,0.32491024369419963,0.4920211306764882
2025-04-17,2025-04-18,3.016666848092966,0.815842643776842,0.3257881656293777,0.4920211306764882
2025-04-18,2025-04-21,3.1692289652350865,0.815842643776842,0.32544525568271354,0.4920211306764882
2025-04-21,2025-04-22,3.346910142472539,0.815842643776842,0.33274549504781276,0.4920211306764882
2025-04-22,2025-04-23,3.512110658486382,0.815842643776842,0.31865004303624295,0.4920211306764882
2025-04-23,2025-04-24,3.6866862431656813,0.815842643776842,0.3072883268978544,0.4920211306764882
2025-04-24,2025-04-25,3.819986127512749,0.815842643776842,0.3044243922833643,0.4920211306764882
2025-04-25,2025-04-28,3.9068431716060155,0.815842643776842,0.2990370622497375,0.4920211306764882
2025-04-28,2025-04-29,4.0401430559530835,0.815842643776842,0.40585066574301876,0.4920211306764882
2025-04-29,2025-04-30,4.12359873622286,0.815842643776842,0.38275197205914974,0.4920211306764882
2025-04-30,2025-05-06,4.217223995662265,0.815842643776842,0.38705753430332773,0.4920211306764882
2025-05-06,2025-05-07,4.422429846289808,0.815842643776842,0.38404448807615055,0.4920211306764882
2025-05-07,2025-05-08,4.630647747387342,0.815842643776842,0.36287567913153185,0.4920211306764882
2025-05-08,2025-05-09,4.835853598014885,0.815842643776842,0.32723672056999287,0.4920211306764882
2025-05-09,2025-05-12,4.942879392991772,0.815842643776842,0.3585688063574872,0.4920211306764882
2025-05-12,2025-05-13,5.095441510133893,0.815842643776842,0.4298934455374814,0.4920211306764882
2025-05-13,2025-05-14,5.189066769573298,0.815842643776842,0.4360564168990323,0.4920211306764882
2025-05-14,2025-05-15,5.36674794681075,0.815842643776842,0.4416688461891768,0.4920211306764882
2025-05-15,2025-05-16,5.544429124048202,0.815842643776842,0.3971694175017287,0.4920211306764882
2025-05-16,2025-05-19,5.706484983382573,0.815842643776842,0.39059209102557385,0.4920211306764882
2025-05-19,2025-05-20,5.884166160620025,0.815842643776842,0.38655748195971507,0.4920211306764882
2025-05-20,2025-05-21,6.014219288868223,0.815842643776842,0.39517679444895315,0.4920211306764882
2025-05-21,2025-05-22,6.166781406010344,0.815842643776842,0.38774539893174925,0.4920211306764882
2025-05-22,2025-05-23,6.270473864567473,0.815842643776842,0.39935584016995734,0.4920211306764882
2025-05-23,2025-05-26,6.457414367217722,0.815842643776842,0.38470244777408047,0.4920211306764882
2025-05-26,2025-05-27,6.635095544455174,0.815842643776842,0.3938332006119115,0.4920211306764882
2025-05-27,2025-05-28,6.790832267438067,0.815842643776842,0.4211747806779796,0.4920211306764882
2025-05-28,2025-05-29,6.894524725995196,0.815842643776842,0.41745208162979563,0.4920211306764882
2025-05-29,2025-05-30,7.050261448978089,0.815842643776842,0.41724141497157524,0.4920211306764882
2025-05-30,2025-06-03,7.160609506146955,0.815842643776842,0.4207462378880612,0.4920211306764882
2025-06-03,2025-06-04,7.319510788732811,0.815842643776842,0.41624134104178573,0.4920211306764882
2025-06-04,2025-06-05,7.429858845901676,0.815842643776842,0.44263185833873453,0.4920211306764882
2025-06-05,2025-06-06,7.616799348551925,0.815842643776842,0.4413130694321712,0.4920211306764882
2025-06-06,2025-06-09,7.781999864565769,0.815842643776842,0.43278447351682575,0.4920211306764882
2025-06-09,2025-06-10,7.947200380579613,0.815842643776842,0.4487246617269034,0.4920211306764882
2025-06-10,2025-06-11,8.047548354413895,0.815842643776842,0.460135338519434,0.4920211306764882
2025-06-11,2025-06-12,8.174344150791786,0.815842643776842,0.46922041171639606,0.4920211306764882
2025-06-12,2025-06-13,8.26796941023119,0.815842643776842,0.4622746497455561,0.4920211306764882
2025-06-13,2025-06-16,8.371661868788319,0.815842643776842,0.488019299091518,0.4920211306764882
2025-06-16,2025-06-17,8.48532118726084,0.815842643776842,0.49772142413846876,0.4920211306764882
2025-06-17,2025-06-18,8.63788330440296,0.815842643776842,0.4931961629251228,0.4920211306764882
2025-06-18,2025-06-19,8.731508563842365,0.815842643776842,0.49732251812454004,0.4920211306764882
2025-06-19,2025-06-20,8.909189741079818,0.815842643776842,0.4927861403952646,0.4920211306764882
2025-06-20,2025-06-23,9.102255837156749,0.815842643776842,0.4473688760345521,0.4920211306764882
2025-06-23,2025-06-24,9.270591151975964,0.815842643776842,0.45488464736020245,0.4920211306764882
2025-06-24,2025-06-25,9.448272329213417,0.815842643776842,0.41640009903404085,0.4920211306764882
2025-06-25,2025-06-26,9.665472326626778,0.815842643776842,0.380573736974621,0.4920211306764882
2025-06-26,2025-06-27,9.873690227724312,0.815842643776842,0.37391135076873483,0.4920211306764882
2025-06-27,2025-06-30,0.1869405026502491,0.815842643776842,0.37985018270159754,0.4920211306764882
2025-06-30,2025-07-01,0.3426772256331422,0.815842643776842,0.368046402875922,0.4920211306764882
2025-07-01,2025-07-02,0.5296177282833913,0.815842643776842,0.354394763061441,0.4920211306764882
2025-07-02,2025-07-03,0.6498668564349682,0.815842643776842,0.3401523859492262,0.4920211306764882
2025-07-03,2025-07-04,0.7434921158743736,0.815842643776842,0.34909487187858873,0.4920211306764882
2025-07-04,2025-07-07,0.853840173043239,0.815842643776842,0.3311454387783971,0.4920211306764882
2025-07-07,2025-07-08,0.9474654324826444,0.815842643776842,0.3106205765298029,0.4920211306764882
2025-07-08,2025-07-09,1.1032021554655373,0.815842643776842,0.34925614031868973,0.4920211306764882
2025-07-09,2025-07-10,1.2461795346946705,0.815842643776842,0.3651875194314092,0.4920211306764882
2025-07-10,2025-07-11,1.423860711932123,0.815842643776842,0.3965558244998132,0.4920211306764882
2025-07-11,2025-07-14,1.5764228290742432,0.815842643776842,0.4081255637724534,0.4920211306764882
2025-07-14,2025-07-15,1.7353241116600995,0.815842643776842,0.4297952497021655,0.4920211306764882
2025-07-15,2025-07-16,1.8686239960071673,0.815842643776842,0.44927949837355713,0.4920211306764882
2025-07-16,2025-07-17,1.9622492554465727,0.815842643776842,0.42233374186765893,0.4920211306764882
2025-07-17,2025-07-18,2.117985978429466,0.815842643776842,0.45356704642558004,0.4920211306764882
2025-07-18,2025-07-21,2.292561563108765,0.815842643776842,0.4495305712504104,0.4920211306764882
2025-07-21,2025-07-22,2.4947462634021313,0.815842643776842,0.4499786092467083,0.4920211306764882
2025-07-22,2025-07-23,2.690861142328422,0.815842643776842,0.4532543047424523,0.4920211306764882
2025-07-23,2025-07-24,2.8685423195658744,0.815842643776842,0.4587565181394966,0.4920211306764882
2025-07-24,2025-07-25,3.064657198492165,0.815842643776842,0.4783078560981732,0.4920211306764882
2025-07-25,2025-07-28,3.2423383757296174,0.815842643776842,0.4962899326613181,0.4920211306764882
2025-07-28,2025-07-29,3.435404471806549,0.815842643776842,0.48835223319787185,0.4920211306764882
2025-07-29,2025-07-30,3.5911411947894423,0.815842643776842,0.4438163458026901,0.4920211306764882
2025-07-30,2025-07-31,3.6914891686237246,0.815842643776842,0.444941943319558,0.4920211306764882
2025-07-31,2025-08-01,3.869170345861177,0.815842643776842,0.37802234212996144,0.4920211306764882
2025-08-01,2025-08-04,0.19915439494418713,0.815842643776842,0.3505441938247711,0.4920211306764882
2025-08-04,2025-08-05,0.3517165120863075,0.815842643776842,0.37132520851515455,0.4920211306764882
2025-08-05,2025-08-06,0.5169170281001507,0.815842643776842,0.37760104362120833,0.4920211306764882
2025-08-06,2025-08-07,0.7191017283935169,0.815842643776842,0.3776110350952638,0.4920211306764882
2025-08-07,2025-08-08,0.8843022444073602,0.815842643776842,0.37056146674457097,0.4920211306764882
2025-08-08,2025-08-11,0.9913280393842476,0.815842643776842,0.3632069987160735,0.4920211306764882
2025-08-11,2025-08-12,1.118123835762139,0.815842643776842,0.3864001827569503,0.4920211306764882
2025-08-12,2025-08-13,1.2864591505813538,0.815842643776842,0.3721768300763689,0.4920211306764882
2025-08-13,2025-08-14,1.4946770516788879,0.815842643776842,0.3815971174694947,0.4920211306764882
2025-08-14,2025-08-15,1.6279769360259557,0.815842643776842,0.4140790307439502,0.4920211306764882
2025-08-15,2025-08-18,1.830161636319322,0.815842643776842,0.4543823447979302,0.4920211306764882
2025-08-18,2025-08-19,0.2052058506275425,0.815842643776842,0.4490372317984305,0.4920211306764882
2025-08-19,2025-08-20,0.42240584804090414,0.815842643776842,0.44505028911907407,0.4920211306764882
2025-08-20,2025-08-21,0.6245905483342704,0.815842643776842,0.49131737908167,0.4920211306764882
2025-08-21,2025-08-22,0.7513863447121618,0.815842643776842,0.5180805977080346,0.4920211306764882
2025-08-22,2025-08-25,0.9565921953397043,0.815842643776842,0.5505380820399736,0.4920211306764882
2025-08-25,2025-08-26,1.1708071159096127,0.815842643776842,0.5396746790917452,0.4920211306764882
2025-08-26,2025-08-27,1.3880071133229743,0.815842643776842,0.5371747810342054,0.4920211306764882
2025-08-27,2025-08-28,1.5213069976700422,0.815842643776842,0.5115148376529788,0.4920211306764882
2025-08-28,2025-08-29,1.6738691148121625,0.815842643776842,0.567924982218085,0.4920211306764882
2025-08-29,2025-09-01,1.8390696308260057,0.815842643776842,0.5708760877083844,0.4920211306764882
2025-09-01,2025-09-02,2.0562696282393675,0.815842643776842,0.5701867980455136,0.4920211306764882
2025-09-02,2025-09-03,2.1992470074685007,0.815842643776842,0.5618584590314555,0.4920211306764882
2025-09-03,2025-09-04,0.2052058506275425,0.815842643776842,0.4945997075683163,0.4920211306764882
2025-09-04,2025-09-05,0.4253820407139502,0.815842643776842,0.43104843488717565,0.4920211306764882
2025-09-05,2025-09-08,0.558681925061018,0.815842643776842,0.48248969148721105,0.4920211306764882
2025-09-08,2025-09-09,0.748689914779129,0.815842643776842,0.46755249095867446,0.4920211306764882
2025-09-09,2025-09-10,0.9658899121924907,0.815842643776842,0.46901102207955564,0.4920211306764882
2025-09-10,2025-09-11,1.06958237074962,0.815842643776842,0.45171854531991057,0.4920211306764882
2025-09-11,2025-09-12,1.2626484668265519,0.815842643776842,0.49693902003494056,0.4920211306764882
2025-09-12,2025-09-15,1.4738693731838555,0.815842643776842,0.4892286382454491,0.4920211306764882
2025-09-15,2025-09-16,1.685090279541159,0.815842643776842,0.4675286960966484,0.4920211306764882
2025-09-16,2025-09-17,1.840827002524052,0.815842643776842,0.4908584624514067,0.4920211306764882
2025-09-17,2025-09-18,2.0185081797615045,0.815842643776842,0.4988074840929418,0.4920211306764882
2025-09-18,2025-09-19,2.171070296903625,0.815842643776842,0.4575424824217084,0.4920211306764882
2025-09-19,2025-09-22,2.2747627554607543,0.815842643776842,0.45432481173996697,0.4920211306764882
2025-09-22,2025-09-23,2.3917224069619323,0.815842643776842,0.45602441825257967,0.4920211306764882
2025-09-23,2025-09-24,2.4954148655190616,0.815842643776842,0.47261490923011934,0.4920211306764882
2025-09-24,2025-09-25,2.691529744445352,0.815842643776842,0.5568198514941728,0.4920211306764882
2025-09-25,2025-09-26,2.875393321591122,0.815842643776842,0.5085581254021732,0.4920211306764882
2025-09-26,2025-09-29,3.0279554387332426,0.815842643776842,0.48234124709565396,0.4920211306764882
2025-09-29,2025-09-30,3.138303495902108,0.815842643776842,0.5046464279684116,0.4920211306764882
2025-09-30,2025-10-09,3.294040218885001,0.815842643776842,0.5167378370295442,0.4920211306764882
2025-10-09,2025-10-10,3.5112402162983627,0.815842643776842,0.5358000780496641,0.4920211306764882
2025-10-10,2025-10-13,3.654217595527496,0.815842643776842,0.5448565875548701,0.4920211306764882
2025-10-13,2025-10-14,3.7711772470286737,0.815842643776842,0.5193606978171778,0.4920211306764882
2025-10-14,2025-10-15,3.9913534371150816,0.815842643776842,0.4988467396743915,0.4920211306764882
2025-10-15,2025-10-16,4.169034614352534,0.815842643776842,0.5317108625689243,0.4920211306764882
2025-10-16,2025-10-17,4.362100710429466,0.815842643776842,0.517112579600768,0.4920211306764882
2025-10-17,2025-10-20,4.567306561057009,0.815842643776842,0.5094786595948602,0.4920211306764882
2025-10-20,2025-10-21,4.778527467414313,0.815842643776842,0.5330420428844815,0.4920211306764882
2025-10-21,2025-10-22,4.911827351761381,0.815842643776842,0.5370875749491587,0.4920211306764882
2025-10-22,2025-10-23,5.092604506703961,0.815842643776842,0.5370550948399934,0.4920211306764882
2025-10-23,2025-10-24,5.251505789289817,0.815842643776842,0.5202907338259205,0.4920211306764882
2025-10-24,2025-10-27,5.407242512272711,0.815842643776842,0.5374735179844332,0.4920211306764882
2025-10-27,2025-10-28,5.624442509686072,0.815842643776842,0.5392833256454794,0.4920211306764882
2025-10-28,2025-10-29,5.832660410783606,0.815842643776842,0.5265263912978807,0.4920211306764882
2025-10-29,2025-10-30,6.04388131714091,0.815842643776842,0.5516311118049959,0.4920211306764882
2025-10-30,2025-10-31,6.137506576580315,0.815842643776842,0.5366625308533763,0.4920211306764882
2025-10-31,2025-11-03,6.2311318360197205,0.815842643776842,0.5367108575517656,0.4920211306764882
2025-11-03,2025-11-04,6.424197932096653,0.815842643776842,0.5414761681129471,0.4920211306764882
2025-11-04,2025-11-05,6.626382632390019,0.815842643776842,0.5200294450589424,0.4920211306764882
2025-11-05,2025-11-06,6.804063809627471,0.815842643776842,0.49523635166581076,0.4920211306764882
2025-11-06,2025-11-07,6.901056075614781,0.815842643776842,0.5412942717064833,0.4920211306764882
2025-11-07,2025-11-10,7.084919652760551,0.815842643776842,0.5576068710878175,0.4920211306764882
2025-11-10,2025-11-11,7.262600829998003,0.815842643776842,0.5523389465244293,0.4920211306764882
2025-11-11,2025-11-12,7.415162947140123,0.815842643776842,0.5032063510243721,0.4920211306764882
2025-11-12,2025-11-13,7.580363463153967,0.815842643776842,0.4958729282750637,0.4920211306764882
2025-11-13,2025-11-14,7.677355729141277,0.815842643776842,0.5424296560912629,0.4920211306764882
2025-11-14,2025-11-17,7.829917846283397,0.815842643776842,0.5440853443708978,0.4920211306764882
2025-11-17,2025-11-18,7.9235431057228025,0.815842643776842,0.5011998103452644,0.4920211306764882
2025-11-18,2025-11-19,8.131761006820337,0.815842643776842,0.4984970707858417,0.4920211306764882
2025-11-19,2025-11-20,8.30944218405779,0.815842643776842,0.4414848209024069,0.4920211306764882
2025-11-20,2025-11-21,8.511626884351156,0.815842643776842,0.44712497381810623,0.4920211306764882
2025-11-21,2025-11-24,0.22017619008640768,0.815842643776842,0.4269569847084533,0.4920211306764882
2025-11-24,2025-11-25,0.4373761874997693,0.815842643776842,0.4718721473064648,0.4920211306764882
2025-11-25,2025-11-26,0.6150573647372217,0.815842643776842,0.4861764255727786,0.4920211306764882
2025-11-26,2025-11-27,0.8111722436635123,0.815842643776842,0.4892143439582945,0.4920211306764882
2025-11-27,2025-11-28,0.9763727596773555,0.815842643776842,0.4602006637312045,0.4920211306764882
2025-11-28,2025-12-01,1.1352740422632117,0.815842643776842,0.49119283801106706,0.4920211306764882
2025-12-01,2025-12-02,0.1930660960769319,0.815842643776842,0.4942373686178181,0.4920211306764882
2025-12-02,2025-12-03,0.36452641343928194,0.815842643776842,0.5038373493688248,0.4920211306764882
2025-12-03,2025-12-04,0.4814860649404601,0.815842643776842,0.4949682771683206,0.4920211306764882
2025-12-04,2025-12-05,0.6498213797596748,0.815842643776842,0.45038439346661935,0.4920211306764882
2025-12-05,2025-12-08,0.8023834969017952,0.815842643776842,0.441877179739347,0.4920211306764882
2025-12-08,2025-12-09,1.0075893475293378,0.815842643776842,0.42667807743516534,0.4920211306764882
2025-12-09,2025-12-10,1.1852705247667903,0.815842643776842,0.4157163889485163,0.4920211306764882
2025-12-10,2025-12-11,1.3378326419089106,0.815842643776842,0.41726084360835686,0.4920211306764882
2025-12-11,2025-12-12,1.5061679567281254,0.815842643776842,0.4531839212620846,0.4920211306764882
2025-12-12,2025-12-15,1.6491453359572585,0.815842643776842,0.5481065871812205,0.4920211306764882
2025-12-15,2025-12-16,1.7824452203043264,0.815842643776842,0.5552221525641114,0.4920211306764882
2025-12-16,2025-12-17,1.9445010796386981,0.815842643776842,0.49869690752030704,0.4920211306764882
2025-12-17,2025-12-18,2.0581603981112195,0.815842643776842,0.5412967314242091,0.4920211306764882
2025-12-18,2025-12-19,2.151785657550625,0.815842643776842,0.5475284777122842,0.4920211306764882
2025-12-19,2025-12-22,2.3539703578439912,0.815842643776842,0.5537551226179934,0.4920211306764882
2025-12-22,2025-12-23,2.5409108604942405,0.815842643776842,0.5287433666336977,0.4920211306764882
2025-12-23,2025-12-24,2.7400652554384277,0.815842643776842,0.5345522080733479,0.4920211306764882
2025-12-24,2025-12-25,0.2052058506275425,0.815842643776842,0.5504834350410663,0.4920211306764882
2025-12-25,2025-12-26,0.401320729553833,0.815842643776842,0.5450634145118027,0.4920211306764882
2025-12-26,2025-12-29,0.609538630651367,0.815842643776842,0.5279441456890607,0.4920211306764882
2025-12-29,2025-12-30,0.7684399132372233,0.815842643776842,0.49796901964510176,0.4920211306764882
2025-12-30,2025-12-31,0.901739797584291,0.815842643776842,0.49159197263694326,0.4920211306764882
2025-12-31,2026-01-05,0.9953650570236964,0.815842643776842,0.48040567249457383,0.4920211306764882
2026-01-05,2026-01-06,1.206585963381,0.815842643776842,0.4767499593390674,0.4920211306764882
2026-01-06,2026-01-07,1.4267621534674078,0.815842643776842,0.44073132435264417,0.4920211306764882
2026-01-07,2026-01-08,1.6469383435538154,0.815842643776842,0.470233109311496,0.4920211306764882
2026-01-08,2026-01-09,1.858159249911119,0.815842643776842,0.44693022442200664,0.4920211306764882
2026-01-09,2026-01-12,2.069380156268423,0.815842643776842,0.4344943630298832,0.4920211306764882
2026-01-12,2026-01-13,2.2895563463548307,0.815842643776842,0.4578429837885006,0.4920211306764882
2026-01-13,2026-01-14,2.5007772527121346,0.815842643776842,0.49533582627256983,0.4920211306764882
2026-01-14,2026-01-15,2.696892131638425,0.815842643776842,0.49455258353621157,0.4920211306764882
2026-01-15,2026-01-16,2.8005845901955544,0.815842643776842,0.49482665740193893,0.4920211306764882
2026-01-16,2026-01-19,2.9594858727814106,0.815842643776842,0.47361250534474236,0.4920211306764882
2026-01-19,2026-01-20,3.112047989923531,0.815842643776842,0.47196089967521576,0.4920211306764882
2026-01-20,2026-01-21,3.2157404484806604,0.815842643776842,0.4662327240431542,0.4920211306764882
2026-01-21,2026-01-22,3.3903160331599596,0.815842643776842,0.4821118638299379,0.4920211306764882
2026-01-22,2026-01-23,3.5555165491738028,0.815842643776842,0.4861799755954281,0.4920211306764882
2026-01-23,2026-01-26,3.7727165465871644,0.815842643776842,0.5158142116644112,0.4920211306764882
2026-01-26,2026-01-27,3.965782642664096,0.815842643776842,0.5319373866215509,0.4920211306764882
2026-01-27,2026-01-28,0.1930660960769319,0.815842643776842,0.49757697601272677,0.4920211306764882
2026-01-28,2026-01-29,0.28669135551633723,0.815842643776842,0.4943487899368609,0.4920211306764882
2026-01-29,2026-01-30,0.38031661495574254,0.815842643776842,0.4970226684078822,0.4920211306764882
2026-01-30,2026-02-02,0.5764314938820331,0.815842643776842,0.4630849868901892,0.4920211306764882
2026-02-02,2026-02-03,0.7966076839684407,0.815842643776842,0.32291748228443223,0.4920211306764882
2026-02-03,2026-02-04,1.0048255850659746,0.815842643776842,0.42356746800930384,0.4920211306764882
2026-02-04,2026-02-05,1.151008095244056,0.815842643776842,0.41144036172553144,0.4920211306764882
2026-02-05,2026-02-06,1.3286892724815085,0.815842643776842,0.42096180493211366,0.4920211306764882
2026-02-06,2026-02-09,1.5156297751317576,0.815842643776842,0.424679847033708,0.4920211306764882
2026-02-09,2026-02-10,1.6126220411190673,0.815842643776842,0.45619113984753207,0.4920211306764882
2026-02-10,2026-02-11,1.8056881371959992,0.815842643776842,0.4640545609745506,0.4920211306764882
2026-02-11,2026-02-12,2.004842532140186,0.815842643776842,0.4562070336831536,0.4920211306764882
2026-02-12,2026-02-13,2.1825237093776386,0.815842643776842,0.4817572747216672,0.4920211306764882
2026-02-13,2026-02-24,2.2727705872254167,0.815842643776842,0.45128280952844135,0.4920211306764882
2026-02-24,2026-02-25,2.4253327043675372,0.815842643776842,0.49278276439622154,0.4920211306764882
2026-02-25,2026-02-26,2.593668019186752,0.815842643776842,0.5088506317779264,0.4920211306764882
2026-02-26,2026-02-27,2.8048889255440557,0.815842643776842,0.5024561711884178,0.4920211306764882
2026-02-27,2026-03-02,3.0161098319013595,0.815842643776842,0.5261174086761092,0.4920211306764882
2026-03-02,2026-03-03,3.193791009138812,0.815842643776842,0.5594446159506324,0.4920211306764882
2026-03-03,2026-03-04,3.405011915496116,0.815842643776842,0.48195864106953995,0.4920211306764882
2026-03-04,2026-03-05,3.6251881055825237,0.815842643776842,0.4293576656096009,0.4920211306764882
2026-03-05,2026-03-06,3.8423881029958853,0.815842643776842,0.4344953495859488,0.4920211306764882
2026-03-06,2026-03-09,3.9981248259787785,0.815842643776842,0.40115574352438244,0.4920211306764882
2026-03-09,2026-03-10,4.108472883147644,0.815842643776842,0.41587713641755114,0.4920211306764882
2026-03-10,2026-03-11,4.2736733991614875,0.815842643776842,0.4119648976719987,0.4920211306764882
2026-03-11,2026-03-12,4.397201218774763,0.815842643776842,0.412167663952292,0.4920211306764882
2026-03-12,2026-03-13,4.552937941757656,0.815842643776842,0.41505685121558744,0.4920211306764882
2026-03-13,2026-03-16,4.746004037834588,0.815842643776842,0.40458860055224904,0.4920211306764882
2026-03-16,2026-03-17,0.208217901097534,0.815842643776842,0.3783032039149648,0.4920211306764882
2026-03-17,2026-03-18,0.4254178985108956,0.815842643776842,0.3940301255267833,0.4920211306764882
2026-03-18,2026-03-19,0.6123584011611447,0.815842643776842,0.4132302234415992,0.4920211306764882
2026-03-19,2026-03-20,0.8295583985745063,0.815842643776842,0.4608770442748779,0.4920211306764882
2026-03-20,2026-03-23,1.04077930493181,0.815842643776842,0.45061652346682396,0.4920211306764882
2026-03-23,2026-03-24,1.2609554950182176,0.815842643776842,0.46327015097522184,0.4920211306764882
2026-03-24,2026-03-25,1.4781554924315792,0.815842643776842,0.5346050061431427,0.4920211306764882
2026-03-25,2026-03-26,0.10034797383428208,0.815842643776842,0.5392991756445967,0.4920211306764882
2026-03-26,2026-03-27,0.3085658749318161,0.815842643776842,0.5394415417002942,0.4920211306764882
2026-03-27,2026-03-30,0.190007989718111,0.815842643776842,0.5591794664109714,0.4920211306764882
2026-03-30,2026-03-31,0.2836332491575163,0.815842643776842,0.5673188260428971,0.4920211306764882
2026-03-31,2026-04-01,0.3873257077146455,0.815842643776842,0.534936401172615,0.4920211306764882
2026-04-01,2026-04-02,0.4843179737019552,0.815842643776842,0.5726665328762506,0.4920211306764882
2026-04-02,2026-04-03,0.6773840697788871,0.815842643776842,0.5609457034274773,0.4920211306764882
2026-04-03,2026-04-07,0.15890128258585617,0.815842643776842,0.5623839111683455,0.4920211306764882
2026-04-07,2026-04-08,0.36108598287922244,0.815842643776842,0.5785665457480451,0.4920211306764882
2026-04-08,2026-04-09,0.578285980292584,0.815842643776842,0.5632480988636742,0.4920211306764882
2026-04-09,2026-04-10,0.7984621703789917,0.815842643776842,0.5280169675425813,0.4920211306764882
2026-04-10,2026-04-13,1.0186383604653995,0.815842643776842,0.5439468350949525,0.4920211306764882
2026-04-13,2026-04-14,1.1223308190225287,0.815842643776842,0.5670594872796684,0.4920211306764882
2026-04-14,2026-04-15,1.324515519315895,0.815842643776842,0.5493609087552025,0.4920211306764882
2026-04-15,2026-04-16,1.4802522422987883,0.815842643776842,0.500021292411917,0.4920211306764882
2026-04-16,2026-04-17,1.6884701433963223,0.815842643776842,0.45944962346683593,0.4920211306764882
2026-04-17,2026-04-20,1.8661513206337748,0.815842643776842,0.4433586295605723,0.4920211306764882
2026-04-20,2026-04-21,2.0773722269910784,0.815842643776842,0.41614559815946617,0.4920211306764882
2026-04-21,2026-04-22,0.15890128258585617,0.815842643776842,0.4100101852544646,0.4920211306764882
2026-04-22,2026-04-23,0.35196737866278804,0.815842643776842,0.4053219445210577,0.4920211306764882
2026-04-23,2026-04-24,0.4455926381021934,0.815842643776842,0.35781567449756285,0.4920211306764882
2026-04-24,2026-04-27,0.5492850966593226,0.815842643776842,0.3333763537244583,0.4920211306764882
2026-04-27,2026-04-28,0.7050218196422157,0.815842643776842,0.33536912580381795,0.4920211306764882
2026-04-28,2026-04-29,0.8639231022280718,0.815842643776842,0.3780072950054822,0.4920211306764882
2026-04-29,2026-04-30,1.029123618241915,0.815842643776842,0.5614701649958054,0.4920211306764882
2026-04-30,2026-05-06,1.1624235025889829,0.815842643776842,0.5583528315979823,0.4920211306764882
2026-05-06,2026-05-07,1.3825996926753905,0.815842643776842,0.5326731710559108,0.4920211306764882
2026-05-07,2026-05-08,1.5997996900887521,0.815842643776842,0.5237441787161187,0.4920211306764882
2026-05-08,2026-05-11,1.8169996875021137,0.815842643776842,0.48374210456502575,0.4920211306764882
2026-05-11,2026-05-12,2.0252175885996477,0.815842643776842,0.5093884688420581,0.4920211306764882
2026-05-12,2026-05-13,2.184118871185504,0.815842643776842,0.4821486369541048,0.4920211306764882
2026-05-13,2026-05-14,2.3923367722830378,0.815842643776842,0.5121685264549978,0.4920211306764882
2026-05-14,2026-05-15,2.5854028683599695,0.815842643776842,0.5065029926043083,0.4920211306764882
2026-05-15,2026-05-18,2.7936207694575033,0.815842643776842,0.4696735115101136,0.4920211306764882
2026-05-18,2026-05-19,0.21719999741336163,0.815842643776842,0.4456773930940946,0.4920211306764882
2026-05-19,2026-05-20,0.33415964891453975,0.815842643776842,0.46291027507631943,0.4920211306764882
2026-05-20,2026-05-21,0.5118408261519922,0.815842643776842,0.46322045809292106,0.4920211306764882
2026-05-21,2026-05-22,0.6895220033894447,0.815842643776842,0.4544684701142741,0.4920211306764882
2026-05-22,2026-05-25,0.81304982300272,0.815842643776842,0.4937622269533638,0.4920211306764882
2026-05-25,2026-05-26,0.9463497073497877,0.815842643776842,0.4790698686641668,0.4920211306764882
2026-05-26,2026-05-27,1.1545676084473218,0.815842643776842,0.48001916019191004,0.4920211306764882
2026-05-27,2026-05-28,1.2748167365988987,0.815842643776842,0.4690961678762009,0.4920211306764882
2026-05-28,2026-05-29,1.4586803137446684,0.815842643776842,0.4680096309446872,0.4920211306764882
2026-05-29,2026-06-01,1.67588031115803,0.815842643776842,0.47809644284440217,0.4920211306764882
2026-06-01,2026-06-02,1.8871012175153337,0.815842643776842,0.4482177454724366,0.4920211306764882
2026-06-02,2026-06-03,2.0953191186128675,0.815842643776842,0.48393885806687587,0.4920211306764882
2026-06-03,2026-06-04,2.178774798882644,0.815842643776842,0.4700396963255328,0.4920211306764882
2026-06-04,2026-06-05,2.334511521865537,0.815842643776842,0.5038342354260934,0.4920211306764882
2026-06-05,2026-06-08,0.1525621171421204,0.815842643776842,0.5096416922525804,0.4920211306764882
2026-06-08,2026-06-09,0.3727383072285281,0.815842643776842,0.48841904111232504,0.4920211306764882
2026-06-09,2026-06-10,0.5688531861548186,0.815842643776842,0.550859847211298,0.4920211306764882
2026-06-10,2026-06-11,0.7680075810990057,0.815842643776842,0.544178301468394,0.4920211306764882
2026-06-11,2026-06-12,0.9237443040818988,0.815842643776842,0.5285628767896596,0.4920211306764882
2026-06-12,2026-06-15,0.1525621171421204,0.815842643776842,0.5354846280380744,0.4920211306764882
2026-06-15,2026-06-16,0.369762114555482,0.815842643776842,0.48714626800278843,0.4920211306764882
2026-06-16,2026-06-17,0.5899383046418897,0.815842643776842,0.4916411281691039,0.4920211306764882
2026-06-17,2026-06-18,0.8101144947282973,0.815842643776842,0.5064521512059692,0.4920211306764882
2026-06-18,2026-06-22,1.021335401085601,0.815842643776842,0.4837492969272641,0.4920211306764882
2026-06-22,2026-06-23,1.2385353984989627,0.815842643776842,0.504410498526376,0.4920211306764882
2026-06-23,2026-06-24,1.391097515641083,0.815842643776842,0.507798853317357,0.4920211306764882
2026-06-24,2026-06-25,0.1930660960769319,0.815842643776842,0.5210230950666122,0.4920211306764882
2026-06-25,2026-06-26,0.3456282132190523,0.815842643776842,0.5092557301363161,0.4920211306764882
2026-06-26,2026-06-29,0.44597618705333436,0.815842643776842,0.5103217499168539,0.4920211306764882
2026-06-29,2026-06-30,0.5463241608876165,0.815842643776842,0.5560800758046536,0.4920211306764882
2026-06-30,2026-07-01,0.7052254434734726,0.815842643776842,0.5610068604623715,0.4920211306764882
2026-07-01,2026-07-02,0.9224254408868342,0.815842643776842,0.512641736974765,0.4920211306764882
2026-07-02,2026-07-03,1.1001066181242867,0.815842643776842,0.510193451017419,0.4920211306764882
2026-07-03,2026-07-06,1.3113275244815903,0.815842643776842,0.5233138078053942,0.4920211306764882
2026-07-06,2026-07-07,1.528527521894952,0.815842643776842,0.5296823092419541,0.4920211306764882
2026-07-07,2026-07-08,0.19611487892629054,0.815842643776842,0.4937778295291153,0.4920211306764882
2026-07-08,2026-07-09,0.41331487633965214,0.815842643776842,0.46268591495272354,0.4920211306764882
2026-07-09,2026-07-10,0.5069401357790575,0.815842643776842,0.4907175569752174,0.4920211306764882
2026-07-10,2026-07-13,0.5903958160488338,0.815842643776842,0.4902670650816725,0.4920211306764882
2026-07-13,2026-07-14,0.208217901097534,0.815842643776842,0.4121705922013376,0.4920211306764882
2026-07-14,2026-07-15,0.4254178985108956,0.815842643776842,0.4689311057292756,0.4920211306764882
2026-07-15,2026-07-16,0.6426178959242572,0.815842643776842,0.44980347026544104,0.4920211306764882
2026-07-16,2026-07-17,0.8417722908684444,0.815842643776842,0.41546525704526427,0.4920211306764882
2026-07-17,2026-07-20,1.061948480954852,0.815842643776842,0.3981883986772546,0.4920211306764882
2026-07-20,2026-07-21,1.2821246710412597,0.815842643776842,0.38746133708735764,0.4920211306764882
2026-07-21,2026-07-22,1.4690651736915088,0.815842643776842,0.41086901815465854,0.4920211306764882
2026-07-22,2026-07-23,0.2142149205699084,0.815842643776842,0.42965061442701846,0.4920211306764882
2026-07-23,2026-07-24,0.43141491798327003,0.815842643776842,0.4509589509615341,0.4920211306764882
2026-07-24,2026-07-27,0.21719999741336163,0.815842643776842,0.43842479937619533,0.4920211306764882
2026-07-27,2026-07-28,0.327548054582227,0.815842643776842,0.5269111105890539,0.4920211306764882
2026-07-28,2026-07-29,0.5447480519955886,0.815842643776842,0.5423244532541202,0.4920211306764882
2026-07-29,2026-07-30,0.628203732265365,0.815842643776842,0.5872987375042762,0.4920211306764882
2026-07-30,2026-07-31,0.8483799223517726,0.815842643776842,0.5105658223379909,0.4920211306764882
2026-07-31,2026-08-03,1.000942039493893,0.815842643776842,0.597807690482532,0.4920211306764882
2026-08-03,2026-08-04,0.17768117723745241,0.815842643776842,0.5994845652887951,0.4920211306764882
2026-08-04,2026-08-05,0.39488117465081407,0.815842643776842,0.6117992284567214,0.4920211306764882
2026-08-05,2026-08-06,0.6120811720641757,0.815842643776842,0.637994971700285,0.4920211306764882
2026-08-06,2026-08-07,0.8322573621505833,0.815842643776842,0.6645123299826156,0.4920211306764882
2026-08-07,2026-08-10,1.052433552236991,0.815842643776842,0.7127021436380933,0.4920211306764882
2026-08-10,2026-08-11,1.260651453334525,0.815842643776842,0.7093585092842324,0.4920211306764882
2026-08-11,2026-08-12,1.447591955984774,0.815842643776842,0.6663019590362955,0.4920211306764882
2026-08-12,2026-08-13,1.6001540731268944,0.815842643776842,0.6719416983196819,0.4920211306764882
2026-08-13,2026-08-14,1.7527161902690147,0.815842643776842,0.6679679137000184,0.4920211306764882
2026-08-14,2026-08-17,1.856408648826144,0.815842643776842,0.6527206534566138,0.4920211306764882
2026-08-17,2026-08-18,2.0433491514763933,0.815842643776842,0.6251173819954683,0.4920211306764882
2026-08-18,2026-08-19,2.251567052573927,0.815842643776842,0.6280346123162365,0.4920211306764882
2026-08-19,2026-08-20,2.4567729032014696,0.815842643776842,0.5686585391766897,0.4920211306764882
2026-08-20,2026-08-21,2.673972900614831,0.815842643776842,0.5362009195487034,0.4920211306764882
2026-08-21,2026-08-24,2.8911728980281928,0.815842643776842,0.4930604869543773,0.4920211306764882
2026-08-24,2026-08-25,3.0437350151703133,0.815842643776842,0.49170873907436297,0.4920211306764882
