实际执行日,三状态,+1反转,-1反转,0转-1,0转+1,大涨,大跌,执行日O2O,阶段,仅零段反转状态,仅零段反转原因,仅零段反转日收益
2018-01-03,0,0,0,0,0,0,0,0.0076672058724518,Train,0,基础0,0.0
2018-01-04,0,0,0,0,0,0,0,0.0054071879285921,Train,0,基础0,0.0
2018-01-05,0,0,0,0,0,0,0,-0.0001391321254471,Train,0,基础0,-0.0
2018-01-08,0,0,0,0,0,0,0,0.0043360382563217,Train,0,基础0,0.0
2018-01-09,0,0,0,0,0,0,0,0.0002758284902544,Train,0,基础0,0.0
2018-01-10,0,0,0,0,0,0,0,-0.008001414271017,Train,0,基础0,-0.0
2018-01-11,0,0,0,0,0,0,0,0.0042120782131258,Train,0,基础0,0.0
2018-01-12,0,0,0,0,0,0,0,-0.0042782113798263,Train,0,基础0,-0.0
2018-01-15,0,0,0,0,0,0,0,-0.0228766738479169,Train,0,基础0,-0.0
2018-01-16,0,0,0,1,0,1,0,0.0068635468178279,Train,-1,0转-1持有,-0.0068635468178279
2018-01-17,-1,0,0,0,0,0,0,-0.0055591135577258,Train,-1,基础-1,0.0055591135577258
2018-01-18,-1,0,0,0,0,0,0,0.0050431459881306,Train,-1,基础-1,-0.0050431459881306
2018-01-19,-1,0,0,0,0,0,0,-0.0031571161246604,Train,-1,基础-1,0.0031571161246604
2018-01-22,-1,0,0,0,0,0,0,0.0124399757053548,Train,-1,基础-1,-0.0124399757053548
2018-01-23,-1,0,0,0,0,0,0,0.0016727134191236,Train,-1,基础-1,-0.0016727134191236
2018-01-24,0,0,0,0,0,0,0,0.0052730724306191,Train,0,基础0,0.0
2018-01-25,0,0,0,0,0,0,0,-0.0019883981636936,Train,0,基础0,-0.0
2018-01-26,0,0,0,0,0,0,0,0.0017158030691644,Train,0,基础0,0.0
2018-01-29,0,0,0,0,0,0,0,-0.0131069415186584,Train,0,基础0,-0.0
2018-01-30,0,0,0,0,0,1,0,-0.0037462459224203,Train,0,基础0,-0.0
2018-01-31,0,0,0,0,0,0,0,-0.0154104139803901,Train,0,基础0,-0.0
2018-02-01,0,0,0,0,0,1,0,-0.039375413606266,Train,0,基础0,-0.0
2018-02-02,0,0,0,1,0,1,0,-0.001664488521141,Train,-1,0转-1持有,0.001664488521141
2018-02-05,0,0,0,1,0,0,0,-0.0069826313304367,Train,-1,0转-1持有,0.0069826313304367
2018-02-06,0,0,0,0,0,0,1,-0.0136554165908202,Train,0,基础0,-0.0
2018-02-07,0,0,0,0,0,1,1,-0.01899759988219,Train,0,基础0,-0.0
2018-02-08,0,0,0,0,0,0,1,-0.0111848736344353,Train,0,基础0,-0.0
2018-02-09,0,0,0,1,0,0,1,-0.0089221154488606,Train,-1,0转-1持有,0.0089221154488606
2018-02-12,0,0,0,1,0,0,1,0.0267723807213031,Train,-1,0转-1持有,-0.0267723807213031
2018-02-13,0,0,0,1,0,0,1,0.0018734120761514,Train,-1,0转-1持有,-0.0018734120761514
2018-02-14,0,0,0,1,0,0,0,0.0102867807948325,Train,-1,0转-1持有,-0.0102867807948325
2018-02-22,0,0,0,1,0,0,0,0.0132334547381753,Train,-1,0转-1持有,-0.0132334547381753
2018-02-23,0,0,0,0,1,0,0,0.0082863651167623,Train,1,0转+1持有,0.0082863651167623
2018-02-26,0,0,0,0,1,0,0,0.0167828784618198,Train,1,0转+1持有,0.0167828784618198
2018-02-27,0,0,0,0,1,0,0,-0.0096227387879007,Train,1,0转+1持有,-0.0096227387879007
2018-02-28,0,0,0,0,1,0,0,0.0032610143434594,Train,1,0转+1持有,0.0032610143434594
2018-03-01,0,0,0,0,0,0,0,0.0110428318889375,Train,0,基础0,0.0
2018-03-02,0,0,0,0,0,0,0,0.0021816389309514,Train,0,基础0,0.0
2018-03-05,0,0,0,0,0,0,0,0.0017613578952451,Train,0,基础0,0.0
2018-03-06,0,0,0,1,0,0,0,0.0093096377270913,Train,-1,0转-1持有,-0.0093096377270913
2018-03-07,0,0,0,1,0,0,0,-0.0098265444660614,Train,-1,0转-1持有,0.0098265444660614
2018-03-08,1,0,0,0,0,0,0,0.0094594518056887,Train,1,基础+1,0.0094594518056887
2018-03-09,1,0,0,0,0,0,0,0.0162593167243962,Train,1,基础+1,0.0162593167243962
2018-03-12,1,0,0,0,0,0,0,0.00882538163922,Train,1,基础+1,0.00882538163922
2018-03-13,1,0,0,0,0,0,0,-0.0082026446267318,Train,1,基础+1,-0.0082026446267318
2018-03-14,1,1,0,0,0,0,0,-0.009847035448641,Train,1,基础+1,-0.009847035448641
2018-03-15,1,0,0,0,0,0,0,0.0013815329799689,Train,1,基础+1,0.0013815329799689
2018-03-16,1,0,0,0,0,0,0,-0.0062867828402746,Train,1,基础+1,-0.0062867828402746
2018-03-19,0,0,0,0,0,0,0,-0.0053585499111115,Train,0,基础0,-0.0
2018-03-20,0,0,0,0,0,0,0,0.011867215638327,Train,0,基础0,0.0
2018-03-21,0,0,0,0,0,0,0,-0.0084212038318962,Train,0,基础0,-0.0
2018-03-22,0,0,0,1,0,1,0,-0.0353471772049035,Train,-1,0转-1持有,0.0353471772049035
2018-03-23,0,0,0,1,0,0,0,-0.0334861605017905,Train,-1,0转-1持有,0.0334861605017905
2018-03-26,0,0,0,1,0,1,0,0.0421467632012815,Train,-1,0转-1持有,-0.0421467632012815
2018-03-27,0,0,0,0,0,0,0,0.0010624663136662,Train,0,基础0,0.0
2018-03-28,0,0,0,0,0,0,0,0.0052675323814543,Train,0,基础0,0.0
2018-03-29,0,0,0,0,0,0,1,0.0097103386632322,Train,0,基础0,0.0
2018-03-30,0,0,0,1,0,0,0,0.0124017714819482,Train,-1,0转-1持有,-0.0124017714819482
2018-04-02,0,0,0,1,0,0,0,-0.0143891858273262,Train,-1,0转-1持有,0.0143891858273262
2018-04-03,0,0,0,0,0,0,0,0.0063882544780298,Train,0,基础0,0.0
2018-04-04,0,0,0,0,0,0,1,-0.0137058808256472,Train,0,基础0,-0.0
2018-04-09,0,0,0,0,0,0,1,0.0063629448484889,Train,0,基础0,0.0
2018-04-10,0,0,0,0,0,0,1,0.0082126634035359,Train,0,基础0,0.0
2018-04-11,0,0,0,0,0,0,0,-0.0013590360168467,Train,0,基础0,-0.0
2018-04-12,0,0,0,0,0,0,0,1.142618947480578e-05,Train,0,基础0,0.0
2018-04-13,0,0,0,0,0,0,0,-0.0091649669855221,Train,0,基础0,-0.0
2018-04-16,0,0,0,0,0,0,0,0.0010610370383761,Train,0,基础0,0.0
2018-04-17,0,0,0,1,0,0,0,-0.0163853282889324,Train,-1,0转-1持有,0.0163853282889324
2018-04-18,0,0,0,1,0,0,0,0.0066483232756875,Train,-1,0转-1持有,-0.0066483232756875
2018-04-19,0,0,0,0,0,0,0,0.0031560523606364,Train,0,基础0,0.0
2018-04-20,0,0,0,0,0,0,0,-0.0164522151210461,Train,0,基础0,-0.0
2018-04-23,0,0,0,0,0,0,0,-0.0102215361650386,Train,0,基础0,-0.0
2018-04-24,0,0,0,0,0,0,0,0.0178445540126634,Train,0,基础0,0.0
2018-04-25,0,0,0,0,0,0,0,0.0036743821681939,Train,0,基础0,0.0
2018-04-26,0,0,0,1,0,0,0,-0.0144088783290621,Train,-1,0转-1持有,0.0144088783290621
2018-04-27,0,0,0,1,0,0,0,-0.0006138667915199,Train,-1,0转-1持有,0.0006138667915199
2018-05-02,0,0,0,1,0,0,0,-0.0031988242329249,Train,-1,0转-1持有,0.0031988242329249
2018-05-03,0,0,0,1,0,0,0,0.0082199311552655,Train,-1,0转-1持有,-0.0082199311552655
2018-05-04,0,0,0,0,0,0,0,0.0051251204333788,Train,0,基础0,0.0
2018-05-07,0,0,0,0,0,0,0,0.0172715246524386,Train,0,基础0,0.0
2018-05-08,0,0,0,0,0,0,0,0.0018051382674586,Train,0,基础0,0.0
2018-05-09,0,0,0,0,0,0,0,0.0002568748405717,Train,0,基础0,0.0
2018-05-10,0,0,0,0,0,0,0,0.0014871422270195,Train,0,基础0,0.0
2018-05-11,0,0,0,0,0,0,0,-0.0103411212352828,Train,0,基础0,-0.0
2018-05-14,0,0,0,0,1,0,0,-0.0017232177426889,Train,1,0转+1持有,-0.0017232177426889
2018-05-15,0,0,0,0,1,0,0,0.0051223829870115,Train,1,0转+1持有,0.0051223829870115
2018-05-16,0,0,0,1,1,0,0,-0.0003352461499542,Train,0,零段同日冲突置0,-0.0
2018-05-17,0,0,0,1,1,0,0,-0.0053628875940007,Train,0,零段同日冲突置0,-0.0
2018-05-18,0,0,0,0,0,0,0,0.011035543281312,Train,0,基础0,0.0
2018-05-21,0,0,0,0,0,0,0,0.0052738072308153,Train,0,基础0,0.0
2018-05-22,0,0,0,0,0,0,0,0.0023862186370313,Train,0,基础0,0.0
2018-05-23,0,0,0,0,0,0,0,-0.0109698909467372,Train,0,基础0,-0.0
2018-05-24,0,0,0,0,0,0,0,-0.0050017783443057,Train,0,基础0,-0.0
2018-05-25,0,0,0,0,0,0,0,-0.0122759415276241,Train,0,基础0,-0.0
2018-05-28,0,0,0,0,0,0,0,-0.0043806750979367,Train,0,基础0,-0.0
2018-05-29,0,0,0,0,0,0,0,-0.0212658493205423,Train,0,基础0,-0.0
2018-05-30,0,0,0,0,0,0,0,-0.0063376722321873,Train,0,基础0,-0.0
2018-05-31,0,0,0,1,0,0,0,0.0012179388330926,Train,-1,0转-1持有,-0.0012179388330926
2018-06-01,0,0,0,1,0,0,0,-0.0064482252511235,Train,-1,0转-1持有,0.0064482252511235
2018-06-04,0,0,0,0,0,0,0,-0.0020646868341953,Train,0,基础0,-0.0
2018-06-05,0,0,0,0,0,0,0,0.015753441644541,Train,0,基础0,0.0
2018-06-06,0,0,0,0,1,0,0,0.0027285529847049,Train,1,0转+1持有,0.0027285529847049
2018-06-07,0,0,0,0,1,0,0,-0.0094394844267569,Train,1,0转+1持有,-0.0094394844267569
2018-06-08,0,0,0,0,1,0,0,-0.0129435075364731,Train,1,0转+1持有,-0.0129435075364731
2018-06-11,0,0,0,1,1,0,0,-0.0034114701499322,Train,0,零段同日冲突置0,-0.0
2018-06-12,0,0,0,1,1,0,0,0.007176091422099,Train,0,零段同日冲突置0,0.0
2018-06-13,0,0,0,0,0,0,0,-0.015538644968033,Train,0,基础0,-0.0
2018-06-14,0,0,0,0,0,0,0,-0.0013824355098644,Train,0,基础0,-0.0
2018-06-15,0,0,0,0,0,0,0,-0.0333441247353767,Train,0,基础0,-0.0
2018-06-19,0,0,0,1,0,0,0,-0.0523698188259913,Train,-1,0转-1持有,0.0523698188259913
2018-06-20,0,0,0,1,0,1,0,0.0160475589136954,Train,-1,0转-1持有,-0.0160475589136954
2018-06-21,0,0,0,0,0,0,0,-0.0276539489633582,Train,0,基础0,-0.0
2018-06-22,0,0,0,0,0,0,0,0.0285431225650358,Train,0,基础0,0.0
2018-06-25,0,0,0,0,0,0,1,-0.0264141215790955,Train,0,基础0,-0.0
2018-06-26,0,0,0,0,0,0,1,0.019812394530132,Train,0,基础0,0.0
2018-06-27,0,0,0,0,0,0,1,-0.0120383433522521,Train,0,基础0,-0.0
2018-06-28,0,0,0,0,0,0,1,-0.0071446863277484,Train,0,基础0,-0.0
2018-06-29,0,0,0,0,0,0,1,0.0307769168628446,Train,0,基础0,0.0
2018-07-02,0,0,0,0,1,0,1,-0.0150101022585797,Train,1,0转+1持有,-0.0150101022585797
2018-07-03,0,0,0,0,1,0,1,0.0063523785134853,Train,1,0转+1持有,0.0063523785134853
2018-07-04,0,0,0,0,1,0,1,-0.0119986315721506,Train,1,0转+1持有,-0.0119986315721506
2018-07-05,0,0,0,0,1,0,0,-0.0248886187848547,Train,1,0转+1持有,-0.0248886187848547
2018-07-06,0,0,0,0,0,0,0,0.005064248513092,Train,0,基础0,0.0
2018-07-09,0,0,0,0,0,0,0,0.0213508991928246,Train,0,基础0,0.0
2018-07-10,0,0,0,0,0,0,0,-0.0105686382304371,Train,0,基础0,-0.0
2018-07-11,0,0,0,0,0,0,0,-0.0060824823803896,Train,0,基础0,-0.0
2018-07-12,0,0,0,0,0,0,0,0.0288737720345024,Train,0,基础0,0.0
2018-07-13,0,0,0,0,0,0,0,0.0052215387929261,Train,0,基础0,0.0
2018-07-16,0,0,0,0,0,0,0,-0.002379916055436,Train,0,基础0,-0.0
2018-07-17,0,0,0,0,0,0,0,0.0018772057567515,Train,0,基础0,0.0
2018-07-18,0,0,0,0,1,0,0,-0.0087543688894046,Train,1,0转+1持有,-0.0087543688894046
2018-07-19,0,0,0,0,1,0,0,-0.0092608208027633,Train,1,0转+1持有,-0.0092608208027633
2018-07-20,0,0,0,0,1,0,0,0.0080237150496182,Train,1,0转+1持有,0.0080237150496182
2018-07-23,0,0,0,0,1,0,0,0.0129746351716322,Train,1,0转+1持有,0.0129746351716322
2018-07-24,0,0,0,0,1,0,0,0.0181496346468488,Train,1,0转+1持有,0.0181496346468488
2018-07-25,0,0,0,0,1,0,0,-0.0001339672074049,Train,1,0转+1持有,-0.0001339672074049
2018-07-26,0,0,0,0,0,0,0,-0.006985203392238,Train,0,基础0,-0.0
2018-07-27,1,0,0,0,0,0,0,-0.004830888175182,Train,1,基础+1,-0.004830888175182
2018-07-30,1,0,0,0,0,0,0,-0.0118108665852726,Train,1,基础+1,-0.0118108665852726
2018-07-31,1,0,0,0,0,0,0,0.0030156131987053,Train,1,基础+1,0.0030156131987053
2018-08-01,1,0,0,0,0,0,0,-0.020027870198918,Train,1,基础+1,-0.020027870198918
2018-08-02,1,0,0,0,0,0,0,-0.02187680022026,Train,1,基础+1,-0.02187680022026
2018-08-03,0,0,0,1,0,0,0,-0.012722024590529,Train,-1,0转-1持有,0.012722024590529
2018-08-06,0,0,0,1,0,0,0,-0.0169098840604073,Train,-1,0转-1持有,0.0169098840604073
2018-08-07,0,0,0,0,0,0,0,0.021600337595995,Train,0,基础0,0.0
2018-08-08,0,0,0,0,1,0,0,-0.0159134815028066,Train,1,0转+1持有,-0.0159134815028066
2018-08-09,0,0,0,0,1,0,0,0.028360802946957,Train,1,0转+1持有,0.028360802946957
2018-08-10,0,0,0,0,1,0,0,-0.0037410634123998,Train,1,0转+1持有,-0.0037410634123998
2018-08-13,0,0,0,1,1,0,0,0.0125561710923203,Train,0,零段同日冲突置0,0.0
2018-08-14,0,0,0,1,1,0,0,-0.0016503928515492,Train,0,零段同日冲突置0,-0.0
2018-08-15,0,0,0,0,0,0,0,-0.0315497826103189,Train,0,基础0,-0.0
2018-08-16,0,0,0,0,0,0,0,0.0095845042254645,Train,0,基础0,0.0
2018-08-17,0,0,0,0,0,0,0,-0.0262415553627768,Train,0,基础0,-0.0
2018-08-20,0,0,0,0,0,0,0,0.0077118637050188,Train,0,基础0,0.0
2018-08-21,0,0,0,0,0,0,1,0.0094806906726372,Train,0,基础0,0.0
2018-08-22,0,0,0,1,0,0,0,-0.0092280880811373,Train,-1,0转-1持有,0.0092280880811373
2018-08-23,0,0,0,1,0,0,0,0.0045235862556403,Train,-1,0转-1持有,-0.0045235862556403
2018-08-24,-1,0,0,0,0,0,0,0.0010836519162287,Train,-1,基础-1,-0.0010836519162287
2018-08-27,-1,0,0,0,0,0,0,0.0217342431707043,Train,-1,基础-1,-0.0217342431707043
2018-08-28,-1,0,0,0,0,0,0,0.0014805827872919,Train,-1,基础-1,-0.0014805827872919
2018-08-29,-1,0,0,0,0,0,0,-0.0069255253465201,Train,-1,基础-1,0.0069255253465201
2018-08-30,-1,0,0,0,0,0,0,-0.016745960113095,Train,-1,基础-1,0.016745960113095
2018-08-31,0,0,0,0,0,0,0,-0.0095954967666191,Train,0,基础0,-0.0
2018-09-03,0,0,0,0,0,0,0,0.005303117634797,Train,0,基础0,0.0
2018-09-04,0,0,0,0,0,0,0,0.0089442876977565,Train,0,基础0,0.0
2018-09-05,0,0,0,0,1,0,0,-0.0156197083845135,Train,1,0转+1持有,-0.0156197083845135
2018-09-06,0,0,0,0,1,0,0,-0.0008538753388662,Train,1,0转+1持有,-0.0008538753388662
2018-09-07,0,0,0,0,1,0,0,-0.0008831864073056,Train,1,0转+1持有,-0.0008831864073056
2018-09-10,0,0,0,0,1,0,0,-0.0187297952795593,Train,1,0转+1持有,-0.0187297952795593
2018-09-11,0,0,0,0,0,0,0,-0.0004114752321616,Train,0,基础0,-0.0
2018-09-12,0,0,0,0,0,0,0,0.0056437282770303,Train,0,基础0,0.0
2018-09-13,0,0,0,0,0,0,0,-0.0014072550452463,Train,0,基础0,-0.0
2018-09-14,0,0,0,0,0,0,0,-0.0150034183987701,Train,0,基础0,-0.0
2018-09-17,0,0,0,0,0,0,0,-0.0132722510955333,Train,0,基础0,-0.0
2018-09-18,0,0,0,0,0,0,0,0.0186811510763267,Train,0,基础0,0.0
2018-09-19,0,0,0,0,0,0,0,0.0129514280636291,Train,0,基础0,0.0
2018-09-20,0,0,0,0,0,0,0,0.0019691488120916,Train,0,基础0,0.0
2018-09-21,0,0,0,0,0,0,0,0.0065321402011226,Train,0,基础0,0.0
2018-09-25,0,0,0,0,0,0,0,0.0040373274456357,Train,0,基础0,0.0
2018-09-26,0,0,0,0,0,0,0,0.0038745369096324,Train,0,基础0,0.0
2018-09-27,0,0,0,0,0,0,0,-0.0104537120911383,Train,0,基础0,-0.0
2018-09-28,0,0,0,0,0,0,0,-0.0083817925851281,Train,0,基础0,-0.0
2018-10-08,0,0,0,0,0,0,0,-0.0148080932105622,Train,0,基础0,-0.0
2018-10-09,0,0,0,0,0,0,0,-0.0038363132875411,Train,0,基础0,-0.0
2018-10-10,0,0,0,0,0,0,0,-0.0326612263582458,Train,0,基础0,-0.0
2018-10-11,0,0,0,0,0,0,0,-0.0481592415815059,Train,0,基础0,-0.0
2018-10-12,0,0,0,1,0,1,0,0.0037494415452381,Train,-1,0转-1持有,-0.0037494415452381
2018-10-15,-1,0,0,0,0,0,1,-0.0210061004272887,Train,-1,基础-1,0.0210061004272887
2018-10-16,-1,0,0,0,0,0,0,-0.0109776862292273,Train,-1,基础-1,0.0109776862292273
2018-10-17,-1,0,0,0,0,0,1,-0.0103709710223083,Train,-1,基础-1,0.0103709710223083
2018-10-18,-1,0,0,0,0,0,0,-0.0355447967373995,Train,-1,基础-1,0.0355447967373995
2018-10-19,-1,0,1,0,0,0,0,0.0523718930293297,Train,-1,基础-1,-0.0523718930293297
2018-10-22,0,0,0,0,0,0,1,0.0409743045267809,Train,0,基础0,0.0
2018-10-23,0,0,0,0,0,0,1,-0.0236618644931387,Train,0,基础0,-0.0
2018-10-24,0,0,0,0,0,0,0,-0.025899032454645,Train,0,基础0,-0.0
2018-10-25,0,0,0,0,1,0,0,0.0331519528680741,Train,1,0转+1持有,0.0331519528680741
2018-10-26,0,0,0,0,1,0,1,-0.0094522527135164,Train,1,0转+1持有,-0.0094522527135164
2018-10-29,0,0,0,0,1,0,1,-0.0178263223424911,Train,1,0转+1持有,-0.0178263223424911
2018-10-30,0,0,0,0,1,0,1,0.0150437234401166,Train,1,0转+1持有,0.0150437234401166
2018-10-31,0,0,0,0,1,0,1,0.021793240620161,Train,1,0转+1持有,0.021793240620161
2018-11-01,0,0,0,0,1,0,1,0.0156471993747122,Train,1,0转+1持有,0.0156471993747122
2018-11-02,0,0,0,0,0,0,1,0.013945983428347,Train,0,基础0,0.0
2018-11-05,0,0,0,0,0,0,0,-6.215511477425384e-05,Train,0,基础0,-0.0
2018-11-06,0,0,0,0,0,0,0,0.0023410354149875,Train,0,基础0,0.0
2018-11-07,0,0,0,0,0,0,0,0.0011117641488926,Train,0,基础0,0.0
2018-11-08,0,0,0,0,0,0,0,-0.0178816475866742,Train,0,基础0,-0.0
2018-11-09,0,0,0,0,0,0,0,-0.0005916281658002,Train,0,基础0,-0.0
2018-11-12,0,0,0,0,0,0,0,0.0161255750055135,Train,0,基础0,0.0
2018-11-13,0,0,0,0,0,0,0,0.0272734978852615,Train,0,基础0,0.0
2018-11-14,0,0,0,0,0,0,0,-0.0023982834209248,Train,0,基础0,-0.0
2018-11-15,0,0,0,0,0,0,0,0.0185257010049681,Train,0,基础0,0.0
2018-11-16,0,0,0,0,0,0,0,0.0076694423472689,Train,0,基础0,0.0
2018-11-19,0,0,0,0,0,0,0,-0.0067265031997811,Train,0,基础0,-0.0
2018-11-20,1,0,0,0,0,0,0,-0.0314850558300818,Train,1,基础+1,-0.0314850558300818
2018-11-21,1,0,0,0,0,1,0,0.0176796156826393,Train,1,基础+1,0.0176796156826393
2018-11-22,1,0,0,0,0,0,0,-0.0045000677677478,Train,1,基础+1,-0.0045000677677478
2018-11-23,1,0,0,0,0,0,1,-0.0375786567221553,Train,1,基础+1,-0.0375786567221553
2018-11-26,1,0,0,0,0,1,0,0.0050020316035246,Train,1,基础+1,0.0050020316035246
2018-11-27,0,0,0,0,0,0,1,-0.0007870184206831,Train,0,基础0,-0.0
2018-11-28,0,0,0,0,1,0,1,0.0166202935957324,Train,1,0转+1持有,0.0166202935957324
2018-11-29,0,0,0,0,1,0,1,-0.0288500977807055,Train,1,0转+1持有,-0.0288500977807055
2018-11-30,0,0,0,1,1,1,1,0.0345227276948612,Train,0,零段同日冲突置0,0.0
2018-12-03,0,0,0,1,1,0,1,0.005036774169979,Train,0,零段同日冲突置0,0.0
2018-12-04,0,0,0,0,1,0,1,-0.0111065160082451,Train,1,0转+1持有,-0.0111065160082451
2018-12-05,0,0,0,0,1,0,1,0.0046255351451065,Train,1,0转+1持有,0.0046255351451065
2018-12-06,0,0,0,0,0,0,1,-0.0127773118458317,Train,0,基础0,-0.0
2018-12-07,0,0,0,0,0,0,1,-0.0086497026003614,Train,0,基础0,-0.0
2018-12-10,0,0,0,0,0,0,1,-0.0019064768242099,Train,0,基础0,-0.0
2018-12-11,0,0,0,0,0,0,0,0.0082064202983596,Train,0,基础0,0.0
2018-12-12,0,0,0,0,0,0,0,-0.0008682636645548,Train,0,基础0,-0.0
2018-12-13,0,0,0,0,0,0,0,0.007018296418769,Train,0,基础0,0.0
2018-12-14,0,0,0,0,0,0,0,-0.0255655412982991,Train,0,基础0,-0.0
2018-12-17,0,0,0,0,0,0,0,-0.0033650399927728,Train,0,基础0,-0.0
2018-12-18,0,0,0,0,0,0,0,0.0007500845278456,Train,0,基础0,0.0
2018-12-19,0,0,0,0,0,0,0,-0.0164466963772607,Train,0,基础0,-0.0
2018-12-20,0,0,0,0,0,0,0,0.0014281291157201,Train,0,基础0,0.0
2018-12-21,0,0,0,0,0,0,0,-0.0044919393089067,Train,0,基础0,-0.0
2018-12-24,0,0,0,0,0,0,0,0.0014640836797674,Train,0,基础0,0.0
2018-12-25,0,0,0,1,0,0,0,-0.0035151170773455,Train,-1,0转-1持有,0.0035151170773455
2018-12-26,0,0,0,1,0,0,0,0.0105893058315316,Train,-1,0转-1持有,-0.0105893058315316
2018-12-27,-1,0,0,0,0,0,0,-0.0221410259973735,Train,-1,基础-1,0.0221410259973735
2018-12-28,-1,0,0,0,0,0,0,0.0017198376978282,Train,-1,基础-1,-0.0017198376978282
2019-01-02,-1,0,0,0,0,0,0,-0.0106354722761359,Train,-1,基础-1,0.0106354722761359
2019-01-03,-1,0,0,0,0,0,0,-0.0135714764417866,Train,-1,基础-1,0.0135714764417866
2019-01-04,-1,0,0,0,0,0,0,0.0391137626929407,Train,-1,基础-1,-0.0391137626929407
2019-01-07,0,0,0,0,1,0,0,0.0102113923697342,Train,1,0转+1持有,0.0102113923697342
2019-01-08,0,0,0,0,1,0,0,0.0018584103023451,Train,1,0转+1持有,0.0018584103023451
2019-01-09,0,0,0,0,1,0,0,0.0007764630511049,Train,1,0转+1持有,0.0007764630511049
2019-01-10,0,0,0,0,1,0,0,-0.0016704747114919,Train,1,0转+1持有,-0.0016704747114919
2019-01-11,0,0,0,0,1,0,0,0.0082034497763925,Train,1,0转+1持有,0.0082034497763925
2019-01-14,0,0,0,0,1,0,0,-0.0079993998411914,Train,1,0转+1持有,-0.0079993998411914
2019-01-15,1,0,0,0,0,0,0,0.0149637415370673,Train,1,基础+1,0.0149637415370673
2019-01-16,1,0,0,0,0,0,0,-0.002862821025573,Train,1,基础+1,-0.002862821025573
2019-01-17,1,0,0,0,0,0,0,-0.0063424777412997,Train,1,基础+1,-0.0063424777412997
2019-01-18,1,0,0,0,0,0,0,0.0110423890236548,Train,1,基础+1,0.0110423890236548
2019-01-21,1,0,0,0,0,0,0,0.0037102673233699,Train,1,基础+1,0.0037102673233699
2019-01-22,1,0,0,0,0,0,0,-0.0164541652336904,Train,1,基础+1,-0.0164541652336904
2019-01-23,1,0,0,0,0,0,0,0.0045990660949284,Train,1,基础+1,0.0045990660949284
2019-01-24,1,0,0,0,0,0,0,0.0052571727973065,Train,1,基础+1,0.0052571727973065
2019-01-25,1,0,0,0,0,0,0,1.8173805290455647e-05,Train,1,基础+1,1.8173805290455647e-05
2019-01-28,0,0,0,0,0,0,0,-0.0092187197756569,Train,0,基础0,-0.0
2019-01-29,0,0,0,0,0,0,0,-0.0153888350519864,Train,0,基础0,-0.0
2019-01-30,0,0,0,1,0,0,0,-0.00738969794308,Train,-1,0转-1持有,0.00738969794308
2019-01-31,0,0,0,1,0,0,0,-0.0035365082379609,Train,-1,0转-1持有,0.0035365082379609
2019-02-01,0,0,0,0,0,1,0,0.0279512367997611,Train,0,基础0,0.0
2019-02-11,0,0,0,0,0,0,0,0.0214207624233759,Train,0,基础0,0.0
2019-02-12,0,0,0,0,1,0,0,0.0100683817024602,Train,1,0转+1持有,0.0100683817024602
2019-02-13,1,0,0,0,0,0,0,0.0146560179839059,Train,1,基础+1,0.0146560179839059
2019-02-14,1,0,0,0,0,0,0,0.0035725087528604,Train,1,基础+1,0.0035725087528604
2019-02-15,1,0,0,0,0,0,0,0.0008894007528694,Train,1,基础+1,0.0008894007528694
2019-02-18,1,0,0,0,0,0,0,0.0343104639530951,Train,1,基础+1,0.0343104639530951
2019-02-19,1,0,0,0,0,0,0,-0.0034103546770573,Train,1,基础+1,-0.0034103546770573
2019-02-20,1,0,0,0,0,0,0,-0.0002296804865901,Train,1,基础+1,-0.0002296804865901
2019-02-21,1,0,0,0,0,0,0,-0.003159560844316,Train,1,基础+1,-0.003159560844316
2019-02-22,1,0,0,0,0,0,0,0.0406328831453166,Train,1,基础+1,0.0406328831453166
2019-02-25,1,0,0,0,0,0,0,0.0451892653209142,Train,1,基础+1,0.0451892653209142
2019-02-26,1,0,0,0,0,0,0,-0.0063045482325166,Train,1,基础+1,-0.0063045482325166
2019-02-27,1,0,0,0,0,0,0,-0.0019786022064143,Train,1,基础+1,-0.0019786022064143
2019-02-28,1,0,0,0,0,1,0,0.0059367721824215,Train,1,基础+1,0.0059367721824215
2019-03-01,1,0,0,0,0,0,0,0.0130217624221709,Train,1,基础+1,0.0130217624221709
2019-03-04,1,0,0,0,0,0,0,0.0065850223691736,Train,1,基础+1,0.0065850223691736
2019-03-05,1,0,0,0,0,1,0,0.0352673183357374,Train,1,基础+1,0.0352673183357374
2019-03-06,1,0,0,0,0,0,0,0.0099657329922577,Train,1,基础+1,0.0099657329922577
2019-03-07,1,0,0,0,0,0,0,-0.0076415477467535,Train,1,基础+1,-0.0076415477467535
2019-03-08,1,0,0,0,0,0,0,-0.0113022107408848,Train,1,基础+1,-0.0113022107408848
2019-03-11,1,0,0,0,0,1,0,0.0418931143851168,Train,1,基础+1,0.0418931143851168
2019-03-12,0,0,0,1,0,0,0,0.0102200245598207,Train,-1,0转-1持有,-0.0102200245598207
2019-03-13,0,0,0,1,0,0,0,-0.0316790841703263,Train,-1,0转-1持有,0.0316790841703263
2019-03-14,0,0,0,0,0,1,0,-0.0097194630847537,Train,0,基础0,-0.0
2019-03-15,0,0,0,0,0,1,0,0.0109906557910648,Train,0,基础0,0.0
2019-03-18,0,0,0,0,0,0,0,0.0219629943752204,Train,0,基础0,0.0
2019-03-19,0,0,0,0,0,0,0,0.0022903905835016,Train,0,基础0,0.0
2019-03-20,0,0,0,0,0,0,0,0.0013923650193763,Train,0,基础0,0.0
2019-03-21,0,0,0,0,0,0,0,0.0117717321425101,Train,0,基础0,0.0
2019-03-22,0,0,0,0,0,0,0,-0.012482769984926,Train,0,基础0,-0.0
2019-03-25,0,0,0,0,0,0,0,0.0091055632138441,Train,0,基础0,0.0
2019-03-26,0,0,0,0,0,0,1,-0.025046499386676,Train,0,基础0,-0.0
2019-03-27,0,0,0,0,0,1,1,0.0001778173655677,Train,0,基础0,0.0
2019-03-28,0,0,0,1,0,0,1,-0.0115081072622176,Train,-1,0转-1持有,0.0115081072622176
2019-03-29,0,0,0,1,0,0,0,0.0411968082427207,Train,-1,0转-1持有,-0.0411968082427207
2019-04-01,0,0,0,0,1,0,0,0.0363259773908848,Train,1,0转+1持有,0.0363259773908848
2019-04-02,0,0,0,0,1,0,0,-0.0087261694034768,Train,1,0转+1持有,-0.0087261694034768
2019-04-03,0,0,0,0,1,0,0,0.0216165758928341,Train,1,0转+1持有,0.0216165758928341
2019-04-04,0,0,0,0,1,0,1,0.0090005236357852,Train,1,0转+1持有,0.0090005236357852
2019-04-08,0,0,0,0,1,0,1,-0.0146795152781682,Train,1,0转+1持有,-0.0146795152781682
2019-04-09,0,0,0,1,1,0,1,-0.0014164876960177,Train,0,零段同日冲突置0,-0.0
2019-04-10,0,0,0,1,1,0,1,0.0045674703328639,Train,0,零段同日冲突置0,0.0
2019-04-11,0,0,0,0,0,0,1,-0.0226543902610721,Train,0,基础0,-0.0
2019-04-12,0,0,0,0,0,1,0,0.013190972991993,Train,0,基础0,0.0
2019-04-15,0,0,0,0,0,0,1,-0.0293984932553978,Train,0,基础0,-0.0
2019-04-16,0,0,0,0,0,0,0,0.0269350775514722,Train,0,基础0,0.0
2019-04-17,0,0,0,0,0,0,1,0.004789327877239,Train,0,基础0,0.0
2019-04-18,0,0,0,0,0,0,1,-0.007201641872009,Train,0,基础0,-0.0
2019-04-19,0,0,0,0,0,0,0,0.0101556600190726,Train,0,基础0,0.0
2019-04-22,0,0,0,0,0,0,0,-0.0189467559043616,Train,0,基础0,-0.0
2019-04-23,0,0,0,0,0,0,0,-0.0130161565588055,Train,0,基础0,-0.0
2019-04-24,0,0,0,0,0,0,1,0.0027684329661676,Train,0,基础0,0.0
2019-04-25,0,0,0,1,0,0,1,-0.0396996775799373,Train,-1,0转-1持有,0.0396996775799373
2019-04-26,0,0,0,1,0,1,0,-0.0041378520261209,Train,-1,0转-1持有,0.0041378520261209
2019-04-29,-1,0,0,0,0,0,0,-0.0298084196925676,Train,-1,基础-1,0.0298084196925676
2019-04-30,-1,0,0,0,0,1,0,-0.0231834598968998,Train,-1,基础-1,0.0231834598968998
2019-05-06,-1,0,0,0,0,0,0,-0.0369796435687974,Train,-1,基础-1,0.0369796435687974
2019-05-07,-1,0,0,0,0,1,0,-0.0136335131919093,Train,-1,基础-1,0.0136335131919093
2019-05-08,-1,0,1,0,0,0,0,0.0066156399175485,Train,-1,基础-1,-0.0066156399175485
2019-05-09,-1,0,1,0,0,0,0,0.0086777235692416,Train,-1,基础-1,-0.0086777235692416
2019-05-10,-1,0,1,0,0,0,0,0.0139649144312132,Train,-1,基础-1,-0.0139649144312132
2019-05-13,-1,0,1,0,0,0,0,-0.0133908448845775,Train,-1,基础-1,0.0133908448845775
2019-05-14,0,0,0,0,1,0,0,0.0121826393555009,Train,1,0转+1持有,0.0121826393555009
2019-05-15,0,0,0,0,1,0,1,0.0136935453889814,Train,1,0转+1持有,0.0136935453889814
2019-05-16,0,0,0,0,1,0,0,0.0081111654384835,Train,1,0转+1持有,0.0081111654384835
2019-05-17,0,0,0,0,1,0,0,-0.034244159572208,Train,1,0转+1持有,-0.034244159572208
2019-05-20,0,0,0,1,1,1,0,-0.004017336466811,Train,0,零段同日冲突置0,-0.0
2019-05-21,0,0,0,1,0,0,0,0.0172487073505396,Train,-1,0转-1持有,-0.0172487073505396
2019-05-22,0,0,0,0,0,0,0,-0.0093775485239357,Train,0,基础0,-0.0
2019-05-23,0,0,0,0,0,0,0,-0.0215279658218,Train,0,基础0,-0.0
2019-05-24,0,0,0,0,0,0,0,1.3612244931904272e-05,Train,0,基础0,0.0
2019-05-27,0,0,0,0,0,0,0,0.0241199715788444,Train,0,基础0,0.0
2019-05-28,0,0,0,0,0,0,0,-0.0044351217985985,Train,0,基础0,-0.0
2019-05-29,0,0,0,0,0,0,0,-0.0020364239770311,Train,0,基础0,-0.0
2019-05-30,0,0,0,0,0,0,0,-0.0019419679405735,Train,0,基础0,-0.0
2019-05-31,0,0,0,0,0,0,0,-0.0004491340324198,Train,0,基础0,-0.0
2019-06-03,0,0,0,0,0,0,0,-0.0150445727341343,Train,0,基础0,-0.0
2019-06-04,0,0,0,1,0,0,0,-0.0020150739013768,Train,-1,0转-1持有,0.0020150739013768
2019-06-05,0,0,0,1,0,0,0,-0.0126925863417871,Train,-1,0转-1持有,0.0126925863417871
2019-06-06,0,0,0,0,1,0,0,-0.0173194766298664,Train,1,0转+1持有,-0.0173194766298664
2019-06-10,0,0,0,0,1,0,0,0.0078926008049873,Train,1,0转+1持有,0.0078926008049873
2019-06-11,0,0,0,0,1,0,0,0.0335146250769398,Train,1,0转+1持有,0.0335146250769398
2019-06-12,0,0,0,0,1,0,0,-0.0069172234913498,Train,1,0转+1持有,-0.0069172234913498
2019-06-13,0,0,0,0,0,0,0,0.0050842132938546,Train,0,基础0,0.0
2019-06-14,0,0,0,0,0,0,0,-0.017234057010142,Train,0,基础0,-0.0
2019-06-17,0,0,0,0,0,0,0,0.0017058579619031,Train,0,基础0,0.0
2019-06-18,0,0,0,1,0,0,0,0.0205353460517403,Train,-1,0转-1持有,-0.0205353460517403
2019-06-19,0,0,0,1,0,0,0,-0.0101471360217962,Train,-1,0转-1持有,0.0101471360217962
2019-06-20,0,0,0,0,1,0,0,0.0248034867158404,Train,1,0转+1持有,0.0248034867158404
2019-06-21,0,0,0,0,1,0,0,0.0118203059672064,Train,1,0转+1持有,0.0118203059672064
2019-06-24,0,0,0,0,1,0,0,-0.0024190766720745,Train,1,0转+1持有,-0.0024190766720745
2019-06-25,0,0,0,0,1,0,0,-0.0152236536987991,Train,1,0转+1持有,-0.0152236536987991
2019-06-26,0,0,0,0,0,0,0,0.0063131512596517,Train,0,基础0,0.0
2019-06-27,0,0,0,0,0,0,0,0.0060716151979447,Train,0,基础0,0.0
2019-06-28,0,0,0,0,0,0,0,0.0078861508632206,Train,0,基础0,0.0
2019-07-01,0,0,0,0,0,0,0,0.0095502895554704,Train,0,基础0,0.0
2019-07-02,0,0,0,0,0,0,0,-0.0035603108661258,Train,0,基础0,-0.0
2019-07-03,0,0,0,0,0,0,0,-0.005483407257759,Train,0,基础0,-0.0
2019-07-04,0,0,0,0,0,0,0,-0.0040720975699256,Train,0,基础0,-0.0
2019-07-05,0,0,0,0,0,0,0,0.0004582467261013,Train,0,基础0,0.0
2019-07-08,0,0,0,1,0,0,0,-0.0318495781031944,Train,-1,0转-1持有,0.0318495781031944
2019-07-09,0,0,0,1,0,1,0,0.0048138482789785,Train,-1,0转-1持有,-0.0048138482789785
2019-07-10,0,0,0,1,0,0,0,-0.0049527882875877,Train,-1,0转-1持有,0.0049527882875877
2019-07-11,0,0,0,0,0,0,0,-0.0039978983838818,Train,0,基础0,-0.0
2019-07-12,0,0,0,0,0,0,0,0.0005503873378736,Train,0,基础0,0.0
2019-07-15,0,0,0,0,0,0,0,0.0137918391229783,Train,0,基础0,0.0
2019-07-16,0,0,0,0,0,0,0,0.0026136723808083,Train,0,基础0,0.0
2019-07-17,0,0,0,0,0,0,0,-0.0042447576753928,Train,0,基础0,-0.0
2019-07-18,0,0,0,0,0,0,0,-0.0098793266544966,Train,0,基础0,-0.0
2019-07-19,0,0,0,0,0,0,0,0.0049816378115541,Train,0,基础0,0.0
2019-07-22,0,0,0,0,0,0,0,-0.0219789077696815,Train,0,基础0,-0.0
2019-07-23,0,0,0,0,0,0,0,0.0124975594137939,Train,0,基础0,0.0
2019-07-24,0,0,0,1,0,0,0,0.0073189346927815,Train,-1,0转-1持有,-0.0073189346927815
2019-07-25,0,0,0,1,0,0,0,0.0015483132123614,Train,-1,0转-1持有,-0.0015483132123614
2019-07-26,0,0,0,0,0,0,0,0.0034692631582138,Train,0,基础0,0.0
2019-07-29,0,0,0,0,0,0,0,0.0010595281383718,Train,0,基础0,0.0
2019-07-30,0,0,0,0,0,0,0,0.0022849812530127,Train,0,基础0,0.0
2019-07-31,0,0,0,0,0,0,0,-0.007424984391674,Train,0,基础0,-0.0
2019-08-01,0,0,0,0,0,0,0,-0.0213482064065142,Train,0,基础0,-0.0
2019-08-02,0,0,0,0,0,0,0,0.0047094644853087,Train,0,基础0,0.0
2019-08-05,0,0,0,1,0,0,0,-0.0271210440645212,Train,-1,0转-1持有,0.0271210440645212
2019-08-06,0,0,0,1,0,0,0,0.0026978848226355,Train,-1,0转-1持有,-0.0026978848226355
2019-08-07,0,0,0,1,0,0,0,-0.0078149749564399,Train,-1,0转-1持有,0.0078149749564399
2019-08-08,0,0,0,0,0,0,0,0.0076221924951955,Train,0,基础0,0.0
2019-08-09,0,0,0,0,0,0,0,-0.0147802948302266,Train,0,基础0,-0.0
2019-08-12,0,0,0,0,0,0,0,0.0089477770592869,Train,0,基础0,0.0
2019-08-13,0,0,0,0,0,0,0,0.0137984048949648,Train,0,基础0,0.0
2019-08-14,0,0,0,0,0,0,0,-0.0272426284436545,Train,0,基础0,-0.0
2019-08-15,0,0,0,0,0,0,0,0.0255277404975564,Train,0,基础0,0.0
2019-08-16,0,0,0,0,0,0,0,0.0133804140092339,Train,0,基础0,0.0
2019-08-19,0,0,0,0,0,0,0,0.0238436547080087,Train,0,基础0,0.0
2019-08-20,0,0,0,0,0,0,0,-0.0026558648255791,Train,0,基础0,-0.0
2019-08-21,1,0,0,0,0,0,0,0.0058871277645511,Train,1,基础+1,0.0058871277645511
2019-08-22,1,0,0,0,0,0,0,-0.0011910846407473,Train,1,基础+1,-0.0011910846407473
2019-08-23,1,0,0,0,0,0,0,-0.0182160582370223,Train,1,基础+1,-0.0182160582370223
2019-08-26,1,0,0,0,0,0,0,0.0164196848614801,Train,1,基础+1,0.0164196848614801
2019-08-27,1,0,0,0,0,0,0,0.0105784628467386,Train,1,基础+1,0.0105784628467386
2019-08-28,1,0,0,0,0,0,0,0.0015612912075044,Train,1,基础+1,0.0015612912075044
2019-08-29,1,0,0,0,0,0,0,0.0052024561208585,Train,1,基础+1,0.0052024561208585
2019-08-30,1,0,0,0,0,0,0,-0.0139482199114959,Train,1,基础+1,-0.0139482199114959
2019-09-02,1,0,0,0,0,1,0,0.0256138188709815,Train,1,基础+1,0.0256138188709815
2019-09-03,1,0,0,0,0,0,0,0.003410543747925,Train,1,基础+1,0.003410543747925
2019-09-04,1,0,0,0,0,0,0,0.0164895676656984,Train,1,基础+1,0.0164895676656984
2019-09-05,1,0,0,0,0,0,0,0.0063698855875486,Train,1,基础+1,0.0063698855875486
2019-09-06,1,0,0,0,0,1,0,0.0098057037936329,Train,1,基础+1,0.0098057037936329
2019-09-09,1,0,0,0,0,0,0,0.0118441830787356,Train,1,基础+1,0.0118441830787356
2019-09-10,1,0,0,0,0,0,0,-0.0003481926162801,Train,1,基础+1,-0.0003481926162801
2019-09-11,1,0,0,0,0,0,0,-0.0061188091290393,Train,1,基础+1,-0.0061188091290393
2019-09-12,1,0,0,0,0,0,0,0.006310600795244,Train,1,基础+1,0.006310600795244
2019-09-16,0,0,0,1,0,0,0,-0.0048907522992178,Train,-1,0转-1持有,0.0048907522992178
2019-09-17,0,0,0,1,0,0,0,-0.0170873677189175,Train,-1,0转-1持有,0.0170873677189175
2019-09-18,0,0,0,0,0,1,0,0.0004730322749928,Train,0,基础0,0.0
2019-09-19,0,0,0,0,0,0,0,0.0093640648323287,Train,0,基础0,0.0
2019-09-20,0,0,0,0,0,0,0,-0.0011241403882669,Train,0,基础0,-0.0
2019-09-23,0,0,0,0,0,0,0,-0.0047683716704771,Train,0,基础0,-0.0
2019-09-24,0,0,0,0,0,0,0,-0.0011553325886913,Train,0,基础0,-0.0
2019-09-25,0,0,0,0,0,0,0,-0.0121332360018197,Train,0,基础0,-0.0
2019-09-26,0,0,0,0,0,0,0,-0.0246072878617521,Train,0,基础0,-0.0
2019-09-27,0,0,0,0,0,1,0,0.0070578752160923,Train,0,基础0,0.0
2019-09-30,0,0,0,1,0,0,0,-0.0107923747766206,Train,-1,0转-1持有,0.0107923747766206
2019-10-08,0,0,0,1,0,0,0,-0.0058262453184391,Train,-1,0转-1持有,0.0058262453184391
2019-10-09,0,0,0,1,0,0,0,0.0125720013677863,Train,-1,0转-1持有,-0.0125720013677863
2019-10-10,0,0,0,0,0,0,0,0.0139671277923831,Train,0,基础0,0.0
2019-10-11,0,0,0,0,0,0,0,0.007395610765037,Train,0,基础0,0.0
2019-10-14,0,0,0,0,0,0,0,0.0039314130014183,Train,0,基础0,0.0
2019-10-15,0,0,0,0,0,0,0,-0.0099536331358178,Train,0,基础0,-0.0
2019-10-16,0,0,0,0,0,0,0,-0.0049485889798902,Train,0,基础0,-0.0
2019-10-17,0,0,0,0,0,0,0,-0.0010823985817631,Train,0,基础0,-0.0
2019-10-18,0,0,0,0,0,0,0,-0.0153012722930495,Train,0,基础0,-0.0
2019-10-21,0,0,0,0,0,0,0,-0.0005417615894341,Train,0,基础0,-0.0
2019-10-22,0,0,0,0,0,0,0,0.0111523013983851,Train,0,基础0,0.0
2019-10-23,0,0,0,0,0,0,0,-0.0095165703096598,Train,0,基础0,-0.0
2019-10-24,0,0,0,0,0,0,0,-0.001684548594809,Train,0,基础0,-0.0
2019-10-25,0,0,0,0,0,0,0,0.0146844532031813,Train,0,基础0,0.0
2019-10-28,0,0,0,0,0,0,0,0.0109161960532138,Train,0,基础0,0.0
2019-10-29,0,0,0,0,0,0,0,-0.020715953645883,Train,0,基础0,-0.0
2019-10-30,0,0,0,0,0,0,0,-0.005154538686343,Train,0,基础0,-0.0
2019-10-31,0,0,0,0,0,0,0,-0.0083591885852555,Train,0,基础0,-0.0
2019-11-01,0,0,0,0,0,0,0,0.0133876994268704,Train,0,基础0,0.0
2019-11-04,0,0,0,0,0,0,0,0.0042414273248081,Train,0,基础0,0.0
2019-11-05,0,0,0,0,0,0,0,0.0053334810941196,Train,0,基础0,0.0
2019-11-06,0,0,0,0,0,0,0,-0.0102697578115055,Train,0,基础0,-0.0
2019-11-07,0,0,0,0,0,0,0,0.0133039360599243,Train,0,基础0,0.0
2019-11-08,0,0,0,1,0,0,0,-0.0149826176356752,Train,-1,0转-1持有,0.0149826176356752
2019-11-11,0,0,0,1,0,0,0,-0.0165730457281223,Train,-1,0转-1持有,0.0165730457281223
2019-11-12,0,0,0,0,0,0,0,-9.018292828066876e-07,Train,0,基础0,-0.0
2019-11-13,0,0,0,0,0,0,0,-0.0007621489119071,Train,0,基础0,-0.0
2019-11-14,0,0,0,0,0,0,0,0.0071700743590692,Train,0,基础0,0.0
2019-11-15,0,0,0,0,0,0,0,-0.009760264194254,Train,0,基础0,-0.0
2019-11-18,0,0,0,0,0,0,0,0.0061821610736838,Train,0,基础0,0.0
2019-11-19,0,0,0,0,0,0,0,0.0170504104610722,Train,0,基础0,0.0
2019-11-20,0,0,0,0,0,0,0,-0.0092256933574375,Train,0,基础0,-0.0
2019-11-21,0,0,0,1,0,0,0,0.0049613869692173,Train,-1,0转-1持有,-0.0049613869692173
2019-11-22,0,0,0,1,0,0,0,-0.0099540194314033,Train,-1,0转-1持有,0.0099540194314033
2019-11-25,0,0,0,1,0,0,0,0.000292355044039,Train,-1,0转-1持有,-0.000292355044039
2019-11-26,0,0,0,1,0,0,0,-0.0051008382084166,Train,-1,0转-1持有,0.0051008382084166
2019-11-27,0,0,0,0,0,0,0,0.0033290640680689,Train,0,基础0,0.0
2019-11-28,0,0,0,0,0,0,0,-0.0018997060326351,Train,0,基础0,-0.0
2019-11-29,0,0,0,0,0,0,0,0.0018988417437677,Train,0,基础0,0.0
2019-12-02,0,0,0,0,0,0,0,-0.0016791180617011,Train,0,基础0,-0.0
2019-12-03,0,0,0,0,0,0,0,0.0026748438547834,Train,0,基础0,0.0
2019-12-04,0,0,0,0,0,0,0,0.0051586896140207,Train,0,基础0,0.0
2019-12-05,0,0,0,0,0,0,0,0.0081710902547775,Train,0,基础0,0.0
2019-12-06,0,0,0,0,0,0,0,0.0105032547034131,Train,0,基础0,0.0
2019-12-09,1,0,0,0,0,0,0,-0.0015437565544915,Train,1,基础+1,-0.0015437565544915
2019-12-10,1,0,0,0,0,0,0,0.0064768646270236,Train,1,基础+1,0.0064768646270236
2019-12-11,1,0,0,0,0,0,0,-0.0038545577786932,Train,1,基础+1,-0.0038545577786932
2019-12-12,1,0,0,0,0,0,0,0.0044585894865947,Train,1,基础+1,0.0044585894865947
2019-12-13,1,0,0,0,0,0,0,0.0094001120030711,Train,1,基础+1,0.0094001120030711
2019-12-16,1,0,0,0,0,0,0,0.0141071814112168,Train,1,基础+1,0.0141071814112168
2019-12-17,1,0,0,0,0,0,0,0.0132076590139964,Train,1,基础+1,0.0132076590139964
2019-12-18,1,0,0,0,0,0,0,0.000274855614373,Train,1,基础+1,0.000274855614373
2019-12-19,1,0,0,0,0,0,0,0.0013936258008075,Train,1,基础+1,0.0013936258008075
2019-12-20,1,0,0,0,0,0,0,-0.0158138301542037,Train,1,基础+1,-0.0158138301542037
2019-12-23,1,0,0,0,0,0,0,-0.0121049956907025,Train,1,基础+1,-0.0121049956907025
2019-12-24,1,0,0,0,0,0,0,0.0114853774560901,Train,1,基础+1,0.0114853774560901
2019-12-25,1,0,0,0,0,0,0,0.0046563879198275,Train,1,基础+1,0.0046563879198275
2019-12-26,1,0,0,0,0,0,0,0.0081230654049129,Train,1,基础+1,0.0081230654049129
2019-12-27,1,0,0,0,0,0,0,-0.0120915595936884,Train,1,基础+1,-0.0120915595936884
2019-12-30,1,0,0,0,0,0,0,0.0154260106301362,Train,1,基础+1,0.0154260106301362
2019-12-31,1,0,0,0,0,0,0,0.0127396194272837,Train,1,基础+1,0.0127396194272837
2020-01-02,1,0,0,0,0,0,0,0.0130713102687776,Train,1,基础+1,0.0130713102687776
2020-01-03,1,0,0,0,0,0,0,-0.0020118366837345,Train,1,基础+1,-0.0020118366837345
2020-01-06,1,0,0,0,0,0,0,0.0142931960758867,Train,1,基础+1,0.0142931960758867
2020-01-07,1,0,0,0,0,0,0,0.0073652908783825,Train,1,基础+1,0.0073652908783825
2020-01-08,1,0,0,0,0,0,0,-0.0029418179300182,Train,1,基础+1,-0.0029418179300182
2020-01-09,1,0,0,0,0,0,0,0.0083823079614187,Train,1,基础+1,0.0083823079614187
2020-01-10,1,0,0,0,0,0,0,-0.0060522448543264,Train,1,基础+1,-0.0060522448543264
2020-01-13,1,1,0,0,0,0,0,0.0179458800468224,Train,1,基础+1,0.0179458800468224
2020-01-14,0,0,0,0,0,0,0,-0.0078305010458737,Train,0,基础0,-0.0
2020-01-15,0,0,0,0,0,0,0,0.0011675122325542,Train,0,基础0,0.0
2020-01-16,0,0,0,0,0,0,0,5.450027982178973e-05,Train,0,基础0,0.0
2020-01-17,0,0,0,0,0,0,0,-0.0030169739533908,Train,0,基础0,-0.0
2020-01-20,0,0,0,0,0,0,0,0.0105015928090512,Train,0,基础0,0.0
2020-01-21,0,0,0,0,0,0,0,-0.0140517929890182,Train,0,基础0,-0.0
2020-01-22,0,0,0,1,1,0,0,0.0034901947029641,Train,0,零段同日冲突置0,0.0
2020-01-23,0,0,0,1,1,0,0,-0.1131693458723299,Train,0,零段同日冲突置0,-0.0
2020-02-03,0,0,0,1,1,1,0,-0.0328313791526446,Train,0,零段同日冲突置0,-0.0
2020-02-04,0,0,0,0,1,0,1,0.0631922395084909,Train,1,0转+1持有,0.0631922395084909
2020-02-05,0,0,0,0,1,0,1,0.0184249982161328,Train,1,0转+1持有,0.0184249982161328
2020-02-06,0,0,0,0,1,0,1,0.031021240394484,Train,1,0转+1持有,0.031021240394484
2020-02-07,0,0,0,0,1,0,1,0.0065704809042248,Train,1,0转+1持有,0.0065704809042248
2020-02-10,0,0,0,0,1,0,1,0.0128741986883937,Train,1,0转+1持有,0.0128741986883937
2020-02-11,0,0,0,0,0,0,1,-0.0083486294610793,Train,0,基础0,-0.0
2020-02-12,0,0,0,0,0,0,1,0.0207906917229037,Train,0,基础0,0.0
2020-02-13,0,0,0,0,0,0,1,-0.0090138121327755,Train,0,基础0,-0.0
2020-02-14,0,0,0,0,0,1,1,0.0086896028973826,Train,0,基础0,0.0
2020-02-17,0,0,0,1,0,0,1,0.0281196354705961,Train,-1,0转-1持有,-0.0281196354705961
2020-02-18,0,0,0,1,1,0,0,0.0082630209088878,Train,0,零段同日冲突置0,0.0
2020-02-19,1,0,0,0,0,0,0,-0.006129538409634,Train,1,基础+1,-0.006129538409634
2020-02-20,1,0,0,0,0,0,0,0.0151820254123826,Train,1,基础+1,0.0151820254123826
2020-02-21,1,0,0,0,0,0,0,0.0139774570206749,Train,1,基础+1,0.0139774570206749
2020-02-24,1,0,0,0,0,0,0,-0.0067348248274967,Train,1,基础+1,-0.0067348248274967
2020-02-25,1,1,0,0,0,0,0,0.0136506488337109,Train,1,基础+1,0.0136506488337109
2020-02-26,1,1,0,0,0,0,0,-0.0092427288207287,Train,1,基础+1,-0.0092427288207287
2020-02-27,1,1,0,0,0,1,0,-0.0367061502681796,Train,1,基础+1,-0.0367061502681796
2020-02-28,1,0,0,0,0,0,0,-0.0075520078940476,Train,1,基础+1,-0.0075520078940476
2020-03-02,0,0,0,0,0,1,0,0.0435702846398036,Train,0,基础0,0.0
2020-03-03,0,0,0,0,1,0,0,-0.0149895478234628,Train,1,0转+1持有,-0.0149895478234628
2020-03-04,0,0,0,0,1,0,0,0.0219998777180077,Train,1,0转+1持有,0.0219998777180077
2020-03-05,0,0,0,1,1,0,0,-0.0100348043656443,Train,0,零段同日冲突置0,-0.0
2020-03-06,0,0,0,1,1,0,0,-0.0119327273565834,Train,0,零段同日冲突置0,-0.0
2020-03-09,0,0,0,0,0,0,0,-0.0369512838413383,Train,0,基础0,-0.0
2020-03-10,0,0,0,0,0,1,0,0.0427801228215292,Train,0,基础0,0.0
2020-03-11,0,0,0,0,0,0,1,-0.0325672240917357,Train,0,基础0,-0.0
2020-03-12,0,0,0,0,0,0,1,-0.0511709748984501,Train,0,基础0,-0.0
2020-03-13,0,0,0,0,0,0,1,0.0519342403242342,Train,0,基础0,0.0
2020-03-16,-1,0,0,0,0,0,1,-0.0457287567567763,Train,-1,基础-1,0.0457287567567763
2020-03-17,-1,0,0,0,0,1,1,0.0023678668005484,Train,-1,基础-1,-0.0023678668005484
2020-03-18,-1,0,0,0,0,0,1,-0.0262460203549532,Train,-1,基础-1,0.0262460203549532
2020-03-19,-1,0,0,0,0,1,1,0.0190518305894653,Train,-1,基础-1,-0.0190518305894653
2020-03-20,-1,0,1,0,0,0,1,-0.0264750201629596,Train,-1,基础-1,0.0264750201629596
2020-03-23,-1,0,1,0,0,0,1,0.0019287291777938,Train,-1,基础-1,-0.0019287291777938
2020-03-24,-1,0,1,0,0,0,1,0.0219336362469531,Train,-1,基础-1,-0.0219336362469531
2020-03-25,-1,0,1,0,0,0,1,-0.0039050909179847,Train,-1,基础-1,0.0039050909179847
2020-03-26,0,0,0,0,1,0,1,0.0081817740825886,Train,1,0转+1持有,0.0081817740825886
2020-03-27,0,0,0,0,1,0,1,-0.0285565100640146,Train,1,0转+1持有,-0.0285565100640146
2020-03-30,0,0,0,0,1,0,0,-3.577267711318832e-05,Train,1,0转+1持有,-3.577267711318832e-05
2020-03-31,0,0,0,0,1,0,0,-0.0086605497339599,Train,1,0转+1持有,-0.0086605497339599
2020-04-01,0,0,0,1,1,0,0,-0.0061551416273279,Train,0,零段同日冲突置0,-0.0
2020-04-02,0,0,0,1,0,0,0,0.0289864860661006,Train,-1,0转-1持有,-0.0289864860661006
2020-04-03,0,0,0,0,0,0,0,0.0114761908604004,Train,0,基础0,0.0
2020-04-07,0,0,0,0,0,0,0,0.0078069076364815,Train,0,基础0,0.0
2020-04-08,0,0,0,0,0,0,0,0.0110818617993191,Train,0,基础0,0.0
2020-04-09,0,0,0,0,0,0,0,0.0038708110173601,Train,0,基础0,0.0
2020-04-10,0,0,0,0,0,0,0,-0.0273110167046347,Train,0,基础0,-0.0
2020-04-13,0,0,0,0,0,0,0,0.0040043905824056,Train,0,基础0,0.0
2020-04-14,0,0,0,0,0,0,0,0.0182396902191954,Train,0,基础0,0.0
2020-04-15,0,0,0,0,0,0,0,-0.0087003008938228,Train,0,基础0,-0.0
2020-04-16,0,0,0,0,0,0,0,0.0207891089248766,Train,0,基础0,0.0
2020-04-17,0,0,0,0,0,0,0,-0.0046898376592356,Train,0,基础0,-0.0
2020-04-20,0,0,0,0,0,0,0,0.0053906955458264,Train,0,基础0,0.0
2020-04-21,0,0,0,0,0,0,0,-0.0100529046716582,Train,0,基础0,-0.0
2020-04-22,0,0,0,0,0,0,0,0.0184583911983473,Train,0,基础0,0.0
2020-04-23,0,0,0,0,0,0,0,-0.009644382149064,Train,0,基础0,-0.0
2020-04-24,0,0,0,1,0,0,0,-0.0133750733990979,Train,-1,0转-1持有,0.0133750733990979
2020-04-27,0,0,0,1,0,0,0,-0.0020559279771292,Train,-1,0转-1持有,0.0020559279771292
2020-04-28,0,0,0,0,0,0,0,-0.0122273472794071,Train,0,基础0,-0.0
2020-04-29,0,0,0,0,0,0,0,0.0110183689510925,Train,0,基础0,0.0
2020-04-30,0,0,0,0,0,0,0,0.0113842935475176,Train,0,基础0,0.0
2020-05-06,0,0,0,0,0,0,0,0.0250541257747691,Train,0,基础0,0.0
2020-05-07,0,0,0,0,0,0,0,0.0037809770964905,Train,0,基础0,0.0
2020-05-08,1,0,0,0,0,0,0,0.0099055614778635,Train,1,基础+1,0.0099055614778635
2020-05-11,1,0,0,0,0,0,0,-0.0063367029922524,Train,1,基础+1,-0.0063367029922524
2020-05-12,1,0,0,0,0,0,0,0.0003326496081874,Train,1,基础+1,0.0003326496081874
2020-05-13,1,0,0,0,0,0,0,0.0031268417717225,Train,1,基础+1,0.0031268417717225
2020-05-14,1,0,0,0,0,0,0,-0.0005326059289125,Train,1,基础+1,-0.0005326059289125
2020-05-15,1,0,0,0,0,0,0,0.0022826802356248,Train,1,基础+1,0.0022826802356248
2020-05-18,1,0,0,0,0,0,0,-0.001393225693563,Train,1,基础+1,-0.001393225693563
2020-05-19,1,0,0,0,0,0,0,0.0054424374820591,Train,1,基础+1,0.0054424374820591
2020-05-20,1,0,0,0,0,0,0,-0.0066437704255589,Train,1,基础+1,-0.0066437704255589
2020-05-21,1,0,0,0,0,0,0,-0.015699472719248,Train,1,基础+1,-0.015699472719248
2020-05-22,0,0,0,0,0,0,0,-0.0180316305786039,Train,0,基础0,-0.0
2020-05-25,0,0,0,0,0,0,0,0.0032204753539353,Train,0,基础0,0.0
2020-05-26,0,0,0,0,0,0,0,0.0159975134762686,Train,0,基础0,0.0
2020-05-27,0,0,0,0,0,0,0,-0.010925788324152,Train,0,基础0,-0.0
2020-05-28,0,0,0,0,0,0,0,-0.0032975072748393,Train,0,基础0,-0.0
2020-05-29,0,0,0,0,0,0,0,0.0180806008290987,Train,0,基础0,0.0
2020-06-01,0,0,0,0,0,0,0,0.0273704975598807,Train,0,基础0,0.0
2020-06-02,0,0,0,0,0,0,0,-0.00208349459049,Train,0,基础0,-0.0
2020-06-03,0,0,0,0,0,0,0,0.0010107095634239,Train,0,基础0,0.0
2020-06-04,0,0,0,0,0,0,0,-0.000748799792176,Train,0,基础0,-0.0
2020-06-05,0,0,0,1,0,0,0,0.0059472073777233,Train,-1,0转-1持有,-0.0059472073777233
2020-06-08,0,0,0,1,0,0,0,-0.0064487148090658,Train,-1,0转-1持有,0.0064487148090658
2020-06-09,0,0,0,0,0,0,0,0.0052871978938557,Train,0,基础0,0.0
2020-06-10,0,0,0,0,0,0,0,0.0012444094284507,Train,0,基础0,0.0
2020-06-11,1,0,0,0,0,0,0,-0.0240016398271105,Train,1,基础+1,-0.0240016398271105
2020-06-12,1,0,0,0,0,0,0,0.0222654081319206,Train,1,基础+1,0.0222654081319206
2020-06-15,1,0,0,0,0,0,0,0.0048833696713479,Train,1,基础+1,0.0048833696713479
2020-06-16,1,0,0,0,0,0,0,0.0133898162108228,Train,1,基础+1,0.0133898162108228
2020-06-17,1,0,0,0,0,0,0,0.0051402887364415,Train,1,基础+1,0.0051402887364415
2020-06-18,1,0,0,0,0,0,0,-0.0008020695041855,Train,1,基础+1,-0.0008020695041855
2020-06-19,1,0,0,0,0,0,0,0.0105275915943565,Train,1,基础+1,0.0105275915943565
2020-06-22,1,0,0,0,0,0,0,-0.0018413686257745,Train,1,基础+1,-0.0018413686257745
2020-06-23,1,0,0,0,0,0,0,0.0043953784253267,Train,1,基础+1,0.0043953784253267
2020-06-24,0,0,0,1,0,0,0,-0.0058672759489875,Train,-1,0转-1持有,0.0058672759489875
2020-06-29,0,0,0,1,1,0,0,0.0027026257094062,Train,0,零段同日冲突置0,0.0
2020-06-30,0,0,0,0,1,0,0,0.016316795216468,Train,1,0转+1持有,0.016316795216468
2020-07-01,0,0,0,0,1,0,0,-0.000621424954202,Train,1,0转+1持有,-0.000621424954202
2020-07-02,0,0,0,0,1,0,0,0.0185537777726991,Train,1,0转+1持有,0.0185537777726991
2020-07-03,0,0,0,0,1,0,0,0.0176895449576108,Train,1,0转+1持有,0.0176895449576108
2020-07-06,1,0,0,0,0,0,0,0.0446783729298838,Train,1,基础+1,0.0446783729298838
2020-07-07,1,0,0,0,0,0,0,0.0016696100152733,Train,1,基础+1,0.0016696100152733
2020-07-08,1,0,0,0,0,1,0,0.02544923525847,Train,1,基础+1,0.02544923525847
2020-07-09,1,0,0,0,0,0,0,0.0188098962934715,Train,1,基础+1,0.0188098962934715
2020-07-10,1,0,0,0,0,0,0,0.0069487744019975,Train,1,基础+1,0.0069487744019975
2020-07-13,1,0,0,0,0,0,0,0.0277720654521647,Train,1,基础+1,0.0277720654521647
2020-07-14,1,1,0,0,0,0,0,-0.0118003711582915,Train,1,基础+1,-0.0118003711582915
2020-07-15,1,1,0,0,0,0,0,-0.0254250525433049,Train,1,基础+1,-0.0254250525433049
2020-07-16,1,1,0,0,0,1,0,-0.0474686378066681,Train,1,基础+1,-0.0474686378066681
2020-07-17,0,0,0,0,0,1,0,0.0145492515322955,Train,0,基础0,0.0
2020-07-20,0,0,0,1,0,0,0,0.01986036939873,Train,-1,0转-1持有,-0.01986036939873
2020-07-21,0,0,0,1,0,0,0,0.0011613418107965,Train,-1,0转-1持有,-0.0011613418107965
2020-07-22,0,0,0,1,0,0,0,0.0012023493874073,Train,-1,0转-1持有,-0.0012023493874073
2020-07-23,0,0,0,0,0,0,0,0.0034685510172622,Train,0,基础0,0.0
2020-07-24,0,0,0,0,0,0,0,-0.0425560387906753,Train,0,基础0,-0.0
2020-07-27,0,0,0,0,0,1,0,0.0065184455651559,Train,0,基础0,0.0
2020-07-28,0,0,0,1,1,0,0,-0.0007365796142951,Train,0,零段同日冲突置0,-0.0
2020-07-29,0,0,0,1,1,0,0,0.032753909674202,Train,0,零段同日冲突置0,0.0
2020-07-30,0,0,0,0,1,0,0,-0.0075292492753562,Train,1,0转+1持有,-0.0075292492753562
2020-07-31,0,0,0,0,1,0,0,0.0209171812159283,Train,1,0转+1持有,0.0209171812159283
2020-08-03,0,0,0,0,0,0,0,0.0185598245419993,Train,0,基础0,0.0
2020-08-04,0,0,0,0,0,0,0,-0.0091450407063337,Train,0,基础0,-0.0
2020-08-05,0,0,0,0,0,0,0,0.0124896833314742,Train,0,基础0,0.0
2020-08-06,0,0,0,0,0,0,0,-0.0054622443329241,Train,0,基础0,-0.0
2020-08-07,0,0,0,0,0,0,0,-0.0113788064928003,Train,0,基础0,-0.0
2020-08-10,0,0,0,0,0,0,0,0.0091815117664655,Train,0,基础0,0.0
2020-08-11,0,0,0,1,0,0,0,-0.0219632088449169,Train,-1,0转-1持有,0.0219632088449169
2020-08-12,0,0,0,1,0,1,0,-0.0042000418905405,Train,-1,0转-1持有,0.0042000418905405
2020-08-13,0,0,0,0,0,0,0,-0.0014904989714026,Train,0,基础0,-0.0
2020-08-14,0,0,0,0,0,0,0,0.0158864288147568,Train,0,基础0,0.0
2020-08-17,0,0,0,0,0,0,0,0.0152055163483662,Train,0,基础0,0.0
2020-08-18,0,0,0,0,1,0,0,0.0051851279577546,Train,1,0转+1持有,0.0051851279577546
2020-08-19,0,0,0,0,1,0,0,-0.0236764608509392,Train,1,0转+1持有,-0.0236764608509392
2020-08-20,0,0,0,0,1,0,0,0.0010412857869503,Train,1,0转+1持有,0.0010412857869503
2020-08-21,0,0,0,0,1,0,0,0.0057921217616065,Train,1,0转+1持有,0.0057921217616065
2020-08-24,0,0,0,1,1,0,0,0.0046230885110982,Train,0,零段同日冲突置0,0.0
2020-08-25,0,0,0,1,1,0,0,-0.0071170123626935,Train,0,零段同日冲突置0,-0.0
2020-08-26,0,0,0,0,1,0,0,-0.0168880025995237,Train,1,0转+1持有,-0.0168880025995237
2020-08-27,0,0,0,0,0,0,0,0.0051638416464925,Train,0,基础0,0.0
2020-08-28,0,0,0,0,0,0,0,0.0224269758534447,Train,0,基础0,0.0
2020-08-31,0,0,0,0,0,0,0,-0.0077564641206887,Train,0,基础0,-0.0
2020-09-01,0,0,0,0,0,0,0,0.008777834906815,Train,0,基础0,0.0
2020-09-02,0,0,0,0,0,0,0,-0.0015741281494737,Train,0,基础0,-0.0
2020-09-03,0,0,0,0,1,0,0,-0.0251993409126844,Train,1,0转+1持有,-0.0251993409126844
2020-09-04,0,0,0,0,1,0,0,0.011306365156263,Train,1,0转+1持有,0.011306365156263
2020-09-07,0,0,0,0,1,0,0,-0.0190523322548977,Train,1,0转+1持有,-0.0190523322548977
2020-09-08,0,0,0,0,1,1,0,-0.005923889833118,Train,1,0转+1持有,-0.005923889833118
2020-09-09,0,0,0,0,1,0,1,-0.0078448187415706,Train,1,0转+1持有,-0.0078448187415706
2020-09-10,0,0,0,1,0,1,0,-0.0304272763947701,Train,-1,0转-1持有,0.0304272763947701
2020-09-11,-1,0,0,0,0,1,0,0.0226363601682317,Train,-1,基础-1,-0.0226363601682317
2020-09-14,-1,0,0,0,0,0,1,0.0001073168333531,Train,-1,基础-1,-0.0001073168333531
2020-09-15,-1,0,0,0,0,0,1,0.0044844962789223,Train,-1,基础-1,-0.0044844962789223
2020-09-16,-1,0,0,0,0,0,0,-0.0053054636825371,Train,-1,基础-1,0.0053054636825371
2020-09-17,-1,0,0,0,0,0,0,0.0034859667727835,Train,-1,基础-1,-0.0034859667727835
2020-09-18,-1,0,1,0,0,0,0,0.0195409325772135,Train,-1,基础-1,-0.0195409325772135
2020-09-21,0,0,0,0,1,0,0,-0.0154338307041705,Train,1,0转+1持有,-0.0154338307041705
2020-09-22,0,0,0,0,1,0,0,-0.0015243526112617,Train,1,0转+1持有,-0.0015243526112617
2020-09-23,0,0,0,0,1,0,0,-0.004479166407159,Train,1,0转+1持有,-0.004479166407159
2020-09-24,0,0,0,1,1,0,0,-0.0129048078173108,Train,0,零段同日冲突置0,-0.0
2020-09-25,0,0,0,1,0,0,0,-0.0026595337583705,Train,-1,0转-1持有,0.0026595337583705
2020-09-28,0,0,0,0,0,0,0,-0.0076786632690761,Train,0,基础0,-0.0
2020-09-29,0,0,0,0,0,0,0,0.0061422678441862,Train,0,基础0,0.0
2020-09-30,0,0,0,0,0,0,0,0.0087995966383842,Train,0,基础0,0.0
2020-10-09,0,0,0,0,0,0,0,0.0171446340844798,Train,0,基础0,0.0
2020-10-12,0,0,0,0,0,0,0,0.0204043402873062,Train,0,基础0,0.0
2020-10-13,0,0,0,0,0,0,0,0.0013767283391168,Train,0,基础0,0.0
2020-10-14,0,0,0,0,0,0,0,-0.0056151209370249,Train,0,基础0,-0.0
2020-10-15,0,0,0,0,0,0,0,-0.0083447412113033,Train,0,基础0,-0.0
2020-10-16,0,0,0,0,1,0,0,0.0015222083908474,Train,1,0转+1持有,0.0015222083908474
2020-10-19,0,0,0,0,1,0,0,-0.0180810495091212,Train,1,0转+1持有,-0.0180810495091212
2020-10-20,0,0,0,0,1,0,0,0.0120558418104625,Train,1,0转+1持有,0.0120558418104625
2020-10-21,0,0,0,1,1,0,0,-0.0146883676403171,Train,0,零段同日冲突置0,-0.0
2020-10-22,0,0,0,1,0,0,0,-0.0031264551047279,Train,-1,0转-1持有,0.0031264551047279
2020-10-23,0,0,0,0,0,0,0,-0.018481235668981,Train,0,基础0,-0.0
2020-10-26,0,0,0,0,0,0,0,-0.0012720500115417,Train,0,基础0,-0.0
2020-10-27,-1,0,0,0,0,0,0,0.0055381412486463,Train,-1,基础-1,-0.0055381412486463
2020-10-28,-1,0,0,0,0,0,0,-0.0084916113983674,Train,-1,基础-1,0.0084916113983674
2020-10-29,-1,0,0,0,0,0,0,0.0168619319245437,Train,-1,基础-1,-0.0168619319245437
2020-10-30,-1,0,0,0,0,0,0,-0.024466392269523,Train,-1,基础-1,0.024466392269523
2020-11-02,-1,0,0,0,0,0,0,0.0091034140740133,Train,-1,基础-1,-0.0091034140740133
2020-11-03,-1,0,1,0,0,0,0,0.0115750050367122,Train,-1,基础-1,-0.0115750050367122
2020-11-04,0,0,0,0,0,0,0,0.0076804209266656,Train,0,基础0,0.0
2020-11-05,0,0,0,0,0,0,0,0.0113703246216734,Train,0,基础0,0.0
2020-11-06,0,0,0,0,0,0,0,-0.0045150899940803,Train,0,基础0,-0.0
2020-11-09,0,0,0,0,0,0,0,0.0153040150350893,Train,0,基础0,0.0
2020-11-10,0,0,0,0,0,0,0,-0.0121321084270745,Train,0,基础0,-0.0
2020-11-11,0,0,0,0,0,0,0,-0.0080708214658355,Train,0,基础0,-0.0
2020-11-12,0,0,0,0,0,0,0,-9.614491713039186e-05,Train,0,基础0,-0.0
2020-11-13,0,0,0,1,0,0,0,0.0024181137944692,Train,-1,0转-1持有,-0.0024181137944692
2020-11-16,0,0,0,1,0,0,0,0.0096625250276745,Train,-1,0转-1持有,-0.0096625250276745
2020-11-17,0,0,0,0,0,0,0,-0.0074157054906474,Train,0,基础0,-0.0
2020-11-18,0,0,0,0,0,0,0,-0.0008473895730709,Train,0,基础0,-0.0
2020-11-19,0,0,0,0,0,0,0,0.0042198556886976,Train,0,基础0,0.0
2020-11-20,0,0,0,1,0,0,0,0.0127669733336315,Train,-1,0转-1持有,-0.0127669733336315
2020-11-23,0,0,0,1,0,0,0,0.0057222755160035,Train,-1,0转-1持有,-0.0057222755160035
2020-11-24,0,0,0,0,0,0,0,0.0025504628112442,Train,0,基础0,0.0
2020-11-25,0,0,0,0,0,0,0,-0.0214806928616292,Train,0,基础0,-0.0
2020-11-26,0,0,0,0,0,1,0,-0.0019650349544626,Train,0,基础0,-0.0
2020-11-27,0,0,0,0,0,0,0,0.0036415815049488,Train,0,基础0,0.0
2020-11-30,0,0,0,0,0,0,0,-0.0082710343997024,Train,0,基础0,-0.0
2020-12-01,0,0,0,0,0,0,0,0.0206253492471228,Train,0,基础0,0.0
2020-12-02,0,0,0,0,0,0,0,-8.881700824281413e-05,Train,0,基础0,-0.0
2020-12-03,0,0,0,0,0,0,0,-0.0017643812254612,Train,0,基础0,-0.0
2020-12-04,0,0,0,0,0,0,0,0.0062187109318241,Train,0,基础0,0.0
2020-12-07,0,0,0,1,0,0,0,-0.0064690810819487,Train,-1,0转-1持有,0.0064690810819487
2020-12-08,0,0,0,1,0,0,0,0.0009834439182381,Train,-1,0转-1持有,-0.0009834439182381
2020-12-09,0,0,0,0,0,0,0,-0.0210130144783823,Train,0,基础0,-0.0
2020-12-10,0,0,0,0,0,0,0,0.0053174460590215,Train,0,基础0,0.0
2020-12-11,0,0,0,0,0,0,0,-0.0191192107252966,Train,0,基础0,-0.0
2020-12-14,0,0,0,1,0,1,0,0.0068092597956193,Train,-1,0转-1持有,-0.0068092597956193
2020-12-15,0,0,0,1,0,0,0,0.0028982591581343,Train,-1,0转-1持有,-0.0028982591581343
2020-12-16,0,0,0,1,0,0,0,-0.0068810860565944,Train,-1,0转-1持有,0.0068810860565944
2020-12-17,0,0,0,0,0,0,0,0.0136674731356822,Train,0,基础0,0.0
2020-12-18,0,0,0,0,0,0,0,-0.0012523454040413,Train,0,基础0,-0.0
2020-12-21,0,0,0,0,0,0,0,0.0112056828651372,Train,0,基础0,0.0
2020-12-22,0,0,0,0,0,0,0,-0.0184416345473514,Train,0,基础0,-0.0
2020-12-23,0,0,0,1,0,1,0,0.0084931585948699,Train,-1,0转-1持有,-0.0084931585948699
2020-12-24,0,0,0,1,0,0,0,-0.0186238044881841,Train,-1,0转-1持有,0.0186238044881841
2020-12-25,0,0,0,0,0,0,0,0.014987888371108,Train,0,基础0,0.0
2020-12-28,0,0,0,0,0,0,0,-0.006850428502287,Train,0,基础0,-0.0
2020-12-29,0,0,0,0,0,0,0,-0.007096118718699,Train,0,基础0,-0.0
2020-12-30,0,0,0,1,0,0,0,0.0139607505942311,Train,-1,0转-1持有,-0.0139607505942311
2020-12-31,0,0,0,1,0,0,0,0.0179301225906729,Train,-1,0转-1持有,-0.0179301225906729
2021-01-04,0,0,0,0,0,0,0,0.0116702674167934,Train,0,基础0,0.0
2021-01-05,0,0,0,0,0,0,0,0.0122840224589146,Train,0,基础0,0.0
2021-01-06,0,0,0,0,1,0,0,-0.0039780870389944,Train,1,0转+1持有,-0.0039780870389944
2021-01-07,0,0,0,0,1,0,0,0.0027410927667832,Train,1,0转+1持有,0.0027410927667832
2021-01-08,0,0,0,0,1,0,0,0.002429880002891,Train,1,0转+1持有,0.002429880002891
2021-01-11,0,0,0,0,1,0,0,-0.020074563098647,Train,1,0转+1持有,-0.020074563098647
2021-01-12,0,0,0,0,0,1,0,0.0193313694630601,Train,0,基础0,0.0
2021-01-13,0,0,0,1,0,0,0,-0.0119457689582281,Train,-1,0转-1持有,0.0119457689582281
2021-01-14,0,0,0,1,0,0,0,-0.0069005644713964,Train,-1,0转-1持有,0.0069005644713964
2021-01-15,0,0,0,0,0,0,0,-0.0019138556765551,Train,0,基础0,-0.0
2021-01-18,0,0,0,0,0,0,0,0.0149105592793747,Train,0,基础0,0.0
2021-01-19,0,0,0,0,1,0,0,-0.0050395988559058,Train,1,0转+1持有,-0.0050395988559058
2021-01-20,0,0,0,0,1,0,0,0.0114803964259793,Train,1,0转+1持有,0.0114803964259793
2021-01-21,0,0,0,1,1,0,0,0.0103518685684576,Train,0,零段同日冲突置0,0.0
2021-01-22,0,0,0,1,1,0,0,0.0024712455034738,Train,0,零段同日冲突置0,0.0
2021-01-25,0,0,0,0,1,0,0,-0.0022710972373488,Train,1,0转+1持有,-0.0022710972373488
2021-01-26,0,0,0,0,0,0,0,-0.0141165396980019,Train,0,基础0,-0.0
2021-01-27,0,0,0,0,0,1,0,-0.0079384248040085,Train,0,基础0,-0.0
2021-01-28,0,0,0,0,0,0,0,-0.0041988548580466,Train,0,基础0,-0.0
2021-01-29,0,0,0,0,0,1,0,-0.0170616894830262,Train,0,基础0,-0.0
2021-02-01,0,0,0,0,0,0,0,0.0104452142725466,Train,0,基础0,0.0
2021-02-02,0,0,0,1,0,0,0,0.0085577451972747,Train,-1,0转-1持有,-0.0085577451972747
2021-02-03,0,0,0,1,0,0,0,-0.0130025027152727,Train,-1,0转-1持有,0.0130025027152727
2021-02-04,0,0,0,1,0,0,0,-0.0049942968367431,Train,-1,0转-1持有,0.0049942968367431
2021-02-05,-1,0,0,0,0,0,0,-0.0151188312839957,Train,-1,基础-1,0.0151188312839957
2021-02-08,-1,0,0,0,0,0,0,0.0138441775573594,Train,-1,基础-1,-0.0138441775573594
2021-02-09,-1,0,0,0,0,0,0,0.0221540854521986,Train,-1,基础-1,-0.0221540854521986
2021-02-10,-1,0,0,0,0,0,0,0.0281952220699812,Train,-1,基础-1,-0.0281952220699812
2021-02-18,-1,0,0,0,0,0,0,-0.0085711240724758,Train,-1,基础-1,0.0085711240724758
2021-02-19,0,0,0,0,0,0,0,0.0198870620865807,Train,0,基础0,0.0
2021-02-22,0,0,0,0,1,0,0,-0.0175152500063359,Train,1,0转+1持有,-0.0175152500063359
2021-02-23,0,0,0,1,1,0,0,0.002975821917541,Train,0,零段同日冲突置0,0.0
2021-02-24,0,0,0,1,1,0,0,-0.0049865057002022,Train,0,零段同日冲突置0,-0.0
2021-02-25,0,0,0,0,1,0,0,-0.0355241823231743,Train,1,0转+1持有,-0.0355241823231743
2021-02-26,0,0,0,0,1,0,0,0.0065076031634034,Train,1,0转+1持有,0.0065076031634034
2021-03-01,0,0,0,0,0,0,0,0.0166777526943979,Train,0,基础0,0.0
2021-03-02,0,0,0,0,0,0,0,-0.0135069254379012,Train,0,基础0,-0.0
2021-03-03,0,0,0,0,0,0,0,0.0088312595901838,Train,0,基础0,0.0
2021-03-04,0,0,0,0,0,0,0,-0.0242234092254367,Train,0,基础0,-0.0
2021-03-05,0,0,0,1,0,0,0,0.0202392073024302,Train,-1,0转-1持有,-0.0202392073024302
2021-03-08,-1,0,0,0,0,0,0,-0.0338508600208073,Train,-1,基础-1,0.0338508600208073
2021-03-09,-1,0,0,0,0,1,0,-0.0113138971239282,Train,-1,基础-1,0.0113138971239282
2021-03-10,-1,0,0,0,0,0,0,-0.014669440450332,Train,-1,基础-1,0.014669440450332
2021-03-11,-1,0,0,0,0,0,0,0.0258712127229741,Train,-1,基础-1,-0.0258712127229741
2021-03-12,-1,0,0,0,0,0,1,-0.006288372776126,Train,-1,基础-1,0.006288372776126
2021-03-15,0,0,0,0,0,0,0,-0.0026210782134389,Train,0,基础0,-0.0
2021-03-16,0,0,0,0,1,0,0,0.0007811279942895,Train,1,0转+1持有,0.0007811279942895
2021-03-17,-1,0,0,0,0,0,0,0.008138047629624,Train,-1,基础-1,-0.008138047629624
2021-03-18,-1,0,0,0,0,0,0,-0.0057677235878355,Train,-1,基础-1,0.0057677235878355
2021-03-19,-1,0,0,0,0,0,0,0.0022078677201484,Train,-1,基础-1,-0.0022078677201484
2021-03-22,-1,0,0,0,0,0,0,0.0159525993819515,Train,-1,基础-1,-0.0159525993819515
2021-03-23,-1,0,0,0,0,0,0,-0.0202391088634186,Train,-1,基础-1,0.0202391088634186
2021-03-24,0,0,0,1,0,0,0,-0.0099416819123899,Train,-1,0转-1持有,0.0099416819123899
2021-03-25,0,0,0,1,0,0,0,0.007510210586769,Train,-1,0转-1持有,-0.007510210586769
2021-03-26,0,0,0,1,0,0,0,0.0170605203195024,Train,-1,0转-1持有,-0.0170605203195024
2021-03-29,0,0,0,1,0,0,0,-0.0048691077899408,Train,-1,0转-1持有,0.0048691077899408
2021-03-30,0,0,0,0,0,0,0,0.0061265625226631,Train,0,基础0,0.0
2021-03-31,0,0,0,0,0,0,0,-0.0029122945743151,Train,0,基础0,-0.0
2021-04-01,0,0,0,0,0,0,0,0.0091290661657039,Train,0,基础0,0.0
2021-04-02,0,0,0,0,1,0,0,0.0046441762782729,Train,1,0转+1持有,0.0046441762782729
2021-04-06,0,0,0,0,1,0,0,0.0007070716764405,Train,1,0转+1持有,0.0007070716764405
2021-04-07,0,0,0,1,1,0,0,-0.0027481827342474,Train,0,零段同日冲突置0,-0.0
2021-04-08,0,0,0,1,1,0,0,0.0019522254664483,Train,0,零段同日冲突置0,0.0
2021-04-09,0,0,0,0,0,0,0,-0.0031559316063367,Train,0,基础0,-0.0
2021-04-12,1,0,0,0,0,0,0,-0.0181876036389498,Train,1,基础+1,-0.0181876036389498
2021-04-13,1,0,0,0,0,0,0,-0.0005773705803698,Train,1,基础+1,-0.0005773705803698
2021-04-14,1,0,0,0,0,0,0,0.0091822346377481,Train,1,基础+1,0.0091822346377481
2021-04-15,1,0,0,0,0,0,0,0.0032303163082112,Train,1,基础+1,0.0032303163082112
2021-04-16,1,0,0,0,0,0,0,0.0076144420494557,Train,1,基础+1,0.0076144420494557
2021-04-19,1,0,0,0,0,0,0,0.0139016954614958,Train,1,基础+1,0.0139016954614958
2021-04-20,1,0,0,0,0,0,0,-0.0036542184196123,Train,1,基础+1,-0.0036542184196123
2021-04-21,1,0,0,0,0,0,0,0.0075062472717506,Train,1,基础+1,0.0075062472717506
2021-04-22,1,0,0,0,0,0,0,0.0001911926881064,Train,1,基础+1,0.0001911926881064
2021-04-23,1,0,0,0,0,0,0,0.0053965887169751,Train,1,基础+1,0.0053965887169751
2021-04-26,1,0,0,0,0,0,0,-0.0070500902735984,Train,1,基础+1,-0.0070500902735984
2021-04-27,1,0,0,0,0,0,0,-0.0002353521384105,Train,1,基础+1,-0.0002353521384105
2021-04-28,1,0,0,0,0,0,0,0.0097226548157063,Train,1,基础+1,0.0097226548157063
2021-04-29,1,0,0,0,0,0,0,-0.0038938238272447,Train,1,基础+1,-0.0038938238272447
2021-04-30,1,0,0,0,0,0,0,0.0051385296950114,Train,1,基础+1,0.0051385296950114
2021-05-06,1,0,0,0,0,0,0,0.0003035702882689,Train,1,基础+1,0.0003035702882689
2021-05-07,1,0,0,0,0,0,0,-0.0067875320233021,Train,1,基础+1,-0.0067875320233021
2021-05-10,0,0,0,1,0,0,0,-0.0038887127321765,Train,-1,0转-1持有,0.0038887127321765
2021-05-11,0,0,0,1,1,0,0,-0.0002140828978575,Train,0,零段同日冲突置0,-0.0
2021-05-12,0,0,0,1,1,0,0,0.0021827642480189,Train,0,零段同日冲突置0,0.0
2021-05-13,0,0,0,1,1,0,0,0.0008868562027632,Train,0,零段同日冲突置0,0.0
2021-05-14,0,0,0,0,1,0,0,0.0104120435669683,Train,1,0转+1持有,0.0104120435669683
2021-05-17,0,0,0,0,1,0,0,0.0087529135554433,Train,1,0转+1持有,0.0087529135554433
2021-05-18,0,0,0,0,1,0,0,0.0004762446893291,Train,1,0转+1持有,0.0004762446893291
2021-05-19,0,0,0,1,1,0,0,-0.0062307734356438,Train,0,零段同日冲突置0,-0.0
2021-05-20,0,0,0,1,0,0,0,0.0025065842975531,Train,-1,0转-1持有,-0.0025065842975531
2021-05-21,0,0,0,1,0,0,0,-0.0063524168796089,Train,-1,0转-1持有,0.0063524168796089
2021-05-24,0,0,0,0,0,0,0,0.0051430266201593,Train,0,基础0,0.0
2021-05-25,0,0,0,0,0,0,0,0.0125237130633977,Train,0,基础0,0.0
2021-05-26,0,0,0,0,0,0,0,-0.0003209595272358,Train,0,基础0,-0.0
2021-05-27,0,0,0,0,0,0,0,0.0105663286483952,Train,0,基础0,0.0
2021-05-28,0,0,0,0,0,0,0,-0.0026472082688238,Train,0,基础0,-0.0
2021-05-31,1,0,0,0,0,0,0,0.0055516612493604,Train,1,基础+1,0.0055516612493604
2021-06-01,1,0,0,0,0,0,0,0.0032536181821112,Train,1,基础+1,0.0032536181821112
2021-06-02,1,0,0,0,0,0,0,-0.0089605179625165,Train,1,基础+1,-0.0089605179625165
2021-06-03,1,0,0,0,0,0,0,-0.0056952100511956,Train,1,基础+1,-0.0056952100511956
2021-06-04,1,0,0,0,0,0,0,0.0095868146452511,Train,1,基础+1,0.0095868146452511
2021-06-07,1,0,0,0,0,0,0,0.0030347748235377,Train,1,基础+1,0.0030347748235377
2021-06-08,1,0,0,0,0,0,0,-0.0072775153600456,Train,1,基础+1,-0.0072775153600456
2021-06-09,1,0,0,0,0,0,0,0.0017494921776062,Train,1,基础+1,0.0017494921776062
2021-06-10,0,0,0,1,0,0,0,0.0126813115235646,Train,-1,0转-1持有,-0.0126813115235646
2021-06-11,0,0,0,1,1,0,0,-0.0058383656579912,Train,0,零段同日冲突置0,-0.0
2021-06-15,0,0,0,1,1,0,0,-0.0110782069133801,Train,0,零段同日冲突置0,-0.0
2021-06-16,0,0,0,0,1,0,0,-0.0157958409299445,Train,1,0转+1持有,-0.0157958409299445
2021-06-17,0,0,0,0,1,0,0,0.0085386524500887,Train,1,0转+1持有,0.0085386524500887
2021-06-18,0,0,0,0,1,0,0,0.0064122380791902,Train,1,0转+1持有,0.0064122380791902
2021-06-21,0,0,0,0,1,0,0,0.0106191324251754,Train,1,0转+1持有,0.0106191324251754
2021-06-22,0,0,0,0,1,0,0,0.0027187400778794,Train,1,0转+1持有,0.0027187400778794
2021-06-23,0,0,0,0,1,0,0,0.0074588334450529,Train,1,0转+1持有,0.0074588334450529
2021-06-24,0,0,0,0,1,0,0,-0.0063304443510942,Train,1,0转+1持有,-0.0063304443510942
2021-06-25,0,0,0,0,0,0,0,0.0096981036428374,Train,0,基础0,0.0
2021-06-28,0,0,0,0,0,0,0,0.0027500188206681,Train,0,基础0,0.0
2021-06-29,0,0,0,0,0,0,0,-0.0095586213870761,Train,0,基础0,-0.0
2021-06-30,0,0,0,0,0,0,0,0.008858922353407,Train,0,基础0,0.0
2021-07-01,0,0,0,1,0,0,0,-0.0185468985676107,Train,-1,0转-1持有,0.0185468985676107
2021-07-02,0,0,0,1,0,1,0,-0.0046168786145938,Train,-1,0转-1持有,0.0046168786145938
2021-07-05,0,0,0,0,0,0,0,0.0086716800050949,Train,0,基础0,0.0
2021-07-06,0,0,0,0,0,0,0,-0.009826727162798,Train,0,基础0,-0.0
2021-07-07,0,0,0,0,0,0,0,0.0169609403749271,Train,0,基础0,0.0
2021-07-08,0,0,0,0,1,0,0,-0.0078578774232583,Train,1,0转+1持有,-0.0078578774232583
2021-07-09,0,0,0,1,1,0,0,0.0194695201620551,Train,0,零段同日冲突置0,0.0
2021-07-12,0,0,0,1,1,0,0,0.0071997631687958,Train,0,零段同日冲突置0,0.0
2021-07-13,0,0,0,0,1,0,0,0.0075358185668237,Train,1,0转+1持有,0.0075358185668237
2021-07-14,0,0,0,0,1,0,0,-0.011363203638908,Train,1,0转+1持有,-0.011363203638908
2021-07-15,0,0,0,0,1,0,0,0.0081815705979255,Train,1,0转+1持有,0.0081815705979255
2021-07-16,0,0,0,0,1,0,0,-0.0027345634747421,Train,1,0转+1持有,-0.0027345634747421
2021-07-19,0,0,0,1,0,0,0,-0.0117253401210457,Train,-1,0转-1持有,0.0117253401210457
2021-07-20,0,0,0,1,0,0,0,0.013549978756564,Train,-1,0转-1持有,-0.013549978756564
2021-07-21,0,0,0,1,0,0,0,0.0104921103391135,Train,-1,0转-1持有,-0.0104921103391135
2021-07-22,0,0,0,0,0,0,0,0.0057234475952221,Train,0,基础0,0.0
2021-07-23,0,0,0,0,0,0,0,-0.008838269908953,Train,0,基础0,-0.0
2021-07-26,1,0,0,0,0,0,0,-0.0138608239744798,Train,1,基础+1,-0.0138608239744798
2021-07-27,1,0,0,0,0,0,0,-0.0330486814843942,Train,1,基础+1,-0.0330486814843942
2021-07-28,1,0,0,0,0,0,0,0.0105959233803365,Train,1,基础+1,0.0105959233803365
2021-07-29,1,0,0,0,0,0,0,0.0028476703416668,Train,1,基础+1,0.0028476703416668
2021-07-30,1,0,0,0,0,0,0,0.0025310565837375,Train,1,基础+1,0.0025310565837375
2021-08-02,0,0,0,0,1,0,0,0.0129582241521788,Train,1,0转+1持有,0.0129582241521788
2021-08-03,0,0,0,0,1,0,0,-0.0044247903331343,Train,1,0转+1持有,-0.0044247903331343
2021-08-04,0,0,0,0,1,0,0,0.0156814460448582,Train,1,0转+1持有,0.0156814460448582
2021-08-05,0,0,0,1,1,0,0,0.0011679484026105,Train,0,零段同日冲突置0,0.0
2021-08-06,0,0,0,1,1,0,0,-0.0021216267933662,Train,0,零段同日冲突置0,-0.0
2021-08-09,0,0,0,1,0,0,0,0.0081720090031101,Train,-1,0转-1持有,-0.0081720090031101
2021-08-10,0,0,0,0,0,0,0,0.0077383659155327,Train,0,基础0,0.0
2021-08-11,0,0,0,0,0,0,0,0.0049394937356299,Train,0,基础0,0.0
2021-08-12,0,0,0,0,0,0,0,0.0015587295092365,Train,0,基础0,0.0
2021-08-13,0,0,0,0,0,0,0,0.0024197963272913,Train,0,基础0,0.0
2021-08-16,0,0,0,0,0,0,0,-0.0059012383380155,Train,0,基础0,-0.0
2021-08-17,0,0,0,0,0,0,0,-0.0230618871815109,Train,0,基础0,-0.0
2021-08-18,0,0,0,1,0,1,0,0.00497481842305,Train,-1,0转-1持有,-0.00497481842305
2021-08-19,0,0,0,1,0,0,0,-0.000360172988853,Train,-1,0转-1持有,0.000360172988853
2021-08-20,0,0,0,1,0,0,0,0.0049623154983058,Train,-1,0转-1持有,-0.0049623154983058
2021-08-23,0,0,0,0,0,0,0,0.0118451379854147,Train,0,基础0,0.0
2021-08-24,0,0,0,0,0,0,0,0.0086037866428496,Train,0,基础0,0.0
2021-08-25,0,0,0,0,0,0,0,0.0083731345158684,Train,0,基础0,0.0
2021-08-26,0,0,0,0,0,0,0,-0.0076732946559242,Train,0,基础0,-0.0
2021-08-27,0,0,0,1,0,0,0,0.0149326275510153,Train,-1,0转-1持有,-0.0149326275510153
2021-08-30,0,0,0,1,0,0,0,-1.4217036360730796e-05,Train,-1,0转-1持有,1.4217036360730796e-05
2021-08-31,0,0,0,0,0,0,0,0.0095119295612473,Train,0,基础0,0.0
2021-09-01,1,0,0,0,0,0,0,-0.0135654575006927,Train,1,基础+1,-0.0135654575006927
2021-09-02,1,0,0,0,0,0,0,0.02276736169819,Train,1,基础+1,0.02276736169819
2021-09-03,1,0,0,0,0,0,0,-0.0052257621652916,Train,1,基础+1,-0.0052257621652916
2021-09-06,1,0,0,0,0,0,0,0.0086362728750335,Train,1,基础+1,0.0086362728750335
2021-09-07,1,0,0,0,0,0,0,0.0184707102669889,Train,1,基础+1,0.0184707102669889
2021-09-08,1,1,0,0,0,0,0,0.00515547972353,Train,1,基础+1,0.00515547972353
2021-09-09,1,0,0,0,0,0,0,0.0104343187778985,Train,1,基础+1,0.0104343187778985
2021-09-10,1,1,0,0,0,0,0,-8.353468344379777e-06,Train,1,基础+1,-8.353468344379777e-06
2021-09-13,1,1,0,0,0,0,0,0.0022558361941573,Train,1,基础+1,0.0022558361941573
2021-09-14,1,1,0,0,0,0,0,-0.0125105178540732,Train,1,基础+1,-0.0125105178540732
2021-09-15,1,1,0,0,0,1,0,0.0108331094633329,Train,1,基础+1,0.0108331094633329
2021-09-16,0,0,0,1,0,0,0,-0.025611046347801,Train,-1,0转-1持有,0.025611046347801
2021-09-17,0,0,0,1,0,1,0,-0.0157275083352366,Train,-1,0转-1持有,0.0157275083352366
2021-09-22,0,0,0,0,0,0,0,0.028371029825347,Train,0,基础0,0.0
2021-09-23,0,0,0,0,0,0,1,-0.0028974495013938,Train,0,基础0,-0.0
2021-09-24,0,0,0,0,0,0,0,-0.012089849837085,Train,0,基础0,-0.0
2021-09-27,0,0,0,0,0,0,0,-0.0326194927957276,Train,0,基础0,-0.0
2021-09-28,-1,0,0,0,0,1,0,-0.0022153989645182,Train,-1,基础-1,0.0022153989645182
2021-09-29,-1,0,0,0,0,0,0,-0.0151296394331318,Train,-1,基础-1,0.0151296394331318
2021-09-30,-1,0,0,0,0,1,0,0.0222513881450161,Train,-1,基础-1,-0.0222513881450161
2021-10-08,-1,0,0,0,0,0,0,-0.0122848881916565,Train,-1,基础-1,0.0122848881916565
2021-10-11,-1,0,0,0,0,0,0,-0.0047206753540323,Train,-1,基础-1,0.0047206753540323
2021-10-12,-1,0,1,0,0,0,0,-0.01578962347834,Train,-1,基础-1,0.01578962347834
2021-10-13,-1,0,1,0,0,0,0,0.0018565971207962,Train,-1,基础-1,-0.0018565971207962
2021-10-14,0,0,0,1,0,0,0,0.0036543236754682,Train,-1,0转-1持有,-0.0036543236754682
2021-10-15,0,0,0,1,0,0,0,0.004433914861865,Train,-1,0转-1持有,-0.004433914861865
2021-10-18,-1,0,0,0,0,0,0,0.0047863995197705,Train,-1,基础-1,-0.0047863995197705
2021-10-19,-1,0,0,0,0,0,0,0.0030039621147526,Train,-1,基础-1,-0.0030039621147526
2021-10-20,-1,0,0,0,0,0,0,0.0064459327936174,Train,-1,基础-1,-0.0064459327936174
2021-10-21,-1,0,0,0,0,0,0,-0.0054015391444492,Train,-1,基础-1,0.0054015391444492
2021-10-22,-1,0,0,0,0,0,0,-0.0098901348315434,Train,-1,基础-1,0.0098901348315434
2021-10-25,0,0,0,1,0,0,0,0.0143957084393975,Train,-1,0转-1持有,-0.0143957084393975
2021-10-26,0,0,0,1,0,0,0,-0.0037840097610328,Train,-1,0转-1持有,0.0037840097610328
2021-10-27,0,0,0,1,0,0,0,-0.0094218149695907,Train,-1,0转-1持有,0.0094218149695907
2021-10-28,0,0,0,1,0,0,0,-0.0100261109210393,Train,-1,0转-1持有,0.0100261109210393
2021-10-29,0,0,0,1,0,0,0,0.0070763485564151,Train,-1,0转-1持有,-0.0070763485564151
2021-11-01,0,0,0,1,0,0,0,0.0079846319293372,Train,-1,0转-1持有,-0.0079846319293372
2021-11-02,0,0,0,0,0,0,0,-0.0121708926814949,Train,0,基础0,-0.0
2021-11-03,0,0,0,0,0,0,0,0.0081552232463546,Train,0,基础0,0.0
2021-11-04,0,0,0,0,1,0,0,0.0055655143119897,Train,1,0转+1持有,0.0055655143119897
2021-11-05,0,0,0,0,1,0,0,-0.0119623823965524,Train,1,0转+1持有,-0.0119623823965524
2021-11-08,0,0,0,0,1,0,0,0.0073108464198525,Train,1,0转+1持有,0.0073108464198525
2021-11-09,0,0,0,0,1,0,0,0.0034191331264712,Train,1,0转+1持有,0.0034191331264712
2021-11-10,0,0,0,0,1,0,0,-0.0018088160509327,Train,1,0转+1持有,-0.0018088160509327
2021-11-11,0,0,0,0,1,0,0,0.0099491229967956,Train,1,0转+1持有,0.0099491229967956
2021-11-12,0,0,0,0,0,0,0,0.0066083367836107,Train,0,基础0,0.0
2021-11-15,0,0,0,0,0,0,0,-0.0114590250801376,Train,0,基础0,-0.0
2021-11-16,0,0,0,0,0,0,0,-0.0056873019511481,Train,0,基础0,-0.0
2021-11-17,0,0,0,0,0,0,0,0.0092490196465375,Train,0,基础0,0.0
2021-11-18,0,0,0,1,0,0,0,-0.0036255308347789,Train,-1,0转-1持有,0.0036255308347789
2021-11-19,0,0,0,1,1,0,0,0.0133268123737171,Train,0,零段同日冲突置0,0.0
2021-11-22,0,0,0,0,1,0,0,0.0095501149754706,Train,1,0转+1持有,0.0095501149754706
2021-11-23,0,0,0,0,1,0,0,0.0019694600242301,Train,1,0转+1持有,0.0019694600242301
2021-11-24,0,0,0,0,1,0,0,0.0003549894334411,Train,1,0转+1持有,0.0003549894334411
2021-11-25,0,0,0,0,0,0,0,-0.006355006601179,Train,0,基础0,-0.0
2021-11-26,0,0,0,0,0,0,0,-0.0120137654675029,Train,0,基础0,-0.0
2021-11-29,0,0,0,0,0,0,0,0.0171660647938476,Train,0,基础0,0.0
2021-11-30,0,0,0,0,0,0,0,-0.001820738412662,Train,0,基础0,-0.0
2021-12-01,0,0,0,0,0,0,0,0.0023892933951144,Train,0,基础0,0.0
2021-12-02,0,0,0,0,0,0,0,-0.0031491819779387,Train,0,基础0,-0.0
2021-12-03,0,0,0,0,0,0,0,0.0104258583272887,Train,0,基础0,0.0
2021-12-06,0,0,0,0,0,0,0,-0.0047697981738512,Train,0,基础0,-0.0
2021-12-07,0,0,0,1,0,0,0,-0.0067536085193794,Train,-1,0转-1持有,0.0067536085193794
2021-12-08,0,0,0,1,0,0,0,0.0102139799456042,Train,-1,0转-1持有,-0.0102139799456042
2021-12-09,0,0,0,1,0,0,0,-0.0017567282163201,Train,-1,0转-1持有,0.0017567282163201
2021-12-10,0,0,0,0,1,0,0,0.0066067355309484,Train,1,0转+1持有,0.0066067355309484
2021-12-13,0,0,0,0,1,0,0,-0.0005282167843132,Train,1,0转+1持有,-0.0005282167843132
2021-12-14,0,0,0,0,1,0,0,-0.0014422318735712,Train,1,0转+1持有,-0.0014422318735712
2021-12-15,0,0,0,0,1,0,0,0.0005119907073332,Train,1,0转+1持有,0.0005119907073332
2021-12-16,0,0,0,0,1,0,0,0.0078253828062131,Train,1,0转+1持有,0.0078253828062131
2021-12-17,0,0,0,0,0,0,0,-0.0121629593816603,Train,0,基础0,-0.0
2021-12-20,0,0,0,1,0,0,0,-0.0137123442699255,Train,-1,0转-1持有,0.0137123442699255
2021-12-21,0,0,0,1,0,0,0,0.0137580411929802,Train,-1,0转-1持有,-0.0137580411929802
2021-12-22,0,0,0,1,0,0,0,0.0022294113100078,Train,-1,0转-1持有,-0.0022294113100078
2021-12-23,0,0,0,1,0,0,0,0.0040843487289703,Train,-1,0转-1持有,-0.0040843487289703
2021-12-24,0,0,0,1,0,0,0,-0.0090825522945775,Train,-1,0转-1持有,0.0090825522945775
2021-12-27,0,0,0,0,0,0,0,0.0016004275473666,Train,0,基础0,0.0
2021-12-28,0,0,0,0,0,0,0,-0.000732110561509,Train,0,基础0,-0.0
2021-12-29,0,0,0,0,1,0,0,-0.004074165723982,Train,1,0转+1持有,-0.004074165723982
2021-12-30,0,0,0,0,1,0,0,0.0103373828926187,Train,1,0转+1持有,0.0103373828926187
2021-12-31,0,0,0,0,1,0,0,0.0091339682876354,Train,1,0转+1持有,0.0091339682876354
2022-01-04,0,0,0,0,1,0,0,-0.0059430368057199,Train,1,0转+1持有,-0.0059430368057199
2022-01-05,0,0,0,1,0,0,0,-0.0212352579171325,Train,-1,0转-1持有,0.0212352579171325
2022-01-06,0,0,0,1,0,1,0,0.0061851850136018,Train,-1,0转-1持有,-0.0061851850136018
2022-01-07,-1,0,0,0,0,0,0,-0.0098129410192209,Train,-1,基础-1,0.0098129410192209
2022-01-10,-1,0,0,0,0,1,0,0.0035716292992853,Train,-1,基础-1,-0.0035716292992853
2022-01-11,-1,0,0,0,0,0,0,-0.0037344152103192,Train,-1,基础-1,0.0037344152103192
2022-01-12,-1,0,0,0,0,0,0,0.0060148240486037,Train,-1,基础-1,-0.0060148240486037
2022-01-13,-1,0,0,0,0,0,0,-0.0194107421109774,Train,-1,基础-1,0.0194107421109774
2022-01-14,-1,0,0,0,0,0,0,0.0024340323036857,Train,-1,基础-1,-0.0024340323036857
2022-01-17,-1,0,1,0,0,0,0,0.0116533227470598,Train,-1,基础-1,-0.0116533227470598
2022-01-18,-1,0,1,0,0,0,0,-0.00260383438052,Train,-1,基础-1,0.00260383438052
2022-01-19,0,0,0,0,0,0,0,-0.003494545604795,Train,0,基础0,-0.0
2022-01-20,0,0,0,0,0,0,0,-0.0114574175546152,Train,0,基础0,-0.0
2022-01-21,-1,0,0,0,0,0,0,-0.0135012681056381,Train,-1,基础-1,0.0135012681056381
2022-01-24,-1,0,0,0,0,0,0,0.0024596575232389,Train,-1,基础-1,-0.0024596575232389
2022-01-25,-1,0,0,0,0,0,0,-0.0283971612048571,Train,-1,基础-1,0.0283971612048571
2022-01-26,-1,0,0,0,0,0,0,0.0028477078880955,Train,-1,基础-1,-0.0028477078880955
2022-01-27,-1,0,0,0,0,0,0,-0.0134824364150444,Train,-1,基础-1,0.0134824364150444
2022-01-28,0,0,0,0,0,0,0,-0.0038275976467284,Train,0,基础0,-0.0
2022-02-07,0,0,0,0,0,0,0,0.0021638611185643,Train,0,基础0,0.0
2022-02-08,0,0,0,0,0,0,0,0.0086482694522618,Train,0,基础0,0.0
2022-02-09,0,0,0,0,0,0,0,0.0154985242070171,Train,0,基础0,0.0
2022-02-10,0,0,0,0,0,0,0,-0.0042947536038036,Train,0,基础0,-0.0
2022-02-11,0,0,0,0,0,0,0,-0.0147086671050151,Train,0,基础0,-0.0
2022-02-14,0,0,0,0,0,0,0,-0.0016046278171892,Train,0,基础0,-0.0
2022-02-15,0,0,0,0,0,0,0,0.0116985420540975,Train,0,基础0,0.0
2022-02-16,0,0,0,1,0,0,0,-0.0021939731983723,Train,-1,0转-1持有,0.0021939731983723
2022-02-17,0,0,0,1,0,0,0,-0.0044077212446463,Train,-1,0转-1持有,0.0044077212446463
2022-02-18,0,0,0,0,0,0,0,0.0161207355714638,Train,0,基础0,0.0
2022-02-21,0,0,0,0,0,0,0,-0.0023436069267244,Train,0,基础0,-0.0
2022-02-22,0,0,0,0,0,0,0,-0.0061437544833624,Train,0,基础0,-0.0
2022-02-23,0,0,0,0,0,0,0,0.0112464464799888,Train,0,基础0,0.0
2022-02-24,0,0,0,0,0,0,0,-0.0081286627394379,Train,0,基础0,-0.0
2022-02-25,0,0,0,1,0,1,0,0.0037983363615581,Train,-1,0转-1持有,-0.0037983363615581
2022-02-28,0,0,0,1,0,0,0,0.005435756121928,Train,-1,0转-1持有,-0.005435756121928
2022-03-01,0,0,0,1,0,0,0,-0.0022639621823405,Train,-1,0转-1持有,0.0022639621823405
2022-03-02,0,0,0,1,0,0,0,0.006990412984893,Train,-1,0转-1持有,-0.006990412984893
2022-03-03,0,0,0,1,0,0,0,-0.0111784891684834,Train,-1,0转-1持有,0.0111784891684834
2022-03-04,0,0,0,1,0,0,0,-0.0033804159502806,Train,-1,0转-1持有,0.0033804159502806
2022-03-07,0,0,0,1,0,0,0,-0.0220839342336571,Train,-1,0转-1持有,0.0220839342336571
2022-03-08,0,0,0,0,0,0,0,-0.031181838178708,Train,0,基础0,-0.0
2022-03-09,0,0,0,0,0,1,0,-0.0028386971050297,Train,0,基础0,-0.0
2022-03-10,-1,0,0,0,0,0,0,-0.0127202207171051,Train,-1,基础-1,0.0127202207171051
2022-03-11,-1,0,0,0,0,0,0,0.011989763881739,Train,-1,基础-1,-0.011989763881739
2022-03-14,-1,0,0,0,0,0,0,-0.0228681153191505,Train,-1,基础-1,0.0228681153191505
2022-03-15,-1,0,0,0,0,0,0,-0.032450401463978,Train,-1,基础-1,0.032450401463978
2022-03-16,-1,0,0,0,0,1,0,0.0271455787234189,Train,-1,基础-1,-0.0271455787234189
2022-03-17,-1,0,1,0,0,0,0,0.0025398147154287,Train,-1,基础-1,-0.0025398147154287
2022-03-18,0,0,0,0,1,0,0,0.0145744859248999,Train,1,0转+1持有,0.0145744859248999
2022-03-21,0,0,0,1,1,0,0,0.0004481466137,Train,0,零段同日冲突置0,0.0
2022-03-22,0,0,0,1,1,0,0,0.0039272627343529,Train,0,零段同日冲突置0,0.0
2022-03-23,0,0,0,0,1,0,0,0.0004174418196742,Train,1,0转+1持有,0.0004174418196742
2022-03-24,0,0,0,0,0,0,0,-0.0038079595716256,Train,0,基础0,-0.0
2022-03-25,0,0,0,0,0,0,0,-0.0183700671651863,Train,0,基础0,-0.0
2022-03-28,0,0,0,0,0,0,0,0.0095270218744223,Train,0,基础0,0.0
2022-03-29,0,0,0,0,0,0,0,-0.0027782761411777,Train,0,基础0,-0.0
2022-03-30,0,0,0,0,0,0,0,0.0142062939810747,Train,0,基础0,0.0
2022-03-31,0,0,0,0,0,0,0,-0.0112737670236969,Train,0,基础0,-0.0
2022-04-01,0,0,0,1,0,0,0,0.0117041557289339,Train,-1,0转-1持有,-0.0117041557289339
2022-04-06,0,0,0,1,0,0,0,-0.0064738939261688,Train,-1,0转-1持有,0.0064738939261688
2022-04-07,0,0,0,1,0,0,0,-0.0149661917951771,Train,-1,0转-1持有,0.0149661917951771
2022-04-08,0,0,0,0,0,0,0,-0.0040423656544442,Train,0,基础0,-0.0
2022-04-11,0,0,0,0,1,0,0,-0.0294015536157511,Train,1,0转+1持有,-0.0294015536157511
2022-04-12,0,0,0,0,1,0,0,0.012460974835263,Train,1,0转+1持有,0.012460974835263
2022-04-13,0,0,0,1,1,0,0,-0.003371839838469,Train,0,零段同日冲突置0,-0.0
2022-04-14,0,0,0,1,1,0,0,0.0032906253536511,Train,0,零段同日冲突置0,0.0
2022-04-15,0,0,0,1,0,0,0,-0.0122398930024685,Train,-1,0转-1持有,0.0122398930024685
2022-04-18,0,0,0,1,0,0,0,0.0079655714012911,Train,-1,0转-1持有,-0.0079655714012911
2022-04-19,-1,0,0,0,0,0,0,0.0025270295515624,Train,-1,基础-1,-0.0025270295515624
2022-04-20,-1,0,0,0,0,0,0,-0.0244991288733195,Train,-1,基础-1,0.0244991288733195
2022-04-21,-1,0,0,0,0,0,0,-0.0346482852456185,Train,-1,基础-1,0.0346482852456185
2022-04-22,-1,0,0,0,0,0,0,-0.0125343367445894,Train,-1,基础-1,0.0125343367445894
2022-04-25,-1,0,0,0,0,0,0,-0.0498796768732814,Train,-1,基础-1,0.0498796768732814
2022-04-26,-1,0,1,0,0,0,0,-0.0363257246381395,Train,-1,基础-1,0.0363257246381395
2022-04-27,-1,0,1,0,0,0,0,0.0424545046659403,Train,-1,基础-1,-0.0424545046659403
2022-04-28,-1,0,1,0,0,0,0,0.011115273889926,Train,-1,基础-1,-0.011115273889926
2022-04-29,0,0,0,0,1,0,0,0.0281341276157718,Train,1,0转+1持有,0.0281341276157718
2022-05-05,0,0,0,0,1,0,0,-0.0091796228145464,Train,1,0转+1持有,-0.0091796228145464
2022-05-06,0,0,0,0,1,0,0,-0.0015285446845498,Train,1,0转+1持有,-0.0015285446845498
2022-05-09,0,0,0,0,1,0,1,-0.0035795744874592,Train,1,0转+1持有,-0.0035795744874592
2022-05-10,0,0,0,1,1,0,1,0.0297923755595492,Train,0,零段同日冲突置0,0.0
2022-05-11,0,0,0,1,1,0,1,0.0017773805147984,Train,0,零段同日冲突置0,0.0
2022-05-12,0,0,0,0,1,0,0,0.0101201461732507,Train,1,0转+1持有,0.0101201461732507
2022-05-13,0,0,0,0,1,0,0,0.0129959544983926,Train,1,0转+1持有,0.0129959544983926
2022-05-16,0,0,0,0,0,0,0,-0.0086173297926132,Train,0,基础0,-0.0
2022-05-17,0,0,0,0,0,0,0,0.0044369385205385,Train,0,基础0,0.0
2022-05-18,0,0,0,0,0,0,0,-0.0183651737569806,Train,0,基础0,-0.0
2022-05-19,0,0,0,0,0,0,0,0.0254367616202955,Train,0,基础0,0.0
2022-05-20,0,0,0,0,0,0,0,0.014883497032976,Train,0,基础0,0.0
2022-05-23,0,0,0,0,1,0,0,0.0035357847519623,Train,1,0转+1持有,0.0035357847519623
2022-05-24,0,0,0,0,1,0,0,-0.0370527484989975,Train,1,0转+1持有,-0.0370527484989975
2022-05-25,0,0,0,0,1,1,0,0.018600719831211,Train,1,0转+1持有,0.018600719831211
2022-05-26,0,0,0,1,1,0,0,0.0125351189022608,Train,0,零段同日冲突置0,0.0
2022-05-27,0,0,0,1,1,0,1,-0.0005216225350392,Train,0,零段同日冲突置0,-0.0
2022-05-30,1,0,0,0,0,0,0,0.0037392010388759,Train,1,基础+1,0.0037392010388759
2022-05-31,1,0,0,0,0,0,0,0.0115109786719769,Train,1,基础+1,0.0115109786719769
2022-06-01,1,0,0,0,0,0,0,-0.0013537420308534,Train,1,基础+1,-0.0013537420308534
2022-06-02,1,0,0,0,0,0,0,0.0132099402568164,Train,1,基础+1,0.0132099402568164
2022-06-06,1,0,0,0,0,0,0,0.0175482583931598,Train,1,基础+1,0.0175482583931598
2022-06-07,1,0,0,0,0,0,0,-0.0002612753469737,Train,1,基础+1,-0.0002612753469737
2022-06-08,1,0,0,0,0,0,0,0.0036809936568067,Train,1,基础+1,0.0036809936568067
2022-06-09,1,0,0,0,0,0,0,-0.0200115591419675,Train,1,基础+1,-0.0200115591419675
2022-06-10,1,0,0,0,0,0,0,0.0173032932402459,Train,1,基础+1,0.0173032932402459
2022-06-13,1,0,0,0,0,0,0,-0.0043863028902937,Train,1,基础+1,-0.0043863028902937
2022-06-14,1,0,0,0,0,0,0,0.0184612334967702,Train,1,基础+1,0.0184612334967702
2022-06-15,1,0,0,0,0,0,0,-0.0020849285909926,Train,1,基础+1,-0.0020849285909926
2022-06-16,1,1,0,0,0,0,0,-0.0066595317867172,Train,1,基础+1,-0.0066595317867172
2022-06-17,1,1,0,0,0,0,0,0.0165294147982781,Train,1,基础+1,0.0165294147982781
2022-06-20,1,1,0,0,0,0,0,0.0002268872258679,Train,1,基础+1,0.0002268872258679
2022-06-21,1,0,0,0,0,0,0,-0.0067943689647194,Train,1,基础+1,-0.0067943689647194
2022-06-22,1,0,0,0,0,0,0,-0.0151038054417959,Train,1,基础+1,-0.0151038054417959
2022-06-23,0,0,0,0,0,0,0,0.0193699935142905,Train,0,基础0,0.0
2022-06-24,0,0,0,0,1,0,0,0.0145129351057402,Train,1,0转+1持有,0.0145129351057402
2022-06-27,0,0,0,0,1,0,0,0.002200626548092,Train,1,0转+1持有,0.002200626548092
2022-06-28,0,0,0,0,1,0,0,0.0104063663753579,Train,1,0转+1持有,0.0104063663753579
2022-06-29,1,0,0,0,0,0,0,-0.0145011933781272,Train,1,基础+1,-0.0145011933781272
2022-06-30,1,0,0,0,0,1,0,0.0102636959181245,Train,1,基础+1,0.0102636959181245
2022-07-01,1,0,0,0,0,0,0,-0.0008798666276097,Train,1,基础+1,-0.0008798666276097
2022-07-04,1,0,0,0,0,0,0,0.0140230649929173,Train,1,基础+1,0.0140230649929173
2022-07-05,1,1,0,0,0,0,0,-0.0071048771620972,Train,1,基础+1,-0.0071048771620972
2022-07-06,1,1,0,0,0,0,0,-0.0114982527332667,Train,1,基础+1,-0.0114982527332667
2022-07-07,1,1,0,0,0,0,0,0.0099592662350478,Train,1,基础+1,0.0099592662350478
2022-07-08,0,0,0,0,0,0,0,-0.0140224942963739,Train,0,基础0,-0.0
2022-07-11,0,0,0,0,0,0,0,-0.0108918594469313,Train,0,基础0,-0.0
2022-07-12,0,0,0,0,0,0,0,-0.0125355061852174,Train,0,基础0,-0.0
2022-07-13,0,0,0,0,0,0,0,0.0046150786088525,Train,0,基础0,0.0
2022-07-14,0,0,0,0,0,0,0,0.0019472603014136,Train,0,基础0,0.0
2022-07-15,0,0,0,0,0,0,0,-0.0101242313955429,Train,0,基础0,-0.0
2022-07-18,-1,0,0,0,0,0,0,0.0165276464834107,Train,-1,基础-1,-0.0165276464834107
2022-07-19,-1,0,0,0,0,0,0,0.0054069757421986,Train,-1,基础-1,-0.0054069757421986
2022-07-20,-1,0,0,0,0,0,0,0.0074079926074646,Train,-1,基础-1,-0.0074079926074646
2022-07-21,-1,0,0,0,0,0,0,-0.0072095192891836,Train,-1,基础-1,0.0072095192891836
2022-07-22,-1,0,0,0,0,0,0,-0.0089433228568162,Train,-1,基础-1,0.0089433228568162
2022-07-25,0,0,0,0,0,0,0,-0.0091932325350743,Train,0,基础0,-0.0
2022-07-26,0,0,0,0,1,0,0,0.0100011879711414,Train,1,0转+1持有,0.0100011879711414
2022-07-27,0,0,0,1,1,0,0,0.0094681543440267,Train,0,零段同日冲突置0,0.0
2022-07-28,0,0,0,1,1,0,0,-0.0007470989021709,Train,0,零段同日冲突置0,-0.0
2022-07-29,0,0,0,0,1,0,0,-0.0099326826670768,Train,1,0转+1持有,-0.0099326826670768
2022-08-01,0,0,0,0,0,0,0,-0.0007590035318206,Train,0,基础0,-0.0
2022-08-02,0,0,0,0,0,0,0,-0.0186033586074014,Train,0,基础0,-0.0
2022-08-03,0,0,0,1,0,1,0,-0.00180354672678,Train,-1,0转-1持有,0.00180354672678
2022-08-04,-1,0,0,0,0,0,0,0.0024339149584031,Train,-1,基础-1,-0.0024339149584031
2022-08-05,-1,0,0,0,0,0,0,0.0147497510517602,Train,-1,基础-1,-0.0147497510517602
2022-08-08,-1,0,0,0,0,0,0,0.0075858117728984,Train,-1,基础-1,-0.0075858117728984
2022-08-09,-1,0,0,0,0,0,0,0.0027412597539766,Train,-1,基础-1,-0.0027412597539766
2022-08-10,-1,0,0,0,0,0,0,0.0028561081524156,Train,-1,基础-1,-0.0028561081524156
2022-08-11,0,0,0,0,0,0,0,0.0119086772885803,Train,0,基础0,0.0
2022-08-12,0,0,0,0,1,0,0,-0.0030183606811911,Train,1,0转+1持有,-0.0030183606811911
2022-08-15,1,0,0,0,0,0,0,0.0064073234332286,Train,1,基础+1,0.0064073234332286
2022-08-16,1,0,0,0,0,0,0,0.0041093818222248,Train,1,基础+1,0.0041093818222248
2022-08-17,1,0,0,0,0,0,0,0.0012540527153226,Train,1,基础+1,0.0012540527153226
2022-08-18,1,0,0,0,0,0,0,-0.0019358714632324,Train,1,基础+1,-0.0019358714632324
2022-08-19,1,0,0,0,0,0,0,-0.0135238815380842,Train,1,基础+1,-0.0135238815380842
2022-08-22,1,0,0,0,0,0,0,0.012353503136653,Train,1,基础+1,0.012353503136653
2022-08-23,1,0,0,0,0,0,0,0.0016276347829522,Train,1,基础+1,0.0016276347829522
2022-08-24,1,0,0,0,0,0,0,-0.0258924462789603,Train,1,基础+1,-0.0258924462789603
2022-08-25,1,0,0,0,0,1,0,0.0044318355703252,Train,1,基础+1,0.0044318355703252
2022-08-26,0,0,0,0,1,0,0,-0.0185872581909023,Train,1,0转+1持有,-0.0185872581909023
2022-08-29,0,0,0,0,1,0,0,0.015479041303237,Train,1,0转+1持有,0.015479041303237
2022-08-30,0,0,0,0,1,0,1,-0.0069712574013058,Train,1,0转+1持有,-0.0069712574013058
2022-08-31,0,0,0,0,1,0,1,-0.0179243038656162,Train,1,0转+1持有,-0.0179243038656162
2022-09-01,0,0,0,1,0,0,1,-0.002923851918495,Train,-1,0转-1持有,0.002923851918495
2022-09-02,0,0,0,1,0,0,1,0.0020228038886536,Train,-1,0转-1持有,-0.0020228038886536
2022-09-05,0,0,0,1,0,0,1,0.0082600889417909,Train,-1,0转-1持有,-0.0082600889417909
2022-09-06,0,0,0,0,0,0,0,0.011535767084315,Train,0,基础0,0.0
2022-09-07,0,0,0,0,0,0,0,0.0047712507917274,Train,0,基础0,0.0
2022-09-08,0,0,0,0,0,0,0,-0.003811008759685,Train,0,基础0,-0.0
2022-09-09,0,0,0,0,0,0,0,0.0093951657402706,Train,0,基础0,0.0
2022-09-13,0,0,0,0,0,0,0,-0.0189347488277129,Train,0,基础0,-0.0
2022-09-14,0,0,0,0,1,0,0,0.0105446868844594,Train,1,0转+1持有,0.0105446868844594
2022-09-15,0,0,0,0,1,0,0,-0.0300976545265208,Train,1,0转+1持有,-0.0300976545265208
2022-09-16,0,0,0,1,1,0,0,-0.023568053390511,Train,0,零段同日冲突置0,-0.0
2022-09-19,-1,0,0,0,0,0,0,0.0002486441922624,Train,-1,基础-1,-0.0002486441922624
2022-09-20,-1,0,0,0,0,0,0,-0.0010491928048098,Train,-1,基础-1,0.0010491928048098
2022-09-21,-1,0,0,0,0,0,0,-0.0008404040757561,Train,-1,基础-1,0.0008404040757561
2022-09-22,-1,0,0,0,0,0,0,0.0038669952095273,Train,-1,基础-1,-0.0038669952095273
2022-09-23,-1,0,0,0,0,0,0,-0.020044047524086,Train,-1,基础-1,0.020044047524086
2022-09-26,-1,0,1,0,0,0,0,-0.0030864778191684,Train,-1,基础-1,0.0030864778191684
2022-09-27,-1,0,1,0,0,0,0,0.0148537631991274,Train,-1,基础-1,-0.0148537631991274
2022-09-28,-1,0,1,0,0,0,0,-0.0146829567955896,Train,-1,基础-1,0.0146829567955896
2022-09-29,0,0,0,0,0,0,0,-0.0101524187671522,Train,0,基础0,-0.0
2022-09-30,0,0,0,0,1,0,0,-0.0059674518304262,Train,1,0转+1持有,-0.0059674518304262
2022-10-10,0,0,0,0,1,0,0,-0.015232013069739,Train,1,0转+1持有,-0.015232013069739
2022-10-11,0,0,0,0,1,0,0,0.0067142472889265,Train,1,0转+1持有,0.0067142472889265
2022-10-12,0,0,0,0,1,0,0,0.0192411785716342,Train,1,0转+1持有,0.0192411785716342
2022-10-13,0,0,0,0,1,0,0,0.0133337858641464,Train,1,0转+1持有,0.0133337858641464
2022-10-14,0,0,0,0,1,0,0,0.0145769650408003,Train,1,0转+1持有,0.0145769650408003
2022-10-17,0,0,0,0,1,0,0,0.013216041092537,Train,1,0转+1持有,0.013216041092537
2022-10-18,0,0,0,0,0,0,0,-0.0015332329527525,Train,0,基础0,-0.0
2022-10-19,0,0,0,0,0,0,0,-0.0130066259258029,Train,0,基础0,-0.0
2022-10-20,0,0,0,0,0,0,0,0.0026467168618664,Train,0,基础0,0.0
2022-10-21,0,0,0,0,0,0,0,0.0015663660237767,Train,0,基础0,0.0
2022-10-24,0,0,0,0,0,0,0,-0.0175112791789658,Train,0,基础0,-0.0
2022-10-25,0,0,0,1,0,0,0,0.0012026551933637,Train,-1,0转-1持有,-0.0012026551933637
2022-10-26,0,0,0,1,0,0,0,0.0182602603443835,Train,-1,0转-1持有,-0.0182602603443835
2022-10-27,0,0,0,0,0,0,0,-0.0092778117442282,Train,0,基础0,-0.0
2022-10-28,0,0,0,0,0,0,0,-0.0300096442246685,Train,0,基础0,-0.0
2022-10-31,0,0,0,0,0,0,0,0.0120341629502098,Train,0,基础0,0.0
2022-11-01,0,0,0,0,0,0,0,0.019166130566762,Train,0,基础0,0.0
2022-11-02,0,0,0,0,0,0,0,0.0031828740228836,Train,0,基础0,0.0
2022-11-03,0,0,0,0,0,0,0,0.008712911207471,Train,0,基础0,0.0
2022-11-04,0,0,0,0,0,0,0,0.0228363118396204,Train,0,基础0,0.0
2022-11-07,0,0,0,0,0,0,0,0.0010844677842241,Train,0,基础0,0.0
2022-11-08,0,0,0,0,0,0,0,0.0001061093893828,Train,0,基础0,0.0
2022-11-09,0,0,0,0,0,0,0,-0.0089987012057909,Train,0,基础0,-0.0
2022-11-10,0,0,0,0,0,0,0,0.0226683227710229,Train,0,基础0,0.0
2022-11-11,0,0,0,0,0,0,0,-0.0133436377391282,Train,0,基础0,-0.0
2022-11-14,0,0,0,0,0,1,0,-0.0024560813493073,Train,0,基础0,-0.0
2022-11-15,1,0,0,0,0,0,0,0.0185265507293121,Train,1,基础+1,0.0185265507293121
2022-11-16,1,0,0,0,0,0,0,-0.0089592288557541,Train,1,基础+1,-0.0089592288557541
2022-11-17,1,0,0,0,0,0,0,0.0049169529079968,Train,1,基础+1,0.0049169529079968
2022-11-18,1,0,0,0,0,0,0,-0.0105218965973924,Train,1,基础+1,-0.0105218965973924
2022-11-21,1,0,0,0,0,0,0,0.0049523746813735,Train,1,基础+1,0.0049523746813735
2022-11-22,1,0,0,0,0,0,0,-0.0103419087407726,Train,1,基础+1,-0.0103419087407726
2022-11-23,1,0,0,0,0,0,0,0.0020164306798922,Train,1,基础+1,0.0020164306798922
2022-11-24,0,0,0,0,1,0,0,-0.0051369942948111,Train,1,0转+1持有,-0.0051369942948111
2022-11-25,0,0,0,1,1,0,0,-0.0156307353716844,Train,0,零段同日冲突置0,-0.0
2022-11-28,0,0,0,1,1,0,0,0.0119327558371165,Train,0,零段同日冲突置0,0.0
2022-11-29,-1,0,0,0,0,0,0,0.0140530694367639,Train,-1,基础-1,-0.0140530694367639
2022-11-30,-1,0,0,0,0,0,0,0.0088551599580943,Train,-1,基础-1,-0.0088551599580943
2022-12-01,-1,0,0,0,0,0,0,-0.0053721520152227,Train,-1,基础-1,0.0053721520152227
2022-12-02,-1,0,0,0,0,0,0,0.0038940594776908,Train,-1,基础-1,-0.0038940594776908
2022-12-05,-1,0,0,0,0,0,0,8.769779549289147e-05,Train,-1,基础-1,-8.769779549289147e-05
2022-12-06,0,0,0,0,0,0,0,-0.0007208355591743,Train,0,基础0,-0.0
2022-12-07,0,0,0,0,0,0,0,0.0001792175646377,Train,0,基础0,0.0
2022-12-08,0,0,0,0,0,0,0,-0.0021567585564763,Train,0,基础0,-0.0
2022-12-09,0,0,0,0,0,0,0,-0.0007355240206111,Train,0,基础0,-0.0
2022-12-12,0,0,0,0,1,0,0,-0.0044498647125098,Train,1,0转+1持有,-0.0044498647125098
2022-12-13,0,0,0,0,1,0,0,-0.0050874115805767,Train,1,0转+1持有,-0.0050874115805767
2022-12-14,0,0,0,0,1,0,0,-0.0052779681433119,Train,1,0转+1持有,-0.0052779681433119
2022-12-15,-1,0,0,0,0,0,0,-0.0029821098041814,Train,-1,基础-1,0.0029821098041814
2022-12-16,-1,0,0,0,0,0,0,-0.002151250624922,Train,-1,基础-1,0.002151250624922
2022-12-19,-1,0,0,0,0,0,0,-0.0230846417995653,Train,-1,基础-1,0.0230846417995653
2022-12-20,-1,0,0,0,0,0,0,-0.0067163913959029,Train,-1,基础-1,0.0067163913959029
2022-12-21,-1,0,0,0,0,0,0,-0.0019642227145053,Train,-1,基础-1,0.0019642227145053
2022-12-22,-1,0,1,0,0,0,0,-0.0197308360106917,Train,-1,基础-1,0.0197308360106917
2022-12-23,-1,0,1,0,0,0,0,0.0029763303356187,Train,-1,基础-1,-0.0029763303356187
2022-12-26,-1,0,1,0,0,0,0,0.0153726201141028,Train,-1,基础-1,-0.0153726201141028
2022-12-27,-1,0,1,0,0,0,0,0.0019975743946789,Train,-1,基础-1,-0.0019975743946789
2022-12-28,0,0,0,0,1,0,0,-0.0043466552502756,Train,1,0转+1持有,-0.0043466552502756
2022-12-29,0,0,0,1,1,0,0,0.0053620645279723,Train,0,零段同日冲突置0,0.0
2022-12-30,0,0,0,1,1,0,0,-0.0023366210695672,Train,0,零段同日冲突置0,-0.0
2023-01-03,0,0,0,1,1,0,0,0.0155173620958712,Val,0,零段同日冲突置0,0.0
2023-01-04,0,0,0,0,1,0,0,0.0011644842973872,Val,1,0转+1持有,0.0011644842973872
2023-01-05,0,0,0,0,1,0,0,0.0075066309107212,Val,1,0转+1持有,0.0075066309107212
2023-01-06,0,0,0,0,1,0,0,0.0040348436989601,Val,1,0转+1持有,0.0040348436989601
2023-01-09,0,0,0,0,0,0,0,0.0026942476767046,Val,0,基础0,0.0
2023-01-10,0,0,0,0,0,0,0,0.0007276362649164,Val,0,基础0,0.0
2023-01-11,0,0,0,0,0,0,0,-0.0043772735945029,Val,0,基础0,-0.0
2023-01-12,0,0,0,0,0,0,0,0.001389608174994,Val,0,基础0,0.0
2023-01-13,0,0,0,0,0,0,0,0.0062977849187437,Val,0,基础0,0.0
2023-01-16,1,0,0,0,0,0,0,0.0100220607929444,Val,1,基础+1,0.0100220607929444
2023-01-17,1,0,0,0,0,0,0,0.0016243281009968,Val,1,基础+1,0.0016243281009968
2023-01-18,1,0,0,0,0,0,0,0.0009658303336168,Val,1,基础+1,0.0009658303336168
2023-01-19,1,0,0,0,0,0,0,0.0111305267420407,Val,1,基础+1,0.0111305267420407
2023-01-20,1,0,0,0,0,0,0,0.0189652919168286,Val,1,基础+1,0.0189652919168286
2023-01-30,1,0,0,0,0,0,0,-0.0103571676128395,Val,1,基础+1,-0.0103571676128395
2023-01-31,1,0,0,0,0,0,0,0.0054584242722286,Val,1,基础+1,0.0054584242722286
2023-02-01,1,0,0,0,0,0,0,0.0131415449476173,Val,1,基础+1,0.0131415449476173
2023-02-02,1,0,0,0,0,0,0,-0.0044780143430558,Val,1,基础+1,-0.0044780143430558
2023-02-03,1,0,0,0,0,0,0,-0.0063124797050252,Val,1,基础+1,-0.0063124797050252
2023-02-06,1,0,0,0,0,0,0,-0.0008517721511871,Val,1,基础+1,-0.0008517721511871
2023-02-07,1,0,0,0,0,0,0,0.0016318179634509,Val,1,基础+1,0.0016318179634509
2023-02-08,1,0,0,0,0,0,0,-0.0100013982082554,Val,1,基础+1,-0.0100013982082554
2023-02-09,1,0,0,0,0,0,0,0.0148149571303377,Val,1,基础+1,0.0148149571303377
2023-02-10,1,0,0,0,0,0,0,-0.0024854310113811,Val,1,基础+1,-0.0024854310113811
2023-02-13,1,0,0,0,0,0,0,0.0096949428279715,Val,1,基础+1,0.0096949428279715
2023-02-14,1,0,0,0,0,0,0,0.0006652311264925,Val,1,基础+1,0.0006652311264925
2023-02-15,1,0,0,0,0,0,0,-0.0022908719792631,Val,1,基础+1,-0.0022908719792631
2023-02-16,1,0,0,0,0,0,0,-0.0155527355792949,Val,1,基础+1,-0.0155527355792949
2023-02-17,0,0,0,1,0,1,0,-0.005834121264025,Val,-1,0转-1持有,0.005834121264025
2023-02-20,0,0,0,1,0,0,0,0.0162687969466037,Val,-1,0转-1持有,-0.0162687969466037
2023-02-21,0,0,0,0,0,0,0,0.0003339261451555,Val,0,基础0,0.0
2023-02-22,0,0,0,0,0,0,0,0.0039774701857004,Val,0,基础0,0.0
2023-02-23,0,0,0,0,0,0,0,-0.0015149689307806,Val,0,基础0,-0.0
2023-02-24,0,0,0,0,0,0,0,-0.0076938816383379,Val,0,基础0,-0.0
2023-02-27,0,0,0,0,0,0,0,0.0008233418229777,Val,0,基础0,0.0
2023-02-28,0,0,0,0,0,0,0,0.005164866792918,Val,0,基础0,0.0
2023-03-01,0,0,0,0,0,0,0,0.0065685167954363,Val,0,基础0,0.0
2023-03-02,0,0,0,0,0,0,0,-0.0022182137342637,Val,0,基础0,-0.0
2023-03-03,0,0,0,0,0,0,0,0.0021990225786596,Val,0,基础0,0.0
2023-03-06,0,0,0,0,0,0,0,-0.001295915509197,Val,0,基础0,-0.0
2023-03-07,0,0,0,0,0,0,0,-0.0196217700276546,Val,0,基础0,-0.0
2023-03-08,0,0,0,1,0,1,0,0.0074405634413914,Val,-1,0转-1持有,-0.0074405634413914
2023-03-09,0,0,0,1,0,0,0,-0.009425130783466,Val,-1,0转-1持有,0.009425130783466
2023-03-10,0,0,0,0,0,0,0,-0.0098509651990863,Val,0,基础0,-0.0
2023-03-13,0,0,0,0,0,0,0,0.0077148116936993,Val,0,基础0,0.0
2023-03-14,0,0,0,0,0,0,0,-0.0042968511657107,Val,0,基础0,-0.0
2023-03-15,-1,0,0,0,0,0,0,-0.0031609608097211,Val,-1,基础-1,0.0031609608097211
2023-03-16,-1,0,0,0,0,0,0,-0.0027625236107694,Val,-1,基础-1,0.0027625236107694
2023-03-17,-1,0,0,0,0,0,0,0.0034269585951807,Val,-1,基础-1,-0.0034269585951807
2023-03-20,-1,0,0,0,0,0,0,-0.0037875176910892,Val,-1,基础-1,0.0037875176910892
2023-03-21,-1,0,0,0,0,0,0,0.0117430400848648,Val,-1,基础-1,-0.0117430400848648
2023-03-22,-1,0,0,0,0,0,0,0.0014757471711723,Val,-1,基础-1,-0.0014757471711723
2023-03-23,0,0,0,0,0,0,0,0.0094111572041948,Val,0,基础0,0.0
2023-03-24,0,0,0,0,0,0,0,-0.0012596732149523,Val,0,基础0,-0.0
2023-03-27,0,0,0,0,0,0,0,0.0016024955717197,Val,0,基础0,0.0
2023-03-28,0,0,0,0,0,0,0,-0.0045336650227414,Val,0,基础0,-0.0
2023-03-29,0,0,0,0,0,0,0,-0.0045043442014426,Val,0,基础0,-0.0
2023-03-30,0,0,0,0,0,0,0,0.0043486683269944,Val,0,基础0,0.0
2023-03-31,0,0,0,1,0,0,0,0.0098395790437204,Val,-1,0转-1持有,-0.0098395790437204
2023-04-03,0,0,0,1,0,0,0,0.0107339689137293,Val,-1,0转-1持有,-0.0107339689137293
2023-04-04,0,0,0,0,0,0,0,-0.0043007925229113,Val,0,基础0,-0.0
2023-04-06,1,0,0,0,0,0,0,0.0048583197010523,Val,1,基础+1,0.0048583197010523
2023-04-07,1,0,0,0,0,0,0,0.0088312718894019,Val,1,基础+1,0.0088312718894019
2023-04-10,1,0,0,0,0,0,0,-0.0107048998048862,Val,1,基础+1,-0.0107048998048862
2023-04-11,1,0,0,0,0,1,0,0.0015729761636638,Val,1,基础+1,0.0015729761636638
2023-04-12,1,0,0,0,0,0,0,0.0035007850580632,Val,1,基础+1,0.0035007850580632
2023-04-13,1,0,0,0,0,0,0,-0.0027728402933767,Val,1,基础+1,-0.0027728402933767
2023-04-14,1,0,0,0,0,0,0,0.0003979713259407,Val,1,基础+1,0.0003979713259407
2023-04-17,1,0,0,0,0,0,0,0.0040308479691522,Val,1,基础+1,0.0040308479691522
2023-04-18,1,0,0,0,0,0,0,-0.0006022711510351,Val,1,基础+1,-0.0006022711510351
2023-04-19,1,0,0,0,0,0,0,-0.0055959058058028,Val,1,基础+1,-0.0055959058058028
2023-04-20,1,0,0,0,0,0,0,0.0004222314237951,Val,1,基础+1,0.0004222314237951
2023-04-21,0,0,0,0,0,0,0,-0.025040919744116,Val,0,基础0,-0.0
2023-04-24,0,0,0,1,0,1,0,-0.0072540977082972,Val,-1,0转-1持有,0.0072540977082972
2023-04-25,-1,0,0,0,0,0,0,-0.0178040112811319,Val,-1,基础-1,0.0178040112811319
2023-04-26,-1,0,0,0,0,1,0,0.0053339110619972,Val,-1,基础-1,-0.0053339110619972
2023-04-27,-1,0,0,0,0,0,0,0.003916496851547,Val,-1,基础-1,-0.003916496851547
2023-04-28,-1,0,0,0,0,0,0,0.0116363703987842,Val,-1,基础-1,-0.0116363703987842
2023-05-04,-1,0,0,0,0,0,0,0.0052188847838903,Val,-1,基础-1,-0.0052188847838903
2023-05-05,0,0,0,0,1,0,0,-0.0084763755781042,Val,1,0转+1持有,-0.0084763755781042
2023-05-08,0,0,0,0,1,0,0,0.0064460537025721,Val,1,0转+1持有,0.0064460537025721
2023-05-09,0,0,0,0,1,0,0,-0.0120985095860154,Val,1,0转+1持有,-0.0120985095860154
2023-05-10,0,0,0,1,1,1,0,0.003005285469203,Val,0,零段同日冲突置0,0.0
2023-05-11,-1,0,0,0,0,0,0,-0.0075542682645494,Val,-1,基础-1,0.0075542682645494
2023-05-12,-1,0,0,0,0,0,0,-0.0072104625742905,Val,-1,基础-1,0.0072104625742905
2023-05-15,-1,0,0,0,0,0,0,0.0105819410443455,Val,-1,基础-1,-0.0105819410443455
2023-05-16,-1,0,0,0,0,0,0,-0.0099351384934327,Val,-1,基础-1,0.0099351384934327
2023-05-17,-1,0,0,0,0,0,0,0.0056643538395708,Val,-1,基础-1,-0.0056643538395708
2023-05-18,-1,0,0,0,0,0,0,-0.0025560462258391,Val,-1,基础-1,0.0025560462258391
2023-05-19,-1,0,1,0,0,0,0,-0.0008172025727257,Val,-1,基础-1,0.0008172025727257
2023-05-22,-1,0,1,0,0,0,0,0.0003876080289673,Val,-1,基础-1,-0.0003876080289673
2023-05-23,-1,0,1,0,0,0,0,-0.0133336037415113,Val,-1,基础-1,0.0133336037415113
2023-05-24,-1,0,1,0,0,0,0,-0.0053823924952869,Val,-1,基础-1,0.0053823924952869
2023-05-25,-1,0,1,0,0,0,0,-0.0028468962306325,Val,-1,基础-1,0.0028468962306325
2023-05-26,-1,0,1,0,0,0,0,0.0105975181880768,Val,-1,基础-1,-0.0105975181880768
2023-05-29,0,0,0,0,0,0,0,-0.0062979787574821,Val,0,基础0,-0.0
2023-05-30,0,0,0,1,0,0,0,0.0059179702573144,Val,-1,0转-1持有,-0.0059179702573144
2023-05-31,0,0,0,1,0,0,0,-0.0025176620858302,Val,-1,0转-1持有,0.0025176620858302
2023-06-01,0,0,0,0,0,0,0,0.0054916040384267,Val,0,基础0,0.0
2023-06-02,0,0,0,0,0,0,0,0.0066346239659407,Val,0,基础0,0.0
2023-06-05,0,0,0,0,0,0,0,-0.0022069344808234,Val,0,基础0,-0.0
2023-06-06,0,0,0,0,0,0,0,-0.0174675472651013,Val,0,基础0,-0.0
2023-06-07,0,0,0,0,0,0,0,-0.001769183250914,Val,0,基础0,-0.0
2023-06-08,0,0,0,1,0,0,0,-0.0005064868445793,Val,-1,0转-1持有,0.0005064868445793
2023-06-09,0,0,0,1,0,0,0,0.0051799050851959,Val,-1,0转-1持有,-0.0051799050851959
2023-06-12,0,0,0,0,0,0,0,0.002844898076334,Val,0,基础0,0.0
2023-06-13,0,0,0,0,0,0,0,0.0049448818641133,Val,0,基础0,0.0
2023-06-14,0,0,0,0,1,0,0,0.0005012538374871,Val,1,0转+1持有,0.0005012538374871
2023-06-15,0,0,0,0,1,0,0,0.0075007253116774,Val,1,0转+1持有,0.0075007253116774
2023-06-16,0,0,0,0,1,0,0,0.0088617694986992,Val,1,0转+1持有,0.0088617694986992
2023-06-19,0,0,0,0,1,0,0,-0.0042463191682456,Val,1,0转+1持有,-0.0042463191682456
2023-06-20,1,0,0,0,0,0,0,-0.0030211940239613,Val,1,基础+1,-0.0030211940239613
2023-06-21,1,0,0,0,0,0,0,-0.0256668521331739,Val,1,基础+1,-0.0256668521331739
2023-06-26,1,0,0,0,0,0,0,-0.0083858113481639,Val,1,基础+1,-0.0083858113481639
2023-06-27,1,0,0,0,0,0,0,0.0081302613353271,Val,1,基础+1,0.0081302613353271
2023-06-28,1,0,0,0,0,0,0,-0.0028484043597223,Val,1,基础+1,-0.0028484043597223
2023-06-29,0,0,0,0,0,0,0,0.000533404489915,Val,0,基础0,0.0
2023-06-30,0,0,0,0,0,0,0,0.0130478722111204,Val,0,基础0,0.0
2023-07-03,0,0,0,0,0,0,0,0.0055667330091708,Val,0,基础0,0.0
2023-07-04,0,0,0,0,0,0,0,0.0012617493206743,Val,0,基础0,0.0
2023-07-05,0,0,0,0,0,0,0,-0.0065601040575182,Val,0,基础0,-0.0
2023-07-06,0,0,0,0,0,0,0,-0.0061024295654158,Val,0,基础0,-0.0
2023-07-07,0,0,0,0,0,0,0,0.0011102656663011,Val,0,基础0,0.0
2023-07-10,0,0,0,0,0,0,0,0.001741026911928,Val,0,基础0,0.0
2023-07-11,0,0,0,1,0,0,0,0.0066138980290955,Val,-1,0转-1持有,-0.0066138980290955
2023-07-12,0,0,0,1,0,0,0,-0.0073612196055921,Val,-1,0转-1持有,0.0073612196055921
2023-07-13,0,0,0,1,0,0,0,0.0111418133129648,Val,-1,0转-1持有,-0.0111418133129648
2023-07-14,0,0,0,0,0,0,0,-0.006638862590874,Val,0,基础0,-0.0
2023-07-17,0,0,0,0,0,0,0,0.0005350450428394,Val,0,基础0,0.0
2023-07-18,0,0,0,0,0,0,0,-0.0029256404511456,Val,0,基础0,-0.0
2023-07-19,0,0,0,0,0,0,0,-0.0002572860781624,Val,0,基础0,-0.0
2023-07-20,0,0,0,0,0,0,0,-0.0137545653225916,Val,0,基础0,-0.0
2023-07-21,0,0,0,0,0,0,0,-0.0001324235895852,Val,0,基础0,-0.0
2023-07-24,0,0,0,0,0,0,0,0.0107206628739331,Val,0,基础0,0.0
2023-07-25,0,0,0,0,0,0,0,0.0063231220416544,Val,0,基础0,0.0
2023-07-26,0,0,0,0,0,0,0,-0.002645641105564,Val,0,基础0,-0.0
2023-07-27,0,0,0,0,0,0,0,-0.0088241268303409,Val,0,基础0,-0.0
2023-07-28,0,0,0,0,0,0,0,0.0190375612401654,Val,0,基础0,0.0
2023-07-31,0,0,0,0,0,0,0,0.0045862514188552,Val,0,基础0,0.0
2023-08-01,0,0,0,0,0,1,0,0.0002032726619283,Val,0,基础0,0.0
2023-08-02,0,0,0,0,0,0,0,-0.0041872918235804,Val,0,基础0,-0.0
2023-08-03,0,0,0,0,0,0,0,0.0104752503392622,Val,0,基础0,0.0
2023-08-04,0,0,0,0,0,0,0,-0.001683634799433,Val,0,基础0,-0.0
2023-08-07,0,0,0,0,0,0,0,-0.00630052845431,Val,0,基础0,-0.0
2023-08-08,0,0,0,0,0,0,0,-0.0045833158365375,Val,0,基础0,-0.0
2023-08-09,0,0,0,0,0,0,0,-0.0059673037990732,Val,0,基础0,-0.0
2023-08-10,0,0,0,0,0,0,0,0.0027763558951938,Val,0,基础0,0.0
2023-08-11,0,0,0,0,0,0,0,-0.0274563774835986,Val,0,基础0,-0.0
2023-08-14,0,0,0,0,0,0,0,0.0094273797851645,Val,0,基础0,0.0
2023-08-15,-1,0,0,0,0,0,0,-0.0103335454587347,Val,-1,基础-1,0.0103335454587347
2023-08-16,-1,0,0,0,0,0,0,-0.0084810584159353,Val,-1,基础-1,0.0084810584159353
2023-08-17,-1,0,0,0,0,0,0,0.0113963214610246,Val,-1,基础-1,-0.0113963214610246
2023-08-18,-1,0,0,0,0,0,0,-0.018798253247935,Val,-1,基础-1,0.018798253247935
2023-08-21,-1,0,0,0,0,0,0,-0.0054492471283559,Val,-1,基础-1,0.0054492471283559
2023-08-22,-1,0,1,0,0,0,0,-0.0001500892651761,Val,-1,基础-1,0.0001500892651761
2023-08-23,0,0,0,0,0,0,0,-0.0143107741210334,Val,0,基础0,-0.0
2023-08-24,0,0,0,0,0,0,0,-0.0045288447408999,Val,0,基础0,-0.0
2023-08-25,0,0,0,0,0,0,0,0.04642227396439,Val,0,基础0,0.0
2023-08-28,0,0,0,0,0,0,0,-0.043303314677796,Val,0,基础0,-0.0
2023-08-29,0,0,0,0,0,1,0,0.0265101475651063,Val,0,基础0,0.0
2023-08-30,0,0,0,0,0,0,0,-0.0016144014218816,Val,0,基础0,-0.0
2023-08-31,0,0,0,0,0,0,0,-0.0042523825050665,Val,0,基础0,-0.0
2023-09-01,0,0,0,0,0,0,0,0.0044573546822115,Val,0,基础0,0.0
2023-09-04,0,0,0,1,0,0,0,0.0083055923546853,Val,-1,0转-1持有,-0.0083055923546853
2023-09-05,0,0,0,1,1,0,0,-0.0082676933529532,Val,0,零段同日冲突置0,-0.0
2023-09-06,0,0,0,0,1,0,0,0.0017709403000667,Val,1,0转+1持有,0.0017709403000667
2023-09-07,0,0,0,0,1,0,0,-0.0168477361725745,Val,1,0转+1持有,-0.0168477361725745
2023-09-08,0,0,0,0,1,0,0,0.0067483945114144,Val,1,0转+1持有,0.0067483945114144
2023-09-11,0,0,0,1,0,0,0,0.0089896622902518,Val,-1,0转-1持有,-0.0089896622902518
2023-09-12,0,0,0,1,0,0,0,-0.0016697647597238,Val,-1,0转-1持有,0.0016697647597238
2023-09-13,0,0,0,0,0,0,0,-0.0086991899718154,Val,0,基础0,-0.0
2023-09-14,0,0,0,0,0,0,0,0.0002832882109058,Val,0,基础0,0.0
2023-09-15,0,0,0,0,0,0,0,-0.0053253037015924,Val,0,基础0,-0.0
2023-09-18,0,0,0,0,0,0,0,0.0048615047660307,Val,0,基础0,0.0
2023-09-19,0,0,0,0,0,0,0,-0.0062255420041097,Val,0,基础0,-0.0
2023-09-20,0,0,0,0,0,0,0,-0.0069540018044268,Val,0,基础0,-0.0
2023-09-21,0,0,0,0,0,0,0,-0.0056054328212661,Val,0,基础0,-0.0
2023-09-22,0,0,0,0,0,0,0,0.0157072224726011,Val,0,基础0,0.0
2023-09-25,0,0,0,0,0,0,0,-0.0059474942722899,Val,0,基础0,-0.0
2023-09-26,0,0,0,0,0,0,0,-0.0032939046574211,Val,0,基础0,-0.0
2023-09-27,0,0,0,0,0,0,0,0.008020703726502,Val,0,基础0,0.0
2023-09-28,0,0,0,0,1,0,0,-0.0014065409295955,Val,1,0转+1持有,-0.0014065409295955
2023-10-09,0,0,0,0,1,0,0,-0.0024612470238437,Val,1,0转+1持有,-0.0024612470238437
2023-10-10,0,0,0,1,1,0,0,-0.0046931848496015,Val,0,零段同日冲突置0,-0.0
2023-10-11,0,0,0,1,1,0,0,0.002933230753811,Val,0,零段同日冲突置0,0.0
2023-10-12,0,0,0,1,0,0,0,-0.0017993275317693,Val,-1,0转-1持有,0.0017993275317693
2023-10-13,0,0,0,0,0,0,0,-0.0021495945946855,Val,0,基础0,-0.0
2023-10-16,0,0,0,0,0,0,0,-0.0085485221347653,Val,0,基础0,-0.0
2023-10-17,0,0,0,0,0,0,0,0.000156808826156,Val,0,基础0,0.0
2023-10-18,0,0,0,0,0,0,0,-0.0159797477295374,Val,0,基础0,-0.0
2023-10-19,0,0,0,1,0,0,0,-0.0096969351421621,Val,-1,0转-1持有,0.0096969351421621
2023-10-20,0,0,0,1,0,0,0,-0.0078832459314402,Val,-1,0转-1持有,0.0078832459314402
2023-10-23,0,0,0,0,0,0,0,-0.01645652856131,Val,0,基础0,-0.0
2023-10-24,0,0,0,0,0,0,0,0.0140739369057871,Val,0,基础0,0.0
2023-10-25,0,0,0,0,0,0,0,-0.0065465864143113,Val,0,基础0,-0.0
2023-10-26,0,0,0,0,0,0,0,0.0067483276718847,Val,0,基础0,0.0
2023-10-27,0,0,0,0,1,0,0,0.018070325805952,Val,1,0转+1持有,0.018070325805952
2023-10-30,0,0,0,0,1,0,0,0.0114320143003423,Val,1,0转+1持有,0.0114320143003423
2023-10-31,0,0,0,0,1,0,0,-0.0022418015114062,Val,1,0转+1持有,-0.0022418015114062
2023-11-01,0,0,0,0,1,0,0,-0.0036804898122333,Val,1,0转+1持有,-0.0036804898122333
2023-11-02,0,0,0,0,1,0,0,-0.0094973318788451,Val,1,0转+1持有,-0.0094973318788451
2023-11-03,0,0,0,0,0,0,0,0.0159547056979822,Val,0,基础0,0.0
2023-11-06,0,0,0,0,0,0,0,0.0081408239023836,Val,0,基础0,0.0
2023-11-07,0,0,0,0,0,0,0,0.0015200733968083,Val,0,基础0,0.0
2023-11-08,1,0,0,0,0,0,0,-8.579377364936747e-05,Val,1,基础+1,-8.579377364936747e-05
2023-11-09,1,0,0,0,0,0,0,-0.0044895930202463,Val,1,基础+1,-0.0044895930202463
2023-11-10,1,0,0,0,0,0,0,0.0021017915521011,Val,1,基础+1,0.0021017915521011
2023-11-13,1,0,0,0,0,0,0,0.0024911883654128,Val,1,基础+1,0.0024911883654128
2023-11-14,1,0,0,0,0,0,0,0.013308518218037,Val,1,基础+1,0.013308518218037
2023-11-15,1,0,0,0,0,0,0,-0.0053700977338764,Val,1,基础+1,-0.0053700977338764
2023-11-16,1,0,0,0,0,0,0,-0.008519174388987,Val,1,基础+1,-0.008519174388987
2023-11-17,1,0,0,0,0,0,0,0.0065429554418476,Val,1,基础+1,0.0065429554418476
2023-11-20,0,0,0,0,0,0,0,0.0059582793748875,Val,0,基础0,0.0
2023-11-21,0,0,0,0,0,0,0,-0.0081676224246847,Val,0,基础0,-0.0
2023-11-22,1,0,0,0,0,0,0,-0.0099821594396376,Val,1,基础+1,-0.0099821594396376
2023-11-23,1,0,0,0,0,0,0,0.0094463841019001,Val,1,基础+1,0.0094463841019001
2023-11-24,1,0,0,0,0,0,0,-0.0100670745013982,Val,1,基础+1,-0.0100670745013982
2023-11-27,1,0,0,0,0,0,0,-0.0002107051898767,Val,1,基础+1,-0.0002107051898767
2023-11-28,1,0,0,0,0,0,0,0.0048902321131427,Val,1,基础+1,0.0048902321131427
2023-11-29,0,0,0,1,0,0,0,-0.0072019195480425,Val,-1,0转-1持有,0.0072019195480425
2023-11-30,0,0,0,1,0,0,0,-0.0013153047549223,Val,-1,0转-1持有,0.0013153047549223
2023-12-01,0,0,0,0,0,0,0,0.0067123232295525,Val,0,基础0,0.0
2023-12-04,0,0,0,0,0,0,0,-0.0063734169914225,Val,0,基础0,-0.0
2023-12-05,0,0,0,0,0,0,0,-0.0170325937287073,Val,0,基础0,-0.0
2023-12-06,0,0,0,0,0,0,0,0.0049207137983546,Val,0,基础0,0.0
2023-12-07,0,0,0,0,0,0,0,0.0017195688583488,Val,0,基础0,0.0
2023-12-08,0,0,0,0,0,0,0,-0.0020113286768137,Val,0,基础0,-0.0
2023-12-11,0,0,0,0,1,0,0,0.0158548825378246,Val,1,0转+1持有,0.0158548825378246
2023-12-12,0,0,0,0,1,0,0,-0.0006095206031973,Val,1,0转+1持有,-0.0006095206031973
2023-12-13,0,0,0,0,1,0,0,-0.0043296742012028,Val,1,0转+1持有,-0.0043296742012028
2023-12-14,0,0,0,0,1,0,0,-0.0060757246435156,Val,1,0转+1持有,-0.0060757246435156
2023-12-15,0,0,0,0,0,0,0,-0.0113431918700784,Val,0,基础0,-0.0
2023-12-18,0,0,0,0,0,0,0,-0.0103465727205471,Val,0,基础0,-0.0
2023-12-19,0,0,0,0,0,0,0,0.0009777475365539,Val,0,基础0,0.0
2023-12-20,-1,0,0,0,0,0,0,-0.0184817269438543,Val,-1,基础-1,0.0184817269438543
2023-12-21,-1,0,0,0,0,0,0,0.0096336048077301,Val,-1,基础-1,-0.0096336048077301
2023-12-22,-1,0,0,0,0,0,0,-0.0067087588486988,Val,-1,基础-1,0.0067087588486988
2023-12-25,-1,0,0,0,0,0,0,0.0021175600036478,Val,-1,基础-1,-0.0021175600036478
2023-12-26,-1,0,0,0,0,0,0,-0.0096427497674059,Val,-1,基础-1,0.0096427497674059
2023-12-27,-1,0,0,0,0,0,0,0.0036339914442644,Val,-1,基础-1,-0.0036339914442644
2023-12-28,0,0,0,0,0,0,0,0.0182336764147355,Val,0,基础0,0.0
2023-12-29,0,0,0,0,0,0,0,0.0101361047345414,Val,0,基础0,0.0
2024-01-02,0,0,0,0,0,0,0,-0.0061096625184038,Val,0,基础0,-0.0
2024-01-03,0,0,0,0,0,0,0,-0.0005837214605896,Val,0,基础0,-0.0
2024-01-04,0,0,0,0,1,0,0,-0.0089098846466121,Val,1,0转+1持有,-0.0089098846466121
2024-01-05,0,0,0,0,1,0,0,-0.0147442917692141,Val,1,0转+1持有,-0.0147442917692141
2024-01-08,0,0,0,0,1,0,0,-0.0174861256634789,Val,1,0转+1持有,-0.0174861256634789
2024-01-09,0,0,0,0,1,0,0,-0.0016191687008991,Val,1,0转+1持有,-0.0016191687008991
2024-01-10,0,0,0,0,1,0,0,-0.002974786675756,Val,1,0转+1持有,-0.002974786675756
2024-01-11,0,0,0,0,0,0,0,0.0117958783539733,Val,0,基础0,0.0
2024-01-12,0,0,0,0,0,0,0,-0.0045285029608667,Val,0,基础0,-0.0
2024-01-15,0,0,0,0,0,0,0,-0.0002232765720365,Val,0,基础0,-0.0
2024-01-16,-1,0,0,0,0,0,0,-0.0014347668242267,Val,-1,基础-1,0.0014347668242267
2024-01-17,-1,0,0,0,0,0,0,-0.0285319507900241,Val,-1,基础-1,0.0285319507900241
2024-01-18,-1,0,0,0,0,0,0,0.0046439143151286,Val,-1,基础-1,-0.0046439143151286
2024-01-19,-1,0,0,0,0,0,0,-0.0094524517220636,Val,-1,基础-1,0.0094524517220636
2024-01-22,-1,0,0,0,0,0,0,-0.0473546086110825,Val,-1,基础-1,0.0473546086110825
2024-01-23,-1,0,1,0,0,0,0,0.0240401318135781,Val,-1,基础-1,-0.0240401318135781
2024-01-24,-1,0,1,0,0,0,0,0.0092962968367447,Val,-1,基础-1,-0.0092962968367447
2024-01-25,0,0,0,0,1,0,0,0.0250749889392494,Val,1,0转+1持有,0.0250749889392494
2024-01-26,0,0,0,0,1,0,0,-0.0045846054501585,Val,1,0转+1持有,-0.0045846054501585
2024-01-29,0,0,0,0,1,0,0,-0.0265793008195188,Val,1,0转+1持有,-0.0265793008195188
2024-01-30,0,0,0,0,1,0,0,-0.022772615813374,Val,1,0转+1持有,-0.022772615813374
2024-01-31,-1,0,0,0,0,0,0,-0.0248391163322702,Val,-1,基础-1,0.0248391163322702
2024-02-01,-1,0,0,0,0,0,0,0.0038962383314546,Val,-1,基础-1,-0.0038962383314546
2024-02-02,-1,0,0,0,0,0,0,-0.033800133027467,Val,-1,基础-1,0.033800133027467
2024-02-05,-1,0,0,0,0,0,0,-0.0257108169780607,Val,-1,基础-1,0.0257108169780607
2024-02-06,-1,0,1,0,0,0,0,0.0912784627109752,Val,-1,基础-1,-0.0912784627109752
2024-02-07,0,0,0,0,0,0,0,0.0660265276707539,Val,0,基础0,0.0
2024-02-08,0,0,0,0,1,0,1,0.018187505709494,Val,1,0转+1持有,0.018187505709494
2024-02-19,0,0,0,0,1,0,1,-0.0225008798332384,Val,1,0转+1持有,-0.0225008798332384
2024-02-20,0,0,0,0,1,0,1,-0.0012053486828965,Val,1,0转+1持有,-0.0012053486828965
2024-02-21,0,0,0,0,1,0,1,0.0062995312689255,Val,1,0转+1持有,0.0062995312689255
2024-02-22,0,0,0,0,1,0,1,0.0111226781603162,Val,1,0转+1持有,0.0111226781603162
2024-02-23,0,0,0,0,1,0,1,0.0007880328435381,Val,1,0转+1持有,0.0007880328435381
2024-02-26,0,0,0,0,1,0,0,-0.0038341883333072,Val,1,0转+1持有,-0.0038341883333072
2024-02-27,1,0,0,0,0,0,0,0.0263981966211226,Val,1,基础+1,0.0263981966211226
2024-02-28,1,0,0,0,0,0,0,-0.0296109972590596,Val,1,基础+1,-0.0296109972590596
2024-02-29,1,0,0,0,0,1,0,0.0381649640802952,Val,1,基础+1,0.0381649640802952
2024-03-01,1,0,0,0,0,0,1,0.0067442472668768,Val,1,基础+1,0.0067442472668768
2024-03-04,1,0,0,0,0,0,1,-0.0053320582999923,Val,1,基础+1,-0.0053320582999923
2024-03-05,1,0,0,0,0,0,1,-0.0047381027947971,Val,1,基础+1,-0.0047381027947971
2024-03-06,1,0,0,0,0,0,0,0.004031797134161,Val,1,基础+1,0.004031797134161
2024-03-07,1,0,0,0,0,0,0,-0.0134332307304642,Val,1,基础+1,-0.0134332307304642
2024-03-08,0,0,0,0,0,1,0,0.0113149350437302,Val,0,基础0,0.0
2024-03-11,0,0,0,0,0,0,0,0.0194115216457226,Val,0,基础0,0.0
2024-03-12,0,0,0,0,0,0,0,-0.0029075019974741,Val,0,基础0,-0.0
2024-03-13,0,0,0,0,1,0,0,-0.0027428508540363,Val,1,0转+1持有,-0.0027428508540363
2024-03-14,0,0,0,0,1,0,0,-0.0064875212411017,Val,1,0转+1持有,-0.0064875212411017
2024-03-15,0,0,0,0,1,0,0,0.0171552739869504,Val,1,0转+1持有,0.0171552739869504
2024-03-18,0,0,0,0,1,0,0,0.0077179954581194,Val,1,0转+1持有,0.0077179954581194
2024-03-19,0,0,0,0,1,0,0,-0.0081500757088067,Val,1,0转+1持有,-0.0081500757088067
2024-03-20,0,0,0,0,0,0,0,0.0065987385563055,Val,0,基础0,0.0
2024-03-21,0,0,0,1,0,0,0,-0.0093147490731648,Val,-1,0转-1持有,0.0093147490731648
2024-03-22,0,0,0,1,0,0,0,-0.0155173764486501,Val,-1,0转-1持有,0.0155173764486501
2024-03-25,0,0,0,0,0,0,0,-0.0145729353594462,Val,0,基础0,-0.0
2024-03-26,0,0,0,0,0,0,0,-0.0020390161040035,Val,0,基础0,-0.0
2024-03-27,0,0,0,0,0,0,0,-0.0235294788231299,Val,0,基础0,-0.0
2024-03-28,0,0,0,0,0,0,0,0.0124255492646794,Val,0,基础0,0.0
2024-03-29,0,0,0,0,1,0,0,0.0171016576713225,Val,1,0转+1持有,0.0171016576713225
2024-04-01,0,0,0,0,1,0,0,0.0161301886641431,Val,1,0转+1持有,0.0161301886641431
2024-04-02,0,0,0,0,1,0,0,-0.0040735941045183,Val,1,0转+1持有,-0.0040735941045183
2024-04-03,0,0,0,0,1,0,0,-0.002706912499392,Val,1,0转+1持有,-0.002706912499392
2024-04-08,0,0,0,0,1,0,0,-0.0120326037354474,Val,1,0转+1持有,-0.0120326037354474
2024-04-09,0,0,0,1,1,0,0,0.0077922561641294,Val,0,零段同日冲突置0,0.0
2024-04-10,0,0,0,1,1,0,0,-0.0171814909232104,Val,0,零段同日冲突置0,-0.0
2024-04-11,0,0,0,0,0,0,0,0.0121410067752156,Val,0,基础0,0.0
2024-04-12,0,0,0,0,0,0,0,-0.0070992784570028,Val,0,基础0,-0.0
2024-04-15,0,0,0,0,0,0,0,0.0074115165886263,Val,0,基础0,0.0
2024-04-16,0,0,0,0,0,0,0,-0.0184309752659607,Val,0,基础0,-0.0
2024-04-17,0,0,0,0,0,1,0,0.0204461556487633,Val,0,基础0,0.0
2024-04-18,0,0,0,0,0,0,0,0.0008575352966544,Val,0,基础0,0.0
2024-04-19,0,0,0,0,1,0,0,-0.0061912774463832,Val,1,0转+1持有,-0.0061912774463832
2024-04-22,0,0,0,0,1,0,0,-0.005981880840849,Val,1,0转+1持有,-0.005981880840849
2024-04-23,0,0,0,0,1,0,0,-0.0090500223859333,Val,1,0转+1持有,-0.0090500223859333
2024-04-24,0,0,0,0,1,0,0,0.0058152658780841,Val,1,0转+1持有,0.0058152658780841
2024-04-25,0,0,0,1,1,0,0,0.0034162890025928,Val,0,零段同日冲突置0,0.0
2024-04-26,0,0,0,1,1,0,0,0.0214566842171133,Val,0,零段同日冲突置0,0.0
2024-04-29,0,0,0,0,1,0,0,0.0186094677101009,Val,1,0转+1持有,0.0186094677101009
2024-04-30,0,0,0,0,1,0,0,0.0049855171682184,Val,1,0转+1持有,0.0049855171682184
2024-05-06,1,0,0,0,0,0,0,0.0061615247454906,Val,1,基础+1,0.0061615247454906
2024-05-07,1,0,0,0,0,0,0,-0.0028695540733975,Val,1,基础+1,-0.0028695540733975
2024-05-08,1,0,0,0,0,0,0,-0.0099860821666087,Val,1,基础+1,-0.0099860821666087
2024-05-09,1,0,0,0,0,0,0,0.0184630018896394,Val,1,基础+1,0.0184630018896394
2024-05-10,1,1,0,0,0,0,0,-0.0106189229568459,Val,1,基础+1,-0.0106189229568459
2024-05-13,1,1,0,0,0,0,0,0.0009699391724191,Val,1,基础+1,0.0009699391724191
2024-05-14,1,0,0,0,0,0,0,-0.0023435198287407,Val,1,基础+1,-0.0023435198287407
2024-05-15,1,0,0,0,0,0,0,-0.0062685910405698,Val,1,基础+1,-0.0062685910405698
2024-05-16,0,0,0,0,0,0,0,-0.0077731849163127,Val,0,基础0,-0.0
2024-05-17,0,0,0,0,1,0,0,0.0144192357608872,Val,1,0转+1持有,0.0144192357608872
2024-05-20,0,0,0,0,1,0,0,0.0026730871892077,Val,1,0转+1持有,0.0026730871892077
2024-05-21,0,0,0,0,1,0,0,-0.0071621366282524,Val,1,0转+1持有,-0.0071621366282524
2024-05-22,0,0,0,0,1,0,0,-0.0042159098472374,Val,1,0转+1持有,-0.0042159098472374
2024-05-23,0,0,0,0,0,0,0,-0.0184311617435044,Val,0,基础0,-0.0
2024-05-24,0,0,0,0,0,0,0,-0.004236544383389,Val,0,基础0,-0.0
2024-05-27,0,0,0,0,0,0,0,0.0070372230480058,Val,0,基础0,0.0
2024-05-28,0,0,0,0,0,0,0,-0.0102057863305073,Val,0,基础0,-0.0
2024-05-29,0,0,0,0,0,0,0,0.0014703142621783,Val,0,基础0,0.0
2024-05-30,0,0,0,0,0,0,0,-0.0010677341462544,Val,0,基础0,-0.0
2024-05-31,-1,0,0,0,0,0,0,-0.0018707249925989,Val,-1,基础-1,0.0018707249925989
2024-06-03,-1,0,0,0,0,0,0,-0.0070859856675242,Val,-1,基础-1,0.0070859856675242
2024-06-04,-1,0,0,0,0,0,0,0.0124718575620244,Val,-1,基础-1,-0.0124718575620244
2024-06-05,-1,0,0,0,0,0,0,-0.0070084305713119,Val,-1,基础-1,0.0070084305713119
2024-06-06,-1,0,0,0,0,0,0,-0.008385982343677,Val,-1,基础-1,0.008385982343677
2024-06-07,0,0,0,0,0,0,0,-0.0123368584622246,Val,0,基础0,-0.0
2024-06-11,0,0,0,0,0,0,0,0.0051561889250468,Val,0,基础0,0.0
2024-06-12,0,0,0,0,0,0,0,0.004372165939892,Val,0,基础0,0.0
2024-06-13,0,0,0,1,0,0,0,-0.0098665504465138,Val,-1,0转-1持有,0.0098665504465138
2024-06-14,0,0,0,1,0,0,0,0.0017364476230832,Val,-1,0转-1持有,-0.0017364476230832
2024-06-17,0,0,0,0,0,0,0,0.0036023659526054,Val,0,基础0,0.0
2024-06-18,0,0,0,0,0,0,0,0.0052799957265561,Val,0,基础0,0.0
2024-06-19,0,0,0,0,0,0,0,-0.0140034836948343,Val,0,基础0,-0.0
2024-06-20,0,0,0,0,0,0,0,-0.0159309834763189,Val,0,基础0,-0.0
2024-06-21,0,0,0,0,0,0,1,-0.0014015567874989,Val,0,基础0,-0.0
2024-06-24,0,0,0,1,0,0,1,-0.0165059639219566,Val,-1,0转-1持有,0.0165059639219566
2024-06-25,0,0,0,1,0,0,0,-0.0094017698243757,Val,-1,0转-1持有,0.0094017698243757
2024-06-26,-1,0,0,0,0,0,0,0.0114986848274516,Val,-1,基础-1,-0.0114986848274516
2024-06-27,-1,0,0,0,0,0,1,-0.0168682552424151,Val,-1,基础-1,0.0168682552424151
2024-06-28,-1,0,0,0,0,0,0,0.0059245898803403,Val,-1,基础-1,-0.0059245898803403
2024-07-01,-1,0,0,0,0,0,0,0.0114869438036233,Val,-1,基础-1,-0.0114869438036233
2024-07-02,-1,0,0,0,0,0,0,-0.0110339895464436,Val,-1,基础-1,0.0110339895464436
2024-07-03,0,0,0,0,0,0,0,-0.0056533350976668,Val,0,基础0,-0.0
2024-07-04,0,0,0,0,0,0,0,-0.0180131480570362,Val,0,基础0,-0.0
2024-07-05,-1,0,0,0,0,0,0,0.0058319528150603,Val,-1,基础-1,-0.0058319528150603
2024-07-08,-1,0,0,0,0,0,0,-0.0168233452394568,Val,-1,基础-1,0.0168233452394568
2024-07-09,-1,0,0,0,0,0,0,0.0172072277313082,Val,-1,基础-1,-0.0172072277313082
2024-07-10,-1,0,0,0,0,0,0,0.0093314994617581,Val,-1,基础-1,-0.0093314994617581
2024-07-11,-1,0,0,0,0,0,0,0.0049299477324293,Val,-1,基础-1,-0.0049299477324293
2024-07-12,-1,0,1,0,0,0,0,-0.0047625714504452,Val,-1,基础-1,0.0047625714504452
2024-07-15,0,0,0,0,0,0,0,-0.0052850035508194,Val,0,基础0,-0.0
2024-07-16,0,0,0,0,0,0,0,0.0032419010903106,Val,0,基础0,0.0
2024-07-17,0,0,0,0,0,0,0,-0.0145672130684557,Val,0,基础0,-0.0
2024-07-18,0,0,0,0,0,0,0,0.0064104240401798,Val,0,基础0,0.0
2024-07-19,0,0,0,0,0,0,0,0.0040374674673135,Val,0,基础0,0.0
2024-07-22,0,0,0,0,0,0,0,-0.0019836695380622,Val,0,基础0,-0.0
2024-07-23,0,0,0,0,0,0,0,-0.030985896377533,Val,0,基础0,-0.0
2024-07-24,0,0,0,1,0,0,0,-0.0144017756134123,Val,-1,0转-1持有,0.0144017756134123
2024-07-25,0,0,0,1,0,0,0,0.0056034102157431,Val,-1,0转-1持有,-0.0056034102157431
2024-07-26,0,0,0,0,0,0,0,0.014999144728417,Val,0,基础0,0.0
2024-07-29,0,0,0,0,1,0,0,-0.0096981984386032,Val,1,0转+1持有,-0.0096981984386032
2024-07-30,0,0,0,0,1,0,0,4.347617981426133e-05,Val,1,0转+1持有,4.347617981426133e-05
2024-07-31,0,0,0,0,1,0,0,0.0424182329765245,Val,1,0转+1持有,0.0424182329765245
2024-08-01,0,0,0,0,1,0,0,-0.0157204800805024,Val,1,0转+1持有,-0.0157204800805024
2024-08-02,0,0,0,0,0,0,0,-0.0126348759104566,Val,0,基础0,-0.0
2024-08-05,0,0,0,0,0,0,0,-0.0032845567737517,Val,0,基础0,-0.0
2024-08-06,0,0,0,0,0,0,0,0.0015876960642946,Val,0,基础0,0.0
2024-08-07,0,0,0,0,0,0,0,-0.0022931013424802,Val,0,基础0,-0.0
2024-08-08,0,0,0,0,0,0,0,0.0086897391727207,Val,0,基础0,0.0
2024-08-09,0,0,0,0,0,0,0,-0.0128281719810454,Val,0,基础0,-0.0
2024-08-12,0,0,0,0,0,0,0,-0.0006361511825253,Val,0,基础0,-0.0
2024-08-13,0,0,0,0,0,0,0,0.0033633719150512,Val,0,基础0,0.0
2024-08-14,0,0,0,1,0,0,0,-0.015459295169836,Val,-1,0转-1持有,0.015459295169836
2024-08-15,0,0,0,1,0,0,0,0.0100734963316257,Val,-1,0转-1持有,-0.0100734963316257
2024-08-16,0,0,0,0,0,0,0,-0.0079244337778251,Val,0,基础0,-0.0
2024-08-19,0,0,0,0,0,0,0,0.0038497056402431,Val,0,基础0,0.0
2024-08-20,0,0,0,0,0,0,0,-0.0203245747897847,Val,0,基础0,-0.0
2024-08-21,0,0,0,0,0,0,0,8.871042691827036e-05,Val,0,基础0,0.0
2024-08-22,0,0,0,0,0,0,0,-0.0142727884955374,Val,0,基础0,-0.0
2024-08-23,0,0,0,0,0,0,0,0.0041701456194416,Val,0,基础0,0.0
2024-08-26,0,0,0,1,0,0,0,-0.0022827708135347,Val,-1,0转-1持有,0.0022827708135347
2024-08-27,0,0,0,1,0,0,0,-0.0101610901796257,Val,-1,0转-1持有,0.0101610901796257
2024-08-28,0,0,0,0,0,0,0,-0.0006414229787236,Val,0,基础0,-0.0
2024-08-29,0,0,0,0,0,0,0,0.0164931681197328,Val,0,基础0,0.0
2024-08-30,0,0,0,0,0,0,0,0.0163244930654327,Val,0,基础0,0.0
2024-09-02,0,0,0,0,0,0,0,-0.0191455977582246,Val,0,基础0,-0.0
2024-09-03,0,0,0,0,0,1,0,0.0053851675853324,Val,0,基础0,0.0
2024-09-04,0,0,0,0,0,0,0,0.0038272991544208,Val,0,基础0,0.0
2024-09-05,0,0,0,0,0,0,0,0.0052722608161093,Val,0,基础0,0.0
2024-09-06,0,0,0,0,0,0,0,-0.0199108900990833,Val,0,基础0,-0.0
2024-09-09,0,0,0,0,0,0,0,-0.0018244781293502,Val,0,基础0,-0.0
2024-09-10,0,0,0,0,0,0,0,-0.0042438515612407,Val,0,基础0,-0.0
2024-09-11,0,0,0,0,0,0,0,0.0064143212575102,Val,0,基础0,0.0
2024-09-12,0,0,0,1,0,0,0,-0.0041144829720952,Val,-1,0转-1持有,0.0041144829720952
2024-09-13,0,0,0,1,0,0,0,-0.0111781079478159,Val,-1,0转-1持有,0.0111781079478159
2024-09-18,0,0,0,0,0,0,0,0.0070503084320336,Val,0,基础0,0.0
2024-09-19,0,0,0,0,0,0,0,0.0074744109820374,Val,0,基础0,0.0
2024-09-20,0,0,0,0,0,0,0,-0.0042479447989769,Val,0,基础0,-0.0
2024-09-23,0,0,0,0,0,0,0,0.0063261318029206,Val,0,基础0,0.0
2024-09-24,0,0,0,0,1,0,0,0.0484973834392807,Val,1,0转+1持有,0.0484973834392807
2024-09-25,0,0,0,0,1,0,0,-0.0037183093983446,Val,1,0转+1持有,-0.0037183093983446
2024-09-26,1,0,0,0,0,1,0,0.0637470704587985,Val,1,基础+1,0.0637470704587985
2024-09-27,1,0,0,0,0,0,0,0.08404660395423,Val,1,基础+1,0.08404660395423
2024-09-30,1,0,0,0,0,0,0,0.1776262012644196,Val,1,基础+1,0.1776262012644196
2024-10-08,1,0,0,0,0,0,0,-0.0629673417469767,Val,1,基础+1,-0.0629673417469767
2024-10-09,1,1,0,0,0,1,0,-0.0407553983183235,Val,1,基础+1,-0.0407553983183235
2024-10-10,1,1,0,0,0,1,0,-0.0205529383357419,Val,1,基础+1,-0.0205529383357419
2024-10-11,1,1,0,0,0,1,0,-0.0259117584966699,Val,1,基础+1,-0.0259117584966699
2024-10-14,1,1,0,0,0,1,0,0.0135573760820122,Val,1,基础+1,0.0135573760820122
2024-10-15,1,1,0,0,0,0,0,-0.033091925367208,Val,1,基础+1,-0.033091925367208
2024-10-16,1,1,0,0,0,1,0,0.0196712599373745,Val,1,基础+1,0.0196712599373745
2024-10-17,0,0,0,0,0,0,0,-0.0152250116682239,Val,0,基础0,-0.0
2024-10-18,0,0,0,0,0,1,0,0.0488425668246157,Val,0,基础0,0.0
2024-10-21,0,0,0,0,0,0,0,0.0040057284444672,Val,0,基础0,0.0
2024-10-22,0,0,0,0,0,0,0,0.0073268382154141,Val,0,基础0,0.0
2024-10-23,0,0,0,0,1,0,0,0.0004265891031549,Val,1,0转+1持有,0.0004265891031549
2024-10-24,1,0,0,0,0,0,0,-0.0021352373722147,Val,1,基础+1,-0.0021352373722147
2024-10-25,1,0,0,0,0,0,0,0.0141308227508751,Val,1,基础+1,0.0141308227508751
2024-10-28,1,0,0,0,0,0,0,0.014953915266425,Val,1,基础+1,0.014953915266425
2024-10-29,1,0,0,0,0,0,0,-0.0185445055241498,Val,1,基础+1,-0.0185445055241498
2024-10-30,1,0,0,0,0,0,0,0.0079643308990322,Val,1,基础+1,0.0079643308990322
2024-10-31,1,0,0,0,0,0,0,0.0091340434480506,Val,1,基础+1,0.0091340434480506
2024-11-01,1,1,0,0,0,0,0,-0.0098293335273609,Val,1,基础+1,-0.0098293335273609
2024-11-04,1,0,0,0,0,0,0,0.015504254572932,Val,1,基础+1,0.015504254572932
2024-11-05,0,0,0,0,1,0,0,0.0352789665212094,Val,1,0转+1持有,0.0352789665212094
2024-11-06,0,0,0,0,1,0,0,-0.0119298470155356,Val,1,0转+1持有,-0.0119298470155356
2024-11-07,1,0,0,0,0,0,0,0.0404279804450042,Val,1,基础+1,0.0404279804450042
2024-11-08,1,0,0,0,0,0,0,-0.0151845343531343,Val,1,基础+1,-0.0151845343531343
2024-11-11,1,0,0,0,0,0,0,0.0222501964568597,Val,1,基础+1,0.0222501964568597
2024-11-12,1,0,0,0,0,0,1,-0.0181237424163043,Val,1,基础+1,-0.0181237424163043
2024-11-13,1,1,0,0,0,0,1,0.0010348791786258,Val,1,基础+1,0.0010348791786258
2024-11-14,0,0,0,0,0,0,1,-0.0296563830714414,Val,0,基础0,-0.0
2024-11-15,0,0,0,0,0,0,1,-0.0189990136957995,Val,0,基础0,-0.0
2024-11-18,0,0,0,0,0,1,1,-0.0174860098151562,Val,0,基础0,-0.0
2024-11-19,0,0,0,1,0,0,1,0.0143425873111155,Val,-1,0转-1持有,-0.0143425873111155
2024-11-20,0,0,0,1,0,0,1,0.0089238038013095,Val,-1,0转-1持有,-0.0089238038013095
2024-11-21,0,0,0,1,0,0,1,-0.0006829556917384,Val,-1,0转-1持有,0.0006829556917384
2024-11-22,0,0,0,0,1,0,1,-0.0359399051306992,Val,1,0转+1持有,-0.0359399051306992
2024-11-25,0,0,0,0,1,1,1,-0.0047221612028456,Val,1,0转+1持有,-0.0047221612028456
2024-11-26,0,0,0,0,1,0,1,-0.0100951162010844,Val,1,0转+1持有,-0.0100951162010844
2024-11-27,0,0,0,0,1,0,1,0.0235013334115521,Val,1,0转+1持有,0.0235013334115521
2024-11-28,0,0,0,0,1,0,1,-0.0094145116570507,Val,1,0转+1持有,-0.0094145116570507
2024-11-29,0,0,0,0,1,0,1,0.0183604284948948,Val,1,0转+1持有,0.0183604284948948
2024-12-02,0,0,0,0,1,0,0,0.0158924809556095,Val,1,0转+1持有,0.0158924809556095
2024-12-03,0,0,0,0,0,0,0,-0.0029022479427029,Val,0,基础0,-0.0
2024-12-04,0,0,0,0,0,0,0,-0.0124352297352129,Val,0,基础0,-0.0
2024-12-05,0,0,0,0,0,0,0,0.0081555677855269,Val,0,基础0,0.0
2024-12-06,0,0,0,1,0,0,0,0.0135234210600669,Val,-1,0转-1持有,-0.0135234210600669
2024-12-09,0,0,0,1,0,0,0,0.0248952661729096,Val,-1,0转-1持有,-0.0248952661729096
2024-12-10,0,0,0,1,1,0,0,-0.0259226119569342,Val,0,零段同日冲突置0,-0.0
2024-12-11,0,0,0,0,1,0,0,0.012632057918821,Val,1,0转+1持有,0.012632057918821
2024-12-12,0,0,0,0,1,0,0,0.002839051184756,Val,1,0转+1持有,0.002839051184756
2024-12-13,0,0,0,0,1,0,0,-0.0136490315076892,Val,1,0转+1持有,-0.0136490315076892
2024-12-16,0,0,0,0,0,0,0,-0.0144057994239098,Val,0,基础0,-0.0
2024-12-17,0,0,0,0,0,0,0,-0.0060548407964798,Val,0,基础0,-0.0
2024-12-18,0,0,0,0,0,0,0,-0.0054594552873113,Val,0,基础0,-0.0
2024-12-19,0,0,0,0,0,0,0,0.0104100465117109,Val,0,基础0,0.0
2024-12-20,0,0,0,0,0,0,0,0.0047110618671206,Val,0,基础0,0.0
2024-12-23,0,0,0,1,0,0,0,-0.0152988987821759,Val,-1,0转-1持有,0.0152988987821759
2024-12-24,0,0,0,1,0,0,0,0.0118874037380509,Val,-1,0转-1持有,-0.0118874037380509
2024-12-25,0,0,0,1,0,0,0,-0.0111437438538016,Val,-1,0转-1持有,0.0111437438538016
2024-12-26,0,0,0,0,0,0,0,0.0106287194798475,Val,0,基础0,0.0
2024-12-27,0,0,0,0,1,0,0,-0.0003786044017249,Val,1,0转+1持有,-0.0003786044017249
2024-12-30,0,0,0,0,1,0,0,0.0019641409191022,Val,1,0转+1持有,0.0019641409191022
2024-12-31,0,0,0,0,1,0,0,-0.0311955727797524,Val,1,0转+1持有,-0.0311955727797524
2025-01-02,0,0,0,0,1,1,0,-0.0288856479643446,Test,1,0转+1持有,-0.0288856479643446
2025-01-03,0,0,0,0,0,0,0,-0.0237152221872044,Test,0,基础0,-0.0
2025-01-06,0,0,0,0,0,0,1,0.0014955732040342,Test,0,基础0,0.0
2025-01-07,0,0,0,0,0,0,1,0.0061061050385777,Test,0,基础0,0.0
2025-01-08,0,0,0,0,0,0,1,-0.004487320781411,Test,0,基础0,-0.0
2025-01-09,0,0,0,0,0,0,0,0.0020575551993993,Test,0,基础0,0.0
2025-01-10,0,0,0,0,0,0,0,-0.0237291368653347,Test,0,基础0,-0.0
2025-01-13,0,0,0,0,0,0,0,0.0139221538622855,Test,0,基础0,0.0
2025-01-14,0,0,0,0,1,0,0,0.0307420811778345,Test,1,0转+1持有,0.0307420811778345
2025-01-15,0,0,0,0,1,0,0,-0.0023165065481132,Test,1,0转+1持有,-0.0023165065481132
2025-01-16,0,0,0,0,1,0,0,-0.0040555107030583,Test,1,0转+1持有,-0.0040555107030583
2025-01-17,0,0,0,0,1,0,0,0.0176893688775126,Test,1,0转+1持有,0.0176893688775126
2025-01-20,0,0,0,1,1,0,0,0.0031446525777907,Test,0,零段同日冲突置0,0.0
2025-01-21,0,0,0,1,0,0,0,-0.0058082981965558,Test,-1,0转-1持有,0.0058082981965558
2025-01-22,0,0,0,1,0,0,0,0.00936734997879,Test,-1,0转-1持有,-0.00936734997879
2025-01-23,0,0,0,0,0,0,0,-0.0157064343839776,Test,0,基础0,-0.0
2025-01-24,0,0,0,0,0,0,0,0.0161574586032084,Test,0,基础0,0.0
2025-01-27,0,0,0,0,0,0,0,-0.0030580596206177,Test,0,基础0,-0.0
2025-02-05,0,0,0,0,0,0,0,-0.0064332582154508,Test,0,基础0,-0.0
2025-02-06,0,0,0,0,1,0,0,0.0255789740255647,Test,1,0转+1持有,0.0255789740255647
2025-02-07,0,0,0,0,1,0,0,0.0187736313135025,Test,1,0转+1持有,0.0187736313135025
2025-02-10,1,0,0,0,0,0,0,0.0054846995493955,Test,1,基础+1,0.0054846995493955
2025-02-11,1,0,0,0,0,0,0,-0.0083205933369383,Test,1,基础+1,-0.0083205933369383
2025-02-12,1,0,0,0,0,0,0,0.0165785998737486,Test,1,基础+1,0.0165785998737486
2025-02-13,1,0,0,0,0,0,0,-0.007454982091048,Test,1,基础+1,-0.007454982091048
2025-02-14,1,0,0,0,0,0,0,0.0145760704284756,Test,1,基础+1,0.0145760704284756
2025-02-17,1,0,0,0,0,0,0,-0.0074157947181436,Test,1,基础+1,-0.0074157947181436
2025-02-18,1,0,0,0,0,0,0,-0.0169395353142405,Test,1,基础+1,-0.0169395353142405
2025-02-19,1,0,0,0,0,1,0,0.0182767999895525,Test,1,基础+1,0.0182767999895525
2025-02-20,1,1,0,0,0,0,0,0.004720480126646,Test,1,基础+1,0.004720480126646
2025-02-21,1,1,0,0,0,0,0,0.0146966666131738,Test,1,基础+1,0.0146966666131738
2025-02-24,1,1,0,0,0,0,0,-0.0149145997953803,Test,1,基础+1,-0.0149145997953803
2025-02-25,1,1,0,0,0,0,0,0.0038969761992582,Test,1,基础+1,0.0038969761992582
2025-02-26,1,1,0,0,0,0,0,0.0099988980500291,Test,1,基础+1,0.0099988980500291
2025-02-27,1,1,0,0,0,0,0,-0.0086392214296074,Test,1,基础+1,-0.0086392214296074
2025-02-28,1,1,0,0,0,0,0,-0.0203346078034584,Test,1,基础+1,-0.0203346078034584
2025-03-03,1,0,0,0,0,1,0,-0.0051874145606561,Test,1,基础+1,-0.0051874145606561
2025-03-04,1,0,0,0,0,0,0,0.01567644367147,Test,1,基础+1,0.01567644367147
2025-03-05,1,0,0,0,0,0,0,0.0072884650865503,Test,1,基础+1,0.0072884650865503
2025-03-06,1,0,0,0,0,0,0,0.0081937103727092,Test,1,基础+1,0.0081937103727092
2025-03-07,1,0,0,0,0,0,0,-0.0011112085414136,Test,1,基础+1,-0.0011112085414136
2025-03-10,1,0,0,0,0,0,0,-0.0129944944456135,Test,1,基础+1,-0.0129944944456135
2025-03-11,1,0,0,0,0,0,0,0.0208525821284117,Test,1,基础+1,0.0208525821284117
2025-03-12,1,0,0,0,0,0,0,-0.0058535757885279,Test,1,基础+1,-0.0058535757885279
2025-03-13,1,0,0,0,0,0,0,-0.006445423140903,Test,1,基础+1,-0.006445423140903
2025-03-14,1,0,0,0,0,0,0,0.0209604312013429,Test,1,基础+1,0.0209604312013429
2025-03-17,1,0,0,0,0,0,0,0.0010506067841227,Test,1,基础+1,0.0010506067841227
2025-03-18,1,0,0,0,0,0,0,-0.0014058683987101,Test,1,基础+1,-0.0014058683987101
2025-03-19,1,0,0,0,0,0,0,-0.003691210971129,Test,1,基础+1,-0.003691210971129
2025-03-20,1,0,0,0,0,0,0,-0.0091639282038227,Test,1,基础+1,-0.0091639282038227
2025-03-21,1,0,0,0,0,0,0,-0.0109195910395544,Test,1,基础+1,-0.0109195910395544
2025-03-24,1,0,0,0,0,1,0,-0.0006077635490069,Test,1,基础+1,-0.0006077635490069
2025-03-25,0,0,0,0,0,0,0,-0.0056224424216746,Test,0,基础0,-0.0
2025-03-26,0,0,0,0,0,0,0,-0.0005622106218688,Test,0,基础0,-0.0
2025-03-27,0,0,0,1,0,0,0,0.0037443132269416,Test,-1,0转-1持有,-0.0037443132269416
2025-03-28,0,0,0,1,0,0,0,-0.0113814905821837,Test,-1,0转-1持有,0.0113814905821837
2025-03-31,0,0,0,0,0,0,0,-0.0027201834020842,Test,0,基础0,-0.0
2025-04-01,0,0,0,0,0,0,0,0.0023761261905754,Test,0,基础0,0.0
2025-04-02,0,0,0,0,0,0,0,-0.0071837845806019,Test,0,基础0,-0.0
2025-04-03,0,0,0,1,0,0,0,-0.0545394497640071,Test,-1,0转-1持有,0.0545394497640071
2025-04-07,0,0,0,1,0,0,0,-0.0442086548144524,Test,-1,0转-1持有,0.0442086548144524
2025-04-08,0,0,0,1,0,1,0,-0.0056958118107185,Test,-1,0转-1持有,0.0056958118107185
2025-04-09,0,0,0,0,0,0,0,0.0542651509259384,Test,0,基础0,0.0
2025-04-10,0,0,0,0,0,0,0,-0.003680690728927,Test,0,基础0,-0.0
2025-04-11,0,0,0,0,0,0,0,0.0216879076302802,Test,0,基础0,0.0
2025-04-14,0,0,0,1,0,0,0,-0.0015582257820824,Test,-1,0转-1持有,0.0015582257820824
2025-04-15,0,0,0,1,0,0,0,-0.0062619727767135,Test,-1,0转-1持有,0.0062619727767135
2025-04-16,0,0,0,0,0,0,0,-0.0111250236123018,Test,0,基础0,-0.0
2025-04-17,0,0,0,0,0,0,0,0.0035053428795059,Test,0,基础0,0.0
2025-04-18,0,0,0,0,0,0,0,0.0017209405948108,Test,0,基础0,0.0
2025-04-21,0,0,0,0,0,0,0,0.0141061499617585,Test,0,基础0,0.0
2025-04-22,0,0,0,0,0,0,0,0.0023108155937494,Test,0,基础0,0.0
2025-04-23,0,0,0,0,0,0,0,-0.0026365128595776,Test,0,基础0,-0.0
2025-04-24,0,0,0,0,0,0,0,-0.0035297737059172,Test,0,基础0,-0.0
2025-04-25,0,0,0,0,0,0,0,0.0020088397214057,Test,0,基础0,0.0
2025-04-28,0,0,0,0,0,0,0,-0.0072359504806239,Test,0,基础0,-0.0
2025-04-29,0,0,0,0,0,0,0,0.0037493114355726,Test,0,基础0,0.0
2025-04-30,0,0,0,0,0,0,0,0.0114587811196968,Test,0,基础0,0.0
2025-05-06,0,0,0,0,0,0,0,0.0241282037522709,Test,0,基础0,0.0
2025-05-07,0,0,0,0,0,0,0,-0.0127359078801775,Test,0,基础0,-0.0
2025-05-08,0,0,0,0,0,0,0,0.0067563190546942,Test,0,基础0,0.0
2025-05-09,0,0,0,0,0,0,0,-0.0032933011532393,Test,0,基础0,-0.0
2025-05-12,0,0,0,0,0,0,0,0.0150565670785729,Test,0,基础0,0.0
2025-05-13,0,0,0,0,0,0,0,-0.0102697241867771,Test,0,基础0,-0.0
2025-05-14,0,0,0,0,0,0,0,0.0015064175912717,Test,0,基础0,0.0
2025-05-15,0,0,0,0,0,0,0,-0.0143513063639345,Test,0,基础0,-0.0
2025-05-16,0,0,0,0,0,0,0,0.0027530554800982,Test,0,基础0,0.0
2025-05-19,0,0,0,1,0,0,0,0.0007111537757529,Test,-1,0转-1持有,-0.0007111537757529
2025-05-20,0,0,0,1,0,0,0,0.0031768991922869,Test,-1,0转-1持有,-0.0031768991922869
2025-05-21,0,0,0,0,0,0,0,-0.00043499399175,Test,0,基础0,-0.0
2025-05-22,0,0,0,0,0,0,0,-0.007327635677705,Test,0,基础0,-0.0
2025-05-23,0,0,0,0,0,0,0,-0.0077108741054847,Test,0,基础0,-0.0
2025-05-26,0,0,0,0,0,0,0,0.0023166322446077,Test,0,基础0,0.0
2025-05-27,0,0,0,1,0,0,0,-0.0025461400076631,Test,-1,0转-1持有,0.0025461400076631
2025-05-28,0,0,0,1,0,0,0,-0.0026207583659619,Test,-1,0转-1持有,0.0026207583659619
2025-05-29,0,0,0,0,0,0,0,0.0120111654591497,Test,0,基础0,0.0
2025-05-30,0,0,0,0,1,0,0,-0.0089567661874596,Test,1,0转+1持有,-0.0089567661874596
2025-06-03,0,0,0,0,1,0,0,0.0075870123903662,Test,1,0转+1持有,0.0075870123903662
2025-06-04,0,0,0,0,1,0,0,0.0078048029329653,Test,1,0转+1持有,0.0078048029329653
2025-06-05,0,0,0,0,1,0,0,0.0047672806018181,Test,1,0转+1持有,0.0047672806018181
2025-06-06,0,0,0,0,1,0,0,0.0007593614928398,Test,1,0转+1持有,0.0007593614928398
2025-06-09,0,0,0,0,0,0,0,0.0064178965999601,Test,0,基础0,0.0
2025-06-10,0,0,0,0,0,0,0,-0.0088297962265081,Test,0,基础0,-0.0
2025-06-11,0,0,0,0,0,0,0,0.0038965335016911,Test,0,基础0,0.0
2025-06-12,0,0,0,0,0,0,0,0.000378656373579,Test,0,基础0,0.0
2025-06-13,0,0,0,0,0,0,0,-0.010055599399359,Test,0,基础0,-0.0
2025-06-16,0,0,0,1,0,0,0,0.00826079930894,Test,-1,0转-1持有,-0.00826079930894
2025-06-17,0,0,0,1,0,0,0,-0.0055680443275951,Test,-1,0转-1持有,0.0055680443275951
2025-06-18,0,0,0,0,0,0,0,-0.0011060327354192,Test,0,基础0,-0.0
2025-06-19,0,0,0,0,0,0,0,-0.0112868644266144,Test,0,基础0,-0.0
2025-06-20,0,0,0,0,0,0,0,-0.0098444016615648,Test,0,基础0,-0.0
2025-06-23,0,0,0,0,0,0,0,0.0125026515239847,Test,0,基础0,0.0
2025-06-24,0,0,0,0,0,0,0,0.0165881634613491,Test,0,基础0,0.0
2025-06-25,0,0,0,0,0,0,0,0.0156725629278879,Test,0,基础0,0.0
2025-06-26,0,0,0,0,0,0,0,-0.0030447017261785,Test,0,基础0,-0.0
2025-06-27,0,0,0,0,1,0,0,0.0046577127419731,Test,1,0转+1持有,0.0046577127419731
2025-06-30,1,0,0,0,0,0,0,0.0064871741458034,Test,1,基础+1,0.0064871741458034
2025-07-01,1,0,0,0,0,0,0,0.0011387124486184,Test,1,基础+1,0.0011387124486184
2025-07-02,1,0,0,0,0,0,0,-0.0044407292971409,Test,1,基础+1,-0.0044407292971409
2025-07-03,1,0,0,0,0,0,0,0.0036485453281134,Test,1,基础+1,0.0036485453281134
2025-07-04,1,0,0,0,0,0,0,-0.0027630757823112,Test,1,基础+1,-0.0027630757823112
2025-07-07,1,0,0,0,0,0,0,0.0002880502052919,Test,1,基础+1,0.0002880502052919
2025-07-08,1,0,0,0,0,0,0,0.0131360433786866,Test,1,基础+1,0.0131360433786866
2025-07-09,1,0,0,0,0,0,0,-0.0049625750238883,Test,1,基础+1,-0.0049625750238883
2025-07-10,1,0,0,0,0,0,0,0.0058575198979888,Test,1,基础+1,0.0058575198979888
2025-07-11,1,0,0,0,0,0,0,0.0079111252125774,Test,1,基础+1,0.0079111252125774
2025-07-14,1,0,0,0,0,0,0,-0.0024117968204552,Test,1,基础+1,-0.0024117968204552
2025-07-15,1,0,0,0,0,0,0,0.0001576937625344,Test,1,基础+1,0.0001576937625344
2025-07-16,1,0,0,0,0,0,0,-0.000973889109973,Test,1,基础+1,-0.000973889109973
2025-07-17,1,0,0,0,0,0,0,0.0130560746145214,Test,1,基础+1,0.0130560746145214
2025-07-18,1,0,0,0,0,0,0,0.0037417992256891,Test,1,基础+1,0.0037417992256891
2025-07-21,1,0,0,0,0,0,0,0.0084367432318965,Test,1,基础+1,0.0084367432318965
2025-07-22,1,0,0,0,0,0,0,0.0083660952220085,Test,1,基础+1,0.0083660952220085
2025-07-23,1,0,0,0,0,0,0,-0.0032732426449175,Test,1,基础+1,-0.0032732426449175
2025-07-24,1,0,0,0,0,0,0,0.0160978804725482,Test,1,基础+1,0.0160978804725482
2025-07-25,1,0,0,0,0,0,0,0.0012066770245386,Test,1,基础+1,0.0012066770245386
2025-07-28,1,1,0,0,0,0,0,0.0004596346899421,Test,1,基础+1,0.0004596346899421
2025-07-29,1,0,0,0,0,0,0,0.005905227463232,Test,1,基础+1,0.005905227463232
2025-07-30,1,0,0,0,0,0,0,-0.0074797013137304,Test,1,基础+1,-0.0074797013137304
2025-07-31,1,0,0,0,0,0,0,-0.0122043143122889,Test,1,基础+1,-0.0122043143122889
2025-08-01,1,0,0,0,0,1,0,-0.0049358544830974,Test,1,基础+1,-0.0049358544830974
2025-08-04,0,0,0,0,0,0,0,0.014000368283231,Test,0,基础0,0.0
2025-08-05,0,0,0,1,0,0,0,0.0034917413086106,Test,-1,0转-1持有,-0.0034917413086106
2025-08-06,0,0,0,1,0,0,0,0.0091131522658349,Test,-1,0转-1持有,-0.0091131522658349
2025-08-07,0,0,0,0,0,0,0,-0.0050591440139015,Test,0,基础0,-0.0
2025-08-08,0,0,0,0,0,0,0,0.0017792203270288,Test,0,基础0,0.0
2025-08-11,0,0,0,0,0,0,0,0.0089931432716283,Test,0,基础0,0.0
2025-08-12,0,0,0,0,1,0,0,0.0047535808174519,Test,1,0转+1持有,0.0047535808174519
2025-08-13,0,0,0,1,1,0,0,0.0134551518577856,Test,0,零段同日冲突置0,0.0
2025-08-14,0,0,0,1,1,0,0,-0.0141061082925827,Test,0,零段同日冲突置0,-0.0
2025-08-15,0,0,0,1,1,1,0,0.0304795148070269,Test,0,零段同日冲突置0,0.0
2025-08-18,0,0,0,0,1,0,0,0.0075864649258843,Test,1,0转+1持有,0.0075864649258843
2025-08-19,1,0,0,0,0,0,0,-0.0059346042724192,Test,1,基础+1,-0.0059346042724192
2025-08-20,1,0,0,0,0,0,0,0.0175245875597396,Test,1,基础+1,0.0175245875597396
2025-08-21,1,0,0,0,0,0,0,-0.0052910742970533,Test,1,基础+1,-0.0052910742970533
2025-08-22,1,0,0,0,0,0,0,0.0271834267082677,Test,1,基础+1,0.0271834267082677
2025-08-25,1,1,0,0,0,0,0,0.0061017083244012,Test,1,基础+1,0.0061017083244012
2025-08-26,1,1,0,0,0,0,0,0.0052658765742097,Test,1,基础+1,0.0052658765742097
2025-08-27,1,1,0,0,0,0,0,-0.0152577765780251,Test,1,基础+1,-0.0152577765780251
2025-08-28,1,1,0,0,0,0,0,0.0250450141975591,Test,1,基础+1,0.0250450141975591
2025-08-29,1,1,0,0,0,0,0,0.0081731663919049,Test,1,基础+1,0.0081731663919049
2025-09-01,1,1,0,0,0,0,0,0.0029926208993997,Test,1,基础+1,0.0029926208993997
2025-09-02,1,1,0,0,0,0,0,-0.017010133965596,Test,1,基础+1,-0.017010133965596
2025-09-03,1,1,0,0,0,1,0,-0.0148343583136312,Test,1,基础+1,-0.0148343583136312
2025-09-04,0,0,0,0,0,1,0,-0.025450841986319,Test,0,基础0,-0.0
2025-09-05,0,0,0,0,0,1,0,0.0325320290439392,Test,0,基础0,0.0
2025-09-08,0,0,0,1,1,0,0,0.0046958695411447,Test,0,零段同日冲突置0,0.0
2025-09-09,0,0,0,1,1,0,0,-0.0070152068754987,Test,0,零段同日冲突置0,-0.0
2025-09-10,0,0,0,0,1,0,0,0.0019087666631472,Test,1,0转+1持有,0.0019087666631472
2025-09-11,0,0,0,0,1,0,0,0.0276282801926823,Test,1,0转+1持有,0.0276282801926823
2025-09-12,0,0,0,0,1,0,0,0.0077016725845944,Test,1,0转+1持有,0.0077016725845944
2025-09-15,0,0,0,0,0,0,0,-0.0025414996010759,Test,0,基础0,-0.0
2025-09-16,0,0,0,0,0,0,0,0.0044846551657675,Test,0,基础0,0.0
2025-09-17,0,0,0,0,0,0,0,0.0089104189075017,Test,0,基础0,0.0
2025-09-18,0,0,0,0,0,0,0,-0.0065652277769786,Test,0,基础0,-0.0
2025-09-19,0,0,0,1,0,0,0,-0.0024725956894142,Test,-1,0转-1持有,0.0024725956894142
2025-09-22,0,0,0,1,0,0,0,0.0080690389753557,Test,-1,0转-1持有,-0.0080690389753557
2025-09-23,0,0,0,1,1,0,0,-0.0138842604399325,Test,0,零段同日冲突置0,-0.0
2025-09-24,0,0,0,0,1,0,0,0.0259578824053758,Test,1,0转+1持有,0.0259578824053758
2025-09-25,0,0,0,0,1,0,0,-0.0018860962183312,Test,1,0转+1持有,-0.0018860962183312
2025-09-26,0,0,0,0,1,0,0,-0.0082497938652488,Test,1,0转+1持有,-0.0082497938652488
2025-09-29,0,0,0,0,0,0,0,0.0166864140150659,Test,0,基础0,0.0
2025-09-30,0,0,0,0,0,0,0,0.0132279528693293,Test,0,基础0,0.0
2025-10-09,0,0,0,0,0,0,0,0.0039282615529319,Test,0,基础0,0.0
2025-10-10,0,0,0,0,0,0,0,-0.0485756331410186,Test,0,基础0,-0.0
2025-10-13,0,0,0,0,0,0,0,0.0419070135487862,Test,0,基础0,0.0
2025-10-14,0,0,0,0,0,0,1,-0.030720294624448,Test,0,基础0,-0.0
2025-10-15,0,0,0,0,0,1,1,0.0088154761469427,Test,0,基础0,0.0
2025-10-16,0,0,0,1,0,0,1,-0.0058929392621561,Test,-1,0转-1持有,0.0058929392621561
2025-10-17,0,0,0,1,0,0,1,-0.0184791050242378,Test,-1,0转-1持有,0.0184791050242378
2025-10-20,0,0,0,0,0,0,1,0.0003852170928055,Test,0,基础0,0.0
2025-10-21,0,0,0,0,0,0,0,0.0055798538925988,Test,0,基础0,0.0
2025-10-22,0,0,0,0,1,0,0,-0.0036935010896107,Test,1,0转+1持有,-0.0036935010896107
2025-10-23,0,0,0,0,1,0,0,0.0094345439198397,Test,1,0转+1持有,0.0094345439198397
2025-10-24,0,0,0,0,1,0,0,0.0223359132057612,Test,1,0转+1持有,0.0223359132057612
2025-10-27,0,0,0,0,1,0,0,0.0011245325085762,Test,1,0转+1持有,0.0011245325085762
2025-10-28,0,0,0,0,1,0,0,0.0008581577453974,Test,1,0转+1持有,0.0008581577453974
2025-10-29,0,0,0,0,0,0,0,0.0151924497132718,Test,0,基础0,0.0
2025-10-30,0,0,0,0,0,0,0,-0.0102768499376463,Test,0,基础0,-0.0
2025-10-31,0,0,0,0,0,0,0,-0.007937225212962,Test,0,基础0,-0.0
2025-11-03,0,0,0,0,0,0,0,-0.0016283614844577,Test,0,基础0,-0.0
2025-11-04,0,0,0,0,0,0,0,-0.0295594694698788,Test,0,基础0,-0.0
2025-11-05,0,0,0,0,0,0,0,0.0203185096647382,Test,0,基础0,0.0
2025-11-06,0,0,0,0,1,0,0,0.0088496847089281,Test,1,0转+1持有,0.0088496847089281
2025-11-07,0,0,0,0,1,0,0,0.0068484020196855,Test,1,0转+1持有,0.0068484020196855
2025-11-10,0,0,0,0,1,0,0,0.001031065687443,Test,1,0转+1持有,0.001031065687443
2025-11-11,0,0,0,0,1,0,0,-0.0135959427476051,Test,1,0转+1持有,-0.0135959427476051
2025-11-12,0,0,0,0,0,0,0,-0.0029115768214699,Test,0,基础0,-0.0
2025-11-13,0,0,0,0,0,0,1,0.0055302720731564,Test,0,基础0,0.0
2025-11-14,0,0,0,0,0,0,1,-0.0047747303351747,Test,0,基础0,-0.0
2025-11-17,0,0,0,1,0,0,0,-0.0046753712993666,Test,-1,0转-1持有,0.0046753712993666
2025-11-18,0,0,0,1,0,0,0,-0.0102239488893615,Test,-1,0转-1持有,0.0102239488893615
2025-11-19,0,0,0,0,0,0,0,0.0045986956286911,Test,0,基础0,0.0
2025-11-20,0,0,0,0,0,0,0,-0.0304367042543539,Test,0,基础0,-0.0
2025-11-21,0,0,0,0,0,0,0,-0.0142319550512787,Test,0,基础0,-0.0
2025-11-24,-1,0,0,0,0,1,0,0.0085125840729374,Test,-1,基础-1,-0.0085125840729374
2025-11-25,-1,0,0,0,0,0,1,0.0044768399140473,Test,-1,基础-1,-0.0044768399140473
2025-11-26,-1,0,0,0,0,0,1,0.0035490083242908,Test,-1,基础-1,-0.0035490083242908
2025-11-27,-1,0,0,0,0,0,0,-0.0033706642238436,Test,-1,基础-1,0.0033706642238436
2025-11-28,-1,0,0,0,0,0,0,0.0153456980860982,Test,-1,基础-1,-0.0153456980860982
2025-12-01,-1,0,1,0,0,0,0,0.0043879459763169,Test,-1,基础-1,-0.0043879459763169
2025-12-02,0,0,0,0,0,0,0,-0.0056377322772319,Test,0,基础0,-0.0
2025-12-03,0,0,0,0,0,0,0,-0.0061341914004553,Test,0,基础0,-0.0
2025-12-04,0,0,0,0,0,0,0,0.0010007509238225,Test,0,基础0,0.0
2025-12-05,0,0,0,0,0,0,0,0.0157522222684509,Test,0,基础0,0.0
2025-12-08,0,0,0,0,0,0,0,0.0044840105794998,Test,0,基础0,0.0
2025-12-09,0,0,0,0,0,0,0,-0.0055100754192481,Test,0,基础0,-0.0
2025-12-10,0,0,0,0,0,0,0,0.0083859676283881,Test,0,基础0,0.0
2025-12-11,0,0,0,1,0,0,0,-0.0115890936588243,Test,-1,0转-1持有,0.0115890936588243
2025-12-12,0,0,0,1,0,0,0,0.0046952497186094,Test,-1,0转-1持有,-0.0046952497186094
2025-12-15,0,0,0,0,1,0,0,-0.0027678481721346,Test,1,0转+1持有,-0.0027678481721346
2025-12-16,0,0,0,0,1,0,0,-0.0139633643333674,Test,1,0转+1持有,-0.0139633643333674
2025-12-17,0,0,0,0,1,0,0,0.0134916120890655,Test,1,0转+1持有,0.0134916120890655
2025-12-18,0,0,0,0,1,0,0,0.0038640371262064,Test,1,0转+1持有,0.0038640371262064
2025-12-19,0,0,0,0,0,0,0,0.011381231933139,Test,0,基础0,0.0
2025-12-22,0,0,0,0,0,0,0,0.0072748150750074,Test,0,基础0,0.0
2025-12-23,0,0,0,0,0,0,0,-4.031464936249396e-05,Test,0,基础0,-0.0
2025-12-24,0,0,0,0,0,0,0,0.0116163918863152,Test,0,基础0,0.0
2025-12-25,1,0,0,0,0,0,0,0.0109888250928507,Test,1,基础+1,0.0109888250928507
2025-12-26,1,0,0,0,0,0,0,0.0060494693949213,Test,1,基础+1,0.0060494693949213
2025-12-29,1,0,0,0,0,0,0,-0.010360141478059,Test,1,基础+1,-0.010360141478059
2025-12-30,1,0,0,0,0,0,0,0.0113140078892688,Test,1,基础+1,0.0113140078892688
2025-12-31,1,0,0,0,0,0,0,0.0067066047509551,Test,1,基础+1,0.0067066047509551
2026-01-05,1,0,0,0,0,0,0,0.0186162173818029,Test,1,基础+1,0.0186162173818029
2026-01-06,1,0,0,0,0,0,0,0.022830289088193,Test,1,基础+1,0.022830289088193
2026-01-07,1,0,0,0,0,0,0,0.0018239011883218,Test,1,基础+1,0.0018239011883218
2026-01-08,1,0,0,0,0,0,0,0.0069576144854621,Test,1,基础+1,0.0069576144854621
2026-01-09,1,0,0,0,0,0,0,0.0295627438993044,Test,1,基础+1,0.0295627438993044
2026-01-12,1,0,0,0,0,0,0,0.015819468597072,Test,1,基础+1,0.015819468597072
2026-01-13,1,0,0,0,0,0,0,-0.0127043571559295,Test,1,基础+1,-0.0127043571559295
2026-01-14,1,1,0,0,0,1,0,0.0006119270791999,Test,1,基础+1,0.0006119270791999
2026-01-15,1,1,0,0,0,0,0,0.0087321610732742,Test,1,基础+1,0.0087321610732742
2026-01-16,1,1,0,0,0,0,0,-0.0051196760122136,Test,1,基础+1,-0.0051196760122136
2026-01-19,1,0,0,0,0,0,0,0.01318897718941,Test,1,基础+1,0.01318897718941
2026-01-20,1,0,0,0,0,0,0,-0.0133714362449145,Test,1,基础+1,-0.0133714362449145
2026-01-21,1,0,0,0,0,0,0,0.0194132255417258,Test,1,基础+1,0.0194132255417258
2026-01-22,1,0,0,0,0,0,0,0.0079799627513177,Test,1,基础+1,0.0079799627513177
2026-01-23,1,0,0,0,0,0,0,0.0240469765936397,Test,1,基础+1,0.0240469765936397
2026-01-26,1,1,0,0,0,0,0,-0.0185785478520341,Test,1,基础+1,-0.0185785478520341
2026-01-27,1,1,0,0,0,0,0,0.0118951634434896,Test,1,基础+1,0.0118951634434896
2026-01-28,0,0,0,0,0,0,1,0.0022581476870477,Test,0,基础0,0.0
2026-01-29,0,0,0,0,1,0,0,-0.016893837611151,Test,1,0转+1持有,-0.016893837611151
2026-01-30,0,0,0,0,1,0,0,-0.018950685694117,Test,1,0转+1持有,-0.018950685694117
2026-02-02,0,0,0,0,1,0,0,-0.0173732183445151,Test,1,0转+1持有,-0.0173732183445151
2026-02-03,0,0,0,0,1,0,0,0.0165897564315773,Test,1,0转+1持有,0.0165897564315773
2026-02-04,0,0,0,1,1,0,0,-0.0081949697503591,Test,0,零段同日冲突置0,-0.0
2026-02-05,0,0,0,1,0,0,0,-0.0181450155196303,Test,-1,0转-1持有,0.0181450155196303
2026-02-06,0,0,0,0,0,0,0,0.0280462733936428,Test,0,基础0,0.0
2026-02-09,0,0,0,0,0,0,0,0.0046404825018724,Test,0,基础0,0.0
2026-02-10,0,0,0,0,0,0,0,-0.0027889414388895,Test,0,基础0,-0.0
2026-02-11,0,0,0,0,0,0,0,0.0056697425248506,Test,0,基础0,0.0
2026-02-12,0,0,0,0,0,0,0,0.0028730102315113,Test,0,基础0,0.0
2026-02-13,0,0,0,0,0,0,0,0.004419845746751,Test,0,基础0,0.0
2026-02-24,0,0,0,0,0,0,0,0.0010435649016709,Test,0,基础0,0.0
2026-02-25,0,0,0,0,0,0,0,0.0155434090022918,Test,0,基础0,0.0
2026-02-26,0,0,0,0,0,0,0,-0.0050377553936324,Test,0,基础0,-0.0
2026-02-27,0,0,0,0,0,0,0,0.0101246786437465,Test,0,基础0,0.0
2026-03-02,0,0,0,0,0,0,0,0.0075946556459953,Test,0,基础0,0.0
2026-03-03,0,0,0,1,0,0,0,-0.0558404288029443,Test,-1,0转-1持有,0.0558404288029443
2026-03-04,0,0,0,1,0,1,0,0.0263915032810249,Test,-1,0转-1持有,-0.0263915032810249
2026-03-05,0,0,0,0,0,0,0,-0.0131642976294613,Test,0,基础0,-0.0
2026-03-06,0,0,0,0,0,0,0,-0.0047128415352694,Test,0,基础0,-0.0
2026-03-09,0,0,0,0,0,0,0,0.0129887657353466,Test,0,基础0,0.0
2026-03-10,0,0,0,0,0,0,0,0.0093711118571049,Test,0,基础0,0.0
2026-03-11,0,0,0,0,0,0,0,-0.0026829156615615,Test,0,基础0,-0.0
2026-03-12,0,0,0,0,0,0,0,-0.0094015614807407,Test,0,基础0,-0.0
2026-03-13,0,0,0,0,0,0,0,-0.0108306183961419,Test,0,基础0,-0.0
2026-03-16,0,0,0,0,0,0,0,-0.0033667516917135,Test,0,基础0,-0.0
2026-03-17,-1,0,0,0,0,0,0,-0.0189114804810921,Test,-1,基础-1,0.0189114804810921
2026-03-18,-1,0,0,0,0,1,0,-0.0085856555465955,Test,-1,基础-1,0.0085856555465955
2026-03-19,-1,0,0,0,0,0,0,-0.0078188930312699,Test,-1,基础-1,0.0078188930312699
2026-03-20,-1,0,0,0,0,0,0,-0.0366767341227418,Test,-1,基础-1,0.0366767341227418
2026-03-23,-1,0,1,0,0,0,0,-0.0089414420731036,Test,-1,基础-1,0.0089414420731036
2026-03-24,-1,0,1,0,0,1,0,0.0139401667365135,Test,-1,基础-1,-0.0139401667365135
2026-03-25,-1,0,1,0,0,0,0,0.0126126036040752,Test,-1,基础-1,-0.0126126036040752
2026-03-26,0,0,0,0,1,0,0,-0.0280807116806541,Test,1,0转+1持有,-0.0280807116806541
2026-03-27,0,0,0,0,1,0,0,0.0153806190392267,Test,1,0转+1持有,0.0153806190392267
2026-03-30,-1,0,0,0,0,0,1,0.0111591885278223,Test,-1,基础-1,-0.0111591885278223
2026-03-31,-1,0,0,0,0,0,0,0.0030692278860235,Test,-1,基础-1,-0.0030692278860235
2026-04-01,-1,0,0,0,0,0,0,-0.0048801595572309,Test,-1,基础-1,0.0048801595572309
2026-04-02,-1,0,0,0,0,0,0,-0.011620065740194,Test,-1,基础-1,0.011620065740194
2026-04-03,-1,0,0,0,0,0,0,-0.0097590003738936,Test,-1,基础-1,0.0097590003738936
2026-04-07,0,0,0,0,0,0,0,0.0237363324185169,Test,0,基础0,0.0
2026-04-08,0,0,0,0,0,0,0,0.0159618230491247,Test,0,基础0,0.0
2026-04-09,0,0,0,0,0,0,0,0.0119017621040804,Test,0,基础0,0.0
2026-04-10,0,0,0,0,0,0,0,-0.0051383906415515,Test,0,基础0,-0.0
2026-04-13,0,0,0,0,0,0,0,0.0153012797781195,Test,0,基础0,0.0
2026-04-14,0,0,0,0,0,0,0,0.0131527093724741,Test,0,基础0,0.0
2026-04-15,0,0,0,0,1,0,0,-0.0094116015705856,Test,1,0转+1持有,-0.0094116015705856
2026-04-16,0,0,0,0,1,0,0,0.0108131555651098,Test,1,0转+1持有,0.0108131555651098
2026-04-17,0,0,0,1,1,0,0,0.0083611392594824,Test,0,零段同日冲突置0,0.0
2026-04-20,0,0,0,1,1,0,0,0.0048391186898775,Test,0,零段同日冲突置0,0.0
2026-04-21,0,0,0,0,1,0,0,-0.0044204071431261,Test,1,0转+1持有,-0.0044204071431261
2026-04-22,1,0,0,0,0,0,0,0.0195594995295649,Test,1,基础+1,0.0195594995295649
2026-04-23,1,0,0,0,0,0,0,-0.0170470089605637,Test,1,基础+1,-0.0170470089605637
2026-04-24,1,0,0,0,0,0,0,-0.001012131508592,Test,1,基础+1,-0.001012131508592
2026-04-27,1,0,0,0,0,0,0,0.0046376383098625,Test,1,基础+1,0.0046376383098625
2026-04-28,1,0,0,0,0,0,0,-0.0141730062845579,Test,1,基础+1,-0.0141730062845579
2026-04-29,1,0,0,0,0,0,0,0.0213408150396987,Test,1,基础+1,0.0213408150396987
2026-04-30,1,1,0,0,0,0,0,0.013191298012682,Test,1,基础+1,0.013191298012682
2026-05-06,1,1,0,0,0,0,0,0.0232782302065031,Test,1,基础+1,0.0232782302065031
2026-05-07,1,1,0,0,0,0,0,0.0001154107784382,Test,1,基础+1,0.0001154107784382
2026-05-08,1,1,0,0,0,0,0,0.0153189347229709,Test,1,基础+1,0.0153189347229709
2026-05-11,1,0,0,0,0,0,0,0.0096912431161881,Test,1,基础+1,0.0096912431161881
2026-05-12,1,1,0,0,0,0,0,-0.014144552644974,Test,1,基础+1,-0.014144552644974
2026-05-13,1,0,0,0,0,0,0,0.0254311547944641,Test,1,基础+1,0.0254311547944641
2026-05-14,1,1,0,0,0,0,0,-0.0308645970129488,Test,1,基础+1,-0.0308645970129488
2026-05-15,1,1,0,0,0,1,0,-0.0211609219764237,Test,1,基础+1,-0.0211609219764237
2026-05-18,1,0,0,0,0,1,1,0.0036663773034117,Test,1,基础+1,0.0036663773034117
2026-05-19,0,0,0,1,0,0,1,0.006714976991911,Test,-1,0转-1持有,-0.006714976991911
2026-05-20,0,0,0,1,0,0,1,0.0141912144854603,Test,-1,0转-1持有,-0.0141912144854603
2026-05-21,0,0,0,1,0,0,1,-0.0263771693780413,Test,-1,0转-1持有,0.0263771693780413
2026-05-22,0,0,0,1,0,1,1,0.0185987692068543,Test,-1,0转-1持有,-0.0185987692068543
2026-05-25,0,0,0,1,1,0,1,0.0039655747831721,Test,0,零段同日冲突置0,0.0
2026-05-26,0,0,0,0,1,0,1,-0.0007174134525609,Test,1,0转+1持有,-0.0007174134525609
2026-05-27,0,0,0,0,1,0,1,-0.0179632139564369,Test,1,0转+1持有,-0.0179632139564369
2026-05-28,0,0,0,0,1,1,0,0.0101305184487725,Test,1,0转+1持有,0.0101305184487725
2026-05-29,0,0,0,0,1,0,1,-0.0269308849151401,Test,1,0转+1持有,-0.0269308849151401
2026-06-01,0,0,0,1,0,1,0,-0.0080940130956244,Test,-1,0转-1持有,0.0080940130956244
2026-06-02,0,0,0,1,0,0,0,0.0031564500594387,Test,-1,0转-1持有,-0.0031564500594387
2026-06-03,0,0,0,1,0,0,0,-0.0044654669756322,Test,-1,0转-1持有,0.0044654669756322
2026-06-04,0,0,0,0,0,0,0,0.004562672001634,Test,0,基础0,0.0
2026-06-05,0,0,0,0,0,0,0,-0.0407545456245017,Test,0,基础0,-0.0
2026-06-08,-1,0,0,0,0,0,0,0.0101118736758269,Test,-1,基础-1,-0.0101118736758269
2026-06-09,-1,0,0,0,0,0,0,0.0043176865993601,Test,-1,基础-1,-0.0043176865993601
2026-06-10,-1,0,0,0,0,0,0,-0.0084664619019839,Test,-1,基础-1,0.0084664619019839
2026-06-11,-1,0,0,0,0,0,0,0.0203850350029555,Test,-1,基础-1,-0.0203850350029555
2026-06-12,-1,0,0,0,0,0,0,-0.0017288602296609,Test,-1,基础-1,0.0017288602296609
2026-06-15,0,0,0,0,0,0,0,0.0312980749982478,Test,0,基础0,0.0
2026-06-16,0,0,0,0,0,0,0,0.0024572419814374,Test,0,基础0,0.0
2026-06-17,0,0,0,0,0,0,0,0.0164306954898949,Test,0,基础0,0.0
2026-06-18,0,0,0,0,1,0,0,0.0138717557806045,Test,1,0转+1持有,0.0138717557806045
2026-06-22,0,0,0,0,1,0,0,0.0139991163838235,Test,1,0转+1持有,0.0139991163838235
2026-06-23,0,0,0,0,1,0,0,-0.021846062265832,Test,1,0转+1持有,-0.021846062265832
2026-06-24,0,0,0,0,1,1,0,0.0238686316034735,Test,1,0转+1持有,0.0238686316034735
2026-06-25,1,0,0,0,0,0,0,0.0052213666960283,Test,1,基础+1,0.0052213666960283
2026-06-26,1,0,0,0,0,0,0,-0.0179343538913685,Test,1,基础+1,-0.0179343538913685
2026-06-29,1,0,0,0,0,1,0,0.0095664742687984,Test,1,基础+1,0.0095664742687984
2026-06-30,1,0,0,0,0,0,0,0.0268784267806991,Test,1,基础+1,0.0268784267806991
2026-07-01,1,1,0,0,0,0,0,-0.0245714809858004,Test,1,基础+1,-0.0245714809858004
2026-07-02,1,1,0,0,0,0,0,-0.0144167346348556,Test,1,基础+1,-0.0144167346348556
2026-07-03,1,1,0,0,0,1,0,0.0101858853491649,Test,1,基础+1,0.0101858853491649
2026-07-06,1,1,0,0,0,0,0,-0.0212595259993797,Test,1,基础+1,-0.0212595259993797
2026-07-07,1,1,0,0,0,0,0,-0.0075615444383125,Test,1,基础+1,-0.0075615444383125
2026-07-08,0,0,0,0,0,0,1,-0.0119297359279882,Test,0,基础0,-0.0
2026-07-09,0,0,0,0,0,0,0,0.0278785935146586,Test,0,基础0,0.0
2026-07-10,0,0,0,0,0,0,0,-0.0303515543531611,Test,0,基础0,-0.0
2026-07-13,0,0,0,1,0,1,0,-0.0325952105894639,Test,-1,0转-1持有,0.0325952105894639
2026-07-14,-1,0,0,0,0,0,0,0.0195569401602371,Test,-1,基础-1,-0.0195569401602371
2026-07-15,-1,0,0,0,0,0,1,-0.0346863235597769,Test,-1,基础-1,0.0346863235597769
2026-07-16,-1,0,0,0,0,0,1,-0.0132832796822072,Test,-1,基础-1,0.0132832796822072
2026-07-17,-1,0,0,0,0,0,0,-0.0382688465723901,Test,-1,基础-1,0.0382688465723901
2026-07-20,-1,0,1,0,0,0,0,-0.0211005351123185,Test,-1,基础-1,0.0211005351123185
2026-07-21,-1,0,1,0,0,0,1,0.0409352401367972,Test,-1,基础-1,-0.0409352401367972
2026-07-22,-1,0,1,0,0,0,0,0.0011555035224335,Test,-1,基础-1,-0.0011555035224335
2026-07-23,0,0,0,0,0,0,0,-0.016211120839217,Test,0,基础0,-0.0
2026-07-24,0,0,0,0,0,0,0,-0.0147928538182615,Test,0,基础0,-0.0
2026-07-27,-1,0,0,0,0,0,0,0.0102971038456987,Test,-1,基础-1,-0.0102971038456987
2026-07-28,-1,0,0,0,0,0,0,-0.0190991029544599,Test,-1,基础-1,0.0190991029544599
2026-07-29,-1,0,0,0,0,0,0,0.0043670603999945,Test,-1,基础-1,-0.0043670603999945
2026-07-30,-1,0,0,0,0,0,0,0.0080956745710514,Test,-1,基础-1,-0.0080956745710514
2026-07-31,-1,0,0,0,0,0,0,-0.0107099801086458,Test,-1,基础-1,0.0107099801086458
2026-08-03,-1,0,1,0,0,0,0,0.0013358646777945,Test,-1,基础-1,-0.0013358646777945
2026-08-04,0,0,0,0,0,0,0,0.0135095391313173,Test,0,基础0,0.0
2026-08-05,0,0,0,0,0,0,0,0.0224149952455459,Test,0,基础0,0.0
2026-08-06,0,0,0,0,0,0,0,0.0117864579002475,Test,0,基础0,0.0
2026-08-07,0,0,0,0,0,0,0,0.0223699686130318,Test,0,基础0,0.0
2026-08-10,0,0,0,0,0,0,0,-0.0030790411159011,Test,0,基础0,-0.0
2026-08-11,0,0,0,1,0,0,0,-0.0001547508821602,Test,-1,0转-1持有,0.0001547508821602
2026-08-12,0,0,0,1,0,0,0,0.0148921893258711,Test,-1,0转-1持有,-0.0148921893258711
2026-08-13,0,0,0,1,0,0,0,-0.0132403067231675,Test,-1,0转-1持有,0.0132403067231675
2026-08-14,0,0,0,1,0,0,0,0.0022808767681585,Test,-1,0转-1持有,-0.0022808767681585
2026-08-17,0,0,0,1,0,0,0,0.0213505331124057,Test,-1,0转-1持有,-0.0213505331124057
2026-08-18,0,0,0,1,0,0,0,-0.0182568863716732,Test,-1,0转-1持有,0.0182568863716732
2026-08-19,0,0,0,0,0,0,0,-0.0205299134603572,Test,0,基础0,-0.0
2026-08-20,0,0,0,0,0,0,0,-0.0066647110873084,Test,0,基础0,-0.0
2026-08-21,0,0,0,0,0,0,0,,Test,0,基础0,
2026-08-24,0,0,0,1,0,0,1,,Test,-1,0转-1持有,
