date,three_state,minus_exit_signal,plus_exit_signal,reversal_final_three_state,minus_entry_signal,plus_entry_signal,transfer_final_three_state,combined_final_three_state,open,high,low,close,prev_close,volume,amount,o2o_h1,o2o_h2,o2o_h3,o2o_h5,o2o_h10,c2c_1d,price_available,o2o_h1_available,phase
2018-01-03,0,0,0,0,0,0,0,0,6331.7199,6391.9799,6324.2604,6388.2533,6332.2269,8393674500.0,103454686367.8,0.007667205872451843,0.01311585182408348,0.012974894862294972,0.017647811615924436,-0.006902232045988055,0.008847819398259515,True,True,Development
2018-01-04,0,0,0,0,0,0,0,0,6380.2665,6418.256,6375.5134,6417.535,6388.2533,8054369000.0,102929659395.6,0.005407187928592183,0.005267303489595587,0.009626180975355947,0.0018239990445541032,-0.019937317665335685,0.004583678608986785,True,True,Development
2018-01-05,0,0,0,0,0,0,0,0,6414.7658,6435.854,6397.2929,6417.2537,6417.535,8158101800.0,97642297444.1,-0.00013913212544713893,0.004196302848655797,0.004473288798789721,0.0006331486022450594,-0.020292182763710587,-4.3833029348405717e-05,True,True,Development
2018-01-08,0,0,0,0,0,0,0,0,6413.8733,6446.7879,6393.8819,6446.1818,6417.2537,8947692900.0,106389590369.8,0.004336038256321784,0.004613062749462049,-0.0034252625476715037,-0.0035091276280745376,-0.023249336715148394,0.004507862919616246,True,True,Development
2018-01-09,0,0,0,0,0,0,0,0,6441.6841,6449.0346,6425.0274,6445.7462,6446.1818,7557321700.0,92837783215.8,0.00027582849025442613,-0.007727792798780775,-0.003548264653338129,-0.03050927318835772,-0.01536798428224695,-6.757488595821037e-05,True,True,Development
2018-01-10,0,0,0,0,0,0,0,0,6443.4609,6444.3088,6361.0948,6405.9395,6445.7462,8096697400.0,98938304429.0,-0.008001414271017082,-0.003823038640616283,-0.008084894253024721,-0.02412430251574904,-0.013992945933760659,-0.006175654263271935,True,True,Development
2018-01-11,0,0,0,0,0,0,0,0,6391.9041,6432.4398,6371.5436,6425.9401,6405.9395,7877007100.0,91569210697.9,0.004212078213125858,-8.415332764444283e-05,-0.02295890202733164,-0.02172169635648946,-0.0007986352611266678,0.003122196205568084,True,True,Development
2018-01-12,0,0,0,0,0,0,0,0,6418.8273,6435.1946,6387.7824,6399.3737,6425.9401,7783455800.0,89777057637.5,-0.004278211379826313,-0.027057013981354405,-0.020379174245738096,-0.02091209090482926,-0.006968173142779532,-0.004134243330403908,True,True,Development
2018-01-15,0,0,0,0,0,0,0,0,6391.3662,6392.5174,6236.5629,6253.3759,6399.3737,9147403200.0,110512921326.1,-0.022876673847916917,-0.016170142152080236,-0.021639364053338106,-0.019809723936644485,-0.00099035164031136,-0.022814388851834067,True,True,Development
2018-01-16,0,0,0,0,1,0,-1,-1,6245.153,6301.4047,6245.1129,6301.1327,6253.3759,7916973400.0,96364861655.1,0.00686354681782797,0.0012662780239329763,0.006315810036999769,0.015617775897563968,0.008998210292045616,0.007636962940289704,True,True,Development
2018-01-17,-1,0,0,-1,0,0,-1,-1,6288.0169,6288.1439,6202.3151,6267.4599,6301.1327,8419550300.0,99694461861.5,-0.00555911355772587,-0.0005440029908315713,-0.003699401634877808,0.010381810519624945,-0.0016340763969638905,-0.005343928084549088,True,True,Development
2018-01-18,-1,0,0,-1,0,0,-1,-1,6253.0611,6295.7766,6253.0611,6286.8007,6267.4599,6501529300.0,76896813454.7,0.005043145988130604,0.001870108065952003,0.014333347870213453,0.02138763684877465,-0.011524259694184025,0.0030859072588562686,True,True,Development
2018-01-19,-1,0,0,-1,0,0,-1,-1,6284.5962,6316.9977,6261.2353,6272.38,6286.8007,7180674200.0,84263163775.9,-0.0031571161246604085,0.009243585132804544,0.010931760420820558,0.014241742373201305,-0.05521061162211183,-0.0022938058144581497,True,True,Development
2018-01-22,-1,0,0,-1,0,0,-1,-1,6264.755,6347.8147,6248.3142,6347.6383,6272.38,7276116900.0,85475484244.8,0.012439975705354822,0.014133497638774362,0.019481097026140537,0.019199713316801592,-0.05379592657653809,0.011998364257267413,True,True,Development
2018-01-23,-1,0,0,-1,0,0,-1,-1,6342.6884,6362.58,6330.4561,6354.9978,6347.6383,6675388600.0,80539655636.3,0.0016727134191236726,0.006954606188757317,0.004952379498888826,-0.006517772495334917,-0.07194786677523046,0.0011594075862830788,True,True,Development
2018-01-24,0,0,0,0,0,0,0,0,6353.2979,6395.5723,6322.9197,6394.2999,6354.9978,7734772700.0,94754084072.6,0.005273072430619141,0.0032741892993874977,0.004995610232600756,-0.011892422044305517,-0.08614941540833454,0.0061844395917807216,True,True,Development
2018-01-25,0,0,0,0,0,0,0,0,6386.7993,6424.3507,6380.8375,6382.7165,6394.2999,8108293700.0,95990443458.7,-0.001988398163693672,-0.0002760067942012556,-0.013379330707949388,-0.03222272852694763,-0.10821284144626231,-0.0018115196630047459,True,True,Development
2018-01-26,0,0,0,0,0,0,0,0,6374.0998,6401.4838,6368.9006,6383.6312,6382.7165,6900454900.0,82476800609.4,0.0017158030691644122,-0.011413627379979197,-0.015117115047367236,-0.06847712048688026,-0.11643048011265844,0.00014330888736791003,True,True,Development
2018-01-29,0,0,0,0,0,0,0,0,6385.0365,6398.9699,6295.8952,6309.8836,6383.6312,8403116100.0,96862079561.9,-0.013106941518658433,-0.016804085614859132,-0.03195554167936232,-0.07162054594362921,-0.12581372087692844,-0.011552609743495146,True,True,Development
2018-01-30,0,0,0,0,0,0,0,0,6301.3482,6330.5373,6300.4556,6313.442,6309.8836,7069968800.0,81577586589.1,-0.0037462459224203437,-0.019098928702273588,-0.05772231409145112,-0.06585935054342817,-0.09048876238897585,0.0005639406723763063,True,True,Development
2018-01-31,0,0,0,0,0,0,0,0,6277.7418,6277.7418,6170.1606,6189.3413,6313.442,8073349500.0,88106213760.6,-0.015410413980390114,-0.05417903616233455,-0.05575334429969703,-0.07515071741242996,-0.08535840069115297,-0.019656583524486293,True,True,Development
2018-02-01,0,0,0,0,0,0,0,0,6180.9992,6196.7148,5984.2843,5984.7428,6189.3413,9496852400.0,102122046941.5,-0.03937541360626606,-0.0409743622034443,-0.04767088466861469,-0.07852024960624493,-0.06148680621087932,-0.0330565871363403,True,True,Development
2018-02-02,0,0,0,0,1,0,-1,-1,5937.6198,6006.4745,5844.4638,6004.8494,5984.7428,8374756100.0,89557325619.6,-0.0016644885211410942,-0.00863549734188096,-0.02217299261902894,-0.05147845606416235,-0.010088874333112452,0.003359643124513312,True,True,Development
2018-02-05,0,0,0,0,0,0,0,0,5927.7367,6016.157,5907.4691,5998.2236,6004.8494,7404651900.0,79277070536.3,-0.0069826313304367504,-0.020542697181539782,-0.039150035122174076,-0.05837394903184556,-0.00022199029184288843,-0.0011034081887215663,True,True,Development
2018-02-06,0,0,0,0,0,0,0,0,5886.3455,5920.7398,5702.8503,5704.2641,5998.2236,9234070900.0,95655940854.5,-0.013655416590820257,-0.03239359633239336,-0.04321615168528603,-0.026365849575088696,0.023705319370057376,-0.04900775956401493,True,True,Development
2018-02-07,0,0,0,0,0,0,0,0,5805.965,5831.8113,5630.0868,5711.3322,5704.2641,8523599700.0,88965422772.9,-0.018997599882190075,-0.029969987762585637,-0.03862470752062752,-0.011037131639615505,0.02789074684397863,0.0012390905954020592,True,True,Development
2018-02-08,0,0,0,0,0,0,0,0,5695.6656,5786.7852,5691.2916,5766.4797,5711.3322,6244479700.0,66338245095.3,-0.011184873634435322,-0.020007196349448697,0.006229544094021211,0.01848488085396016,0.051213241872907656,0.009655803246745087,True,True,Development
2018-02-09,0,0,0,0,1,0,-1,-1,5631.9603,5663.1036,5490.6248,5554.8974,5766.4797,8431884200.0,82291670302.2,-0.008922115448860679,0.017611399000806216,0.01951780448452367,0.0436358899760001,0.0748436028570727,-0.0366917618733662,True,True,Development
2018-02-12,0,0,0,0,0,0,0,0,5581.7113,5714.8183,5581.7113,5699.0979,5554.8974,5724649400.0,61430758213.2,0.02677238072130317,0.028695948498805413,0.03927791822554494,0.061756956150705866,0.08688584449002223,0.025959165330398326,True,True,Development
2018-02-13,0,0,0,0,0,0,0,0,5731.147,5789.6975,5727.754,5736.9505,5699.0979,5720863400.0,62790499693.1,0.0018734120761514372,0.01217946425034988,0.025574095377417505,0.05142708780633276,0.06041052515316747,0.006641858178993543,True,True,Development
2018-02-14,0,0,0,0,0,0,0,0,5741.8838,5761.7685,5712.879,5754.8344,5736.9505,4139822200.0,42489982297.3,0.010286780794832584,0.02365636518105796,0.03213875557704604,0.039362325653472974,0.06828123202353908,0.0031173181640664627,True,True,Development
2018-02-22,0,0,0,0,0,0,0,0,5800.9493,5875.7592,5797.9076,5875.7272,5754.8344,5963610700.0,61991950412.5,0.013233454738175388,0.021629477092654392,0.03877536043971275,0.03213436118119484,0.0470133224574123,0.02100717268250163,True,True,Development
2018-02-23,0,0,0,0,0,1,1,1,5877.7159,5902.9357,5848.5227,5897.6765,5875.7272,6214785000.0,64825103161.3,0.008286365116762395,0.025208312637226893,0.015343000841534504,0.029902874346138475,0.04311349924211205,0.0037355886774319558,True,True,Development
2018-02-26,0,0,0,0,0,0,0,0,5926.4208,6032.1358,5917.6165,6029.6795,5897.6765,8307398700.0,92064854906.1,0.016782878461819806,0.00699864241837167,0.010282479435142378,0.023667269796299406,0.05136184389741616,0.022382204246028214,True,True,Development
2018-02-27,0,0,0,0,0,0,0,0,6025.8832,6042.3888,6000.881,6010.5573,6029.6795,7702215800.0,90285128511.5,-0.009622738787900764,-0.006393104333651922,0.004579129578880625,0.008544042141407582,0.04313372685351746,-0.0031713460060356358,True,True,Development
2018-02-28,0,0,0,0,0,0,0,0,5967.8977,6044.0694,5939.6425,6023.677,6010.5573,7098691700.0,82266508208.2,0.0032610143434594896,0.014339857065579276,0.01655278038696939,0.02782370079835661,0.044629468095607416,0.0021827759632204735,True,True,Development
2018-03-01,0,0,0,0,0,0,0,0,5987.3591,6090.9953,5974.1183,6090.2247,6023.677,7310177300.0,86470400021.7,0.01104283188893751,0.0132485622918459,0.015033255646884403,0.014415721281858751,0.030980921120966398,0.011047687317895738,True,True,Development
2018-03-02,0,0,0,0,0,0,0,0,6053.4765,6094.7976,6044.2591,6056.3354,6090.2247,7343482900.0,86135000102.6,0.0021816389309514683,0.00394683947315233,0.013293220845905784,0.01282705896355596,0.02112909829583054,-0.00556454017205632,True,True,Development
2018-03-05,0,0,0,0,0,0,0,0,6066.683,6080.9695,6031.9803,6064.0983,6056.3354,6732469300.0,82113731231.5,0.0017613578952451192,0.011087393226249187,0.0011518979976372634,0.027054273315417987,0.012500570740221706,0.0012817817190242664,True,True,Development
2018-03-06,0,0,0,0,1,0,-1,-1,6077.3686,6145.8509,6070.7211,6145.5768,6064.0983,8349576700.0,99900152654.5,0.009309637727091369,-0.0006083883080582053,0.008845308477751335,0.03429665266641879,0.0053043351690071905,0.013436210293622741,True,True,Development
2018-03-07,0,0,0,0,0,0,0,0,6133.9467,6149.097,6082.5838,6086.4874,6145.5768,7459412900.0,84935051856.6,-0.00982654446606146,-0.0004600463841658575,0.015791790300362374,0.0163508267849799,0.007851763694001423,-0.009614947778376126,True,True,Development
2018-03-08,1,0,0,1,0,0,1,1,6073.6712,6131.7046,6073.6712,6131.5142,6086.4874,6788991100.0,76733020342.1,0.009459451805688746,0.025872572753032896,0.03492628972078693,0.016329794079073645,0.009282194926850895,0.007397830150769558,True,True,Development
2018-03-09,1,0,0,1,0,0,1,1,6131.1248,6211.2784,6131.0147,6206.9754,6131.5142,8592834100.0,98413231491.5,0.01625931672439629,0.025228193038902003,0.016818610510097587,0.008196897247956914,-0.0355165662261514,0.012307106782856403,True,True,Development
2018-03-12,1,0,0,1,0,0,1,1,6230.8127,6295.7805,6230.3909,6295.7776,6206.9754,9766227600.0,117237502376.7,0.008825381639220087,0.0005503455432065429,-0.009302109177507512,-0.014170334473382562,-0.08272763519275761,0.014306839366561741,True,True,Development
2018-03-13,1,0,0,1,0,0,1,1,6285.802,6297.4323,6251.3986,6254.1457,6295.7776,8480475800.0,97523497129.6,-0.008202644626731814,-0.017968908342960832,-0.016612200002481647,-0.02803094974992848,-0.05243023881439468,-0.006612670053656289,True,True,Development
2018-03-14,1,0,1,0,0,0,1,0,6234.2418,6253.172,6185.1784,6189.317,6254.1457,7546663300.0,87185225281.0,-0.009847035448641073,-0.00847910647289929,-0.014712583012099323,-0.008362332048140853,-0.04357829046669315,-0.010365716295992256,True,True,Development
2018-03-15,1,0,0,1,0,0,1,1,6172.853,6203.2422,6117.5974,6180.1108,6189.317,7217392100.0,82975054447.7,0.0013815329799689025,-0.004913935258137436,-0.010246153601908281,-0.00693436244148371,-0.02897862625272296,-0.0014874339123363,True,True,Development
2018-03-16,1,0,0,1,0,0,1,1,6181.381,6205.8679,6146.3058,6146.3058,6180.1108,6507353400.0,75643387215.7,-0.006286782840274618,-0.011611644711756242,0.00011777303486071311,-0.04335806189587732,-0.020902335578408815,-0.005469966654966796,True,True,Development
2018-03-19,0,0,0,0,0,0,0,0,6142.52,6186.6139,6118.2953,6153.8339,6146.3058,6723321400.0,78681889715.7,-0.00535854991111151,0.00644507465991162,-0.0020304044594076087,-0.06954274467156818,-0.0024886528655991835,0.0012248170274897774,True,True,Development
2018-03-20,0,0,0,0,0,0,0,0,6109.605,6176.4962,6091.5038,6173.6984,6153.8339,6747566200.0,78423733545.7,0.011867215638327044,0.0033460755646232965,-0.032119375966203956,-0.025102948553957227,-0.011545345402853235,0.0032279876777305816,True,True,Development
2018-03-21,0,0,0,0,0,0,0,0,6182.109,6224.5559,6125.1353,6129.2042,6173.6984,7948716100.0,92526116107.9,-0.008421203831896262,-0.043470715252675096,-0.07550120840638697,-0.03551292932557493,-0.01689753448216469,-0.007207057604239342,True,True,Development
2018-03-22,0,0,0,0,1,0,-1,-1,6130.0482,6161.3749,6074.6568,6101.2276,6129.2042,6740744100.0,78135866726.3,-0.035347177204903546,-0.0676496964575255,-0.028354148993477768,-0.022198194134917193,-0.022137036377625874,-0.0045644751075514245,True,True,Development
2018-03-23,0,0,0,0,0,0,0,0,5913.3683,5978.4232,5722.773,5787.1523,6101.2276,12136706100.0,121045067670.7,-0.03348616050179054,0.007249269422301863,0.008319437840528243,0.023473491410977987,0.02014427208939451,-0.05147739448369382,True,True,Development
2018-03-26,0,0,0,0,0,0,0,0,5715.3523,5902.9588,5675.3664,5902.9588,5787.1523,8477291300.0,91809710463.2,0.04214676320128152,0.043254009031079343,0.04874938330573264,0.0720657412492316,0.06415690245376493,0.0200109646328126,True,True,Development
2018-03-27,0,0,0,0,0,0,0,0,5956.2359,6043.0533,5956.2359,6034.775,5902.9588,8919927100.0,106538869536.0,0.0010624663136662438,0.006335595270832162,0.01610745470977748,0.013906702385646064,0.01973226077227741,0.022330530241884583,True,True,Development
2018-03-28,0,0,0,0,0,0,0,0,5962.5642,6036.1584,5949.1042,5973.3414,6034.775,7529909400.0,90975268229.1,0.005267532381454387,0.015029020568030127,0.027617178528660524,0.019300823628867647,0.01866161877133332,-0.010179932143286052,True,True,Development
2018-03-29,0,0,0,0,0,0,0,0,5993.9722,6040.8623,5967.6342,6034.8572,5973.3414,6881373500.0,82742504255.8,0.009710338663232232,0.02223253554629423,0.007523441633579875,6.254616929979306e-05,0.004036822192802436,0.010298390110432987,True,True,Development
2018-03-30,0,0,0,0,1,0,-1,-1,6052.1757,6115.2732,6051.0212,6114.7382,6034.8572,7304648900.0,94445331821.3,0.01240177148194821,-0.0021658657398198056,0.004208552636698837,-0.0032528632637019994,-0.004563879399601678,0.01323660152223649,True,True,Development
2018-04-02,0,0,0,0,0,0,0,0,6127.2334,6169.2991,6113.3388,6121.9642,6114.7382,8543383300.0,109910556973.9,-0.01438918582732629,-0.008092853130092892,-0.021687814275199613,-0.007377195717727991,-0.03286857001399679,0.0011817349759963847,True,True,Development
2018-04-03,0,0,0,0,0,0,0,0,6039.0675,6066.4443,6008.5085,6059.7089,6121.9642,7174988300.0,87808371289.4,0.00638825447802982,-0.007405183002177074,-0.0010893569247238943,0.005745655268797778,-0.01222549673438822,-0.010169170868395638,True,True,Development
2018-04-04,0,0,0,0,0,0,0,0,6077.6466,6098.8378,6011.1516,6017.6863,6059.7089,6726019800.0,83134527957.9,-0.013705880825647276,-0.007430145740951799,0.000721496376574482,-0.0006271012862116843,-0.015397917345177592,-0.006934755562267858,True,True,Development
2018-04-09,0,0,0,0,0,0,0,0,5994.3471,6053.9687,5954.5372,6025.6493,6017.6863,6485182000.0,79255887033.3,0.006362944848488983,0.014627864976320737,0.01324894916412167,0.003974027463307994,-0.018139540167769086,0.001323266053266936,True,True,Development
2018-04-10,0,0,0,0,0,0,0,0,6032.4888,6064.3858,5992.997,6063.7423,6025.6493,6942099000.0,81611900906.0,0.008212663403535991,0.006842466081329546,0.0068539704541183966,-0.001315294609415707,-0.034320229488034815,0.006321808340223223,True,True,Development
2018-04-11,0,0,0,0,0,0,0,0,6082.0316,6110.1768,6073.22,6086.6126,6063.7423,6624885900.0,81079826331.4,-0.0013590360168467264,-0.0013476253559748796,-0.010500241399600707,-0.025680826781629973,-0.025094673957300806,0.0037716477496083645,True,True,Development
2018-04-12,0,0,0,0,0,0,0,0,6073.7659,6091.9834,6039.564,6051.3346,6086.6126,6052424000.0,72705100809.7,1.1426189474805781e-05,-0.009153645516696618,-0.008102320835249976,-0.017868485843354653,-0.0201808897507888,-0.005795998910789968,True,True,Development
2018-04-13,0,0,0,0,0,0,0,0,6073.8353,6093.3469,6018.0068,6027.1867,6051.3346,5415763600.0,66885602109.6,-0.00916496698552216,-0.008113654316573293,-0.02436603771590573,-0.014780084669072213,-0.03431001825156499,-0.003990508143443261,True,True,Development
2018-04-16,0,0,0,0,0,0,0,0,6018.1688,6053.9874,5966.1961,6012.4053,6027.1867,7098586100.0,87151671406.4,0.0010610370383761225,-0.015341676690756811,-0.008795349841300593,-0.022026035560850366,-0.02597592476967414,-0.0024524543100680196,True,True,Development
2018-04-17,0,0,0,0,1,0,-1,-1,6024.5543,6038.2486,5886.023,5890.8571,6012.4053,7192025800.0,88004229070.6,-0.016385328288932466,-0.009845939972688122,-0.006720961914145174,-0.0330484032652838,-0.030120734408518812,-0.02021623525612959,True,True,Development
2018-04-18,0,0,0,0,0,0,0,0,5925.84,5981.3374,5826.6505,5970.6577,5890.8571,7620171200.0,98199217831.7,0.00664832327568754,0.00982535809269236,-0.00678850593333602,0.0006016024732358183,-0.005859068081487173,0.01354651770452886,True,True,Development
2018-04-19,0,0,0,0,0,0,0,0,5965.2369,6041.9856,5962.7142,6004.7334,5970.6577,7599855600.0,99648952358.9,0.00315605236063643,-0.013348086812780213,-0.023433185025727887,-0.002354474807194973,-0.007363345452382597,0.005707193698275548,True,True,Development
2018-04-20,0,0,0,0,0,0,0,0,5984.0635,5999.0105,5872.5044,5880.8359,6004.7334,7239138900.0,90559645161.4,-0.01645221512104611,-0.026505584374230007,-0.009134010693569783,-0.019822917988754685,0.006604107727132158,-0.02063330571845201,True,True,Development
2018-04-23,0,0,0,0,0,0,0,0,5885.6124,5913.5679,5761.9719,5823.9205,5880.8359,6395239900.0,81374959446.4,-0.010221536165038625,0.007440619093435297,0.01114234093974642,-0.004038849041435366,0.02528944991348725,-0.009678113956555046,True,True,Development
2018-04-24,0,0,0,0,0,0,0,0,5825.4524,5957.8295,5825.4524,5957.1927,5823.9205,6795411800.0,85162005262.5,0.017844554012663494,0.021584503891920903,0.006864617072486867,0.0030277305158308288,0.03614380232512082,0.02288358846931371,True,True,Development
2018-04-25,0,0,0,0,0,0,0,0,5929.405,5968.8794,5919.5228,5959.422,5957.1927,6038279000.0,78868220459.7,0.003674382168193935,-0.010787439886464134,-0.01139468462687232,-0.006456786136214254,0.019492309936663066,0.000374219890519889,True,True,Development
2018-04-26,0,0,0,0,1,0,-1,-1,5951.1919,5955.2617,5846.0802,5847.9766,5959.422,6263839400.0,77107589606.2,-0.014408878329062125,-0.015013899988672863,-0.01816469739448323,-0.005020691737398053,0.0052559219271690605,-0.018700706209427653,True,True,Development
2018-04-27,0,0,0,0,0,0,0,0,5865.4419,5886.0043,5808.7832,5860.9836,5847.9766,5599782200.0,72295757676.1,-0.0006138667915199791,-0.0038107273724763413,0.004377879866136025,0.026961480941444682,0.018194690497232546,0.00222418810636138,True,True,Development
2018-05-02,0,0,0,0,0,0,0,0,5861.8413,5894.4595,5817.3868,5855.3233,5860.9836,6314702700.0,78765922510.6,-0.003198824232924946,0.004994812807368243,0.010145532257927137,0.029447231879170754,0.024038897129473602,-0.0009657593991561075,True,True,Development
2018-05-03,0,0,0,0,0,0,0,0,5843.0903,5911.0865,5779.7298,5910.6058,5855.3233,6760449000.0,83816639268.5,0.008219931155265536,0.013387179725769416,0.03088992138286839,0.033016107931790994,0.026980722854822226,0.009441408640920024,True,True,Development
2018-05-04,0,0,0,0,0,0,0,0,5891.1201,5939.952,5883.7048,5909.2944,5910.6058,5546404700.0,73639276000.2,0.005125120433378871,0.022485163729729418,0.024330890826686824,0.026117732687201523,0.013145157234190519,-0.00022187235020820761,True,True,Development
2018-05-07,0,0,0,0,0,0,0,0,5921.3128,6023.1928,5918.3792,6019.1409,5909.2944,6403335800.0,83485023684.2,0.01727152465243864,0.0191078404099847,0.019369623574015726,0.010328469727186373,0.019102740189641754,0.018588767552349506,True,True,Development
2018-05-08,0,0,0,0,0,0,0,0,6023.5829,6042.0682,6012.1266,6041.8143,6019.1409,6219466600.0,80480596675.3,0.0018051382674586502,0.0020624768026351603,0.0035526862260000236,-0.008536630250411292,0.007083425381262609,0.0037668830779489237,True,True,Development
2018-05-09,0,0,0,0,0,0,0,0,6034.4563,6042.906,6002.3882,6029.2329,6041.8143,5412415300.0,67413871006.6,0.0002568748405717969,0.0017443990770138473,-0.008614761200607224,-0.0052536298920583535,0.0076675673332824434,-0.002082387735750202,True,True,Development
2018-05-10,0,0,0,0,0,0,0,0,6036.0064,6052.7094,5999.951,6040.5716,6029.2329,5831066500.0,72313749966.0,0.0014871422270195112,-0.008869357726327132,-0.010577291634415786,-0.0058424888350019355,-0.0036423751969515417,0.0018806206673489534,True,True,Development
2018-05-11,0,0,0,0,0,0,0,0,6044.9828,6052.5421,5989.4278,5991.3424,6040.5716,6384725300.0,76807400760.5,-0.010341121235282857,-0.012046518974379916,-0.0069858428712153975,-0.012642385020516511,-0.010098060163215017,-0.008149758542718044,True,True,Development
2018-05-14,0,0,0,0,0,1,1,1,5982.4709,6008.8875,5951.6746,5967.5541,5991.3424,5979819200.0,75641885813.0,-0.0017232177426889095,0.003390338263074444,0.0030539555152704345,0.008684572122197753,-0.012033355649084698,-0.003970445755195007,True,True,Development
2018-05-15,0,0,0,0,0,0,0,0,5972.1618,6021.016,5947.457,6020.5697,5967.5541,5472154600.0,69542971179.0,0.005122382987011509,0.004785419577882255,-0.0006031316834047562,0.01575454636878737,-0.014663366957003765,0.008883974759441138,True,True,Development
2018-05-16,0,0,0,0,1,0,-1,-1,6002.7535,6045.0343,5991.3751,6004.0696,6020.5697,5833864000.0,74115190083.8,-0.0003352461499542825,-0.005696335856536505,0.005276345263885984,0.012989438929984498,-0.040532149121232486,-0.002740621041228075,True,True,Development
2018-05-17,0,0,0,0,0,0,0,0,6000.7411,6010.2957,5959.7307,5973.7785,6004.0696,5299727300.0,65967379650.2,-0.00536288759400072,0.00561347330915507,0.010916884916098102,0.0022130433189326837,-0.046293215349684,-0.00504509474706949,True,True,Development
2018-05-18,0,0,0,0,0,0,0,0,5968.5598,6000.9482,5932.1295,5995.1497,5973.7785,5786827400.0,70899023730.8,0.011035543281312066,0.016367549840080375,0.01879282502958257,0.0025769030579203545,-0.03998319661637639,0.0035775012414671625,True,True,Development
2018-05-21,0,0,0,0,0,0,0,0,6034.4261,6080.8222,6034.0581,6072.1991,5995.1497,7072245100.0,86933285889.6,0.005273807230815386,0.007672610324948925,-0.0033814483203299384,-0.020539550563060116,-0.05658470156756079,0.01285195597367661,True,True,Development
2018-05-22,0,0,0,0,0,0,0,0,6066.2505,6092.9069,6052.0902,6092.9069,6072.1991,6226685200.0,74429137264.9,0.0023862186370313676,-0.00860984886792926,-0.013568562656619654,-0.02994612569988664,-0.06347162880926205,0.0034102636720196866,True,True,Development
2018-05-23,0,0,0,0,0,0,0,0,6080.7259,6081.533,6012.4165,6013.8472,6092.9069,6784586800.0,82629862738.1,-0.010969890946737282,-0.015916800328066194,-0.0279973481455561,-0.05283528731331255,-0.05098264666065622,-0.01297569473776139,True,True,Development
2018-05-24,0,0,0,0,0,0,0,0,6014.021,6028.5017,5986.7233,5992.6209,6013.8472,5371180800.0,67066127742.8,-0.005001778344305707,-0.01721631833344106,-0.021521574334376292,-0.048399149254716556,-0.03783839464478089,-0.003529570887667477,True,True,Development
2018-05-25,0,0,0,0,0,0,0,0,5983.9402,5992.4798,5909.0449,5917.7978,5992.6209,5779380900.0,69492013354.5,-0.012275941527624123,-0.016602839714207063,-0.03751561554709393,-0.04245070831423081,-0.04212964895605076,-0.012485872416858501,True,True,Development
2018-05-28,0,0,0,0,0,0,0,0,5910.4817,5938.0723,5858.2716,5891.2627,5917.7978,5781012200.0,68653122203.0,-0.004380675097936715,-0.02555336564192401,-0.03172908901824367,-0.03680102757106929,-0.04277703795276111,-0.00448394840391475,True,True,Development
2018-05-29,0,0,0,0,0,0,0,0,5884.5898,5921.7203,5832.5523,5835.4456,5891.2627,5617992900.0,67901925167.8,-0.021265849320542318,-0.02746874556999701,-0.026284261988830493,-0.0345604548340821,-0.04184521068911207,-0.009474556278062485,True,True,Development
2018-05-30,0,0,0,0,0,0,0,0,5759.449,5778.0424,5675.9116,5682.5881,5835.4456,6852788500.0,76127637098.0,-0.006337672232187397,-0.005127452296217805,-0.011542614579971078,0.001955985720161868,-0.014001304638690204,-0.026194657696749002,True,True,Development
2018-05-31,0,0,0,0,1,0,-1,-1,5722.9475,5760.2038,5672.183,5754.4746,5682.5881,5600885400.0,65192215183.8,0.0012179388330926244,-0.0052381399619689795,-0.007292011677549115,0.011097882690694005,-0.02313131476393948,0.012650309812178628,True,True,Development
2018-06-01,0,0,0,0,0,0,0,0,5729.9177,5759.4979,5654.8402,5685.1155,5754.4746,5383357100.0,61533903644.1,-0.0064482252511235405,-0.008499598519538965,0.007119945195722455,0.00033529277392574386,-0.025668448955209255,-0.012053072577642432,True,True,Development
2018-06-04,0,0,0,0,0,0,0,0,5692.9699,5707.4932,5652.1361,5683.1486,5685.1155,4675028200.0,54050300212.8,-0.0020646868341953617,0.013656228886788968,0.01642204361558286,-0.006204336334186489,-0.05204404822164965,-0.0003459736218198728,True,True,Development
2018-06-05,0,0,0,0,0,0,0,0,5681.2157,5779.862,5680.4942,5779.0778,5683.1486,4741047000.0,56450385317.5,0.015753441644541066,0.01852497872946457,0.008910628054484837,-0.007545532904163488,-0.09982976002829802,0.016879586783987932,True,True,Development
2018-06-06,0,0,0,0,0,1,1,1,5770.7144,5784.6061,5748.701,5774.2575,5779.0778,4818250800.0,56304602755.6,0.0027285529847049794,-0.006736687575458644,-0.01959299874552789,-0.015926139058276778,-0.09956911054201534,-0.0008340950177206929,True,True,Development
2018-06-07,0,0,0,0,0,0,0,0,5786.4601,5798.3297,5734.6345,5738.0176,5774.2575,4737619100.0,54089371805.6,-0.009439484426756906,-0.02226081192541196,-0.02559633997994737,-0.03385349533473847,-0.12685201095571375,-0.006276114288287227,True,True,Development
2018-06-08,0,0,0,0,0,0,0,0,5731.8389,5731.8389,5630.6578,5669.3031,5738.0176,5292555500.0,58767162889.8,-0.012943507536473109,-0.016310821296809275,-0.009251777819505702,-0.02599502578483137,-0.09337153561660638,-0.011975303108167523,True,True,Development
2018-06-11,0,0,0,0,1,0,-1,-1,5657.6488,5672.6279,5612.8656,5632.3566,5669.3031,4310969100.0,48746492298.7,-0.003411470149932261,0.0037401402504870784,-0.01185662142902899,-0.04612589243786225,-0.10574452765608222,-0.006516938563401187,True,True,Development
2018-06-12,0,0,0,0,0,0,0,0,5638.3479,5693.6129,5594.9231,5693.3461,5632.3566,4664535800.0,54189505136.9,0.0071760914220990735,-0.008474060282800178,-0.00984478095081709,-0.09298585495229894,-0.08490536740380983,0.010828415942271796,True,True,Development
2018-06-13,0,0,0,0,0,0,0,0,5678.8092,5679.6739,5605.5454,5607.0173,5693.3461,4923421400.0,53944405089.9,-0.015538644968033033,-0.016899599303318635,-0.04968022169154762,-0.08499663978849648,-0.10236311514040652,-0.015163104171727615,True,True,Development
2018-06-14,0,0,0,0,0,0,0,0,5590.5682,5645.194,5570.8344,5586.9314,5607.0173,4441970900.0,49865462907.5,-0.0013824355098644991,-0.03468046414316173,-0.08523407334517441,-0.09625715683067781,-0.09470946083798781,-0.003582278941782424,True,True,Development
2018-06-15,0,0,0,0,0,0,0,0,5582.8396,5593.6872,5448.0748,5483.9446,5586.9314,5644857400.0,59537596123.6,-0.033344124735376734,-0.08396771779006507,-0.06926763577445427,-0.0691747081538937,-0.06555560005700334,-0.018433517905732777,True,True,Development
2018-06-19,0,0,0,0,1,0,-1,-1,5396.6847,5409.4108,5070.2182,5141.7095,5483.9446,8298635300.0,76922845435.4,-0.05236981882599134,-0.037162667665205595,-0.06378892211360798,-0.06250157619918018,-0.04783251465478422,-0.06240673911986638,True,True,Development
2018-06-20,0,0,0,0,0,0,0,0,5114.0613,5222.8827,5090.2209,5198.3935,5141.7095,6032941700.0,57106400036.8,0.01604755891369547,-0.012050168424848628,0.01614900470590741,0.008908888127719505,0.011170847717449028,0.011024349002992206,True,True,Development
2018-06-21,0,0,0,0,0,0,0,0,5196.1295,5244.6532,5086.931,5089.2522,5198.3935,6324047800.0,60429343500.6,-0.027653948963358266,9.98435470094261e-05,-0.026316915311675793,-0.01897968478268297,-0.01674072980667629,-0.020995197843333813,True,True,Development
2018-06-22,0,0,0,0,0,0,0,0,5052.436,5165.0353,5017.509,5160.1228,5089.2522,5168920600.0,49898726273.8,0.028543122565035883,0.0013750594762604873,0.021214697227238677,0.00171254024791212,-0.013944362679705335,0.013925542931435109,True,True,Development
2018-06-25,0,0,0,0,0,0,0,0,5196.6483,5211.7609,5121.2091,5125.0333,5160.1228,4786081100.0,46663143996.8,-0.026414121579095506,-0.0071250540468554835,-0.019077623552088308,0.0038880637737210844,-0.03645336167929625,-0.006800128865150246,True,True,Development
2018-06-26,0,0,0,0,0,0,0,0,5059.3834,5170.1673,5044.2434,5160.2829,5125.0333,5106658700.0,49773352500.2,0.01981239453013206,0.0075355427698957644,0.0003370173527470488,0.015647025287706118,0.010819124717846185,0.006877926041963578,True,True,Development
2018-06-27,0,0,0,0,0,0,0,0,5159.6219,5188.2017,5089.711,5109.4975,5160.2829,4985784100.0,48613424210.3,-0.012038343352252179,-0.019097019492843148,0.011092149988742195,0.002241985987384121,-0.019293991290330936,-0.009841592211930816,True,True,Development
2018-06-28,0,0,0,0,0,0,0,0,5097.5086,5150.655,5050.324,5055.1093,5109.4975,4776751800.0,46664972984.3,-0.007144686327748451,0.023412339117976133,0.008050815255122856,0.002282271774882272,-0.013381870508271554,-0.01064453011279487,True,True,Development
2018-06-29,0,0,0,0,0,0,0,0,5061.0885,5218.9061,5054.0532,5217.7643,5055.1093,5723493700.0,57894812192.6,0.030776916862844672,0.015304849934949738,0.02175445064831405,-0.015630135691166003,0.02241031746431621,0.03217635670112995,True,True,Development
2018-07-02,0,0,0,0,0,1,1,1,5216.8532,5238.6382,5100.8747,5138.7826,5217.7643,5524892900.0,58629477980.9,-0.015010102258579794,-0.00875307359616706,-0.020646680263113337,-0.040185182899146965,-0.0029376329776730215,-0.015137077004417465,True,True,Development
2018-07-03,0,0,0,0,0,0,0,0,5138.5477,5203.3646,5054.6573,5197.1313,5138.7826,6142423300.0,64268450147.8,0.006352378513485357,-0.005722472908055387,-0.030468667246194903,-0.004753522089519513,0.009847354340994041,0.011354576471088729,True,True,Development
2018-07-04,0,0,0,0,0,0,0,0,5171.1897,5180.2744,5102.782,5121.3436,5197.1313,5385995100.0,53143823674.5,-0.011998631572150642,-0.03658862098986615,-0.03170966634621819,-0.021487801926895145,0.005356639691636245,-0.014582602521510224,True,True,Development
2018-07-05,0,0,0,0,0,0,0,0,5109.1425,5126.4735,4981.7793,4982.7627,5121.3436,5292741400.0,52638805702.9,-0.02488861878485471,-0.01995041242243689,0.0009745275259009922,-0.015628473858382286,0.008657891221472092,-0.02705948103150113,True,True,Development
2018-07-06,0,0,0,0,0,0,0,0,4981.983,5061.0439,4897.2582,4996.6299,4982.7627,6134025500.0,62083400326.3,0.005064248513092062,0.02652327396540688,0.015674320847742562,0.03864447148856187,0.024823328381489818,0.0027830343997716778,True,True,Development
2018-07-09,0,0,0,0,0,0,0,0,5007.213,5107.8749,5007.213,5107.5507,4996.6299,5293715900.0,55786376988.2,0.021350899192824624,0.010556611032923824,0.004409918251929712,0.03880701699727984,0.027840976607146573,0.022199122652650338,True,True,Development
2018-07-10,0,0,0,0,0,0,0,0,5114.1215,5141.713,5094.2862,5136.5326,5107.5507,5222766900.0,54565886988.8,-0.010568638230437188,-0.01658683705500552,0.011808010427597493,0.014670613515928244,0.019411486410715773,0.005674324485902771,True,True,Development
2018-07-11,0,0,0,0,0,0,0,0,5060.0722,5070.4863,4973.9884,5036.1565,5136.5326,5891526200.0,58812377652.2,-0.006082482380389664,0.02261566544445759,0.027955292811830068,0.02743393661458038,0.048999933242059424,-0.019541606725128058,True,True,Development
2018-07-12,0,0,0,0,0,0,0,0,5029.2944,5184.0235,5029.2944,5172.5032,5036.1565,6808956600.0,71215041000.9,0.028873772034502476,0.03424607634820509,0.03178465750583226,0.02467195000555167,0.055278112174145244,0.027073562944281093,True,True,Development
2018-07-13,0,0,0,0,0,0,0,0,5174.5091,5207.3602,5167.1585,5204.1855,5172.5032,5635421000.0,61214640119.5,0.005221538792926195,0.0028291959134827405,0.0047117126530900055,-0.013306904803781383,0.018498875574496587,0.006125138791600815,True,True,Development
2018-07-16,0,0,0,0,0,0,0,0,5201.528,5216.5644,5170.2219,5195.2002,5204.1855,5166737200.0,57488249263.2,-0.002379916055436082,-0.0005071778908044555,-0.0092571067578604,-0.0105563788179166,0.008313672443943432,-0.0017265525988647834,True,True,Development
2018-07-17,0,0,0,0,0,0,0,0,5189.1488,5196.1969,5132.2064,5196.1969,5195.2002,4824332200.0,52610201449.3,0.0018772057567515432,-0.006893596884329001,-0.016090577321660193,0.004672326991278286,-0.0012183693788082595,0.00019185016200129468,True,True,Development
2018-07-18,0,0,0,0,0,1,1,1,5198.8899,5220.1757,5156.6363,5156.6363,5196.1969,5525713400.0,57391510842.7,-0.008754368889404618,-0.017934117050641962,-0.01005430024590448,0.02099015407116056,-8.347935969954534e-05,-0.007613375851865722,True,True,Development
2018-07-19,0,0,0,0,0,0,0,0,5153.3769,5179.727,5088.1243,5111.3271,5156.6363,5048393400.0,51462192224.2,-0.009260820802763359,-0.001311411940391971,0.011646208139753922,0.02986923001886388,-0.011455595262205631,-0.008786580507917474,True,True,Development
2018-07-20,0,0,0,0,0,0,0,0,5105.6524,5184.8744,5072.1645,5175.2516,5111.3271,5786851400.0,58971319074.2,0.008023715049618296,0.02110245499674046,0.03963509149193167,0.03223472479246725,-0.024043626628401094,0.012506438885509619,True,True,Development
2018-07-23,0,0,0,0,0,0,0,0,5146.6187,5214.3806,5132.3831,5214.0038,5175.2516,6848431500.0,71205888479.7,0.01297463517163222,0.0313597547065223,0.031221586320354433,0.019071375930764134,-0.04412940092103568,0.00748798377261517,True,True,Development
2018-07-24,0,0,0,0,0,0,0,0,5213.3942,5315.6706,5211.9422,5304.641,5214.0038,8820181600.0,89531029280.2,0.018149634646848822,0.018013235983574738,0.010902206474239007,-0.005863301110052177,-0.07232925145004376,0.017383416559842102,True,True,Development
2018-07-25,0,0,0,0,0,0,0,0,5308.0154,5332.616,5294.4201,5308.6569,5304.641,7485086000.0,72266872319.8,-0.00013396720740499468,-0.007118234811451352,-0.011914735590254688,-0.020640388496235396,-0.06918519867142814,0.0007570540588892616,True,True,Development
2018-07-26,0,0,0,0,0,0,0,0,5307.3043,5318.8808,5262.3114,5273.4789,5308.6569,7512024000.0,65271805644.8,-0.006985203392238071,-0.011782346830951362,-0.023454053689742183,-0.040126284072311336,-0.0838749720832852,-0.006626534858562794,True,True,Development
2018-07-27,1,0,0,1,0,0,1,1,5270.2317,5281.351,5230.1017,5249.2904,5273.4789,6171588700.0,54149400064.2,-0.004830888175182069,-0.016584697784729263,-0.01361909761956015,-0.05452088567567148,-0.05126582954597625,-0.004586820286699211,True,True,Development
2018-07-30,1,0,0,1,0,0,1,1,5244.7718,5255.1878,5167.4021,5185.151,5249.2904,6083602400.0,58367011437.8,-0.011810866585272639,-0.008830870391730028,-0.028681877064699046,-0.06201800810475688,-0.050226856390586994,-0.012218680071500732,True,True,Development
2018-07-31,1,0,0,1,0,0,1,1,5182.8265,5208.3796,5163.6611,5188.7166,5185.151,4949635600.0,49340085643.8,0.003015613198705358,-0.017072653309926467,-0.03857595850449558,-0.06685795868335553,-0.02680709068690601,0.0006876559621888934,True,True,Development
2018-08-01,1,0,0,1,0,0,1,1,5198.4559,5233.5012,5105.3741,5105.3741,5188.7166,6036948500.0,58600856449.8,-0.020027870198918052,-0.04146652470399903,-0.053661011147560056,-0.049567911117607055,-0.03133436219012653,-0.016062257090703302,True,True,Development
2018-08-02,1,0,0,1,0,0,1,1,5094.3419,5094.3419,4887.5023,4996.012,5105.3741,7439032500.0,67786089635.1,-0.021876800220260062,-0.034320507620424934,-0.05065003587607664,-0.04557754555107507,-0.04272333978997378,-0.021420976770340938,True,True,Development
2018-08-03,0,0,0,0,1,0,-1,-1,4982.894,5008.2403,4929.75,4929.75,4996.012,5073579700.0,48281908095.0,-0.012722024590529069,-0.02941678069009701,-0.008451855487995541,0.0034427583649179194,-0.011932563686885556,-0.013262978551692783,True,True,Development
2018-08-06,0,0,0,0,0,0,0,0,4919.5015,4941.1774,4798.85,4825.2508,4929.75,5245522000.0,51046892567.4,-0.016909884060407387,0.00432519433117351,-0.011657116071618234,0.012570765554192675,-0.025462905133782354,-0.021197667224504335,True,True,Development
2018-08-07,0,0,0,0,0,0,0,0,4836.3133,4956.8718,4797.4529,4956.8718,4825.2508,5914578000.0,55813440681.5,0.021600337595995,0.005343119520400119,0.033855457627197216,0.04292044107233517,-0.0010553700067362781,0.027277545863522823,True,True,Development
2018-08-08,0,0,0,0,0,1,1,1,4940.7793,4952.4185,4877.6644,4880.5694,4956.8718,5808305100.0,53408613615.2,-0.015913481502806692,0.01199600233104925,0.008210061113233635,0.019184483710899647,-0.012906243353148827,-0.015393256690640955,True,True,Development
2018-08-09,0,0,0,0,0,0,0,0,4862.1543,5030.1616,4856.4815,5004.7733,4880.5694,6826483300.0,64727844418.3,0.028360802946957087,0.024513639972306045,0.03737760852221417,0.002990505669472343,-0.006200420254042549,0.025448649495692033,True,True,Development
2018-08-10,0,0,0,0,0,0,0,0,5000.0489,5037.493,4990.8297,5030.5148,5004.7733,5318501200.0,53025202318.1,-0.003741063412399881,0.008768134247647108,0.00710327053001425,-0.015322570145263947,-0.029236514066892427,0.005143389811482546,True,True,Development
2018-08-13,0,0,0,0,1,0,-1,-1,4981.3434,5064.0215,4958.8879,5055.2753,5030.5148,5572265200.0,57931356663.2,0.012556171092320323,0.01088505562575759,-0.021008148123255244,-0.03756149395361885,-0.02453526893970015,0.0049220608594571225,True,True,Development
2018-08-14,0,0,0,0,0,0,0,0,5043.89,5061.4064,5016.3217,5037.8831,5055.2753,4637591200.0,47977087129.2,-0.0016503928515492206,-0.033148105926180116,-0.023881309862031186,-0.04216602661834423,-0.01569340330578195,-0.0034404061040949063,True,True,Development
2018-08-15,0,0,0,0,0,0,0,0,5035.5656,5038.7747,4929.1978,4932.8063,5037.8831,5334998500.0,49219326097.4,-0.03154978261031893,-0.022267667409595404,-0.04792488454524346,-0.031486671527027776,-0.012606468675534721,-0.020857331921814493,True,True,Development
2018-08-16,0,0,0,0,0,0,0,0,4876.6946,4943.2003,4836.0505,4888.3712,4932.8063,5239384400.0,47422713812.2,0.00958450422546453,-0.016908563435569568,-0.009327096267213397,-0.009163522357951148,0.012499449934798124,-0.009008077207491527,True,True,Development
2018-08-17,0,0,0,0,0,0,0,0,4923.4353,4941.1012,4793.7669,4803.0285,4888.3712,5170797400.0,47777882688.9,-0.026241555362776836,-0.018732062956123285,-0.009428965178033377,-0.01413045886883102,-0.013907037632849617,-0.01745831003995757,True,True,Development
2018-08-20,0,0,0,0,0,0,0,0,4794.2367,4832.9089,4736.5592,4832.6512,4803.0285,5163111200.0,47753724288.6,0.007711863705018862,0.017265668171952964,0.007878250984145074,0.013534604997704758,0.002949875211626374,0.006167504523447942,True,True,Development
2018-08-21,0,0,0,0,0,0,0,0,4831.2092,4901.1166,4816.8528,4891.9801,4832.6512,4973790400.0,48883527002.3,0.009480690672637238,0.0001651139429028614,0.004689447105705735,0.027638008306491768,0.000552511781108489,0.012276677447774276,True,True,Development
2018-08-22,0,0,0,0,1,0,-1,-1,4877.0124,4878.8189,4829.6051,4837.0183,4891.9801,4392226700.0,41150044535.3,-0.009228088081137398,-0.00474624587790673,-0.003667737240118596,0.019494004157135203,2.0852930372017298e-05,-0.011235082497575988,True,True,Development
2018-08-23,0,0,0,0,0,0,0,0,4832.0069,4885.8114,4821.1107,4863.6651,4837.0183,4726381100.0,47302482148.5,0.004523586255640311,0.005612140164783064,0.02746835895453703,0.021863317289551043,-0.006430433698263127,0.005508930987505378,True,True,Development
2018-08-24,-1,0,0,-1,0,0,-1,-1,4853.8649,4880.891,4831.8874,4852.2887,4863.6651,4389810000.0,41741677833.7,0.0010836519162287228,0.022841447441192653,0.024355848882402942,0.00022662353045732608,-0.011749255732272035,-0.0023390590770734354,True,True,Development
2018-08-27,-1,0,0,-1,0,0,-1,-1,4859.1248,4964.4514,4859.1248,4960.0655,4852.2887,5854579900.0,58402040239.4,0.02173424317070438,0.02324700530432966,0.016160482233343876,-0.010443382726041395,-0.01369088112328365,0.02221153906196882,True,True,Development
2018-08-28,-1,0,0,-1,0,0,-1,-1,4964.7342,4983.9404,4954.1656,4974.2072,4960.0655,5346544000.0,53028656165.2,0.0014805827872919064,-0.00545519637284908,-0.022109803985075338,-0.026357040423231504,-0.05275196807112037,0.0028511115427811706,True,True,Development
2018-08-29,-1,0,0,-1,0,0,-1,-1,4972.0849,4974.1638,4929.4589,4941.9607,4974.2072,5327221200.0,45121110906.2,-0.006925525346520134,-0.023555510888400133,-0.032924980826453676,-0.01910080014924931,-0.05454156665748011,-0.0064827416115678105,True,True,Development
2018-08-30,-1,0,0,-1,0,0,-1,-1,4937.6506,4952.6076,4861.0555,4867.1214,4941.9607,5415846200.0,47422496786.4,-0.016745960113095038,-0.026180771073595177,-0.021016493147571036,-0.02768839091206643,-0.04257498495337042,-0.015143645314702692,True,True,Development
2018-08-31,0,0,0,0,0,0,0,0,4854.9649,4862.4442,4805.207,4814.8237,4867.1214,4801205400.0,42052874630.5,-0.009595496766619194,-0.004343265179939881,0.004562175104499744,-0.011973165861611013,-0.027639211150630505,-0.010745098735363334,True,True,Development
2018-09-03,0,0,0,0,0,0,0,0,4808.3791,4840.1523,4754.8097,4838.873,4814.8237,5290260200.0,46495749585.7,0.005303117634797072,0.014294837942374405,-0.0015481516422030106,-0.0032817711897965562,-0.03294860839903413,0.004994845397973791,True,True,Development
2018-09-04,0,0,0,0,0,0,0,0,4833.8785,4905.016,4828.5239,4890.2806,4838.873,6102491400.0,54969300206.2,0.00894428769775657,-0.006815127852303204,-0.007663183921565175,-0.02710945258553754,-0.050817185413327914,0.010623878742012982,True,True,Development
2018-09-05,0,0,0,0,0,1,1,1,4877.1141,4886.2734,4814.9568,4815.0343,4890.2806,5840354300.0,47239977654.9,-0.015619708384513542,-0.016460246439590098,-0.01732889538097937,-0.03613089552282567,-0.04165705288707511,-0.015386908473104755,True,True,Development
2018-09-06,0,0,0,0,0,0,0,0,4800.935,4849.1761,4773.8777,4793.3454,4815.0343,4586849400.0,44572540920.2,-0.0008538753388662723,-0.0017363076150791468,-0.020433582208465695,-0.015310517638751797,-0.01384163709777364,-0.004504412356937992,True,True,Development
2018-09-07,0,0,0,0,0,0,0,0,4796.8356,4867.5336,4759.4919,4791.7779,4793.3454,5360007200.0,53242803442.3,-0.0008831864073056694,-0.019596439786262465,-0.019999851568813565,-0.015855890495809377,-0.01105530904582197,-0.0003270158666220935,True,True,Development
2018-09-10,0,0,0,0,0,0,0,0,4792.5991,4794.0136,4701.289,4704.8782,4791.7779,5132647500.0,45376003770.5,-0.018729795279559314,-0.019133563664859965,-0.013597820022125506,-0.02976451754539622,-0.00371547872635547,-0.018135168576991045,True,True,Development
2018-09-11,0,0,0,0,0,0,0,0,4702.8347,4738.2588,4669.4177,4702.9032,4704.8782,4996800700.0,42215660888.1,-0.00041147523216167325,0.00522993079046552,0.0038153158987279667,-0.0243683453301049,0.019400001450189164,-0.00041977707308138434,True,True,Development
2018-09-12,0,0,0,0,0,0,0,0,4700.8996,4733.5829,4681.1267,4693.9743,4702.9032,4254088200.0,38524810760.4,0.005643728277030302,0.004228531066692076,-0.01083832975288379,-0.005733306875985944,0.023770960775252536,-0.0018985931923922728,True,True,Development
2018-09-13,0,0,0,0,0,0,0,0,4727.4302,4752.8965,4655.2143,4721.2121,4693.9743,5569210200.0,47279214487.5,-0.0014072550452463028,-0.016389559807778786,-0.029444284550197986,0.0014917195392964988,0.007383355972130579,0.00580271604810445,True,True,Development
2018-09-14,0,0,0,0,0,0,0,0,4720.7775,4724.003,4669.9429,4670.0799,4721.2121,5644793000.0,44931921145.7,-0.015003418398770174,-0.02807654035802365,-0.009919891373825651,0.004877925299381136,0.0003474215846859252,-0.01083031198704243,True,True,Development
2018-09-17,0,0,0,0,0,0,0,0,4649.9497,4649.9497,4586.3157,4602.3901,4670.0799,4933894600.0,37905863065.0,-0.013272251095533316,0.005160959052954883,0.018179228906497702,0.02684816138978885,0.0005457908501678155,-0.01449435586744463,True,True,Development
2018-09-18,0,0,0,0,0,0,0,0,4588.2344,4684.2885,4584.4336,4683.5056,4602.3901,5443232600.0,44579158885.4,0.01868115107632673,0.03187452672426683,0.033906441222793626,0.04486154848584012,0.010113868637574353,0.01762464681122977,True,True,Development
2018-09-19,0,0,0,0,0,0,0,0,4673.9479,4772.9524,4664.1301,4736.8934,4683.5056,6705585600.0,55671375968.9,0.012951428063629145,0.01494608016490706,0.021575850257124163,0.02967440009333444,-0.04079671063513568,0.011399110956545,True,True,Development
2018-09-20,0,0,0,0,0,0,0,0,4734.4822,4761.4084,4723.3049,4733.4806,4736.8934,5639897400.0,43574339399.9,0.001969148812091648,0.00851415176933168,0.012585853633582111,0.0058828608543506355,-0.09866479168513942,-0.0007204721980866857,True,True,Development
2018-09-21,0,0,0,0,0,0,0,0,4743.8051,4813.2902,4721.6883,4805.2151,4733.4806,6589519600.0,52507709798.8,0.006532140201122694,0.010595840035670934,0.01451143091861029,-0.004508511532229642,-0.0970633047297832,0.015154704552924558,True,True,Development
2018-09-25,0,0,0,0,0,0,0,0,4774.7923,4810.3431,4763.2055,4792.5507,4805.2151,5265424000.0,42641650958.5,0.0040373274456357855,0.007927507129472433,-0.0026090768387978525,-0.025614663909045765,-0.12176722325701994,-0.0026355531930298826,True,True,Development
2018-09-26,0,0,0,0,0,0,0,0,4794.0697,4841.7044,4782.3906,4815.6306,4792.5507,6471955600.0,51709759381.7,0.0038745369096324644,-0.0066196784748456805,-0.014945986288017465,-0.033255774316339304,-0.13490087555464614,0.004815786299350089,True,True,Development
2018-09-27,0,0,0,0,0,0,0,0,4812.6445,4817.6168,4754.2773,4755.3803,4815.6306,6143767200.0,47097829211.4,-0.010453712091138323,-0.018747883829773992,-0.03327835662908407,-0.06844018917250183,-0.14717708735810442,-0.012511404010100091,True,True,Development
2018-09-28,0,0,0,0,0,0,0,0,4762.3345,4802.1578,4746.1771,4800.7287,4755.3803,5726864000.0,45938739634.3,-0.008381792585128167,-0.02306576742981825,-0.02681359320728105,-0.10393621027670363,-0.16880139351824197,0.009536229941483398,True,True,Development
2018-10-08,0,0,0,0,0,0,0,0,4722.4176,4737.2892,4639.4004,4646.4929,4800.7287,6327566400.0,49494827742.0,-0.014808093210562201,-0.018587598013356632,-0.05064173062543209,-0.09297396740178165,-0.11787617003629669,-0.032127580964947944,True,True,Development
2018-10-09,0,0,0,0,0,0,0,0,4652.4876,4685.2177,4612.6352,4634.8939,4646.4929,5043745400.0,41244020750.1,-0.003836313287541193,-0.036372240949121615,-0.08277982299189812,-0.09868022001821142,-0.06792957384776266,-0.0024962913426598288,True,True,Development
2018-10-10,0,0,0,0,0,0,0,0,4634.6392,4655.5462,4586.8864,4629.8877,4634.8939,5133963700.0,39541080143.7,-0.032661226358245865,-0.07924752804921686,-0.07579522047800391,-0.10514166884878529,-0.08647954731837582,-0.0010801110247636858,True,True,Development
2018-10-11,0,0,0,0,0,0,0,0,4483.2662,4503.1983,4274.6995,4307.4208,4629.8877,9056360100.0,64480315025.4,-0.048159241581505974,-0.04459037029744073,-0.06465980092817147,-0.08452157045682462,-0.08009357106655857,-0.06964896794365016,True,True,Development
2018-10-12,0,0,0,0,1,0,-1,-1,4267.3555,4300.0061,4136.6293,4278.0353,4307.4208,8152514900.0,56700633804.0,0.0037494415452381524,-0.01733542002769617,-0.02812280345520768,-0.07238902406888759,-0.0015103733448031953,-0.0068220639135141425,True,True,Development
2018-10-15,-1,0,0,-1,0,0,-1,-1,4283.3557,4317.7101,4195.8308,4199.1532,4278.0353,6229184800.0,44849001650.6,-0.021006100427288787,-0.0317531882771257,-0.04179484790394605,-0.027454782706932357,-0.01464288851845763,-0.01843886140911455,True,True,Development
2018-10-16,-1,0,0,-1,0,0,-1,-1,4193.3791,4221.3422,4076.8707,4099.6831,4199.1532,6107665900.0,44015881330.7,-0.010977686229227346,-0.021234807985760273,-0.056024817789548376,0.034117354188177185,-0.011442442683038179,-0.02368813312169693,True,True,Development
2018-10-17,-1,0,0,-1,0,0,-1,-1,4147.3455,4167.7603,4038.4243,4133.3832,4099.6831,6952388100.0,47137717264.1,-0.010370971022308328,-0.04554713370275043,0.004439369712506247,0.020854833531471995,0.01456673913470663,0.008220171944509636,True,True,Development
2018-10-18,-1,0,0,-1,0,0,-1,-1,4104.3335,4104.3335,4013.6486,4018.4614,4133.3832,5978391100.0,40382606948.5,-0.03554479673739952,0.014965547999449935,0.05655305544737055,0.004836814552228841,0.04754145831473,-0.027803325856649352,True,True,Development
2018-10-19,-1,1,0,0,0,0,-1,0,3958.4458,4130.9325,3948.5593,4127.9854,4018.4614,6956157800.0,49937027367.6,0.052371893029329764,0.09549209944973858,0.06957071383925473,0.07640988794137349,0.10314356205155084,0.027255207677246762,True,True,Development
2018-10-22,0,0,0,0,0,0,0,0,4165.7571,4375.5985,4165.7571,4333.1445,4127.9854,9295831900.0,69510999528.9,0.04097430452678097,0.016342911592228893,-0.009979386460146622,0.013173571738016143,0.06286379491497485,0.04969957015836357,True,True,Development
2018-10-23,0,0,0,0,0,0,0,0,4336.4461,4350.7285,4228.3294,4253.5561,4333.1445,7466806500.0,54448393796.6,-0.023661864493138784,-0.048948077551338565,-0.017418849043229212,-0.044056698871456024,0.020964425223687355,-0.01836735423893676,True,True,Development
2018-10-24,0,0,0,0,0,0,0,0,4233.8377,4297.3708,4207.1648,4245.4884,4253.5561,6282348200.0,44264708175.2,-0.025899032454645088,0.006394316910164122,-0.0031183765027176236,-0.006159636209012054,0.04815586105249148,-0.0018966953321715163,True,True,Development
2018-10-25,0,0,0,0,0,1,1,1,4124.1854,4240.5841,4103.5602,4234.4208,4245.4884,6968720600.0,48371839269.6,0.03315195286807415,0.023386339518102206,0.005143124748950401,0.04249908357660148,0.07722012206337747,-0.0026069085479070164,True,True,Development
2018-10-26,0,0,0,0,0,0,0,0,4260.9102,4294.5553,4217.7896,4233.9585,4234.4208,6798362100.0,46824099369.3,-0.009452252713516462,-0.027110076152273788,-0.012474189200232577,0.0248359611052118,0.024009729188847917,-0.00010917667889787097,True,True,Development
2018-10-29,0,0,0,0,0,0,0,0,4220.635,4227.6435,4144.8064,4162.5255,4233.9585,5745157000.0,41278101418.5,-0.017826322342491152,-0.0030507731656493897,0.018675981220835247,0.04904413672350261,0.03316967707465812,-0.01687144548063002,True,True,Development
2018-10-30,0,0,0,0,0,0,0,0,4145.3966,4233.7942,4096.136,4204.5424,4162.5255,7283465000.0,52308156537.7,0.015043723440116619,0.03716481554503126,0.053393540198301004,0.06801776216056155,0.0688844102395414,0.010094088312492255,True,True,Development
2018-10-31,0,0,0,0,0,0,0,0,4207.7588,4298.2426,4204.3595,4272.5518,4204.5424,7468776500.0,53243305592.6,0.02179324062016108,0.03778144317587806,0.05225432598465507,0.05465213452824358,0.08176288526804365,0.01617522039972763,True,True,Development
2018-11-01,0,0,0,0,0,0,0,0,4299.4595,4367.7304,4294.8669,4298.9837,4272.5518,8605914200.0,65004691637.8,0.015647199374712262,0.02981139838623914,0.029747390340576718,0.03330558178301257,0.05615154649090193,0.006186443427087296,True,True,Development
2018-11-02,0,0,0,0,0,0,0,0,4366.734,4437.9818,4360.8748,4437.9456,4298.9837,9689216800.0,75808808223.6,0.013945983428347075,0.013882961499372293,0.01625649741889479,-0.0008062089424271113,0.05914484372073048,0.032324360755310755,True,True,Development
2018-11-05,0,0,0,0,0,0,0,0,4427.6324,4466.1357,4375.0414,4440.8274,4437.9456,8777727700.0,66155141568.2,-6.215511477425384e-05,0.002278734792888315,0.003393032357428716,-0.015132308635197544,0.05258851209057003,0.0006493545121417643,True,True,Development
2018-11-06,0,0,0,0,0,0,0,0,4427.3572,4440.1054,4385.3273,4438.0965,4440.8274,6980304900.0,51219256984.2,0.0023410354149875356,0.0034554022431259046,-0.01448803362873019,0.0008114547432496177,0.04557325982190896,-0.000614952970250604,True,True,Development
2018-11-07,0,0,0,0,0,0,0,0,4437.7218,4479.6944,4414.0703,4415.136,4438.0965,7808636800.0,58896533554.8,0.001111764148892691,-0.016789763612491515,-0.017371458481241553,0.02570587007053926,0.010288206890301188,-0.0051735017478775625,True,True,Development
2018-11-08,0,0,0,0,0,0,0,0,4442.6555,4450.9818,4379.8833,4382.3286,4415.136,7214535500.0,51522224307.5,-0.01788164758667421,-0.018462696466111317,-0.002634843057266023,0.022109591887104374,0.027007923526818578,-0.007430665782435786,True,True,Development
2018-11-09,0,0,0,0,0,0,0,0,4363.2135,4396.3932,4348.8119,4368.6143,4382.3286,6742496000.0,45846347515.2,-0.0005916281658002731,0.015524406495350362,0.04322130924833267,0.059999424735920126,0.04100113368277758,-0.0031294549660195736,True,True,Development
2018-11-12,0,0,0,0,0,0,0,0,4360.6321,4481.7736,4354.4675,4481.6881,4368.6143,8699053600.0,59949621268.4,0.016125575005513593,0.04383887372658668,0.041335452261611394,0.0687613385224588,0.0024748017609648176,0.025883218850425882,True,True,Development
2018-11-13,0,0,0,0,0,0,0,0,4430.9498,4588.4964,4422.9479,4563.5351,4481.6881,12871036300.0,84982054207.1,0.027273497885261566,0.024809804886527953,0.04379512491881532,0.04472551234951916,-0.008499306401530626,0.01826253817172141,True,True,Development
2018-11-14,0,0,0,0,0,0,0,0,4551.7973,4600.1289,4534.5243,4545.5089,4563.5351,11259883000.0,74023764775.6,-0.0023982834209248516,0.016082987702462193,0.02387577759668691,-0.015031271273876934,-0.03558266972916402,-0.003950051792085518,True,True,Development
2018-11-15,0,0,0,0,0,0,0,0,4540.8808,4619.8141,4539.9556,4619.8141,4545.5089,9830520000.0,69668883541.0,0.018525701004968198,0.02633722514803738,0.01943356451902467,0.004792374201938898,-0.017196729762208318,0.01634694852318952,True,True,Development
2018-11-16,0,0,0,0,0,0,0,0,4625.0038,4691.5609,4609.8319,4659.0965,4619.8141,11067182400.0,82381068855.3,0.007669442347268962,0.0008913506189982545,-0.030621769435086876,-0.01792292581467725,-0.06291093209480181,0.008503026128259261,True,True,Development
2018-11-19,0,0,0,0,0,0,0,0,4660.475,4677.9674,4612.4837,4670.737,4659.0965,11101510600.0,82549163316.2,-0.006726503199781186,-0.03799977470107674,-0.020991980431179336,-0.062021832538529,-0.037938536307994375,0.0024984457823529205,True,True,Development
2018-11-20,1,0,0,1,0,0,1,1,4629.1263,4645.9,4535.8739,4537.4493,4670.737,10312422500.0,76300239206.5,-0.031485055830081876,-0.01436208383426485,-0.018797521251472382,-0.05094622283258943,-0.026544901140415966,-0.028536759830407932,True,True,Development
2018-11-21,1,0,0,1,0,0,1,1,4483.378,4564.5342,4476.4164,4554.6747,4537.4493,9015662700.0,65298600566.4,0.017679615682639316,0.013099988446211741,-0.02497094824482793,-0.02086502632613174,-0.006062415437645408,0.0037962738228281,True,True,Development
2018-11-22,1,0,0,1,0,0,1,1,4562.6424,4583.3734,4528.2409,4551.3264,4554.6747,7527499300.0,54157291828.3,-0.004500067767747806,-0.04190961798803261,-0.03711721961817571,-0.021884226561345255,-0.01881194984730772,-0.0007351348275211889,True,True,Development
2018-11-23,1,0,0,1,0,0,1,1,4542.1102,4547.5147,4365.3486,4374.7644,4551.3264,9207482800.0,64245132838.1,-0.037578656722155324,-0.03276459474717286,-0.0335258268282439,-0.0458090382747649,-0.02697019548314805,-0.03879352621249044,True,True,Development
2018-11-26,1,0,0,1,0,0,1,1,4371.4238,4408.1135,4347.7472,4367.4619,4374.7644,6858469900.0,45641649802.9,0.005002031603524637,0.004211076491828614,0.02090135941520921,0.025675753515365107,0.0022776332049982972,-0.0016692327477109137,True,True,Development
2018-11-27,0,0,0,0,0,0,0,0,4393.2898,4416.357,4361.0232,4387.6515,4367.4619,6235271000.0,43832226111.4,-0.0007870184206831832,0.015820194697832246,-0.013486317246815704,0.025711210765108294,-0.0046121473707469995,0.0046227306527848455,True,True,Development
2018-11-28,0,0,0,0,0,1,1,1,4389.8322,4441.8569,4333.0553,4441.8569,4387.6515,7250793100.0,50581746734.4,0.01662029359573247,-0.01270930128035408,0.021374666667213438,0.01511804938694472,0.004346863189895966,0.012354080537162027,True,True,Development
2018-11-29,0,0,0,0,0,0,0,0,4462.7925,4473.3074,4344.9003,4345.703,4441.8569,7710248100.0,52609677006.8,-0.028850097780705575,0.004676645844502225,0.009736975223472832,0.003141015406833425,-0.01293055861324477,-0.021647230463457623,True,True,Development
2018-11-30,0,0,0,0,1,0,-1,-1,4334.0405,4385.0031,4291.8111,4376.6511,4345.703,6384878900.0,44026264210.0,0.0345227276948612,0.03973338504797086,0.028185569562628743,0.019743262666788608,0.023525806923124115,0.0071215405194509085,True,True,Development
2018-12-03,0,0,0,0,0,0,0,0,4483.6634,4536.8317,4460.3878,4515.1735,4376.6511,9626575200.0,72617444583.0,0.0050367741699790525,-0.006125682851214953,-0.0015284822674245246,-0.022812394882274267,-0.035923727013049245,0.0316503182079102,True,True,Development
2018-12-04,0,0,0,0,0,0,0,0,4506.2466,4538.423,4492.0568,4536.2104,4515.1735,7628021300.0,56315559771.3,-0.011106516008245193,-0.006532354443274491,-0.019226200359297008,-0.029563251154519743,-0.043983123338168006,0.004659156508603823,True,True,Development
2018-12-05,0,0,0,0,0,0,0,0,4456.1979,4532.2794,4445.9731,4502.7021,4536.2104,7427597300.0,55251925549.3,0.004625535145106552,-0.008210878605728111,-0.016789559548062383,-0.010610772021592663,-0.0325207055997222,-0.0073868487228898605,True,True,Development
2018-12-06,0,0,0,0,0,0,0,0,4476.8102,4483.3157,4405.8361,4411.0884,4502.7021,6604759600.0,52051360375.0,-0.012777311845831751,-0.02131649449869466,-0.023182331920169497,-0.016021251023775718,-0.05281378692355543,-0.02034638267541633,True,True,Development
2018-12-07,0,0,0,0,0,0,0,0,4419.6086,4432.3298,4397.4243,4410.9593,4411.0884,5175505400.0,41253201540.4,-0.008649702600361464,-0.010539688967027505,-0.0024197617861453358,0.0037093103674386008,-0.03918444271286814,-2.9267153203949015e-05,True,True,Development
2018-12-10,0,0,0,0,0,0,0,0,4381.3803,4396.4047,4350.2267,4359.3122,4410.9593,5394034800.0,40103184692.1,-0.0019064768242099683,0.006284298124040966,0.005410578031767921,-0.013417415511728037,-0.03515474335793212,-0.011708813545389107,True,True,Development
2018-12-11,0,0,0,0,0,0,0,0,4373.0273,4398.063,4365.1182,4395.5702,4359.3122,5043078100.0,37194242182.2,0.008206420298359607,0.007331031297243662,0.014400779066712,-0.014859157179283877,-0.031896462205941334,0.00831736712961284,True,True,Development
2018-12-12,0,0,0,0,0,0,0,0,4408.9142,4417.6041,4381.3236,4393.324,4395.5702,4809361200.0,35826068754.4,-0.0008682636645548358,0.00614393902244692,-0.019578675402665002,-0.02214490814994774,-0.04315175831727469,-0.0005110144754372214,True,True,Development
2018-12-13,0,0,0,0,0,0,0,0,4405.0861,4471.2565,4378.4604,4443.1572,4393.324,6361391000.0,47775555072.2,0.007018296418769054,-0.018726671426467778,-0.022028695420958977,-0.03739159604621578,-0.03217907590954927,0.011342937602598857,True,True,Development
2018-12-14,0,0,0,0,0,0,0,0,4436.0023,4439.0458,4331.3785,4337.1025,4443.1572,6578654600.0,47335305358.0,-0.025565541298299133,-0.02884455222216631,-0.028116103546655058,-0.04273523483069419,-0.060203395295804873,-0.023869220742403607,True,True,Development
2018-12-17,0,0,0,0,0,0,0,0,4322.5935,4341.2033,4285.2144,4330.6465,4337.1025,5150281500.0,38561891398.1,-0.0033650399927728225,-0.0026174795293611997,-0.019021127015528938,-0.022032953133344524,-0.03388791937062774,-0.0014885514003877276,True,True,Development
2018-12-18,0,0,0,0,0,0,0,0,4308.0478,4339.4043,4266.4517,4307.2675,4330.6465,5130347800.0,37327896872.2,0.0007500845278456403,-0.015708948261901834,-0.014303253552572004,-0.017294283503539676,-0.04093568785378843,-0.0053985011244856995,True,True,Development
2018-12-19,0,0,0,0,0,0,0,0,4311.2792,4315.1081,4245.1504,4247.8991,4307.2675,4626017400.0,33854346744.0,-0.016446696377260706,-0.01504205526749447,-0.01946642657705855,-0.021482579926625944,-0.05466069096151316,-0.013783309255810172,True,True,Development
2018-12-20,0,0,0,0,0,0,0,0,4240.3729,4274.0116,4225.1345,4259.7614,4247.8991,4696785200.0,34730999573.5,0.0014281291157201004,-0.0030702252624998927,-0.0016106366494325064,0.0054149954594793215,-0.001258922299027132,0.0027925098315071395,True,True,Development
2018-12-21,0,0,0,0,0,0,0,0,4246.4287,4260.289,4204.486,4231.144,4259.7614,4711042500.0,35374801446.7,-0.004491939308906789,-0.0030344322041719884,-0.006538882897056619,-0.01824799271915245,0.007500773532356675,-0.00671807580584205,True,True,Development
2018-12-24,0,0,0,0,0,0,0,0,4227.354,4276.9745,4215.0226,4274.7218,4231.144,4184194100.0,32706121619.9,0.0014640836797674694,-0.0020561798231234496,0.008511352491416435,-0.012122050814765029,0.013927624703301333,0.010299294942455184,True,True,Development
2018-12-25,0,0,0,0,1,0,-1,-1,4233.5432,4244.9521,4132.7639,4225.5124,4274.7218,6038367300.0,43750314455.8,-0.003515117077345531,0.007036966104420506,-0.015259865542413653,-0.024057460899418626,0.013231446415853387,-0.011511719897187356,True,True,Development
2018-12-26,0,0,0,0,0,0,0,0,4218.6618,4241.3508,4194.305,4208.4053,4225.5124,4503293300.0,34328585011.4,0.010589305831531615,-0.011786178261551927,-0.010086610877411362,-0.03390651035359116,0.01510708917221093,-0.004048526753820281,True,True,Development
2018-12-27,-1,0,0,-1,0,0,-1,-1,4263.3345,4272.8081,4159.7661,4161.2702,4208.4053,5421939300.0,40327766017.9,-0.022141025997373553,-0.020459267270724335,-0.030877145577012488,-0.006637973163963529,0.012710567280141971,-0.011200228266987633,True,True,Development
2018-12-28,-1,0,0,-1,0,0,-1,-1,4168.9399,4192.6955,4138.9346,4168.0363,4161.2702,4996418500.0,37350056814.6,0.0017198376978282415,-0.00893392586446251,-0.022384155741847045,0.026227362980214775,0.027356211107768535,0.001625969878139566,True,True,Development
2019-01-02,-1,0,0,-1,0,0,-1,-1,4176.1098,4179.7233,4125.9356,4131.9567,4168.0363,4749444900.0,35572462260.8,-0.010635472276135927,-0.024062609656479772,0.0141099738325845,0.026369325825676304,0.040939057684737934,-0.008656258583928378,True,True,Development
2019-01-03,-1,0,0,-1,0,0,-1,-1,4131.6949,4182.1983,4110.527,4112.807,4131.9567,5549124400.0,41103713165.6,-0.01357147644178669,0.02501145474221711,0.035478248890062014,0.03820809711772277,0.049116889051996404,-0.004634535497431536,True,True,Development
2019-01-04,-1,0,0,-1,0,0,-1,-1,4075.6217,4210.8786,4071.6898,4210.8786,4112.807,7344873700.0,52230681319.4,0.03911376269294076,0.0497245610405892,0.05167537997945182,0.05073380583875098,0.056805296723196896,0.02384541749710123,True,True,Development
2019-01-07,0,0,0,0,0,1,1,1,4235.0346,4297.0238,4223.4585,4288.3234,4210.8786,8115345000.0,59231303976.4,0.010211392369734229,0.01208877962886068,0.012874629170680274,0.01947783378204271,0.028255991108077305,0.018391601220704823,True,True,Development
2019-01-08,0,0,0,0,0,0,0,0,4278.2802,4289.6278,4264.6001,4277.2967,4288.3234,6955693700.0,49700132327.3,0.001858410302345126,0.0026363163403837486,0.0009614377291136122,0.0010999980786670083,0.02163874166072599,-0.0025713312573394376,True,True,Development
2019-01-09,0,0,0,0,0,0,0,0,4286.231,4354.1986,4280.6556,4288.7717,4277.2967,8515359500.0,61510931890.9,0.0007764630511049031,-0.0008953087222782763,0.007300796433976631,0.014195408506914253,0.0029646092336135244,0.002682769235998972,True,True,Development
2019-01-10,0,0,0,0,0,0,0,0,4289.5591,4319.4941,4274.1955,4281.8606,4288.7717,6891088900.0,49243142090.7,-0.0016704747114919538,0.0065192714095021476,-0.0015322786903672059,0.010507326965141894,0.006795570202074996,-0.0016114404037874674,True,True,Development
2019-01-11,0,0,0,0,0,0,0,0,4282.3935,4316.5413,4267.2889,4314.8757,4281.8606,6835508500.0,46599960151.7,0.008203449776392535,0.00013842726036261688,0.015104240187175488,0.005778334008773367,0.013781965622729375,0.007710456524437026,True,True,Development
2019-01-14,0,0,0,0,0,0,0,0,4317.5239,4325.9474,4278.761,4286.5474,4314.8757,6767961400.0,44765955489.7,-0.007999399841191468,0.0068446407442004364,0.003962224737192432,0.008610444518905913,0.005551399495437481,-0.006565264440873464,True,True,Development
2019-01-15,1,0,0,1,0,0,1,1,4282.9863,4350.9338,4271.6362,4347.3555,4286.5474,7200518100.0,50608143346.9,0.014963741537067365,0.012058081997600834,0.00563912613962847,0.02051617582806653,0.00431542356322745,0.014185799041904756,True,True,Development
2019-01-16,1,0,0,1,0,0,1,1,4347.0758,4364.0963,4330.7437,4336.8779,4347.3555,6927474400.0,50030063790.1,-0.0028628210255730036,-0.009187141388240616,0.0017537996461898242,-0.011073604927707814,-0.02571871417563043,-0.0024101088581320873,True,True,Development
2019-01-17,1,0,0,1,0,0,1,1,4334.6309,4347.1786,4297.6681,4303.7308,4336.8779,7456211300.0,48421136077.9,-0.006342477741299701,0.004629875175761855,0.00835732057370775,-0.0036731616525873534,-0.03014182822348266,-0.007643078907063616,True,True,Development
2019-01-18,1,0,0,1,0,0,1,1,4307.1386,4351.4382,4297.4773,4347.8112,4303.7308,8337161100.0,55476936296.5,0.011042389023654842,0.014793626562191298,-0.001903955447358996,0.007957649656316956,-0.02740306522757363,0.010242369248559813,True,True,Development
2019-01-21,1,0,0,1,0,0,1,1,4354.6997,4395.0631,4352.8102,4373.6333,4347.8112,7278153100.0,52937642777.6,0.0037102673233699868,-0.012804947261920274,-0.00826477196579134,-0.0030329301467103553,-0.01113718587759338,0.005939103335489859,True,True,Development
2019-01-22,1,0,0,1,0,0,1,1,4370.8568,4370.8568,4291.9624,4308.2518,4373.6333,6949667200.0,47826602460.9,-0.016454165233690476,-0.011930772932208566,-0.006736322269812023,-0.015875056808083987,0.006311325504875898,-0.01494901275788263,True,True,Development
2019-01-23,1,0,0,1,0,0,1,1,4298.938,4322.8895,4292.0872,4315.6846,4308.2518,5848573500.0,40571874370.2,0.004599066094928439,0.009880416977402273,0.009898770347467112,-0.0148090993636103,0.03344777244984676,0.0017252473497486598,True,True,Development
2019-01-24,1,0,0,1,0,0,1,1,4318.7091,4363.2181,4292.8296,4338.17,4315.6846,7063030500.0,51572057926.8,0.005257172797306531,0.005275442145431741,-0.00399191045305658,-0.02656624869686175,0.04379352617197596,0.005210158314164159,True,True,Development
2019-01-25,1,0,0,1,0,0,1,1,4341.4133,4359.4637,4315.9525,4318.4417,4338.17,7165747800.0,52504910506.0,1.8173805290455647e-05,-0.009200713509584735,-0.02444796029901153,-0.03508154821380405,0.042044280833617,-0.004547608784349122,True,True,Development
2019-01-28,0,0,0,0,0,0,0,0,4341.4922,4370.898,4297.9632,4307.2196,4318.4417,6727993500.0,49287478131.6,-0.009218719775656914,-0.02446568946962524,-0.031674593357555625,-0.008128910147529367,0.04295212139273219,-0.002598645710558012,True,True,Development
2019-01-29,0,0,0,0,0,0,0,0,4301.4692,4301.4692,4188.594,4254.2875,4307.2196,7775372700.0,54223809273.1,-0.015388835051986405,-0.022664814152336454,-0.026121168088335867,0.02254427394249392,0.08877338933404455,-0.012289157488046376,True,True,Development
2019-01-30,0,0,0,0,1,0,-1,-1,4235.2746,4266.8811,4211.1908,4211.6235,4254.2875,5851377000.0,42466758482.8,-0.007389697943080087,-0.010900072453389309,0.016746493840092525,0.04898225489322461,0.10201907569346269,-0.010028471277505502,True,True,Development
2019-01-31,0,0,0,0,0,0,0,0,4203.9772,4240.7162,4151.414,4176.4739,4211.6235,7151120500.0,47694716159.1,-0.0035365082379609225,0.024315878782596556,0.0462575058684902,0.07227998286955506,0.1099682938337534,-0.008345855226612686,True,True,Development
2019-02-01,0,0,0,0,0,0,0,0,4189.1098,4295.0379,4189.1098,4294.2696,4176.4739,6609967700.0,47693471397.3,0.027951236799761192,0.04997073602606439,0.06054224217278814,0.07992989345850998,0.11038817841442095,0.028204581860310274,True,True,Development
2019-02-11,0,0,0,0,0,0,0,0,4306.2006,4403.7282,4306.2006,4402.8668,4294.2696,7529735600.0,56743679261.6,0.021420762423375983,0.03170481653827273,0.04682550088353987,0.05149966771171788,0.12408683422690503,0.02528886402474595,True,True,Development
2019-02-12,0,0,0,0,0,1,1,1,4398.4427,4452.5007,4394.8339,4439.485,4402.8668,8527115600.0,61588925288.5,0.010068381702460272,0.024871962069666242,0.028533326124721592,0.06476894651827592,0.15024438081232705,0.008316899343854711,True,True,Development
2019-02-13,1,0,0,1,0,0,1,1,4442.7279,4526.2699,4433.0271,4512.4088,4439.485,11321890300.0,82940466825.7,0.014656017983905922,0.01828088548929596,0.01918654527548269,0.05056026501195365,0.13159923658615247,0.016426184568705704,True,True,Development
2019-02-14,1,0,0,1,0,0,1,1,4507.8406,4555.2331,4494.5521,4532.1699,4512.4088,9482853300.0,70164059523.1,0.003572508752860415,0.004465086897704307,0.03892875005385066,0.03514782665562732,0.1130474089966711,0.004379279643280443,True,True,Development
2019-02-15,1,0,0,1,0,0,1,1,4523.9449,4544.3864,4497.3858,4502.7348,4532.1699,9351160700.0,67254618818.2,0.0008894007528694736,0.03523038045843574,0.03169987768860749,0.028203946515793943,0.11566957855742221,-0.006494703563518112,True,True,Development
2019-02-18,1,0,0,1,0,0,1,1,4527.9685,4660.999,4527.9685,4660.999,4502.7348,12412400400.0,92189941712.6,0.034310463953095116,0.030783098424823407,0.03054634766120823,0.06903203942341896,0.1291932574177581,0.03514846133065608,True,True,Development
2019-02-19,1,0,0,1,0,0,1,1,4683.3252,4706.5253,4614.2779,4667.2836,4660.999,14387476800.0,105704251187.5,-0.0034103546770573034,-0.003639251871725757,-0.0067873142783252405,0.08027603976764186,0.09892441379044103,0.0013483375559617539,True,True,Development
2019-02-20,1,0,0,1,0,0,1,1,4667.3534,4677.9779,4619.46,4667.6243,4667.2836,12021312900.0,87303394554.9,-0.00022968048659011142,-0.0033885156414340534,0.03710668234378822,0.07713881275842538,0.1415737021327763,7.299749258882215e-05,True,True,Development
2019-02-21,1,0,0,1,0,0,1,1,4666.2814,4750.418,4643.1096,4659.1431,4667.6243,14595111300.0,111329120909.4,-0.0031595608443160117,0.03734494023442303,0.08422179596798429,0.07525454851479818,0.1532151918656257,-0.0018170271330535392,True,True,Development
2019-02-22,1,0,0,1,0,0,1,1,4651.538,4777.2977,4649.2158,4777.2977,4659.1431,14616614200.0,111540083318.7,0.040632883145316656,0.08765831860343831,0.08080112427330488,0.08506642319164137,0.14803011391071097,0.025359727628885276,True,True,Development
2019-02-25,1,0,0,1,0,0,1,1,4840.5434,5045.0755,4835.4825,5044.3466,4777.2977,24178357900.0,190541189539.8,0.045189265320914274,0.038599819185589856,0.03654484329176766,0.05627634699029871,0.09073512283765495,0.05589957268101586,True,True,Development
2019-02-26,1,0,0,1,0,0,1,1,5059.284,5149.6229,5004.552,5038.5435,5044.3466,26283326500.0,196257557763.0,-0.0063045482325166935,-0.00827067624588762,-0.0023830051841325917,0.017262600794895056,0.08729533665238032,-0.0011504165871552008,True,True,Development
2019-02-27,1,0,0,1,0,0,1,1,5027.3875,5093.7952,4964.623,5017.8842,5038.5435,20885408700.0,155472037772.2,-0.001978602206414326,0.00394642346546803,0.017019575276423504,0.05982041368404567,0.10537642065585762,-0.004100252384443892,True,True,Development
2019-02-28,1,0,0,1,0,0,1,1,5017.4403,5072.6687,4994.0501,5025.2913,5017.8842,15604287700.0,116972246659.7,0.005936772182421501,0.019035841841506196,0.02574621565502233,0.07250436044052178,0.07248112149934283,0.0014761400831049265,True,True,Development
2019-03-01,1,0,0,1,0,0,1,1,5047.2277,5067.3068,4984.993,5067.225,5025.2913,14982833000.0,112765394519.4,0.013021762422170902,0.019692533388180555,0.05565435456775614,0.05802749893768411,0.05578920087159922,0.00834453119165457,True,True,Development
2019-03-04,1,0,0,1,0,0,1,1,5112.9515,5253.388,5108.2823,5158.2467,5067.225,23244686400.0,183781732245.9,0.0065850223691736876,0.04208457678505262,0.05246971343264262,0.03262287936820818,0.05367234561094514,0.0179628297539578,True,True,Development
2019-03-05,1,0,0,1,0,0,1,1,5146.6204,5295.2878,5125.154,5295.2878,5158.2467,20689126100.0,168045744430.0,0.035267318335737485,0.045584516005882314,0.03759463200355717,0.06884430411848541,0.06976968808502004,0.02656737995877556,True,True,Development
2019-03-06,1,0,0,1,0,0,1,1,5328.1279,5395.554,5256.7934,5390.0294,5295.2878,26496431800.0,209513257015.7,0.00996573299225778,0.002248031621012725,-0.00907958684700505,0.042984647571992385,0.03569373775730855,0.017891680977188962,True,True,Development
2019-03-07,1,0,0,1,0,0,1,1,5381.2266,5512.6438,5353.5735,5458.6153,5390.0294,26696722000.0,214811701314.4,-0.007641547746753519,-0.01885739210461801,0.022245727396055015,-2.1667922328383327e-05,0.026901970639928052,0.012724587364959516,True,True,Development
2019-03-08,1,0,0,1,0,0,1,1,5340.1057,5480.1728,5245.5313,5245.6999,5458.6153,28568024900.0,229867708699.5,-0.011302210740884888,0.030117418836859366,0.04064524415687121,-0.002115538649356652,0.04699101742499212,-0.039005386585861945,True,True,Development
2019-03-11,1,0,0,1,0,0,1,1,5279.7507,5456.4199,5272.1903,5456.381,5245.6999,21425221300.0,185766885697.5,0.04189311438511689,0.052541287602840825,0.019197743560126712,0.020384466258984713,0.04574085287776941,0.04016262920416036,True,True,Development
2019-03-12,0,0,0,0,1,0,-1,-1,5500.9359,5591.6863,5458.7596,5551.0029,5456.381,24933399300.0,216216097858.9,0.01022002455982074,-0.021782820628758914,-0.031290566392529695,0.0008657799484630413,0.012832216423390719,0.017341512625309807,True,True,Development
2019-03-13,0,0,0,0,0,0,0,0,5557.1556,5557.1556,5388.2464,5424.8642,5551.0029,22434923600.0,201483723055.0,-0.03167908417032639,-0.04109064356592784,-0.030551600894529574,-0.00699042870061084,-0.022525498476234862,-0.022723587480021012,True,True,Development
2019-03-14,0,0,0,0,0,0,0,0,5381.11,5432.5207,5236.7529,5298.5024,5424.8642,17860867900.0,154289289898.8,-0.009719463084753799,0.0011643694330725207,0.023152936847602223,0.026924221954206518,0.009632547931560653,-0.02329308077426151,True,True,Development
2019-03-15,0,0,0,0,0,0,0,0,5328.8085,5418.3293,5308.0621,5359.0087,5298.5024,15284646500.0,139681586047.2,0.01099065579106484,0.03319503787760447,0.03556145806327993,0.04921066313416955,0.0078089501621234625,0.011419509784500681,True,True,Development
2019-03-18,0,0,0,0,0,0,0,0,5387.3756,5501.183,5333.2557,5501.183,5359.0087,17265525500.0,153883835940.4,0.021962994375220424,0.02430368879422473,0.025729893419719874,0.02484983597579493,0.03792004032538587,0.026529962528331064,True,True,Development
2019-03-19,0,0,0,0,0,0,0,0,5505.6985,5555.1227,5486.7986,5522.1801,5501.183,16671393100.0,150233661548.1,0.002290390583501667,0.003685944662607188,0.015501066758377702,0.011956085136154648,0.052507288584727085,0.003816833579250112,True,True,Development
2019-03-20,0,0,0,0,0,0,0,0,5518.3087,5533.0525,5415.7549,5515.7856,5522.1801,17682073500.0,154380099338.4,0.0013923650193763404,0.01318048770993907,0.0005331887286408321,-0.01564443105547897,0.04093877531715462,-0.0011579665791775495,True,True,Development
2019-03-21,0,0,0,0,0,0,0,0,5525.9922,5634.6618,5513.392,5589.478,5515.7856,20715004500.0,184005098811.5,0.01177173214251015,-0.0008579816670749585,0.008239769140463205,-0.016838315479345,0.0619616690736553,0.013360272741565593,True,True,Development
2019-03-22,0,0,0,0,0,0,0,0,5591.0427,5625.095,5505.8058,5622.1402,5589.478,18195482300.0,168610426964.1,-0.012482769984926034,-0.0034908694222636205,-0.02844993475009594,-0.039459866761525464,0.05905299202955483,0.0058435152620690545,True,True,Development
2019-03-25,0,0,0,0,0,0,0,0,5521.251,5629.2277,5507.3576,5549.6711,5622.1402,17843293700.0,166384283611.4,0.009105563213844148,-0.01616899865628285,-0.015994056419460057,0.012753287253196799,0.05669711447641124,-0.01288994892016393,True,True,Development
2019-03-26,0,0,0,0,0,0,0,0,5571.5251,5589.4127,5380.8535,5394.8787,5549.6711,17616473000.0,160539919363.1,-0.025046499386676024,-0.02487313572364591,-0.03609500027200807,0.04007209803290679,0.045678821405650716,-0.027892175448018808,True,True,Development
2019-03-27,0,0,0,0,0,0,0,0,5431.9779,5447.8795,5333.7848,5447.8795,5394.8787,14495660800.0,134714503064.4,0.00017781736556776728,-0.011332336237965923,0.029397615921817444,0.0574824871802222,0.07744105512653143,0.009824280201147007,True,True,Development
2019-03-28,0,0,0,0,1,0,-1,-1,5432.9438,5487.7654,5370.1234,5370.1234,5447.8795,14926108200.0,141312489924.2,-0.011508107262217626,0.029214603692385044,0.06660183011648302,0.08014956826904762,0.05284507084354528,-0.014272727581437827,True,True,Development
2019-03-29,0,0,0,0,0,0,0,0,5370.4209,5550.7601,5346.2139,5547.6561,5370.1234,17833301700.0,164954573844.1,0.04119680824272076,0.0790192999584074,0.06960359475734945,0.1025598570868067,0.07915212008801764,0.033059333422393866,True,True,Development
2019-04-01,0,0,0,0,0,1,1,1,5591.6651,5763.5806,5591.6651,5757.8379,5547.6561,22118163100.0,208464845273.6,0.036325977390884834,0.027282821354948306,0.04948915842617252,0.04339045627035132,0.005983369783715942,0.03788659502523961,True,True,Development
2019-04-02,0,0,0,0,0,0,0,0,5794.7878,5833.0223,5750.3296,5775.5497,5757.8379,22875028400.0,216017608686.9,-0.008726169403476813,0.012701776586193425,0.02181662286235908,0.005390706455204564,-0.0031325737242700047,0.003076119944258826,True,True,Development
2019-04-03,0,0,0,0,0,0,0,0,5744.2215,5843.468,5724.1257,5836.0369,5775.5497,19910476300.0,182304278560.5,0.021616575892834167,0.03081166003086766,0.01567984451853044,0.018873662862757046,0.010459189291360138,0.010472977143630269,True,True,Development
2019-04-04,0,0,0,0,0,0,0,0,5868.3919,5894.9882,5813.4624,5871.5575,5836.0369,20883485900.0,196845266327.9,0.009000523635785296,-0.0058111149666060236,-0.0072193712897734574,-0.025278441271108676,-0.01804429591691037,0.006086424847656424,True,True,Development
2019-04-08,0,0,0,0,0,0,0,0,5921.2105,5939.4979,5765.9069,5847.6296,5871.5575,23831746600.0,222907102712.6,-0.014679515278168243,-0.016075209621410957,-0.011581162331587347,-0.021230354840450216,-0.016920121316409964,-0.004075221949201624,True,True,Development
2019-04-09,0,0,0,0,1,0,-1,-1,5834.29,5877.84,5798.3736,5858.0464,5847.6296,17936350200.0,169072553747.2,-0.0014164876960177653,0.003144512871317673,-0.019581114411522216,-0.03585147464387273,-0.021177658292611423,0.0017813713782419693,True,True,Development
2019-04-10,0,0,0,0,0,0,0,0,5826.0258,5906.4273,5782.3689,5850.7609,5858.0464,17875360700.0,172671580646.6,0.0045674703328639765,-0.0181903931836348,-0.005239369176840869,-0.008477580034060406,-0.032547778967954466,-0.0012436740002605973,True,True,Development
2019-04-11,0,0,0,0,0,0,0,0,5852.636,5866.9221,5720.5516,5727.1749,5850.7609,16587607300.0,157397019816.4,-0.022654390261072188,-0.009762250719163146,-0.03887374851263614,-0.008258603473716875,-0.03428034820549242,-0.021123064523111856,True,True,Development
2019-04-12,0,0,0,0,0,0,0,0,5720.0481,5749.3368,5673.7447,5714.3676,5727.1749,14007834100.0,126121980270.3,0.01319097299199301,-0.01659531499394218,0.009892766461176983,0.007421755771599203,-0.051122874298906607,-0.002236233435092161,True,True,Development
2019-04-15,0,0,0,0,0,0,0,0,5795.5011,5815.3916,5654.3441,5655.9825,5714.3676,15775413600.0,147932909423.9,-0.029398493255397895,-0.0032552663996562314,0.0015184709394671092,0.004403726193753954,-0.06735172563421654,-0.010217246086863474,True,True,Development
2019-04-16,0,0,0,0,0,0,0,0,5625.1221,5777.0111,5583.6142,5777.0111,5655.9825,15602963200.0,147394539976.1,0.026935077551472286,0.03185340634650413,0.024422367649584054,0.015219456303001921,-0.06774562280168095,0.021398333534447644,True,True,Development
2019-04-17,0,0,0,0,0,0,0,0,5776.6352,5840.6249,5757.9952,5807.7288,5777.0111,16980015500.0,158856829046.1,0.004789327877239069,-0.0024468050189493384,0.007684006080217909,-0.02427600067250213,-0.1132433635414608,0.005317230565819786,True,True,Development
2019-04-18,0,0,0,0,0,0,0,0,5804.3014,5826.6736,5762.5678,5775.171,5807.7288,15132250500.0,141406848441.0,-0.007201641872009001,0.002880880720632417,-0.016120458527532744,-0.026238437583547936,-0.15010573020897933,-0.005605943583316009,True,True,Development
2019-04-19,0,0,0,0,0,0,0,0,5762.5009,5810.1798,5710.7953,5810.1798,5775.171,14872428900.0,133507303999.7,0.010155660019072643,-0.008983512696718154,-0.021882738447815187,-0.058113327149328486,-0.15561179348362442,0.006061950373417391,True,True,Development
2019-04-22,0,0,0,0,0,0,0,0,5821.0229,5824.5207,5704.9769,5723.0417,5810.1798,15816102600.0,143410616804.9,-0.01894675590436168,-0.031716298522034614,-0.02903567000226015,-0.07144084590356103,-0.15857089309853079,-0.014997487685320832,True,True,Development
2019-04-23,0,0,0,0,0,0,0,0,5710.7334,5710.7334,5610.7353,5628.0624,5723.0417,14987146100.0,133768248901.6,-0.013016156558805503,-0.010283757949548056,-0.0495751736545782,-0.08172132497027429,-0.13487794755048454,-0.01659594757102678,True,True,Development
2019-04-24,0,0,0,0,0,0,0,0,5636.4016,5682.4788,5568.408,5679.7256,5628.0624,13478441200.0,121970724630.8,0.0027684329661676887,-0.03704115050992818,-0.041025731736361704,-0.09118086972369033,-0.11122819921135507,0.009179571285492516,True,True,Development
2019-04-25,0,0,0,0,1,0,-1,-1,5652.0056,5662.7898,5457.8254,5458.4194,5679.7256,15140171800.0,132098714891.2,-0.03969967757993731,-0.04367325821474777,-0.07217984709710834,-0.1272049518139191,-0.1255504594687593,-0.038964241511949105,True,True,Development
2019-04-26,0,0,0,0,0,0,0,0,5427.6228,5496.0353,5407.1942,5408.0306,5458.4194,12427988000.0,108970816460.3,-0.004137852026120936,-0.033822928888868176,-0.056222256270277216,-0.10351400985344816,-0.07830641805101124,-0.009231390317863797,True,True,Development
2019-04-29,-1,0,0,-1,0,0,-1,-1,5405.1641,5421.6568,5252.0486,5265.6011,5408.0306,13867238700.0,119713196260.4,-0.029808419692567645,-0.05230081728693481,-0.0873463952741047,-0.09383359887260401,-0.06180304498063249,-0.02633666680806135,True,True,Development
2019-04-30,-1,0,0,-1,0,0,-1,-1,5244.0447,5349.9438,5244.0447,5307.56,5265.6011,10219034000.0,90849649254.3,-0.02318345989689985,-0.059305787382018416,-0.0721307543392985,-0.05788724493519304,-0.025133958144941126,0.00796849195431859,True,True,Development
2019-05-06,-1,0,0,-1,0,0,-1,-1,5122.4696,5125.1616,4874.6433,4908.7984,5307.56,14338623300.0,116597523171.7,-0.03697964356879746,-0.05010899430227955,-0.04382485744766551,-0.02205865701965326,-0.03617257191726431,-0.0751308699289317,True,True,Development
2019-05-07,-1,0,0,-1,0,0,-1,-1,4933.0425,4990.1939,4886.0568,4973.4043,4908.7984,11657368700.0,97660954760.0,-0.013633513191909308,-0.007108067688449737,0.0015079740342800463,0.0018956252657462702,-0.003182640327951569,0.013161245326351212,True,True,Development
2019-05-08,-1,1,0,0,0,0,-1,0,4865.7878,5028.526,4842.5603,4947.7419,4973.4043,10773812100.0,88503433406.3,0.006615639917548544,0.015350772181228267,0.029530058832405226,0.028118221678306687,0.02802678735805131,-0.005159926370755796,True,True,Development
2019-05-09,-1,1,0,0,0,0,-1,0,4897.9781,4955.7835,4879.6945,4888.4128,4947.7419,9093465600.0,75438861419.0,0.00867772356924168,0.02276382166755697,0.009068149978048945,0.03534732015237063,0.011693416922382571,-0.01199114691087666,True,True,Development
2019-05-10,-1,1,0,0,0,0,-1,0,4940.4814,5064.323,4842.6072,5064.323,4888.4128,12217748300.0,103926817467.4,0.013964914431213282,0.00038706754366080176,0.012574422403452523,0.034765782136129575,-0.01860257990243608,0.035985136116164274,True,True,Development
2019-05-13,-1,1,0,0,0,0,-1,0,5009.4748,5040.5037,4985.1882,5005.9044,5064.323,9173639400.0,81269399674.7,-0.013390844884577535,-0.0013713413629709015,0.012303425500812981,-0.014432271422944343,-0.03210578082955917,-0.011535322687751148,True,True,Development
2019-05-14,0,0,0,0,0,1,1,1,4942.3937,5018.4131,4941.9271,4965.6124,5005.9044,8754096900.0,78269150192.2,0.012182639355500902,0.026043008269454715,0.03436541285652761,-0.0050686573188208905,0.0046934949759263045,-0.008048895220611918,True,True,Development
2019-05-15,0,0,0,0,0,0,0,0,5002.6051,5086.7298,4999.3368,5076.555,4965.6124,9746386000.0,88150026771.1,0.013693545388981487,0.021915781439554527,-0.013078865649419291,-8.893366378237566e-05,-0.011801311280796423,0.02234217878141287,True,True,Development
2019-05-16,0,0,0,0,0,0,0,0,5071.1085,5118.4448,5059.2068,5108.3588,5076.555,10442216600.0,91206178690.5,0.008111165438483559,-0.02641075417731653,-0.030321989758254952,-0.022846346119393846,-0.027135664717092944,0.006264839049315851,True,True,Development
2019-05-17,0,0,0,0,0,0,0,0,5112.2411,5116.9934,4923.6727,4942.5792,5108.3588,11907121300.0,103931108299.2,-0.034244159572208055,-0.03812392572799428,-0.021532806815390604,-0.051575306180297265,-0.03683730800568075,-0.03245261472236438,True,True,Development
2019-05-20,0,0,0,0,1,0,-1,-1,4937.1767,4947.7455,4835.8087,4923.5589,4942.5792,9568649700.0,84271517275.2,-0.004017336466811017,0.013162077022683905,0.0036611004827920013,-0.017932313421150203,-0.0031330253989085843,-0.00384825396424604,True,True,Development
2019-05-21,0,0,0,0,0,0,0,0,4917.3424,5026.2842,4904.8232,5009.8725,4923.5589,10083707300.0,91301255167.5,0.017248707350539627,0.007709408236448834,-0.013984525462371722,0.009811885379386931,-0.01417005250641079,0.01753073371377778,True,True,Development
2019-05-22,0,0,0,0,0,0,0,0,5002.1602,5018.1092,4941.0098,4976.3929,5009.8725,9409270900.0,86507936442.6,-0.009377548523935797,-0.030703634801620305,-0.03069044050208547,-0.011713419334310915,-0.032838852302251254,-0.006682724959567454,True,True,Development
2019-05-23,0,0,0,0,0,0,0,0,4955.2522,4957.9863,4860.1881,4872.9202,4976.3929,9056368100.0,82582767292.1,-0.021527965821800055,-0.021514646620811706,0.0020863922930098866,-0.004389605033624622,-0.03607537876679612,-0.020792711122146423,True,True,Development
2019-05-24,0,0,0,0,0,0,0,0,4848.5757,4892.4587,4831.3352,4841.7573,4872.9202,7793343600.0,69305381771.0,1.3612244931904272e-05,0.024133912150737347,0.019591753512273602,0.015539450069842031,-0.03192945920180246,-0.006395118064933536,True,True,Development
2019-05-27,0,0,0,0,0,0,0,0,4848.6417,4974.2676,4824.142,4962.947,4841.7573,9307641400.0,81678357210.7,0.02411997157884449,0.019577874768514913,0.01750158193788587,0.015069519366630146,-0.02430214631037808,0.025030106321107803,True,True,Development
2019-05-28,0,0,0,0,0,0,0,0,4965.5908,5002.2491,4933.8967,4955.4855,4962.947,9026398900.0,83641973469.4,-0.004435121798598507,-0.006462513987257945,-0.008391931932852814,-0.02374891624174902,-0.015351687859579521,-0.0015034414028600729,True,True,Development
2019-05-29,0,0,0,0,0,0,0,0,4943.5678,4992.9887,4930.4307,4956.8638,4955.4855,8587685200.0,78641296290.8,-0.0020364239770311876,-0.003974437247527995,-0.004421786224920288,-0.0213758168746061,-0.01780657281568998,0.0002781362189436809,True,True,Development
2019-05-30,0,0,0,0,0,0,0,0,4933.5006,4933.8544,4865.7753,4926.403,4956.8638,9477960200.0,80822550059.3,-0.0019419679405735524,-0.002390229769101415,-0.017398842517623248,-0.03182547499842214,-0.010798458198221561,-0.006145175907395273,True,True,Development
2019-05-31,0,0,0,0,0,0,0,0,4923.9199,4969.0513,4902.7379,4912.0005,4926.403,8671672900.0,75731116074.4,-0.00044913403241986227,-0.015486949736936095,-0.017470816290086177,-0.04674255566180108,-0.02595484950922944,-0.0029235326464359668,True,True,Development
2019-06-03,0,0,0,0,0,0,0,0,4921.7084,4942.0652,4838.3523,4853.8153,4912.0005,9854083000.0,83580691984.2,-0.015044572734134398,-0.017029330709637303,-0.029505770801049547,-0.03878716179121877,-0.023854846825139053,-0.011845519966864781,True,True,Development
2019-06-04,0,0,0,0,1,0,-1,-1,4847.6634,4853.8105,4768.0393,4795.4129,4853.8153,8675165300.0,77250794625.1,-0.002015073901376896,-0.014682083743685737,-0.03174727436727576,0.008601504799198745,0.011406815085387212,-0.01203226665835433,True,True,Development
2019-06-05,0,0,0,0,0,0,0,0,4837.895,4850.8038,4777.9781,4783.8245,4795.4129,8130016500.0,72772853682.6,-0.01269258634178716,-0.029792234019134556,-0.022134771424348942,0.0036472060679282325,0.003165384945311933,-0.0024165593748977088,True,True,Development
2019-06-06,0,0,0,0,0,1,1,1,4776.4896,4776.6879,4668.5413,4678.7844,4783.8245,8341693100.0,70429637482.1,-0.017319476629866437,-0.009563571540069926,0.02363053402230797,0.02171820912161082,0.04126371383704042,-0.021957348142683797,True,True,Development
2019-06-10,0,0,0,0,0,0,0,0,4693.7633,4750.5423,4662.7808,4725.2643,4678.7844,7336138100.0,63265364509.3,0.007892600804987326,0.04167174343878832,0.03446626718479817,0.02180702209674701,0.07214068506607485,0.009934182904431488,True,True,Development
2019-06-11,0,0,0,0,0,0,0,0,4730.8093,4903.8673,4728.4832,4901.4723,4725.2643,11681144600.0,99669915566.1,0.03351462507693981,0.026365573433704048,0.03158383492651029,0.01553486842092755,0.06117169001084011,0.03729061250605614,True,True,Development
2019-06-12,0,0,0,0,0,0,0,0,4889.3606,4917.0919,4852.9834,4863.4922,4901.4723,10784756100.0,94685225285.3,-0.006917223491349822,-0.0018681788371265329,-0.019070039546684403,0.0027813861796162076,0.011129164823719506,-0.007748712565406213,True,True,Development
2019-06-13,0,0,0,0,0,0,0,0,4855.5398,4892.5811,4831.5194,4877.6505,4863.4922,9617253800.0,79697102665.4,0.005084213293854667,-0.012237465338045372,-0.01055248275382259,-0.00048007020764184727,0.024599963118415724,0.0029111386258622307,True,True,Development
2019-06-14,0,0,0,0,0,0,0,0,4880.2264,4893.9284,4786.195,4795.5267,4877.6505,10280389400.0,83140662637.5,-0.017234057010142023,-0.01555759790160538,0.00465826749349163,0.019130034622983905,0.025606537434410992,-0.01683675367884585,True,True,Development
2019-06-17,0,0,0,0,0,0,0,0,4796.1203,4826.5959,4779.6429,4802.8185,4795.5267,7336113800.0,64090002525.5,0.0017058579619031455,0.022276234397206496,0.011903058394928223,0.04925946081877908,0.051821781868148786,0.0015205420501569478,True,True,Development
2019-06-18,0,0,0,0,1,0,-1,-1,4804.3018,4825.6252,4773.5495,4797.1468,4802.8185,6652389700.0,56694905767.0,0.020535346051740344,0.010179835080302402,0.035235817200326425,0.04493870472500294,0.060058674915052235,-0.0011809107506352001,True,True,Development
2019-06-19,0,0,0,0,0,0,0,0,4902.9598,4931.1098,4856.9033,4858.9164,4797.1468,9827437600.0,88246816060.7,-0.010147136021796288,0.014404666340523509,0.026395239871230602,0.008324624648156531,0.035029840546520585,0.01287632056621657,True,True,Development
2019-06-20,0,0,0,0,0,1,1,1,4853.2088,4987.5951,4837.1763,4954.7338,4858.9164,11969596100.0,102804340132.3,0.024803486715840428,0.03691697748508149,0.03440859581396949,0.025092079285770508,0.03990642232413322,0.019719911213125663,True,True,Development
2019-06-21,0,0,0,0,0,0,0,0,4973.5853,5045.7149,4973.5853,5021.3051,4954.7338,12281421400.0,106832740482.8,0.011820305967206401,0.00937263506871,-0.005993704380620524,0.006354932728307672,0.010605287095407867,0.0134358984129479,True,True,Development
2019-06-24,0,0,0,0,0,0,0,0,5032.3746,5038.4798,4996.1699,5024.2046,5021.3051,9962015700.0,86442218788.6,-0.002419076672074527,-0.01760590318534716,-0.01140390065556729,0.0024420280636501257,-0.0007431283036839487,0.0005774395186621817,True,True,Development
2019-06-25,0,0,0,0,0,0,0,0,5020.2009,5020.2009,4910.1971,4974.9882,5024.2046,9920218000.0,85713850536.5,-0.015223653698799189,-0.009006611667672582,-0.002989681150011303,0.014469719727750352,-0.030223073343538798,-0.009795859030104048,True,True,Development
2019-06-26,0,0,0,0,0,0,0,0,4943.7751,4991.1275,4928.733,4962.5936,4974.9882,7003568700.0,64206718430.5,0.006313151259651706,0.012423097482731515,0.020407218766889335,0.026484740375831484,-0.010490768481762003,-0.0024913827936314803,True,True,Development
2019-06-27,0,0,0,0,0,0,0,0,4974.9859,5030.3718,4972.6702,5007.4833,4962.5936,8163126600.0,77117707879.1,0.006071615197944746,0.01400564773459978,0.023689695281347456,0.014451719350601522,-0.021568583742116676,0.009045612761842792,True,True,Development
2019-06-28,0,0,0,0,0,0,0,0,5005.1921,5005.1921,4920.4349,4950.4798,5007.4833,7716462800.0,70271421892.0,0.007886150863220642,0.017511755442912946,0.013889097283598772,0.00422351421836531,-0.031361453639311976,-0.011383662527641336,True,True,Development
2019-07-01,0,0,0,0,0,0,0,0,5044.6638,5100.2619,5016.2363,5100.2619,4950.4798,11163021400.0,108157182513.9,0.009550289555470437,0.005955976689665743,0.00043991038609947353,-0.0031773970745088143,-0.03841155876433233,0.030256077400820924,True,True,Development
2019-07-02,0,0,0,0,0,0,0,0,5092.8418,5102.4091,5066.2507,5084.41,5100.2619,9708063700.0,91618108604.6,-0.0035603108661258487,-0.009024195489441778,-0.013059545654844351,-0.044055324867935175,-0.034371517293154574,-0.003108056078453658,True,True,Development
2019-07-03,0,0,0,0,0,0,0,0,5074.7097,5074.7097,5021.8958,5040.7227,5084.41,8535858900.0,79210212964.4,-0.0054834072577590875,-0.00953317585831559,-0.009079297678840637,-0.03602148907158176,-0.028388441608788062,-0.008592403051681408,True,True,Development
2019-07-04,0,0,0,0,0,0,0,0,5046.883,5067.997,5002.3322,5025.0207,5040.7227,8014718900.0,72016475806.0,-0.004072097569925659,-0.003615716869204144,-0.0353501359155739,-0.03550716353044048,-0.027178319766873904,-0.0031150295174936504,True,True,Development
2019-07-05,0,0,0,0,0,0,0,0,5026.3316,5055.0145,5001.5234,5042.6599,5025.0207,6490414100.0,60552010316.7,0.0004582467261013967,-0.03140592634198669,-0.026743261427479292,-0.03543530633752867,-0.032850817084969286,0.003510274096980348,True,True,Development
2019-07-08,0,0,0,0,1,0,-1,-1,5028.6349,5028.6349,4855.2148,4870.7807,5042.6599,9176607700.0,81431278977.5,-0.03184957810319444,-0.02718904886095419,-0.0320071755457928,-0.03534647146485015,-0.028478026909450116,-0.03408502722937934,True,True,Development
2019-07-09,0,0,0,0,0,0,0,0,4868.475,4892.5583,4838.9366,4881.6235,4870.7807,6101251200.0,56755420859.3,0.004813848278978572,-0.0001627819799835395,-0.004160029578050728,0.010130092071952701,-0.01857298229938542,0.0022260907784248385,True,True,Development
2019-07-10,0,0,0,0,0,0,0,0,4891.9111,4896.0413,4829.2848,4843.8649,4881.6235,6079519200.0,55261260669.1,-0.004952788287587717,-0.008930885927178944,-0.008385414035835592,0.007918275538572273,-0.011068107922075798,-0.007734844770392546,True,True,Development
2019-07-11,0,0,0,0,0,0,0,0,4867.6825,4905.1604,4821.5516,4844.5474,4843.8649,6262848400.0,56483156357.0,-0.0039978983838818705,-0.0034497114386567995,0.010294549819138687,0.00863546461791631,0.0011281960152496051,0.0001408998834795394,True,True,Development
2019-07-12,0,0,0,0,0,0,0,0,4848.222,4874.3204,4820.6635,4861.5679,4844.5474,6147939800.0,54064544424.8,0.0005503873378736035,0.014349817314471158,0.01700099541646405,0.0026794358839177246,0.006702952133792683,0.003513331296954414,True,True,Development
2019-07-15,0,0,0,0,0,0,0,0,4850.8904,4951.6237,4787.9062,4925.3243,4861.5679,8459448100.0,75865112765.4,0.013791839122978322,0.016441558852782867,0.012127010744254152,0.007120115515287573,0.009639776648014964,0.01311436995459836,True,True,Development
2019-07-16,0,0,0,0,0,0,0,0,4917.7931,4940.2313,4909.6633,4932.0458,4925.3243,6892496200.0,60958972154.8,0.0026136723808083406,-0.001642179700483859,-0.011505282725294053,-0.02841522552056941,-0.0030403881773717334,0.0013646817124304267,True,True,Development
2019-07-17,0,0,0,0,0,0,0,0,4930.6466,4953.4093,4914.4924,4929.085,4932.0458,7536108800.0,65860765215.8,-0.004244757675392896,-0.014082148982245135,-0.009170663336528828,-0.0188372251217519,-0.003367225710315558,-0.0006003188372661894,True,True,Development
2019-07-18,0,0,0,0,0,0,0,0,4909.7172,4909.7172,4843.5134,4844.1087,4929.085,7263615800.0,59848894329.2,-0.009879326654496645,-0.0049469040701570766,-0.026817084291535287,-0.0074429948836971516,-0.006550255073754507,-0.017239771681762495,True,True,Development
2019-07-19,0,0,0,0,0,0,0,0,4861.2125,4920.4135,4861.2031,4878.6903,4844.1087,6859729800.0,57390762230.9,0.00498163781155414,-0.017106760916129504,-0.004822994263262492,0.004012764305201699,-0.018057696510901278,0.007138898431408025,True,True,Development
2019-07-22,0,0,0,0,0,0,0,0,4885.4293,4886.402,4766.0716,4776.5749,4878.6903,7219157800.0,61198813614.8,-0.021978907769681588,-0.00975603106158962,-0.002508500123008517,0.002501847688185732,-0.01832363022836081,-0.020930904345373258,True,True,Development
2019-07-23,0,0,0,0,0,0,0,0,4778.0529,4823.9182,4778.0529,4823.9182,4776.5749,5472926300.0,48300963629.5,0.012497559413793935,0.019907962927744105,0.02148709990213793,0.026116956553578596,-0.0234849848564882,0.00991155817529421,True,True,Development
2019-07-24,0,0,0,0,1,0,-1,-1,4837.7669,4898.8054,4837.7669,4873.0271,4823.9182,6945138300.0,63586100131.0,0.0073189346927815535,0.008878579908428552,0.012378645196815974,0.015767006053970967,-0.032936394682430814,0.010180292858199769,True,True,Development
2019-07-25,0,0,0,0,0,0,0,0,4873.1742,4899.715,4861.7715,4891.6432,4873.0271,6738441800.0,65540811955.8,0.0015483132123614851,0.005022947876560435,0.006087797969545061,0.0008994342947969969,-0.047465510262284516,0.0038202332180750087,True,True,Development
2019-07-26,0,0,0,0,0,0,0,0,4880.7194,4902.0916,4868.197,4898.1099,4891.6432,5925277700.0,57190685291.2,0.003469263158213831,0.004532467078521174,0.006827804933838166,-0.0219822512230472,-0.04168887479989114,0.0013219893061702237,True,True,Development
2019-07-29,0,0,0,0,0,0,0,0,4897.6519,4914.48,4872.545,4897.0183,4898.1099,5658152100.0,54815760176.9,0.0010595281383718458,0.003346930393317571,-0.004102904904286775,-0.020773505769162592,-0.059117165921898085,-0.0002228614756072389,True,True,Development
2019-07-30,0,0,0,0,0,0,0,0,4902.8411,4961.0247,4902.7813,4922.9175,4897.0183,7119412700.0,65553974536.0,0.0022849812530127966,-0.005156969088800256,-0.026395083454774815,-0.04833946178675863,-0.051703103329210354,0.005288769290488382,True,True,Development
2019-07-31,0,0,0,0,0,0,0,0,4914.044,4921.7224,4892.5557,4903.203,4922.9175,6275454700.0,58776188915.0,-0.00742498439167405,-0.028614680698829775,-0.024039976036030586,-0.047947413576272524,-0.040809850298450745,-0.0040046374939248786,True,True,Development
2019-08-01,0,0,0,0,0,0,0,0,4877.5573,4900.0866,4850.5281,4870.469,4903.203,6433250400.0,61801931692.3,-0.021348206406514247,-0.016739280541102075,-0.04340633784045966,-0.048321482558493,-0.05996093577414263,-0.006676044210284671,True,True,Development
2019-08-02,0,0,0,0,0,0,0,0,4773.4302,4816.8104,4756.4044,4809.9198,4870.469,7900236100.0,73848047874.7,0.004709464485308734,-0.022539305173038815,-0.01990222879974246,-0.02014955618288916,-0.014934480449719345,-0.012431903375219155,True,True,Development
2019-08-05,0,0,0,0,1,0,-1,-1,4795.9105,4838.7588,4749.9444,4751.9846,4809.9198,7161254200.0,69025913447.0,-0.027121044064521205,-0.02449632869504137,-0.03211986545620482,-0.0391570901917373,-0.006433064169983904,-0.012044940957227634,True,True,Development
2019-08-06,0,0,0,0,0,0,0,0,4665.8404,4684.5159,4558.0604,4650.5627,4751.9846,9866786600.0,84239326255.9,0.0026978848226355545,-0.0051381740361285955,0.002444854307489752,-0.0035344972365535243,0.04561538367236051,-0.02134306159157151,True,True,Development
2019-08-07,0,0,0,0,0,0,0,0,4678.4283,4686.7321,4624.7423,4626.3641,4650.5627,6741740600.0,62344725908.4,-0.007814974956439902,-0.0002523497047073331,-0.015028914731898158,0.007497026298340481,0.04003248270364668,-0.005203370336239188,True,True,Development
2019-08-08,0,0,0,0,0,0,0,0,4641.8665,4663.032,4636.2385,4656.1009,4626.3641,6007779600.0,56743200906.6,0.007622192495195579,-0.007270760587362868,0.0016119593271370913,-0.012230446524043703,0.05439536014230484,0.006427682594199791,True,True,Development
2019-08-09,0,0,0,0,0,0,0,0,4677.2477,4690.654,4593.2238,4600.3526,4656.1009,6444333700.0,64477323102.3,-0.014780294830226692,-0.005964768553951005,0.007751332049401594,0.005322318080352995,0.045172976406616216,-0.01197317266041209,True,True,Development
2019-08-12,0,0,0,0,0,0,0,0,4608.1166,4685.045,4591.6615,4685.045,4600.3526,6194650700.0,62148044562.9,0.008947777059286954,0.022869647005025806,-0.004996010734624301,0.03405762345510088,0.04152813754756113,0.01840998013934847,True,True,Development
2019-08-13,0,0,0,0,0,0,0,0,4649.349,4667.715,4638.0294,4658.3884,4685.045,5869131700.0,57730564572.2,0.013798404894964866,-0.013820128366358486,0.011354815480618896,0.04932421721836744,0.04924132389287195,-0.00568972122999889,True,True,Development
2019-08-14,0,0,0,0,0,0,0,0,4713.5026,4731.8627,4677.1302,4683.8403,4658.3884,7114878700.0,69438518109.2,-0.02724262844365455,-0.002410330695479024,0.010937832091150401,0.03229335229389729,0.0459088109975796,0.005463670654855646,True,True,Development
2019-08-15,0,0,0,0,0,0,0,0,4585.0944,4709.363,4576.4614,4706.5504,4683.8403,7826161100.0,72618382798.6,0.02552774049755646,0.0392497262433682,0.06402923787130743,0.06745075957432856,0.07687878792637304,0.00484860681522381,True,True,Development
2019-08-16,0,0,0,0,0,0,0,0,4702.1415,4755.9526,4696.9213,4722.6625,4706.5504,7754245800.0,76502437623.1,0.013380414009233954,0.03754310668872907,0.03478753244665245,0.03963968332301371,0.055535759610807256,0.0034233352733246125,True,True,Development
2019-08-19,0,0,0,0,0,0,0,0,4765.0581,4875.0363,4765.0581,4875.0363,4722.6625,10658092600.0,105144365497.5,0.023843654708008755,0.02112446435857729,0.02713595454376505,0.007224465951422454,0.02707028902753561,0.03226438476177362,True,True,Development
2019-08-20,0,0,0,0,0,0,0,0,4878.6745,4912.9917,4864.8159,4872.6061,4875.0363,10020229300.0,94825269892.6,-0.002655864825579113,0.0032156275234185294,0.002020712798117552,-7.899686687440344e-05,0.028846031847379994,-0.0004984988522033218,True,True,Development
2019-08-21,1,0,0,1,0,0,1,1,4865.7174,4896.2914,4859.328,4882.7213,4872.6061,8494079000.0,83121773981.2,0.005887127764551137,0.0046890310563452164,-0.013612442843474626,0.013189524734831481,0.03510405269323691,0.0020759322203369734,True,True,Development
2019-08-22,1,0,0,1,0,0,1,1,4894.3625,4896.5752,4851.9692,4887.9142,4882.7213,8223811000.0,82031364627.7,-0.001191084640747353,-0.01938544601058867,-0.0032840640635016793,0.008832284081941255,0.04601445029868545,0.0010635257842792623,True,True,Development
2019-08-23,1,0,0,1,0,0,1,1,4888.5329,4902.7831,4861.2002,4887.9024,4887.9142,8250252800.0,81178885784.7,-0.018216058237022326,-0.002095475311212569,0.008460820627800292,0.015289986081509221,0.05393276579973527,-2.4141176618863724e-06,True,True,Development
2019-08-26,1,0,0,1,0,0,1,1,4799.4831,4867.3032,4793.8441,4855.4584,4887.9024,8845314400.0,86780252776.6,0.016419684861480155,0.027171842734481144,0.02877555710113855,0.019703475984736762,0.08401377640021268,-0.006637612076705879,True,True,Development
2019-08-27,1,0,0,1,0,0,1,1,4878.2891,4976.5805,4878.2891,4936.1238,4855.4584,10819263700.0,105376287946.2,0.01057846284673869,0.012156270115274648,0.017421968698001278,0.028927313881418115,0.07913399392422216,0.01661334386059199,True,True,Development
2019-08-28,1,0,0,1,0,0,1,1,4929.8939,4948.0177,4910.6033,4928.1935,4936.1238,9899429300.0,92168539738.9,0.0015612912075044783,0.006771869877362002,-0.007270805564395522,0.0216292484509657,0.06746609698841599,-0.0016065845026009828,True,True,Development
2019-08-29,1,0,0,1,0,0,1,1,4937.5909,4954.9574,4912.22,4934.1838,4928.1935,9681799600.0,94062432252.4,0.005202456120858567,-0.008818328792691177,0.016569619001849833,0.036856637920326785,0.05928063015508234,0.0012155163956122372,True,True,Development
2019-08-30,1,0,0,1,0,0,1,1,4963.2785,4975.9723,4862.5821,4886.494,4934.1838,10245163400.0,108135467947.0,-0.013948219911495974,0.011308331781100023,0.014757443089280509,0.0380608301549068,0.06044839111889444,-0.009665185151797595,True,True,Development
2019-09-02,1,0,0,1,0,0,1,1,4894.0496,5020.2648,4890.2253,5008.2958,4886.494,10829293000.0,109204318758.9,0.025613818870981575,0.029111719668717617,0.04608132700575829,0.06306764851749747,0.07018923551571676,0.02492621499177128,True,True,Development
2019-09-03,1,0,0,1,0,0,1,1,5019.4049,5044.1805,4999.8872,5044.1805,5008.2958,10909044900.0,115052722425.3,0.0034105437479250433,0.019956349805531737,0.026453355058086547,0.04879516693303598,0.025632162091565824,0.007165052032270136,True,True,Development
2019-09-04,1,0,0,1,0,0,1,1,5036.5238,5093.2662,5027.6672,5093.2662,5044.1805,12249922400.0,123208416373.0,0.016489567665698424,0.022964489912665753,0.032995376692154244,0.04486642155845666,0.022629596230638427,0.00973115454532203,True,True,Development
2019-09-05,1,0,0,1,0,0,1,1,5119.5739,5208.9999,5119.4281,5138.4051,5093.2662,15894736900.0,160737034593.1,0.006369885587548696,0.016238050592452424,0.028274560115246983,0.021626897504106735,0.015461052334843739,0.00886246628931353,True,True,Development
2019-09-06,1,0,0,1,0,0,1,1,5152.185,5167.4828,5111.7349,5154.6378,5138.4051,11279857600.0,122605223229.7,0.009805703793632992,0.02176602742331646,0.02141025603700175,0.021566713928168113,0.007899328149124862,0.0031590930812366302,True,True,Development
2019-09-09,1,0,0,1,0,0,1,1,5202.7058,5263.4594,5171.8514,5263.4594,5154.6378,13294192700.0,139542294574.0,0.011844183078735693,0.011491866405361595,0.00530274073925141,0.006699091076800778,-0.006647233445335243,0.021111396032520435,True,True,Development
2019-09-10,1,0,0,1,0,0,1,1,5264.3276,5264.3276,5212.5251,5245.305,5263.4594,13111154700.0,138175230569.9,-0.00034819261628016296,-0.006464871221160351,-0.00019506764738574933,-0.0220853466642158,-0.019409183425438625,-0.003449138412656816,True,True,Development
2019-09-11,1,0,0,1,0,0,1,1,5262.4946,5273.9678,5206.9728,5217.2913,5245.305,11560394100.0,119062341479.8,-0.006118809129039393,0.00015317830444905312,-0.0047383231519135816,-0.0212819790826958,-0.030969513963966744,-0.0053407189858359905,True,True,Development
2019-09-12,1,0,0,1,0,0,1,1,5230.2944,5255.7851,5197.5696,5242.6115,5217.2913,9604422600.0,99874269567.8,0.006310600795244037,0.0013889849106771823,-0.01572211690416503,-0.006035319923865079,-0.048995712363724686,0.004853131355728513,True,True,Development
2019-09-16,0,0,0,0,1,0,-1,-1,5263.3007,5279.5896,5228.29,5250.3398,5242.6115,11413633900.0,116963948641.2,-0.004890752299217871,-0.021894549935176477,-0.021431874488949454,-0.013378847991717513,-0.04828950776078589,0.001474131737589035,True,True,Development
2019-09-17,0,0,0,0,0,0,0,0,5237.5592,5237.5592,5118.2077,5140.4502,5250.3398,11477143500.0,113656216325.8,-0.0170873677189175,-0.016622418320350385,-0.007414006890843372,-0.013257511246841824,-0.05393374837653375,-0.020929997711767068,True,True,Development
2019-09-18,0,0,0,0,0,0,0,0,5148.0631,5163.8104,5119.6137,5141.0381,5140.4502,8955599900.0,92044125712.6,0.00047303227499284617,0.009841526612212492,0.008706322966398616,0.0027366020435919403,-0.04309477092462222,0.00011436741474502021,True,True,Development
2019-09-19,0,0,0,0,0,0,0,0,5150.4983,5191.6687,5126.1532,5191.6687,5141.0381,8812931100.0,92724183285.5,0.009364064832328767,0.008229397920585635,0.003421785422198731,-0.009898187909313516,-0.031522678106698954,0.00984832226783161,True,True,Development
2019-09-20,0,0,0,0,0,0,0,0,5198.7279,5220.2351,5180.0778,5204.4848,5191.6687,9418643800.0,104270351934.7,-0.0011241403882669143,-0.005887151739563112,-0.007035682709995106,-0.04322124648993453,-0.027106073391530927,0.002468589723377379,True,True,Development
2019-09-23,0,0,0,0,0,0,0,0,5192.8838,5192.8838,5124.7981,5171.484,5204.4848,9465768000.0,103757230386.2,-0.004768371670477167,-0.0059181952039826236,-0.01797962434668754,-0.03538405769834474,-0.018807930961212582,-0.006340838962580864,True,True,Development
2019-09-24,0,0,0,0,0,0,0,0,5168.1222,5237.4102,5159.3315,5180.7418,5171.484,9452799600.0,108590216780.5,-0.0011553325886913823,-0.013274550667551788,-0.03755518783979217,-0.04122274817727789,-0.010230872636873722,0.0017901631330579093,True,True,Development
2019-09-25,0,0,0,0,0,0,0,0,5162.1513,5162.1513,5087.0091,5087.0091,5180.7418,9220292000.0,103768929295.1,-0.012133236001819703,-0.03644195783258042,-0.02964128540750066,-0.04570629303329421,-0.018949231495791308,-0.018092524896724194,True,True,Development
2019-09-26,0,0,0,0,0,0,0,0,5099.5177,5108.8037,4970.2403,4970.2403,5087.0091,9467075200.0,100909210437.1,-0.024607287861752147,-0.017723087812794636,-0.02832418838354067,-0.02184067328563255,-0.01181415646424766,-0.022954313173923713,True,True,Development
2019-09-27,0,0,0,0,0,0,0,0,4974.0324,5033.185,4974.0324,5005.6299,4970.2403,7432983300.0,77773539941.2,0.0070578752160923575,-0.003810670794987092,-0.009614714210546826,0.016843155263725373,0.012019282383444185,0.007120299595977153,True,True,Development
2019-09-30,0,0,0,0,1,0,-1,-1,5009.1385,5022.4285,4940.903,4940.903,5005.6299,6578513000.0,66977336936.6,-0.01079237477662065,-0.016555741072042718,-0.004191878503658875,0.017184172487943794,-0.010450020497536627,-0.012930820155121703,True,True,Development
2019-10-08,0,0,0,0,0,0,0,0,4955.078,4994.4433,4937.0284,4941.7607,4940.903,6644342500.0,69528043024.5,-0.005826245318439116,0.006672508485234596,0.020732832056326922,0.03232437511579023,-0.0001958596817245306,0.00017359175033382357,True,True,Development
2019-10-09,0,0,0,0,0,0,0,0,4926.2085,4985.4405,4904.3222,4982.9535,4941.7607,6650575900.0,67224088877.7,0.012572001367786356,0.02671472390987928,0.0343079063746492,0.028038602101393195,0.01687884302907605,0.00833565251348567,True,True,Development
2019-10-10,0,0,0,0,0,0,0,0,4988.1408,5049.2193,4979.1948,5046.3594,4982.9535,7381815400.0,75962306588.5,0.013967127792383183,0.021466033998078116,0.025481838844645166,0.010250392290450216,-0.005303679479135792,0.012724561848710847,True,True,Development
2019-10-11,0,0,0,0,0,0,0,0,5057.8108,5074.9035,5012.3843,5055.5165,5046.3594,8278601600.0,82692670947.9,0.007395610765037031,0.011356098966770256,0.0012894313879832087,-0.004743969465998976,-0.020657890168608084,0.0018145952902204332,True,True,Development
2019-10-14,0,0,0,0,0,0,0,0,5095.2164,5151.6944,5089.3126,5131.1312,5055.5165,10368887800.0,100737694041.6,0.003931413001418305,-0.006061351977121099,-0.010979945817414127,-0.02716734464899273,-0.013572024144057893,0.014956869392078964,True,True,Development
2019-10-15,0,0,0,0,0,0,0,0,5115.2478,5115.2478,5057.2839,5061.0029,5131.1312,8832143000.0,86494758013.9,-0.009953633135817874,-0.014852965676462437,-0.015919287429242424,-0.031501953825189055,-0.006709020040045699,-0.013667220202827624,True,True,Development
2019-10-16,0,0,0,0,0,0,0,0,5064.3325,5086.9729,5036.5028,5038.356,5061.0029,7822140800.0,73744399915.3,-0.004948588979890256,-0.006025631215959892,-0.021234703685036438,-0.010855389135685733,-0.01750661118716046,-0.004474785027291817,True,True,Development
2019-10-17,0,0,0,0,0,0,0,0,5039.2712,5049.3606,5017.4677,5029.854,5038.356,7051450800.0,65942908151.8,-0.0010823985817631776,-0.016367108799383523,-0.01690000331794006,-0.01539625412500123,-0.01770996171033634,-0.001687455193717824,True,True,Development
2019-10-18,0,0,0,0,0,0,0,0,5033.8167,5056.5575,4953.1478,4961.8072,5029.854,8203885000.0,74431254150.2,-0.015301272293049561,-0.015834744240885934,-0.004859036682841489,-0.01598977571034721,-0.024865625321637164,-0.013528583533438554,True,True,Development
2019-10-21,0,0,0,0,0,0,0,0,4956.7929,4957.2357,4906.3624,4951.0354,4961.8072,6989927100.0,65366244551.4,-0.0005417615894341976,0.010604497920419398,0.0009870091607013798,0.013974983703676669,0.003544691165128011,-0.0021709428774259187,True,True,Development
2019-10-22,0,0,0,0,0,0,0,0,4954.1075,5011.0127,4954.1075,5005.5525,4951.0354,6553498200.0,63627854013.6,0.01115230139838519,0.0015295994283530678,-0.00015752585102357664,0.025599363760273608,0.008347436950045806,0.011011252313001041,True,True,Development
2019-10-23,0,0,0,0,0,0,0,0,5009.3572,5009.9404,4955.0555,4967.1949,5005.5525,6903650700.0,65559048969.1,-0.0095165703096598,-0.011185087779326253,0.0033351185257861626,-0.00672421603314699,0.0025447576387644943,-0.007663010227142664,True,True,Development
2019-10-24,0,0,0,0,0,0,0,0,4961.6853,4972.7625,4921.1123,4958.2465,4967.1949,6486844300.0,62074661055.7,-0.0016845485948090433,0.012975167933363396,0.024033003463561187,-0.002349887043420651,0.0017823984120879377,-0.001801499675400331,True,True,Development
2019-10-25,0,0,0,0,0,0,0,0,4953.3271,5001.5089,4922.0836,4994.5684,4958.2465,7315877700.0,72672829238.8,0.014684453203181347,0.02576094762649528,0.0045113313837077396,-0.00902007864572485,0.016822935032899444,0.007325553499609061,True,True,Development
2019-10-28,0,0,0,0,0,0,0,0,5026.064,5084.6884,5026.064,5084.4677,4994.5684,10290739500.0,101064614545.5,0.010916196053213811,-0.010025897004097062,-0.015128756816467304,-0.01028653833297799,-0.012906660161908001,0.017999413122463226,True,True,Development
2019-10-29,0,0,0,0,0,0,0,0,5080.9295,5080.9295,5007.7126,5007.7126,5084.4677,10870630500.0,105275425054.2,-0.02071595364588308,-0.025763711147734014,-0.03390753601284957,-0.016821311927276428,-0.03974810120864691,-0.015095995201228285,True,True,Development
2019-10-30,0,0,0,0,0,0,0,0,4975.6732,4984.4037,4938.1025,4947.8954,5007.7126,8576215500.0,83620058905.4,-0.00515453868634308,-0.01347063951064953,-0.0002632809566353034,0.009331722187863933,-0.019435641392203884,-0.011945014576115964,True,True,Development
2019-10-31,0,0,0,0,0,0,0,0,4950.0259,4967.7453,4911.3756,4917.4174,4947.8954,7958268700.0,79650641370.5,-0.008359188585255528,0.004916600537383076,0.009178881266055594,0.004142018731659647,-0.015106304797314118,-0.006159790685955069,True,True,Development
2019-11-01,0,0,0,0,0,0,0,0,4908.6477,4967.0484,4896.0073,4962.3495,4917.4174,7415565600.0,72447112677.3,0.013387699426870459,0.01768590970584416,0.023113718265012073,0.02607824146760418,0.0003172971651641543,0.00913733700946362,True,True,Development
2019-11-04,0,0,0,0,0,0,0,0,4974.3632,5016.9371,4974.3632,4987.8364,4962.3495,8127822700.0,82241598022.4,0.004241427324808145,0.009597529991376641,-0.0007707921287289921,-0.0026473539366806964,-0.02253211024076396,0.005136055007814333,True,True,Development
2019-11-05,0,0,0,0,0,0,0,0,4995.4616,5041.2355,4972.7168,5025.3029,4987.8364,8507295100.0,84235951765.0,0.005333481094119685,-0.004991050276514808,0.008246485169658868,-0.023319046231883633,-0.020643117344751327,0.007511573555219142,True,True,Development
2019-11-06,0,0,0,0,0,0,0,0,5022.1048,5027.7894,4955.8258,4974.7343,5025.3029,8321627500.0,82703564204.0,-0.01026975781150552,0.002897550047143538,-0.012128480472968217,-0.02850139646627836,-0.00922893922882706,-0.01006279641372454,True,True,Development
2019-11-07,0,0,0,0,0,0,0,0,4970.529,5020.2236,4960.8385,5007.0666,4974.7343,7209219800.0,70612908509.6,0.013303936059924304,-0.0018780093627861483,-0.018419930755861236,-0.01916892548056759,-0.008183776817316635,0.006499301882313624,True,True,Development
2019-11-08,0,0,0,0,1,0,-1,-1,5036.6566,5051.5643,4985.9488,4988.2938,5007.0666,7909655600.0,80301698426.8,-0.01498261763567521,-0.0313073557565946,-0.03130822935198718,-0.025106218279800863,-0.016349417190761106,-0.0037492610943101745,True,True,Development
2019-11-11,0,0,0,0,0,0,0,0,4961.1943,4961.1943,4868.4348,4876.1594,4988.2938,7709640100.0,71951297699.8,-0.01657304572812235,-0.01657393261134721,-0.0173234497185486,-0.019937538023858448,-0.011327796615423935,-0.02247950992782355,True,True,Development
2019-11-12,0,0,0,0,0,0,0,0,4878.9722,4887.2957,4823.4288,4881.6144,4876.1594,6878549300.0,64024939307.4,-9.018292828066876e-07,-0.0007630500538616802,0.006401553179581576,0.0027398188495519893,0.00562755819760552,0.001118708301455662,True,True,Development
2019-11-13,0,0,0,0,0,0,0,0,4878.9678,4888.1914,4853.5946,4875.543,4881.6144,6060640800.0,60162199835.3,-0.0007621489119071789,0.006402460782791053,-0.003420293120196427,0.019837864066247546,0.0004989170045353042,-0.0012437278946081376,True,True,Development
2019-11-14,0,0,0,0,0,0,0,0,4875.2493,4925.4416,4871.5569,4912.1075,4875.543,6391011200.0,68278831817.1,0.007170074359069245,-0.00266017165522181,0.0035055438088058555,0.011199837513950373,0.004595293208903062,0.007499574919142438,True,True,Development
2019-11-15,0,0,0,0,0,0,0,0,4910.2052,4936.9848,4868.4367,4868.4367,4912.1075,7007640400.0,74051052837.1,-0.00976026419425402,-0.0036384426459407093,0.013349930874579252,0.008982312999872066,-0.004451300731790342,-0.008890440610267558,True,True,Development
2019-11-18,0,0,0,0,0,0,0,0,4862.2803,4901.001,4851.39,4892.4609,4868.4367,6396537200.0,63914780872.7,0.006182161073683856,0.023337979918598872,0.013896977514850306,0.00878489049674891,0.0072703130668958504,0.004934684680197199,True,True,Development
2019-11-19,0,0,0,0,0,0,0,0,4892.3397,4975.1128,4890.7563,4975.1128,4892.4609,7236336900.0,73229636654.5,0.017050410461072252,0.007667415245102394,0.0126668432284045,0.00287984908325134,-0.00059946777612363,0.01689372724470828,True,True,Development
2019-11-20,0,0,0,0,0,0,0,0,4975.7561,4991.6959,4941.9109,4946.2757,4975.1128,7899827700.0,81388200081.2,-0.009225693357437503,-0.0043100786230256816,-0.01422119544806466,-0.018962766281892196,-0.014725561005693,-0.005796270589080832,True,True,Development
2019-11-21,0,0,0,0,1,0,-1,-1,4929.8513,4963.0886,4919.5937,4945.7188,4946.2757,6616751300.0,63282046848.6,0.00496138696921733,-0.005042018204484244,-0.004751137219899615,-0.00653139375623768,-0.00042102689791068126,-0.0001125897612218596,True,True,Development
2019-11-22,0,0,0,0,0,0,0,0,4954.3102,5018.0642,4876.8117,4904.0828,4945.7188,8802769500.0,89306629279.5,-0.009954019431403394,-0.009664574495153788,-0.014716115272717434,-0.013314023009701748,0.002771485725702183,-0.00841859427996583,True,True,Development
2019-11-25,0,0,0,0,0,0,0,0,4904.9949,4915.3452,4853.8425,4901.5021,4904.0828,8634726500.0,78620478553.6,0.0002923550440390166,-0.004809974420156848,-0.001496923065098299,-0.0015013879015448595,0.02349170638281395,-0.0005262349975004854,True,True,Development
2019-11-26,0,0,0,0,0,0,0,0,4906.4289,4920.6768,4882.1624,4882.1624,4901.5021,8125973000.0,74550160674.7,-0.005100838208416669,-0.0017887551575443972,-0.0036850630812157448,-0.003469325724866801,0.021613010635902707,-0.0039456680024679835,True,True,Development
2019-11-27,0,0,0,0,0,0,0,0,4881.402,4935.6277,4872.3024,4904.2568,4882.1624,7264694000.0,70087736428.7,0.0033290640680689876,0.0014230337923408776,0.003324577652076277,0.004319107502311903,0.03350158417602156,0.004525535651988877,True,True,Development
2019-11-28,0,0,0,0,0,0,0,0,4897.6525,4916.8046,4878.0072,4889.2595,4904.2568,5967231400.0,56925664898.3,-0.0018997060326351178,-4.471529982952305e-06,-0.0016835820834574244,0.006150538446735521,0.026101933528358767,-0.0030580168640435,True,True,Development
2019-11-29,0,0,0,0,0,0,0,0,4888.3484,4909.411,4850.5879,4894.9416,4889.2595,6139562000.0,58933970584.8,0.001898841743767754,0.00021653530259824194,0.002891958355505153,0.016302561413175987,0.03263861061948847,0.0011621596276492063,True,True,Development
2019-12-02,0,0,0,0,0,0,0,0,4897.6306,4930.5853,4889.319,4905.4209,4894.9416,6315015900.0,61517277181.6,-0.0016791180617011792,0.000991234414453368,0.0061550374991530266,0.02503067503702705,0.04037003117384952,0.0021408427017801657,True,True,Development
2019-12-03,0,0,0,0,0,0,0,0,4889.4069,4926.4548,4863.662,4926.4548,4905.4209,6034552500.0,59970188116.3,0.0026748438547834485,0.007847332158017029,0.016082543672117033,0.02516965810311267,0.05682124758321905,0.00428788893527976,True,True,Development
2019-12-04,0,0,0,0,0,0,0,0,4902.4853,4935.5695,4901.0364,4920.6682,4926.4548,6349645000.0,65049445239.8,0.005158689614020773,0.013371931987230967,0.024015635498182863,0.029056976468649465,0.0679228553729676,-0.0011745971971569569,True,True,Development
2019-12-05,0,0,0,0,0,0,0,0,4927.7757,4978.9896,4923.1116,4967.6021,4920.6682,7407710400.0,77991494680.4,0.00817109025477758,0.018760168000341304,0.017187450313535857,0.01982943338918619,0.06273406478302168,0.009538115168992611,True,True,Development
2019-12-06,0,0,0,0,0,0,0,0,4968.041,5010.513,4954.7856,5010.5104,4967.6021,7370595700.0,77615890698.4,0.010503254703413178,0.008943283680629799,0.015478072745373828,0.016074001804735394,0.05558979887645843,0.00863762820295122,True,True,Development
2019-12-09,1,0,0,1,0,0,1,1,5020.2216,5040.2408,5005.8413,5024.604,5010.5104,8848641500.0,92501704118.5,-0.001543756554491571,0.004923109370311485,0.0010495751820995824,0.014964777650452676,0.028098500671763116,0.0028128072541273585,True,True,Development
2019-12-10,1,0,0,1,0,0,1,1,5012.4716,5054.3122,4998.1479,5049.0514,5024.604,8293633000.0,85621362339.6,0.006476864627023682,0.00259734139940071,0.007067511365051793,0.030874489144237627,0.017223718534385313,0.004865537662271491,True,True,Development
2019-12-11,1,0,0,1,0,0,1,1,5044.9367,5052.3501,5007.5596,5027.2784,5049.0514,8601103800.0,87198618378.9,-0.0038545577786932572,0.0005868458171138791,0.00999247423659444,0.03776844216895725,0.02228571074043395,-0.004312295176872261,True,True,Development
2019-12-12,1,0,0,1,0,0,1,1,5025.4907,5044.1972,5008.3676,5012.0011,5027.2784,8005543900.0,82031906194.2,0.004458589486594722,0.013900612730215478,0.02820389260694478,0.042070399214946264,0.031019995719024918,-0.0030388808385864996,True,True,Development
2019-12-13,1,0,0,1,0,0,1,1,5047.8973,5082.7599,5029.8833,5073.6858,5012.0011,9997918400.0,100214793147.7,0.009400112003071115,0.02363990249960124,0.03715978928493646,0.038890668397710826,0.03478137322643238,0.012307399533491692,True,True,Development
2019-12-16,1,0,0,1,0,0,1,1,5095.3481,5166.0391,5081.9093,5166.0391,5073.6858,11652253300.0,118077922881.6,0.014107181411216807,0.027501163266941298,0.027783577730440046,0.012940077636697689,0.01274929577431605,0.018202408198000786,True,True,Development
2019-12-17,1,0,0,1,0,0,1,1,5167.2291,5257.8279,5161.1524,5236.0624,5166.0391,15021914200.0,143007732176.6,0.013207659013996453,0.013486144827602242,0.014898565267795094,-0.01324193270238383,0.01406635908595577,0.01355454317022109,True,True,Development
2019-12-18,1,0,0,1,0,0,1,1,5235.4761,5267.4061,5221.698,5235.1248,5236.0624,12926439800.0,126380736889.7,0.0002748556143730152,0.0016688644610562964,-0.014171356832284987,-0.014919254430366014,0.013597922832653264,-0.00017906585681637388,True,True,Development
2019-12-19,1,0,0,1,0,0,1,1,5236.9151,5255.1689,5215.884,5241.7376,5235.1248,11366629400.0,111318995285.2,0.0013936258008075963,-0.01444224291510865,-0.02637241531755974,-0.010604277315857225,0.026564818665859136,0.0012631599537036298,True,True,Development
2019-12-20,1,0,0,1,0,0,1,1,5244.2134,5258.0056,5182.0632,5184.6752,5241.7376,11799847200.0,107404905741.8,-0.01581383015420379,-0.027727399499036243,-0.016560481692068474,-0.003955464512561568,0.023073755923052275,-0.01088616110810292,True,True,Development
2019-12-23,1,0,0,1,0,0,1,1,5161.2823,5188.85,5079.4417,5084.3505,5184.6752,10565253000.0,98214944067.9,-0.012104995690702558,-0.0007586486792245939,0.0038942066780576212,-0.00018834466775818903,0.05437038388696536,-0.019350238178854506,True,True,Development
2019-12-24,1,0,0,1,0,0,1,1,5098.805,5165.1561,5092.9061,5162.0702,5084.3505,8545191600.0,80244021672.9,0.011485377456090129,0.016195245748758857,0.02444986619413747,0.02767475908570738,0.07515082455594979,0.015286062595409211,True,True,Development
2019-12-25,1,0,0,1,0,0,1,1,5157.3667,5195.8663,5153.5138,5183.0986,5162.0702,9591867600.0,97321480183.4,0.004656387919827587,0.012817277468363919,0.0005707370003378287,0.028949075891772535,0.05981554501447417,0.004073636968362049,True,True,Development
2019-12-26,1,0,0,1,0,0,1,1,5181.3814,5219.1404,5171.4403,5219.1404,5183.0986,9562553300.0,89169212218.4,0.008123065404912921,-0.004066714718202413,0.011296562727461046,0.03756747187149734,0.06374603112598498,0.006953716836488599,True,True,Development
2019-12-27,1,0,0,1,0,0,1,1,5223.4701,5252.7878,5175.852,5179.1929,5219.1404,12625962800.0,116273066098.6,-0.012091559593688461,0.003147926509620591,0.015927649322621917,0.027136558128283417,0.04878860127867868,-0.007654038201386659,True,True,Development
2019-12-30,1,0,0,1,0,0,1,1,5160.3102,5242.1238,5119.8558,5241.9383,5179.1929,11686945600.0,106835905579.0,0.015426010630136266,0.028362151562129068,0.04180419231386523,0.05456900633609196,0.08067710735684064,0.012114899215281083,True,True,Development
2019-12-31,1,0,0,1,0,0,1,1,5239.9132,5269.8736,5228.1726,5267.6622,5241.9383,10388965800.0,95356584996.5,0.012739619427283744,0.025977453214301338,0.023913354137240272,0.04619755915040735,0.05592613633370869,0.004907325979017996,True,True,Development
2020-01-02,1,0,0,1,0,0,1,1,5306.6677,5374.9082,5288.1675,5366.1375,5267.6622,14589440500.0,136813752305.0,0.013071310268777614,0.011033176243539833,0.025484071670815123,0.02999805320389659,0.04386055678594669,0.01869430807465222,True,True,Development
2020-01-03,1,0,0,1,0,0,1,1,5376.0328,5395.2585,5351.8049,5380.6372,5366.1375,12845202100.0,122199725543.2,-0.0020118366837345025,0.012252603815958718,0.019708138685463394,0.02523070543766015,0.030448140122954603,0.0027020738846144088,True,True,Development
2020-01-06,1,0,0,1,0,0,1,1,5365.2171,5481.55,5355.0237,5434.8503,5380.6372,15958741400.0,158190935628.3,0.01429319607588675,0.021763760500949747,0.018757917550065173,0.021080004386029305,0.029410310348858104,0.010075591047097543,True,True,Development
2020-01-07,1,0,0,1,0,0,1,1,5441.9032,5499.8395,5440.6916,5499.8395,5434.8503,14414272200.0,142194161767.8,0.007365290878382558,0.004401805603598374,0.012821010855172954,0.02475712908675054,0.025562196696185202,0.011957863862414042,True,True,Development
2020-01-08,1,0,0,1,0,0,1,1,5481.9844,5500.1601,5409.569,5423.7966,5499.8395,15540684700.0,149838069326.0,-0.0029418179300182423,0.005415830807544708,-0.0006691919809185265,0.009298986695401634,0.00375823761920957,-0.013826385297243782,True,True,Development
2020-01-09,1,0,0,1,0,0,1,1,5465.8574,5497.5429,5457.3498,5497.5429,5423.7966,13243166700.0,135961014647.3,0.0083823079614187,0.002279331326865419,0.02026611598026684,0.013458766780121145,0.010233472245360753,0.013596804127942619,True,True,Development
2020-01-10,1,0,0,1,0,0,1,1,5511.6739,5516.0948,5455.2516,5480.2279,5497.5429,11381982100.0,118196969042.4,-0.006052244854326427,0.011785022332326367,0.003862238656753725,0.005089034748590571,-0.11154132322668786,-0.003149588882698895,True,True,Development
2020-01-13,1,0,1,0,0,0,1,0,5478.3159,5559.6272,5447.7315,5559.6272,5480.2279,11807618100.0,128651948006.7,0.017945880046822404,0.009974853768472958,0.011154011764819893,0.008158328365109435,-0.1354783501988266,0.014488320823299983,True,True,Development
2020-01-14,0,0,0,0,0,0,0,0,5576.6291,5583.7202,5539.8997,5542.3316,5559.6272,12981138300.0,134845327468.6,-0.007830501045873794,-0.006672131019077598,-0.006617994372263403,0.0007856179640850502,-0.09705149657523393,-0.003110928013302705,True,True,Development
2020-01-15,0,0,0,0,0,0,0,0,5532.9613,5545.1012,5492.6508,5530.0266,5542.3316,11242502000.0,118142835148.1,0.0011675122325542908,0.0012220761421193327,-0.0017985847831613055,-0.005489700424978428,-0.07315702714204775,-0.0022201847323607415,True,True,Development
2020-01-16,0,0,0,0,0,0,0,0,5539.4211,5559.0175,5514.6912,5527.6676,5530.0266,11189727600.0,122337955367.5,5.450027982178973e-05,-0.0029626380994938195,0.0075078422905960895,-0.003182462513998008,-0.045519576043785426,-0.00042658022657615646,True,True,Development
2020-01-17,0,0,0,0,0,0,0,0,5539.723,5555.4119,5499.4674,5510.0453,5527.6676,10494932900.0,110491857886.6,-0.0030169739533908446,0.007452935823686557,-0.006703584276686714,-0.11603982726212114,-0.039300539034171966,-0.003188017311315905,True,True,Development
2020-01-20,0,0,0,0,0,0,0,0,5523.0098,5587.5359,5500.5937,5587.5359,5510.0453,11540300100.0,128212120829.0,0.010501592809051274,-0.0036977663881746503,-0.00022047760987131682,-0.14247432622697864,-0.023987699605385493,0.014063514142070632,True,True,Development
2020-01-21,0,0,0,0,0,0,0,0,5581.0102,5581.98,5515.1928,5523.9419,5587.5359,12460480800.0,135220987296.1,-0.014051792989018264,-0.010610641779511543,-0.12257918826236858,-0.09776031228181581,-0.042194547503245916,-0.011381403383913802,True,True,Development
2020-01-22,0,0,0,0,1,1,0,0,5502.587,5597.9935,5440.1998,5575.5126,5523.9419,12347477000.0,138250254243.4,0.003490194702964189,-0.11007413422086743,-0.13929162773800763,-0.06804085060354337,-0.008346601334972226,0.009335851269543616,True,True,Development
2020-01-23,0,0,0,0,0,0,0,0,5521.7921,5558.4257,5326.9315,5377.7411,5575.5126,14577307100.0,161861917529.5,-0.11316934587232996,-0.1422852193221834,-0.08808430147161816,-0.042472279968671645,-0.020703115570033903,-0.03547144705582761,True,True,Development
2020-02-03,0,0,0,0,0,0,0,0,4896.8945,4960.7456,4896.8945,4910.9011,5377.7411,8177708400.0,89455038460.2,-0.03283137915264467,0.02828617198103811,0.04723234286546307,0.08681306080823248,0.11386157083841586,-0.0868096829726519,True,True,Development
2020-02-04,0,0,0,0,0,0,0,0,4736.1227,5013.7695,4736.1227,4996.4743,4910.9011,18967227900.0,175374996025.5,0.06319223950849095,0.08278155462484116,0.11637078152557168,0.13817268712231634,0.1840571824712227,0.017425152381912223,True,True,Development
2020-02-05,0,0,0,0,0,0,0,0,5035.4089,5178.4378,5026.4083,5123.9619,4996.4743,17109533900.0,177352350637.2,0.01842499821613286,0.05001780490954766,0.05691692684580185,0.061586478111042675,0.12288354576328442,0.025515512008137398,True,True,Development
2020-02-06,0,0,0,0,0,0,0,0,5128.1863,5299.178,5100.4818,5282.8922,5123.9619,18595745600.0,197274056315.6,0.031021240394484062,0.03779554576634614,0.05115633182047219,0.0640524311685009,0.09581048176818374,0.031017072941155188,True,True,Development
2020-02-07,0,0,0,0,0,0,0,0,5287.269,5329.3558,5226.6999,5327.0369,5282.8922,19114764200.0,203495543097.8,0.006570480904224851,0.01952926926925791,0.011017597175403626,0.022734761556485905,0.07897593256556457,0.008356161422335973,True,True,Development
2020-02-10,0,0,0,0,0,0,0,0,5322.0089,5389.0387,5301.4121,5388.4349,5327.0369,17670328200.0,186767921839.1,0.01287419868839379,0.0044180873128565334,0.02530063412708694,0.024887914035619074,0.0869157133502727,0.011525732063166316,True,True,Development
2020-02-11,0,0,0,0,0,0,0,0,5390.5255,5396.9558,5323.7602,5361.2768,5388.4349,15250817700.0,157302894199.0,-0.008348629461079393,0.012268488480390305,0.0031440904972994677,0.04031417716139196,0.06587326226357715,-0.005040072025366826,True,True,Development
2020-02-12,0,0,0,0,0,0,0,0,5345.522,5461.6736,5340.487,5459.9461,5361.2768,15104147300.0,164552224783.9,0.02079069172290371,0.011589476200827509,0.020379787044183972,0.057741002656054974,0.08951911525198097,0.018404067478851482,True,True,Development
2020-02-13,0,0,0,0,0,0,0,0,5456.6591,5482.7951,5397.2324,5412.8418,5459.9461,15820264200.0,175679828632.4,-0.009013812132775523,-0.0004025356834184146,0.027705780630496113,0.029846321167470435,0.05746358609794777,-0.008627246338567374,True,True,Development
2020-02-14,0,0,0,0,0,0,0,0,5407.4738,5474.4682,5375.9258,5420.8025,5412.8418,14534649600.0,162742004601.2,0.008689602897382631,0.037053586833837304,0.04562278230548267,0.05499096454244512,0.027913588781512066,0.0014707062009460259,True,True,Development
2020-02-17,0,0,0,0,1,0,-1,-1,5454.4626,5594.4366,5454.4626,5594.4366,5420.8025,17463665700.0,183878721181.5,0.02811963547059615,0.03661500951532792,0.03026103799850066,0.0605215443222582,0.011362439262119217,0.032031069200547435,True,True,Development
2020-02-18,0,0,0,0,0,1,1,1,5607.8401,5660.8142,5577.8981,5660.8142,5594.4366,18509870100.0,206428524429.9,0.008263020908887864,0.0020828339952132513,0.01729648104624104,0.02456862134852944,0.02656126018999716,0.011864930241590299,True,True,Development
2020-02-19,1,0,0,1,0,0,1,1,5654.1778,5678.8191,5601.3916,5603.2626,5660.8142,18564208500.0,210591418572.0,-0.006129538409634039,0.008959428194847296,0.02306211523804569,0.030043377836473262,0.0028866973373211646,-0.010166664717594864,True,True,Development
2020-02-20,1,0,0,1,0,0,1,1,5619.5203,5712.1825,5580.0672,5706.7127,5603.2626,19207602600.0,205564978649.7,0.015182025412382671,0.02937168854074601,0.02243905053603945,0.026816879725481302,0.03127129908223658,0.018462475772597298,True,True,Development
2020-02-21,1,0,0,1,0,0,1,1,5704.836,5822.3973,5700.9519,5784.0321,5706.7127,20723623900.0,230175046237.0,0.013977457020674988,0.007148496468610155,0.020896726917303043,-0.02566597882918986,0.005654816369830673,0.01354885098736447,True,True,Development
2020-02-24,1,0,0,1,0,0,1,1,5784.5751,5884.1397,5754.6794,5865.4665,5784.0321,21809896200.0,250154433482.9,-0.006734824827496766,0.006823889277537409,-0.002481910901286355,-0.046353707120165066,-0.02004269941970327,0.014079174975533126,True,True,Development
2020-02-25,1,0,1,0,0,0,1,0,5745.617,5912.2741,5643.8843,5897.7219,5865.4665,26736667800.0,301960915841.1,0.013650648833710921,0.004281750767585191,-0.03258156608768048,0.0019448564009747482,-0.04985431503700999,0.005499204538973901,True,True,Development
2020-02-26,1,0,1,0,0,0,1,0,5824.0484,5885.2702,5724.499,5743.3929,5897.7219,26637508000.0,281045744357.2,-0.00924272882072874,-0.04560961409592679,-0.05281717782427753,-0.026364598893099722,-0.022549795430958253,-0.02616756141044896,True,True,Development
2020-02-27,1,0,1,0,0,0,1,0,5770.2183,5829.0372,5689.539,5753.7277,5743.3929,20469487500.0,221902086232.7,-0.036706150268179694,-0.04398095302564198,-0.0023269310278954958,0.004338085441238704,-0.0455610145633486,0.0017994241696404067,True,True,Development
2020-02-28,1,0,0,1,0,0,1,1,5558.4158,5641.7724,5438.8521,5451.2897,5753.7277,22430670900.0,232879770245.1,-0.007552007894047641,0.0356892336122101,0.020164720314734375,0.03214584990205305,-0.05989287451291425,-0.05256383613704907,True,True,Development
2020-03-02,0,0,0,0,0,0,0,0,5516.4386,5683.2425,5505.2683,5656.4193,5451.2897,19951161200.0,213505004462.5,0.043570284639803614,0.027927637951050466,0.05054192028893412,0.027589901934193417,-0.0035438806479238805,0.03762955397508949,True,True,Development
2020-03-03,0,0,0,0,0,1,1,1,5756.7914,5832.3531,5658.1205,5710.0235,5656.4193,22632549400.0,244204351206.5,-0.014989547823462845,0.0066805616753804475,-0.0034212808197288114,-0.05169862503616163,-0.08881132986684215,0.009476701983532454,True,True,Development
2020-03-04,0,0,0,0,0,0,0,0,5670.4997,5719.1783,5603.9288,5716.5112,5710.0235,18513309800.0,194980150091.0,0.02199987771800771,0.011744308883395282,-0.0003285601090853296,0.003918102667389345,-0.0727547697427795,0.0011361949736283794,True,True,Development
2020-03-05,0,0,0,0,1,0,-1,-1,5795.25,5811.2074,5732.168,5801.1199,5716.5112,21723222100.0,217238387621.0,-0.010034804365644301,-0.021847789137655838,-0.057991769121263026,-0.04968356843967048,-0.11652755273715543,0.014800758196712671,True,True,Development
2020-03-06,0,0,0,0,0,0,0,0,5737.0958,5802.6293,5723.7326,5763.8602,5801.1199,18529714700.0,177496499289.1,-0.011932727356583461,-0.048443081602367544,-0.007735359761641081,-0.08917220800112835,-0.09056983151649656,-0.006422846043916408,True,True,Development
2020-03-09,0,0,0,0,0,0,0,0,5668.6366,5699.9198,5525.8167,5525.8167,5763.8602,21853808900.0,212042107536.0,-0.03695128384133839,0.004248058519044973,-0.02845751304643518,-0.030297867391958055,-0.10395474989523923,-0.04129931881415161,True,True,Development
2020-03-10,0,0,0,0,0,0,0,0,5459.1732,5675.8756,5423.4289,5675.1113,5525.8167,20840287700.0,210472315060.8,0.04278012282152921,0.008819668883192744,-0.04280261707029187,-0.03913598125078721,-0.06777978760593273,0.02701765333620254,True,True,Development
2020-03-11,0,0,0,0,0,0,0,0,5692.7173,5708.9152,5589.5311,5589.5311,5675.1113,18775091200.0,190010266287.6,-0.032567224091735736,-0.08207170238367545,-0.03439979357485401,-0.07637363267626174,-0.08641604247588408,-0.01507991570138889,True,True,Development
2020-03-12,0,0,0,0,0,0,0,0,5507.3213,5549.3501,5446.7941,5493.8838,5589.5311,15875315700.0,154102925606.4,-0.05117097489845013,-0.001894260282217286,-0.047536394871314225,-0.07033865992165733,-0.05934928837364184,-0.017111864714376535,True,True,Development
2020-03-13,0,0,0,0,0,0,0,0,5225.5063,5507.3899,5224.7267,5457.2006,5493.8838,19526665900.0,188405108227.1,0.051934240324234215,0.0038305953243229496,0.006207532464366228,-0.0015344541829371838,-0.0005081230119271529,-0.00667709790294424,True,True,Development
2020-03-16,-1,0,0,-1,0,0,-1,-1,5496.889,5496.889,5183.3436,5200.1142,5457.2006,18684995200.0,184923547742.5,-0.045728756756776345,-0.04346916956118274,-0.06857429720702024,-0.07595825566061087,-0.07698614616376642,-0.04710957482486533,True,True,Development
2020-03-17,-1,0,0,-1,0,0,-1,-1,5245.5231,5300.5591,5052.6546,5212.0619,5200.1142,15913787800.0,152551271989.0,0.002367866800548457,-0.023940300634649914,-0.005344576597136719,-0.02981046828294398,-0.03278984702212073,0.002297584156901733,True,True,Development
2020-03-18,-1,0,0,-1,0,0,-1,-1,5257.9438,5333.1204,5119.4716,5119.4716,5212.0619,16428660400.0,160536059992.1,-0.02624602035495327,-0.007694224498938085,-0.03396553991314999,-0.010872805449156808,-0.04343144557764189,-0.017764620178436497,True,True,Development
2020-03-19,-1,0,0,-1,0,0,-1,-1,5119.9437,5185.0889,5020.4387,5157.8235,5119.4716,15459370200.0,148680627064.8,0.019051830589465357,-0.007927587172491646,-0.0060141481633869676,0.011820833107988982,-0.02369514336651779,0.00749137860243243,True,True,Development
2020-03-20,-1,1,0,0,0,0,-1,0,5217.488,5225.0268,5129.0733,5219.2809,5157.8235,12751328900.0,131519032482.5,-0.02647502016295966,-0.024597354129036852,-0.0032032273001874056,0.001027908449430015,-0.014177224748768036,0.011915374769997378,True,True,Development
2020-03-23,-1,1,0,0,0,0,-1,0,5079.3549,5129.1405,4981.6682,4998.9095,5219.2809,13868474500.0,133727699571.8,0.0019287291777938531,0.023904669468951534,0.01990622864332625,-0.0011123853542898132,0.024253394855319188,-0.042222559816621485,True,True,Development
2020-03-24,-1,1,0,0,0,0,-1,0,5089.1516,5118.0355,4963.2918,5096.0408,4998.9095,14078770500.0,137371423374.7,0.021933636246953103,0.01794289248526204,0.026271471260553403,-0.0030709244346347475,0.030262549066135014,0.019430497791568246,True,True,Development
2020-03-25,-1,1,0,0,0,0,-1,0,5200.7752,5229.2205,5160.3887,5217.4237,5096.0408,14688107000.0,142310080633.2,-0.0039050909179847437,0.004244732592941114,-0.024432992220082883,-0.03291653521190452,0.019322331024805628,0.023819059690417088,True,True,Development
2020-03-26,0,0,0,0,0,1,1,1,5180.4657,5227.4679,5157.1478,5166.1091,5217.4237,12565245000.0,126982007995.4,0.008181774082588689,-0.020608378895356716,-0.02064341435558581,-0.035101052787590126,0.027279555195201866,-0.009835237264706032,True,True,Development
2020-03-27,0,0,0,0,0,0,0,0,5222.8511,5227.7921,5134.4903,5137.3371,5166.1091,11704507300.0,118480791099.6,-0.028556510064014606,-0.02859126119831379,-0.03700419489270901,-0.015189519762491388,-0.00888556826749276,-0.0055693752189631685,True,True,Development
2020-03-30,0,0,0,0,0,0,0,0,5073.7047,5074.6251,4974.3165,5027.4856,5137.3371,12398131600.0,124559163372.3,-3.577267711318832e-05,-0.00869601260002384,-0.014797629038205584,0.025394028154614556,0.024334664175469145,-0.021382965116305108,True,True,Development
2020-03-31,0,0,0,0,0,0,0,0,5073.5232,5090.5675,5030.573,5041.4534,5027.4856,11160561200.0,106538446158.7,-0.00866054973395991,-0.014762384451104782,0.01379619196380144,0.033436153401249946,0.04305552401928514,0.002778287420654335,True,True,Development
2020-04-01,0,0,0,0,1,0,-1,-1,5029.5837,5108.175,5007.7115,5019.2187,5041.4534,11215411100.0,110651112519.1,-0.006155141627327998,0.022652928511757375,0.03438908870330559,0.05401691595270597,0.04301369912583408,-0.004410374992259158,True,True,Development
2020-04-02,0,0,0,0,0,0,0,0,4998.6259,5147.2019,4998.1063,5147.2019,5019.2187,11335107800.0,117822171439.6,0.02898648606610066,0.04079533137296809,0.04892072439347772,0.06464988708196784,0.07129097218497593,0.025498629896322234,True,True,Development
2020-04-03,0,0,0,0,0,0,0,0,5143.5185,5161.5728,5085.0948,5107.0393,5147.2019,10947897800.0,112751173060.0,0.011476190860400415,0.01937269205894765,0.030669239354344624,0.0064011823812824,0.03623012146257465,-0.007802802528496078,True,True,Development
2020-04-07,0,0,0,0,0,0,0,0,5202.5465,5273.0857,5197.5826,5267.073,5107.0393,14510945200.0,146826555108.9,0.007806907636481508,0.01897528450730812,0.02291954526499662,-0.0010331286803492157,0.029995695377253995,0.031335905325811764,True,True,Development
2020-04-08,0,0,0,0,0,0,0,0,5243.1623,5291.4149,5232.6161,5271.7961,5267.073,13778625400.0,136499534391.4,0.011081861799319137,0.01499556860942497,-0.012724992319997352,0.009308142149252241,0.011742665299527388,0.0008967219554387729,True,True,Development
2020-04-09,0,0,0,0,0,0,0,0,5301.2663,5336.1174,5289.3845,5322.4614,5271.7961,12509846200.0,128352885531.3,0.0038708110173601984,-0.02354592147163026,-0.019635817955419577,-0.010439317111838098,0.019124015709227615,0.009610633461335949,True,True,Development
2020-04-10,0,0,0,0,0,0,0,0,5321.7865,5321.7865,5197.9841,5208.5102,5322.4614,12381638800.0,126468212009.4,-0.02731101670463476,-0.02341599010031692,-0.005603400286727012,0.0062378113064098795,0.005403467425835196,-0.021409492983828993,True,True,Development
2020-04-13,0,0,0,0,0,0,0,0,5176.4431,5198.3708,5140.8505,5169.1757,5208.5102,9818099300.0,101355716432.4,0.004004390582405648,0.022317119645340888,0.013422653095520154,0.02963921307277584,0.019808118821976306,-0.007551967547265281,True,True,Development
2020-04-14,0,0,0,0,0,0,0,0,5197.1716,5288.593,5189.8242,5288.593,5169.1757,11018824400.0,118917318030.8,0.01823969021919547,0.009380698532255538,0.030364823820710596,0.03106091397867261,0.013652406628251512,0.023101807121781448,True,True,Development
2020-04-15,0,0,0,0,0,0,0,0,5291.9664,5320.5792,5264.0114,5268.7497,5288.593,12247740000.0,128025726348.5,-0.008700300893822899,0.011907936528092744,0.0071622525796837255,0.0024120712482225137,-0.016677373461781664,-0.0037520943661195627,True,True,Development
2020-04-16,0,0,0,0,0,0,0,0,5245.9247,5328.1204,5238.4335,5316.9707,5268.7497,12074219300.0,122069165005.5,0.02078910892487662,0.016001773719702905,0.021478729955845433,0.029875209607945763,0.0028826185781889446,0.009152266238800388,True,True,Development
2020-04-17,0,0,0,0,0,0,0,0,5354.9828,5377.147,5309.5809,5318.4547,5316.9707,13696983300.0,156745771336.3,-0.004689837659235696,0.0006755763996104669,-0.009384119777191446,-0.0008291716641928293,-0.0063572192986315335,0.00027910629637295514,True,True,Development
2020-04-20,0,0,0,0,0,0,0,0,5329.8688,5381.7857,5311.1974,5381.7857,5318.4547,12064218200.0,130825823688.1,0.005390695545826496,-0.004716401274267867,0.01365493274431051,-0.009548096193287225,0.02333691591057563,0.011907782160859748,True,True,Development
2020-04-21,0,0,0,0,0,0,0,0,5358.6005,5358.6005,5287.6633,5343.8806,5381.7857,13074442600.0,139768427426.9,-0.010052904671658203,0.008219926079579887,-0.0015037321778326174,-0.01688407262306635,0.02169846399260411,-0.007043219874028006,True,True,Development
2020-04-22,0,0,0,0,0,0,0,0,5304.731,5388.2073,5296.2644,5387.6233,5343.8806,12359700600.0,127945771530.7,0.018458391198347357,0.008635989270709521,-0.004854591118757967,-0.019043510406088426,0.04229707406464156,0.008185568367676366,True,True,Development
2020-04-23,0,0,0,0,0,0,0,0,5402.6478,5407.49,5354.9401,5357.7904,5387.6233,14461830200.0,145324602210.3,-0.009644382149064046,-0.02289046122902927,-0.024899328066508408,-0.02620957449789707,0.016921610177883517,-0.005537302505912112,True,True,Development
2020-04-24,0,0,0,0,1,0,-1,-1,5350.5426,5354.7629,5258.5692,5273.5474,5357.7904,13138336700.0,127211203386.7,-0.013375073399097936,-0.015403503188629819,-0.027442506485230167,-0.00553263513872404,0.027166272818760495,-0.0157234594320822,True,True,Development
2020-04-27,0,0,0,0,0,0,0,0,5278.9787,5314.4114,5249.3133,5265.7248,5273.5474,11713242700.0,110738403020.7,-0.0020559279771292793,-0.014258136711178593,-0.0033968691709249654,0.033202028263535244,0.04434626720505608,-0.0014833658269575167,True,True,Development
2020-04-28,0,0,0,0,0,0,0,0,5268.1255,5273.2565,5102.0608,5227.846,5265.7248,14082491000.0,133971236966.9,-0.012227347279407108,-0.001343703751932268,0.010025292677632525,0.039245154657002734,0.04594042036394175,-0.007193463661450794,True,True,Development
2020-04-29,0,0,0,0,0,0,0,0,5203.7103,5269.735,5201.4734,5226.8116,5227.846,10592684900.0,103339319168.3,0.011018368951092539,0.02252809884516438,0.048146646441866725,0.06253140187300588,0.06130491161277751,-0.00019786351778527944,True,True,Development
2020-04-30,0,0,0,0,0,0,0,0,5261.0467,5368.8943,5261.0467,5353.8595,5226.8116,13303668600.0,142523793301.1,0.011384293547517688,0.036723642844683546,0.0406434711936694,0.04429206074144898,0.04827598280015266,0.024306959906494452,True,True,Development
2020-05-06,0,0,0,0,0,0,0,0,5320.94,5451.456,5318.443,5451.3159,5353.8595,14167905000.0,159945700644.7,0.025054125774769176,0.02892983194698684,0.03912195965374554,0.03288082556841454,0.042117389032765074,0.018203017841615043,True,True,Development
2020-05-07,0,0,0,0,0,0,0,0,5454.2515,5473.7738,5425.7964,5445.7519,5451.3159,14014635400.0,147975355319.2,0.003780977096490501,0.01372399127542967,0.0073003234265967,0.010786117948539564,0.009891843087910246,-0.0010206709906500633,True,True,Development
2020-05-08,1,0,0,1,0,0,1,1,5474.8739,5527.0903,5467.646,5507.6965,5445.7519,13631862200.0,146384767223.1,0.00990556147786359,0.003506089884554253,0.0038399057921680857,0.006442431486869626,-0.00970720074484277,0.011374847980129221,True,True,Development
2020-05-11,1,0,0,1,0,0,1,1,5529.1056,5547.9416,5466.6158,5496.192,5507.6965,12985198500.0,142054909597.6,-0.006336702992252419,-0.006006161285832534,-0.00289809983010636,-0.0011543096590522772,-0.03710184157090424,-0.0020888042759800163,True,True,Development
2020-05-12,1,0,0,1,0,0,1,1,5494.0693,5519.2868,5441.7013,5512.464,5496.192,11594367700.0,127585356336.7,0.00033264960818746303,0.0034605315226001743,0.002926082494081328,0.003814950058966371,-0.027840566190164506,0.002960595263047594,True,True,Development
2020-05-13,1,0,0,1,0,0,1,1,5495.8969,5546.5535,5483.9868,5536.2802,5512.464,10789582200.0,120477112076.0,0.0031268417717225105,0.0025925704683436024,0.004881168713335882,0.008942525832316806,-0.01261688515299475,0.00432042730800597,True,True,Development
2020-05-14,1,0,0,1,0,0,1,1,5513.0817,5528.0915,5485.0152,5487.107,5536.2802,11919770100.0,129595787537.9,-0.0005326059289125773,0.0017488585376850274,0.00035319628947272363,-0.0008847320365305,-0.026448964106590256,-0.00888199264191869,True,True,Development
2020-05-15,1,0,0,1,0,0,1,1,5510.1454,5543.9334,5486.2557,5507.9336,5487.107,11265151100.0,132317035662.0,0.0022826802356248344,0.0008862742533073398,0.006333535227582177,-0.016046255331120807,-0.02914217109406958,0.0037955520094652417,True,True,Development
2020-05-18,1,0,0,1,0,0,1,1,5522.7233,5528.7754,5454.9615,5478.8218,5507.9336,13365466400.0,158389049357.7,-0.0013932256935630383,0.004041629244760481,-0.0026289928376458382,-0.03598907444810773,-0.013839567157021948,-0.005285430456169693,True,True,Development
2020-05-19,1,0,0,1,0,0,1,1,5515.0289,5548.2181,5504.2327,5547.8759,5478.8218,11200886000.0,133182704772.6,0.0054424374820591925,-0.0012374912486859957,-0.016917536007834966,-0.0315352109940894,0.014565653500020703,0.01260382296062268,True,True,Development
2020-05-20,1,0,0,1,0,0,1,1,5545.0441,5547.1691,5473.7896,5489.7024,5547.8759,12349126400.0,141354557271.3,-0.00664377042555897,-0.022238939452257966,-0.03986956569019884,-0.02136832419421153,0.006971432382296028,-0.010485724815870512,True,True,Development
2020-05-21,1,0,0,1,0,0,1,1,5508.2041,5511.2324,5415.5986,5426.1745,5489.7024,11455910800.0,128883851422.2,-0.015699472719248098,-0.03344801620549964,-0.03033525936339221,-0.025586869593303474,0.0147308266954016,-0.01157219378595098,True,True,Development
2020-05-22,0,0,0,0,0,0,0,0,5421.7282,5421.887,5307.2962,5328.2268,5426.1745,10641571100.0,115705492517.1,-0.018031630578603908,-0.014869225646538364,0.0008904171920680604,-0.013309483127538546,0.03014370952789558,-0.01805096758314717,True,True,Development
2020-05-25,0,0,0,0,0,0,0,0,5323.9656,5344.2849,5293.2294,5316.6036,5328.2268,8438568100.0,91375351529.7,0.003220475353935326,0.019269508428078508,0.008133185533730769,0.022976406909916758,0.055298948588247576,-0.0021814386729934743,True,True,Development
2020-05-26,0,0,0,0,0,0,0,0,5341.1113,5421.9045,5341.0821,5420.2126,5316.6036,9096900800.0,99351009048.7,0.015997513476268654,0.004896939706162007,0.0015832847370171876,0.047602003725329745,0.045127818250108476,0.0194878173727302,True,True,Development
2020-05-27,0,0,0,0,0,0,0,0,5426.5558,5426.5558,5358.47,5369.4992,5420.2126,10396037100.0,113109428499.1,-0.01092578832415203,-0.014187267732509112,0.0036368187718625045,0.02895855231047295,0.034110420462275526,-0.009356348863511332,True,True,Development
2020-05-28,0,0,0,0,0,0,0,0,5367.2664,5390.1397,5290.2897,5361.167,5369.4992,10252425100.0,107583819701.5,-0.003297507274839351,0.014723472641491986,0.042496958973379684,0.04137638854669112,0.04683477235264477,-0.0015517648275280571,True,True,Development
2020-05-29,0,0,0,0,0,0,0,0,5349.5678,5416.6599,5336.0669,5406.3403,5361.167,10500325000.0,110023218185.6,0.018080600829098792,0.045945973429853515,0.04376675065226765,0.04403933342054289,0.025089260481940157,0.008426019931854212,True,True,Development
2020-06-01,0,0,0,0,0,0,0,0,5446.2912,5576.6538,5446.2912,5569.48,5406.3403,14169758200.0,147879965490.3,0.027370497559880747,0.02522997668578575,0.026266186427930993,0.03159656611824202,0.029302876790723298,0.030175625459610833,True,True,Development
2020-06-02,0,0,0,0,0,0,0,0,5595.3589,5596.4399,5544.1862,5566.4438,5569.48,13902910300.0,149203304081.4,-0.002083494590490065,-0.0010748908349739184,-0.0018228857491161543,-0.002361760922967804,0.0067734529057643655,-0.0005451496369498487,True,True,Development
2020-06-03,0,0,0,0,0,0,0,0,5583.701,5618.2892,5567.0729,5572.3125,5566.4438,13834551900.0,146218273434.1,0.0010107095634239727,0.0002611529521370226,0.006209913460623939,0.005006876263610849,0.022384096139818288,0.0010542996948967875,True,True,Development
2020-06-04,0,0,0,0,0,0,0,0,5589.3445,5597.2621,5549.3577,5576.7535,5572.3125,12077846500.0,123809986180.5,-0.0007487997921760137,0.00519395431789893,-0.0012882548212943545,0.005241509089303653,0.02660184928662024,0.0007969761207757831,True,True,Development
2020-06-05,0,0,0,0,1,0,-1,-1,5585.1592,5592.3453,5542.8701,5585.4231,5576.7535,11225389700.0,115167433561.3,0.0059472073777233625,-0.0005398592756317155,0.004744484275398975,-0.018150727019562884,0.026547121521621087,0.0015545962359642118,True,True,Development
2020-06-08,0,0,0,0,0,0,0,0,5618.3753,5627.1893,5567.2087,5575.3036,5585.4231,11944619000.0,128061193175.3,-0.006448714809065836,-0.0011956125465665268,4.7309050358324e-05,-0.002223436373145038,0.03122130342556506,-0.0018117696401548367,True,True,Development
2020-06-09,0,0,0,0,0,0,0,0,5582.144,5616.0363,5560.139,5610.3774,5575.3036,11487092900.0,119378870791.8,0.005287197893855788,0.0065381867612157585,-0.017620380269659952,0.009156840095848384,0.03600333491934293,0.006290921986741749,True,True,Development
2020-06-10,0,0,0,0,0,0,0,0,5611.6579,5616.6108,5581.9153,5615.2417,5610.3774,10836809700.0,114114998789.0,0.0012444094284507212,-0.022787098265559025,-0.0010290541766632133,0.017290647742443488,0.03508426627360883,0.0008670183221541894,True,True,Development
2020-06-11,1,0,0,1,0,0,1,1,5618.6411,5673.3108,5567.538,5589.1019,5615.2417,12751545400.0,144595249404.6,-0.024001639827110566,-0.0022706380017758487,0.002601643304819712,0.02124896356166972,0.027732221586461492,-0.004655151353502696,True,True,Development
2020-06-12,1,0,0,1,0,0,1,1,5483.7845,5620.2062,5479.2713,5591.4871,5589.1019,12954546500.0,142138382119.3,0.022265408131920683,0.027257508022060284,0.041012297255663466,0.04552414486747258,0.055851975948362,0.0004267590827071732,True,True,Development
2020-06-15,1,0,0,1,0,0,1,1,5605.8832,5661.9706,5590.6435,5590.6435,5591.4871,14535977600.0,152567150810.5,0.004883369671347948,0.01833857330455979,0.02357312760280128,0.033519267757844196,0.04970792113542433,-0.00015087220714504745,True,True,Development
2020-06-16,1,0,0,1,0,0,1,1,5633.2588,5695.3007,5624.8549,5695.3007,5590.6435,13395170300.0,142087502349.4,0.013389816210822802,0.018598932468715912,0.017781945327986826,0.026602896355480965,0.043957575675380056,0.01872006326284259,True,True,Development
2020-06-17,1,0,0,1,0,0,1,1,5708.6871,5735.4183,5685.6241,5735.4183,5695.3007,14683751800.0,153683182939.3,0.005140288736441567,0.00433409636341775,0.014907315554219203,0.017491184619314648,0.0492773023065145,0.007043982769865176,True,True,Development
2020-06-18,1,0,0,1,0,0,1,1,5738.0314,5744.4525,5705.295,5734.403,5735.4183,15815436600.0,160763116093.6,-0.0008020695041855985,0.009717078230000675,0.0078578168812391,0.006348361913808942,0.06237761264255193,-0.00017702283371379135,True,True,Development
2020-06-19,1,0,0,1,0,0,1,1,5733.4291,5796.3597,5727.6226,5787.1482,5734.403,14176809800.0,147827142214.7,0.010527591594356567,0.008666837791715176,0.013100310248887581,0.00987813732622933,0.1107338015220245,0.009198028112080703,True,True,Development
2020-06-22,1,0,0,1,0,0,1,1,5793.7883,5815.3942,5770.8094,5784.0269,5787.1482,14539234900.0,157370407892.1,-0.0018413686257745532,0.0025459162876213526,-0.003336297254768583,0.01566362029485946,0.1009974423815243,-0.0005393502796420258,True,True,Development
2020-06-23,1,0,0,1,0,0,1,1,5783.1198,5809.2832,5755.3982,5804.343,5784.0269,12574812700.0,140277421310.2,0.004395378425326779,-0.0014976864217823849,0.0012008916017958171,0.016904958462039765,0.1310997569166732,0.0035124490862932234,True,True,Development
2020-06-24,0,0,0,0,1,0,-1,-1,5808.5388,5824.3132,5773.2908,5789.0893,5804.343,11024143600.0,128536776011.6,-0.005867275948987505,-0.003180507290404977,0.013084392239920861,0.031239698355806755,0.14733266480031082,-0.0026279804622160174,True,True,Development
2020-06-29,0,0,0,0,0,1,1,1,5774.4585,5789.1592,5740.2558,5762.4378,5789.0893,11776115100.0,131671126495.1,0.00270262570940627,0.019063519116121475,0.018430247615425888,0.055675800596714176,0.16212372121126162,-0.004603746568566436,True,True,Development
2020-06-30,0,0,0,0,0,0,0,0,5790.0647,5875.3274,5788.2081,5864.4164,5762.4378,11535032400.0,139671518549.7,0.016316795216468005,0.015685230598545763,0.034530028654083944,0.09986914308574146,0.19117898630735497,0.01769712811477131,True,True,Development
2020-07-01,0,0,0,0,0,0,0,0,5884.54,5885.8738,5814.7554,5881.8875,5864.4164,14283298200.0,161437631594.7,-0.0006214249542020323,0.01792082303799436,0.035927379200413334,0.08401779918226415,0.15822412626985294,0.002979171124342317,True,True,Development
2020-07-02,0,0,0,0,0,0,0,0,5880.8832,5979.9902,5858.5743,5975.2794,5881.8875,20118138000.0,200063179993.3,0.018553777772699176,0.036571530616353654,0.08288386002973169,0.1122964319372981,0.12947810288087336,0.01587787933720275,True,True,Development
2020-07-03,0,0,0,0,0,0,0,0,5989.9958,6052.523,5968.0663,6051.5099,5975.2794,22682681800.0,217087507631.7,0.01768954495761088,0.06315825797407082,0.06493331764940469,0.11257612234051995,0.05626559871711434,0.012757646111075438,True,True,Development
2020-07-06,1,0,0,1,0,0,1,1,6095.9561,6318.3081,6095.9561,6299.8551,6051.5099,30237648900.0,291741992284.1,0.04467837292988386,0.04642257840406683,0.07305323278164666,0.10083391184526391,0.05300627082927978,0.04103855138698531,True,True,Development
2020-07-07,1,0,0,1,0,0,1,1,6368.3135,6480.0286,6300.2446,6380.0276,6299.8551,32586542500.0,329327405395.3,0.0016696100152733262,0.027161335571811884,0.04648213377058141,0.083018824371633,0.02799042478043834,0.012726086350779875,True,True,Development
2020-07-08,1,0,0,1,0,0,1,1,6378.9461,6541.4382,6352.3731,6535.4151,6380.0276,28884738900.0,292261704951.5,0.025449235258470093,0.04473782902790169,0.051997476511049356,0.06845489727527254,0.02746880084156844,0.024355302162015757,True,True,Development
2020-07-09,1,0,0,1,0,0,1,1,6541.2854,6712.1445,6530.0207,6693.7452,6535.4151,31741227100.0,334582903483.0,0.018809896293471517,0.025889376421337706,0.05438044332999126,0.015447025136680503,0.0031741620691247974,0.024226479508547172,True,True,Development
2020-07-10,1,0,0,1,0,0,1,1,6664.3263,6763.8121,6644.3586,6676.4373,6693.7452,28873667200.0,322509785233.7,0.006948774401997593,0.0349138216716669,0.022701454459095327,-0.05061273785468756,-0.011931738696528082,-0.0025856825264278793,True,True,Development
2020-07-13,1,0,0,1,0,0,1,1,6710.6352,6899.622,6710.6352,6899.5175,6676.4373,29730559500.0,335186154096.4,0.027772065452164707,0.015643973613705064,-0.010178827780714328,-0.04344673660699061,-0.06050832565000697,0.03341305998634936,True,True,Development
2020-07-14,1,0,1,0,0,0,1,0,6897.0034,6897.0034,6672.7996,6807.727,6899.5175,29386829700.0,341854745106.6,-0.011800371158291578,-0.036925398644866436,-0.08264123807739454,-0.05081019678778165,-0.07993636772746837,-0.01330390132353454,True,True,Development
2020-07-15,1,0,1,0,0,0,1,0,6815.6162,6838.1524,6598.5228,6638.8384,6807.727,25647283000.0,300879616805.6,-0.02542505254330496,-0.07168679773957931,-0.0581805354591417,-0.03836015590197117,-0.069635420492134,-0.024808368490687127,True,True,Development
2020-07-16,1,0,1,0,0,0,1,0,6642.3288,6710.995,6305.133,6319.9981,6638.8384,25331587000.0,277008155088.1,-0.0474686378066681,-0.033610019425717175,-0.014417157428280314,-0.012086167730811614,-0.014095673794407793,-0.04802651921757872,True,True,Development
2020-07-17,0,0,0,0,0,0,0,0,6327.0265,6447.5092,6272.9416,6344.5912,6319.9981,19680390900.0,215076901728.0,0.014549251532295582,0.03469857444093205,0.03590021315700187,0.040743120010640066,0.027243034306873914,0.0038913144609964423,True,True,Development
2020-07-20,0,0,0,0,1,0,-1,-1,6419.08,6526.8325,6340.6495,6526.8325,6344.5912,21241322200.0,225848583600.9,0.019860369398730038,0.021044775886887246,0.022272428447690285,-0.017836527975971572,0.03369063791072868,0.028723883738955625,True,True,Development
2020-07-21,0,0,0,0,0,0,0,0,6546.5653,6591.0097,6500.8682,6563.3239,6526.8325,19396594900.0,214682284529.3,0.0011613418107965234,0.002365087536818633,0.005841841980862794,-0.030685296914398807,0.032372456439103914,0.005590981536602868,True,True,Development
2020-07-22,0,0,0,0,0,0,0,0,6554.1681,6699.6871,6534.7427,6620.6893,6563.3239,21010119800.0,232947421316.2,0.0012023493874073754,0.004675070814860627,-0.03807992047076114,-0.03252284603441902,0.021744773375586668,0.008740296970563888,True,True,Development
2020-07-23,0,0,0,0,0,0,0,0,6562.0485,6629.2067,6431.2609,6620.0859,6620.6893,20799246200.0,240882435490.9,0.003468551017262289,-0.039235095565051004,-0.03297240183457961,-0.002034090421611401,0.03326369806623641,-9.113854655584674e-05,True,True,Development
2020-07-24,0,0,0,0,0,0,0,0,6584.8093,6609.2877,6265.3789,6283.9831,6620.0859,21901777700.0,247232797429.5,-0.04255603879067538,-0.036314992447845085,-0.0370248231790099,-0.012971582943184123,0.02406772812691771,-0.050770156925002974,True,True,Development
2020-07-27,0,0,0,0,0,0,0,0,6304.5859,6337.3275,6229.4712,6298.7351,6283.9831,14554248100.0,168023361892.0,0.006518445565155906,0.005777064596740544,0.038720195722926176,0.05246292226742444,0.05741442907455663,0.0023475556450811563,True,True,Development
2020-07-28,0,0,0,0,1,1,0,0,6345.682,6385.3908,6307.7891,6359.6637,6298.7351,13883814400.0,162440480588.8,-0.0007365796142951853,0.0319932041977522,0.024223070112873613,0.06505395322362517,0.060212156865093514,0.00967314850246681,True,True,Development
2020-07-29,0,0,0,0,0,0,0,0,6341.0079,6530.2712,6324.0483,6530.2712,6359.6637,15922168400.0,186898356931.0,0.032753909674202,0.024978048048166057,0.04641769962153819,0.056091887221903614,0.037690837760981255,0.02682649713065799,True,True,Development
2020-07-30,0,0,0,0,0,0,0,0,6548.7007,6564.775,6491.4492,6511.436,6530.2712,17761556100.0,209285453557.9,-0.0075292492753562534,0.01323044126905959,0.03203582047962583,0.03536973372443164,0.0005602332688681155,-0.0028842906248671696,True,True,Development
2020-07-31,0,0,0,0,0,0,0,0,6499.3939,6619.2616,6463.415,6579.6696,6511.436,17991294100.0,207862488529.4,0.020917181215928338,0.03986522497120837,0.03035561515974594,0.03752608377836575,0.0066482045348874585,0.010479040260858108,True,True,Development
2020-08-03,0,0,0,0,0,0,0,0,6635.3429,6739.8085,6614.4314,6739.8085,6579.6696,20726674600.0,240946720735.4,0.018559824541999337,0.009245053484726595,0.02185020460660758,0.004704685269543596,0.0016877650739044459,0.0243384409454237,True,True,Development
2020-08-04,0,0,0,0,0,0,0,0,6758.4937,6764.9049,6672.894,6697.7071,6739.8085,20947893600.0,245084781553.8,-0.009145040706333707,0.003230423962665041,-0.0022494657352422065,-0.004546057355946043,-0.001610980269168616,-0.00624667599977069,True,True,Development
2020-08-05,0,0,0,0,0,0,0,0,6696.687,6790.008,6653.2772,6772.8422,6697.7071,18484381600.0,217994170977.7,0.012489683331474266,0.006959217296552689,-0.004498776783206426,-0.017423720117126562,0.012828149202732675,0.011218033108673975,True,True,Development
2020-08-06,0,0,0,0,0,0,0,0,6780.3265,6792.2759,6656.2782,6770.3016,6772.8422,20522984200.0,240928921871.6,-0.005462244332924193,-0.016778897004443682,-0.007751440878252747,-0.03362035736774627,-0.023350084984845587,-0.00037511578226345765,True,True,Development
2020-08-07,0,0,0,0,0,0,0,0,6743.2907,6755.528,6578.6672,6688.8822,6770.3016,19812821400.0,227976663621.9,-0.01137880649280032,-0.002301769372036633,-0.02421442397552276,-0.02976106309639004,-0.016963527910786813,-0.01202596351099039,True,True,Development
2020-08-10,0,0,0,0,0,0,0,0,6666.5601,6768.866,6651.7421,6725.2956,6688.8822,17535322700.0,210390907232.4,0.009181511766465533,-0.01298335253889027,-0.017128863804887873,-0.003002792999646009,0.00011040176477217223,0.005443869231244625,True,True,Development
2020-08-11,0,0,0,0,1,0,-1,-1,6727.7692,6756.8451,6594.9793,6600.8472,6725.2956,18084577100.0,203427777772.4,-0.02196320884491698,-0.026071004338258152,-0.02752264450451125,0.002948481050747187,-0.004407047732850278,-0.018504524916347243,True,True,Development
2020-08-12,0,0,0,0,0,0,0,0,6580.0058,6599.6573,6395.006,6528.3999,6600.8472,17788904500.0,197969436424.9,-0.004200041890540573,-0.005684280703825539,0.010111845190166946,0.030788316326408216,0.010705644058854658,-0.0109754547870764,True,True,Development
2020-08-13,0,0,0,0,0,0,0,0,6552.3695,6592.1163,6518.4229,6552.6567,6528.3999,16206051500.0,166812245236.6,-0.0014904989714026318,0.014372251137546588,0.02979630498554764,0.010627575261132671,-0.002172237081562667,0.0037155812100295726,True,True,Development
2020-08-14,0,0,0,0,0,0,0,0,6542.6032,6629.5058,6506.0266,6623.5633,6552.6567,15687598800.0,161300612455.5,0.01588642881475688,0.03133350651618305,0.03668110271458924,0.013190086172427673,0.004477560246967327,0.01082104606517853,True,True,Development
2020-08-17,0,0,0,0,0,0,0,0,6646.5418,6752.3176,6614.1849,6744.5468,6623.5633,20140735700.0,207540650739.4,0.0152055163483662,0.020469486854050922,-0.003691619001026991,0.0031225711993565497,0.010944653955234251,0.018265621466922566,True,True,Development
2020-08-18,0,0,0,0,0,1,1,1,6747.6059,6811.5637,6737.5288,6789.3979,6744.5468,18916617500.0,208576358641.0,0.0051851279577546094,-0.01861409837228334,-0.017592195181404868,-0.00733390490396002,-0.011920954067575318,0.006649979802942463,True,True,Development
2020-08-19,0,0,0,0,0,0,0,0,6782.5931,6782.5931,6661.9879,6666.274,6789.3979,19430913600.0,205475855509.4,-0.023676460850939218,-0.02265982902615815,-0.016998955753368183,-0.01948282877237617,-0.008389387238930679,-0.018134730327117765,True,True,Development
2020-08-20,0,0,0,0,0,0,0,0,6622.0053,6672.4908,6570.6949,6593.785,6666.274,15764625800.0,163429358352.8,0.0010412857869503966,0.00683943880262361,0.011494146644672742,-0.012665211850555247,0.01405901925206865,-0.010873990478039275,True,True,Development
2020-08-21,0,0,0,0,0,0,0,0,6628.9007,6686.0233,6589.1968,6643.9444,6593.785,14296349300.0,153128200636.0,0.0057921217616065945,0.01044198776427585,0.0032506596455728065,-0.008599103015678011,-0.012522845605456134,0.007607072417435523,True,True,Development
2020-08-24,0,0,0,0,1,0,-1,-1,6667.2961,6702.7487,6589.9285,6688.9647,6643.9444,14302035400.0,157948512265.7,0.004623088511098272,-0.002526826429682605,-0.019372155977893324,0.007797733776965465,-0.007109013802461872,0.006776140390337915,True,True,Development
2020-08-25,0,0,0,0,0,0,0,0,6698.1196,6734.4378,6631.6853,6652.5478,6688.9647,14709813000.0,158243101130.5,-0.0071170123626935755,-0.023884822838935338,-0.01884431863533753,-0.004620938688523868,-0.030507950320863175,-0.005444325337821021,True,True,Development
2020-08-26,0,0,0,0,0,0,0,0,6650.449,6660.7634,6501.2409,6525.8786,6652.5478,15373477100.0,170546092542.3,-0.01688800259952372,-0.011811367924180693,0.010350714666032435,0.011313867680212475,-0.029342936093487815,-0.01904070497621979,True,True,Development
2020-08-27,0,0,0,0,0,0,0,0,6538.1362,6585.7193,6486.7508,6578.7912,6525.8786,12983619800.0,142139979127.3,0.0051638416464925285,0.02770662685185421,0.01973525727408365,0.02706704090991563,-0.02041431929790627,0.00810811895887853,True,True,Development
2020-08-28,0,0,0,0,0,0,0,0,6571.8981,6695.3574,6553.9227,6691.2096,6578.7912,14194959300.0,155878611730.4,0.022426975853444775,0.014496557699213097,0.02340164099622899,-0.003957775912563299,-0.055099758774409535,0.01708800242816655,True,True,Development
2020-08-31,0,0,0,0,0,0,0,0,6719.2859,6765.8853,6667.6792,6668.4331,6691.2096,15602438500.0,173312513829.2,-0.007756464120688755,0.0009532858246141807,-0.0006223429189105012,-0.014791408116746507,-0.0549062512729217,-0.0034039435859249956,True,True,Development
2020-09-01,0,0,0,0,0,0,0,0,6667.168,6710.4599,6637.6339,6710.4599,6668.4331,12563249000.0,140204445918.0,0.008777834906815052,0.007189889320323051,-0.018190632064468693,-0.026007189259367736,-0.047416144305948094,0.006302350097806331,True,True,Development
2020-09-02,0,0,0,0,0,0,0,0,6725.6913,6742.5527,6647.0341,6717.5579,6710.4599,14956254800.0,160818469798.5,-0.0015741281494737747,-0.026733802070279422,-0.01572969904223831,-0.040201964071708174,-0.05147032246335792,0.0010577516453083025,True,True,Development
2020-09-03,0,0,0,0,0,1,1,1,6715.1042,6732.6741,6638.4482,6662.2515,6717.5579,14211033500.0,151591727849.6,-0.025199340912684498,-0.014177888706477626,-0.03296009911506659,-0.046230049564979114,-0.05501518502125391,-0.008233111023873696,True,True,Development
2020-09-04,0,0,0,0,0,0,0,0,6545.888,6631.0289,6538.4896,6618.5762,6662.2515,12535846200.0,132077386325.3,0.011306365156263043,-0.0079613797241872,-0.01383810722089962,-0.05134519564037765,-0.027207263552324723,-0.00655563663425196,True,True,Development
2020-09-07,0,0,0,0,0,0,0,0,6619.8982,6669.3935,6459.1029,6478.8124,6618.5762,15558174800.0,167216213932.1,-0.019052332254897775,-0.024863358170673977,-0.03251312837408882,-0.04071710649568594,-0.01928629355659872,-0.021116898223518366,True,True,Development
2020-09-08,0,0,0,0,0,0,0,0,6493.7737,6542.9954,6432.952,6525.098,6478.8124,16123031800.0,148148725285.5,-0.00592388983311809,-0.013722236732702897,-0.04373198283765267,-0.02198060890233966,-0.015668655037978985,0.007144148825794172,True,True,Development
2020-09-09,0,0,0,0,0,0,0,0,6455.3053,6471.4824,6319.2713,6349.2234,6525.098,21691635100.0,176688524174.1,-0.007844818741570614,-0.038033398668224194,-0.016257976210668157,-0.011740343249141194,-0.011312245758539174,-0.02695355686611911,True,True,Development
2020-09-10,0,0,0,0,1,0,-1,-1,6404.6646,6414.9623,6219.6361,6235.5687,6349.2234,18104949700.0,149335340844.4,-0.030427276394770164,-0.008479679013948749,-0.008373272192895076,-0.009210958525447177,-0.007958355852076937,-0.017900567178026905,True,True,Development
2020-09-11,-1,0,0,-1,0,0,-1,-1,6209.7881,6319.6691,6209.7881,6311.967,6235.5687,12462919400.0,115690880160.5,0.022636360168231784,0.022746106264077026,0.027332607371900464,0.02544437868982996,0.009970179175678995,0.012252018007595566,True,True,Development
2020-09-14,-1,0,0,-1,0,0,-1,-1,6350.3551,6381.182,6297.9023,6351.2422,6311.967,13050227700.0,129303970062.7,0.0001073168333531882,0.004592294374215378,-0.0007375335593436949,0.022340451481209334,-0.015012404581910666,0.006222339248605158,True,True,Development
2020-09-15,-1,0,0,-1,0,0,-1,-1,6351.0366,6388.1304,6328.5366,6387.8805,6351.2422,11518415400.0,117077083505.1,0.004484496278922334,-0.0008447597357571501,0.0026382622326566185,0.006453812594939157,-0.022680675466427158,0.005768682542133252,True,True,Development
2020-09-16,-1,0,0,-1,0,0,-1,-1,6379.5178,6387.7666,6321.5668,6353.836,6387.8805,11337988700.0,112504425528.5,-0.005305463682537148,-0.0018379915798650837,0.017667024927808805,0.00043318321017937755,-0.021067736498830647,-0.005329545535487035,True,True,Development
2020-09-17,-1,0,0,-1,0,0,-1,-1,6345.6715,6416.0088,6291.6343,6367.0206,6353.836,11895968100.0,123682498362.9,0.0034859667727835664,0.023095018391670497,0.007304743083533349,0.0012642476056317076,-0.00718618983034347,0.0020750614274589463,True,True,Development
2020-09-18,-1,1,0,0,0,0,-1,0,6367.7923,6473.5997,6353.5609,6469.4692,6367.0206,13522626400.0,136788919948.3,0.019540932577213566,0.003805510427844716,0.0022753568768252297,-0.015090237789319949,0.006327216420045634,0.016090508643870294,True,True,Development
2020-09-21,0,0,0,0,0,1,1,1,6492.2249,6515.337,6434.3239,6445.9649,6469.4692,12602372100.0,133640323489.2,-0.015433830704170592,-0.016934656715296592,-0.021337969976979676,-0.036536611662975615,0.007179433971857607,-0.003633111044102244,True,True,Development
2020-09-22,0,0,0,0,0,0,0,0,6392.025,6462.9751,6341.4838,6358.652,6445.9649,12130589400.0,122989741811.9,-0.0015243526112617145,-0.005996691189411707,-0.018824112859383346,-0.02894766525475101,0.02437609364794424,-0.013545357654677903,True,True,Development
2020-09-23,0,0,0,0,0,0,0,0,6382.2813,6411.2048,6356.1636,6392.0329,6358.652,9504883300.0,106027143367.8,-0.004479166407159063,-0.017326171442803684,-0.01993962566331886,-0.021491609904439657,0.020179210841114292,0.0052496818508074305,True,True,Development
2020-09-24,0,0,0,0,1,0,-1,-1,6353.694,6354.6827,6243.282,6244.6389,6392.0329,11280146700.0,112624608424.9,-0.012904807817310848,-0.01553002080364596,-0.02308943427240917,-0.008439767480146187,0.016217888365413824,-0.023059017734404996,True,True,Development
2020-09-25,0,0,0,0,0,0,0,0,6271.7008,6285.4717,6206.1823,6236.8904,6244.6389,8779878800.0,92989168390.1,-0.0026595337583705803,-0.010317775363263504,-0.004238882058914539,0.02174560049165608,0.031070551069655616,-0.001240824349347025,True,True,Development
2020-09-28,0,0,0,0,0,0,0,0,6255.021,6261.9304,6171.02,6178.4693,6236.8904,7896291500.0,87526269792.6,-0.00767866326907618,-0.0015835598313739263,0.00720210211924166,0.0453738524618863,0.01512747918831936,-0.009367023669359376,True,True,Development
2020-09-29,0,0,0,0,0,0,0,0,6206.9908,6280.4433,6179.8807,6228.7708,6178.4693,8137116400.0,91783259881.9,0.0061422678441862555,0.01499591396204436,0.03239764750416585,0.054913372837607666,0.03531553486433414,0.008141417810395346,True,True,Development
2020-09-30,0,0,0,0,0,0,0,0,6245.1158,6260.1234,6155.0208,6192.5045,6228.7708,8148409300.0,89615460415.2,0.008799596638384255,0.026095096587320343,0.04703189010522446,0.042586063816462794,0.013880911543705965,-0.005822384731189678,True,True,Development
2020-10-09,0,0,0,0,0,0,0,0,6300.0703,6373.9367,6290.4705,6357.9711,6192.5045,10038623100.0,115149926305.0,0.01714463408447986,0.03789879931974727,0.03932770400990604,0.024867532033729933,0.0018947883803772658,0.02672046503962977,True,True,Development
2020-10-12,0,0,0,0,0,0,0,0,6408.0827,6541.3102,6399.6833,6541.176,6357.9711,14482434900.0,160960006150.6,0.0204043402873062,0.021809159859937477,0.01607157785276403,0.009126489581665398,-0.033196949845856416,0.02881499414176325,True,True,Development
2020-10-13,0,0,0,0,0,0,0,0,6538.8354,6557.8635,6486.3088,6551.3987,6541.176,11155845000.0,130283812098.8,0.0013767283391168395,-0.00424612309402983,-0.012555431506962145,-0.028933546790304687,-0.05373469104299522,0.0015628229541597705,True,True,Development
2020-10-14,0,0,0,0,0,0,0,0,6547.8376,6547.8376,6492.6581,6508.3743,6551.3987,11862960400.0,133539992970.6,-0.005615120937024987,-0.013913005417238722,-0.012411975519979301,-0.018577675170196595,-0.049802304198870107,-0.006567208312325601,True,True,Development
2020-10-15,0,0,0,0,0,0,0,0,6511.0707,6518.5503,6456.7714,6460.0408,6508.3743,10700425200.0,115595908995.5,-0.008344741211303353,-0.00683523525554719,-0.024792696537606407,-0.027532645283670498,-0.05255097291448563,-0.0074263553035049945,True,True,Development
2020-10-16,0,0,0,0,0,1,1,1,6456.7375,6473.6343,6388.6459,6428.6822,6460.0408,9873202200.0,109046534531.3,0.0015222083908474904,-0.016586364243551865,-0.004730485016620212,-0.022415329723409094,-0.028467968536741606,-0.004854241787451197,True,True,Development
2020-10-19,0,0,0,0,0,0,0,0,6466.566,6483.5079,6346.2632,6358.3213,6428.6822,10366836300.0,114682882324.5,-0.01808104950912126,-0.006243189971307683,-0.020839855342077884,-0.04194066835473409,-0.05367835107536212,-0.010944840297129721,True,True,Development
2020-10-20,0,0,0,0,0,0,0,0,6349.6437,6423.1573,6324.3889,6423.1128,6358.3213,8618922400.0,95327322735.8,0.012055841810462598,-0.002809606466580017,-0.005927277462828284,-0.025540110226972224,-0.027479400143349708,0.010190032391096837,True,True,Development
2020-10-21,0,0,0,0,1,0,-1,-1,6426.194,6426.5095,6323.4406,6350.0127,6423.1128,8751225500.0,102120928452.3,-0.014688367640317113,-0.017768900223055883,-0.035921744659436095,-0.03181569059384137,-0.027941453370377567,-0.011380790323345935,True,True,Development
2020-10-22,0,0,0,0,0,0,0,0,6331.8037,6334.5424,6256.2324,6317.1438,6350.0127,8572472900.0,96745752080.7,-0.0031264551047279765,-0.021549910020110086,-0.02279454746836196,-0.025726650369783388,-0.005873539636107261,-0.00517619437202077,True,True,Development
2020-10-23,0,0,0,0,0,0,0,0,6312.0076,6362.4283,6202.5347,6213.2626,6317.1438,8056509000.0,93954361163.2,-0.018481235668981078,-0.019729776624476725,-0.014300901665580956,-0.006191421569264222,0.008583291312893815,-0.016444330426671594,True,True,Development
2020-10-26,0,0,0,0,0,0,0,0,6195.3539,6239.7156,6127.3829,6214.3779,6213.2626,7339295600.0,85255066150.9,-0.0012720500115417366,0.0042590464444653975,-0.004268731121235936,-0.012251519642808462,0.022934541318131885,0.00017950311644643335,True,True,Development
2020-10-27,-1,0,0,-1,0,0,-1,-1,6187.4731,6227.8424,6168.971,6221.3414,6214.3779,7558651600.0,89315873362.5,0.005538141248646378,-0.0030004978930737725,0.013810839840257216,-0.001990117742895703,0.039912367457403564,0.0011205465956616312,True,True,Development
2020-10-28,-1,0,0,-1,0,0,-1,-1,6221.7402,6254.716,6164.2406,6245.9986,6221.3414,8713088800.0,104079228634.8,-0.008491611398367405,0.008227135552847376,-0.01644054504236614,0.00400154927716212,0.021638061968579203,0.003963325336879819,True,True,Development
2020-10-29,-1,0,0,-1,0,0,-1,-1,6168.9076,6287.6478,6159.1435,6255.1933,6245.9986,9258748300.0,109761286278.4,0.01686193192454377,-0.008017010985867157,0.0010134209175058917,0.02037735173728339,0.022071638745245536,0.001472094470210017,True,True,Development
2020-10-30,-1,0,0,-1,0,0,-1,-1,6272.9273,6274.6162,6103.8909,6111.4803,6255.1933,11212236000.0,126461002490.3,-0.024466392269523074,-0.015585705895236557,-0.004191105482762469,0.014866759256081385,0.005026680286889462,-0.022974989437976268,True,True,Development
2020-11-02,-1,0,0,-1,0,0,-1,-1,6119.4514,6162.2763,6095.8038,6143.1157,6111.4803,11175637900.0,123794413318.8,0.009103414074013383,0.02078379117448348,0.028623840365820996,0.03562249060430478,0.03272397914623526,0.005176389098398904,True,True,Development
2020-11-03,-1,1,0,0,0,0,-1,0,6175.1593,6245.5576,6155.7346,6241.7676,6143.1157,10544003600.0,115863061000.7,0.011575005036712271,0.019344326874287887,0.030934602772109798,0.04198604236817016,0.03329617747674951,0.01605893569609962,True,True,Development
2020-11-04,0,0,0,0,0,0,0,0,6246.6368,6256.0695,6181.0972,6234.158,6241.7676,9292974500.0,108226613294.5,0.007680420926665654,0.019138074427506258,0.014536574305072492,0.017566220594096293,0.013897686511884277,-0.001219141834117643,True,True,Development
2020-11-05,0,0,0,0,0,0,0,0,6294.6136,6358.4445,6273.3148,6351.9789,6234.158,11884321500.0,132602148329.1,0.011370324621673422,0.0068038965886643155,0.02221203855944398,0.0016604514056270947,0.005317260459005935,0.018899248302657767,True,True,Development
2020-11-06,0,0,0,0,0,0,0,0,6366.1854,6366.1854,6254.0869,6301.2477,6351.9789,11824421100.0,131702113343.4,-0.004515089994080346,0.010719826035854974,-0.001542336483005946,-0.009695931884107556,-0.0017904128271225561,-0.007986676404104553,True,True,Development
2020-11-09,0,0,0,0,0,0,0,0,6337.4415,6452.9139,6337.4415,6421.6506,6301.2477,16002788200.0,175071789214.3,0.01530401503508938,0.0029862366382396033,-0.005108686210357982,-0.002798810845038968,0.015538952114982019,0.019107787176815716,True,True,Development
2020-11-10,0,0,0,0,0,0,0,0,6434.4298,6435.413,6339.2861,6373.0853,6421.6506,14192893200.0,155931471262.3,-0.012132108427074573,-0.020105013811791084,-0.020199225734034654,-0.008339713334039267,0.005954995421661113,-0.007562744070815697,True,True,Development
2020-11-11,0,0,0,0,0,0,0,0,6356.3666,6375.2402,6292.8368,6294.6055,6373.0853,13072808100.0,134439037098.4,-0.008070821465835598,-0.008166190414505059,-0.005767823397725413,-0.0036052042687405583,0.0209063932844904,-0.012314255388987227,True,True,Development
2020-11-12,0,0,0,0,0,0,0,0,6305.0655,6340.9983,6285.2907,6315.4938,6294.6055,10468068700.0,113184124161.7,-9.614491713039186e-05,0.0023217363879883823,0.01200669525161957,0.003650747165116819,0.007104779482465462,0.003318444658684472,True,True,Development
2020-11-13,0,0,0,0,1,0,-1,-1,6304.4593,6319.4126,6248.355,6306.97,6315.4938,10711632200.0,112943607786.7,0.002418113794469212,0.012104003907202676,0.004598538688321829,0.007982920914407332,0.005222430415245727,-0.001349664851226673,True,True,Development
2020-11-16,0,0,0,0,0,0,0,0,6319.7042,6387.4154,6294.2899,6387.371,6306.97,13367733000.0,131781935048.7,0.009662525027674507,0.0021751650971260084,0.0013259323118319788,0.01838923093900502,0.006449320840048234,0.01274795979685961,True,True,Development
2020-11-17,0,0,0,0,0,0,0,0,6380.7685,6380.7685,6300.5666,6336.9406,6387.371,14127431800.0,138972383424.4,-0.007415705490647406,-0.008256811072208659,-0.004071797934684596,0.014414925098755749,-0.011427165865679045,-0.007895329706071541,True,True,Development
2020-11-18,0,0,0,0,0,0,0,0,6333.4506,6382.4966,6314.3093,6341.0136,6336.9406,13398246200.0,129795857711.1,-0.0008473895730709557,0.003368890253916179,0.01617887411958341,0.024600286611535127,0.01650056290010382,0.0006427391792185322,True,True,Development
2020-11-19,0,0,0,0,0,0,0,0,6328.0837,6370.1805,6293.5553,6360.5998,6341.0136,12380484500.0,121059609478.7,0.004219855688697649,0.017040703807378543,0.022860490925554533,0.003441468386393254,0.01727230630656784,0.003088812173498434,True,True,Development
2020-11-20,0,0,0,0,1,0,-1,-1,6354.7873,6429.8695,6351.3079,6422.9854,6360.5998,13066764500.0,128065402931.0,0.012766973333631526,0.01856230498855571,0.021160110268364063,-0.0027386282464560985,0.011210288659071255,0.009808131616769744,True,True,Development
2020-11-23,0,0,0,0,0,0,0,0,6435.9187,6516.2407,6407.0565,6472.9301,6422.9854,18192566800.0,170218076144.5,0.005722275516003572,0.008287332778146972,-0.013371377733531697,-0.011724309071834527,0.004672091336393125,0.007775932356937965,True,True,Development
2020-11-24,0,0,0,0,0,0,0,0,6472.7468,6495.1373,6454.6653,6475.1881,6472.9301,15406296500.0,148759535147.5,0.0025504628112442695,-0.018985015758688384,-0.020912744493574165,-0.025474872584232644,-0.007506534938150122,0.00034883738355229177,True,True,Development
2020-11-25,0,0,0,0,0,0,0,0,6489.2553,6489.722,6350.3667,6350.3667,6475.1881,15381310600.0,156624909521.8,-0.021480692861629236,-0.023403517503772786,-0.019847161815316317,-0.007905252240576699,-0.009057834417456112,-0.019276876296458578,True,True,Development
2020-11-26,0,0,0,0,0,0,0,0,6349.8616,6358.174,6284.9727,6334.3042,6350.3667,12323693600.0,125528466079.5,-0.001965034954462652,0.0016693907155393983,-0.006615451272197759,0.013783402775266795,-0.008584218591472959,-0.0025293814922530133,True,True,Development
2020-11-27,0,0,0,0,0,0,0,0,6337.3839,6351.8103,6276.0729,6351.6119,6334.3042,12088511600.0,117407959618.1,0.0036415815049488653,-0.004659572540650303,0.015869671395479124,0.013987222708726987,-0.0013500365663503544,0.0027323758780009033,True,True,Development
2020-11-30,0,0,0,0,0,0,0,0,6360.462,6397.7204,6309.4445,6320.9441,6351.6119,16315768200.0,157517649561.1,-0.008271034399702448,0.012183721874291509,0.01209382274432258,0.016590917452222742,-0.02399762784527293,-0.004828349162832257,True,True,Development
2020-12-01,0,0,0,0,0,0,0,0,6307.8544,6437.9433,6299.414,6426.6155,6320.9441,15095734000.0,152562838800.9,0.020625349247122893,0.02053470035706595,0.018734088091824086,0.018438044479910598,-0.009156473237556084,0.016717660894991937,True,True,Development
2020-12-02,0,0,0,0,0,0,0,0,6437.9561,6446.8066,6392.9892,6434.9791,6426.6155,14970510500.0,150490962737.2,-8.881700824281413e-05,-0.0018530415266422295,0.0043541458755831375,-0.0011617662319878264,-0.026366287275553124,0.001301400402746955,True,True,Development
2020-12-03,0,0,0,0,0,0,0,0,6437.3843,6461.0881,6392.8987,6440.8808,6434.9791,15221493300.0,152891750850.0,-0.0017643812254612978,0.004443357529548164,-0.0020544679925352805,-0.022063511106521938,-0.03298005682214744,0.0009171280758317746,True,True,Development
2020-12-04,0,0,0,0,0,0,0,0,6426.0263,6471.8561,6409.6779,6464.7345,6440.8808,12885516900.0,135320890716.2,0.006218710931824134,-0.00029059949536780483,0.0006925586345638557,-0.015125692840690763,-0.01803076965309036,0.003703484157011605,True,True,Development
2020-12-07,0,0,0,0,1,0,-1,-1,6465.9879,6472.8495,6417.6481,6424.6823,6464.7345,12107828200.0,130847019898.5,-0.006469081081948769,-0.005491999142157367,-0.026389610163050303,-0.03992613410241608,-0.0253217764295538,-0.006195490317506325,True,True,Development
2020-12-08,0,0,0,0,0,0,0,0,6424.1589,6448.3926,6406.7236,6423.6513,6424.6823,10549499200.0,118324850768.4,0.000983443918238125,-0.020050235681436823,-0.014839405669122008,-0.02709494000841106,-0.007982399065502577,-0.0001604748611460094,True,True,Development
2020-12-09,0,0,0,0,0,0,0,0,6430.4767,6437.4327,6307.2207,6307.2207,6423.6513,12151621300.0,133439441028.8,-0.02101301447838233,-0.01580730399038699,-0.0346242915396926,-0.025233836863136405,-0.02723348643810508,-0.01812529892461634,True,True,Development
2020-12-10,0,0,0,0,0,0,0,0,6295.353,6350.9178,6267.1713,6320.0956,6307.2207,11057714200.0,122398601686.0,0.005317446059021513,-0.013903430037997877,-0.007188842309557519,-0.011162837095870626,0.0020852047534110074,0.0020412953046022864,True,True,Development
2020-12-11,0,0,0,0,0,0,0,0,6328.8282,6340.3946,6163.4119,6209.427,6320.0956,13264160600.0,143457071945.4,-0.019119210725296654,-0.012440138602593076,-0.009577934190092119,-0.0029496929621188883,-0.021779071203102074,-0.017510589555006062,True,True,Development
2020-12-14,0,0,0,0,1,0,-1,-1,6207.826,6260.6133,6176.5402,6259.0175,6209.427,10687714900.0,123900781656.2,0.006809259795619305,0.009727253953316417,0.002779233825174865,0.015211702132115201,0.01223553946260747,0.007986324664095434,True,True,Development
2020-12-15,0,0,0,0,0,0,0,0,6250.0967,6276.5843,6228.6787,6265.5819,6259.0175,9798099400.0,119718559344.7,0.002898259158134353,-0.004002770069141515,0.009609995314152409,0.01964481605540591,-0.0014977688265207512,0.0010487908046270533,True,True,Development
2020-12-16,0,0,0,0,0,0,0,0,6268.2111,6271.0304,6219.0857,6235.4352,6265.5819,9928395000.0,114108040736.8,-0.006881086056594432,0.006692340020264975,0.005431613494957022,-0.002051414637263993,-0.011448338107183487,-0.004811476488720157,True,True,Development
2020-12-17,0,0,0,0,0,0,0,0,6225.079,6312.0056,6184.5429,6308.9013,6235.4352,12770274400.0,140083142643.1,0.013667473135682284,0.012398011334474601,0.02374262238278435,0.013397597042543508,0.00929764907401176,0.011782032471446602,True,True,Development
2020-12-18,0,0,0,0,0,0,0,0,6310.1601,6332.5326,6269.2134,6291.918,6308.9013,12862228800.0,137531405179.9,-0.0012523454040413995,0.009939304075660571,-0.00868562748510937,-0.01888508343869122,0.013541922652643867,-0.0026919584238860317,True,True,Development
2020-12-21,0,0,0,0,0,0,0,0,6302.2576,6401.5463,6293.922,6398.5987,6291.918,13634782200.0,156761702647.2,0.011205682865137234,-0.0074426027904667125,0.0009873445985451035,-0.0029315685223656462,0.026655955795903852,0.01695519553814906,True,True,Development
2020-12-22,0,0,0,0,0,0,0,0,6372.8787,6378.4986,6241.5603,6250.0606,6398.5987,15131061800.0,172456513342.7,-0.018441634547351482,-0.010105103679440841,-0.028540712692366244,-0.020735244811736386,0.02775077140570703,-0.023214160938081596,True,True,Development
2020-12-23,0,0,0,0,1,0,-1,-1,6255.3524,6330.6028,6242.6249,6307.604,6250.0606,14404432300.0,166258560029.3,0.008493158594869987,-0.010288820818472155,0.004544859854738181,-0.009416240082653071,0.04289497742765058,0.009206854730336556,True,True,Development
2020-12-24,0,0,0,0,0,0,0,0,6308.4801,6308.4801,6202.4031,6205.2247,6307.604,13122165300.0,147688966891.2,-0.018623804488184126,-0.003915047619790335,-0.010738656368274868,-0.0040457447111547085,0.03694669655849436,-0.016231091869432612,True,True,Development
2020-12-25,0,0,0,0,0,0,0,0,6190.9922,6284.5851,6186.0254,6278.4981,6205.2247,13447826700.0,143831769330.4,0.014987888371108093,0.008034786411134531,0.0008816518941827667,0.033051180390761825,0.05919254752089653,0.01180833951105753,True,True,Development
2020-12-28,0,0,0,0,0,0,0,0,6283.7821,6288.2442,6219.091,6244.4818,6278.4981,14896021400.0,160495558567.3,-0.006850428502287009,-0.013897935767059888,-0.0001312107878471691,0.029674517198805983,0.022603059389981084,-0.005417904004781038,True,True,Development
2020-12-29,0,0,0,0,0,0,0,0,6240.7355,6280.0396,6196.4147,6199.8523,6244.4818,15447603200.0,155674658940.1,-0.007096118718699085,0.006765564731913365,0.024816994727624664,0.049512673626369796,0.04956132173843941,-0.007147030198726867,True,True,Development
2020-12-30,0,0,0,0,1,0,-1,-1,6196.4505,6289.2704,6188.5931,6269.2484,6199.8523,13804167300.0,148227835332.6,0.013960750594231186,0.032141191154516635,0.044186554867177597,0.05280847478729944,0.04443493900257889,0.011193186005415079,True,True,Development
2020-12-31,0,0,0,0,0,0,0,0,6282.9576,6370.5695,6281.0138,6367.1149,6269.2484,16019408600.0,174289318594.1,0.017930122590672948,0.029809639332915472,0.042459844070887875,0.04115895991403806,0.022946645382423192,0.015610563460844773,True,True,Development
2021-01-04,0,0,0,0,0,0,0,0,6395.6118,6501.5892,6359.0797,6482.7868,6367.1149,18662120900.0,211126911334.4,0.011670267416793445,0.024097647702757685,0.020023698123766698,0.02530500678605918,0.003004872809822645,0.01816708223688579,True,True,Development
2021-01-05,0,0,0,0,0,0,0,0,6470.2503,6539.7315,6452.5245,6539.7315,6482.7868,19672629200.0,227033005056.2,0.01228402245891469,0.008257068509389898,0.011020794666938949,-0.0068676632185310504,0.006217410167269843,0.008783984690041047,True,True,Development
2021-01-06,0,0,0,0,0,1,1,1,6549.731,6569.199,6472.7446,6528.1425,6539.7315,17852108600.0,209333367288.0,-0.003978087038994493,-0.001247898577819373,0.0011789491812717046,4.635304869782253e-05,-0.01100239078520926,-0.0017720911019053487,True,True,Development
2021-01-07,0,0,0,0,0,0,0,0,6523.6756,6567.2727,6467.4371,6538.1162,6528.1425,19713564100.0,219238806494.6,0.0027410927667832485,0.005177633296174378,-0.015000868528778355,-0.007953522397710855,0.0043470739102968725,0.0015278005956518292,True,True,Development
2021-01-08,0,0,0,0,0,0,0,0,6541.5576,6598.3812,6484.3979,6557.5964,6538.1162,18083742900.0,207113827943.6,0.002429880002891016,-0.01769346187519616,0.0012958687392738977,-0.017492347694072152,0.011970039062256355,0.002979482071609585,True,True,Development
2021-01-11,0,0,0,0,0,0,0,0,6557.4528,6572.8538,6419.731,6455.3987,6557.5964,18325727100.0,217940399022.5,-0.02007456309864708,-0.001131262431656399,-0.013063517590244822,-0.021749756246815743,0.012011798239706772,-0.015584627928611261,True,True,Development
2021-01-12,0,0,0,0,0,0,0,0,6425.8148,6543.2286,6425.8148,6543.2286,6455.3987,16231123700.0,199048530439.2,0.019331369463060133,0.007154672431580078,0.00020473668179787907,0.0131755586855693,0.030398215024808994,0.013605650724563434,True,True,Development
2021-01-13,0,0,0,0,1,0,-1,-1,6550.0346,6553.6488,6457.881,6496.9131,6543.2286,18491342000.0,222962632352.8,-0.011945768958228187,-0.018763900880767848,-0.02064184515910794,-0.011048231714684276,-0.003412836933716301,-0.007078386348904342,True,True,Development
2021-01-14,0,0,0,0,0,0,0,0,6471.7894,6516.2686,6402.6002,6439.8854,6496.9131,16302381600.0,198732646503.4,-0.00690056447139642,-0.008801213463466406,0.00597811480083088,0.012399213732140257,0.0006291150326986905,-0.008777660886367666,True,True,Development
2021-01-15,0,0,0,0,0,0,0,0,6427.1304,6447.8762,6339.4283,6417.5011,6439.8854,13824319900.0,166962801807.4,-0.0019138556765551096,0.01296816694430225,0.007863213729100593,0.02998692853656748,0.003351309007204817,-0.0034758848348449556,True,True,Development
2021-01-18,0,0,0,0,0,0,0,0,6414.8298,6529.4125,6392.0653,6514.4644,6417.5011,13683280700.0,169891546069.1,0.014910559279374791,0.009795817185983546,0.02138867347657447,0.03451218612222573,-0.01187643357271928,0.015109198812603086,True,True,Development
2021-01-19,0,0,0,0,0,1,1,1,6510.4785,6532.6474,6456.1154,6476.3736,6514.4644,14761671600.0,174545108266.2,-0.00503959885590588,0.006382940977379681,0.016800884911915448,0.01699868911325031,-0.016223922711671723,-0.00584711154458073,True,True,Development
2021-01-20,0,0,0,0,0,0,0,0,6477.6683,6535.4751,6449.2835,6535.4185,6476.3736,12852543200.0,153378909111.6,0.011480396425979311,0.02195110854935245,0.024476600631125223,0.007720694806185202,-0.0027794260474869326,0.009116969410164932,True,True,Development
2021-01-21,0,0,0,0,1,0,-1,-1,6552.0345,6649.8633,6550.8802,6622.4959,6535.4185,15680958700.0,189208745540.8,0.0103518685684576,0.01284869608058381,0.010548418205063026,-0.0116259461088003,-0.026917165958146194,0.013323921031223929,True,True,Development
2021-01-22,0,0,0,0,0,0,0,0,6619.8603,6643.6653,6573.8204,6637.8052,6622.4959,15806231000.0,202861676271.9,0.0024712455034738845,0.0001945358272892328,-0.013924750043441292,-0.025860152970297534,-0.04169725454780382,0.002311711510459391,True,True,Development
2021-01-25,0,0,0,0,0,0,0,0,6636.2196,6711.5711,6599.9742,6645.3137,6637.8052,16562310300.0,223556746416.0,-0.0022710972373488625,-0.016355576901041724,-0.02416416418769518,-0.044841056796854684,-0.05851231927285838,0.0011311720928477431,True,True,Development
2021-01-26,0,0,0,0,0,0,0,0,6621.1481,6624.4493,6515.2584,6532.961,6645.3137,14337131100.0,191892389929.2,-0.014116539698001973,-0.02194290141312516,-0.026049621212973606,-0.03266731037174664,-0.04330545030400401,-0.016907057374883516,True,True,Development
2021-01-27,0,0,0,0,0,0,0,0,6527.6804,6564.2855,6481.1571,6557.1608,6532.961,13976004900.0,174776064769.4,-0.007938424804008526,-0.012103947368501622,-0.028959123060007586,-0.01041967373280106,-0.00810868436512302,0.003704262125550528,True,True,Development
2021-01-28,0,0,0,0,0,0,0,0,6475.8609,6529.8416,6405.8135,6414.3811,6557.1608,14482540600.0,174817693999.3,-0.004198854858046608,-0.0211889047833006,-0.01096501316141607,-0.015471085859796618,0.028018761181235474,-0.021774622333495364,True,True,Development
2021-01-29,0,0,0,0,0,0,0,0,6448.6697,6462.3739,6255.7033,6346.1371,6414.3811,14604158100.0,172077242710.4,-0.01706168948302622,-0.006794688212981348,0.0017049097738714991,-0.01625752362537669,0.023505033914204,-0.010639218178040588,True,True,Development
2021-02-01,0,0,0,0,0,0,0,0,6338.6445,6397.0135,6328.3355,6393.278,6346.1371,13732518300.0,157579284924.2,0.010445214272546632,0.019092346952096717,0.0058415959437383425,-0.0143130759265645,0.061978692763097865,0.007428282631965155,True,True,Development
2021-02-02,0,0,0,0,1,0,-1,-1,6404.853,6459.4797,6361.0882,6454.7853,6393.278,13239431300.0,161720464851.3,0.008557745197274702,-0.004556029623162261,-0.00952757229557033,-0.010997395256378328,0.03259222342807866,0.009620620282740688,True,True,Development
2021-02-03,0,0,0,0,0,0,0,0,6459.6641,6484.4931,6399.3315,6399.3315,6454.7853,14545715500.0,175699413269.2,-0.013002502715272701,-0.017931861193835164,-0.03277958369383327,0.0023353226679387884,0.026877279888283923,-0.00859111456425965,True,True,Development
2021-02-04,0,0,0,0,0,0,0,0,6375.6723,6414.2983,6249.5311,6328.7881,6399.3315,14886133000.0,173708935488.7,-0.004994296836743128,-0.020037620189481853,-0.006470847003852476,0.04417325526595839,0.035217164470639384,-0.011023557695049924,True,True,Development
2021-02-05,-1,0,0,-1,0,0,-1,-1,6343.8303,6382.9572,6236.2674,6239.8709,6328.7881,13513287900.0,162500626708.2,-0.015118831283995715,-0.0014839615113916294,0.020637248130676022,0.040419681465943436,0.0034534656451956636,-0.014049640878322278,True,True,Development
2021-02-08,-1,0,0,-1,0,0,-1,-1,6247.919,6354.0199,6215.7284,6323.1622,6239.8709,11613400400.0,141592202722.8,0.01384417755735945,0.0363049681021792,0.06552381681004515,0.07739959496914084,0.025487718390715397,0.013348240906714937,True,True,Development
2021-02-09,-1,0,0,-1,0,0,-1,-1,6334.4163,6468.4281,6330.792,6457.8814,6323.1622,11931911000.0,146850922947.9,0.022154085452198657,0.050973946881262,0.04196591878560296,0.044074321417744367,0.028353835853826004,0.021305668862962257,True,True,Development
2021-02-10,-1,0,0,-1,0,0,-1,-1,6474.7495,6542.745,6424.7212,6525.1658,6457.8814,11904265900.0,150035763539.9,0.028195222069981263,0.019382433250892506,0.039654954990922864,0.024484777364745858,-0.0075234725297094185,0.01041895876254384,True,True,Development
2021-02-18,-1,0,0,-1,0,0,-1,-1,6657.3065,6678.6126,6564.3061,6614.5443,6525.1658,16689239200.0,194996422146.0,-0.008571124072475844,0.01114548353752376,-0.006564982399413388,-0.008577207613920113,-0.026214746158975788,0.013697506353018696,True,True,Development
2021-02-19,0,0,0,0,0,0,0,0,6600.2459,6706.3901,6542.7821,6703.4821,6614.5443,17876781700.0,201468755509.5,0.019887062086580753,0.002023485215906895,0.005005328665103281,-0.03553010047701399,-0.041588480817055684,0.013445793990676025,True,True,Development
2021-02-22,0,0,0,0,0,1,1,1,6731.5054,6810.9223,6657.056,6657.056,6703.4821,23706558500.0,259948295725.1,-0.017515250006335914,-0.014591550353654892,-0.019505295204843787,-0.0481825655224164,-0.0412575617929386,-0.006925669272690449,True,True,Development
2021-02-23,0,0,0,0,1,0,-1,-1,6613.6014,6701.4296,6609.0782,6631.2286,6657.056,19265686600.0,206144665096.1,0.0029758219175410883,-0.002025522735615737,-0.037477750019830225,-0.015056864479313647,-0.05719841235064449,-0.003879702979815547,True,True,Development
2021-02-24,0,0,0,0,0,0,0,0,6633.2823,6661.4326,6477.7512,6536.1861,6631.2286,17371883200.0,196797835530.2,-0.004986505700202204,-0.04033354648572696,-0.034088418037025114,-0.031243265494670713,-0.07063080972748581,-0.01433256274712058,True,True,Development
2021-02-25,0,0,0,0,0,0,0,0,6600.2054,6609.5637,6484.5547,6499.1528,6536.1861,16206818200.0,171451163368.9,-0.035524182323174336,-0.02924775644103439,-0.013057790595425889,-0.017790128167829433,-0.07967492951052701,-0.005665888246358275,True,True,Development
2021-02-26,0,0,0,0,0,0,0,0,6365.7385,6446.9461,6346.1326,6364.3529,6499.1528,15076020600.0,163655502841.0,0.006507603163403486,0.023293888053994127,0.009472333806988642,-0.0062815649747473,-0.021090027496416974,-0.020741149523365587,True,True,Development
2021-03-01,0,0,0,0,0,0,0,0,6407.1642,6491.9367,6404.8885,6488.4388,6364.3529,15860843700.0,165792208050.0,0.016677752694397974,0.002945562094381682,0.011802834708060095,0.007275558818985894,-0.03353514804568303,0.01949701752082289,True,True,Development
2021-03-02,0,0,0,0,0,0,0,0,6514.0213,6514.0213,6386.4903,6433.3282,6488.4388,16587706900.0,174025453382.7,-0.013506925437901218,-0.004794949012524752,-0.028902208225816017,-0.04278576737229889,-0.05188082513638692,-0.008493661063736946,True,True,Development
2021-03-03,0,0,0,0,0,0,0,0,6426.0369,6528.2217,6420.2068,6524.7513,6433.3282,17101752400.0,169667464343.0,0.008831259590183826,-0.015606072850282038,0.004317279908554683,-0.040657827532860846,-0.038148567120739774,0.014210855898817654,True,True,Development
2021-03-04,0,0,0,0,0,0,0,0,6482.7869,6485.1639,6371.7302,6401.9917,6524.7513,19433461600.0,192657769864.8,-0.024223409225436754,-0.004474464523891664,-0.03817386007243273,-0.06300568047362476,-0.038809497193251885,-0.018814448912405357,True,True,Development
2021-03-05,0,0,0,0,1,0,-1,-1,6325.7517,6442.0155,6319.5318,6403.4964,6401.9917,16650488500.0,163666502404.3,0.02023920730243023,-0.014296767291703816,-0.02544891226128898,-0.014902070847959359,-0.02062969053938679,0.00023503623099041526,True,True,Development
2021-03-08,-1,0,0,-1,0,0,-1,-1,6453.7799,6488.819,6253.6974,6256.4092,6403.4964,16854633900.0,177120047000.4,-0.033850860020807394,-0.044781771996903696,-0.05879428890966676,-0.04051593082683225,-0.0379387279693254,-0.022969826296771245,True,True,Development
2021-03-09,-1,0,0,-1,0,0,-1,-1,6235.3139,6250.9352,6033.4082,6108.0027,6256.4092,19643268600.0,181888459397.2,-0.011313897123928274,-0.02581736903413956,-0.00061408295739529,-0.009501590609576227,0.011654008309028407,-0.02372071507087481,True,True,Development
2021-03-10,-1,0,0,-1,0,0,-1,-1,6164.7682,6179.8543,6053.0186,6062.2552,6108.0027,14255427900.0,135611236325.7,-0.014669440450332027,0.01082225605822451,0.004465828901725644,0.0026156052388148776,0.002521457335573407,-0.007489764207209704,True,True,Development
2021-03-11,-1,0,0,-1,0,0,-1,-1,6074.3345,6213.9343,6045.5492,6213.8319,6062.2552,16081464300.0,149412660862.7,0.025871212722974102,0.019420152117075595,0.01674817216602098,0.0258231910014175,0.007331700287496634,0.025003351887924463,True,True,Development
2021-03-12,-1,0,0,-1,0,0,-1,-1,6231.4849,6232.5006,6137.9903,6222.3802,6213.8319,17574617800.0,160346945987.6,-0.006288372776126039,-0.008892968672683521,-0.00811878722517656,-0.005814264269500269,-0.010697482393000834,0.0013756889689917617,True,True,Development
2021-03-15,0,0,0,0,0,0,0,0,6192.299,6229.5721,6111.3575,6173.8721,6222.3802,17079969100.0,150564929107.2,-0.002621078213438932,-0.001841997616717217,0.006281059748568296,0.0026860298574082897,0.012547811402517928,-0.007795746714416407,True,True,Development
2021-03-16,0,0,0,0,0,1,1,1,6176.0685,6222.1819,6124.777,6195.2438,6173.8721,15284599200.0,138852788600.2,0.0007811279942895322,0.008925532480735798,0.0031063288886772344,0.021358539012318323,0.010265592099569565,0.0034616363367814262,True,True,Development
2021-03-17,-1,0,0,-1,0,0,-1,-1,6180.8928,6230.559,6124.0498,6225.3588,6195.2438,13484039600.0,125106921644.8,0.008138047629624001,0.0023233860325162503,0.004536383481687389,-9.390229191486021e-05,0.015661685638683087,0.004860987068822098,True,True,Development
2021-03-18,-1,0,0,-1,0,0,-1,-1,6231.1932,6300.9446,6227.1926,6273.8556,6225.3588,14072566500.0,137984965631.0,-0.005767723587835505,-0.003572590238415274,0.012323017042707107,-0.018026001825781846,0.0045288757857804285,0.007790201586453049,True,True,Development
2021-03-19,-1,0,0,-1,0,0,-1,-1,6195.2534,6258.1321,6167.507,6206.6023,6273.8556,14323827500.0,143898488142.7,0.002207867720148471,0.01819568833132812,-0.0024116850490731867,-0.004911776490046371,0.019579941637254183,-0.01071961235448271,True,True,Development
2021-03-22,-1,0,0,-1,0,0,-1,-1,6208.9317,6307.5479,6206.081,6305.6919,6206.6023,14304144500.0,138484393048.5,0.015952599381951593,-0.004609375877012822,-0.014505232840618887,0.009835363465183544,0.02205848068839278,0.01596519242098049,True,True,Development
2021-03-23,-1,0,0,-1,0,0,-1,-1,6307.9803,6307.9803,6181.1338,6219.1666,6305.6919,15096405200.0,144085644479.5,-0.02023910886341862,-0.029979579993298366,-0.022694522365581893,-0.010860972409821867,0.006721327268571331,-0.013721777304089411,True,True,Development
2021-03-24,0,0,0,0,1,0,-1,-1,6180.3124,6232.1309,6131.8232,6142.5439,6219.1666,14767311100.0,137684570621.8,-0.009941681912389977,-0.0025061354503698174,0.014511628894358308,0.01575706755535533,0.02469355756191227,-0.012320412834735728,True,True,Development
2021-03-25,0,0,0,0,0,0,0,0,6118.8697,6190.9381,6108.2613,6157.4072,6142.5439,12930709300.0,122101589124.7,0.007510210586769039,0.024698859006590634,0.019709489809858205,0.022968915321076366,0.037003549854967455,0.0024197303661110947,True,True,Development
2021-03-26,0,0,0,0,0,0,0,0,6164.8237,6264.5552,6164.8237,6251.7941,6157.4072,12888761000.0,130405073058.5,0.017060520319502448,0.01210834301717334,0.01830908806037712,0.024612609765304327,0.02602517246356939,0.015329000817097205,True,True,Development
2021-03-29,0,0,0,0,0,0,0,0,6269.9988,6277.7649,6215.798,6254.9426,6251.7941,13963389400.0,137607136706.5,-0.004869107789940874,0.0012276238394175465,-0.0016882459371444503,0.012104069302214304,-0.009533638188256255,0.0005036154341679921,True,True,Development
2021-03-30,0,0,0,0,0,0,0,0,6239.4695,6287.8738,6217.3269,6280.359,6254.9426,13440958400.0,138902652260.9,0.006126562522663193,0.003196425593553931,0.012354672139995193,0.017775357344081977,-0.005262017868666535,0.004063410589890903,True,True,Development
2021-03-31,0,0,0,0,0,0,0,0,6277.696,6277.696,6205.9386,6254.0695,6280.359,12512849200.0,124539602404.6,-0.0029122945743151885,0.006190185061525799,0.010863109650419478,0.008797861508426097,-0.002240933616409535,-0.004185986820180343,True,True,Development
2021-04-01,0,0,0,0,0,0,0,0,6259.4135,6321.5796,6238.3074,6311.6644,6254.0695,13037481800.0,124971608809.6,0.00912906616570397,0.013815639436506322,0.014532479760284378,0.013719512219475538,0.0039058132203602103,0.009209187713695943,True,True,Development
2021-04-02,0,0,0,0,0,1,1,1,6316.5561,6341.6545,6291.7144,6326.6059,6311.6644,12393887100.0,125309449743.9,0.00464417627827296,0.005354531720220157,0.002591633754349232,0.001378630991657026,0.0023990287998867377,0.002367283659758579,True,True,Development
2021-04-06,0,0,0,0,0,0,0,0,6345.8913,6367.7849,6323.2422,6343.0962,6326.6059,11148915800.0,115979707861.0,0.0007070716764405738,-0.0020430542199800783,-9.481725600946067e-05,-0.02137893537508284,0.01163585956790647,0.002606500272128498,True,True,Development
2021-04-07,0,0,0,0,1,0,-1,-1,6350.3783,6350.3783,6289.0653,6348.0761,6343.0962,15001677500.0,139659141224.5,-0.002748182734247484,-0.0008013223401195368,-0.003954725027956241,-0.02263502947533058,0.007226939535240007,0.000785089779972159,True,True,Development
2021-04-08,0,0,0,0,0,0,0,0,6332.9263,6385.1951,6309.1232,6356.7526,6348.0761,17374127800.0,147432805257.3,0.001952225466448354,-0.0012098672299407642,-0.019375466283256815,-0.010942524311391422,0.017583940618415284,0.0013667920584630178,True,True,Development
2021-04-09,0,0,0,0,0,0,0,0,6345.2896,6360.4497,6307.6558,6335.2393,6356.7526,14130690000.0,127539220387.4,-0.0031559316063367593,-0.021286136412119072,-0.021851217003554857,-0.009680882019947545,0.01579543351338919,-0.0033843223661087496,True,True,Development
2021-04-12,1,0,0,1,0,0,1,1,6325.2643,6344.1623,6203.569,6226.4182,6335.2393,15544143900.0,142018338674.3,-0.01818760363894989,-0.01875447323205126,-0.009744446568027199,0.0010189929929094177,0.024510548910976038,-0.017177109631833498,True,True,Development
2021-04-13,1,0,0,1,0,0,1,1,6210.2229,6254.897,6193.8091,6209.7801,6226.4182,13038770900.0,116032381971.2,-0.0005773705803698848,0.008599562505236413,0.011857658120451697,0.033736035465007363,0.03613242287970064,-0.002672178364119593,True,True,Development
2021-04-14,1,0,0,1,0,0,1,1,6206.6373,6287.8377,6206.6373,6277.2111,6209.7801,11743821700.0,107282816415.8,0.009182234637748143,0.012442212468255498,0.020151395023517704,0.03055354950417355,0.03648700400134541,0.010858838624575595,True,True,Development
2021-04-15,1,0,0,1,0,0,1,1,6263.6281,6281.4258,6211.6602,6276.4609,6277.2111,11977617600.0,111582123998.5,0.003230316308211245,0.010869355413997361,0.02492215334432135,0.028842069981773077,0.03704204596693739,-0.00011951167294665943,True,True,Development
2021-04-16,1,0,0,1,0,0,1,1,6283.8616,6344.9465,6276.4319,6339.5906,6276.4609,12676465300.0,119984627677.6,0.007614442049455716,0.021621991165432508,0.01788876126743455,0.025725359705567108,0.029677801942677995,0.010058168290349778,True,True,Development
2021-04-19,1,0,0,1,0,0,1,1,6331.7097,6431.7772,6315.0828,6425.2606,6339.5906,14220093000.0,144720530841.8,0.013901695461495889,0.010196677210264404,0.017779463262505457,0.023467642554743096,0.02714767545328245,0.013513490918482862,True,True,Development
2021-04-20,1,0,0,1,0,0,1,1,6419.7312,6467.3806,6410.2782,6428.5411,6425.2606,13467452300.0,143364748864.1,-0.0036542184196123317,0.003824599385095606,0.004016523308639552,0.0023181811724453105,0.01337189943404482,0.00051056294899543,True,True,Development
2021-04-21,1,0,0,1,0,0,1,1,6396.2721,6434.6303,6369.7696,6420.2587,6428.5411,12105173300.0,128354894323.3,0.0075062472717506434,0.007698875099450442,0.013137011478920657,0.0057575411777743835,0.010185042002825329,-0.0012883794116210767,True,True,Development
2021-04-22,1,0,0,1,0,0,1,1,6444.2841,6472.8037,6424.7538,6445.4657,6420.2587,12492387700.0,131906162234.2,0.00019119268810641188,0.0055888131933847784,-0.001500678717749282,0.007970101752652337,-0.00124021534059926,0.003926165778958213,True,True,Development
2021-04-23,1,0,0,1,0,0,1,1,6445.5162,6463.9749,6412.9875,6462.7558,6445.4657,12611730600.0,135170990907.5,0.005396588716975126,-0.001691547994247533,-0.0019265020232204222,0.0038533143396644043,-0.0016449109227280045,0.002682521450699804,True,True,Development
2021-04-26,1,0,0,1,0,0,1,1,6480.3,6546.6427,6437.1905,6442.6451,6462.7558,14496413900.0,166586765811.5,-0.007050090273598486,-0.007283783158187118,0.002368053948119675,0.003595651435890357,-0.0048362267178989615,-0.0031117839854014617,True,True,Development
2021-04-27,1,0,0,1,0,0,1,1,6434.6133,6466.252,6399.4358,6446.2822,6442.6451,12589471200.0,138320089612.0,-0.00023535213841052727,0.00948501442969385,0.005554257627260917,0.011028153004936536,0.0031184158339399026,0.0005645352093039957,True,True,Development
2021-04-28,1,0,0,1,0,0,1,1,6433.0989,6489.7441,6410.3174,6489.7441,6446.2822,11723494300.0,136377845945.8,0.009722654815706333,0.005790972683475948,0.010959259463584559,0.0044021552350141935,0.01380152884016761,0.006742165274737699,True,True,Development
2021-04-29,1,0,0,1,0,0,1,1,6495.6457,6502.425,6453.5198,6491.9281,6489.7441,12830543900.0,145502311777.1,-0.003893823827244791,0.0012246973384031357,0.001528639408396426,-0.009137490365276557,0.01282787021465781,0.00033653098894914635,True,True,Development
2021-04-30,1,0,0,1,0,0,1,1,6470.3528,6503.1544,6434.7302,6485.7075,6491.9281,14425423900.0,163746329854.7,0.005138529695011496,0.005443659888221264,-0.0013808211508961055,-0.00547712019659885,0.017271299333167844,-0.0009582053134568058,True,True,Development
2021-05-06,1,0,0,1,0,0,1,1,6503.6009,6548.0656,6440.3308,6489.3485,6485.7075,15414198100.0,167436128821.0,0.000303570288268995,-0.006486022228086141,-0.010349512683043072,-0.008401668681729979,0.005764760257659596,0.0005613882525536962,True,True,Development
2021-05-07,1,0,0,1,0,0,1,1,6505.5752,6524.1804,6439.8945,6444.4429,6489.3485,17751874900.0,177915642405.9,-0.0067875320233021785,-0.01064984999327967,-0.010861652940388877,-0.007823458869555489,0.007979801693784205,-0.0069198934222749475,True,True,Development
2021-05-10,0,0,0,0,1,0,-1,-1,6461.4184,6493.4965,6437.1068,6475.9938,6444.4429,18908013400.0,180906623674.1,-0.0038887127321765025,-0.004101963123143371,-0.0019281524935763628,0.009358177455278449,0.00842138623928168,0.0048958304836559385,True,True,Development
2021-05-11,0,0,0,0,0,1,1,1,6436.2918,6472.8694,6349.7869,6456.0376,6475.9938,18726361100.0,175350134124.8,-0.0002140828978575149,0.0019682140576657847,0.002856815783274458,0.022167919732911878,0.0175647412381148,-0.0030815656432531258,True,True,Development
2021-05-12,0,0,0,0,0,0,0,0,6434.9139,6521.4879,6419.7374,6512.0501,6456.0376,15649093000.0,150127199439.1,0.002182764248018998,0.003071556248794627,0.013515580993243903,0.022873701542455827,0.03052904872588913,0.00867598726500618,True,True,Development
2021-05-13,0,0,0,0,0,0,0,0,6448.9598,6496.9964,6426.5758,6439.0273,6512.0501,15965864600.0,155853650959.6,0.0008868562027632976,0.011308133755152383,0.020160026427827882,0.014286459034835497,0.02795450826038648,-0.011213488667723981,True,True,Development
2021-05-14,0,0,0,0,0,0,0,0,6454.6791,6525.8036,6421.2082,6525.8036,6439.0273,16624340700.0,163611264403.2,0.010412043566968343,0.019256092839688765,0.019741508140969977,0.01592787161177389,0.0378957491473122,0.01347661625848362,True,True,Development
2021-05-17,0,0,0,0,0,0,0,0,6521.8855,6613.8947,6521.8855,6578.1402,6525.8036,15936375800.0,172029261941.2,0.008752913555443387,0.0092333267733693,0.0029450225705434097,-0.0009281058368779682,0.024481279225156527,0.008019947152562157,True,True,Development
2021-05-18,0,0,0,0,0,0,0,0,6578.971,6604.6852,6558.7784,6599.5985,6578.1402,13250549100.0,141986530241.0,0.00047624468932916386,-0.005757496119073835,-0.0032653434708861395,-0.004503348623971615,0.021230113341432988,0.003262061821060147,True,True,Development
2021-05-19,0,0,0,0,1,0,-1,-1,6582.1042,6590.9811,6544.8406,6584.3869,6599.5985,13518125500.0,146346354189.3,-0.006230773435643822,-0.0037398070969462127,-0.010068467162826056,0.0074841568141690296,0.024065100640612735,-0.002304928095246961,True,True,Development
2021-05-20,0,0,0,0,0,0,0,0,6541.0926,6580.4366,6506.4075,6548.7111,6584.3869,16232992300.0,167135804361.3,0.002506584297553127,-0.00386175545045786,0.001261410058619239,0.013475531595440238,0.02125213760159883,-0.0054182417500405755,True,True,Development
2021-05-21,0,0,0,0,0,0,0,0,6557.4884,6570.4572,6512.8063,6527.864,6548.7111,13435069500.0,145990149052.2,-0.006352416879608969,-0.0012420609085637135,0.011266096940407921,0.021623461811994815,0.01289698049637411,-0.0031833897818459578,True,True,Development
2021-05-24,0,0,0,0,0,0,0,0,6515.8325,6564.0707,6494.6163,6544.1218,6527.864,13722661200.0,150739211897.2,0.005143026620159308,0.017731149473225294,0.01740449896463714,0.025432989568102027,0.029144994135438473,0.0024905236996359825,True,True,Development
2021-05-25,0,0,0,0,0,0,0,0,6549.3436,6628.6931,6524.3027,6619.6707,6544.1218,14469203600.0,158035570948.2,0.012523713063397723,0.012198733931137795,0.022893958411343673,0.025849872955207243,0.026986399064480304,0.011544543684990582,True,True,Development
2021-05-26,0,0,0,0,0,0,0,0,6631.3657,6642.3799,6612.4227,6628.2065,6619.6707,15623700300.0,169904624510.0,-0.0003209595272358756,0.010241977757311727,0.007567656840279602,0.016457771285332656,0.006902333858619825,0.0012894599122581507,True,True,Development
2021-05-27,0,0,0,0,0,0,0,0,6629.2373,6685.4829,6620.7204,6685.4054,6628.2065,14516667600.0,164642448242.1,0.01056632864839524,0.007891149107002171,0.013486619343072936,0.007673205483231138,0.008987745845212114,0.008629619490581497,True,True,Development
2021-05-28,0,0,0,0,0,0,0,0,6699.284,6718.0899,6643.6437,6668.1696,6685.4054,15731838500.0,176611765480.0,-0.0026472082688238086,0.002889756576971436,0.006152776923623593,-0.008541778494537633,0.011099424953472825,-0.0025781233850080687,True,True,Development
2021-05-31,1,0,0,1,0,0,1,1,6681.5496,6729.0737,6667.2578,6728.9906,6668.1696,14692949300.0,176728706904.1,0.005551661249360462,0.008823342417453528,-0.00021623726328401371,0.003619938704039427,0.00786428345903456,0.009121093740627195,True,True,Development
2021-06-01,1,0,0,1,0,0,1,1,6718.6433,6742.9797,6656.6634,6739.7624,6728.9906,16109195700.0,185038576025.0,0.0032536181821112287,-0.005736053884569214,-0.011398595904027253,0.0011078873617238472,-0.008803830975816274,0.001600804732882155,True,True,Development
2021-06-02,1,0,0,1,0,0,1,1,6740.5032,6748.151,6662.7512,6681.4285,6739.7624,15736532000.0,174265553758.4,-0.008960517962516512,-0.014604695981748073,-0.0051578938498242355,-0.00940072248611945,-0.027624347096222746,-0.008655186420221561,True,True,Development
2021-06-03,1,0,0,1,0,0,1,1,6680.1048,6744.5182,6654.4553,6667.7264,6681.4285,15488569100.0,167598938400.4,-0.005695210051195665,0.003837005670928928,0.006883424942674576,0.0013045304319176942,-0.010454731189247224,-0.0020507740223517645,True,True,Development
2021-06-04,1,0,0,1,0,0,1,1,6642.0602,6725.6862,6628.0059,6693.0574,6667.7264,13786640400.0,161257142655.0,0.00958681464525113,0.012650683292512177,0.005281102390490178,0.019810419664669787,0.0015947612158047075,0.003799046103631465,True,True,Development
2021-06-07,1,0,0,1,0,0,1,1,6705.7364,6729.8451,6689.7015,6721.5019,6693.0574,14056089600.0,174154017266.3,0.003034774823537756,-0.004264826156900492,-0.0025227952592946634,0.004229035904244505,0.002618907000281112,0.004249851495371937,True,True,Development
2021-06-08,1,0,0,1,0,0,1,1,6726.0868,6752.6266,6652.3908,6684.5626,6721.5019,13868494700.0,169906611639.7,-0.007277515360045617,-0.005540755138634279,0.007070292342941542,-0.009900749422383393,0.0023030032856550253,-0.005495691372191636,True,True,Development
2021-06-09,1,0,0,1,0,0,1,1,6677.1376,6712.252,6656.0547,6692.9049,6684.5626,13651103400.0,155486113450.7,0.0017494921776062267,0.014452989556483109,0.008530242060609927,-0.018396565618177485,0.017181568940559222,0.0012479948949839503,True,True,Development
2021-06-10,0,0,0,0,1,0,-1,-1,6688.8192,6773.4555,6683.4936,6765.6436,6692.9049,15428096400.0,177003017372.4,0.012681311523564665,0.006768907731875773,-0.004384286541935567,-0.01174394129235845,0.008977159974663307,0.010868031308796766,True,True,Development
2021-06-11,0,0,0,0,0,1,1,1,6773.6422,6775.8628,6717.2725,6725.9152,6765.6436,16956960700.0,194413370189.0,-0.005838365657991229,-0.016851893948576224,-0.03238154504234081,-0.01786180852599517,0.006004863971114327,-0.005872079930429708,True,True,Development
2021-06-15,0,0,0,0,0,0,0,0,6734.0952,6736.5371,6649.2043,6663.6623,6725.9152,15220925000.0,166359279929.9,-0.011078206913380129,-0.02669905824913199,-0.0183883797781772,-0.0016033482864928894,0.014695559991489304,-0.009255677205088797,True,True,Development
2021-06-16,0,0,0,0,0,0,0,0,6659.4935,6662.7783,6554.8926,6566.286,6663.6623,13680787700.0,152269456251.1,-0.01579584092994457,-0.007392063675713434,-0.0010272252687084649,0.012325787238924413,0.016254749704313065,-0.014613030435230767,True,True,Development
2021-06-17,0,0,0,0,0,0,0,0,6554.3012,6618.5036,6554.3012,6616.174,6566.286,12449256200.0,143795950500.7,0.00853865245008878,0.015005642401664465,0.02578412173062783,0.036244916544268646,0.04171239490794232,0.007597597789678945,True,True,Development
2021-06-18,0,0,0,0,0,0,0,0,6610.2661,6671.8815,6587.0346,6657.7635,6616.174,13802258100.0,161540069486.5,0.0064122380791902245,0.017099462909670127,0.019864691982672378,0.02096734048270754,0.013735922068250694,0.0062860347989639465,True,True,Development
2021-06-21,0,0,0,0,0,0,0,0,6652.6527,6722.9843,6638.517,6707.1762,6657.7635,14303117200.0,174776560666.7,0.010619132425175426,0.013366743163971462,0.020925276919987024,0.024300727437643,0.0026265462497387926,0.007421816650591495,True,True,Development
2021-06-22,0,0,0,0,0,0,0,0,6723.2981,6748.9655,6691.8215,6739.7939,6707.1762,14654349700.0,170147487108.5,0.0027187400778794224,0.010197852152353581,0.003802850865708196,0.01632508307195235,0.0006944954590069052,0.0048631046848000015,True,True,Development
2021-06-23,0,0,0,0,0,0,0,0,6741.577,6803.9743,6720.5819,6789.9464,6739.7939,15530960900.0,184582044261.0,0.007458833445052937,0.0010811713639107268,0.010789760318691055,0.003881124549938386,-0.011825645542578589,0.00744125128217954,True,True,Development
2021-06-24,0,0,0,0,0,0,0,0,6791.8613,6791.8613,6743.3265,6754.8657,6789.9464,14504652200.0,172627659565.8,-0.0063304443510942,0.0033062659863209998,0.006065377100677782,0.005276241433257889,-0.0025054251328718857,-0.00516656508510871,True,True,Development
2021-06-25,0,0,0,0,0,0,0,0,6748.8658,6824.8583,6739.0158,6813.4138,6754.8657,15148565900.0,174329254834.2,0.009698103642837408,0.01247479243104821,0.002796929226241307,-0.007082908657036868,-0.004038737886890464,0.008667544641191016,True,True,Development
2021-06-28,0,0,0,0,0,0,0,0,6814.317,6843.5186,6802.8584,6828.5162,6813.4138,14550405000.0,175447981606.9,0.0027500188206681653,-0.006834888955121965,0.001963483647737574,-0.02115997832211214,0.005599739489665634,0.0022165687338702167,True,True,Development
2021-06-29,0,0,0,0,0,0,0,0,6833.0565,6835.0483,6756.9158,6765.4201,6828.5162,13662572200.0,167622236941.9,-0.009558621387076194,-0.0007843781183427545,-0.019316728904553937,-0.015379515740869265,0.010062129590176827,-0.009240089376957195,True,True,Development
2021-06-30,0,0,0,0,0,0,0,0,6767.7419,6812.3797,6757.3403,6808.1831,6765.4201,12540616100.0,155031841222.7,0.008858922353407017,-0.009852281748510605,-0.014423673574194718,-0.01564604583989826,0.027495212250928214,0.006320819604387795,True,True,Development
2021-07-01,0,0,0,0,1,0,-1,-1,6827.6968,6827.6968,6716.6658,6716.6658,6808.1831,13835081100.0,168199910261.8,-0.018546898567610715,-0.023078148402840615,-0.014606594715805055,-0.007740824109236932,0.00689953016074174,-0.013442250106346365,True,True,Development
2021-07-02,0,0,0,0,0,0,0,0,6701.0642,6718.5052,6651.4849,6658.0451,6716.6658,13647228700.0,162302314384.6,-0.004616878614593811,0.004014765296533218,-0.005851413869456645,0.00306588616178316,0.03432099635756369,-0.008727648768828034,True,True,Development
2021-07-05,0,0,0,0,0,0,0,0,6670.1262,6716.147,6663.5441,6711.0136,6658.0451,13473472100.0,165135856954.1,0.008671680005094995,-0.0012402613911561833,0.015699642984266182,0.0273381933913035,0.03627694480503241,0.00795556341305037,True,True,Development
2021-07-06,0,0,0,0,0,0,0,0,6727.9674,6747.8474,6633.6146,6709.4983,6711.0136,14501795400.0,183569347568.2,-0.009826727162798088,0.006967542678640193,-0.0009450848409283674,0.025839037210554805,0.015321700280533479,-0.00022579301582703604,True,True,Development
2021-07-07,0,0,0,0,0,0,0,0,6661.8535,6765.4341,6642.5714,6764.1319,6709.4983,14764695200.0,176266750638.3,0.016960940374927125,0.008969785961219445,0.02861394355189595,0.043826976981706345,0.039292127934065224,0.008142725067834089,True,True,Development
2021-07-08,0,0,0,0,0,1,1,1,6774.8448,6797.0765,6740.8503,6748.654,6764.1319,15956454300.0,203043021691.4,-0.007857877423258386,0.011458653635873839,0.018740916397081087,0.014754566776201239,0.03268125049890447,-0.00228823154675617,True,True,Development
2021-07-09,0,0,0,0,1,0,-1,-1,6721.6089,6814.6529,6683.7857,6804.5389,6748.654,16610700400.0,204576733418.5,0.019469520162055165,0.02680945926502809,0.03454730905274772,0.031159578475326022,0.04681751120628275,0.008280895716390235,True,True,Development
2021-07-12,0,0,0,0,0,0,0,0,6852.4754,6926.7584,6840.0176,6904.3818,6804.5389,19356104400.0,239883545712.2,0.007199763168795892,0.014789837844583875,0.003258574266461256,0.008700884938601883,0.01775034464187919,0.014672985409782902,True,True,Development
2021-07-13,0,0,0,0,0,0,0,0,6901.8116,6961.9744,6889.0257,6961.8475,6904.3818,17962084300.0,223831191046.1,0.0075358185668237265,-0.003913016113044954,0.004236539867300992,-0.01025242416063632,-0.003530855580004544,0.00832307680319766,True,True,Development
2021-07-14,0,0,0,0,0,0,0,0,6953.8224,6973.6146,6898.7502,6898.7502,6961.8475,17173544800.0,214904536798.0,-0.011363203638908081,-0.0032746018937728216,-0.006000210761781921,-0.004344445150051612,-0.0436695794819264,-0.009063298212148352,True,True,Development
2021-07-15,0,0,0,0,0,0,0,0,6874.8047,6936.5787,6828.4823,6932.406,6898.7502,17322110800.0,205199287272.7,0.00818157059792557,0.005424634099060244,-0.006364311701829051,0.017666029116434334,-0.022428026209966312,0.004878535825228125,True,True,Development
2021-07-16,0,0,0,0,0,0,0,0,6931.0514,6992.8342,6922.3462,6925.1232,6932.406,18490785800.0,221559303997.3,-0.002734563474742102,-0.014427839908963902,-0.0010733580766693063,0.015184781345006115,-0.027599982882827834,-0.001050544356461569,True,True,Development
2021-07-19,0,0,0,0,1,0,-1,-1,6912.098,6931.1438,6856.6499,6889.3375,6925.1232,16973481800.0,208077102432.8,-0.011725340121045758,0.0016657605259646768,0.01217534820831534,0.008971400579100619,-0.022465653698775734,-0.005167518174983621,True,True,Development
2021-07-20,0,0,0,0,0,0,0,0,6831.0513,6901.1329,6825.8225,6901.1318,6889.3375,14014063000.0,171140493692.8,0.013549978756564052,0.024184256967884288,0.030046121890491273,0.006791194790178201,0.0019496559775504796,0.0017119643216783054,True,True,Development
2021-07-21,0,0,0,0,0,0,0,0,6923.6119,6998.2849,6922.9205,6984.5418,6901.1318,16300927100.0,204939577752.7,0.01049211033911357,0.016275608978024936,0.007293490843991446,-0.03949672569024265,-0.015819387565614407,0.01208642327335352,True,True,Development
2021-07-22,0,0,0,0,0,0,0,0,6996.2552,7026.7337,6960.2973,7026.5482,6984.5418,19023331600.0,219500277016.4,0.005723447595222142,-0.003165407688387356,-0.016982356504090967,-0.03939804825873128,-0.010765173345877899,0.006014195519597365,True,True,Development
2021-07-23,0,0,0,0,0,0,0,0,7036.2979,7061.6675,6968.3065,6985.7499,7026.5482,22507907400.0,253751241896.6,-0.00883826990895309,-0.02257658817998598,-0.054879143192615554,-0.04214480458537717,-0.015245986103004427,-0.005806307569341196,True,True,Development
2021-07-26,1,0,0,1,0,0,1,1,6974.1092,6986.497,6778.4971,6868.2074,6985.7499,20819723900.0,242702241755.1,-0.013860823974479852,-0.046451423502230194,-0.036347695846230765,-0.031157527616573644,-0.00857276510668925,-0.016826038962545642,True,True,Development
2021-07-27,1,0,0,1,0,0,1,1,6877.4423,6925.9705,6719.2557,6719.2557,6868.2074,22861433900.0,266957981725.4,-0.033048681484394216,-0.0228029394008874,-0.020020204313455303,-0.004808880766618673,0.013578216425021994,-0.021687129017099904,True,True,Development
2021-07-28,1,0,0,1,0,0,1,1,6650.1519,6709.2256,6534.9179,6621.9845,6719.2557,19726716600.0,222466408799.2,0.010595923380336547,0.013473767418756388,0.01603892687022679,0.02465097075451772,0.05633203656596186,-0.01447648435227733,True,True,Development
2021-07-29,1,0,0,1,0,0,1,1,6720.6164,6773.5669,6682.1185,6758.8869,6621.9845,17101788500.0,209142006693.7,0.002847670341666886,0.005385934540171,0.018413950839390347,0.029807221254288585,0.050419616272102674,0.020673923353339285,True,True,Development
2021-07-30,1,0,0,1,0,0,1,1,6739.7545,6775.0062,6702.5114,6767.316,6758.8869,18971173400.0,222514805286.1,0.0025310565837375343,0.01552207873447009,0.011028606457401446,0.028082343355384953,0.049069532132067994,0.001247113633459307,True,True,Development
2021-08-02,0,0,0,0,0,1,1,1,6756.8132,6875.4159,6731.7761,6872.0004,6767.316,20620517300.0,249640208610.0,0.012958224152178843,0.008476096394081312,0.024290459887214455,0.02331107806857835,0.04895310706532485,0.01546911655965233,True,True,Development
2021-08-03,0,0,0,0,0,0,0,0,6844.3695,6879.5933,6792.7117,6816.0107,6872.0004,19418943200.0,237723020657.0,-0.004424790333134365,0.011187268600855171,0.012368283155957727,0.018475945812101546,0.029423484515264775,-0.008147511167199584,True,True,Development
2021-08-04,0,0,0,0,0,0,0,0,6814.0846,6931.7808,6813.228,6931.3365,6816.0107,17406434700.0,216189753229.4,0.015681446044858216,0.01686770956732775,0.01471029578940053,0.030918885274773267,0.010152750378238595,0.016919838462108094,True,True,Development
2021-08-05,0,0,0,0,1,0,-1,-1,6920.9393,6946.3354,6880.6905,6911.8292,6931.3365,17937188500.0,226672383897.7,0.0011679484026105857,-0.0009561563413799101,0.0072080389435000836,0.02001578022798145,-0.000495597468973652,-0.0028143634348152258,True,True,Development
2021-08-06,0,0,0,0,0,0,0,0,6929.0226,6947.5356,6885.6471,6938.8679,6911.8292,17235691200.0,214958730456.7,-0.002121626793366249,0.006033044256487319,0.013818096076061215,0.02041391811884119,-0.0020211797259833686,0.0039119456250451545,True,True,Development
2021-08-09,0,0,0,0,0,0,0,0,6914.3218,6989.7057,6877.1951,6979.5256,6938.8679,17383337100.0,210955642886.2,0.008172009003110103,0.015973612914573998,0.020992008211130786,0.025057902280452238,0.005063475639794479,0.005859414040725541,True,True,Development
2021-08-10,0,0,0,0,0,0,0,0,6970.8257,7019.6854,6958.8054,7019.2284,6979.5256,17308796200.0,222660420409.7,0.0077383659155327855,0.012716083261126387,0.014294633704583948,0.010748941836259185,0.008725279130132213,0.0056884668493801804,True,True,Development
2021-08-11,0,0,0,0,0,0,0,0,7024.7685,7076.3726,6999.9332,7073.5219,7019.2284,18835790600.0,221759523190.4,0.004939493735629963,0.006505922579512768,0.008941461914367732,-0.020143325719559235,0.00959154739405288,0.007734966994377812,True,True,Development
2021-08-12,0,0,0,0,0,0,0,0,7059.4673,7115.8874,7051.0132,7095.2024,7073.5219,19407912500.0,226074875242.5,0.0015587295092365228,0.003982297644469668,-0.001942441181078891,-0.020108882719805266,0.013041083142349752,0.0030650219659318356,True,True,Development
2021-08-13,0,0,0,0,0,0,0,0,7070.4711,7124.9216,7050.3051,7088.8876,7095.2024,19219060400.0,221865974676.0,0.0024197963272913903,-0.003495721805580887,-0.02647699104519352,-0.021986271890709008,0.003703218587513879,-0.00089000984665355,True,True,Development
2021-08-16,0,0,0,0,0,0,0,0,7087.5802,7102.3958,7039.1029,7052.4876,7088.8876,18817888600.0,222080461698.0,-0.005901238338015591,-0.028827031826743954,-0.023995622652707382,-0.01950565582312569,0.016232070291070544,-0.005134797171843952,True,True,Development
2021-08-17,0,0,0,0,0,0,0,0,7045.7547,7063.0175,6876.4991,6894.4042,7052.4876,20193637200.0,226553000297.5,-0.02306188718151092,-0.018201797459681757,-0.018555414652741242,-0.00200214180036673,0.022250164343643686,-0.022415268053785797,True,True,Development
2021-08-18,0,0,0,0,1,0,-1,-1,6883.2663,6950.8846,6865.0658,6941.008,6894.4042,17536733100.0,191997407327.9,0.004974818423050031,0.004612853638976455,0.009598059572386353,0.030346145404834823,0.056334810117690814,0.00675965589600902,True,True,Development
2021-08-19,0,0,0,0,0,0,0,0,6917.5093,6978.9832,6869.2927,6947.0564,6941.008,17181358900.0,194992915174.4,-0.00036017298885304694,0.00460035521744806,0.016499985045195453,0.0338302544819129,0.03684701949009317,0.0008714008109484972,True,True,Development
2021-08-20,0,0,0,0,0,0,0,0,6915.0178,6952.5192,6843.0023,6920.0248,6947.0564,17562713900.0,205135637760.0,0.004962315498305836,0.016866232795525127,0.025615132906816163,0.026267003969244973,0.0608353748561572,-0.0038910868781776298,True,True,Development
2021-08-23,0,0,0,0,0,0,0,0,6949.3323,7031.884,6949.3323,7024.5647,6920.0248,18945660800.0,216299530693.2,0.011845137985414755,0.02055083766824617,0.02909604711232472,0.036448681551751294,0.05008086892031338,0.015106867825097847,True,True,Development
2021-08-24,0,0,0,0,0,0,0,0,7031.6481,7098.0287,7009.6901,7090.7817,7024.5647,20272689500.0,236479323511.5,0.008603786642849665,0.01704896182162452,0.009244845458065365,0.024300960112039638,0.046750746812827426,0.009426491580325269,True,True,Development
2021-08-25,0,0,0,0,0,0,0,0,7092.1469,7153.274,7058.5714,7153.0043,7090.7817,19812689000.0,228737398900.2,0.008373134515868408,0.000635590331610425,0.015577708916322708,0.025223236704248198,0.05699085279804339,0.008775139700041734,True,True,Development
2021-08-26,0,0,0,0,0,0,0,0,7151.5304,7175.5115,7115.8445,7118.8442,7153.0043,23017619600.0,255363535500.4,-0.0076732946559242565,0.007144750443905057,0.007130431830367545,0.002918046744232683,0.05361806194657315,-0.004775629730853104,True,True,Development
2021-08-27,0,0,0,0,1,0,-1,-1,7096.6546,7185.7274,7083.2112,7180.1088,7118.8442,22383046300.0,258997827229.8,0.01493262755101532,0.014918198216945733,0.024572028628813358,0.03368360353905353,0.0728440975554876,0.008605975672286936,True,True,Development
2021-08-30,0,0,0,0,0,0,0,0,7202.6263,7262.6044,7190.6143,7226.8823,7180.1088,25064914800.0,301015443912.4,-1.4217036360730795e-05,0.009497577293438031,-0.004196719188388265,0.01315278567208189,0.057050592781691334,0.0065143163290228845,True,True,Development
2021-08-31,0,0,0,0,0,0,0,0,7202.5239,7255.3418,7159.3023,7255.3418,7226.8823,24510834200.0,288657326056.3,0.009511929561247356,-0.004182561615658109,0.018489574189403113,0.021917178226926737,0.05945018800978907,0.003938005189319416,True,True,Development
2021-09-01,1,0,0,1,0,0,1,1,7271.0338,7278.1558,7100.307,7193.1,7255.3418,29552014000.0,331023151839.6,-0.013565457500692713,0.008893054519977461,0.0036208193668414435,0.030986047678666973,0.036338340223366794,-0.008578755035358876,True,True,Development
2021-09-02,1,0,0,1,0,0,1,1,7172.3989,7309.3317,7172.3989,7307.0084,7193.1,25341169800.0,271544871415.2,0.022767361698190047,0.0174226227155323,0.02620936211453606,0.05055250064242811,0.0619712325258428,0.01583578707372335,True,True,Development
2021-09-03,1,0,0,1,0,0,1,1,7335.6955,7385.2425,7227.0348,7278.6809,7307.0084,28880124000.0,315016807341.7,-0.005225762165291692,0.0033653796017023563,0.021898250820252763,0.037884410551119574,0.011738423439195511,-0.003876757552379373,True,True,Development
2021-09-06,1,0,0,1,0,0,1,1,7297.3609,7359.5367,7231.7285,7355.4013,7278.6809,25587515300.0,273720337786.8,0.008636272875033546,0.027266501236083762,0.032562552853868,0.04332792420887399,0.0010575878191798616,0.010540426356649313,True,True,Development
2021-09-07,1,0,0,1,0,0,1,1,7360.3829,7501.1262,7350.6962,7498.9255,7355.4013,26072754100.0,280403353971.0,0.018470710266988988,0.023721415362779608,0.03440325095043639,0.03672803489611942,0.020644061873466013,0.01951276268230262,True,True,Development
2021-09-08,1,0,1,0,0,0,1,0,7496.3344,7549.4542,7483.8711,7544.0411,7498.9255,27284780800.0,287850948370.8,0.005155479723530032,0.015643592420316876,0.0156351082737185,0.005191430627748073,-0.000769696186445401,0.006016275265036342,True,True,Development
2021-09-09,1,0,0,1,0,0,1,1,7534.9816,7617.6574,7526.9689,7617.4505,7544.0411,28720406800.0,302380048527.9,0.010434318777898577,0.010425878146802514,0.012705233414239459,0.010869263436555698,-0.01791336822906109,0.009730779435970893,True,True,Development
2021-09-10,1,0,1,0,0,0,1,0,7613.604,7661.4261,7564.2611,7607.6749,7617.4505,29346864200.0,322687990811.2,-8.353468344379777e-06,0.002247463881756895,-0.010291170909335401,-0.025191617530935462,-0.059759307155980324,-0.0012833165112132727,True,True,Development
2021-09-13,1,0,1,0,0,0,1,0,7613.5404,7650.8787,7566.7758,7648.7481,7607.6749,26361861000.0,298956061716.8,0.002255836194157368,-0.010282903338898586,0.00043881030696302226,-0.04051490946314551,-0.061834478477319155,0.005398916297014722,True,True,Development
2021-09-14,1,0,1,0,0,0,1,0,7630.7153,7688.6036,7544.0161,7556.6157,7648.7481,27150151200.0,306464420119.2,-0.0125105178540732,-0.0018129362000964822,-0.027377551354851315,-0.015514168114750593,-0.0781082213878429,-0.012045422178303844,True,True,Development
2021-09-15,1,0,1,0,0,0,1,0,7535.2511,7627.6702,7521.8772,7592.3059,7556.6157,23339841600.0,274072796567.4,0.010833109463332935,-0.015055384153024431,-0.03054610880850417,-0.00593033986617908,-0.0456555057601199,0.004723040236120468,True,True,Development
2021-09-16,0,0,0,0,1,0,-1,-1,7616.8813,7657.2251,7445.2326,7446.9353,7592.3059,26764977900.0,301162982030.1,-0.025611046347801092,-0.04093575673812855,-0.013726116488122164,-0.02847314950280233,-0.06748159512476593,-0.019147094692272604,True,True,Development
2021-09-17,0,0,0,0,0,0,0,0,7421.805,7471.419,7275.9829,7395.5645,7446.9353,23360422600.0,259019107902.0,-0.015727508335236617,0.012197315882052973,0.009264525273838364,-0.035461009821734835,-0.04748890600062927,-0.006898247121873036,True,True,Development
2021-09-22,0,0,0,0,0,0,0,0,7305.0785,7453.9319,7298.0267,7453.6247,7395.5645,19679453400.0,221838873408.5,0.028371029825347005,0.025391376697731616,0.012994548929214256,-0.022219802292336777,-0.047549016755945916,0.007850678606075245,True,True,Development
2021-09-23,0,0,0,0,0,0,0,0,7512.3311,7543.6595,7467.2021,7502.8391,7453.6247,24115869400.0,267659234037.1,-0.0028974495013938117,-0.014952269609096458,-0.047084026954030356,-0.06358045107995847,-0.07210600714869986,0.006602747251280183,True,True,Development
2021-09-24,0,0,0,0,0,0,0,0,7490.5645,7490.5645,7373.2854,7380.3843,7502.8391,23171558200.0,248983141488.2,-0.012089849837085054,-0.04431497786315053,-0.0464322014715981,-0.039962155055203175,-0.06600899037716057,-0.016321128357930537,True,True,Development
2021-09-27,0,0,0,0,0,0,0,0,7400.0047,7410.4669,7128.5116,7170.5899,7380.3843,23954240700.0,255096916280.6,-0.03261949279572762,-0.03476262656968321,-0.04936631999706709,-0.04015169071446678,-0.05038707610550586,-0.028425945245154738,True,True,Development
2021-09-28,-1,0,0,-1,0,0,-1,-1,7158.6203,7227.4568,7155.2737,7198.8966,7170.5899,20280056700.0,196202379037.6,-0.002215398964518278,-0.017311520210116393,0.004554662579324242,-0.01247009846296776,-0.013668206427989937,0.003947611060562739,True,True,Development
2021-09-29,-1,0,0,-1,0,0,-1,-1,7142.7611,7161.2117,6996.5724,7010.2192,7198.8966,21057070200.0,207830603405.8,-0.015129639433131836,0.006785093232363648,-0.00558314907102242,-0.02590481431613334,-0.008508754408711794,-0.02620921100603124,True,True,Development
2021-09-30,-1,0,0,-1,0,0,-1,-1,7034.6937,7116.037,7034.6937,7103.6076,7010.2192,20248261200.0,186185669931.7,0.02225138814501615,0.00969314413788891,0.004926710597221939,-0.0091044191447881,0.013211861662150381,0.013321751764909351,True,True,Development
2021-10-08,-1,0,0,-1,0,0,-1,-1,7191.2254,7198.9614,7058.831,7091.3356,7103.6076,20546770500.0,202877493532.5,-0.012284888191656518,-0.016947570576775428,-0.03246959829683549,-0.027131050571714832,-0.014196537352312744,-0.0017275729025347797,True,True,Development
2021-10-11,-1,0,0,-1,0,0,-1,-1,7102.882,7123.7457,7048.8733,7090.4673,7091.3356,19542083900.0,194709504374.7,-0.004720675354032311,-0.020435761145968567,-0.018617105000477308,-0.010663544741416175,-0.011806418859274248,-0.00012244519918080954,True,True,Development
2021-10-12,-1,1,0,0,0,0,-1,0,7069.3516,7079.7053,6891.8448,6952.1903,7090.4673,20166672300.0,194146539017.6,-0.01578962347834001,-0.013962341327032113,-0.01035904056604009,-0.0012132371517636908,0.007173868675593997,-0.01950181760234615,True,True,Development
2021-10-13,-1,1,0,0,0,0,-1,0,6957.7292,6991.2444,6887.3389,6981.5947,6952.1903,16260465500.0,163678284334.2,0.0018565971207962217,0.005517705403078832,0.009976085300934079,0.017858685848250566,0.01945959609925607,0.004229515984336629,True,True,Development
2021-10-14,0,0,0,0,1,0,-1,-1,6970.6469,7033.3956,6949.4809,7008.3326,6981.5947,15476466800.0,162946739426.8,0.0036543236754682518,0.008104441497388093,0.012929632112049783,0.02252132438382448,0.007983018046718193,0.003829769722954568,True,True,Development
2021-10-15,0,0,0,0,0,0,0,0,6996.1199,7034.0279,6975.2395,7024.1596,7008.3326,17410833900.0,188999735572.0,0.0044339148618650626,0.009241536869601275,0.012273260210992065,0.013295226687009887,-0.005756419354676745,0.0022583117701919786,True,True,Development
2021-10-18,-1,0,0,-1,0,0,-1,-1,7027.1401,7071.8702,6983.7158,7068.1048,7024.1596,17562701400.0,194312992634.8,0.004786399519770557,0.007804739797346638,0.014300981419169467,-0.0011551925654648132,-0.0031407940763839015,0.006256292923640272,True,True,Development
2021-10-19,-1,0,0,-1,0,0,-1,-1,7060.7748,7127.2362,7051.779,7120.3794,7068.1048,16813576400.0,182701165154.9,0.003003962114752623,0.009469258246276313,0.0040165705327408485,0.008397293736092548,3.220609726839463e-05,0.007395843932591406,True,True,Development
2021-10-20,-1,0,0,-1,0,0,-1,-1,7081.9851,7154.9089,7067.1346,7118.7959,7120.3794,17051134100.0,186276501134.2,0.006445932793617493,0.0010095756908610198,-0.008890543980387688,0.0015728217219774798,-0.015097687793779735,-0.0002223898350135478,True,True,Development
2021-10-21,-1,0,0,-1,0,0,-1,-1,7127.6351,7145.5837,7069.4508,7098.2542,7118.7959,16797196700.0,184364872656.5,-0.005401539144449297,-0.015238252025556176,-0.0010619090194446956,-0.014218095985300994,-0.013424985799287081,-0.002885558216383144,True,True,Development
2021-10-22,-1,0,0,-1,0,0,-1,-1,7089.1349,7110.657,7020.8705,7026.0676,7098.2542,17161515100.0,184191958090.4,-0.00989013483154344,0.004363198110392874,0.0005626779651211056,-0.018801673530009944,-0.00254640379321891,-0.010169627343016296,True,True,Development
2021-10-25,0,0,0,0,1,0,-1,-1,7019.0224,7105.9767,7003.7789,7103.9856,7026.0676,15900460300.0,184607289163.6,0.014395708439397525,0.010557225177113105,0.0010359419853112062,-0.001987897915812331,-0.004634021398763344,0.011089844908409363,True,True,Development
2021-10-26,0,0,0,0,0,0,0,0,7120.0662,7155.628,7085.0685,7102.4335,7103.9856,17503220500.0,204998019664.9,-0.0037840097610328804,-0.013170172490811982,-0.023064237801609155,-0.008295428489134005,-0.01158597373715431,-0.00021848298791593557,True,True,Development
2021-10-27,0,0,0,0,0,0,0,0,7093.1238,7097.8574,7017.8618,7048.604,7102.4335,17902088700.0,212523899547.3,-0.009421814969590714,-0.019353461728667365,-0.012414065013217512,-0.01664433095049045,-0.004439242975006419,-0.007579022035194005,True,True,Development
2021-10-28,0,0,0,0,0,0,0,0,7026.2937,7043.4168,6930.5413,6950.2768,7048.604,18807533800.0,210380519313.0,-0.010026110921039333,-0.0030207106201666223,0.004939802046703523,0.0008045493458379571,0.003212049049415633,-0.013949882842049344,True,True,Development
2021-10-29,0,0,0,0,0,0,0,0,6955.8473,7022.7535,6920.3074,7022.4992,6950.2768,17077953300.0,207011899853.7,0.007076348556415146,0.015117482524379167,0.0027625965854656265,0.016566752406999896,0.023454396418391754,0.01039129837246211,True,True,Development
2021-11-01,0,0,0,0,0,0,0,0,7005.0693,7087.2923,6993.27,7060.756,7022.4992,18414299100.0,226533562754.7,0.007984631929337294,-0.004283440850470943,0.0038368499794856348,-0.00265139418392335,0.02297877338629606,0.00544774714961882,True,True,Development
2021-11-02,0,0,0,0,0,0,0,0,7061.0022,7093.6115,6921.8496,6985.0998,7060.756,19611472800.0,230633597738.9,-0.01217089268149496,-0.004114925782065293,0.0014276868515916696,-0.003318070060932654,0.003245884840540114,-0.010715028249099756,True,True,Development
2021-11-03,0,0,0,0,0,0,0,0,6975.0635,7034.0916,6962.8685,7017.8541,6985.0998,15081464800.0,183530630396.2,0.008155223246354648,0.013766125570039645,0.0016390675152992973,0.012411671951086944,0.009830663190378175,0.004689167075322187,True,True,Development
2021-11-04,0,0,0,0,0,1,1,1,7031.9467,7073.8522,7018.6086,7073.8522,7017.8541,15265204900.0,188533361387.7,0.0055655143119897055,-0.006463444894996173,0.0008001482718860142,0.0024055643083868983,0.010926277356453795,0.007979376487750045,True,True,Development
2021-11-05,0,0,0,0,0,0,0,0,7071.0831,7073.8516,6991.1519,6991.9077,7073.8522,17724139200.0,207299701331.0,-0.011962382396552451,-0.00473899111721654,-0.001336061232260155,0.006775397675640393,0.0016862338953420597,-0.011584140816513044,True,True,Development
2021-11-08,0,0,0,0,0,0,0,0,6986.4961,7034.141,6984.8099,7026.9715,6991.9077,14636085700.0,176810356754.4,0.007310846419852579,0.01075497630350064,0.008926706478802782,0.025698303903726405,0.027324770137637344,0.005014911738608907,True,True,Development
2021-11-09,0,0,0,0,0,0,0,0,7037.5733,7087.0231,7028.3131,7081.7539,7026.9715,14169684700.0,175620424710.2,0.003419133126471241,0.001604132492659005,0.011569215200927241,0.00658580707074119,0.029608529974387565,0.007796018526615711,True,True,Development
2021-11-10,0,0,0,0,0,0,0,0,7061.6357,7072.1479,6965.8634,7062.3313,7081.7539,16213835400.0,187121573688.1,-0.0018088160509327489,0.008122310812493483,0.014784322561414376,-0.0025493668556139104,0.02812102017667084,-0.002742625665091203,True,True,Development
2021-11-11,0,0,0,0,0,0,0,0,7048.8625,7121.9221,7033.0881,7119.8589,7062.3313,16540069300.0,186637770929.3,0.009949122996795623,0.016623206935870716,0.004973696110542658,0.008500265113697392,0.030349705360261936,0.008145695458948499,True,True,Development
2021-11-12,0,0,0,0,0,0,0,0,7118.9925,7165.1056,7112.5819,7156.6127,7119.8589,16851342300.0,195249975661.0,0.006608336783610724,-0.004926413393468221,-0.010585697344111633,-0.0050549147228348135,0.013716238639104983,0.0051621528623271296,True,True,Development
2021-11-15,0,0,0,0,0,0,0,0,7166.0372,7176.7701,7083.7783,7098.2129,7156.6127,16114820200.0,201939758494.8,-0.01145902508013763,-0.017081156095589356,-0.007990120397365463,0.001585716021680783,-0.00503735872317268,-0.008160257156293982,True,True,Development
2021-11-16,0,0,0,0,0,0,0,0,7083.9214,7121.7443,7040.5069,7045.9387,7098.2129,16237031600.0,192032230405.6,-0.005687301951148194,0.0035091157279074636,-0.0001291375141457829,0.02287209172027227,0.023773682751477176,-0.00736441703516677,True,True,Development
2021-11-17,0,0,0,0,0,0,0,0,7043.633,7106.0537,7033.9529,7104.5344,7045.9387,14034710700.0,168875300039.3,0.00924901964653757,0.0055899562058385754,0.018991264877088243,0.03074877694507938,0.027754810621166692,0.008316237551144079,True,True,Development
2021-11-18,0,0,0,0,1,0,-1,-1,7108.7797,7130.2877,7066.4894,7084.6827,7104.5344,16271486000.0,185152969061.1,-0.0036255308347789006,0.009652964769748085,0.01929526666862391,0.021665279625981304,0.020769303063365552,-0.0027942295557045194,True,True,Development
2021-11-19,0,0,0,0,0,1,1,1,7083.0066,7174.2512,7073.717,7169.8759,7084.6827,17818585400.0,193601338401.8,0.013326812373717134,0.023004199939613335,0.025018965816013816,0.018866522021876886,0.02125731465505054,0.01202498454870815,True,True,Development
2021-11-22,0,0,0,0,0,0,0,0,7177.4005,7259.5317,7177.4005,7255.0736,7169.8759,18052248000.0,222986228038.5,0.009550114975470647,0.011538383569371646,0.011897469007059014,-0.006612589056441798,0.018333657150663374,0.011882730076262504,True,True,Development
2021-11-23,0,0,0,0,0,0,0,0,7245.9455,7292.917,7239.0001,7261.3791,7255.0736,18959503300.0,218299011123.4,0.001969460024230152,0.002325148595169413,-0.004044634340680586,0.0008814308636464485,0.003889154286352392,0.0008691159246132507,True,True,Development
2021-11-24,0,0,0,0,0,0,0,0,7260.2161,7278.3963,7229.604,7256.1117,7261.3791,17767407200.0,209537055308.1,0.0003549894334411441,-0.0060022731279307795,-0.017943928693802902,-0.0029046518326085735,-0.0048506269668749935,-0.000725399394172932,True,True,Development
2021-11-25,0,0,0,0,0,0,0,0,7262.7934,7262.7934,7228.2913,7233.5423,7256.1117,16406809800.0,190327760943.3,-0.006355006601179047,-0.01829242450983115,-0.0014403686603559063,-0.0008769766189410388,0.004957059634933314,-0.0031103986450484733,True,True,Development
2021-11-26,0,0,0,0,0,0,0,0,7216.6383,7249.1985,7201.1952,7219.8622,7233.5423,15942313700.0,192093829800.3,-0.01201376546750299,0.0049460702499113385,0.003116326337153419,0.0023465219255895953,0.009607686725826348,-0.0018912034287821289,True,True,Development
2021-11-29,0,0,0,0,0,0,0,0,7129.9393,7226.3391,7125.4296,7221.8978,7219.8622,16694140600.0,198551719061.9,0.017166064793847635,0.015314071467620982,0.01773995467254541,0.025112303550747006,0.028635685580100212,0.0002819444393273862,True,True,Development
2021-11-30,0,0,0,0,0,0,0,0,7252.3323,7281.1339,7210.8352,7252.7552,7221.8978,18633616300.0,213217510814.3,-0.0018207384126620596,0.0005642047041887199,-0.0025867540570362335,0.003005074657155493,0.010741882304537986,0.0042727550090779776,True,True,Development
2021-12-01,0,0,0,0,0,0,0,0,7239.1277,7272.9398,7215.6723,7272.837,7252.7552,17180629500.0,196111868499.2,0.0023892933951144,-0.0007674129025241339,0.00965044448656438,-0.0019516439805309371,0.011125152551183737,0.0027688512084347305,True,True,Development
2021-12-02,0,0,0,0,0,0,0,0,7256.4241,7279.9456,7221.3624,7229.988,7272.837,17655554400.0,198627048458.5,-0.0031491819779387864,0.007243843424201257,0.002439493579213581,0.005839157058088684,0.009231489102187407,-0.005891648609751665,True,True,Development
2021-12-03,0,0,0,0,0,0,0,0,7233.5723,7310.2748,7223.7957,7301.9173,7229.988,18622273800.0,200791224128.9,0.010425858327288706,0.0056063309134271044,-0.0011851405701716056,0.007244166205403246,0.020342355602086082,0.00994874403664281,True,True,Development
2021-12-06,0,0,0,0,0,0,0,0,7308.9885,7330.4685,7235.4479,7240.4558,7301.9173,21306995200.0,218322693799.7,-0.0047697981738512585,-0.01149119334364812,-0.0013945842164070354,0.0034370693017233833,-0.002468152740971008,-0.008417172843083298,True,True,Development
2021-12-07,0,0,0,0,1,0,-1,-1,7274.1261,7284.6445,7148.0679,7206.8257,7240.4558,19224385400.0,206136079286.9,-0.00675360851937945,0.00339139020424728,0.0016287042370628502,0.0077136276205054255,-0.011431380052649986,-0.004644749022568395,True,True,Development
2021-12-08,0,0,0,0,0,0,0,0,7224.9995,7302.9905,7214.2588,7302.9905,7206.8257,16928045300.0,190279976219.1,0.010213979945604246,0.008439308542512736,0.01510180035306563,0.013102367688745176,0.008983668441776338,0.013343572330325681,True,True,Development
2021-12-09,0,0,0,0,0,0,0,0,7298.7955,7331.5838,7290.268,7320.3177,7302.9905,19608716800.0,211492054441.2,-0.0017567282163201137,0.004838401075903498,0.004307628566932786,0.0033726386771624206,0.0010088239902048546,0.002372617080632855,True,True,Development
2021-12-10,0,0,0,0,0,1,1,1,7285.9735,7317.2658,7276.6134,7306.646,7320.3177,18723069500.0,209397677738.1,0.006606735530948482,0.006075028958038242,0.004624035484070754,0.013003986358171682,0.006866083166511716,-0.0018676375207048457,True,True,Development
2021-12-13,0,0,0,0,0,0,0,0,7334.11,7371.31,7322.4381,7353.0306,7306.646,18536306100.0,210741544041.8,-0.0005282167843132513,-0.001969686846802099,-0.0014587046008308624,-0.005884994907357499,-0.008827246932483934,0.006348275255158242,True,True,Development
2021-12-14,0,0,0,0,0,0,0,0,7330.236,7349.8781,7314.4295,7324.1331,7353.0306,15958375300.0,183555994743.8,-0.001442231873571287,-0.0009309795755553241,0.006887117959094358,-0.018998460622550284,-0.006716277620529509,-0.003930012204763522,True,True,Development
2021-12-15,0,0,0,0,0,0,0,0,7319.6641,7352.379,7302.3831,7314.2586,7324.1331,15992392300.0,183859414382.0,0.0005119907073332097,0.008341380036824386,-0.003923035211410797,-0.004065432456115015,-0.0060099069300187935,-0.0013482141661242952,True,True,Development
2021-12-16,0,0,0,0,0,0,0,0,7323.4117,7380.9974,7323.4117,7380.9974,7314.2586,17769034000.0,187008756369.3,0.007825382806213144,-0.004432756388665027,-0.01808431717692449,-0.0023558691914042917,-0.010566168224572126,0.009124479137229358,True,True,Development
2021-12-17,0,0,0,0,0,0,0,0,7380.7202,7384.0175,7308.7215,7314.5601,7380.9974,19626533600.0,203439633902.9,-0.012162959381660343,-0.025708520965203374,-0.012304178662672971,-0.006059110600073914,-0.008100008993702223,-0.009001127679573617,True,True,Development
2021-12-20,0,0,0,0,1,0,-1,-1,7290.9488,7313.4816,7191.0499,7195.9732,7314.5601,18172785300.0,190350688407.0,-0.013712344269925514,-0.00014295807426323304,0.0020861345233968986,-0.0029596696660385557,0.013284512435473461,-0.016212444546049865,True,True,Development
2021-12-21,0,0,0,0,0,0,0,0,7190.9728,7285.7209,7190.9728,7275.4675,7195.9732,17621674600.0,164258060881.9,0.013758041192980297,0.016018124835627257,0.02016789717241041,0.0125200445758884,0.021266482888101068,0.011047053371460391,True,True,Development
2021-12-22,0,0,0,0,0,0,0,0,7289.9065,7318.605,7271.8182,7302.463,7275.4675,17411719000.0,171088399938.4,0.002229411310007867,0.006322865732228511,-0.002817114321013614,-0.00195241187249795,-0.013985995567981635,0.0037104832094982942,True,True,Development
2021-12-23,0,0,0,0,0,0,0,0,7306.1587,7349.9951,7290.3792,7337.19,7302.463,16913176000.0,180467002801.9,0.004084348728970344,-0.00503529987652751,-0.0034429309617924897,-0.00822968709946037,-0.010094223658185797,0.004755518788660762,True,True,Development
2021-12-24,0,0,0,0,0,0,0,0,7335.9996,7339.9405,7257.5267,7278.7556,7337.19,16941870200.0,182681103358.1,-0.00908255229457755,-0.007496660714103598,-0.008223282891127726,-0.00205333980661615,-0.023795271199306023,-0.007964138859699599,True,True,Development
2021-12-27,0,0,0,0,0,0,0,0,7269.37,7323.876,7255.7163,7272.7493,7278.7556,14861878900.0,165585648493.7,0.0016004275473666674,0.0008671452959472248,-0.0032105533216771898,0.01629240223017958,-0.01132897348738604,-0.0008251822605501724,True,True,Development
2021-12-28,0,0,0,0,0,0,0,0,7281.0041,7290.5389,7240.9278,7286.0336,7272.7493,14326204000.0,164782846852.7,-0.000732110561509014,-0.0048032935457350545,0.005484435862355808,0.008638286579182086,-0.016594950138813958,0.001826585717728424,True,True,Development
2021-12-29,0,0,0,0,0,1,1,1,7275.6736,7290.8597,7242.3024,7247.7741,7286.0336,13620955200.0,155743984428.4,-0.004074165723982004,0.006221100957580106,0.015411892584076492,-0.012057124167857203,-0.009955119481995456,-0.005251073780389914,True,True,Development
2021-12-30,0,0,0,0,0,0,0,0,7246.0313,7324.4981,7244.2221,7310.96,7247.7741,14165111100.0,158448274389.6,0.010337382892618763,0.019565772507772694,0.013506455595906797,-0.001880008439930414,-0.025201133205151827,0.008717973149853009,True,True,Development
2021-12-31,0,0,0,0,0,0,0,0,7320.9363,7368.1297,7317.7047,7359.4024,7310.96,14990900300.0,169456916309.8,0.009133968287635463,0.003136647972199924,-0.018165217473617545,-0.021786666822930845,-0.03282648422989287,0.006625997133071326,True,True,Development
2022-01-04,0,0,0,0,0,0,0,0,7387.8055,7392.1023,7317.5011,7354.4562,7359.4024,20081001800.0,219175107618.1,-0.005943036805719948,-0.027052092803471983,-0.02103422998886484,-0.027178571498667647,-0.03041188618189805,-0.0006720926144764272,True,True,Development
2022-01-05,0,0,0,0,1,0,-1,-1,7343.8995,7346.2621,7200.7314,7222.6747,7354.4562,19400240400.0,209809761803.8,-0.021235257917132544,-0.015181416902559808,-0.02484538357312771,-0.025017131566138717,-0.02715487868536326,-0.017918591995965683,True,True,Development
2022-01-06,0,0,0,0,0,0,0,0,7187.9499,7242.766,7167.8078,7229.9601,7222.6747,17333576500.0,179907539895.0,0.006185185013601879,-0.0036884508613505007,-0.0001299953412305932,0.0021276581240501358,-0.00952146313651947,0.0010086844974481757,True,True,Development
2022-01-07,-1,0,0,-1,0,0,-1,-1,7232.4087,7262.805,7168.0396,7175.676,7229.9601,20001801100.0,202498452621.9,-0.009812941019220922,-0.006276359907592011,-0.009987336584006967,-0.023365051258787406,-0.02688866297060888,-0.007508215709240207,True,True,Development
2022-01-10,-1,0,0,-1,0,0,-1,-1,7161.4375,7193.9224,7122.0892,7191.4511,7175.676,16574887800.0,176717915891.8,0.0035716292992853393,-0.00017612385781484718,0.005837640836773295,-0.011285695085658354,-0.03051338505712009,0.002198413083310813,True,True,Development
2022-01-11,-1,0,0,-1,0,0,-1,-1,7187.0155,7206.9187,7118.8378,7135.2232,7191.4511,16949456500.0,179645357798.7,-0.003734415210319253,0.002257946987870074,-0.017196623549789236,-0.0033236466513812957,-0.03158759014781598,-0.007818714084004474,True,True,Development
2022-01-12,-1,0,0,-1,0,0,-1,-1,7160.1762,7196.9327,7148.6276,7196.9327,7135.2232,15605148300.0,170334290986.6,0.006014824048603762,-0.013512670260824033,-0.011111528233062162,-0.002192599673734197,-0.055560825444491035,0.008648573179883101,True,True,Development
2022-01-13,-1,0,0,-1,0,0,-1,-1,7203.2434,7203.2434,7096.3251,7097.7594,7196.9327,16914896800.0,174599014140.3,-0.019410742110977486,-0.017023956180628352,-0.005569019089373128,-0.011624388535864227,-0.05853409035157686,-0.013779939890225745,True,True,Development
2022-01-14,-1,0,0,-1,0,0,-1,-1,7063.4231,7125.092,7052.6348,7081.1408,7097.7594,17559119800.0,181513954243.3,0.0024340323036857736,0.014115719614757216,0.011475130238198572,-0.0036079107309882064,-0.05284231097525505,-0.0023413867762268614,True,True,Development
2022-01-17,-1,1,0,0,0,0,-1,0,7080.6157,7169.3446,7078.6629,7157.8593,7081.1408,16177971900.0,183490792953.4,0.01165332274705988,0.009019145044123711,0.00549308162565576,-0.019447164743032208,-0.05875866134070806,0.010834200613550893,True,True,Development
2022-01-18,-1,1,0,0,0,0,-1,0,7163.1284,7191.0046,7133.1954,7163.1586,7157.8593,17923539100.0,195000211959.9,-0.0026038343805200315,-0.006089280767324956,-0.017476930889581688,-0.028358196120008117,-0.06758764787742733,0.0007403470476150531,True,True,Development
2022-01-19,0,0,0,0,0,0,0,0,7144.4768,7182.0623,7078.3609,7118.762,7163.1586,16317836800.0,174675276058.6,-0.0034945456047950074,-0.014911924691252465,-0.028211862903662843,-0.05348549805634473,-0.05706865756775914,-0.0061979082802940955,True,True,Development
2022-01-20,0,0,0,0,0,0,0,0,7119.5101,7135.7759,7040.0143,7056.7854,7118.762,16866628200.0,172753201584.8,-0.011457417554615268,-0.024803995994050254,-0.022405347806164433,-0.04746141170584195,-0.039096692903069385,-0.00870609243573528,True,True,Development
2022-01-21,-1,0,0,-1,0,0,-1,-1,7037.9389,7040.425,6965.333,6976.6155,7056.7854,14467978900.0,158204017340.6,-0.01350126810563812,-0.01107481907806851,-0.039157486860251,-0.04941267677103589,-0.03213429431733206,-0.011360682726727078,True,True,Development
2022-01-24,-1,0,0,-1,0,0,-1,-1,6942.9178,7006.7008,6925.7709,6979.2456,6976.6155,12267956400.0,135920720796.5,0.002459657523238956,-0.026007350972814258,-0.02323370442323247,-0.04009115591142398,-0.033318887917699436,0.0003769879535429066,True,True,Development
2022-01-25,-1,0,0,-1,0,0,-1,-1,6959.995,6979.483,6743.9566,6743.9566,6979.2456,15033724400.0,154265494910.4,-0.028397161204857135,-0.025630320136724172,-0.03876719739022794,-0.04037439682068733,-0.03723811583197978,-0.033712669461008704,True,True,Development
2022-01-26,-1,0,0,-1,0,0,-1,-1,6762.3509,6799.8129,6721.8961,6782.5763,6743.9566,12061531000.0,130234705546.0,0.0028477078880955187,-0.010673122567478766,-0.014459867795384662,-0.003785636146151461,0.0024927425756624544,0.005726564135955403,True,True,Development
2022-01-27,-1,0,0,-1,0,0,-1,-1,6781.6081,6785.7265,6605.9159,6605.9159,6782.5763,12524375600.0,132244728276.2,-0.01348243641504443,-0.017258428719878482,-0.015131912444188544,0.008781501248944057,-0.002547153970752114,-0.026046209019425226,True,True,Development
2022-01-28,0,0,0,0,0,0,0,0,6690.1755,6690.1755,6510.1811,6580.53,6605.9159,12708881900.0,130258015986.6,-0.0038275976467284645,-0.001672018917889373,0.006961790464241169,0.018176533635029468,0.006628151981962205,-0.0038429039037569668,True,True,Development
2022-02-07,0,0,0,0,0,0,0,0,6664.5682,6702.3323,6656.1312,6676.6122,6580.53,14509261900.0,138641531840.6,0.0021638611185643697,0.010830844224836822,0.026497230533254923,0.007055115738781037,0.02678586138558825,0.014600981987773043,True,True,Development
2022-02-08,0,0,0,0,0,0,0,0,6678.9894,6742.4015,6599.3668,6742.1921,6676.6122,15959857500.0,145458655721.1,0.008648269452261825,0.024280829072733656,0.019881795290766613,0.0032682339636591617,0.02216765009388988,0.009822331750824365,True,True,Development
2022-02-09,0,0,0,0,0,0,0,0,6736.7511,6848.6947,6725.7983,6843.0271,6742.1921,16282272100.0,155362517482.0,0.01549852420701714,0.011137208260521891,-0.00373527233327664,0.006302236696855257,0.007177361799814541,0.014955818301291002,True,True,Development
2022-02-10,0,0,0,0,0,0,0,0,6841.1608,6864.6863,6797.0071,6840.485,6843.0271,15491656500.0,147064848237.7,-0.004294753603803603,-0.018940250607762388,-0.02051448637196185,-0.011230038621515726,0.0029601262990339716,-0.00037148764177774574,True,True,Development
2022-02-11,0,0,0,0,0,0,0,0,6811.7797,6840.7212,6735.894,6745.0235,6840.485,15980135400.0,156700185551.4,-0.014708667105015172,-0.016289692985813953,-0.004781716590159246,-0.011342219420278687,-0.0009017173588277139,-0.01395537012360959,True,True,Development
2022-02-14,0,0,0,0,0,0,0,0,6711.5875,6765.5158,6667.4898,6695.6958,6745.0235,13708245900.0,132192013548.4,-0.0016046278171892858,0.01007514243090779,0.007859064640072244,0.019592518163549233,0.017864625917489718,-0.007313199131181669,True,True,Development
2022-02-15,0,0,0,0,0,0,0,0,6700.8179,6762.8586,6686.9491,6760.2776,6695.6958,11280576000.0,121268405355.2,0.011698542054097594,0.009478902567998437,0.005029400963127317,0.0188378496302668,0.025042301179382775,0.00964527092165679,True,True,Development
2022-02-16,0,0,0,0,1,0,-1,-1,6779.2077,6788.3641,6751.8001,6772.0336,6760.2776,10841400300.0,114685136207.6,-0.0021939731983723343,-0.006592024020742104,0.009422443274602621,0.0008696443981204283,0.01089563902873203,0.0017389818429940362,True,True,Development
2022-02-17,0,0,0,0,0,0,0,0,6764.3343,6797.6154,6730.1804,6768.7888,6772.0336,12298508900.0,130706760947.1,-0.00440772124464639,0.011641958618159753,0.009271067516577247,0.014351330921063443,0.020200509605209582,-0.0004791470615266302,True,True,Development
2022-02-18,0,0,0,0,0,0,0,0,6734.519,6835.2033,6727.8158,6835.0217,6768.7888,13995263800.0,134406668671.3,0.016120735571463873,0.013739347977190342,0.0075111823130946664,0.010560279063731137,0.01326238741029595,0.009785044556272826,True,True,Development
2022-02-21,0,0,0,0,0,0,0,0,6843.0844,6871.9925,6822.8758,6867.1129,6835.0217,14514631300.0,150072396911.2,-0.0023436069267244175,-0.008472962864523481,0.002678192892082487,-0.0016946890206409604,-0.00618390736200769,0.004695113111345295,True,True,Development
2022-02-22,0,0,0,0,0,0,0,0,6827.0469,6827.0469,6743.8487,6784.7622,6867.1129,14860991500.0,152906258314.5,-0.0061437544833624624,0.0050335965906429525,-0.0031359825578466394,0.006089734054705254,-0.025848247798034074,-0.011992041080320703,True,True,Development
2022-02-23,0,0,0,0,0,0,0,0,6785.1032,6889.6961,6785.1032,6887.4236,6784.7622,14411662000.0,159413008185.2,0.011246446479988847,0.003026365170097911,0.006836196684525175,0.010017283156430246,-0.05038991890351785,0.015131171435897928,True,True,Development
2022-02-24,0,0,0,0,0,0,0,0,6861.4115,6898.4143,6688.7529,6764.8756,6887.4236,21084975500.0,218057095132.3,-0.008128662739437909,-0.004361201773133705,0.0010508479195570075,0.005766422841714025,-0.0636165605283987,-0.01779301043716841,True,True,Development
2022-02-25,0,0,0,0,1,0,-1,-1,6805.6374,6895.0443,6801.3265,6819.4311,6764.8756,15642913900.0,164105581755.5,0.00379833636155813,0.009254739313616644,0.006969824751462683,0.002673871517163029,-0.06795125464662566,0.00806452375857436,True,True,Development
2022-02-28,0,0,0,0,0,0,0,0,6831.4875,6853.3427,6770.0507,6853.3081,6819.4311,13960138800.0,148585345164.0,0.005435756121928037,0.003159487593294985,0.010171986701285718,-0.004496839085191939,-0.060345334745910084,0.004967716441918402,True,True,Development
2022-03-01,0,0,0,0,0,0,0,0,6868.6218,6889.3312,6837.2469,6874.0447,6853.3081,13771721800.0,147535308435.5,-0.0022639621823405953,0.004710624771915528,-0.0065205220645574435,-0.031744665283507056,-0.0867974125464297,0.003025779623128333,True,True,Development
2022-03-02,0,0,0,0,0,0,0,0,6853.0715,6878.35,6828.0631,6875.2404,6874.0447,13711497800.0,140871322089.8,0.006990412984893002,-0.004266218439425318,-0.007632212796846005,-0.05980808751229283,-0.11442629775568514,0.0001739441700168154,True,True,Development
2022-03-03,0,0,0,0,0,0,0,0,6900.9773,6907.4088,6843.9865,6859.5522,6875.2404,18909178100.0,173516746093.0,-0.011178489168483408,-0.014521117175678833,-0.03628436801262902,-0.06898518562001354,-0.09670131794231518,-0.0022818402102710023,True,True,Development
2022-03-04,0,0,0,0,0,0,0,0,6823.8348,6871.0857,6779.414,6803.8337,6859.5522,17741188200.0,165852587305.5,-0.003380415950280602,-0.02538969730040941,-0.05577983804648956,-0.07043678724461488,-0.08416950539306722,-0.008122760549879593,True,True,Development
2022-03-07,0,0,0,0,0,0,0,0,6800.7674,6800.8159,6628.4825,6659.3902,6803.8337,16648459400.0,164636761947.0,-0.022083934233657176,-0.05257715474874203,-0.05526660123679572,-0.05610077180407613,-0.06767008382024653,-0.021229722296122633,True,True,Development
2022-03-08,0,0,0,0,0,0,0,0,6650.5797,6665.9467,6416.8002,6429.8888,6659.3902,18629607900.0,184444202760.5,-0.03118183817870801,-0.033932019489970267,-0.04622061742978589,-0.05685767512868101,-0.04618834956597839,-0.03446282513975529,True,True,Development
2022-03-09,0,0,0,0,0,0,0,0,6443.2024,6462.4778,6066.7635,6305.6093,6429.8888,19780274000.0,188335592554.8,-0.0028386971050297083,-0.015522808968409851,-0.003719159900983482,-0.05809261866428406,-0.011623071161011467,-0.019328405803845317,True,True,Development
2022-03-10,-1,0,0,-1,0,0,-1,-1,6424.9121,6475.1435,6390.7252,6414.9402,6305.6093,15315235500.0,158971825326.8,-0.012720220717105102,-0.0008829692782877929,-0.023730892754159183,-0.029769808056984925,-0.00839561680540346,0.01733867336182726,True,True,Development
2022-03-11,-1,0,0,-1,0,0,-1,-1,6343.1858,6479.7207,6270.0233,6474.1269,6414.9402,15211450300.0,158771247766.1,0.011989763881739002,-0.01115253474050859,-0.04324103197481621,-0.014773302084261863,0.0005556829188260171,0.009226383747115818,True,True,Development
2022-03-14,-1,0,0,-1,0,0,-1,-1,6419.2391,6490.6124,6323.5779,6323.5779,6474.1269,13795400500.0,153706453659.8,-0.02286811531915056,-0.054576437260297594,-0.028912367510971815,-0.012256935561100968,-0.029461124138529082,-0.023253946412449822,True,True,Development
2022-03-15,-1,0,0,-1,0,0,-1,-1,6272.4432,6278.0688,5964.9813,5964.9813,6323.5779,19471374500.0,184102450787.5,-0.03245040146397804,-0.006185707668106111,-0.0036616035040381023,0.01131252970134522,0.002715433118629207,-0.056707864704252264,True,True,Development
2022-03-16,-1,0,0,-1,0,0,-1,-1,6068.8999,6173.7875,5824.3301,6156.2714,5964.9813,17882684700.0,178613442534.0,0.02714557872341894,0.0297543381791483,0.04476247828704505,0.04933558057202414,0.033465999332102925,0.03206885158214989,True,True,Development
2022-03-17,-1,1,0,0,0,0,-1,0,6233.6437,6369.8884,6225.9795,6267.5244,6156.2714,17043854100.0,184845065443.2,0.0025398147154287454,0.017151317134150634,0.017607150052544762,0.022030020740518186,0.020447094209122163,0.018071490480423114,True,True,Development
2022-03-18,0,0,0,0,0,1,1,1,6249.476,6338.2235,6231.7261,6332.2166,6267.5244,15262021400.0,153302421271.9,0.01457448592489996,0.015029164045113674,0.019015450255349453,0.015558840453183675,0.006386775467255301,0.010321810633876272,True,True,Development
2022-03-21,0,0,0,0,1,0,-1,-1,6340.5589,6389.2103,6284.8526,6358.943,6332.2166,15965372300.0,161774094329.4,0.00044814661370007336,0.004377169337548503,0.004796438370756162,-0.01741767590866472,0.003539609102913621,0.004220702115591113,True,True,Development
2022-03-22,0,0,0,0,0,0,0,0,6343.4004,6404.827,6313.2741,6358.1093,6358.943,15110787400.0,145705387844.5,0.003927262734352954,0.004346343957729593,0.0005218336840284721,-0.008500929564528303,-0.003403821079936864,-0.00013110669493343607,True,True,Development
2022-03-23,0,0,0,0,0,0,0,0,6368.3126,6420.1586,6353.3361,6398.1009,6358.1093,14317935800.0,141684925864.7,0.0004174418196742913,-0.003392107353524021,-0.02169986127879464,-0.01512345672227211,-0.022159307946032714,0.006289857269361487,True,True,Development
2022-03-24,0,0,0,0,0,0,0,0,6370.971,6384.4046,6315.1424,6344.115,6398.1009,13774908600.0,139175992839.2,-0.0038079595716256076,-0.022108074263718858,-0.012791676496408444,-0.001548806296559735,-0.026518469476630724,-0.008437800660505479,True,True,Development
2022-03-25,0,0,0,0,0,0,0,0,6346.7106,6373.4658,6268.2376,6268.2376,6344.115,13497225600.0,135181835619.8,-0.0183700671651863,-0.009018057322481399,-0.01177127881016038,-0.009031544624076626,-0.051528598137120074,-0.011960281300070874,True,True,Development
2022-03-28,0,0,0,0,0,0,0,0,6230.1211,6322.1284,6176.2482,6283.2814,6268.2376,14485788700.0,136991737399.1,0.009527021874422337,0.006722277035674296,0.021024069660539935,0.0213287828385873,-0.021738999583812313,0.002400004747745932,True,True,Development
2022-03-29,0,0,0,0,0,0,0,0,6289.4756,6316.3129,6233.2822,6253.0692,6283.2814,14136212400.0,140401394967.6,-0.00277827614117776,0.011388548832274692,-1.3610037695288568e-05,0.005140810149577568,-0.034238371160864256,-0.004808347434510862,True,True,Development
2022-03-30,0,0,0,0,0,0,0,0,6272.0017,6377.8744,6261.8037,6377.8744,6253.0692,16401457500.0,155600799511.1,0.014206293981074758,0.002772368508765055,0.014508972470463455,-0.0071438915585753104,-0.028360929812885738,0.01995903067888638,True,True,Development
2022-03-31,0,0,0,0,0,0,0,0,6361.1036,6383.0744,6313.9663,6324.9609,6377.8744,17690394800.0,167072822890.9,-0.011273767023696979,0.0002984387803399713,-0.006177387206836249,-0.025008396341792083,-0.05369714462754549,-0.008296416122587802,True,True,Development
2022-04-01,0,0,0,0,1,0,-1,-1,6289.39,6373.2603,6274.0006,6364.5206,6324.9609,17512859600.0,154551712332.6,0.011704155728933907,0.005154490340080642,-0.00988884454613248,-0.04288436557440389,-0.0352833104641308,0.006254536688123924,True,True,Development
2022-04-06,0,0,0,0,0,0,0,0,6363.002,6363.002,6279.0719,6356.9271,6364.5206,19685358400.0,169525010204.0,-0.006473893926168817,-0.021343196183185253,-0.025299284834422564,-0.04216838215672414,-0.04403421529649054,-0.001193098502972889,True,True,Development
2022-04-07,0,0,0,0,0,0,0,0,6321.8086,6364.6276,6221.5908,6221.5908,6356.9271,19076219200.0,163735810257.4,-0.014966191795177108,-0.018948058629930653,-0.047792509883959555,-0.039177775802956116,-0.0613780050221705,-0.021289578733724945,True,True,Development
2022-04-08,0,0,0,0,0,0,0,0,6227.1952,6237.9145,6117.0139,6224.1167,6221.5908,18395489200.0,159245297292.2,-0.004042365654444269,-0.033325067439671785,-0.021279355431157776,-0.021369701081475623,-0.08013273776932506,0.0004059894135113318,True,True,Development
2022-04-11,0,0,0,0,0,1,1,1,6202.0226,6202.0226,6001.5658,6029.8935,6224.1167,17838481200.0,162201440592.2,-0.02940155361575114,-0.017306950800211496,-0.02062043437248995,-0.029424610610093604,-0.0879759290138672,-0.031204941899627192,True,True,Development
2022-04-12,0,0,0,0,0,0,0,0,6019.6735,6135.5702,5964.3887,6126.9065,6029.8935,17318018800.0,151432386370.2,0.012460974835263094,0.009047118585418401,0.01236751461686425,0.007941626734406793,-0.10721822371263157,0.016088675529675633,True,True,Development
2022-04-13,0,0,0,0,1,0,-1,-1,6094.6845,6129.6592,6039.9234,6044.3263,6126.9065,16704306000.0,147270109711.9,-0.003371839838469004,-9.230994647879687e-05,-0.012331073085079414,-0.0019479761421612451,-0.15023803118930934,-0.013478286309738907,True,True,Development
2022-04-14,0,0,0,0,0,0,0,0,6074.1342,6156.4962,6060.6813,6126.4902,6044.3263,15903310600.0,147089465759.8,0.0032906253536511,-0.008989544551057271,-0.0010955800087525391,-0.02310544933300951,-0.1111647977748006,0.013593557978496484,True,True,Development
2022-04-15,0,0,0,0,0,0,0,0,6094.1219,6122.2895,6048.1602,6070.7489,6126.4902,18462700000.0,162170121562.1,-0.012239893002468527,-0.004371819342832595,-0.001855837507943492,-0.06004620616466494,-0.10423278536650216,-0.009098406784360913,True,True,Development
2022-04-18,0,0,0,0,0,0,0,0,6019.5305,6094.6714,5975.4455,6074.0069,6070.7489,14918638000.0,131553629165.0,0.007965571401291172,0.010512730187179908,-0.014243951417805767,-0.06032639921003802,-0.0676189114749065,0.0005366718429089534,True,True,Development
2022-04-19,-1,0,0,-1,0,0,-1,-1,6067.4795,6106.9313,6052.0964,6092.3963,6074.0069,14199753400.0,129227432636.5,0.0025270295515624763,-0.022034009344407468,-0.0559188539491563,-0.11425249974062557,-0.08347843614469574,0.0030275566529238684,True,True,Development
2022-04-20,-1,0,0,-1,0,0,-1,-1,6082.8122,6093.7827,5942.0045,5956.9208,6092.3963,15105560300.0,134720863250.9,-0.02449912887331951,-0.058298561313466224,-0.07010216425882754,-0.14857948433785284,-0.08718608804000239,-0.02223681673498501,True,True,Development
2022-04-21,-1,0,0,-1,0,0,-1,-1,5933.7886,5971.1943,5742.4182,5759.8013,5956.9208,15785450500.0,135625763585.4,-0.03464828524561858,-0.04674832871531687,-0.09429621405791233,-0.09014212269038369,-0.0676108515224152,-0.03309083780331612,True,True,Development
2022-04-22,-1,0,0,-1,0,0,-1,-1,5728.193,5794.3351,5667.3384,5740.9844,5759.8013,13999759800.0,120243690113.6,-0.01253433674458948,-0.06178880495122996,-0.09587000647499133,-0.047009309916757336,-0.005370559267119712,-0.0032669356146017847,True,True,Development
2022-04-25,-1,0,0,-1,0,0,-1,-1,5656.3939,5656.3939,5369.7171,5369.7171,5740.9844,18675348000.0,150663973302.5,-0.04987967687328143,-0.08439348610428277,-0.04552186508793166,-0.0077606865391747215,0.009044985357190338,-0.06466962355793904,True,True,Development
2022-04-26,-1,1,0,0,0,0,-1,0,5374.2548,5434.7038,5225.2065,5234.0059,5369.7171,17129943300.0,139143826428.0,-0.036325724638139545,0.004586589381657236,0.015752844468781113,0.034743607616073646,0.0727658837463383,-0.02527343572718188,True,True,Development
2022-04-27,-1,1,0,0,0,0,-1,0,5179.0311,5440.0693,5158.476,5437.0374,5234.0059,17969338400.0,148165593331.4,0.04245450466594036,0.054041672003089625,0.083696214915566,0.07210702017217074,0.12767096532785827,0.03879084278449141,True,True,Development
2022-04-28,-1,1,0,0,0,0,-1,0,5398.9043,5472.8233,5339.6085,5418.7641,5437.0374,15503977300.0,133023979699.0,0.011115273889926058,0.03956212003980131,0.03001933188554573,0.02476350618031886,0.07242421392800003,-0.003360892827406259,True,True,Development
2022-04-29,0,0,0,0,0,1,1,1,5458.9146,5630.9326,5443.6651,5627.9021,5418.7641,18128951200.0,157723206297.8,0.02813412761577183,0.018696244121496175,0.017139121392373502,0.04369271503166572,0.06534093792198181,0.03859514755403359,True,True,Development
2022-05-05,0,0,0,0,0,0,0,0,5612.4964,5728.6163,5606.9405,5686.7023,5627.9021,16864320800.0,153614014864.4,-0.009179622814546429,-0.010694136035437007,-0.014235430066378396,0.016937115540956116,0.017158888511714654,0.010447978474963149,True,True,Development
2022-05-06,0,0,0,0,0,0,0,0,5560.9758,5629.647,5542.1811,5563.7693,5686.7023,15299334100.0,128084917441.6,-0.0015285446845498818,-0.005102647632453383,0.024537707932482,0.036745601374492676,0.05269546398673408,-0.021617625385454087,True,True,Development
2022-05-09,0,0,0,0,0,0,0,0,5552.4756,5626.5906,5537.9754,5608.5162,5563.7693,13155392900.0,114555068564.0,-0.0035795744874592694,0.026106157044616385,0.027929938134262144,0.05182686439900808,0.06999879477183124,0.0080425512970137,True,True,Development
2022-05-10,0,0,0,0,1,0,-1,-1,5532.6001,5698.5144,5519.4721,5690.0868,5608.5162,16532961300.0,141136837683.5,0.029792375559549278,0.03162270846215698,0.04206288106743883,0.04650898227760947,0.07763957131114552,0.014544060691132454,True,True,Development
2022-05-11,0,0,0,0,0,0,0,0,5697.4294,5856.1924,5696.7023,5737.8173,5690.0868,18516362700.0,172855135622.5,0.0017773805147984767,0.011915514038664643,0.025066322015328657,0.02074195074712115,0.007688625329872467,0.008388360613409196,True,True,Development
2022-05-12,0,0,0,0,0,0,0,0,5707.5559,5779.3195,5687.175,5743.1007,5737.8173,13921616900.0,125952896230.6,0.010120146173250744,0.02324762163082794,0.014429959415728,0.00021807933585016315,0.024611235082252936,0.0009208031074814382,True,True,Development
2022-05-13,0,0,0,0,0,0,0,0,5765.3172,5796.8014,5731.8598,5796.8014,5743.1007,13655977500.0,116785287132.3,0.012995954498392637,0.00426663427989693,0.008722503594424946,0.015384548138999143,0.02706085278360737,0.009350471601516697,True,True,Development
2022-05-16,0,0,0,0,0,0,0,0,5840.243,5855.7226,5767.5448,5791.0809,5796.8014,15138727500.0,132450886599.5,-0.008617329792613204,-0.004218625834575773,-0.022506323795088767,0.017276541404184664,0.013355591539598644,-0.000986837327219825,True,True,Development
2022-05-17,0,0,0,0,0,0,0,0,5789.9157,5816.3379,5724.4448,5816.3379,5791.0809,13082939100.0,119260447955.2,0.004436938520538503,-0.014009720383320934,0.011070679319217236,0.02974708250070046,0.02598599147134406,0.004361361969576372,True,True,Development
2022-05-18,0,0,0,0,0,0,0,0,5815.6052,5846.844,5785.4545,5797.4896,5816.3379,12724384500.0,114319973944.7,-0.018365173756980657,0.006604437316343192,0.0215862314725217,-0.012788075779284314,0.0332117971144259,-0.0032405785778024665,True,True,Development
2022-05-19,0,0,0,0,0,0,0,0,5708.8006,5838.4074,5700.1061,5838.4074,5797.4896,13662374000.0,122730054522.0,0.02543676162029551,0.04069884661937584,0.04437853373263745,0.024387837263049716,0.051117041993023804,0.00705784793473363,True,True,Development
2022-05-20,0,0,0,0,0,0,0,0,5854.014,5929.5421,5849.7614,5929.4882,5838.4074,16572732900.0,151890808353.4,0.01488349703297609,0.018471906626803314,-0.019265276782734042,0.011499391699439032,0.03858402115198212,0.015600281679555295,True,True,Development
2022-05-23,0,0,0,0,0,1,1,1,5941.1422,5968.851,5908.6589,5965.7277,5929.4882,15387601700.0,143376161124.0,0.0035357847519623675,-0.03364797429019628,-0.015673131001644913,-0.0038543598569311666,0.041311012552434745,0.006111741650822511,True,True,Development
2022-05-24,0,0,0,0,0,0,0,0,5962.1488,5967.2326,5745.6751,5745.6751,5965.7277,17754083400.0,161859191392.5,-0.037052748498997534,-0.019141236461592603,-0.006846055234314141,-0.003652441549261476,0.037371023011032456,-0.03688612874503139,True,True,Development
2022-05-25,0,0,0,0,0,0,0,0,5741.2348,5844.282,5736.1388,5844.2546,5745.6751,14359063500.0,126687497293.5,0.018600719831211032,0.031369000968223704,0.030831015655377936,0.046595742783416494,0.08125297366343553,0.017157165743673763,True,True,Development
2022-05-26,0,0,0,0,1,0,-1,-1,5848.0259,5928.7066,5780.9701,5911.5607,5844.2546,16235036200.0,142667052821.1,0.012535118902260889,0.012006957766722781,0.015791055234553708,0.0260928563944971,0.040265724541336256,0.011516626945034192,True,True,Development
2022-05-27,0,0,0,0,0,0,0,0,5921.3316,5952.615,5854.61,5899.915,5911.5607,14340686200.0,128502607015.8,-0.00052162253503929,0.003215628052311681,0.014763621750215838,0.02677671353517841,0.04516448631250447,-0.0019699873842113913,True,True,Development
2022-05-30,1,0,0,1,0,0,1,1,5918.2429,5942.9969,5867.1924,5942.8317,5899.915,13385264700.0,124183592946.5,0.003739201038875928,0.015293221574261606,0.0139187764665758,0.04534012958474554,0.04112315160298685,0.007274121745821649,True,True,Development
2022-05-31,1,0,0,1,0,0,1,1,5940.3724,6033.4732,5902.2751,6026.2373,5942.8317,15594491800.0,147825250552.3,0.011510978671976924,0.010141653745478818,0.023485564642378387,0.04117384963946025,0.056393501525257905,0.014034656239718224,True,True,Development
2022-06-01,1,0,0,1,0,0,1,1,6008.7519,6042.3715,5970.493,6023.644,6026.2373,15536577300.0,143127245305.2,-0.0013537420308534776,0.011838315374612218,0.02959431558490544,0.03311424790229722,0.04219431992191236,-0.00043033486251853326,True,True,Development
2022-06-02,1,0,0,1,0,0,1,1,6000.6176,6084.3166,5987.6409,6078.4349,6023.644,15957167500.0,150036301464.4,0.013209940256816433,0.03099001009496094,0.030720637822346797,0.013812461570622325,0.036657160089654806,0.009095972471148794,True,True,Development
2022-06-06,1,0,0,1,0,0,1,1,6079.8854,6194.4258,6070.707,6187.4441,6078.4349,18267996300.0,180119370874.6,0.017548258393159877,0.017282398118885656,0.021027008173542194,0.017908248731135723,0.04005345232329538,0.01793376120553658,True,True,Development
2022-06-07,1,0,0,1,0,0,1,1,6186.5768,6199.7233,6136.0388,6186.5672,6187.4441,17731171800.0,169115475173.6,-0.0002612753469737328,0.0034187565569379075,-0.016661217234060666,-0.0040340726070029476,0.022348983043417592,-0.00014172249249078117,True,True,Development
2022-06-08,1,0,0,1,0,0,1,1,6184.9604,6227.3285,6110.0604,6217.8276,6186.5672,18642886400.0,176670594408.9,0.0036809936568067414,-0.01640422790742524,0.0006152181669587531,0.014617781546345743,0.015668135886528933,0.00505294761851105,True,True,Development
2022-06-09,1,0,0,1,0,0,1,1,6207.7272,6209.1099,6088.4637,6130.6862,6217.8276,17212977500.0,160399014376.8,-0.020011559141967505,-0.003054531777749503,-0.007427436566478041,0.008789029904535672,-0.003341013438863727,-0.014014766186183691,True,True,Development
2022-06-10,1,0,0,1,0,0,1,1,6083.5009,6250.3633,6078.7845,6240.1032,6130.6862,19254134000.0,178686545011.3,0.01730329324024593,0.012841092864801062,0.031539388775301935,0.02253345602365253,0.03671045729606126,0.01784743117336518,True,True,Development
2022-06-13,1,0,0,1,0,0,1,1,6188.7655,6250.6808,6172.9148,6233.6194,6240.1032,18813239700.0,197652384588.3,-0.004386302890293736,0.013993954044631218,0.011879849058749947,0.021755598915486507,0.03386686730980504,-0.0010390533284769798,True,True,Development
2022-06-14,1,0,0,1,0,0,1,1,6161.6197,6278.9724,6061.1905,6275.5652,6233.6194,19740316500.0,196166211157.9,0.018461233496770202,0.016337814552235264,0.00956948057018181,0.02648991790259303,0.040706877771115924,0.006728963914607977,True,True,Development
2022-06-15,1,0,0,1,0,0,1,1,6275.3708,6398.3587,6261.0394,6261.0613,6275.5652,23814076500.0,231704740913.9,-0.0020849285909926296,-0.008730575729485102,0.0076545277611326235,0.001035221695584898,0.0324760729676723,-0.0023111703149860663,True,True,Development
2022-06-16,1,0,1,0,0,0,1,0,6262.2871,6330.3502,6242.3287,6264.822,6261.0613,19461508300.0,200890496403.0,-0.006659531786717299,0.009759804848295861,0.00998890644921091,-0.012024360876076612,0.01962979308310553,0.000600648966653683,True,True,Development
2022-06-17,1,0,1,0,0,0,1,0,6220.5832,6328.3614,6181.8541,6316.3092,6264.822,16785912900.0,188555335283.8,0.016529414798278186,0.016760052337214892,0.009851809393048416,0.013864584272419878,0.037000903709478505,0.008218461753582096,True,True,Development
2022-06-20,1,0,1,0,0,0,1,0,6323.4058,6359.0,6277.2155,6330.3942,6316.3092,17520714600.0,202463104716.5,0.0002268872258679444,-0.006569023294377363,-0.021573611486392363,0.011853390778747697,0.019241023563599136,0.002229941498114174,True,True,Development
2022-06-21,1,0,0,1,0,0,1,1,6324.8405,6337.0828,6215.292,6277.0014,6330.3942,16446163000.0,178813382248.4,-0.0067943689647194105,-0.021795553579572524,-0.002847739796758564,0.013850072582857864,0.033299464231548725,-0.008434356268050336,True,True,Development
2022-06-22,1,0,0,1,0,0,1,1,6281.8672,6285.6521,6176.8507,6179.57,6277.0014,15409431800.0,164240856131.8,-0.015103805441795903,0.0039736274590458365,0.018544231562233504,0.03140833668053333,0.032976421405406464,-0.015521965631551504,True,True,Development
2022-06-23,0,0,0,0,0,0,0,0,6186.9871,6300.4746,6142.9367,6300.4746,6179.57,16826604400.0,179525605665.7,0.019369993514290584,0.03416404407890217,0.036439852929384564,0.03203940735547994,0.03675798839147415,0.019565212466239545,True,True,Development
2022-06-24,0,0,0,0,0,1,1,1,6306.829,6378.498,6304.0817,6368.2827,6300.4746,15771270400.0,181995576916.7,0.014512935105740254,0.01674549920411672,0.02732612537933088,0.022819930586353232,0.027186736789597488,0.01076237971025229,True,True,Development
2022-06-27,0,0,0,0,0,0,0,0,6398.3596,6449.3379,6390.2849,6407.7447,6368.2827,16891819100.0,201652930730.9,0.002200626548092055,0.012629893449564777,-0.002054448455819813,0.0073010901106589365,-0.001705171431752528,0.0061966470175705,True,True,Development
2022-06-28,0,0,0,0,0,0,0,0,6412.44,6506.665,6392.1091,6501.352,6407.7447,17058271100.0,196479374873.5,0.010406366375357967,-0.004245731733942049,0.005974387284715332,0.019183696065772304,-0.014746633106898388,0.014608462787226717,True,True,Development
2022-06-29,1,0,0,1,0,0,1,1,6479.1702,6501.3927,6370.0158,6374.2974,6501.352,19072830800.0,215976296586.3,-0.014501193378127275,-0.004386333299285727,-0.005262340538607857,0.0015203335760496373,-0.03711739197713926,-0.01954279663676106,True,True,Development
2022-06-30,1,0,0,1,0,0,1,1,6385.2145,6493.0905,6385.2145,6454.0778,6374.2974,16384677500.0,193598970720.0,0.010263695918124593,0.009374798607000523,0.02352932701007937,0.004572093858397297,-0.01843981905384695,0.012515951954171323,True,True,Development
2022-07-01,1,0,0,1,0,0,1,1,6450.7504,6481.1493,6423.8571,6438.5375,6454.0778,14420464300.0,172657742424.2,-0.0008798666276097489,0.01313085993840346,0.005932689629411181,0.004269379264775219,-0.026519968901602464,-0.002407826568189164,True,True,Development
2022-07-04,1,0,0,1,0,0,1,1,6445.0746,6524.295,6405.3788,6523.1311,6438.5375,15781996900.0,193784450973.9,0.014023064992917389,0.0068185556766091615,-0.00475809853310305,-0.008940982622606009,-0.03552709847609836,0.013138635909164087,True,True,Development
2022-07-05,1,0,1,0,0,0,1,0,6535.4543,6548.3018,6435.7372,6511.5297,6523.1311,18662546900.0,206724929047.1,-0.0071048771620972895,-0.01852143622211544,-0.008746629901459135,-0.03329167185822113,-0.033144903178345286,-0.001778501738221916,True,True,Development
2022-07-06,1,0,1,0,0,0,1,0,6489.0207,6496.972,6359.4656,6418.5453,6511.5297,17710450200.0,188283101873.7,-0.011498252733266767,-0.0016535006584275092,-0.015652808751249636,-0.038579072493943545,-0.020961190646224925,-0.014279962510191813,True,True,Development
2022-07-07,1,0,1,0,0,0,1,0,6414.4083,6482.4181,6380.1669,6452.9863,6418.5453,15735112300.0,176906222167.7,0.009959266235047837,-0.00420288181530315,-0.015048964064230286,-0.022907179139188827,-0.0022359349965296316,0.005365857587699807,True,True,Development
2022-07-08,0,0,0,0,0,0,0,0,6478.2911,6490.1491,6404.1612,6404.4393,6452.9863,15098669800.0,171162738886.7,-0.014022494296373922,-0.024761622706333863,-0.03698672941696002,-0.03065845559178415,-0.019197408402966132,-0.007523183491029539,True,True,Development
2022-07-11,0,0,0,0,0,0,0,0,6387.4493,6387.4493,6274.7378,6319.1402,6404.4393,15199366600.0,169420490499.2,-0.010891859446931385,-0.02329083066068327,-0.018783241066195222,-0.026825966352484465,-0.01414489505223937,-0.013318745951733879,True,True,Development
2022-07-12,0,0,0,0,0,0,0,0,6317.8781,6346.514,6238.5626,6241.4793,6319.1402,14451309200.0,162745221371.3,-0.012535506185217482,-0.007978279922811304,-0.006046555409164989,0.00015182312555217514,-0.012451854682033137,-0.012289789044401922,True,True,Development
2022-07-13,0,0,0,0,0,0,0,0,6238.6803,6287.6398,6207.7219,6268.4943,6241.4793,14271072300.0,148941203951.1,0.004615078608852574,0.006571325669629147,-0.003619435347568589,0.018324837065300414,0.010086748634963616,0.004328300824453679,True,True,Development
2022-07-14,0,0,0,0,0,0,0,0,6267.4723,6339.4222,6254.6817,6302.4319,6268.4943,14035405000.0,156034965327.2,0.001947260301413678,-0.008196685608008236,0.00819548895333777,0.021155865339843594,0.014966256811378198,0.0054139955108516435,True,True,Development
2022-07-15,0,0,0,0,0,0,0,0,6279.6767,6323.5345,6196.7999,6196.7999,6302.4319,15838682800.0,169165272836.9,-0.01012423139554297,0.006236085370445954,0.011676779474968813,0.011823538622617313,0.012236887927685958,-0.016760514302423424,True,True,Development
2022-07-18,-1,0,0,-1,0,0,-1,-1,6216.0998,6315.6563,6200.5203,6312.3557,6196.7999,15914462400.0,163899480504.9,0.016527646483410763,0.022023986809220686,0.029595132948154967,0.013030630557121947,0.012432763708201788,0.01864765715607497,True,True,Development
2022-07-19,-1,0,0,-1,0,0,-1,-1,6318.8373,6347.2428,6283.4024,6335.7093,6312.3557,14638478000.0,163012682490.6,0.005406975742198616,0.0128550231859903,0.005552825359184332,-0.0126017645683012,-0.0047842504189814505,0.003699664770158595,True,True,Development
2022-07-20,-1,0,0,-1,0,0,-1,-1,6353.0031,6416.8716,6351.8184,6410.7088,6335.7093,14293257300.0,157782312749.0,0.0074079926074646085,0.0001450652526833185,-0.008799554969522894,-0.008089843368721206,-0.028551205964310045,0.011837585414469665,True,True,Development
2022-07-21,-1,0,0,-1,0,0,-1,-1,6400.0661,6408.458,6347.5984,6347.5984,6410.7088,14821018400.0,163172754178.8,-0.007209519289183675,-0.01608836508735434,-0.02513369354107131,-0.006061374897362359,-0.037433941502572954,-0.009844527644119583,True,True,Development
2022-07-22,-1,0,0,-1,0,0,-1,-1,6353.9247,6371.3183,6236.343,6289.5325,6347.5984,13062066900.0,143788393867.5,-0.008943322856816205,-0.01805433734523154,-0.008233714195574171,0.0004085191629672469,-0.028084091081532647,-0.009147695922287702,True,True,Development
2022-07-25,0,0,0,0,0,0,0,0,6297.0995,6319.1797,6213.4739,6231.2355,6289.5325,12945802900.0,139714096679.5,-0.009193232535074314,0.0007160121894214111,0.010190945847369903,-0.0005901764772813234,-0.004848613238523591,-0.009268892401780304,True,True,Development
2022-07-26,0,0,0,0,0,1,1,1,6239.2088,6319.2494,6213.8365,6307.956,6231.2355,11727654100.0,129165891647.9,0.010001187971141468,0.01956403510650251,0.018802319935181444,0.007917285922535378,0.012004006020763347,0.012312245300310165,True,True,Development
2022-07-27,0,0,0,0,1,0,-1,-1,6301.6083,6344.207,6286.3516,6332.2327,6307.956,12043512700.0,133249678638.3,0.009468154344026702,0.008713981794139736,-0.0013052540888648378,-0.02062824184105516,0.004729681468776947,0.0038485842323565667,True,True,Development
2022-07-28,0,0,0,0,0,0,0,0,6361.2729,6393.7268,6339.5502,6348.1655,6332.2327,13847342900.0,152662265342.6,-0.0007470989021709507,-0.010672360872931552,-0.011423264045156811,-0.03156388715849623,-0.0018513275857100497,0.0025161425290010087,True,True,Development
2022-07-29,0,0,0,0,0,0,0,0,6356.5204,6365.2595,6285.7193,6294.1144,6348.1655,13792579200.0,152961332812.8,-0.009932682667076809,-0.01068414725767275,-0.029088744842225456,-0.02848097522034232,0.010790463285542229,-0.008514444054742998,True,True,Development
2022-08-01,0,0,0,0,0,0,0,0,6293.3831,6350.0383,6253.0553,6347.2211,6294.1144,12867901200.0,151348904696.9,-0.0007590035318206789,-0.01934824212433539,-0.021116893392363223,-0.004260951474573393,0.017849509272683584,0.00843751743692489,True,True,Development
2022-08-02,0,0,0,0,0,0,0,0,6288.6064,6288.6064,6095.0566,6169.9961,6347.2211,18290253900.0,192873382570.5,-0.018603358607401477,-0.020373353307658104,-0.017989025358623123,0.004054618524065967,0.025149292218384023,-0.02792166795639106,True,True,Development
2022-08-03,0,0,0,0,1,0,-1,-1,6171.6172,6261.9097,6111.2198,6124.3146,6169.9961,14721340900.0,175544841793.6,-0.0018035467267800698,0.0006259785522666483,0.01538496263183653,0.02589203037414589,0.048874612637997084,-0.007403813431908102,True,True,Development
2022-08-04,-1,0,0,-1,0,0,-1,-1,6160.4864,6177.6166,6080.101,6158.7346,6124.3146,11364638100.0,137805652801.6,0.0024339149584031716,0.017219565649881252,0.024936001806610708,0.030680970255855256,0.05208744556274003,0.005620220750906624,True,True,Development
2022-08-05,-1,0,0,-1,0,0,-1,-1,6175.4805,6274.2729,6163.5051,6270.5113,6158.7346,12428444800.0,150450721916.0,0.01474975105176024,0.022447451659834528,0.02525024570962553,0.04042271690437693,0.047501210634540936,0.018149296448007446,True,True,Development
2022-08-08,-1,0,0,-1,0,0,-1,-1,6266.5673,6324.3401,6249.6163,6323.0746,6270.5113,11613293400.0,149909676464.1,0.00758581177289841,0.010347866207389256,0.013233528984839982,0.022205075496436466,0.018315035091061915,0.008382617857653818,True,True,Development
2022-08-09,-1,0,0,-1,0,0,-1,-1,6314.1043,6344.84,6290.8724,6341.4806,6323.0746,11696665300.0,148682025631.8,0.0027412597539766548,0.005605197240723392,0.0175806250143824,0.021009488234142726,0.02313349495984718,0.0029109256436734565,True,True,Development
2022-08-10,-1,0,0,-1,0,0,-1,-1,6331.4129,6362.2914,6298.8613,6322.0558,6341.4806,11889992800.0,153411737859.6,0.0028561081524156595,0.014798797911284467,0.011735769120349016,0.022402535143458913,0.02199722276839644,-0.0030631332373703968,True,True,Development
2022-08-11,0,0,0,0,0,0,0,0,6349.4961,6439.3586,6341.7215,6439.3586,6322.0558,14203828400.0,168399100707.5,0.01190867728858036,0.008854371924096549,0.0153184281820411,0.020769254429497064,-0.0073000438570235415,0.01855453411214736,True,True,Development
2022-08-12,0,0,0,0,0,1,1,1,6425.1102,6463.0667,6416.2908,6420.853,6439.3586,14039991700.0,158383471763.4,-0.0030183606811911012,0.00336962313891509,0.007492852029215014,0.00680347863916797,-0.014634955210573675,-0.0028738265950897235,True,True,Development
2022-08-15,1,0,0,1,0,0,1,1,6405.7169,6462.5378,6394.2182,6442.8093,6420.853,13362748200.0,151481917268.3,0.0064073234332286955,0.010543035393899336,0.011810309631385518,-0.0038055381435916358,-0.030022447604576508,0.0034195300842427834,True,True,Development
2022-08-16,1,0,0,1,0,0,1,1,6446.7604,6492.5396,6440.3764,6465.1866,6442.8093,13584149500.0,150950901281.8,0.004109381822224867,0.0053685879189802055,0.0034223235595973733,0.0020803006731877627,-0.02127910632447272,0.0034732209131194125,True,True,Development
2022-08-17,1,0,0,1,0,0,1,1,6473.2526,6501.362,6428.9652,6493.5047,6465.1866,14622031900.0,165336992378.1,0.00125405271532264,-0.0006842464327747599,-0.014198874303159359,-0.00039643130873656673,-0.03207957619327262,0.004380090127638514,True,True,Development
2022-08-18,1,0,0,1,0,0,1,1,6481.3704,6483.6928,6448.7455,6468.8056,6493.5047,13045175900.0,151581053114.9,-0.0019358714632324858,-0.015433572504975124,-0.0032707280546718787,-0.027498181557406354,-0.0506194492448695,-0.003803662450571732,True,True,Development
2022-08-19,1,0,0,1,0,0,1,1,6468.8233,6477.3137,6390.9328,6391.7159,6468.8056,14259085100.0,161777617603.6,-0.01352388153808426,-0.0013374457144316176,0.0002880121953554582,-0.02129356354501144,-0.051559237983823225,-0.011917145879294821,True,True,Development
2022-08-22,1,0,0,1,0,0,1,1,6381.3397,6472.7936,6363.218,6472.6799,6391.7159,13373550000.0,155429477947.4,0.012353503136653066,0.014001244911001853,-0.012253727849655172,-0.026317060036782025,-0.03661198290384082,0.012667021073323959,True,True,Development
2022-08-23,1,0,0,1,0,0,1,1,6460.1716,6475.8227,6436.081,6466.4045,6472.6799,13367637700.0,152812386392.9,0.0016276347829522475,-0.024306954942187486,-0.019982843799381422,-0.02331091328905255,-0.040507406954948366,-0.0009695211406948179,True,True,Development
2022-08-24,1,0,0,1,0,0,1,1,6470.6864,6472.6832,6277.9892,6284.5769,6466.4045,15810387200.0,171922926765.6,-0.025892446278960368,-0.021575361773056967,-0.03976159314412142,-0.031695710056355075,-0.031016075821569622,-0.028118810074439282,True,True,Development
2022-08-25,1,0,0,1,0,0,1,1,6303.1445,6327.0917,6225.6756,6322.6961,6284.5769,14194636700.0,152348524289.3,0.004431835570325227,-0.014237798292582426,0.0010208555428166122,-0.023775037998890913,-0.0005136642512321155,0.006065515723103099,True,True,Development
2022-08-26,0,0,0,0,0,1,1,1,6331.079,6381.4834,6286.5227,6298.3739,6322.6961,13040583700.0,145604215469.3,-0.018587258190902345,-0.0033959298249160996,-0.010343513325295706,-0.03092416000495335,-0.008715923462651487,-0.0038468083259608488,True,True,Development
2022-08-29,0,0,0,0,0,0,0,0,6213.4016,6310.9932,6205.1266,6310.402,6298.3739,12526884900.0,132966408290.4,0.015479041303237073,0.008399875520680888,-0.009674990266201333,-0.010573177822595703,0.019547955825034657,0.0019097151409193103,True,True,Development
2022-08-30,0,0,0,0,0,0,0,0,6309.5791,6319.1701,6248.1377,6285.9273,6310.402,13210920000.0,136583215311.8,-0.006971257401305886,-0.02477060633093575,-0.027622032664587737,-0.017606927219598556,-0.015003726635267944,-0.0038784692322295644,True,True,Development
2022-08-31,0,0,0,0,0,0,0,0,6265.5934,6280.1856,6132.2326,6155.7455,6285.9273,14727540800.0,153776542736.6,-0.017924303865616276,-0.020795747773866058,-0.018815009604676858,0.0007018808465930615,0.00237053365129003,-0.020710039074107733,True,True,Development
2022-09-01,0,0,0,0,1,0,-1,-1,6153.287,6207.244,6118.5774,6126.7685,6155.7455,11857505400.0,124670857677.4,-0.0029238519184950906,-0.000906962408872003,0.007345634942754975,0.023827882560979008,-0.010054382316313282,-0.0047073096183070096,True,True,Development
2022-09-02,0,0,0,0,0,0,0,0,6135.2957,6176.1706,6117.7266,6149.4273,6126.7685,10656438400.0,114216217368.2,0.0020228038886536126,0.010299601370476807,0.021954182257262866,0.022916923140314127,-0.030550948017061264,0.0036983280827405096,True,True,Development
2022-09-05,0,0,0,0,0,0,0,0,6147.7062,6184.8042,6122.619,6182.6465,6149.4273,11747924400.0,119757999919.0,0.008260088941790977,0.019891142488234204,0.024757298909307,0.030443013037936062,-0.0322674333396088,0.005401998979644773,True,True,Development
2022-09-06,0,0,0,0,0,0,0,0,6198.4868,6292.5319,6187.9517,6291.5707,6182.6465,12984604000.0,135891977558.3,0.01153576708431503,0.01636205791387657,0.012488693208155155,0.0026498564133428104,-0.04120252381597389,0.017617730530121722,True,True,Development
2022-09-07,0,0,0,0,0,0,0,0,6269.9911,6314.1182,6256.6131,6301.5644,6291.5707,12016029200.0,130718396246.6,0.004771250791727466,0.0009420587534805236,0.010346075291877144,0.0016674824307167935,-0.05293344036804137,0.0015884268772501375,True,True,Development
2022-09-08,0,0,0,0,0,0,0,0,6299.9068,6309.8969,6266.5175,6272.5752,6301.5644,11616426900.0,120970235492.1,-0.0038110087596850972,0.005548351921650596,-0.01349145355610648,-0.03309371179903797,-0.0537857639417777,-0.004600317978183277,True,True,Development
2022-09-09,0,0,0,0,0,0,0,0,6275.8978,6321.8229,6254.2611,6316.9724,6272.5752,12138922800.0,124658337639.2,0.009395165740270661,-0.009717478190929052,0.0007247409287003403,-0.05227000350451849,-0.06920445708978884,0.00707798608775545,True,True,Development
2022-09-13,0,0,0,0,0,0,0,0,6334.8609,6343.7743,6291.4445,6300.422,6316.9724,11810631400.0,123861798297.2,-0.018934748827712955,-0.008589722940877786,-0.03842884695384541,-0.06085775300922547,-0.0807141795331291,-0.002619989284740276,True,True,Development
2022-09-14,0,0,0,0,0,1,1,1,6214.9119,6273.6335,6206.9248,6249.963,6300.422,10912116000.0,114644793268.9,0.01054468688445942,-0.019870337985000264,-0.04297008618899323,-0.043736484824507316,-0.049053390443072886,-0.008008828614972097,True,True,Development
2022-09-15,0,0,0,0,0,0,0,0,6280.4462,6282.6932,6053.7988,6107.7964,6249.963,14164350000.0,148202355024.8,-0.0300976545265208,-0.05295636478822163,-0.05272088788850704,-0.054510028284296186,-0.07279320376950293,-0.022746790661000604,True,True,Development
2022-09-16,0,0,0,0,1,0,-1,-1,6091.4195,6102.5416,5954.5037,5954.5037,6107.7964,13717211500.0,131508079987.8,-0.023568053390511046,-0.02332526925784706,-0.024349989357981383,-0.0214002663911097,-0.05372596650091166,-0.025097873268991044,True,True,Development
2022-09-19,-1,0,0,-1,0,0,-1,-1,5947.8566,5967.6548,5880.4941,5913.1493,5954.5037,10402541200.0,104609796776.0,0.00024864419226244827,-0.0008008094882449024,-0.001640540560443271,-0.01786843684160111,-0.036668974164575596,-0.006945062440720351,True,True,Development
2022-09-20,-1,0,0,-1,0,0,-1,-1,5949.3355,6002.792,5940.5814,5958.2922,5913.1493,8881300000.0,96795084956.1,-0.001049192804809862,-0.0018887151346567155,0.001970976422492887,-0.02114315119730592,-0.051578264496934256,0.007634324403072323,True,True,Development
2022-09-21,-1,0,0,-1,0,0,-1,-1,5943.0935,5998.7001,5876.5156,5978.581,5958.2922,10346364400.0,100001264102.8,-0.0008404040757561404,0.0030233412952362926,-0.01708130622545312,-0.005560084154826117,-0.04420751583329463,0.0034051367940632904,True,True,Development
2022-09-22,-1,0,0,-1,0,0,-1,-1,5938.0989,6015.1192,5931.7309,5965.8854,5978.581,9986760200.0,102285806654.7,0.0038669952095273796,-0.016254562550313878,-0.019290871022710543,-0.01933724950253024,-0.024997545931745968,-0.0021235139241234657,True,True,Development
2022-09-23,-1,0,0,-1,0,0,-1,-1,5961.0615,5986.8209,5839.9316,5889.6019,5965.8854,10060943700.0,104706616405.3,-0.02004404752408606,-0.02306865983516515,-0.008557553046550481,-0.03303260669261665,-0.01580295724175973,-0.01278661839531825,True,True,Development
2022-09-26,-1,1,0,0,0,0,-1,0,5841.5777,5922.3202,5798.2786,5806.3181,5889.6019,10324436000.0,102568347040.7,-0.003086477819168487,0.011721439569313707,-0.003133622617054299,-0.01914258540120084,0.01896788944534622,-0.014140819942346061,True,True,Development
2022-09-27,-1,1,0,0,0,0,-1,0,5823.5478,5920.0531,5808.2522,5920.0531,5806.3181,9741802200.0,103953587047.6,0.014853763199127457,-4.7290759766838164e-05,-0.01019922941132212,-0.031092506873559245,0.03563106324979404,0.01958814485207072,True,True,Development
2022-09-28,-1,1,0,0,0,0,-1,0,5910.0494,5910.0494,5769.5198,5769.5198,5920.0531,9369485300.0,99052683111.1,-0.014682956795589619,-0.02468630803661298,-0.030506445512959668,-0.03886351609852878,0.018908572913113098,-0.025427694221188624,True,True,Development
2022-09-29,0,0,0,0,0,0,0,0,5823.2724,5856.1602,5741.0175,5771.8812,5769.5198,9538579800.0,97557854862.3,-0.010152418767152227,-0.01605928652762323,-0.03104668433508284,-0.005771909279050691,0.02064205342686698,0.00040928882850876924,True,True,Development
2022-09-30,0,0,0,0,0,1,1,1,5764.1521,5804.2022,5714.0629,5714.0629,5771.8812,8554516800.0,87143078864.7,-0.00596745183042624,-0.021108568595891275,-0.01453604945643272,0.017818232103902876,0.033839374224701624,-0.01001723666800347,True,True,Development
2022-10-10,0,0,0,0,0,0,0,0,5729.7548,5758.0415,5618.8038,5635.7109,5714.0629,9746934500.0,97320936443.0,-0.015232013069739092,-0.008620037283270765,0.010455281611701839,0.03885424556038597,0.04167488982251033,-0.013712134670411102,True,True,Development
2022-10-11,0,0,0,0,0,0,0,0,5642.4791,5703.2705,5606.9944,5684.5063,5635.7109,8657146900.0,88733098158.6,0.006714247288926556,0.026084615891621254,0.03976620843841494,0.06886474776663332,0.0392639114959239,0.008658251082396706,True,True,Development
2022-10-12,0,0,0,0,0,0,0,0,5680.3641,5820.4537,5594.2971,5820.4537,5684.5063,10610175700.0,110816368258.8,0.01924117857163421,0.03283152219062857,0.0478870711826378,0.060108101169078276,0.03357411543390332,0.0239154278006517,True,True,Development
2022-10-13,0,0,0,0,0,0,0,0,5789.661,5876.4759,5780.1758,5830.3355,5820.4537,10572226800.0,114922152769.8,0.013333785864146463,0.02810511703534968,0.041692596509536495,0.026567306790501233,0.0325794031809461,0.0016977714297425894,True,True,Development
2022-10-14,0,0,0,0,0,0,0,0,5866.8591,5996.044,5866.8591,5973.4389,5830.3355,11821224500.0,138463009285.8,0.014576965040800305,0.027985655902320827,0.026409514419734492,0.015740671188098077,0.00953835758557764,0.02454462526213108,True,True,Development
2022-10-17,0,0,0,0,0,0,0,0,5952.3801,6023.5259,5945.4277,6015.5963,5973.4389,11146186900.0,127160232940.9,0.013216041092537045,0.011662544870076452,-0.0014957714141945466,0.0027151491888093293,-0.034826824987201466,0.007057475719723261,True,True,Development
2022-10-18,0,0,0,0,0,0,0,0,6031.047,6074.3734,5996.3927,6035.6737,6015.5963,10575019500.0,127130541930.8,-0.001533232952752539,-0.01451991669108188,-0.01191162993755468,-0.027693715535627383,-0.035952662945588076,0.003337557741366348,True,True,Development
2022-10-19,0,0,0,0,0,0,0,0,6021.8,6037.4429,5970.4371,5972.7226,6035.6737,9388106500.0,112290658653.1,-0.013006625925802928,-0.01039433392009037,-0.00884424922780569,-0.025029509449001952,-0.01596685376465501,-0.010429838180284645,True,True,Development
2022-10-20,0,0,0,0,0,0,0,0,5943.4767,6035.5523,5886.3955,5948.8621,5972.7226,10338824500.0,121766931023.7,0.0026467168618664605,0.0042172286130102155,-0.013367899633559555,0.005856504829908626,0.0001740900237734433,-0.0039949118011942675,True,True,Development
2022-10-21,0,0,0,0,0,0,0,0,5959.2074,5993.8762,5928.9185,5956.8811,5948.8621,9682629500.0,112261082744.7,0.0015663660237767996,-0.01597234222792776,-0.014788896254894657,-0.006106197948405057,0.006225324528896126,0.0013479888868157541,True,True,Development
2022-10-24,0,0,0,0,0,0,0,0,5968.5417,6061.2078,5857.8584,5896.9031,5956.8811,11950108100.0,137328967809.0,-0.01751127917896589,-0.016329684016449075,0.001632392046452491,-0.03744031812662052,0.027594211162167204,-0.01006869181928094,True,True,Development
2022-10-25,0,0,0,0,1,0,-1,-1,5864.0249,5926.5683,5785.4086,5869.781,5896.9031,10704585400.0,123655965044.2,0.0012026551933637109,0.019484876334682655,0.010026287575961579,-0.008494182894755564,0.04704367813990684,-0.004599380308623391,True,True,Development
2022-10-26,0,0,0,0,0,0,0,0,5871.0773,6016.9172,5871.0773,5971.6009,5869.781,11653007900.0,143742557269.8,0.01826026034438355,0.008813033342279564,-0.02146108687753101,0.009295312804006306,0.04589692593555195,0.01734645636694121,True,True,Development
2022-10-27,0,0,0,0,0,0,0,0,5978.2847,6020.893,5962.9743,5963.0037,5971.6009,11708821900.0,147969762402.1,-0.00927781174422826,-0.039009032139269095,-0.027444310238353253,-0.00564932948074548,0.0178981272002654,-0.0014396809404996214,True,True,Development
2022-10-28,0,0,0,0,0,0,0,0,5922.8193,5934.7974,5760.0452,5781.7972,5963.0037,13167633200.0,147373418224.4,-0.030009644224668564,-0.018336622223136256,0.00047806624794377583,0.012407283808236302,0.05072055802884279,-0.030388460097718895,True,True,Development
2022-10-31,0,0,0,0,0,0,0,0,5745.0776,5859.5968,5743.5552,5807.1063,5781.7972,12701606400.0,150059218566.0,0.01203416295020987,0.031430941855337347,0.034713856606567006,0.06756415265826887,0.06877364023768817,0.004377375948087625,True,True,Development
2022-11-01,0,0,0,0,0,0,0,0,5814.2148,5942.1356,5786.8711,5941.1451,5807.1063,13661677600.0,165176134816.8,0.019166130566762085,0.022410007968745926,0.031318175585807406,0.05601365123283708,0.05347100351366452,0.02308185748209901,True,True,Development
2022-11-02,0,0,0,0,0,0,0,0,5925.6508,6028.767,5916.0613,5997.8038,5941.1451,14233028600.0,183166205234.3,0.0031828740228836416,0.011923517329100797,0.0350321183286737,0.03626452304614358,0.052809895581427124,0.009536663226757502,True,True,Development
2022-11-03,0,0,0,0,0,0,0,0,5944.5114,6018.4176,5937.605,5996.7187,5997.8038,10638690600.0,145162731659.8,0.008712911207471086,0.03174819380445637,0.03286709148206857,0.023681239807194165,0.04006712814109492,-0.00018091622136739982,True,True,Development
2022-11-04,0,0,0,0,0,0,0,0,5996.3054,6157.4279,5996.3054,6133.4629,5996.7187,13870711100.0,174457116038.9,0.022836311839620427,0.023945544868344992,0.024054195104872278,0.03784373624465487,0.03615317858893574,0.02280317067398885,True,True,Development
2022-11-07,0,0,0,0,0,0,0,0,6133.2389,6166.1908,6100.6056,6141.4088,6133.4629,13809240900.0,167294752766.8,0.001084467784224108,0.0011906922458213565,-0.007818723643717829,0.001132941356645878,0.0023606613464870474,0.001295499806479583,True,True,Development
2022-11-08,0,0,0,0,0,0,0,0,6139.8902,6141.0231,6095.4447,6134.2564,6141.4088,10826753100.0,134372666241.4,0.00010610938938282466,-0.008893546663098273,0.013573174321586334,-0.002407779214032124,0.006233499094169481,-0.0011646187760697702,True,True,Development
2022-11-09,0,0,0,0,0,0,0,0,6140.5417,6182.3383,6118.7288,6120.8286,6134.2564,10476225000.0,127037472145.0,-0.008998701205790938,0.013465636101779088,-5.7682207418197073e-05,0.015966360101422383,-0.0042785313224076305,-0.0021889857750322372,True,True,Development
2022-11-10,0,0,0,0,0,0,0,0,6085.2848,6119.0345,6061.8078,6089.6951,6120.8286,11640192800.0,129142711483.4,0.02266832277102293,0.00902220714468438,0.006543966520679456,0.016006826829205956,0.006789065977651498,-0.005086484532502711,True,True,Development
2022-11-11,0,0,0,0,0,0,0,0,6223.228,6249.3487,6134.6815,6138.6211,6089.6951,17649212100.0,198177118398.1,-0.013343637739128278,-0.015766946028652584,0.002467497575213473,-0.0016289134834848173,-0.020584510160964742,0.008034228183279701,True,True,Development
2022-11-14,0,0,0,0,0,0,0,0,6140.1875,6189.3825,6104.9304,6129.5129,6138.6211,15948672500.0,174064714506.7,-0.002456081349307304,0.016024966664291762,0.006922166464786272,0.0012263306291542264,-0.022854823244404243,-0.001483753411657962,True,True,Development
2022-11-15,1,0,0,1,0,0,1,1,6125.1067,6236.3838,6112.6193,6236.3838,6129.5129,14986096500.0,171481798607.2,0.018526550729312197,0.009401338265666359,0.014364517111187691,0.008662134816361577,-0.0087602229035455,0.017435463754387426,True,True,Development
2022-11-16,1,0,0,1,0,0,1,1,6238.5838,6263.1555,6190.0123,6203.9174,6236.3838,12977037600.0,151854939979.7,-0.008959228855754175,-0.004086328054133115,-0.01456522873027688,-0.01992673401293421,-0.013113857667504725,-0.005205965675172064,True,True,Development
2022-11-17,1,0,0,1,0,0,1,1,6182.6909,6217.2052,6148.6148,6217.2052,6203.9174,12343019600.0,152683752658.2,0.004916952907996874,-0.005656679359467787,-0.0007323186737346887,-0.009072538302052124,0.0046258498868188,0.002141840250806659,True,True,Development
2022-11-18,1,0,0,1,0,0,1,1,6213.0909,6251.1066,6181.5541,6191.6477,6217.2052,13118109300.0,164591218427.4,-0.010521896597392444,-0.005621630290327806,-0.015905400643663636,-0.018986524082562517,-0.005660274502019669,-0.0041107699002760345,True,True,Development
2022-11-21,1,0,0,1,0,0,1,1,6147.7174,6196.6472,6116.2957,6189.7092,6191.6477,11285438700.0,141789496020.9,0.00495237468137355,-0.00544075106640407,-0.003435291283883646,-0.02405165858795022,0.008826511771669932,-0.0003130830586501876,True,True,Development
2022-11-22,1,0,0,1,0,0,1,1,6178.1632,6196.1962,6100.1131,6125.3999,6189.7092,11608602400.0,137587008255.8,-0.010341908740772676,-0.008346331802953966,-0.013440451038910672,-0.017272738926676356,0.003943081335242127,-0.010389712654028993,True,True,Development
2022-11-23,1,0,0,1,0,0,1,1,6114.2692,6140.1142,6045.0243,6115.6049,6125.3999,11519351700.0,128686794201.7,0.0020164306798922116,-0.003130922007817394,-0.018712718766128233,0.006951394943487177,0.01370302766518705,-0.0015990792699102085,True,True,Development
2022-11-24,0,0,0,0,0,1,1,1,6126.5982,6149.9599,6099.7498,6120.0659,6115.6049,10020069900.0,117480438950.3,-0.005136994294811181,-0.02068743466806766,-0.009001536937741417,0.013823805190945837,0.011844386987871935,0.0007294454224797686,True,True,Development
2022-11-25,0,0,0,0,1,0,-1,-1,6095.1259,6107.0725,6062.0028,6087.8591,6120.0659,10774234500.0,110059809752.5,-0.015630735371684468,-0.00388449728331286,0.01011398304340183,0.013584165669161985,0.0148754925636565,-0.005262492353227732,True,True,Development
2022-11-28,0,0,0,0,0,0,0,0,5999.8546,6059.0163,5970.0861,6055.2843,6087.8591,11794010700.0,125697913892.5,0.011932755837116504,0.026153517120231617,0.0352402706558923,0.033688433049694266,0.03023231596312348,-0.005350780868105032,True,True,Development
2022-11-29,-1,0,0,-1,0,0,-1,-1,6071.4494,6173.849,6071.2244,6163.8214,6055.2843,15532447100.0,159512108828.4,0.014053069436763987,0.02303267157262323,0.017536784544395445,0.021588716526238283,0.01355343585668356,0.01792436071085879,True,True,Development
2022-11-30,-1,0,0,-1,0,0,-1,-1,6156.7719,6175.6824,6118.902,6156.1465,6163.8214,15464797200.0,153125576728.1,0.008855159958094383,0.003435436677457604,0.0073428739499021844,0.006705023455554793,-0.005577614463839309,-0.0012451528851890048,True,True,Development
2022-12-01,-1,0,0,-1,0,0,-1,-1,6211.2911,6229.834,6186.1021,6186.1021,6156.1465,15252332500.0,171479199866.6,-0.005372152015222786,-0.0014990120170024213,-0.0014114456815589316,-0.001952428215769908,-0.019508552738737417,0.0048659660714702735,True,True,Development
2022-12-02,-1,0,0,-1,0,0,-1,-1,6177.9231,6206.9855,6154.2094,6168.0127,6186.1021,11550097500.0,133339764575.1,0.0038940594776908366,0.003982098773615439,0.003258392776044783,0.0012740203904446634,-0.017152479609207183,-0.0029242000386641154,True,True,Development
2022-12-05,-1,0,0,-1,0,0,-1,-1,6201.9803,6227.2141,6182.9759,6215.1244,6168.0127,17047721100.0,177698737275.3,8.769779549289147e-05,-0.0006332009793710291,-0.0004540968954707125,-0.00334348046864974,-0.023071050386922365,0.007638067930696657,True,True,Development
2022-12-06,0,0,0,0,0,0,0,0,6202.5242,6244.6382,6185.494,6211.2515,6215.1244,14937281500.0,164215807003.7,-0.0007208355591743487,-0.00054174718093003,-0.002697337319538473,-0.007865475156066282,-0.04570679466272776,-0.0006231411876485016,True,True,Development
2022-12-07,0,0,0,0,0,0,0,0,6198.0532,6243.9022,6183.3338,6204.0051,6211.2515,13782124600.0,155238837726.6,0.00017921756463779026,-0.001977927520854572,-0.0027119967282630553,-0.012200831060953155,-0.05143244010877479,-0.0011666569933611592,True,True,Development
2022-12-08,0,0,0,0,0,0,0,0,6199.164,6206.1408,6168.7805,6186.2835,6204.0051,13105132500.0,149348401389.7,-0.002156758556476346,-0.002890696229362555,-0.007327697734726746,-0.017590468650288904,-0.05346527370464782,-0.002856477342354391,True,True,Development
2022-12-09,0,0,0,0,0,0,0,0,6185.7939,6213.5165,6159.5043,6192.3009,6186.2835,16780682500.0,180239306547.1,-0.0007355240206111668,-0.00518211575073646,-0.010243163775631059,-0.018403054133439456,-0.07013570238736844,0.0009727003296891024,True,True,Development
2022-12-12,0,0,0,0,0,1,1,1,6181.2441,6182.0784,6146.2547,6154.8092,6192.3009,13409831000.0,162420257195.9,-0.0044498647125098545,-0.009514637999816222,-0.014742388186870015,-0.019793749934580274,-0.06668164099845209,-0.006054566889667878,True,True,Development
2022-12-13,0,0,0,0,0,0,0,0,6153.7384,6154.2972,6113.4142,6121.6615,6154.8092,10485751500.0,131515610802.4,-0.005087411580576795,-0.010338528527634505,-0.013289807704532919,-0.03814131910449747,-0.04809825845050553,-0.005385658421385275,True,True,Development
2022-12-14,0,0,0,0,0,0,0,0,6122.4318,6139.7384,6084.0799,6096.3856,6121.6615,9508991600.0,125346101098.7,-0.00527796814331194,-0.008244338466947165,-0.010377853453590102,-0.03971617944359951,-0.04131956194269082,-0.004128928069609961,True,True,Development
2022-12-15,-1,0,0,-1,0,0,-1,-1,6090.1178,6108.9595,6078.0039,6101.8787,6096.3856,8819045400.0,113088367630.4,-0.002982109804181454,-0.005126945163523744,-0.02809323327046309,-0.036517158994855525,-0.040421993150936975,0.0009010420863142521,True,True,Development
2022-12-16,-1,0,0,-1,0,0,-1,-1,6071.9564,6087.4579,6036.0507,6072.8627,6101.8787,9391067200.0,113412125964.0,-0.002151250624922052,-0.02518623157439004,-0.03173346238125152,-0.05270253587459883,-0.032391158144679744,-0.004755256770345273,True,True,Development
2022-12-19,-1,0,0,-1,0,0,-1,-1,6058.8941,6081.4436,5911.8803,5936.4751,6072.8627,10510620100.0,121083184766.5,-0.023084641799565375,-0.029645987705908206,-0.03155197909796781,-0.04783471954065033,-0.03257091091920561,-0.022458535082639064,True,True,Development
2022-12-20,-1,0,0,-1,0,0,-1,-1,5919.0267,5920.9868,5857.8575,5878.0314,5936.4751,7862327300.0,96369670928.2,-0.006716391395902965,-0.008667421621869065,-0.028227242157904064,-0.01035176948939942,0.005656250883274261,-0.009844848839675846,True,True,Development
2022-12-21,-1,0,0,-1,0,0,-1,-1,5879.2722,5892.907,5819.6676,5845.835,5878.0314,6978343100.0,85257777709.1,-0.0019642227145053592,-0.02165630296892873,-0.018744428944793667,-0.0016696964634500544,0.013635293157544082,-0.005477412046488883,True,True,Development
2022-12-22,-1,1,0,0,0,0,-1,0,5867.724,5875.4736,5761.9836,5779.0555,5845.835,8223187300.0,97446795232.4,-0.0197308360106917,-0.01681323116083866,-0.001699074462261807,-0.00405283206912932,0.023254178281050697,-0.011423432238508169,True,True,Development
2022-12-23,-1,1,0,0,0,0,-1,0,5751.9489,5805.5101,5732.4711,5763.3458,5779.0555,6655686500.0,81911192697.9,0.0029763303356187265,0.018394704445305443,0.020429023630581966,0.021441393542282583,0.04806198817239138,-0.0027183853832171145,True,True,Development
2022-12-26,-1,1,0,0,0,0,-1,0,5769.0686,5850.9115,5769.0686,5843.2555,5763.3458,7542413300.0,93646097254.9,0.015372620114102897,0.017400902461101042,0.012978611486783365,0.016030629276968744,0.04776722537152711,0.01386515797820076,True,True,Development
2022-12-27,-1,1,0,0,0,0,-1,0,5857.7543,5891.3544,5832.2697,5885.6622,5843.2555,8178042300.0,101272091294.0,0.001997574394678958,-0.002357763622827136,0.0029916584244580324,0.016175465058341665,0.03265500569049151,0.0072573756187794825,True,True,Development
2022-12-28,0,0,0,0,0,1,1,1,5869.4556,5889.318,5848.2421,5862.0967,5885.6622,9009889800.0,102679233203.2,-0.004346655250275666,0.000992102231764047,-0.0013468370047812206,0.015330587047970745,0.026085110857640537,-0.004003882519795221,True,True,Development
2022-12-29,0,0,0,0,1,0,-1,-1,5843.9431,5895.9811,5835.3337,5857.4021,5862.0967,7951079400.0,94429698666.4,0.005362064527972388,0.0030129143454526996,0.018577028924186445,0.02741813143252525,0.03199670099457341,-0.0008008397404976053,True,True,Development
2022-12-30,0,0,0,0,0,0,0,0,5875.2787,5885.8903,5848.9547,5864.4669,5857.4021,7534503200.0,86117939625.6,-0.002336621069567224,0.013144482831086712,0.014324273672328136,0.026061793460112836,0.032957211034090994,0.0012061319812755045,True,True,Development
2023-01-03,0,0,0,0,0,0,0,0,5861.5504,5964.8185,5848.1461,5955.8969,5864.4669,9955783700.0,119271237764.2,0.01551736209587129,0.01669991611775612,0.02433190713501321,0.031235865514352534,0.04575309972597008,0.015590504910173442,True,True,Validation
2023-01-04,0,0,0,0,0,0,0,0,5952.5062,5970.5758,5922.8646,5952.4538,5955.8969,9716044100.0,114358731440.4,0.0011644842973872471,0.008679856561930155,0.012749722125447116,0.016217219563752883,0.03144641831704442,-0.0005780993287508585,True,True,Validation
2023-01-05,0,0,0,0,0,0,0,0,5959.4378,6017.3406,5950.0896,6010.4641,5952.4538,9662997900.0,117479981150.9,0.007506630910721235,0.011571762692111687,0.014297187563565128,0.010592140084086488,0.031241755724004783,0.009745611129312826,True,True,Validation
2023-01-06,0,0,0,0,0,0,0,0,6004.1731,6050.8874,5998.8349,6012.8152,6010.4641,9924487700.0,121596399779.3,0.004034843698960122,0.006739962243926589,0.0074725027497959395,0.004456383844096745,0.034951024313406354,0.00039116779684289504,True,True,Validation
2023-01-09,0,0,0,0,0,0,0,0,6028.399,6070.1614,6023.6388,6040.0193,6012.8152,10069682900.0,124921325580.9,0.0026942476767046752,0.0034238443739373903,-0.0009684163241352461,0.006720275150997823,0.050341209996219494,0.004524353251368796,True,True,Validation
2023-01-10,0,0,0,0,0,0,0,0,6044.641,6053.5849,6017.1524,6048.2968,6040.0193,9639335100.0,113967056402.2,0.0007276362649164536,-0.003652822392595345,-0.0022682902094598445,0.014077510972115626,0.036669605357870116,0.0013704426408041037,True,True,Validation
2023-01-11,0,0,0,0,0,0,0,0,6049.0393,6070.4478,6004.2194,6014.1565,6048.2968,9440638900.0,112879598037.5,-0.004377273594502906,-0.002993748114680006,0.0032851828223368074,0.014986164827859527,0.041570303568700506,-0.005644613868816761,True,True,Validation
2023-01-12,0,0,0,0,0,0,0,0,6022.561,6048.1893,5995.9111,6015.2871,6014.1565,9290012400.0,104902996993.9,0.001389608174994006,0.007696144547145289,0.01779533656861254,0.02043318448746323,0.05989760834302893,0.0001879897870964431,True,True,Validation
2023-01-13,0,0,0,0,0,0,0,0,6030.93,6058.2249,6015.218,6057.6902,6015.2871,9002502000.0,102449872563.5,0.006297784918743776,0.016382962495004705,0.018033901902360094,0.030359347563311045,0.05368715936016488,0.007049222970587854,True,True,Validation
2023-01-16,1,0,0,1,0,0,1,1,6068.9115,6168.7448,6068.14,6126.1772,6057.6902,12961973000.0,146526749755.3,0.010022060792944432,0.011662668008917354,0.012639762501067908,0.04332974702300407,0.04048304214025866,0.011305794409889103,True,True,Validation
2023-01-17,1,0,0,1,0,0,1,1,6129.7345,6138.1742,6107.7606,6132.6391,6126.1772,9592169900.0,109180206701.1,0.0016243281009968857,0.0025917272599653707,0.013751101291581191,0.022278468994048728,0.029281268218060763,0.0010548013531179734,True,True,Validation
2023-01-18,1,0,0,1,0,0,1,1,6139.6912,6168.3735,6136.9704,6151.4557,6132.6391,9455583600.0,103052545401.6,0.0009658303336168572,0.012107107276014162,0.03130201401660071,0.02619162670591635,0.029288964891263536,0.003068271211329021,True,True,Validation
2023-01-19,1,0,0,1,0,0,1,1,6145.6211,6204.3261,6130.424,6204.3261,6151.4557,9977779300.0,114472416014.4,0.011130526742040736,0.030306912347720205,0.019635850963867663,0.0386741870565368,0.018011409782487053,0.008594778631015654,True,True,Validation
2023-01-20,1,0,0,1,0,0,1,1,6214.0251,6253.269,6214.0251,6251.4337,6204.3261,11390454200.0,128362190660.4,0.018965291916828608,0.008411697596780066,0.013916036483341498,0.022640462137817785,0.021720913229011485,0.00759270213085661,True,True,Validation
2023-01-30,1,0,0,1,0,0,1,1,6331.8759,6342.4494,6279.4508,6283.3272,6251.4337,14651792000.0,173697713880.0,-0.010357167612839557,-0.004955277155700322,0.008121147794447392,-0.0027284805123864997,0.0002121804061256949,0.005101789690259428,True,True,Validation
2023-01-31,1,0,0,1,0,0,1,1,6266.2956,6303.9117,6259.5275,6289.15,6283.3272,13530209300.0,146630404005.4,0.005458424272228646,0.018671701347762637,0.014110074858262323,0.006850187533444796,0.020478446628020563,0.0009267064748752496,True,True,Validation
2023-02-01,1,0,0,1,0,0,1,1,6300.4997,6368.7906,6293.4917,6365.9051,6289.15,15244222000.0,166449081743.9,0.013141544947617323,0.008604682577796119,0.0022378859886302838,0.003018284406870242,0.015613650453788486,0.012204367839851127,True,True,Validation
2023-02-02,1,0,0,1,0,0,1,1,6383.298,6402.2639,6347.7289,6370.1411,6365.9051,14929281100.0,166213113911.5,-0.004478014343055836,-0.010762226673421749,-0.011604831859643672,-0.019893415598018493,0.0001435778182374836,0.0006654199102025249,True,True,Validation
2023-02-03,1,0,0,1,0,0,1,1,6354.7135,6354.7135,6267.4377,6343.6861,6370.1411,12150718200.0,138714379584.2,-0.006312479705025242,-0.0071588750617945784,-0.005538739079267607,-0.0008991908132444104,-0.010982556491335171,-0.004152969233287451,True,True,Validation
2023-02-06,1,0,0,1,0,0,1,1,6314.5995,6330.7929,6274.5427,6302.3349,6343.6861,10848530800.0,127652063425.2,-0.0008517721511871468,0.0007786558751667894,-0.009230529980563396,0.0029487064064790403,-0.01050644621246366,-0.00651848142360012,True,True,Validation
2023-02-07,1,0,0,1,0,0,1,1,6309.2209,6318.8407,6273.5954,6317.2377,6302.3349,10966268300.0,125078065034.8,0.00163181796345091,-0.008385900706060267,0.0063048196648178845,0.01353553812008701,0.006448688458506879,0.0023646474261467265,True,True,Validation
2023-02-08,1,0,0,1,0,0,1,1,6319.5164,6323.8492,6263.7627,6268.2759,6317.2377,10599489500.0,116986269907.4,-0.010001398208255408,0.0046653886363834385,0.0021683621234054318,0.012557464048989386,0.0051445550485476055,-0.007750507789187622,True,True,Validation
2023-02-09,1,0,0,1,0,0,1,1,6256.3124,6354.8028,6250.4545,6354.562,6268.2759,10903111900.0,129044254163.8,0.014814957130337758,0.012292704565072476,0.02210682446100365,0.02044368820201492,0.019337285650889102,0.013765523626680265,True,True,Validation
2023-02-10,1,0,0,1,0,0,1,1,6348.9994,6368.4882,6296.5476,6334.252,6354.562,12010082900.0,134994907399.5,-0.0024854310113811007,0.007185415705032172,0.007855426793708542,-0.010092440708058703,0.0029345884014415624,-0.0031961290172319856,True,True,Validation
2023-02-13,1,0,0,1,0,0,1,1,6333.2194,6386.7243,6331.3687,6383.8279,6334.252,13156622700.0,151374560994.8,0.009694942827971564,0.01036662333220284,0.008052002746028464,-0.01341559397105363,-0.0023021624673227326,0.00782663840971276,True,True,Validation
2023-02-14,1,0,0,1,0,0,1,1,6394.6196,6408.5508,6369.5727,6397.2146,6383.8279,12467438900.0,143967118961.2,0.000665231126492527,-0.0016271648121179982,-0.01715459352734605,-0.006992206385505684,-0.011068351900088036,0.002096970690578903,True,True,Validation
2023-02-15,1,0,0,1,0,0,1,1,6398.8735,6407.753,6365.3107,6384.3479,6397.2146,11590702200.0,143472324421.4,-0.0022908719792631427,-0.01780797823241853,-0.02353820559196862,-0.007320976106184873,-0.0066214779835857,-0.0020112972292660736,True,True,Validation
2023-02-16,1,0,0,1,0,0,1,1,6384.2145,6429.0531,6244.4787,6289.4786,6384.3479,16838841600.0,190791364474.4,-0.01555273557929493,-0.021296120297963017,-0.005373785608237314,-0.0010842367530101704,0.0021994561742872953,-0.014859669536492426,True,True,Validation
2023-02-17,0,0,0,0,1,0,-1,-1,6284.9225,6308.568,6237.4053,6237.4053,6289.4786,11721098500.0,143422448167.7,-0.0058341212640250495,0.010339761548372461,0.010677140410243702,0.013159844055356196,0.01577443476828888,-0.008279430348964056,True,True,Validation
2023-02-20,0,0,0,0,0,0,0,0,6248.2555,6349.4074,6227.3489,6346.0678,6237.4053,14033407500.0,157289265128.8,0.01626879694660377,0.01660815566841012,0.020651684298121253,0.011264552161799335,0.02398218190661372,0.017421106176954693,True,True,Validation
2023-02-21,0,0,0,0,0,0,0,0,6349.9071,6396.742,6337.5976,6383.4248,6346.0678,14182471400.0,153705795821.1,0.00033392614515559416,0.004312724512142818,0.0027912219377193015,-0.004104847455169924,0.006284154928817731,0.0058866373914252534,True,True,Validation
2023-02-22,0,0,0,0,0,0,0,0,6352.0275,6397.1452,6344.9861,6375.0684,6383.4248,10908302900.0,128341320025.0,0.0039774701857004935,0.002456475511165346,-0.005256305959002949,0.0007046568989192981,-0.013790242564283628,-0.0013090778479915022,True,True,Validation
2023-02-23,0,0,0,0,0,0,0,0,6377.2925,6396.6563,6328.644,6360.3202,6375.0684,11606465400.0,135992246881.1,-0.0015149689307806247,-0.009197194577479362,-0.008381425189451397,0.003287257092253526,-0.010388436785673472,-0.00231341831563725,True,True,Validation
2023-02-24,0,0,0,0,0,0,0,0,6367.6311,6372.4918,6308.2213,6340.8435,6360.3202,9695728100.0,119877925583.4,-0.007693881638337952,-0.00687687450989416,-0.0017475258577714925,0.002580630024248798,-0.018228301573563033,-0.003062220043575814,True,True,Validation
2023-02-27,0,0,0,0,0,0,0,0,6318.6393,6349.091,6288.2994,6307.2057,6340.8435,10108273800.0,124887490151.6,0.000823341822977719,0.005992461066736343,0.012600339443335606,0.01257596710734843,-0.020362485321800183,-0.005304940896270316,True,True,Validation
2023-02-28,0,0,0,0,0,0,0,0,6323.8417,6357.5352,6293.1792,6357.5352,6307.2057,9660316300.0,119094834715.1,0.005164866792918055,0.011767309102629797,0.00952299296169934,0.010431823427838216,-0.013616896830292324,0.007979682666763077,True,True,Validation
2023-03-01,0,0,0,0,0,0,0,0,6356.5035,6410.5217,6340.0045,6402.1411,6357.5352,12390763900.0,144327640100.9,0.006568516795436352,0.004335732687003269,0.0065442896397367445,-0.014484692724545778,-0.022901820159463404,0.007016225407607601,True,True,Validation
2023-03-02,0,0,0,0,0,0,0,0,6398.2563,6410.2306,6375.0068,6382.2322,6402.1411,12534929700.0,147597102774.1,-0.0022182137342637853,-2.4069057690034867e-05,-0.0013199533754219006,-0.013630885652392455,-0.03234643788808522,-0.003109725276126629,True,True,Validation
2023-03-03,0,0,0,0,0,0,0,0,6384.0636,6398.4707,6346.9593,6390.3177,6382.2322,12323477500.0,140273359354.4,0.0021990225786596707,0.0009002573219978327,-0.018739177347794733,-0.0207553696676831,-0.03287431221706505,0.0012668765012966432,True,True,Validation
2023-03-06,0,0,0,0,0,0,0,0,6398.1023,6405.8199,6362.4723,6395.2191,6390.3177,12684563400.0,155123686031.2,-0.0012959155091970542,-0.02089225738075484,-0.013607144105838853,-0.032529364214760936,-0.03168934951227642,0.000767004119372805,True,True,Validation
2023-03-07,0,0,0,0,0,0,0,0,6389.8109,6396.5414,6284.2198,6284.2986,6395.2191,13792886900.0,149308292189.0,-0.01962177002765464,-0.012327203610986381,-0.021636148888224516,-0.023800438288400727,-0.03410512508280972,-0.017344284576583213,True,True,Validation
2023-03-08,0,0,0,0,1,0,-1,-1,6264.4315,6303.7106,6258.3174,6301.5157,6284.2986,9869835700.0,114463801002.9,0.0074405634413914346,-0.002054695625612557,-0.011885420089596255,-0.008540838861435307,-0.0032036745872310313,0.0027397011338703425,True,True,Validation
2023-03-09,0,0,0,0,0,0,0,0,6311.0424,6311.3353,6258.4498,6285.9521,6301.5157,9268891400.0,111866575503.5,-0.009425130783466074,-0.01918324934720772,-0.011616432809895327,-0.018974187211925564,-0.009105468852498966,-0.0024698184914463406,True,True,Validation
2023-03-10,0,0,0,0,0,0,0,0,6251.56,6261.3301,6202.6117,6204.8989,6285.9521,10805229000.0,129144574718.6,-0.009850965199086348,-0.0022121518468990464,-0.006499497725367842,-0.012375806998573213,0.00973689767034136,-0.012894339427117263,True,True,Validation
2023-03-13,0,0,0,0,0,0,0,0,6189.9761,6245.0029,6178.672,6245.0029,6204.8989,10800655200.0,132474098352.3,0.007714811693699364,0.0033848111303693695,0.000213151065316719,0.0008682586028079253,0.018498148967004857,0.006463280167223973,True,True,Validation
2023-03-14,0,0,0,0,0,0,0,0,6237.7306,6243.4184,6127.6878,6189.3969,6245.0029,12120014500.0,149977754662.0,-0.004296851165710769,-0.007444229797291979,-0.010186188547482322,-0.010555922373435056,0.012320426278108254,-0.008904079131812792,True,True,Validation
2023-03-15,-1,0,0,-1,0,0,-1,-1,6210.928,6254.4857,6210.928,6224.64,6189.3969,11294852800.0,129455795140.3,-0.0031609608097211694,-0.0059147521916209644,-0.0025080632073016806,0.0053831408124518365,0.012079660237568346,0.005694108904213291,True,True,Validation
2023-03-16,-1,0,0,-1,0,0,-1,-1,6191.2955,6209.9732,6133.8328,6140.8317,6224.64,12763268500.0,143759016862.1,-0.0027625236107694517,0.0006549679303788913,-0.0031350304633336323,0.01005959092083386,0.010715737925931723,-0.013463959361505351,True,True,Validation
2023-03-17,-1,0,0,-1,0,0,-1,-1,6174.1919,6233.7534,6169.8441,6183.1843,6140.8317,13710833400.0,157222487365.1,0.003426958595180718,-0.0003735387622143538,0.01136511484199243,0.022389796468749168,0.01792304188018523,0.006896883365163697,True,True,Validation
2023-03-20,-1,0,0,-1,0,0,-1,-1,6195.3506,6201.9742,6152.8083,6160.3541,6183.1843,14558089100.0,167826184366.7,-0.003787517691089204,0.007911045421707064,0.00939846729578142,0.01761459633939033,0.024428302733989105,-0.0036923046269218274,True,True,Validation
2023-03-21,-1,0,0,-1,0,0,-1,-1,6171.8856,6235.0064,6171.2834,6234.6793,6160.3541,12302533100.0,144174739305.4,0.01174304008486482,0.013236117014223447,0.022771841396412196,0.023120405861054794,0.039361082778332834,0.012065085674214826,True,True,Validation
2023-03-22,-1,0,0,-1,0,0,-1,-1,6244.3623,6271.5228,6242.157,6269.7384,6234.6793,12826638600.0,149867921197.4,0.0014757471711723813,0.010900792863988817,0.009627388212243959,0.006660664132188687,0.022879293855194938,0.00562324031646666,True,True,Validation
2023-03-23,0,0,0,0,0,0,0,0,6253.5774,6305.7585,6245.9826,6305.7585,6269.7384,12917964800.0,164124553074.5,0.009411157204194831,0.00813962900659071,0.009755168297749028,0.000649612172386238,0.02633415874887879,0.005745072234592641,True,True,Validation
2023-03-24,0,0,0,0,0,0,0,0,6312.4308,6315.6795,6279.5407,6310.0979,6305.7585,14102098900.0,179449338405.6,-0.0012596732149523504,0.00034080373601863556,-0.0041944063767003215,-0.004368935022622367,0.025744551528390502,0.000688164635546995,True,True,Validation
2023-03-27,0,0,0,0,0,0,0,0,6304.4792,6320.6622,6265.0053,6311.5998,6310.0979,14466486300.0,184209306469.8,0.0016024955717197642,-0.0029384346291442265,-0.007429543109603753,0.006695763228150575,0.016043942218098017,0.00023801532461176222,True,True,Validation
2023-03-28,0,0,0,0,0,0,0,0,6314.5821,6331.5584,6272.7168,6279.9217,6311.5998,13915610400.0,174935282609.8,-0.00453366502274144,-0.009017588036427604,-0.0047081342089129175,0.01587367119670513,0.016013997189141094,-0.005019028614583587,True,True,Validation
2023-03-29,0,0,0,0,0,0,0,0,6285.9539,6294.2951,6239.9373,6260.551,6279.9217,13154828400.0,166565424024.2,-0.004504344201442634,-0.00017526377341081645,0.009662590748557687,0.01611131764742968,0.024214288303959774,-0.003084544828003133,True,True,Validation
2023-03-30,0,0,0,0,0,0,0,0,6257.6398,6287.4396,6213.9745,6286.1773,6260.551,12321859900.0,155158644767.8,0.0043486683269944315,0.014231036436453293,0.025117760852901627,0.02566787241413304,0.02599574363484458,0.004093297858287492,True,True,Validation
2023-03-31,0,0,0,0,1,0,-1,-1,6284.8522,6343.2299,6282.1402,6339.8183,6286.1773,12948983500.0,164138969077.5,0.009839579043720459,0.02067916569302919,0.016289436368925214,0.030245627733298086,0.02195989589063041,0.008533166889836075,True,True,Validation
2023-04-03,0,0,0,0,0,0,0,0,6346.6925,6419.8686,6346.6925,6413.8073,6339.8183,16392104800.0,215330527397.2,0.010733968913729353,0.006387011817572619,0.011276361663969059,0.009286002118426229,0.016081447147471062,0.011670523743559036,True,True,Validation
2023-04-04,0,0,0,0,0,0,0,0,6414.8177,6423.3058,6377.5322,6408.8994,6413.8073,15749175500.0,218740913531.4,-0.004300792522911379,0.0005366325530966609,0.009372643590479734,0.00013813330969658644,0.004685230571712218,-0.0007652085213100124,True,True,Validation
2023-04-06,1,0,0,1,0,0,1,1,6387.2289,6428.7215,6382.0333,6416.8456,6408.8994,14406444800.0,207002794759.6,0.004858319701052327,0.013732496732659749,0.002880591926179399,0.007974491097383352,0.0033784291024860913,0.0012398696724744696,True,True,Validation
2023-04-07,1,0,0,1,0,0,1,1,6418.2601,6470.0888,6416.6812,6464.4664,6416.8456,12796462500.0,177737436540.0,0.008831271889401915,-0.001968165796210064,-0.00039828551042986327,0.0003196660727413647,-0.0010511259897366676,0.007421216430702371,True,True,Validation
2023-04-10,1,0,0,1,0,0,1,1,6474.9415,6476.2165,6395.3745,6410.5218,6464.4664,14513418700.0,203397862936.4,-0.010704899804886203,-0.009148762193449844,-0.005680004985373133,-0.008042481928215106,-0.03459150943680345,-0.008344787746131677,True,True,Validation
2023-04-11,1,0,0,1,0,0,1,1,6405.6279,6421.4857,6381.0566,6420.877,6410.5218,14239910900.0,188800337843.3,0.0015729761636638084,0.005079267873177473,0.0022923435811812443,0.006732923090958742,-0.031224027233926588,0.0016153443234527831,True,True,Validation
2023-04-12,1,0,0,1,0,0,1,1,6415.7038,6450.3488,6407.1996,6443.4391,6420.877,14944795600.0,188164796583.5,0.0035007850580632827,0.0007182376468191087,0.0011164948107484918,0.004546469243171591,-0.0499665056232802,0.0035138657850009025,True,True,Validation
2023-04-13,1,0,0,1,0,0,1,1,6438.1638,6451.7864,6396.0167,6404.6463,6443.4391,15619957300.0,196031015021.2,-0.002772840293376766,-0.0023759724783641856,0.001645298306949039,-0.004559700702240543,-0.0482310499773243,-0.006020511623986535,True,True,Validation
2023-04-14,1,0,0,1,0,0,1,1,6420.3118,6444.886,6390.9182,6431.0688,6404.6463,14530066800.0,190743030851.0,0.00039797132594077134,0.004430423457004062,0.0038254839897338133,-0.0013703540067945275,-0.041846643647431736,0.004125520561533591,True,True,Validation
2023-04-17,1,0,0,1,0,0,1,1,6422.8669,6459.2396,6421.3936,6459.2396,6431.0688,16882307900.0,196752268308.1,0.004030847969152207,0.0034261491546709877,-0.002188929059077971,-0.02676427873664955,-0.031082817549901276,0.004380422737819245,True,True,Validation
2023-04-18,1,0,0,1,0,0,1,1,6448.7565,6462.2489,6422.053,6449.8531,6459.2396,14347134100.0,184598154225.6,-0.0006022711510351719,-0.006194806704207245,-0.005775190922467033,-0.037703098263983104,-0.0299363295854016,-0.0014531896293179525,True,True,Validation
2023-04-19,1,0,0,1,0,0,1,1,6444.8726,6456.1491,6404.9942,6416.9696,6449.8531,14869977400.0,192403574162.7,-0.0055959058058028255,-0.005176037149283497,-0.030087344162551766,-0.0542662550071199,-0.0375793153770021,-0.005098333169789582,True,True,Validation
2023-04-20,1,0,0,1,0,0,1,1,6408.8077,6413.0794,6376.3489,6411.7564,6416.9696,15050129400.0,196199845238.5,0.00042223142379516077,-0.02462926138351762,-0.03170469602325565,-0.043871389681422346,-0.0259246661434388,-0.0008124083991297715,True,True,Validation
2023-04-21,0,0,0,0,0,0,0,0,6411.5137,6411.5137,6250.5446,6250.5446,6411.7564,16231329700.0,210802112228.2,-0.02504091974411604,-0.03211336817388377,-0.049345632685772856,-0.040531832599843054,-0.03811566370044561,-0.02514315734141115,True,True,Validation
2023-04-24,0,0,0,0,1,0,-1,-1,6250.9635,6260.5395,6184.7122,6208.7797,6250.5446,14769484500.0,191204975164.8,-0.0072540977082972136,-0.02492895695199626,-0.019728014729249344,-0.004437299945840301,-0.010445573710356815,-0.0066818017745206015,True,True,Validation
2023-04-25,-1,0,0,-1,0,0,-1,-1,6205.6184,6208.4027,6042.6423,6118.1526,6208.7797,16245927700.0,200847244830.6,-0.01780401128113196,-0.012565065231855077,-0.00869777941872818,0.008071073142363883,-0.010744779279370453,-0.014596604224820453,True,True,Validation
2023-04-26,-1,0,0,-1,0,0,-1,-1,6095.1335,6178.1675,6093.1976,6142.1541,6118.1526,15216635400.0,197699832955.3,0.00533391106199721,0.009271298159424957,0.02101555281767009,0.01764443715629871,-7.509269485239667e-05,0.003922997932414907,True,True,Validation
2023-04-27,-1,0,0,-1,0,0,-1,-1,6127.6444,6190.2503,6121.6098,6157.936,6142.1541,14313611600.0,179308956550.4,0.003916496851547047,0.015598441058361612,0.020898732308944012,0.018770198218421408,0.005144701281947661,0.002569440581114746,True,True,Validation
2023-04-28,-1,0,0,-1,0,0,-1,-1,6151.6433,6245.55,6151.6433,6241.2441,6157.936,16787648200.0,199335712325.8,0.01163637039878429,0.016915984059088673,0.008296222246826357,0.002518237687806124,-0.008723880332918488,0.01352857515894934,True,True,Validation
2023-05-04,-1,0,0,-1,0,0,-1,-1,6223.2261,6264.5158,6218.7822,6262.3891,6241.2441,20248797000.0,215098748101.1,0.005218884783890321,-0.0033017280217408906,0.003123042564691758,-0.006035053105333921,-0.014575703749539093,0.0033879463230737095,True,True,Validation
2023-05-05,0,0,0,0,0,1,1,1,6255.7044,6256.2287,6172.6931,6200.5759,6262.3891,17826101700.0,192217857467.7,-0.008476375578104212,-0.0020849610477118308,-0.014158245712505124,-0.01866520419347173,-0.022197532223549366,-0.009870546050867457,True,True,Validation
2023-05-08,0,0,0,0,0,0,0,0,6202.6787,6259.6869,6200.1467,6248.5828,6200.5759,20271825500.0,198162493586.1,0.006446053702572119,-0.005730443525955975,-0.0027423796754135754,-0.01741229962467672,-0.014644350351405433,0.007742329224612821,True,True,Validation
2023-05-09,0,0,0,0,0,0,0,0,6242.6615,6274.898,6177.6544,6181.9757,6248.5828,22438946700.0,215437054342.0,-0.012098509586015438,-0.009129583591870216,-0.016614884532823004,-0.013374455750964631,-0.02057583932750484,-0.0106595530749789,True,True,Validation
2023-05-10,0,0,0,0,1,0,-1,-1,6167.1346,6199.1609,6137.1536,6173.8093,6181.9757,17545372700.0,180485291578.1,0.0030052854692030895,-0.004571685527992142,-0.011749184134881796,-0.01121387880848268,-0.021800334956204814,-0.001321001633830421,True,True,Validation
2023-05-11,-1,0,0,-1,0,0,-1,-1,6185.6686,6190.3906,6151.0696,6154.4703,6173.8093,14606494600.0,152275213604.4,-0.007554268264549413,-0.014710261070242314,-0.004283983141288972,-0.008592506879531059,-0.029980574775700042,-0.003132425875221001,True,True,Validation
2023-05-12,-1,0,0,-1,0,0,-1,-1,6138.9404,6173.9124,6088.2239,6091.6464,6154.4703,14041066400.0,142316419328.4,-0.007210462574290588,0.003295177780191283,-0.006672698760848084,-0.00359951368806255,-0.025379575276541222,-0.010207848431732724,True,True,Validation
2023-05-15,-1,0,0,-1,0,0,-1,-1,6094.6758,6159.3888,6036.8139,6159.3888,6091.6464,14984358300.0,159620224620.0,0.01058194104434551,0.0005416695011077888,0.0062090915483972164,0.00281699971637539,-0.007897499650432627,0.0111205404174477,True,True,Validation
2023-05-16,-1,0,0,-1,0,0,-1,-1,6159.1693,6159.1693,6095.6879,6110.8271,6159.3888,12184111600.0,142447474647.0,-0.009935138493432749,-0.004327060793733795,-0.00687204685216225,-0.007299003779616786,-0.02446875425229822,-0.007884175131142812,True,True,Validation
2023-05-17,-1,0,0,-1,0,0,-1,-1,6097.9771,6137.0165,6090.8823,6122.0518,6110.8271,10726634900.0,125585549046.7,0.005664353839570868,0.0030938292634783426,0.002274098405518732,-0.010706517740120658,-0.008848360548943335,0.001836854457885062,True,True,Validation
2023-05-18,-1,0,0,-1,0,0,-1,-1,6132.5182,6153.992,6101.2437,6128.1762,6122.0518,12294211100.0,144557618052.5,-0.002556046225839159,-0.0033711599910132284,-0.002984858650725286,-0.021573437808957485,-0.016912302029531756,0.0010003835642160563,True,True,Validation
2023-05-19,-1,1,0,0,0,0,-1,0,6116.8432,6149.1426,6085.0442,6117.0833,6128.1762,11930489600.0,147524516028.4,-0.0008172025727257726,-0.0004299112980369335,-0.013757782772656268,-0.021858742431063116,-0.008980481958406283,-0.001810147038526666,True,True,Validation
2023-05-22,-1,1,0,0,0,0,-1,0,6111.8445,6136.8627,6086.233,6115.3151,6117.0833,11271568200.0,126363418363.6,0.0003876080289673123,-0.012951163924409426,-0.018263848172184294,-0.010684401411063416,-0.0015895365138952622,-0.00028905932995881845,True,True,Validation
2023-05-23,-1,1,0,0,0,0,-1,0,6114.2135,6117.3597,6052.4297,6052.4297,6115.3151,11110424400.0,120628486661.7,-0.01333360374151138,-0.018644229548084867,-0.021438047591893827,-0.017295993998246884,-0.004178951225697225,-0.010283264062713626,True,True,Validation
2023-05-24,-1,1,0,0,0,0,-1,0,6032.689,6058.3946,5988.0278,6005.7913,6052.4297,10722341400.0,116914166402.6,-0.005382392495286936,-0.008213965613012797,0.00229650492508382,0.0018782668889445464,-0.008351250992716497,-0.007705731798916982,True,True,Validation
2023-05-25,-1,1,0,0,0,0,-1,0,6000.2187,6028.6386,5926.2038,5988.1885,6005.7913,10992283200.0,126769237204.5,-0.0028468962306325007,0.007720451922860638,0.001373849923170134,0.00476390968882523,-0.004748826905259351,-0.002930970977962466,True,True,Validation
2023-05-26,-1,1,0,0,0,0,-1,0,5983.1367,6045.1292,5953.8807,6034.9834,5988.1885,10638158800.0,123263014837.6,0.01059751818807686,0.004232796486164148,0.010175816307189,0.01316605385265568,-0.0024128815241677426,0.007814533560525083,True,True,Validation
2023-05-29,0,0,0,0,0,0,0,0,6046.5431,6058.9211,6012.4012,6025.1552,6034.9834,12513941700.0,146808330637.6,-0.00629797875748217,-0.0004172797511357018,-0.002933891267557387,0.00919308753459469,-0.007760748451458133,-0.0016285380337582867,True,True,Validation
2023-05-30,0,0,0,0,1,0,-1,-1,6008.4621,6061.3089,5960.3372,6061.3089,6025.1552,12731201700.0,151849134859.6,0.005917970257314442,0.0033854087221421025,0.008895604084779185,0.013347908111128959,0.0013686696966932477,0.006000459540029812,True,True,Validation
2023-05-31,0,0,0,0,0,0,0,0,6044.02,6063.1925,6009.2476,6047.8021,6061.3089,11747610600.0,144653727477.5,-0.0025176620858302634,0.0029601159493184426,0.009614379171478449,-0.010210340137855378,0.00039998213109804226,-0.002228363580018211,True,True,Validation
2023-06-01,0,0,0,0,0,0,0,0,6028.8032,6094.2403,6008.2705,6051.4603,6047.8021,12625031500.0,154907281920.7,0.005491604038426745,0.01216266273213229,0.009928886051546737,-0.009467633642445072,0.0034277284088490845,0.0006048809037584313,True,True,Validation
2023-06-02,0,0,0,0,0,0,0,0,6061.911,6115.0679,6061.911,6105.2181,6051.4603,12230673800.0,142073539923.0,0.0066346239659407225,0.004413047304719697,-0.013131585072760021,-0.015376487711548426,0.005432725752654521,0.00888344256344209,True,True,Validation
2023-06-05,0,0,0,0,0,0,0,0,6102.1295,6107.1211,6075.5921,6097.1059,6105.2181,11574795300.0,131118706647.8,-0.0022069344808234304,-0.019635932013570057,-0.021370375702449484,-0.016799397652901282,0.007657212125701474,-0.00132873222006602,True,True,Validation
2023-06-06,0,0,0,0,0,0,0,0,6088.6625,6089.0746,5969.2945,5983.4202,6097.1059,12304538700.0,133636232835.4,-0.017467547265101357,-0.01920582722395936,-0.01970258656971058,-0.011821446828429116,0.0055976661541019546,-0.018645846384265696,True,True,Validation
2023-06-07,0,0,0,0,0,0,0,0,5982.3085,6010.0304,5969.1593,5987.011,5983.4202,9359789200.0,113593743557.7,-0.0017691832509140193,-0.002274774027451132,0.0028933479441923815,0.010719774816026373,0.020383151420559464,0.0006001249920573049,True,True,Validation
2023-06-08,0,0,0,0,1,0,-1,-1,5971.7247,5992.9692,5922.3872,5966.1477,5987.011,10898163200.0,124387889683.3,-0.0005064868445793236,0.004670794686834734,0.007528980697988352,0.013018617552815304,-0.004044844867011399,-0.003484760592556091,True,True,Validation
2023-06-09,0,0,0,0,0,0,0,0,5968.7001,6017.2812,5960.106,6009.5826,5966.1477,12755343200.0,158760400688.5,0.005179905085195946,0.008039539463542411,0.013024175900544943,0.021134182968918225,-0.011896275371583775,0.007280225395693618,True,True,Validation
2023-06-12,0,0,0,0,0,0,0,0,5999.6174,6045.6593,5987.2682,6027.7122,6009.5826,11361247100.0,151203107291.2,0.002844898076334035,0.007803847625350135,0.008309013171406532,0.024874486163067644,-0.008996040314170783,0.0030167818976314376,True,True,Validation
2023-06-13,0,0,0,0,0,0,0,0,6016.6857,6047.06,6014.0625,6044.0371,6027.7122,9868029800.0,134425849549.1,0.0049448818641133485,0.00544861434261068,0.012990208213801147,0.01762749548310305,-0.014622119948861534,0.002708307805405763,True,True,Validation
2023-06-14,0,0,0,0,0,1,1,1,6046.4375,6064.2896,6034.4718,6044.0766,6044.0371,10968902100.0,148046160093.7,0.0005012538374871145,0.008005738916510907,0.01693845342815492,0.009560886058939566,-0.018947702676162637,6.535366899207418e-06,True,True,Validation
2023-06-15,0,0,0,0,0,0,0,0,6049.4683,6100.2336,6046.1621,6096.8075,6044.0766,11841773400.0,165700035083.1,0.0075007253116774475,0.01642896450916176,0.012112882714006457,-0.0168441745533241,-0.006644980683674362,0.008724393069406089,True,True,Validation
2023-06-16,0,0,0,0,0,0,0,0,6094.8437,6154.9321,6091.1847,6148.0125,6096.8075,11534956800.0,165690149218.5,0.008861769498699212,0.0045778204287667545,0.0015427959210831954,-0.03234683442333397,-0.00855181897445545,0.008398657822147104,True,True,Validation
2023-06-19,0,0,0,0,0,0,0,0,6148.8548,6148.8548,6126.3881,6131.3849,6148.0125,11378720900.0,164780447140.9,-0.0042463191682456936,-0.007254684238112152,-0.03273533146367358,-0.03304846294305086,-0.01602065802562136,-0.0027045488277714913,True,True,Validation
2023-06-20,1,0,0,1,0,0,1,1,6122.7448,6144.0071,6100.1435,6126.1133,6131.3849,10663083200.0,161419763306.8,-0.0030211940239613932,-0.02861050161685663,-0.03675639069588532,-0.03169098277622162,-0.018307083450546546,-0.0008597731321678959,True,True,Validation
2023-06-21,1,0,0,1,0,0,1,1,6104.2468,6104.2468,5990.7866,5990.8455,6126.1133,10644776600.0,154200972220.3,-0.02566685213317399,-0.03383742610144791,-0.025982271883240426,-0.0282386026724869,-0.02134107683850528,-0.022080525347123348,True,True,Validation
2023-06-26,1,0,0,1,0,0,1,1,5947.57,5970.6114,5875.9378,5887.0324,5990.8455,11108179100.0,148203624502.1,-0.008385811348163963,-0.0003237288506062752,-0.0031712110996591214,0.01037393422860089,0.005554924111864201,-0.017328622479080846,True,True,Validation
2023-06-27,1,0,0,1,0,0,1,1,5897.6948,5956.181,5884.9486,5948.0029,5887.0324,9303915500.0,118625135535.9,0.008130261335327127,0.005258698703771492,0.0057949082071862,0.02459043828446328,0.01582413182859166,0.010356746125603111,True,True,Validation
2023-06-28,1,0,0,1,0,0,1,1,5945.6446,5951.1273,5857.1313,5942.3112,5948.0029,9394430200.0,128454934662.7,-0.002848404359722334,-0.0023165192214817942,0.010701127342862105,0.01760978111607958,0.014296195907841591,-0.000956909419126295,True,True,Validation
2023-06-29,0,0,0,0,0,0,0,0,5928.709,5964.8577,5924.2783,5940.5782,5942.3112,8837685700.0,123484005846.8,0.0005334044899150125,0.01358823649465668,0.019230611588458846,0.013821929867025018,0.009705789236746254,-0.00029163736830206677,True,True,Validation
2023-06-30,0,0,0,0,0,0,0,0,5931.8714,6016.4459,5927.9362,5998.7293,5940.5782,9450466800.0,133367471516.9,0.01304787221112047,0.01868723924122828,0.019972567173320632,0.007097962373223465,0.020411450592135116,0.009788794632818787,True,True,Validation
2023-07-03,0,0,0,0,0,0,0,0,6009.2697,6056.1632,5997.8471,6042.3122,5998.7293,11307590500.0,153065229521.6,0.005566733009170877,0.00683550615143802,0.00023056046228053795,-0.004769531312598607,0.0005816180957896044,0.007265355347840119,True,True,Validation
2023-07-04,0,0,0,0,0,0,0,0,6042.7217,6059.5729,6027.2909,6055.2577,6042.3122,10558376500.0,144484638910.0,0.0012617493206743546,-0.005306631943681972,-0.011376678161431841,-0.00855591280995116,-0.0044251251882079234,0.0021424745315212768,True,True,Validation
2023-07-05,0,0,0,0,0,0,0,0,6050.3461,6059.3789,6011.87,6020.8212,6055.2577,10412904100.0,142198505817.2,-0.006560104057518279,-0.012622501049981305,-0.011526249713218917,-0.0032562434734105805,-0.00858873180825137,-0.005687041197272258,True,True,Validation
2023-07-06,0,0,0,0,0,0,0,0,6010.6552,6042.2947,5983.4842,5988.5525,6020.8212,9396503800.0,131979482562.6,-0.006102429565415846,-0.00499893921714234,-0.003266615592922406,-0.004060023273336322,-0.0022987843321973234,-0.005359518067070357,True,True,Validation
2023-07-07,0,0,0,0,0,0,0,0,5973.9756,5994.2828,5936.2272,5961.6057,5988.5525,9411834600.0,121687700019.0,0.0011102656663011246,0.0028532255806335005,0.009485994552773214,0.013219655600869906,-0.009980204806996573,-0.004499718421104193,True,True,Validation
2023-07-10,0,0,0,0,0,0,0,0,5980.6083,6003.4018,5958.7306,5984.2814,5961.6057,8516856400.0,113940191969.5,0.001741026911928012,0.008366439915484802,0.0009436331083578775,0.005376794196670698,-0.01120912733910362,0.003803622906493054,True,True,Validation
2023-07-11,0,0,0,0,1,0,-1,-1,5991.0207,6029.2318,5972.1378,6029.2318,5984.2814,8453189700.0,117919697046.3,0.006613898029095511,-0.0007960079323378055,0.010336936408849251,0.004166435278716296,-0.002345576939835947,0.0075114114787449004,True,True,Validation
2023-07-12,0,0,0,0,0,0,0,0,6030.6447,6033.5832,5960.431,5962.7938,6029.2318,9669224100.0,134419386322.7,-0.007361219605592106,0.0036985763727714893,-0.002964840558423165,-0.0053499089409130285,-0.002633764844412023,-0.01101931426819569,True,True,Validation
2023-07-13,0,0,0,0,0,0,0,0,5986.2518,6049.0626,5986.2518,6044.0583,5962.7938,9965639800.0,138941870295.0,0.011141813312964821,0.004428981754492911,0.004966396502064985,0.0017684187624715797,0.0021042716579346976,0.013628594703375407,True,True,Validation
2023-07-14,0,0,0,0,0,0,0,0,6052.9495,6055.5275,6026.3263,6030.5188,6044.0583,9496319700.0,137880575951.9,-0.006638862590874095,-0.00610736963855385,-0.009015142122034803,-0.02289716773615902,-0.017683213778671103,-0.0022401339179669577,True,True,Validation
2023-07-17,0,0,0,0,0,0,0,0,6012.7648,6018.0694,5985.4382,6012.6895,6030.5188,8842021200.0,124991560881.3,0.0005350450428394105,-0.0023921607577266357,-0.0026488313662293983,-0.016497219382338058,0.007707735383229997,-0.0029565118012730984,True,True,Validation
2023-07-18,0,0,0,0,0,0,0,0,6015.9819,6027.6063,5984.0598,6001.7998,6012.6895,8771991000.0,121310187887.2,-0.002925640451145628,-0.003182173802750321,-0.016892969707904215,-0.006484992915287702,0.011787984269035157,-0.0018111196329031465,True,True,Validation
2023-07-19,0,0,0,0,0,0,0,0,5998.3813,6017.4492,5962.9863,5993.4126,6001.7998,7779103400.0,104054562581.1,-0.0002572860781624442,-0.0140083125425855,-0.01413888110113981,0.0027307533784155513,0.01496307012026743,-0.0013974474790046099,True,True,Validation
2023-07-20,0,0,0,0,0,0,0,0,5996.838,6009.4266,5920.151,5925.4843,5993.4126,9119536800.0,123684933457.2,-0.013754565322591672,-0.013885167483263738,-0.0033133628088668488,0.00033526001536143824,0.010973232893735085,-0.011333826741713016,True,True,Validation
2023-07-21,0,0,0,0,0,0,0,0,5914.3541,5961.0501,5904.7877,5925.6255,5925.4843,8197530700.0,107065413903.9,-0.00013242358958520661,0.010586819615687304,0.016976883409804744,0.005336136366944855,0.03581055452868487,2.382927586186412e-05,True,True,Validation
2023-07-24,0,0,0,0,0,0,0,0,5913.5709,5954.2372,5896.4481,5916.7141,5925.6255,7592800100.0,99623302711.1,0.01072066287393314,0.017111572975306855,0.014420660788898365,0.024610967292199026,0.03420358078398955,-0.0015038749917624106,True,True,Validation
2023-07-25,0,0,0,0,0,0,0,0,5976.9683,6016.7544,5971.7319,6016.6312,5916.7141,13189639200.0,145732847141.7,0.0063231220416544165,0.0036607522245013513,-0.005195677547762956,0.01839225080045992,0.016786921891488005,0.016887261799585662,True,True,Validation
2023-07-26,0,0,0,0,0,0,0,0,6014.7614,6015.5833,5984.3913,6001.5402,6016.6312,12182521900.0,120547387629.8,-0.0026456411055640894,-0.011446422463242012,0.007373226808298661,0.012199004269728864,0.0057670783083763055,-0.002508214231246142,True,True,Validation
2023-07-27,0,0,0,0,0,0,0,0,5998.8485,6017.6706,5952.8932,5961.1843,6001.5402,12300082500.0,117272101565.3,-0.00882412683034095,0.010045444554900751,0.014677766908099077,0.010634407586722627,0.002417397272159727,-0.0067242572165059356,True,True,Validation
2023-07-28,0,0,0,0,0,0,0,0,5945.9139,6049.7643,5932.0603,6043.2438,5961.1843,16317187100.0,149147477703.5,0.019037561240165424,0.02371112370126993,0.023919216186430337,0.030312665644216752,0.014149448077275473,0.01376563714025747,True,True,Validation
2023-07-31,0,0,0,0,0,0,0,0,6059.1096,6133.718,6059.1096,6088.2431,6043.2438,18655110300.0,179595743483.0,0.0045862514188552694,0.004790456340317828,0.0005831054780722766,0.00936220067714233,-0.032121468804591324,0.007446216219176849,True,True,Validation
2023-08-01,0,0,0,0,0,0,0,0,6086.8982,6113.9839,6077.1053,6098.8789,6088.2431,18758860000.0,166628364673.4,0.00020327266192832205,-0.003984870323607392,0.00644863750144542,-0.0015763365321271872,-0.027457235936687696,0.0017469407553716287,True,True,Validation
2023-08-02,0,0,0,0,0,0,0,0,6088.1355,6111.2437,6059.8653,6077.4645,6098.8789,14715452900.0,135758673344.6,-0.0041872918235804635,0.006244095585586029,0.004549948009534122,-0.006354408504869902,-0.03770265954166108,-0.003511202690055004,True,True,Validation
2023-08-03,0,0,0,0,0,0,0,0,6062.6427,6101.8106,6047.676,6098.6868,6077.4645,14647901100.0,138777463929.6,0.010475250339262221,0.008773979043825042,0.002418169884891963,-0.008130546766346725,-0.0418519138526835,0.0034919660986914014,True,True,Validation
2023-08-04,0,0,0,0,0,0,0,0,6126.1504,6164.1552,6105.6391,6128.556,6098.6868,19694350100.0,186850093568.5,-0.0016836347994330092,-0.007973555464782622,-0.012520325978285007,-0.01568768210457261,-0.04097854012856106,0.004897644522424027,True,True,Validation
2023-08-07,0,0,0,0,0,0,0,0,6115.8362,6117.9163,6072.5354,6090.7307,6128.556,14531913700.0,154416328543.1,-0.0063005284543100615,-0.010854966979004455,-0.016757495892385066,-0.041098893394168945,-0.057419507082285715,-0.0061719759108017636,True,True,Validation
2023-08-08,0,0,0,0,0,0,0,0,6077.3032,6088.0983,6044.2376,6066.1019,6090.7307,12154572800.0,131357351526.3,-0.004583315836537594,-0.010523269597607188,-0.0077761300439972425,-0.02592176082312303,-0.05661201830443485,-0.004043652759101679,True,True,Validation
2023-08-09,0,0,0,0,0,0,0,0,6049.449,6062.0243,6012.247,6021.7506,6066.1019,9880917400.0,116294678353.9,-0.005967303799073287,-0.003207515262960259,-0.0305758259967146,-0.03154872452020008,-0.05241050879179243,-0.007311334483187548,True,True,Validation
2023-08-10,0,0,0,0,0,0,0,0,6013.3501,6040.4605,5999.5626,6031.7105,6021.7506,9984263800.0,103950301369.3,0.0027763558951938716,-0.024756250263891943,-0.015562257052021633,-0.03399778768909534,-0.06036415541479945,0.001653987463379858,True,True,Validation
2023-08-11,0,0,0,0,0,0,0,0,6030.0453,6030.0453,5913.3502,5913.3502,6031.7105,11307200700.0,115393420336.3,-0.027456377483598637,-0.018287839396496697,-0.02843240663548574,-0.02569393632913497,-0.06720937900748436,-0.019623007437110984,True,True,Validation
2023-08-14,0,0,0,0,0,0,0,0,5864.4821,5919.8035,5833.4629,5916.8029,5913.3502,10367570600.0,116321082192.1,0.009427379785164502,-0.0010035839311369754,-0.009476130893127044,-0.017020121862082238,0.003649461220113448,0.0005838822128274579,True,True,Validation
2023-08-15,-1,0,0,-1,0,0,-1,-1,5919.7688,5926.4197,5830.9695,5879.7782,5916.8029,9241738100.0,107626210841.9,-0.010333545458734772,-0.018726964471990848,-0.007544061518078182,-0.031506973718297915,-0.04877940503352085,-0.006257551692316787,True,True,Validation
2023-08-16,-1,0,0,-1,0,0,-1,-1,5858.5966,5891.8116,5833.2155,5833.2155,5879.7782,10495042500.0,114013689380.0,-0.008481058415935383,0.0028186101770515393,-0.01603262801879879,-0.021541387573945636,-0.01336698963024685,-0.007919125248636028,True,True,Validation
2023-08-17,-1,0,0,-1,0,0,-1,-1,5808.9095,5882.1512,5778.5287,5874.3609,5833.2155,11357638400.0,120852973476.6,0.01139632146102465,-0.007616162723829589,-0.013023907499333576,-0.027294314018835975,-0.006534169623403474,0.007053639626377395,True,True,Validation
2023-08-18,-1,0,0,-1,0,0,-1,-1,5875.1097,5891.3976,5777.7972,5777.7972,5874.3609,10293184500.0,109766358594.4,-0.01879825324793505,-0.0241450640487616,-0.02429152939901702,-0.04261026819635383,-0.02190544629319857,-0.016438162660384004,True,True,Validation
2023-08-21,-1,0,0,-1,0,0,-1,-1,5764.6679,5802.5119,5710.7783,5710.7783,5777.7972,9283569800.0,96691987125.6,-0.005449247128355927,-0.005598518520034901,-0.01982917350711566,0.021027473239178196,0.001276517594361204,-0.01159938600821786,True,True,Validation
2023-08-22,-1,1,0,0,0,0,-1,0,5733.2548,5754.5746,5646.5119,5741.0606,5710.7783,10617519300.0,120035178924.1,-0.0001500892651761232,-0.014458715492637775,-0.018922078955918686,-0.01783433731220163,0.01512437577342629,0.005302657257768129,True,True,Validation
2023-08-23,0,0,0,0,0,0,0,0,5732.3943,5732.3943,5629.4999,5629.4999,5741.0606,9418672500.0,101871329162.8,-0.014310774121033432,-0.018774807587817244,0.02677589711510242,0.008354362504337853,0.006882761013142558,-0.01943207148867232,True,True,Validation
2023-08-24,0,0,0,0,0,0,0,0,5650.3593,5701.3208,5619.333,5652.6729,5629.4999,10808677100.0,120640882887.6,-0.004528844740899984,0.041683189952185895,-0.003425145016884068,0.021342678154997907,0.023310252146266253,0.004116351436474819,True,True,Validation
2023-08-25,0,0,0,0,0,0,0,0,5624.7697,5648.624,5560.2171,5581.2116,5652.6729,10624160200.0,114730298316.4,0.046422273964390026,0.0011087209490552308,0.027648260870129615,0.02162632542982168,0.010646853683627278,-0.012642037008722018,True,True,Validation
2023-08-28,0,0,0,0,0,0,0,0,5885.8843,5887.5085,5631.694,5644.1405,5581.2116,18574561900.0,181457042375.4,-0.04330331467779602,-0.017941144374856166,-0.019526581587748892,-0.019344196079423392,-0.02767064245554396,0.011275132446152192,True,True,Validation
2023-08-29,0,0,0,0,0,0,0,0,5631.006,5789.9623,5626.5175,5770.3155,5644.1405,16085189500.0,165476278766.7,0.02651014756510639,0.02485294812330152,0.02049488137643607,0.03355718321024681,0.025476815332819536,0.022355042366503763,True,True,Validation
2023-08-30,0,0,0,0,0,0,0,0,5780.2848,5817.7342,5753.2161,5775.1534,5770.3155,13600438400.0,145078565405.8,-0.0016144014218816283,-0.00585991887458559,-0.0014286839292071418,-0.0014594090588754272,-0.002674729798780917,0.0008384116951665188,True,True,Validation
2023-08-31,0,0,0,0,0,0,0,0,5770.9531,5777.422,5728.4729,5739.3984,5775.1534,11633513400.0,121252796160.9,-0.004252382505066543,0.00018601780007543312,0.008493155142778708,0.0019264582136355735,-0.009751993999050135,-0.006191177536513548,True,True,Validation
2023-09-01,0,0,0,0,0,0,0,0,5746.4128,5775.1769,5732.9674,5750.8027,5739.3984,10417910300.0,107061408580.6,0.004457354682211534,0.012799968007867424,0.004426448444497355,-0.010747052491599574,-0.005241374236114704,0.001987020103012993,True,True,Validation
2023-09-04,0,0,0,0,1,0,-1,-1,5772.0266,5829.784,5758.0309,5829.784,5750.8027,13564887300.0,135994054181.1,0.00830559235468531,-3.076908897126085e-05,0.0017401167208757062,-0.008490691986762444,-0.014929574302377624,0.013733960999913863,True,True,Validation
2023-09-05,0,0,0,0,0,1,1,1,5819.9667,5822.0615,5779.3725,5788.7149,5829.784,10651765800.0,114971726102.7,-0.008267693352953298,-0.006511394644234003,-0.023249428557726937,-0.007818017240545427,-0.018294297113418234,-0.007044703543047204,True,True,Validation
2023-09-06,0,0,0,0,0,0,0,0,5771.849,5800.9647,5748.6467,5790.3806,5788.7149,9048050200.0,106512753384.6,0.0017709403000667479,-0.015106632207460668,-0.008460183209921146,-0.0012170969822669075,-0.016272792306243677,0.00028774953142018944,True,True,Validation
2023-09-07,0,0,0,0,0,0,0,0,5782.0706,5782.0706,5701.7975,5702.7008,5790.3806,9292051800.0,105713167275.8,-0.016847736172574512,-0.010213036831476896,-0.0013151862932978542,-0.011655997420716435,-0.024840582195589267,-0.015142320696501455,True,True,Validation
2023-09-08,0,0,0,0,0,0,0,0,5684.6558,5732.3747,5683.3973,5708.6227,5702.7008,7952002800.0,93059123325.2,0.006748394511414402,0.015798722589325243,0.014102577679373285,0.0055654908780933265,-0.013689676690715413,0.001038437787232338,True,True,Validation
2023-09-11,0,0,0,0,1,0,-1,-1,5723.0181,5802.2053,5704.7003,5774.7305,5708.6227,11283713700.0,132425678094.5,0.008989662290251887,0.007304886909234032,-0.0014578496615273995,-0.006494021048089937,-0.0049127225370823036,0.011580341436823183,True,True,Validation
2023-09-12,0,0,0,0,0,0,0,0,5774.4661,5793.829,5763.2995,5770.9259,5774.7305,8604120700.0,105032116597.9,-0.001669764759723802,-0.010354429130686182,-0.01007407420748374,-0.010558828979877477,-0.019644067180513813,-0.0006588359404823274,True,True,Validation
2023-09-13,0,0,0,0,0,0,0,0,5764.8241,5770.4141,5681.5003,5715.3973,5770.9259,9147247300.0,101933192541.5,-0.008699189971815402,-0.008418366138873146,-0.013698839484104885,-0.015074041894877599,-0.02123896546990911,-0.009622130133398632,True,True,Validation
2023-09-14,0,0,0,0,0,0,0,0,5714.6748,5721.2073,5679.199,5702.102,5715.3973,9024779200.0,97979765540.8,0.000283288210905841,-0.005043524086444817,-0.000206538436797854,-0.013340076674179246,-0.004730575395121339,-0.002326224985269132,True,True,Validation
2023-09-15,0,0,0,0,0,0,0,0,5716.2937,5741.0711,5680.8954,5704.6632,5702.102,9837596400.0,110557876200.1,-0.005325303701592454,-0.0004896879248874608,-0.006712181356251845,-0.019148596231155834,-0.006411934362294924,0.0004491676928963795,True,True,Validation
2023-09-18,0,0,0,0,0,0,0,0,5685.8527,5734.1861,5665.579,5719.6887,5704.6632,9230572200.0,109249767455.6,0.004861504766030755,-0.001394302740202913,-0.008338608560858551,0.0015916346197291098,-0.003551006518336397,0.0026338978259048407,True,True,Validation
2023-09-19,0,0,0,0,0,0,0,0,5713.4945,5713.6003,5670.4201,5687.9007,5719.6887,8511210200.0,94544819485.1,-0.006225542004109741,-0.013136251378206398,-0.01866804982484882,-0.009182191389175087,-0.013025706071826959,-0.005557645121490484,True,True,Validation
2023-09-20,0,0,0,0,0,0,0,0,5677.9249,5689.8254,5651.0062,5651.0062,5687.9007,7763415800.0,84080282560.4,-0.006954001804426846,-0.012520454435739348,0.0029901064735815552,-0.0062592761661923735,-0.003929604634256401,-0.006486488064040952,True,True,Validation
2023-09-21,0,0,0,0,0,0,0,0,5638.4406,5666.6958,5609.2143,5611.9186,5651.0062,8193150900.0,84847061987.6,-0.005605432821266132,0.010013743870956215,0.004006692914349408,0.008725905527851019,0.0012407685912307898,-0.006916927466828815,True,True,Validation
2023-09-22,0,0,0,0,0,0,0,0,5606.8347,5700.323,5603.8126,5698.8168,5611.9186,10411898200.0,120276386023.4,0.015707222472601146,0.00966630958462189,0.006340565025039879,0.012985312372415736,0.004720399550926624,0.015484579551813038,True,True,Validation
2023-09-25,0,0,0,0,0,0,0,0,5694.9025,5699.1544,5659.3191,5666.6642,5698.8168,9334071900.0,114172282948.0,-0.0059474942722899105,-0.009221808450627589,-0.0012750701175305856,-0.0051344689395472765,-0.01927297262771399,-0.005641978173434037,True,True,Validation
2023-09-26,0,0,0,0,0,0,0,0,5661.0321,5682.2786,5646.6544,5646.6544,5666.6642,7430961500.0,100424427689.8,-0.003293904657421187,0.004700379635720342,0.003287227429782602,-0.0038791336300673107,-0.01325049896820063,-0.0035311427135562568,True,True,Validation
2023-09-27,0,0,0,0,0,0,0,0,5642.3852,5701.5084,5641.8508,5674.3451,5646.6544,8108624000.0,102149151673.6,0.008020703726502099,0.0066028813488310245,0.004125383002918648,0.002344345437457873,-0.02580961682658589,0.004903912660211507,True,True,Validation
2023-09-28,0,0,0,0,0,1,1,1,5687.6411,5704.6228,5677.531,5690.7697,5674.3451,7947733800.0,101456952317.7,-0.0014065409295955789,-0.003864326108762417,-0.008539374961616386,-0.007420387337731205,-0.04293263159660332,0.002894536675254411,True,True,Validation
2023-10-09,0,0,0,0,0,0,0,0,5679.6412,5680.9516,5634.3532,5658.0832,5690.7697,9002983600.0,109095282387.9,-0.00246124702384376,-0.007142880786201844,-0.004230601749983798,-0.008158966098069764,-0.04914000553415243,-0.005743774871086349,True,True,Validation
2023-10-10,0,0,0,0,1,0,-1,-1,5665.6622,5678.4631,5627.4139,5630.3714,5658.0832,8772642500.0,104621240810.9,-0.004693184849601573,-0.0017737202899247295,-0.003569856317942821,-0.014211472049992624,-0.062480392847988675,-0.004897736392423524,True,True,Validation
2023-10-11,0,0,0,0,0,0,0,0,5639.0722,5674.2543,5617.8727,5629.7886,5630.3714,9064482600.0,112202131187.6,0.0029332307538110225,0.0011286253791891188,-0.0010233953025108322,-0.009407859683016606,-0.04480288441775926,-0.00010351004553632581,True,True,Validation
2023-10-12,0,0,0,0,0,0,0,0,5655.6129,5677.8191,5642.4931,5671.6419,5629.7886,10050298600.0,119947478383.3,-0.001799327531769368,-0.0039450543017186535,-0.012459852052462805,-0.02808811402208944,-0.053831495433501075,0.007434257833411229,True,True,Validation
2023-10-13,0,0,0,0,0,0,0,0,5645.4366,5646.0737,5616.8508,5633.3831,5671.6419,8939170200.0,110878380412.7,-0.0021495945946855555,-0.010679740872477472,-0.010524606723951169,-0.03577772886511554,-0.0457293949594616,-0.006745630396728597,True,True,Validation
2023-10-16,0,0,0,0,0,0,0,0,5633.3012,5636.3194,5559.4212,5580.6666,5633.3831,8986755000.0,107684372825.8,-0.008548522134765313,-0.008393053792330463,-0.024238682639586062,-0.04131815284437479,-0.02639255291373377,-0.009357875909415836,True,True,Validation
2023-10-17,0,0,0,0,0,0,0,0,5585.1448,5599.424,5556.5739,5595.3423,5580.6666,9251673700.0,105060399668.5,0.00015680882615609626,-0.015825444668865152,-0.025368921500477426,-0.04896478243500513,-0.006771623897736667,0.0026297396085264158,True,True,Validation
2023-10-18,0,0,0,0,0,0,0,0,5586.0206,5586.0206,5519.4562,5524.5988,5595.3423,9895356200.0,110310590720.5,-0.015979747729537475,-0.025521728294378154,-0.03320378016507852,-0.0357311786497887,-0.009153618230480554,-0.012643283682572948,True,True,Validation
2023-10-19,0,0,0,0,1,0,-1,-1,5496.7574,5529.8697,5463.6516,5464.027,5524.5988,10807833500.0,117347195293.0,-0.009696935142162189,-0.017503737749095527,-0.03367221555020794,-0.026487361439673562,0.0032309594016282084,-0.0109640178758319,True,True,Validation
2023-10-20,0,0,0,0,0,0,0,0,5443.4557,5473.2111,5413.0233,5423.6748,5464.027,9493611500.0,107713531625.7,-0.007883245931440297,-0.024210043630923717,-0.010476837351684587,-0.010320925363643596,0.003433168382356744,-0.007385065996196594,True,True,Validation
2023-10-23,0,0,0,0,0,0,0,0,5400.5436,5400.7943,5269.8274,5290.3343,5423.6748,10308312600.0,112227737477.3,-0.01645652856131008,-0.00261419980018307,-0.009143672129598213,0.015568877177475127,0.027543023631917407,-0.024584899522367976,True,True,Validation
2023-10-24,0,0,0,0,0,0,0,0,5311.6694,5363.1951,5290.5047,5352.0123,5290.3343,11474572900.0,126190795980.9,0.014073936905787177,0.007435214247332622,0.014233717181268757,0.04436550588031718,0.05324075703958542,0.011658620514775286,True,True,Validation
2023-10-25,0,0,0,0,0,0,0,0,5386.4255,5423.0139,5375.9983,5375.9983,5352.0123,11492124400.0,129741397087.7,-0.006546586414311384,0.00015756274731715258,0.018230735763448136,0.027562397363520397,0.04020202265862571,0.004481678788369026,True,True,Validation
2023-10-26,0,0,0,0,0,0,0,0,5351.1628,5404.9918,5337.4926,5398.934,5375.9983,10248504400.0,116893043685.1,0.006748327671884713,0.024940597957513022,0.03665773353036461,0.030526897817424015,0.046966838684108,0.004266314593142528,True,True,Validation
2023-10-27,0,0,0,0,0,1,1,1,5387.2742,5514.3081,5380.9409,5492.0274,5398.934,11254280400.0,132776259320.2,0.018070325805952026,0.029708920329319932,0.02740051731541704,0.013897529106649209,0.03527997516814718,0.017242922399125504,True,True,Validation
2023-10-30,0,0,0,0,0,0,0,0,5484.624,5559.7847,5483.1591,5546.3881,5492.0274,12303418500.0,153066651404.1,0.011432014300342352,0.009164584481999194,0.005450364509946404,0.011790580357012637,0.01904150585345521,0.009898111578977131,True,True,Validation
2023-10-31,0,0,0,0,0,0,0,0,5547.3243,5554.1902,5505.9335,5528.2385,5546.3881,10567937500.0,127527068558.9,-0.002241801511406294,-0.0059140403960158405,-0.015355204670475131,0.008498223188429632,0.010033413766705523,-0.0032723278055496463,True,True,Validation
2023-11-01,0,0,0,0,0,0,0,0,5534.8883,5534.9432,5496.8278,5509.9662,5528.2385,8718578500.0,105639439602.5,-0.003680489812233345,-0.01314286685785504,0.002602148267382365,0.012300591504258662,0.025775045902913796,-0.0033052662253990617,True,True,Validation
2023-11-02,0,0,0,0,0,0,0,0,5514.5172,5532.8505,5457.7453,5459.4517,5509.9662,9020264500.0,101795786004.1,-0.009497331878845161,0.006305846684094174,0.014498005373888345,0.015952946887172637,0.02403548582639292,-0.009167842082225541,True,True,Validation
2023-11-03,0,0,0,0,0,0,0,0,5462.144,5537.7293,5462.144,5510.357,5459.4517,9799057600.0,114009935832.3,0.015954705697982297,0.024225414049867444,0.025782311854099627,0.021089356120966407,0.025046758196048957,0.00932425137125037,True,True,Validation
2023-11-06,0,0,0,0,0,0,0,0,5549.2909,5609.2576,5549.2909,5605.0621,5510.357,13924104600.0,156664899021.4,0.008140823902383687,0.009673271949034001,0.009586648268880671,0.007166429137820174,0.015550779650062907,0.01718674488785399,True,True,Validation
2023-11-07,0,0,0,0,0,0,0,0,5594.4667,5631.1001,5578.5126,5611.0983,5605.0621,12057932100.0,139898836824.0,0.0015200733968083746,0.00143414921032603,-0.0030618825562050977,0.0015222541229891196,0.013352193159001269,0.0010769193797155463,True,True,Validation
2023-11-08,1,0,0,1,0,0,1,1,5602.9707,5633.9706,5577.3911,5608.0173,5611.0983,12299455800.0,139708501031.2,-8.579377364936747e-05,-0.004575001614768426,-0.0024828257624119887,0.013310724612570324,0.0035500453357715234,-0.0005490903625764432,True,True,Validation
2023-11-09,1,0,0,1,0,0,1,1,5602.49,5638.0805,5582.1194,5592.0568,5608.0173,10636280000.0,123039510738.4,-0.004489593020246319,-0.0023972376568275333,8.797873802546263e-05,0.007955623303209869,-0.006382305010807721,-0.002846014758192683,True,True,Validation
2023-11-10,1,0,0,1,0,0,1,1,5577.3371,5585.2123,5550.8219,5573.0999,5592.0568,9432402400.0,109671917967.6,0.0021017915521011066,0.004598215876175038,0.017967929533970528,0.0038756667586044014,0.00752717636522271,-0.0033899691433749712,True,True,Validation
2023-11-13,1,0,0,1,0,0,1,1,5589.0595,5605.5688,5565.0914,5605.5688,5573.0999,10215893200.0,117833772398.6,0.002491188365412844,0.01583286060919553,0.010377738866440778,0.008324692195529337,-0.004707571998473159,0.005826003585544859,True,True,Validation
2023-11-14,1,0,0,1,0,0,1,1,5602.9829,5639.188,5600.7841,5630.5534,5605.5688,10107313600.0,116072656381.1,0.013308518218037024,0.007866952440636732,-0.0007192418881020179,0.01181195823389003,-0.007390063603442298,0.004457103443275878,True,True,Validation
2023-11-15,1,0,0,1,0,0,1,1,5677.5503,5684.7473,5649.7168,5664.617,5630.5534,11308793700.0,131864342620.6,-0.005370097733876422,-0.013843523323782692,-0.007391145438200741,-0.009632464198511825,-0.015636391631792312,0.006049778339727752,True,True,Validation
2023-11-16,1,0,0,1,0,0,1,1,5647.0613,5652.4004,5609.3607,5609.3607,5664.617,9466267700.0,105765074960.8,-0.008519174388987083,-0.0020319595255677836,0.003914212866787947,-0.014224761470182812,-0.017449305889418953,-0.009754640075401388,True,True,Validation
2023-11-17,1,0,0,1,0,0,1,1,5598.953,5632.3894,5593.4903,5631.4233,5609.3607,8942234200.0,101443839223.4,0.0065429554418476865,0.012540219573195177,0.0042701733699139766,0.0036374122090325756,-0.010310320518854277,0.003933175486468654,True,True,Validation
2023-11-20,0,0,0,0,0,0,0,0,5635.5867,5669.3846,5609.2691,5659.7727,5631.4233,10310507200.0,119885024783.4,0.005958279374887576,-0.0022580080260321544,-0.012217627669537934,-0.01292467029209221,-0.010143788578392265,0.0050341447427686425,True,True,Validation
2023-11-21,0,0,0,0,0,0,0,0,5669.1651,5696.0944,5634.2723,5641.0844,5659.7727,11486120500.0,126740611037.5,-0.008167622424684717,-0.018068251355036424,-0.008792546895485587,-0.018977856192616493,-0.022278095234869788,-0.003301952391127072,True,True,Validation
2023-11-22,1,0,0,1,0,0,1,1,5622.8615,5639.0036,5572.8986,5572.8986,5641.0844,10471840800.0,109971792008.8,-0.00998215943963765,-0.000630070649970671,-0.010690802183194514,-0.0060623225380884715,-0.03101694750973316,-0.012087356820968509,True,True,Validation
2023-11-23,1,0,0,1,0,0,1,1,5566.7332,5627.7947,5548.972,5622.9891,5572.8986,9804243200.0,101151204629.6,0.00944638410190013,-0.000715787852020644,-0.000926342221682086,-0.003271074676257091,-0.01643071379817518,0.008988231007827752,True,True,Validation
2023-11-24,1,0,0,1,0,0,1,1,5619.3187,5619.3187,5556.7138,5570.4205,5622.9891,10124804400.0,100701104772.1,-0.01006707450139821,-0.01027565850643064,-0.005435676748499763,-0.013897182944971664,-0.02395945259342558,-0.00934887104796267,True,True,Validation
2023-11-27,1,0,0,1,0,0,1,1,5562.7486,5579.7151,5531.6548,5566.5069,5570.4205,9821865300.0,107690772117.8,-0.00021070518987675868,0.004678496525980069,-0.0025571171776483936,0.0028172943138218276,-0.01601675833418037,-0.0007025681454388977,True,True,Validation
2023-11-28,1,0,0,1,0,0,1,1,5561.5765,5594.718,5529.5352,5591.4955,5566.5069,8937327200.0,98930980618.3,0.004890232113142767,-0.0023469064931498362,-0.0036591243508024007,-0.0033640821087330686,-0.00020515765628692506,0.004489098899706612,True,True,Validation
2023-11-29,0,0,0,0,1,0,-1,-1,5588.7739,5593.3712,5547.8408,5553.3349,5591.4955,8950915100.0,96924084400.2,-0.007201919548042501,-0.008507751583938683,-0.0018525351329743422,-0.025106830677118608,-0.0056770233628524736,-0.006824757348011801,True,True,Validation
2023-11-30,0,0,0,0,0,0,0,0,5548.524,5560.3283,5509.9646,5545.0504,5553.3349,8784150500.0,95350481599.1,-0.001315304754922364,0.005388189723969816,-0.0010195684473925937,-0.013202826553512348,-0.00280036636770431,-0.0014918063018313221,True,True,Validation
2023-12-01,0,0,0,0,0,0,0,0,5541.226,5576.7275,5521.0558,5566.8689,5545.0504,9337170800.0,107454844321.7,0.006712323229552508,0.0002961258032068148,-0.016741511715999136,-0.010204077581387194,-0.007553707428644807,0.003934770367461482,True,True,Validation
2023-12-04,0,0,0,0,0,0,0,0,5578.4205,5590.8353,5559.0682,5559.0682,5566.8689,9930654300.0,119628388288.4,-0.006373416991422576,-0.0232974548978514,-0.01849138120727911,-0.01878114064724956,-0.025353359432118805,-0.0014012724459885328,True,True,Validation
2023-12-05,0,0,0,0,0,0,0,0,5542.8669,5542.8669,5460.4088,5460.4088,5559.0682,9129824800.0,103824359571.7,-0.017032593728707357,-0.012195692449335271,-0.010497094923928252,0.0031695872040513606,-0.029250621190272552,-0.01774747070021543,True,True,Validation
2023-12-06,0,0,0,0,0,0,0,0,5448.4575,5513.0858,5443.0738,5481.824,5460.4088,8837399700.0,102084528903.4,0.004920713798354681,0.006648744162911946,0.004624042676298679,0.01993019125137696,-0.0114641437507772,0.0039219041621938455,True,True,Validation
2023-12-07,0,0,0,0,0,0,0,0,5475.2678,5501.4783,5443.2936,5481.1355,5481.824,8904868700.0,103621973820.8,0.0017195688583488966,-0.0002952184366215027,0.015554983447567672,0.010541639625371468,-0.0344850164223931,-0.00012559688162172566,True,True,Validation
2023-12-08,0,0,0,0,0,0,0,0,5484.6829,5522.0575,5477.5286,5497.9897,5481.1355,11812377400.0,140788027712.1,-0.0020113286768137506,0.013811664481095054,0.013193725383832122,0.0026776935454191353,-0.026857013009813246,0.0030749467879420678,True,True,Validation
2023-12-11,0,0,0,0,0,1,1,1,5473.6514,5574.1237,5429.443,5564.8538,5497.9897,11860591100.0,140631297822.3,0.015854882537824633,0.015235698057059377,0.010840058247041595,-0.006698015149448455,-0.03143749709745847,0.012161554249546791,True,True,Validation
2023-12-12,0,0,0,0,0,0,0,0,5560.4355,5576.0089,5545.1624,5566.1778,5564.8538,8423233100.0,110639096839.0,-0.0006095206031973,-0.0049365557787693914,-0.010982287268685997,-0.032317774390153375,-0.04453528864780454,0.00023792179409998226,True,True,Validation
2023-12-13,0,0,0,0,0,0,0,0,5557.0463,5558.0572,5507.5128,5507.5128,5566.1778,7592989400.0,96464641302.3,-0.004329674201202893,-0.010379092936475987,-0.021604552763938578,-0.030780866446982746,-0.05317148428293639,-0.010539548341413019,True,True,Validation
2023-12-14,0,0,0,0,0,0,0,0,5532.9861,5557.3719,5487.7542,5489.3267,5507.5128,7411809700.0,89999982306.2,-0.00607572464351569,-0.01734999840321305,-0.02751705810357996,-0.044556952709496334,-0.04559846987506433,-0.003302053151833073,True,True,Validation
2023-12-15,0,0,0,0,0,0,0,0,5499.3692,5516.2199,5438.5282,5449.7864,5489.3267,8012541800.0,94631897359.6,-0.011343191870078484,-0.021572401431058763,-0.020615746256861578,-0.0294558328617035,-0.022255716164683026,-0.0072031238366627726,True,True,Validation
2023-12-18,0,0,0,0,0,0,0,0,5436.9888,5448.0772,5374.5881,5385.2702,5449.7864,7802249300.0,88053828533.8,-0.010346572720547176,-0.009378941519982531,-0.02768732942764207,-0.024906304754572894,-0.0010135021797359478,-0.011838298836813088,True,True,Validation
2023-12-19,0,0,0,0,0,0,0,0,5380.7346,5406.9585,5344.0325,5379.8735,5385.2702,7032372200.0,82191407660.2,0.0009777475365539967,-0.017522049870290934,-0.008057245566432503,-0.012625543731519473,0.0032633648201121357,-0.0010021224190385203,True,True,Validation
2023-12-20,-1,0,0,-1,0,0,-1,-1,5385.9956,5388.463,5308.5727,5309.2865,5379.8735,7538709700.0,86209163297.2,-0.018481726943854304,-0.009026167789665585,-0.015674372255335633,-0.023101708438083346,0.0016983303885356182,-0.01312056872712708,True,True,Validation
2023-12-21,-1,0,0,-1,0,0,-1,-1,5286.4531,5352.5049,5253.3152,5338.762,5309.2865,8152231800.0,96981042377.4,0.009633604807730123,0.002860216427532647,0.0049838331110891865,-0.0010900881727294864,0.011466970169469626,0.005551687594933741,True,True,Validation
2023-12-22,-1,0,0,-1,0,0,-1,-1,5337.3807,5366.2345,5293.2193,5311.6902,5338.762,9038700400.0,108918439607.9,-0.006708758848698815,-0.004605405044463051,-0.014203746043447762,0.007418638884050477,-0.0129551935465273,-0.005070801058372654,True,True,Validation
2023-12-25,-1,0,0,-1,0,0,-1,-1,5301.5735,5339.6644,5288.4665,5315.3746,5311.6902,6591877200.0,81018151918.5,0.0021175600036478226,-0.007545608864990783,-0.003939038098783265,0.024503083848596896,-0.023664785558476287,0.0006936398512096265,True,True,Validation
2023-12-26,-1,0,0,-1,0,0,-1,-1,5312.7999,5313.9193,5238.0417,5258.2841,5315.3746,6753200700.0,80910364895.8,-0.009642749767405978,-0.006043799993295407,0.012079675728047023,0.016092079808990967,-0.027305376210385868,-0.010740635288432943,True,True,Validation
2023-12-27,-1,0,0,-1,0,0,-1,-1,5261.5699,5293.7973,5235.4559,5285.5301,5258.2841,7539791800.0,84253444705.4,0.0036339914442644616,0.02193392888308865,0.032292358218029005,0.02538651059258923,-0.02075633358021145,0.005181538213197667,True,True,Validation
2023-12-28,0,0,0,0,0,0,0,0,5280.6904,5400.2364,5275.4028,5382.7966,5285.5301,10769923900.0,126896204801.3,0.0182336764147355,0.028554599603112463,0.022270478117785375,0.012570761580720458,-0.012792796941854534,0.01840241151970723,True,True,Validation
2023-12-29,0,0,0,0,0,0,0,0,5376.9768,5437.1538,5374.6877,5429.2288,5382.7966,9093176600.0,112533613054.4,0.010136104734541407,0.003964514036958411,0.003378478404444607,-0.020223799366216433,-0.03486139274396727,0.008626036510463786,True,True,Validation
2024-01-02,0,0,0,0,0,0,0,0,5431.4784,5439.4778,5409.4554,5409.4554,5429.2288,9296474700.0,106839922689.4,-0.0061096625184038356,-0.006689817637864581,-0.015540096781016421,-0.04701583642494089,-0.044759305311791286,-0.0036420273907041834,True,True,Validation
2024-01-03,0,0,0,0,0,0,0,0,5398.2939,5428.5204,5373.8317,5401.395,5409.4554,8670522900.0,99883598918.1,-0.0005837214605896035,-0.009488405216322104,-0.02409279717060231,-0.0427101607046626,-0.0402662033647333,-0.0014900575758511891,True,True,Validation
2024-01-04,0,0,0,0,0,1,1,1,5395.1428,5395.1428,5331.892,5355.3216,5401.395,7884656800.0,91011406056.3,-0.008909884646612132,-0.023522806476966585,-0.040597609390431666,-0.04500044002542425,-0.06710472983217419,-0.008529907551660276,True,True,Validation
2024-01-05,0,0,0,0,0,0,0,0,5347.0727,5373.6788,5260.5939,5281.8711,5355.3216,8953888400.0,101084569596.5,-0.014744291769214102,-0.03197259689399767,-0.033539996566719577,-0.025048677568943467,-0.054346783053838,-0.013715422804860156,True,True,Validation
2024-01-08,0,0,0,0,0,0,0,0,5268.2339,5268.9787,5167.6997,5167.6997,5281.8711,8378515500.0,92792791379.5,-0.017486125663478957,-0.019076981377003865,-0.021995018102745956,-0.014939731510402399,-0.04926764925908089,-0.021615711144484462,True,True,Validation
2024-01-09,0,0,0,0,0,0,0,0,5176.1129,5220.4578,5152.9987,5180.653,5167.6997,7874041800.0,90959823751.5,-0.0016191687008991762,-0.004589138695177963,0.00715260673699758,0.00236785793447436,-0.07816997191077502,0.002506589150294447,True,True,Validation
2024-01-10,0,0,0,0,0,0,0,0,5167.7319,5211.8158,5118.4332,5158.0784,5180.653,7117394600.0,84227807644.4,-0.0029747866757560137,0.008786001456460912,0.0042177110619845415,0.0025529962187087474,-0.05447809705453177,-0.004357481576164224,True,True,Validation
2024-01-11,0,0,0,0,0,0,0,0,5152.359,5243.1387,5146.8978,5223.8633,5158.0784,8504129500.0,106151947191.7,0.011795878353973333,0.007213957723054554,0.006989070443266909,-0.023145863865464467,-0.04284090064376345,0.012753761168112554,True,True,Validation
2024-01-12,0,0,0,0,0,0,0,0,5213.1356,5262.6165,5206.1607,5206.178,5223.8633,7661983100.0,93271394880.1,-0.004528502960866709,-0.0047507684242856785,-0.006178719003587685,-0.030050839268405016,-0.030278859425793447,-0.0033854829241033446,True,True,Validation
2024-01-15,0,0,0,0,0,0,0,0,5189.5279,5238.9581,5171.2399,5193.2956,5206.178,7392509700.0,88027788849.7,-0.00022327657203657925,-0.0016577230464450698,-0.030142375764084517,-0.034848545664433184,-0.030333510684083742,-0.00247444478463843,True,True,Validation
2024-01-16,-1,0,0,-1,0,0,-1,-1,5188.3692,5210.0834,5124.0823,5190.3975,5193.2956,8307037100.0,92337607304.7,-0.0014347668242267186,-0.029925780917826827,-0.025420839365093872,-0.08034757819470528,-0.055895771642465286,-0.0005580464166146104,True,True,Validation
2024-01-17,-1,0,0,-1,0,0,-1,-1,5180.9251,5180.9251,5061.5395,5061.5395,5190.3975,7874184900.0,87930639304.5,-0.02853195079002413,-0.024020536409607773,-0.03324593517092156,-0.05688586387786232,-0.07606987022452816,-0.024826229590315663,True,True,Validation
2024-01-18,-1,0,0,-1,0,0,-1,-1,5033.1032,5069.2295,4924.6815,5066.9579,5061.5395,11875105500.0,123436419725.2,0.004643914315128672,-0.004852433782800092,-0.05197725729128699,-0.020161696664594442,-0.07255774131553672,0.0010705043396381786,True,True,Validation
2024-01-19,-1,0,0,-1,0,0,-1,-1,5056.4765,5084.2902,5014.7667,5018.4332,5066.9579,7846738300.0,92039421274.4,-0.00945245172206366,-0.05635944318143271,-0.03367419981087616,-0.0002350846483711866,-0.07324796229152841,-0.009576692950221677,True,True,Validation
2024-01-22,-1,0,0,-1,0,0,-1,-1,5008.6804,5008.7672,4753.6302,4780.9748,5018.4332,10970849200.0,115622857135.0,-0.04735460861108254,-0.024452887830495262,-0.015383912297538549,0.004678058516171202,-0.09602754849361128,-0.04731723837631241,True,True,Validation
2024-01-23,-1,1,0,0,0,0,-1,0,4771.4963,4889.4223,4727.8806,4865.743,4780.9748,9994471800.0,107808853142.3,0.024040131813578114,0.03355991285165616,0.05947641623446298,0.02658809564622322,-0.07548959013129697,0.01773031725663987,True,True,Validation
2024-01-24,-1,1,0,0,0,0,-1,0,4886.2037,4941.4403,4766.8035,4933.7009,4865.743,11402580500.0,112683270494.8,0.00929629683674471,0.03460439031635132,0.029861137389748826,-0.020341129044620154,-0.014786366765675352,0.013966602839484032,True,True,Validation
2024-01-25,0,0,0,0,0,1,1,1,4931.6273,5074.4943,4910.9591,5073.1779,4933.7009,13230776600.0,134822852027.2,0.02507498893924942,0.020375424558137123,-0.006745440800037805,-0.053474174741469316,0.04059023276150664,0.028270258539588422,True,True,Validation
2024-01-26,0,0,0,0,0,0,0,0,5055.2878,5086.129,5009.9729,5027.0932,5073.1779,11700983600.0,119232918977.8,-0.0045846054501585964,-0.03104205066227894,-0.05310775778186172,-0.07303004588581485,0.03359850254222918,-0.009083990529880626,True,True,Validation
2024-01-29,0,0,0,0,0,0,0,0,5032.1113,5050.1092,4927.9137,4927.9137,5027.0932,11687665700.0,117835011090.9,-0.02657930081951887,-0.04874663642674193,-0.07237492938600143,-0.10023669389029599,0.014994978350339805,-0.019728995674876293,True,True,Validation
2024-01-30,0,0,0,0,0,0,0,0,4898.3613,4939.3511,4810.099,4814.9908,4927.9137,9967581100.0,95474113525.6,-0.022772615813374086,-0.047046080492265885,-0.0433331449029698,-0.0994339270155511,0.0414526384568652,-0.022914950803623158,True,True,Validation
2024-01-31,-1,0,0,-1,0,0,-1,-1,4786.8128,4832.401,4690.9429,4696.9796,4814.9908,12109315800.0,116592536773.1,-0.024839116332270206,-0.02103965711798872,-0.05412864693601549,0.005670098483901542,0.0724354626945094,-0.024509122634252978,True,True,Validation
2024-02-01,-1,0,0,-1,0,0,-1,-1,4667.9126,4771.0465,4629.9901,4678.7308,4696.9796,11147191000.0,107508825587.6,0.0038962383314546933,-0.030035588069922237,-0.05497416554028878,0.09937859590601605,0.11198453030161715,-0.003885220195548489,True,True,Validation
2024-02-02,-1,0,0,-1,0,0,-1,-1,4686.0999,4724.0488,4435.5569,4563.2221,4678.7308,13750183200.0,124953077788.8,-0.033800133027467094,-0.05864192097142451,0.027283797342860572,0.11502913115445956,0.10854166809375965,-0.024688041466288335,True,True,Validation
2024-02-05,-1,0,0,-1,0,0,-1,-1,4527.7091,4598.0608,4281.2399,4460.2635,4563.2221,16595833700.0,143547017412.4,-0.02571081697806077,0.06322080188411383,0.13342157957983658,0.1280688726225807,0.14292223411614513,-0.0225626975290113,True,True,Validation
2024-02-06,-1,1,0,0,0,0,-1,0,4411.298,4817.1179,4405.3085,4805.9013,4460.2635,17305833500.0,156485198829.2,0.09127846271097528,0.16333179032565948,0.1844898939042432,0.15644223083545938,0.20405044048259713,0.07749268625048722,True,True,Validation
2024-02-07,0,0,0,0,0,0,0,0,4813.9545,5110.8041,4813.2326,5109.5685,4805.9013,22719893400.0,212618286127.8,0.0660265276707539,0.08541489122923784,0.060992101192480996,0.06638893242551425,0.07066834553587897,0.06318631637316385,True,True,Validation
2024-02-08,0,0,0,0,0,1,1,1,5131.8032,5367.2243,5129.7843,5150.2288,5109.5685,21367612300.0,212255665093.8,0.018187505709494012,-0.0047226090041802005,-0.005922265296533724,0.0114664178860171,0.04268546385410876,0.007957677835222166,True,True,Validation
2024-02-19,0,0,0,0,0,0,0,0,5225.1379,5225.1379,5074.7611,5141.6037,5150.2288,16294989300.0,172805832899.6,-0.022500879833238452,-0.023679107110263997,-0.0175287431169997,-0.005818200511033322,0.030966876491431927,-0.0016747022967212866,True,True,Validation
2024-02-20,0,0,0,0,0,0,0,0,5107.5677,5151.7201,5072.8837,5140.9575,5141.6037,12164637900.0,133242205643.5,-0.0012053486828965676,0.0050865894543112855,0.016265844112061556,0.013167069718919455,0.0490748071728937,-0.00012568063151174869,True,True,Validation
2024-02-21,0,0,0,0,0,0,0,0,5101.4113,5252.8785,5074.8224,5139.0372,5140.9575,15087250100.0,155561259421.7,0.006299531268925573,0.017492277088106967,0.018294094420499007,0.04116782350013626,0.04536421127228074,-0.00037352963917725024,True,True,Validation
2024-02-22,0,0,0,0,0,0,0,0,5133.5478,5184.6228,5117.6799,5176.3431,5139.0372,11661480600.0,127546517889.3,0.011122678160316202,0.011919476039552901,0.00803958619027556,0.004012994677871529,0.04300844340048804,0.007259316978674546,True,True,Validation
2024-02-23,0,0,0,0,0,0,0,0,5190.6466,5197.7115,5118.568,5197.7115,5176.3431,13526500400.0,145442447176.8,0.0007880328435381223,-0.0030491769561040716,0.023268526892198826,0.03086513344984798,0.017678163641500877,0.004128088031877253,True,True,Validation
2024-02-26,0,0,0,0,0,0,0,0,5194.737,5255.3615,5162.9504,5195.4642,5197.7115,14401894400.0,152600869381.9,-0.003834188333307287,0.022462792630310258,-0.007813350319756385,0.03700035247212696,0.028382726594243346,-0.00043236335837415485,True,True,Validation
2024-02-27,1,0,0,1,0,0,1,1,5174.8194,5307.8043,5160.8782,5307.8043,5195.4642,13897175100.0,157201596730.4,0.026398196621122638,-0.0039944775657292375,0.03401803742175047,0.03544108225303466,0.052380224129174424,0.021622726223385236,True,True,Validation
2024-02-28,1,0,0,1,0,0,1,1,5311.4253,5383.3193,5184.0471,5184.0471,5307.8043,20256098500.0,214135426954.0,-0.02961099725905969,0.007423864174461725,0.014218179817006904,0.0040304624071434425,0.022332687235571358,-0.023316081943714484,True,True,Validation
2024-02-29,1,0,0,1,0,0,1,1,5154.1487,5349.7678,5154.1487,5346.7929,5184.0471,16079016500.0,178975999913.2,0.03816496408029524,0.045166605301860896,0.03959371602918638,0.038839585672023835,0.050639051217129305,0.0313935805097143,True,True,Validation
2024-03-01,1,0,0,1,0,0,1,1,5350.8566,5387.7839,5321.5587,5379.0482,5346.7929,14229839500.0,171103270101.0,0.006744247266876835,0.0013762282472677967,-0.0033683952584339094,-0.012792138739057268,0.00545004326970755,0.006032644353964001,True,True,Validation
2024-03-04,1,0,0,1,0,0,1,1,5386.9441,5400.1227,5325.9642,5388.82,5379.0482,14392846900.0,175906403369.0,-0.005332058299992393,-0.010044897254456342,-0.006053599108258756,-0.008310147491599085,0.015847686260564764,0.0018166410927493715,True,True,Validation
2024-03-05,1,0,0,1,0,0,1,1,5358.2206,5382.9834,5329.9702,5351.8268,5388.82,14081647900.0,174282675002.5,-0.004738102794797139,-0.0007254087299054524,-0.014148894877527018,0.016359348848011157,0.029175618487973454,-0.006864805282046915,True,True,Validation
2024-03-06,1,0,0,1,0,0,1,1,5332.8328,5405.4908,5293.9518,5350.1016,5351.8268,12109956400.0,146843351594.8,0.004031797134161019,-0.009455593657464845,0.001752351958231424,0.0182287545186115,0.025647382006801278,-0.00032235721828666186,True,True,Validation
2024-03-07,1,0,0,1,0,0,1,1,5354.3337,5384.6567,5277.2988,5277.2988,5350.1016,13983134200.0,157442183149.0,-0.013433230730464207,-0.002270291819876591,0.017097160007042422,0.011358313360259942,0.028269586559388493,-0.013607741580085153,True,True,Validation
2024-03-08,0,0,0,0,0,0,0,0,5282.4077,5361.7104,5268.5296,5349.595,5277.2988,12146797800.0,144003562005.9,0.011314935043730268,0.030946096795974265,0.027948618960251803,0.01847856234194123,0.03256215910786309,0.013699470645853973,True,True,Validation
2024-03-11,0,0,0,0,0,0,0,0,5342.1778,5443.0421,5339.2607,5441.0507,5349.595,14298173200.0,173588864750.5,0.019411521645722685,0.016447580610289725,0.013659616495729443,0.02436027119876094,0.0051661140892764745,0.0170958175338507,True,True,Validation
2024-03-12,0,0,0,0,0,0,0,0,5445.8776,5473.2901,5385.1402,5423.7183,5441.0507,14707253600.0,178848761377.9,-0.002907501997474138,-0.0056423780071735985,-0.0120932942011035,0.012609978601061611,-0.028343439081333632,-0.003185487685310351,True,True,Validation
2024-03-13,0,0,0,0,0,1,1,1,5430.0437,5459.3222,5389.5251,5415.1126,5423.7183,12974630100.0,164526330861.1,-0.0027428508540363605,-0.009212577791961385,0.007784651898842032,0.007285816134407819,-0.027497108356605016,-0.001586679013178105,True,True,Validation
2024-03-14,0,0,0,0,0,0,0,0,5415.1499,5447.5416,5352.1195,5392.9267,5415.1126,13188735700.0,157337167775.7,-0.006487521241101746,0.010556457541461617,0.018355927690939744,0.016721346901218848,-0.04776776354796752,-0.004097033919479465,True,True,Validation
2024-03-15,0,0,0,0,0,0,0,0,5380.019,5456.7336,5357.1797,5454.1463,5392.9267,13640503000.0,158718756617.2,0.017155273986950492,0.025005673771784087,0.016651799928587563,0.013828073841374966,-0.02964052729181821,0.011351832391862438,True,True,Validation
2024-03-18,0,0,0,0,0,0,0,0,5472.3147,5528.447,5459.5453,5528.447,5454.1463,15986263800.0,190794115131.3,0.007717995458119464,-0.000494982497991181,0.006100489798220199,-0.01873770161646582,-0.029691676905935105,0.013622791893206143,True,True,Validation
2024-03-19,0,0,0,0,0,0,0,0,5514.55,5533.639,5477.1172,5478.2248,5528.447,14677724000.0,176661748327.6,-0.00815007570880677,-0.0016051173713176325,-0.010904915178935659,-0.04044342693420133,-0.02159177086072306,-0.009084323319008103,True,True,Validation
2024-03-20,0,0,0,0,0,0,0,0,5469.606,5499.2382,5455.7613,5493.414,5478.2248,12627326200.0,157036230421.8,0.00659873855630555,-0.0027774761107105528,-0.018251753416973715,-0.03453133552946963,-0.017570534330992094,0.0027726500015115008,True,True,Validation
2024-03-21,0,0,0,0,1,0,-1,-1,5505.6985,5517.4566,5454.2313,5465.8286,5493.414,12948945800.0,159252387801.8,-0.009314749073164874,-0.02468758505392188,-0.0389007498321966,-0.06342850048908422,-0.02665274896545833,-0.005021540339031461,True,True,Validation
2024-03-22,0,0,0,0,0,0,0,0,5454.4143,5463.5407,5356.108,5384.5656,5465.8286,13709602900.0,163185963748.5,-0.015517376448650144,-0.029864178084161974,-0.031842300648119215,-0.042875712613176575,-0.029323038405791868,-0.014867462181305857,True,True,Validation
2024-03-25,0,0,0,0,0,0,0,0,5369.7761,5401.5975,5292.6372,5294.7463,5384.5656,13077825400.0,156251665726.7,-0.01457293535944626,-0.016582237013569423,-0.03972154444204845,-0.011163147007190788,-0.006340282977534195,-0.016680881369520395,True,True,Validation
2024-03-26,0,0,0,0,0,0,0,0,5291.5227,5318.8757,5237.8993,5284.4188,5294.7463,11646811200.0,145296216679.9,-0.002039016104003588,-0.025520517940894494,-0.013412075129149659,0.019646216390605264,-0.008970631459258471,-0.0019505183846106888,True,True,Validation
2024-03-27,0,0,0,0,0,0,0,0,5280.7332,5282.6954,5156.684,5156.684,5284.4188,11010714200.0,129828707609.3,-0.023529478823129946,-0.011396296256739546,0.005510465857279101,0.01756742794731614,0.005110900130307794,-0.0241719675965123,True,True,Validation
2024-03-28,0,0,0,0,0,0,0,0,5156.4803,5276.6382,5156.4803,5223.806,5156.684,11631819200.0,140612607112.3,0.012425549264679425,0.02973970442590468,0.04634960013325373,0.03926635771303144,0.02202300666212187,0.013016504404768536,True,True,Validation
2024-03-29,0,0,0,0,0,1,1,1,5220.5524,5287.0376,5211.1946,5286.1612,5223.806,10904714900.0,126574031377.1,0.017101657671322545,0.03350769930017372,0.029297608429330158,0.014159785083279752,0.016961442624347622,0.011936737313751777,True,True,Validation
2024-04-01,0,0,0,0,0,0,0,0,5309.8325,5401.7799,5309.8325,5401.2249,5286.1612,13673485400.0,166553105409.3,0.016130188664143175,0.01199088671817794,0.009251515937649613,0.004877310159971948,-0.018566291874555496,0.021766967681575933,True,True,Validation
2024-04-02,0,0,0,0,0,0,0,0,5395.4811,5402.1597,5353.3119,5381.2291,5401.2249,13214864200.0,155779915085.8,-0.004073594104518352,-0.006769479741111417,-0.018720629009339018,-0.028065467600284943,-0.014397696620603417,-0.003702086169379948,True,True,Validation
2024-04-03,0,0,0,0,0,0,0,0,5373.5021,5386.3422,5350.1601,5374.5954,5381.2291,13362805300.0,154114398165.9,-0.0027069124993920335,-0.014706945029387741,-0.007029289148319018,-0.0122414765595793,-0.009517684937724313,-0.001232748109534887,True,True,Validation
2024-04-08,0,0,0,0,0,0,0,0,5358.9565,5383.6587,5297.559,5298.5912,5374.5954,14858855900.0,161260958590.0,-0.012032603735447456,-0.00433410870194606,-0.02144113317583385,-0.016591849551307214,-0.012978254255282762,-0.014141380763285083,True,True,Validation
2024-04-09,0,0,0,0,1,0,-1,-1,5294.4743,5342.8982,5284.9557,5342.8982,5298.5912,11330074500.0,133262737277.5,0.007792256164129485,-0.009523117337636333,0.0025022692054619267,0.0027625405604481124,-0.00693332291744253,0.008362034044068212,True,True,Validation
2024-04-10,0,0,0,0,0,0,0,0,5335.7302,5335.7302,5242.863,5275.4727,5342.8982,11790861800.0,132251020973.6,-0.01718149092321042,-0.0052490847457017376,-0.012311098488450467,-0.02332981528938627,-0.023529506795527233,-0.012619649013713041,True,True,Validation
2024-04-11,0,0,0,0,0,0,0,0,5244.0544,5353.8091,5240.5101,5301.8094,5275.4727,12774514300.0,141290912857.4,0.01214100677521568,0.004955535930367239,0.01240378055574709,0.014062439931973314,-0.0006812858386823217,0.004992291970348006,True,True,Validation
2024-04-12,0,0,0,0,0,0,0,0,5307.7225,5336.4477,5270.4618,5277.219,5301.8094,11852493300.0,136145117631.0,-0.007099278457002867,0.0002596217115720112,-0.018176138635733086,0.00275754808206341,-0.009295474659799963,-0.004638114678358729,True,True,Validation
2024-04-15,0,0,0,0,0,0,0,0,5270.0415,5376.0484,5219.4286,5339.7223,5277.219,15921762400.0,169269295711.9,0.007411516588626377,-0.011156060156262582,0.009061996950118889,0.003674563094047789,0.019197325106453,0.01184398449258972,True,True,Validation
2024-04-16,0,0,0,0,0,0,0,0,5309.1005,5346.7615,5184.6535,5191.554,5339.7223,16258397300.0,168778499341.7,-0.018430975265960714,0.0016383377937563282,0.0024972780228968983,-0.009669152053158547,0.03052628218282938,-0.0277483156755175,True,True,Validation
2024-04-17,0,0,0,0,0,0,0,0,5211.2486,5339.7467,5211.2486,5339.7467,5191.554,14759455200.0,155660732929.5,0.020446155648763398,0.021321224245567594,0.014997941184383468,-0.00020446155648756736,0.055110708017268584,0.028544959755787858,True,True,Validation
2024-04-18,0,0,0,0,0,0,0,0,5317.7986,5410.6963,5299.2288,5349.8361,5339.7467,15349768200.0,167338860159.0,0.0008575352966544436,-0.005339051388670413,-0.011288994660309304,-0.014539268185147058,0.04034082825175078,0.0018894903760136028,True,True,Validation
2024-04-19,0,0,0,0,0,1,1,1,5322.3588,5369.9543,5292.0162,5314.8667,5349.8361,14213421600.0,156010347135.9,-0.006191277446383259,-0.012136122803295457,-0.021076313006180625,-0.012019877352124508,0.03646670720508349,-0.006536536698759976,True,True,Validation
2024-04-22,0,0,0,0,0,0,0,0,5289.4066,5340.6307,5264.1859,5267.5811,5314.8667,13526688200.0,150190436487.7,-0.005981880840849052,-0.014977767071262749,-0.009249600890958165,0.015465931471405403,0.03250901528349126,-0.008896855305891127,True,True,Validation
2024-04-23,0,0,0,0,0,0,0,0,5257.766,5280.0593,5196.955,5208.2712,5267.5811,12580112000.0,139018868110.2,-0.009050022385933332,-0.003287384794226189,0.00011767355184688633,0.04058788466432328,0.05790046571110263,-0.011259418483371864,True,True,Validation
2024-04-24,0,0,0,0,0,0,0,0,5210.1831,5263.0391,5183.7005,5263.0391,5208.2712,11729722000.0,139471094806.5,0.005815265878084119,0.00925142150954339,0.03090661055654631,0.05532648171232202,0.056225567197436765,0.010515562246451449,True,True,Validation
2024-04-25,0,0,0,0,1,0,-1,-1,5240.4817,5297.1627,5229.8248,5259.3354,5263.0391,11083392900.0,127544603285.3,0.0034162890025928316,0.024946275454029276,0.04401998007167918,0.055689785158490324,0.051137398304434534,-0.0007037188836389596,True,True,Validation
2024-04-26,0,0,0,0,0,0,0,0,5258.3847,5379.6707,5258.3847,5372.1209,5259.3354,17377770100.0,193788859192.2,0.02145668421711333,0.0404654493993184,0.045652707760236666,0.04907647780125335,0.045103660825728475,0.021444819815066296,True,True,Validation
2024-04-29,0,0,0,0,0,0,0,0,5371.2122,5488.2776,5371.2122,5478.4908,5372.1209,19093605500.0,212148850246.6,0.01860946771010097,0.023687762699079462,0.029995240180605842,0.016783511178351862,0.016736538541523238,0.01980035482820197,True,True,Validation
2024-04-30,0,0,0,0,0,0,0,0,5471.1676,5478.0353,5436.5752,5441.1411,5478.4908,16279734400.0,175143689576.2,0.0049855171682184896,0.011177760301110284,0.008276131040109158,0.01663730791211737,-0.00959760399224463,-0.006817516240056443,True,True,Validation
2024-05-06,1,0,0,1,0,0,1,1,5498.4442,5535.9488,5496.9071,5528.6036,5441.1411,16579162600.0,187906843862.2,0.0061615247454906985,0.0032742898436615153,-0.006744489650363339,0.0008519500843529038,-0.00030077599041566927,0.016074293680786944,True,True,Validation
2024-05-07,1,0,0,1,0,0,1,1,5532.323,5543.1251,5507.5008,5527.0847,5528.6036,13653540200.0,162155744860.2,-0.0028695540733975067,-0.012826980637247742,0.005399196684647611,-0.004312239180539579,-0.0037668082648103507,-0.00027473483539319776,True,True,Validation
2024-05-08,1,0,0,1,0,0,1,1,5516.4477,5516.4477,5454.8735,5458.7559,5527.0847,12395562100.0,139472996786.3,-0.00998608216660879,0.008292546669118384,-0.002414434201922999,-0.0037869660216300893,-0.008055528197974171,-0.012362538971042003,True,True,Validation
2024-05-09,1,0,0,1,0,0,1,1,5461.36,5568.7324,5461.36,5556.7712,5458.7559,13112123000.0,153999870752.3,0.018463001889639452,0.007648021738175137,0.008625379026469648,-4.619728419297253e-05,-0.0022741038862114094,0.0179556114608459,True,True,Validation
2024-05-10,1,0,1,0,0,0,1,0,5562.1931,5570.5652,5497.4972,5535.3954,5556.7712,12868803000.0,144026969940.9,-0.010618922956845966,-0.009659283493771653,-0.011980166600113251,-0.025805576580935297,-0.03841705891152902,-0.0038468022581170658,True,True,Validation
2024-05-13,1,0,1,0,0,0,1,0,5503.1286,5527.2001,5462.5075,5505.2595,5535.3954,13162758800.0,146159918962.1,0.0009699391724191653,-0.001375853728004861,-0.007635820104222257,-0.001151744845650171,-0.03221400277652964,-0.0054442181311926685,True,True,Validation
2024-05-14,1,0,0,1,0,0,1,1,5508.4663,5538.7434,5484.964,5500.7379,5505.2595,11899439900.0,132592062465.6,-0.0023435198287407033,-0.008597420301908798,-0.016303775880411542,0.0005477931307305006,-0.02634786020203117,-0.0008213236814722524,True,True,Validation
2024-05-15,1,0,0,1,0,0,1,1,5495.5571,5497.0842,5441.3548,5446.6557,5500.7379,11012498900.0,121525793558.0,-0.006268591040569871,-0.013993049039559557,0.00022441764821246046,-0.004284788524897665,-0.034020954854604324,-0.009831808201586911,True,True,Validation
2024-05-16,0,0,0,0,0,0,0,0,5461.1077,5475.3735,5408.1251,5424.6652,5446.6557,12210811900.0,133148761562.0,-0.0077731849163127364,0.006533967458653089,0.00922452051256939,-0.0022280095300079017,-0.02649817728370374,-0.004037431629834831,True,True,Validation
2024-05-17,0,0,0,0,0,1,1,1,5418.6575,5493.2007,5409.7047,5491.8944,5424.6652,12691616800.0,139244609264.9,0.014419235760887217,0.017130866824485613,0.009846036587475737,-0.012945549704885373,-0.019919269671500706,0.01239324410288023,True,True,Validation
2024-05-20,0,0,0,0,0,0,0,0,5496.7904,5536.662,5484.358,5523.5013,5491.8944,14497144800.0,163572079873.3,0.002673087189207779,-0.004508194454713066,-0.008705098160555647,-0.031098074978445522,-0.035657808600451646,0.0057551907771569155,True,True,Validation
2024-05-21,0,0,0,0,0,0,0,0,5511.4838,5513.4235,5460.975,5478.9131,5523.5013,10869119200.0,123832374658.6,-0.007162136628252491,-0.011347851553151544,-0.029569859209238714,-0.026880928144976113,-0.045043804719157476,-0.008072452160009513,True,True,Validation
2024-05-22,0,0,0,0,0,0,0,0,5472.0098,5486.3049,5455.0766,5468.6068,5478.9131,11305778200.0,126572719199.3,-0.004215909847237409,-0.022569367474451485,-0.026710295730829947,-0.029864127801817908,-0.026158944379083504,-0.0018810847720873713,True,True,Validation
2024-05-23,0,0,0,0,0,0,0,0,5448.9403,5448.9403,5352.3934,5362.3053,5468.6068,12665756900.0,135749197020.0,-0.018431161743504454,-0.022589621692129747,-0.01571136685054164,-0.024324362665526067,-0.028889929295059402,-0.019438497571264368,True,True,Validation
2024-05-24,0,0,0,0,0,0,0,0,5348.51,5400.1594,5311.4888,5313.4546,5362.3053,10656417500.0,117396142024.9,-0.0042365443833890515,0.0027708651568381093,-0.007463200031410655,-0.0070651826396510575,-0.01895178283297594,-0.00911001840943293,True,True,Validation
2024-05-27,0,0,0,0,0,0,0,0,5325.8508,5373.1116,5284.5055,5371.3693,5313.4546,11564322900.0,124785634504.8,0.007037223048005803,-0.0032403836772897376,-0.0017748337974470285,-0.004706083767874292,-0.026932391722276572,0.010899632039765628,True,True,Validation
2024-05-28,0,0,0,0,0,0,0,0,5363.33,5365.473,5310.3183,5316.1286,5371.3693,11096537300.0,120979080988.0,-0.010205786330507394,-0.008750477781527488,-0.009808868743858667,-0.01866459829993683,-0.028749974362942465,-0.010284286355064065,True,True,Validation
2024-05-29,0,0,0,0,0,0,0,0,5308.593,5361.744,5305.9631,5328.3064,5316.1286,10436126700.0,112762595771.6,0.0014703142621783627,0.0004010102111802194,-0.0014704649612430343,0.003819241746353619,-0.014445145823008043,0.002290727128008152,True,True,Validation
2024-05-30,0,0,0,0,0,0,0,0,5316.3983,5349.688,5296.4925,5308.66,5328.3064,10735018700.0,114757614217.4,-0.0010677341462544954,-0.00293646170190065,-0.010001639643892002,-0.004679389804183698,-0.025601844015336384,-0.0036871753471234836,True,True,Validation
2024-05-31,-1,0,0,-1,0,0,-1,-1,5310.7218,5357.021,5308.5403,5308.5403,5308.66,10415114700.0,113019704335.1,-0.0018707249925989933,-0.008943454729637756,0.003416861338886079,-0.011971178757659628,-0.022866533886222506,-2.2548062976412986e-05,True,True,Validation
2024-06-03,-1,0,0,-1,0,0,-1,-1,5300.7869,5316.3352,5232.688,5274.0687,5308.5403,12696851500.0,129543758977.7,-0.007085985667524275,0.005297496490568099,-0.0017480612170996945,-0.02233140140004497,-0.017508570284159086,-0.006493611812648403,True,True,Validation
2024-06-04,-1,0,0,-1,0,0,-1,-1,5263.2256,5352.2839,5247.5837,5341.9496,5274.0687,10808314400.0,117835610768.9,0.012471857562024402,0.005376018842893737,-0.003055046699879216,-0.010277195794153315,-0.005272394175921291,0.012870689378771338,True,True,Validation
2024-06-05,-1,0,0,-1,0,0,-1,-1,5328.8678,5347.4297,5277.9405,5277.9405,5341.9496,10579275700.0,111608396273.0,-0.007008430571311952,-0.015335640339961154,-0.02748330517788411,-0.018194896859704435,-0.03128373723213773,-0.011982348167418166,True,True,Validation
2024-06-06,-1,0,0,-1,0,0,-1,-1,5291.5208,5305.878,5213.6618,5228.8002,5277.9405,13336823100.0,135739981470.4,-0.008385982343677045,-0.020619384128661045,-0.015569512643699768,-0.021020818816397724,-0.03998816370522451,-0.009310506626590387,True,True,Validation
2024-06-07,0,0,0,0,0,0,0,0,5247.1462,5258.818,5172.0505,5208.9798,5228.8002,11352747800.0,118553769519.2,-0.012336858462224654,-0.007244280710150597,-0.0029037879676385714,-0.01102736569451801,-0.03322632786561197,-0.003790621030040464,True,True,Validation
2024-06-11,0,0,0,0,0,0,0,0,5182.4129,5232.8495,5159.334,5217.4702,5208.9798,11643711600.0,119660626659.4,0.005156188925046878,0.009550898578536637,-0.00040988629061189386,0.004932991734410086,-0.037307255081894475,0.0016299544874409655,True,True,Validation
2024-06-12,0,0,0,0,0,0,0,0,5209.1344,5245.9909,5205.5716,5232.9534,5217.4702,10306556900.0,111341271703.7,0.004372165939892092,-0.005537522702428244,-0.003810690697479413,0.005056771044340991,-0.05125020387264334,0.0029675684587524565,True,True,Validation
2024-06-13,0,0,0,0,1,0,-1,-1,5231.9096,5233.7954,5182.7423,5194.59,5232.9534,11823276400.0,123194241679.1,-0.009866550446513855,-0.008147235571501543,-0.0045742189429266444,-0.013331403891229332,-0.04451835329876497,-0.007331118217104748,True,True,Validation
2024-06-14,0,0,0,0,0,0,0,0,5180.2887,5235.8781,5163.384,5213.0927,5194.59,13399862000.0,146009261400.6,0.001736447623083226,0.005345068895484584,0.010653286562967157,-0.019374615163822884,-0.051275018706969044,0.003561917302424167,True,True,Validation
2024-06-17,0,0,0,0,0,0,0,0,5189.284,5223.5894,5184.5987,5207.128,5213.0927,10797066400.0,135704407617.0,0.0036023659526054352,0.008901382155996895,-0.005226751898720461,-0.022446487800628967,-0.04730851115491075,-0.0011441768530224827,True,True,Validation
2024-06-18,0,0,0,0,0,0,0,0,5207.9777,5243.5867,5204.9707,5230.8913,5207.128,9409090300.0,120391272834.4,0.00527999572655613,-0.008797426302343925,-0.024588258125606166,-0.042032898873587854,-0.039823903239831426,0.0045636097288179744,True,True,Validation
2024-06-19,0,0,0,0,0,0,0,0,5235.4758,5236.3018,5168.8204,5168.8204,5230.8913,8784959000.0,111740529823.1,-0.014003483694834395,-0.029711377903800074,-0.031071292507932058,-0.05602367601431746,-0.05540592891289842,-0.011866218669082329,True,True,Validation
2024-06-20,0,0,0,0,0,0,0,0,5162.1609,5184.747,5092.2867,5094.5653,5168.8204,9560900300.0,113062777426.7,-0.01593098347631894,-0.017310212085795196,-0.0335304542715823,-0.031608332859210164,-0.047406406878948704,-0.014365966362460458,True,True,Validation
2024-06-21,0,0,0,0,0,0,0,0,5079.9226,5128.1378,5071.6547,5102.3292,5094.5653,8383890700.0,98090349439.3,-0.001401556787498981,-0.017884386663686636,-0.02711801160120031,-0.03253067280985744,-0.049421973476524994,0.0015239573040706222,True,True,Validation
2024-06-24,0,0,0,0,1,0,-1,-1,5072.8028,5078.955,4986.7679,4992.9097,5102.3292,10018664600.0,113108464981.7,-0.01650596392195669,-0.025752548472808723,-0.014549984083749634,-0.02543290269434495,-0.04253630754185833,-0.021445009859418662,True,True,Validation
2024-06-25,0,0,0,0,0,0,0,0,4989.0713,5007.3355,4918.0393,4948.6343,4992.9097,9163677900.0,104683752506.4,-0.009401769824375794,0.001988807015045113,-0.01491299593172779,0.002305920141891127,-0.04284528866123827,-0.008867654866660302,True,True,Validation
2024-06-26,-1,0,0,-1,0,0,-1,-1,4942.1652,5024.7679,4915.6644,5020.4318,4948.6343,9339462100.0,102152255030.0,0.011498684827451644,-0.005563533165585111,0.00032809506246356257,0.000654409528843658,-0.017134635645121743,0.01450854834837978,True,True,Validation
2024-06-27,-1,0,0,-1,0,0,-1,-1,4998.9936,5000.1752,4925.1601,4928.0514,5020.4318,8853718700.0,97364975399.3,-0.016868255242415198,-0.01104360285638295,0.000316483701839676,-0.016313723626291465,-0.019240472722349522,-0.018400887349968587,True,True,Validation
2024-06-28,-1,0,0,-1,0,0,-1,-1,4914.6693,5003.4091,4914.5467,4942.7817,4928.0514,10630834200.0,114743251798.9,0.005924589880340392,0.017479589114978822,0.006252729964964399,-0.017459262213227578,0.0025051329496372787,0.002989071907813168,True,True,Validation
2024-07-01,-1,0,0,-1,0,0,-1,-1,4943.7867,5017.6099,4929.0871,5003.1608,4942.7817,9731279300.0,110821074065.9,0.011486943803623362,0.0003262074393299841,-0.005328971818302719,-0.017549745825401253,-0.008145699328007017,0.012215611302437202,True,True,Validation
2024-07-02,-1,0,0,-1,0,0,-1,-1,5000.5757,5002.7424,4934.1169,4949.4771,5003.1608,9620933400.0,105902911013.0,-0.011033989546443634,-0.0166249458037403,-0.0343386262505736,-0.045047333250049615,-0.024592108464631557,-0.010729956950414121,True,True,Validation
2024-07-03,0,0,0,0,0,0,0,0,4945.3994,4950.5148,4905.3897,4910.9245,4949.4771,8452833100.0,96121126342.0,-0.005653335097666856,-0.023564648792572807,-0.01787012389737419,-0.01777741146650358,-0.010511931554001541,-0.007789226866005694,True,True,Validation
2024-07-04,0,0,0,0,0,0,0,0,4917.4414,4935.6055,4827.342,4834.4982,4910.9245,9100846600.0,98771611006.7,-0.018013148057036243,-0.012286247071495171,-0.02890289653477096,-0.002975287107640945,-0.0193822543569101,-0.015562507629673372,True,True,Validation
2024-07-05,-1,0,0,-1,0,0,-1,-1,4828.8628,4877.9326,4794.1292,4866.2647,4834.4982,8313327900.0,93724633826.8,0.005831952815060326,-0.0110895053800244,0.005926902706782311,0.020319152575633437,0.00500726589291367,0.006570795703264354,True,True,Validation
2024-07-08,-1,0,0,-1,0,0,-1,-1,4857.0245,4857.2655,4768.5636,4783.6165,4866.2647,9025450000.0,96789200226.5,-0.016823345239456833,9.439935911381703e-05,0.009426779708440636,0.009572033247927658,0.003214251853166372,-0.016983909650455264,True,True,Validation
2024-07-09,-1,0,0,-1,0,0,-1,-1,4775.3131,4888.4822,4745.3165,4876.899,4783.6165,11140196800.0,126704548339.3,0.017207227731308228,0.026699296429379515,0.03176087029769836,0.021420145204719576,0.018356367041147514,0.019500413546947204,True,True,Validation
2024-07-10,-1,0,0,-1,0,0,-1,-1,4857.483,4891.3725,4836.17,4844.1624,4876.899,10095318600.0,117244916014.0,0.009331499461758153,0.014307450998799265,0.009476739290698477,0.007396979052731512,-0.029891200854434308,-0.006712585189892262,True,True,Validation
2024-07-11,-1,0,0,-1,0,0,-1,-1,4902.8106,4941.7015,4871.172,4939.7318,4844.1624,11527549400.0,133127527342.5,0.004929947732429385,0.00014389705366135708,-0.0051418669935975325,-0.01645592836076515,-0.052702199020292606,0.019728777053386937,True,True,Validation
2024-07-12,-1,1,0,0,0,0,-1,0,4926.9812,4937.3471,4905.7967,4919.3639,4939.7318,9717510600.0,115594261299.6,-0.00476257145044523,-0.010022404794237993,-0.006812995348957296,-0.015006958013154215,-0.05206735921785144,-0.004123280539238827,True,True,Validation
2024-07-15,0,0,0,0,0,0,0,0,4903.5161,4903.5161,4868.743,4883.8971,4919.3639,8682431200.0,102734711417.3,-0.0052850035508194,-0.002060235919282394,-0.016597437092130685,-0.006297501501014713,-0.03324494029906422,-0.007209631310259423,True,True,Validation
2024-07-16,0,0,0,0,0,0,0,0,4877.601,4907.8321,4850.4315,4898.3626,4883.8971,8726797800.0,113648284397.5,0.0032419010903106393,-0.011372537442074448,-0.005035016189311015,-0.002999527841658134,-0.037534086941510725,0.002961876489985915,True,True,Validation
2024-07-17,0,0,0,0,0,0,0,0,4893.4137,4900.3599,4853.603,4856.5794,4898.3626,9690954700.0,117932902593.7,-0.014567213068455764,-0.00825017104112824,-0.0042460133709929515,-0.03701438527463963,-0.04060251435516282,-0.008530034097516737,True,True,Validation
2024-07-18,0,0,0,0,0,0,0,0,4822.1303,4879.6927,4793.4294,4877.6916,4856.5794,9665475000.0,115283847816.1,0.006410424040179885,0.010473773386007412,0.00846932734273076,-0.036852716319175305,0.014877366544823634,0.004347133704845962,True,True,Validation
2024-07-19,0,0,0,0,0,0,0,0,4853.0422,4900.3787,4842.9297,4872.0532,4877.6916,9329074600.0,111989382468.3,0.0040374674673135935,0.002045788928025427,-0.02900349805324165,-0.03762503857889388,-0.007439725127467489,-0.0011559566414571787,True,True,Validation
2024-07-22,0,0,0,0,0,0,0,0,4872.6362,4885.3641,4839.1121,4865.9778,4872.0532,9271045800.0,110307683161.2,-0.0019836695380622826,-0.032908100136841645,-0.046835940676219545,-0.027118215802772294,-0.023921486278823734,-0.001246989667518572,True,True,Validation
2024-07-23,0,0,0,0,0,0,0,0,4862.9705,4862.9705,4722.7994,4722.7994,4865.9778,10240371200.0,110578297603.3,-0.030985896377533018,-0.04494142006413582,-0.039589835060689915,-0.03463845811937383,-0.025193778165012448,-0.029424384139196014,True,True,Validation
2024-07-24,0,0,0,0,1,0,-1,-1,4712.287,4738.762,4661.8271,4668.0621,4722.7994,11267463500.0,103026731862.0,-0.014401775613412382,-0.008879064454266228,0.00598690190134854,-0.003726046397428795,0.007574517426464089,-0.011590011635895348,True,True,Validation
2024-07-25,0,0,0,0,0,0,0,0,4644.4217,4710.4627,4635.244,4665.4488,4668.0621,8860007400.0,95885153870.2,0.0056034102157431764,0.020686601304958918,0.010787780101880085,0.053709420916709716,0.019953183837720934,-0.0005598254573347949,True,True,Validation
2024-07-26,0,0,0,0,0,0,0,0,4670.4463,4744.4537,4670.4463,4736.3771,4665.4488,8647204900.0,94118612207.0,0.014999144728417013,0.005155481607828527,0.005199181928288166,0.03136543931572455,0.02308355413485863,0.01520288894821853,True,True,Validation
2024-07-29,0,0,0,0,0,1,1,1,4740.499,4742.1481,4702.9803,4708.8443,4736.3771,8110203900.0,90979232032.0,-0.0096981984386032,-0.009655143899408025,0.03235353493376958,0.0032858355206910606,-0.004965405540640289,-0.005813050654264851,True,True,Validation
2024-07-30,0,0,0,0,0,0,0,0,4694.5247,4712.0417,4650.5592,4699.282,4708.8443,8335338200.0,86181033613.6,4.347617981426133e-05,0.042463553339063154,0.02607552581414674,0.009783567652759562,0.004139950525768876,-0.0020307105928305536,True,True,Validation
2024-07-31,0,0,0,0,0,0,0,0,4694.7288,4887.9192,4687.0458,4886.4136,4699.282,14318091900.0,146601666177.8,0.042418232976524584,0.026030917909464657,0.013067144581386803,0.011342827726279037,0.007473445537471646,0.039821317384230115,True,True,Validation
2024-08-01,0,0,0,0,0,0,0,0,4893.8709,4928.2412,4834.6536,4852.9725,4886.4136,11321339300.0,119765528788.7,-0.01572048008050242,-0.028156729675889114,-0.031348804072457104,-0.03203562235366686,-0.04846386528095792,-0.0068436900224737585,True,True,Validation
2024-08-02,0,0,0,0,0,0,0,0,4816.9369,4874.7114,4783.115,4788.6159,4852.9725,9852984400.0,105654740577.4,-0.012634875910456644,-0.01587793271695115,-0.014315445983940411,-0.00803002007354503,-0.02352796026869275,-0.013261274404501533,True,True,Validation
2024-08-05,0,0,0,0,0,0,0,0,4756.0755,4846.542,4693.8165,4693.8478,4788.6159,11333814800.0,123487463651.4,-0.0032845567737517234,-0.001702075587319829,-0.003991273897985814,-0.008224217634896669,-0.018869485986923507,-0.01979029055138881,True,True,Validation
2024-08-06,0,0,0,0,0,0,0,0,4740.4539,4774.9279,4699.1769,4750.776,4693.8478,10777477000.0,105286322238.1,0.0015876960642946525,-0.0007090460261622855,0.007974531721529843,-0.005588937380026193,-0.011846776951042748,0.012128258611197484,True,True,Validation
2024-08-07,0,0,0,0,0,0,0,0,4747.9803,4783.4202,4719.938,4751.9408,4750.776,9698948100.0,96834771203.2,-0.002293101342480286,0.006376711377677813,-0.006533262153594066,-0.003825984703432872,-0.03346513463840617,0.00024518099779924363,True,True,Validation
2024-08-08,0,0,0,0,0,0,0,0,4737.0927,4791.6592,4701.7856,4755.8149,4751.9408,10430925300.0,95364149202.0,0.008689739172720756,-0.004249906276902693,-0.004883353876524388,-0.016971949905054684,-0.03115773942950284,0.0008152668905303528,True,True,Validation
2024-08-09,0,0,0,0,0,0,0,0,4778.2568,4805.0992,4720.3104,4720.3104,4755.8149,10881958600.0,88057504682.2,-0.012828171981045466,-0.013456162506795488,-0.010138048670804034,-0.015623396381709842,-0.05321315087125489,-0.007465492401733331,True,True,Validation
2024-08-12,0,0,0,0,0,0,0,0,4716.9605,4737.1908,4696.0525,4714.1586,4720.3104,8910083200.0,76375856580.1,-0.0006361511825253574,0.0027250811195047575,-0.012776341883719455,-0.010733543348518726,-0.03691023064534893,-0.0013032617516002265,True,True,Validation
2024-08-13,0,0,0,0,0,0,0,0,4713.9598,4731.8353,4680.5879,4731.8353,4714.1586,8136517300.0,71101413451.5,0.0033633719150512054,-0.012147918613985564,-0.0021967942959547626,-0.006293010814390043,-0.038497082643767944,0.0037497041359617622,True,True,Validation
2024-08-14,0,0,0,0,1,0,-1,-1,4729.8146,4730.2369,4667.0731,4667.0731,4731.8353,7458803000.0,68308163886.2,-0.015459295169836018,-0.00554152799139318,-0.013422048297622502,-0.029752984398162208,-0.05145730236445212,-0.01368648650979043,True,True,Validation
2024-08-15,0,0,0,0,0,0,0,0,4656.695,4746.4095,4647.7947,4698.375,4667.0731,9097329300.0,83712897622.1,0.010073496331625797,0.00206923579920959,0.005926907388179803,-0.014430706756615952,-0.03718121972772537,0.006706965871179582,True,True,Validation
2024-08-16,0,0,0,0,0,0,0,0,4703.6042,4708.0187,4662.1132,4670.3789,4698.375,8737958000.0,81927269812.8,-0.007924433777825146,-0.0041052348749922585,-0.0243463725115306,-0.03818635505087764,-0.031061882290180698,-0.005958677202224205,True,True,Validation
2024-08-19,0,0,0,0,0,0,0,0,4666.3308,4729.8742,4666.2577,4682.9628,4670.3789,8713686700.0,80742361426.1,0.0038497056402431173,-0.01655311277974547,-0.016465870786528836,-0.026460704414697722,-0.007378495326563539,0.0026944066572416325,True,True,Validation
2024-08-20,0,0,0,0,0,0,0,0,4684.2948,4686.3633,4590.3913,4602.0095,4682.9628,9184614600.0,81351685184.9,-0.020324574789784777,-0.02023766736457311,-0.03422160791417295,-0.03240801582342756,-0.03011659300349756,-0.01728676982016597,True,True,Validation
2024-08-21,0,0,0,0,0,0,0,0,4589.0885,4610.8666,4582.2653,4587.1218,4602.0095,8352691000.0,74809964819.1,8.871042691827036e-05,-0.014185344213780038,-0.010074353545371895,-0.022369888922386227,-0.0046638237636950075,-0.003235043300106266,True,True,Validation
2024-08-22,0,0,0,0,0,0,0,0,4589.4956,4595.0496,4526.2499,4533.3695,4587.1218,8585686800.0,78202476718.8,-0.01427278849553748,-0.010162162482517778,-0.01242173540813507,-0.023083626008923552,-0.0009430012308978553,-0.011718088671637261,True,True,Validation
2024-08-23,0,0,0,0,0,0,0,0,4523.9907,4549.3026,4513.2038,4537.0872,4533.3695,7577836400.0,71369991695.7,0.004170145619441623,0.0018778553191984848,-0.008302315917669834,0.00740733176131414,0.018866351780961965,0.0008200743398480981,True,True,Validation
2024-08-26,0,0,0,0,1,0,-1,-1,4542.8564,4558.5917,4523.7274,4544.3594,4537.0872,8711829600.0,84365247766.9,-0.0022827708135347846,-0.012420665553064758,-0.013054121631491555,0.019600861695738603,-0.00556711411789268,0.0016028345234362362,True,True,Validation
2024-08-27,0,0,0,0,0,0,0,0,4532.4861,4532.4861,4487.0915,4495.2856,4544.3594,8252920500.0,78742868644.7,-0.010161090179625742,-0.010795995601619257,0.005519112347636357,0.0023681705278697507,-0.0051103300680834796,-0.010798837785585436,True,True,Validation
2024-08-28,0,0,0,0,0,0,0,0,4486.4311,4527.7686,4482.0324,4500.0088,4495.2856,8268119900.0,74244549232.7,-0.0006414229787236048,0.015841166043985444,0.03242425811465166,0.018111210935569888,0.0008371019004393965,0.0010507007608147045,True,True,Validation
2024-08-29,0,0,0,0,0,0,0,0,4483.5534,4577.7919,4475.2228,4557.9006,4500.0088,10311556200.0,96829969885.4,0.016493168119732893,0.033086903793763334,0.0133078374844382,0.022663787164885818,0.007903284925746545,0.01286481928657568,True,True,Validation
2024-08-30,0,0,0,0,0,0,0,0,4557.5014,4704.3407,4548.3827,4639.1144,4557.9006,15159336100.0,144749168233.3,0.01632449306543271,-0.0031336468706296694,0.0022346455011512667,0.011374763373632746,-0.012530221054896429,0.01781824728691994,True,True,Validation
2024-09-02,0,0,0,0,0,0,0,0,4631.9003,4632.3107,4546.8393,4546.8832,4639.1144,12636851700.0,115893027848.1,-0.019145597758224664,-0.013863532425341774,-0.010089293156849699,-0.024684145295614357,-0.039251989081025784,-0.01988120836166496,True,True,Validation
2024-09-03,0,0,0,0,0,0,0,0,4543.2198,4612.2826,4543.2198,4596.4819,4546.8832,9858968600.0,92749159672.5,0.005385167585332473,0.009233077387098998,0.014554017395328467,-0.007460832073323931,-0.013593068950791265,0.010908285482239766,True,True,Validation
2024-09-04,0,0,0,0,0,0,0,0,4567.6858,4623.3782,4552.3037,4582.084,4596.4819,9243568500.0,88646018095.4,0.0038272991544208157,0.009119738489893559,-0.01097273371999441,-0.01696681939024791,-0.011543263330415665,-0.003132373914058073,True,True,Validation
2024-09-05,0,0,0,0,0,0,0,0,4585.1677,4630.6388,4582.0535,4601.0911,4582.084,8058372300.0,80148632780.7,0.00527226081610932,-0.014743604688657208,-0.016541183433705253,-0.014433387027479982,-0.0194948594791855,0.004148134342364607,True,True,Validation
2024-09-06,0,0,0,0,0,0,0,0,4609.3419,4613.3097,4535.3486,4537.4544,4601.0911,9014759600.0,80215749103.2,-0.01991089009908331,-0.021699041244911954,-0.025850805296087964,-0.02363612905347723,-0.01846695295048517,-0.013830784615414426,True,True,Validation
2024-09-09,0,0,0,0,0,0,0,0,4517.5658,4541.7935,4487.8427,4507.1866,4537.4544,9194460800.0,81907584834.7,-0.001824478129350271,-0.0060605868762332316,0.0003148598300437566,-0.014936539496558154,0.05004210453337499,-0.006670656569022437,True,True,Validation
2024-09-10,0,0,0,0,0,0,0,0,4509.3236,4528.6691,4432.9128,4507.7074,4507.1866,9852954200.0,87011759811.7,-0.004243851561240741,0.0021432482689864862,-0.001980053061616527,-0.006178332377831497,0.04804986716854831,0.00011554879933317608,True,True,Validation
2024-09-11,0,0,0,0,0,0,0,0,4490.1867,4529.3452,4479.0306,4514.9158,4507.7074,8520684200.0,81707868059.9,0.0064143212575102915,0.0022734466698233202,-0.00893007411028146,0.005517164798514829,0.11961144065568585,0.0015991277517257707,True,True,Validation
2024-09-12,0,0,0,0,1,0,-1,-1,4518.9882,4568.7462,4496.5919,4496.5919,4514.9158,8665430400.0,80916511375.5,-0.004114482972095268,-0.015246598785099708,-0.008303783577040535,-0.005135596503659801,0.2059754659239872,-0.0040585252996300225,True,True,Validation
2024-09-13,0,0,0,0,0,0,0,0,4500.3949,4509.072,4450.9587,4450.9587,4496.5919,9253375700.0,85710614259.9,-0.01117810794781593,-0.0042066086245010625,0.003236360435836305,0.0052943131723841574,0.42605578901531493,-0.010148397056001457,True,True,Validation
2024-09-18,0,0,0,0,0,0,0,0,4450.089,4474.722,4397.161,4462.8701,4450.9587,9098968300.0,79102523647.7,0.007050308432033692,0.014577416316842173,0.010267547458039594,0.06596391667672252,0.3513665681742546,0.0026761425577819242,True,True,Validation
2024-09-19,0,0,0,0,0,0,0,0,4481.4635,4565.3899,4437.5363,4520.3939,4462.8701,11561186800.0,105405904204.6,0.007474410982037494,0.0031947152978040183,0.00954105729077126,0.054565322243503855,0.28721581688660414,0.012889418403641217,True,True,Validation
2024-09-20,0,0,0,0,0,0,0,0,4514.9598,4515.8064,4471.9438,4498.3901,4520.3939,9431204400.0,89084435754.7,-0.004247944798976944,0.0020513139452538187,0.05064818074349198,0.11346825280703499,0.25140622514512745,-0.004867673146802587,True,True,Validation
2024-09-23,0,0,0,0,0,0,0,0,4495.7805,4545.5411,4483.13,4494.6878,4498.3901,8993522700.0,85104838086.0,0.0063261318029206315,0.05513031608193497,0.05120701511116921,0.2122008403212745,0.2241803397652533,-0.0008230277760925553,True,True,Validation
2024-09-24,0,0,0,0,0,1,1,1,4524.2214,4690.5736,4503.1245,4689.5964,4494.6878,17714470300.0,159947071682.9,0.04849738343928078,0.044598745764298675,0.11118885561170799,0.41854556454730507,0.23297703777273138,0.043364213194073464,True,True,Validation
2024-09-25,0,0,0,0,0,0,0,0,4743.6343,4847.2034,4724.4301,4731.4755,4689.5964,20459351900.0,182209573751.3,-0.0037183093983446103,0.059791729729250065,0.14886362551177257,0.26774138132865777,0.13703235934523872,0.008930214122477409,True,True,Validation
2024-09-26,1,0,0,1,0,0,1,1,4725.996,4938.1839,4719.3492,4938.1839,4731.4755,22993032300.0,196122560309.1,0.06374707045879857,0.1531513991971214,0.3579813017192566,0.22061269201243516,0.16372631292959205,0.04368793624737166,True,True,Validation
2024-09-27,1,0,0,1,0,0,1,1,5027.2644,5227.9577,5021.5148,5201.6656,4938.1839,23017750800.0,232646658012.5,0.08404660395423003,0.2766016842082146,0.19621746968391007,0.12388136975648223,0.07733181887151197,0.05335599186575468,True,True,Validation
2024-09-30,1,0,0,1,0,0,1,1,5449.7889,5757.9213,5387.338,5743.217,5201.6656,38870320000.0,418784669568.5,0.17762620126441964,0.10347420979920896,0.05850167884484492,0.00988243783167464,0.042345842056377814,0.10411115239703217,True,True,Validation
2024-10-08,1,0,0,1,0,0,1,1,6417.8142,6417.8142,5868.8525,6155.5817,5743.217,49354642000.0,579263323621.8,-0.06296734174697671,-0.10115648097135621,-0.11963035639143316,-0.1308160494892482,-0.111329897958093,0.07180029937925037,True,True,Validation
2024-10-09,1,0,1,0,0,0,1,0,6013.7015,6088.0804,5704.4779,5735.641,6155.5817,43115641600.0,529447530363.7,-0.04075539831832353,-0.060470693465580316,-0.08481554995704399,-0.10310385375795594,-0.04466377321854109,-0.06822112360233967,True,True,Validation
2024-10-10,1,0,1,0,0,0,1,0,5768.6107,5875.9358,5597.4766,5690.8822,5735.641,35348024500.0,390814224053.0,-0.0205529383357419,-0.04593213405785912,-0.03299747719151869,-0.046604774352341005,-0.003649578918542673,-0.007803626482201342,True,True,Validation
2024-10-11,1,0,1,0,0,0,1,0,5650.0488,5652.852,5408.8696,5470.8133,5690.8822,24438337300.0,266749263112.0,-0.025911758496669934,-0.012705677869543353,-0.04537714789295266,-0.04141856261489274,0.015085975894579828,-0.038670436720689816,True,True,Validation
2024-10-14,1,0,1,0,0,0,1,0,5503.6461,5623.9685,5408.3917,5608.153,5470.8133,25060854100.0,279231292488.6,0.01355737608201224,-0.019983188962677034,-0.000705023529765092,0.03214572608511301,0.056813881982709535,0.02510407364842826,True,True,Validation
2024-10-15,1,0,1,0,0,0,1,0,5578.2611,5661.0749,5471.8807,5472.56,5608.153,23899701900.0,276816614630.7,-0.033091925367208064,-0.014071625295560164,-0.029082396304468405,0.022418903984254168,0.05827002253444169,-0.0241778353764599,True,True,Validation
2024-10-16,1,0,1,0,0,0,1,0,5393.6657,5546.1764,5393.6657,5461.0877,5472.56,20545092600.0,222425749319.4,0.019671259937374508,0.004146753107075352,0.05319185799742843,0.06515813540316384,0.07419201008323517,-0.0020963315157805917,True,True,Validation
2024-10-17,0,0,0,0,0,0,0,0,5499.7659,5541.0331,5417.881,5418.9883,5461.0877,20276868500.0,234458932483.4,-0.015225011668223987,0.03287392650658094,0.03701133897353692,0.04505497224890975,0.06185912385834458,-0.007708977096266056,True,True,Validation
2024-10-18,0,0,0,0,0,0,0,0,5416.0319,5774.1408,5404.2035,5640.0198,5418.9883,28711421900.0,352062136787.1,0.04884256682461574,0.053043945328313136,0.06075942794945499,0.05894599697612546,0.08812490561586239,0.04078833312852881,True,True,Validation
2024-10-21,0,0,0,0,0,0,0,0,5680.5648,5797.8808,5631.2316,5704.225,5640.0198,26688518600.0,359965731439.6,0.004005728444467227,0.011361915984128945,0.01179335195683362,0.02389987699814644,0.027255564446690306,0.011383860744602403,True,True,Validation
2024-10-22,0,0,0,0,0,0,0,0,5703.3196,5779.2983,5673.7901,5753.8497,5704.225,23702362400.0,312584329119.8,0.007326838215414133,0.007756552867912214,0.005604753414134356,0.03506499968895316,0.03902036280765331,0.008699639302446771,True,True,Validation
2024-10-23,0,0,0,0,0,1,1,1,5745.1069,5853.4555,5727.7736,5776.383,5753.8497,27341264000.0,336167749458.4,0.0004265891031549618,-0.001709559138055372,0.01239710613565781,0.008481252106901538,0.06785194893414426,0.003916212827040022,True,True,Validation
2024-10-24,1,0,0,1,0,0,1,1,5747.5577,5759.8651,5694.7789,5726.7041,5776.383,20769004600.0,257232250889.5,-0.002135237372214771,0.011965412717822588,0.027098257752157906,0.016079681983879768,0.054662730919604385,-0.0086003473107652,True,True,Validation
2024-10-25,1,0,0,1,0,0,1,1,5735.2853,5855.2647,5729.4384,5809.6879,5726.7041,23672570800.0,299590180533.3,0.014130822750875183,0.029296049143361813,0.010208262874036977,0.027554671081489346,0.0996486260238878,0.01449067361451406,True,True,Validation
2024-10-28,1,0,0,1,0,0,1,1,5816.3296,5883.7203,5787.4843,5883.7203,5809.6879,27065378700.0,312663682663.8,0.014953915266425089,-0.0038679032219908205,0.004065622415896142,0.0032773589722288055,0.0678612161181511,0.012742922042335625,True,True,Validation
2024-10-29,1,0,0,1,0,0,1,1,5903.3065,5917.2149,5807.29,5812.5286,5883.7203,27537114300.0,332481504886.9,-0.01854450552414988,-0.010727869203470908,-0.001691814578829609,0.0038213668898947617,0.07553783629564226,-0.012099776394877249,True,True,Validation
2024-10-30,1,0,0,1,0,0,1,1,5793.8326,5869.1113,5777.43,5837.9338,5812.5286,25202127500.0,315956554496.2,0.007964330899032257,0.017171120891549485,0.007173006689906947,0.058871393695427265,0.075998933762774,0.004370765590727688,True,True,Validation
2024-10-31,1,0,0,1,0,0,1,1,5839.9766,5935.1827,5812.0324,5901.2904,5837.9338,31354920200.0,377454102584.7,0.009134043448050688,-0.0007850716388143608,0.014707010983571411,0.03797246379377617,0.06860176460296086,0.010852572531740545,True,True,Validation
2024-11-01,1,0,1,0,0,0,1,0,5893.3192,5934.2031,5795.0805,5831.8217,5901.2904,36984064100.0,429257467070.0,-0.009829333527360928,0.005522524556280661,0.04099632003642362,0.0701606999329003,0.02752543931440199,-0.011771781303966944,True,True,Validation
2024-11-04,1,0,0,1,0,0,1,1,5835.3918,5928.9085,5835.3918,5928.9085,5831.8217,28655229400.0,342776867779.9,0.01550425457293203,0.05133019517215609,0.03878798678093909,0.06437288409665998,0.018009827549197333,0.016647765482953547,True,True,Validation
2024-11-05,0,0,0,0,0,1,1,1,5925.8652,6119.2536,5910.8887,6111.9707,5928.9085,36634449200.0,441462863294.4,0.03527896652120943,0.022928246832209398,0.06428316999178452,0.07144345774183325,-0.015061834346147385,0.03087620596607299,True,True,Validation
2024-11-06,0,0,0,0,0,0,0,0,6134.9236,6204.5331,6081.8065,6125.7868,6111.9707,41518773700.0,502324104677.0,-0.011929847015535677,0.028015833807612633,0.01240589206359477,0.016175278857588404,-0.034980174814238874,0.00226049840193121,True,True,Validation
2024-11-07,1,0,0,1,0,0,1,1,6061.7349,6240.7574,6049.587,6239.5598,6125.7868,41841332300.0,465814955829.2,0.040427980445004286,0.024629566033974815,0.04742777517373775,0.02950877973894883,-0.014613011202452952,0.01857279786492083,True,True,Validation
2024-11-08,1,0,0,1,0,0,1,1,6306.7986,6333.6792,6206.2949,6222.445,6239.5598,38564834700.0,470080201608.9,-0.015184534353134382,0.006727803231262319,-0.011517872157833065,-0.03984005450879635,-0.053549085902315,-0.0027429499113063027,True,True,Validation
2024-11-11,1,0,0,1,0,0,1,1,6211.0328,6330.8046,6199.0563,6330.6152,6222.445,33409692100.0,453328339552.7,0.022250196456859772,0.0037231972112592437,0.0047619294491569875,-0.04355903578548159,-0.07349590876415912,0.017383874023796153,True,True,Validation
2024-11-12,1,0,0,1,0,0,1,1,6349.2295,6382.9784,6205.0988,6263.883,6330.6152,33285691900.0,452685440809.0,-0.018123742416304323,-0.017107619121343842,-0.04625665208668239,-0.08073715086216371,-0.0979419786290604,-0.010541187213527148,True,True,Validation
2024-11-13,1,0,1,0,0,0,1,0,6234.1577,6282.2777,6162.8979,6259.8412,6263.883,26040067300.0,347812976326.8,0.0010348791786258804,-0.028652194666169528,-0.04710684492309192,-0.050341171189814404,-0.09056601182867086,-0.0006452547086208682,True,True,Validation
2024-11-14,0,0,0,0,0,0,0,0,6240.6093,6240.6093,6068.6584,6078.3051,6259.8412,23974313800.0,317335892174.5,-0.029656383071441472,-0.048091954739098886,-0.06473702816165716,-0.042857129351135614,-0.07015537729625221,-0.029000112654614996,True,True,Validation
2024-11-15,0,0,0,0,0,0,0,0,6055.5354,6093.4226,5924.35,5924.4834,6078.3051,23622604200.0,309679795180.8,-0.018999013695799594,-0.036152806570992735,-0.022328744044663562,-0.01427786220191185,-0.05075833591857126,-0.025306676362790603,True,True,Validation
2024-11-18,0,0,0,0,0,0,0,0,5940.4862,5977.4919,5799.9082,5833.0358,5924.4834,28252722400.0,296423264134.4,-0.017486009815156245,-0.0033942171265375354,0.005499297347075771,-0.031300283131707296,-0.014608383401345293,-0.015435539915598429,True,True,Validation
2024-11-19,0,0,0,0,1,0,-1,-1,5836.6108,5936.9347,5776.2017,5936.6015,5833.0358,24140421500.0,262477730599.7,0.014342587311115595,0.023394381547592547,0.022695448529821416,-0.018715895875736632,0.01886786763304471,0.01775502560776321,True,True,Validation
2024-11-20,0,0,0,0,0,0,0,0,5920.3229,6015.2339,5909.106,5992.3904,5936.6015,21734522400.0,261005441610.0,0.008923803801309527,0.008234753546972895,-0.028001107844979223,-0.042357149134551464,0.001546098102182869,0.009397447344242416,True,True,Validation
2024-11-21,0,0,0,0,0,0,0,0,5973.1547,6009.6285,5937.8052,5985.3128,5992.3904,20619894100.0,252722313895.1,-0.0006829556917384849,-0.036598315459668185,-0.041147653517160654,-0.028520557152152848,-0.019656748551983738,-0.0011810979471564842,True,True,Validation
2024-11-22,0,0,0,0,0,1,1,1,5969.0753,5983.3393,5750.2457,5750.2457,5985.3128,22506673700.0,267675732292.4,-0.03593990513069922,-0.04049235230790271,-0.050178693507183625,-0.037008881425905304,-0.010986039998523767,-0.03927398748483113,True,True,Validation
2024-11-25,0,0,0,0,0,0,0,0,5754.5473,5774.8166,5662.0946,5735.6493,5750.2457,18600506000.0,215261571671.1,-0.004722161202845632,-0.014769606637867083,0.008384621323731078,0.017231242499301302,0.0397576017838972,-0.002538395881066524,True,True,Validation
2024-11-26,0,0,0,0,0,0,0,0,5727.3734,5773.3559,5688.5764,5690.4792,5735.6493,14756286500.0,170186745318.8,-0.010095116201084497,0.013168968518797675,0.0036304774541153773,0.038300593427346596,0.0706986556874396,-0.007875324594898148,True,True,Validation
2024-11-27,0,0,0,0,0,0,0,0,5669.5549,5805.635,5603.9955,5804.9368,5690.4792,17531330200.0,204528721580.5,0.02350133341155214,0.013865568177142018,0.032480574445094446,0.04584511563685534,0.053579355938505824,0.020113877228476795,True,True,Validation
2024-11-28,0,0,0,0,0,0,0,0,5802.797,5826.4882,5749.2874,5757.5965,5804.9368,17218353700.0,204358289211.1,-0.009414511657050761,0.008773062369750395,0.024804969051993364,0.009124031049164705,0.04239066091748511,-0.008155179226068565,True,True,Validation
2024-11-29,0,0,0,0,0,0,0,0,5748.1665,5899.873,5736.4093,5851.9385,5757.5965,20425554400.0,243571196943.7,0.01836042849489483,0.034544702210696165,0.031542196977070835,0.027022929833365072,0.055285054808346334,0.016385656757989198,True,True,Validation
2024-12-02,0,0,0,0,0,0,0,0,5853.7053,5956.5981,5848.4235,5943.6245,5851.9385,23618130800.0,257212815525.1,0.015892480955609578,0.012944109092748679,0.00034791638724973595,0.022144777257577575,0.022114967079056802,0.015667628769509445,True,True,Validation
2024-12-03,0,0,0,0,0,0,0,0,5946.7352,5954.6607,5877.8012,5932.1207,5943.6245,20987050900.0,229346951926.7,-0.0029022479427029957,-0.015301387557999924,-0.007270611275914884,0.031202969992677687,-0.008368894582694741,-0.0019354856619895333,True,True,Validation
2024-12-04,0,0,0,0,0,0,0,0,5929.4763,5940.8545,5850.9094,5879.2695,5932.1207,21599163400.0,234212942758.9,-0.012435229735212938,-0.004381078308720143,0.009083095584681011,0.007395206217452932,-0.011504203162090443,-0.008909326474088819,True,True,Validation
2024-12-05,0,0,0,0,0,0,0,0,5855.7419,5923.6243,5853.527,5901.9859,5879.2695,19854223600.0,212251881677.0,0.008155567785526951,0.021789280022741497,0.04722699612153325,0.03296584844355932,-0.004521852303633778,0.0038638133530022323,True,True,Validation
2024-12-06,0,0,0,0,1,0,-1,-1,5903.4988,6011.7691,5877.0434,5979.197,5901.9859,26532953600.0,255600553068.3,0.013523421060066987,0.038755356399835295,0.011828104377695325,0.02751849462559397,-0.002295723342909839,0.013082223730829456,True,True,Validation
2024-12-09,0,0,0,0,0,0,0,0,5983.3343,6004.2343,5911.3619,5947.1089,5979.197,28446220900.0,237294662391.5,0.024895266172909603,-0.0016726961085895553,0.010938232216107124,-2.91643406921116e-05,-0.010970538617573133,-0.005366623645282176,True,True,Validation
2024-12-10,0,0,0,0,0,1,1,1,6132.291,6141.0655,5982.5833,5992.0937,5947.1089,32052782300.0,324711288431.3,-0.02592261195693424,-0.013618009973760281,-0.010817621016354306,-0.03837446722603355,-0.04975812465520635,0.007564146000420546,True,True,Validation
2024-12-11,0,0,0,0,0,0,0,0,5973.326,6051.4718,5972.2696,6047.105,5992.0937,25388394100.0,250011474489.1,0.012632057918821049,0.015506972162577348,0.0016462855032524093,-0.018760670353501596,-0.01287331379536294,0.009180647492211147,True,True,Validation
2024-12-12,0,0,0,0,0,0,0,0,6048.7814,6107.7146,6023.2343,6100.3945,6047.105,24365369000.0,258380795570.8,0.002839051184756025,-0.010848730622005864,-0.025098245408571085,-0.03629132638187249,-0.03605026956338675,0.00881239866018535,True,True,Validation
2024-12-13,0,0,0,0,0,0,0,0,6065.9542,6065.9542,5988.292,5988.292,6100.3945,28632819800.0,307316221178.0,-0.013649031507689258,-0.027858205721368656,-0.033744369517330064,-0.02901574825606168,-0.028562678564239774,-0.018376270583812193,True,True,Validation
2024-12-16,0,0,0,0,0,0,0,0,5983.1598,5991.5772,5888.0426,5912.6014,5988.292,21464744100.0,241790858877.2,-0.014405799423909849,-0.02037341539833193,-0.025721642935226385,-0.010941693384154627,-0.015492900590754699,-0.012639764393586828,True,True,Validation
2024-12-17,0,0,0,0,0,0,0,0,5896.9676,5924.6244,5837.2514,5848.1628,5912.6014,19310854700.0,204630242337.7,-0.006054840796479888,-0.011481239951191102,-0.0011907136813843477,-0.01183793175326242,0.0008589838614680989,-0.010898519220321479,True,True,Validation
2024-12-18,0,0,0,0,0,0,0,0,5861.2624,5921.9798,5853.1628,5888.6162,5848.1628,18799629000.0,193282038369.0,-0.005459455287311399,0.004893758040929841,0.009627874704944306,0.00599991906180497,-0.02445662558973649,0.00691728349286036,True,True,Validation
2024-12-19,0,0,0,0,0,0,0,0,5829.2631,5918.4895,5816.4729,5901.9155,5888.6162,19653119400.0,211287492264.4,0.010410046511710958,0.01517015075198791,-0.00036083463105307523,0.00025013453244193684,-0.04743534392880644,0.002258476278348631,True,True,Validation
2024-12-20,0,0,0,0,0,0,0,0,5889.946,5962.4154,5889.946,5917.1751,5901.9155,17809039900.0,221132517265.6,0.004711061867120669,-0.01065991097371688,0.0011007740987778458,0.0004666086921680801,-0.07960696074293372,0.0025855334594337975,True,True,Validation
2024-12-23,0,0,0,0,1,0,-1,-1,5917.6939,5935.1523,5815.3415,5818.551,5917.1751,17731548600.0,217347047187.5,-0.01529889878217594,-0.003593359230696258,-0.014697059609656393,-0.004601556021679332,-0.08255259705136164,-0.01666742969968893,True,True,Validation
2024-12-24,0,0,0,0,0,0,0,0,5827.1597,5897.1946,5827.1597,5895.2595,5818.551,16736582400.0,196112525345.7,0.011887403738050972,0.0006111897019056567,0.011246405345643806,0.01284902145379685,-0.0626095248427807,0.013183436907229895,True,True,Validation
2024-12-25,0,0,0,0,0,0,0,0,5896.4295,5897.5101,5796.6475,5840.2889,5895.2595,15727913200.0,191269446368.3,-0.01114374385380168,-0.0006334681013314691,-0.001011832669244983,-0.030274897715643068,-0.07777871337221964,-0.009324542880597586,True,True,Validation
2024-12-26,0,0,0,0,0,0,0,0,5830.7212,5897.4827,5830.7212,5887.0605,5840.2889,14531944400.0,201723277582.2,0.01062871947984756,0.010246090998142776,0.01223035668383532,-0.04767355365919401,-0.0654669957465982,0.00800843944552132,True,True,Validation
2024-12-27,0,0,0,0,0,1,1,1,5892.6943,5975.7919,5881.7173,5899.1665,5887.0605,17908549800.0,236680633735.7,-0.0003786044017249912,0.0015847928849797022,-0.02966021841655697,-0.08003622383737097,-0.0972378628227839,0.0020563743144819124,True,True,Validation
2024-12-30,0,0,0,0,0,0,0,0,5890.4633,5928.5718,5867.8538,5898.884,5899.1665,15556558600.0,196182578970.3,0.001964140919102242,-0.029292704361641775,-0.057332213579872504,-0.07831139530230169,-0.08432279002570142,-4.788812114397967e-05,True,True,Validation
2024-12-31,0,0,0,0,0,0,0,0,5902.033,5905.463,5725.7324,5725.7324,5898.884,18215885500.0,217194009078.8,-0.03119557277975249,-0.05918011641073517,-0.08149186898819438,-0.07450127778004645,-0.058023142195240296,-0.029353281061299086,True,True,Validation
2025-01-02,0,0,0,0,0,0,0,0,5717.9157,5722.1107,5498.8216,5545.8174,5725.7324,19376315700.0,220078999057.0,-0.028885647964344674,-0.05191584059205334,-0.050497911328073575,-0.04898688870141965,-0.02994377828970085,-0.031422181029626906,True,True,Test
2025-01-03,0,0,0,0,0,0,0,0,5552.75,5581.3978,5419.7429,5427.8041,5545.8174,17407731000.0,187233075270.9,-0.023715222187204454,-0.022255116834001276,-0.016284903876457646,-0.01868418351267387,-0.005140696051506022,-0.02127969449553091,True,True,Test
2025-01-06,0,0,0,0,0,0,0,0,5421.0653,5482.6253,5384.3326,5427.1007,5427.8041,14626565800.0,156743673376.1,0.0014955732040342617,0.007610810369688581,0.003089337440742357,-0.018698169896606998,0.03705164739483946,-0.00012959200204010202,True,True,Test
2025-01-07,0,0,0,0,0,0,0,0,5429.1729,5485.5848,5405.1327,5484.6847,5427.1007,14506527800.0,159836326878.2,0.00610610503857778,0.0015913842051338278,0.00365221376537872,-0.006522153678325426,0.03875927399549206,0.010610453570540912,True,True,Test
2025-01-08,0,0,0,0,0,0,0,0,5462.324,5501.6555,5326.9259,5461.5861,5484.6847,16384991500.0,181141237075.9,-0.004487320781411008,-0.0024389984922167374,-0.026110260028515353,0.017804601118498242,0.02645818885880824,-0.004211472721485587,True,True,Test
2025-01-09,0,0,0,0,0,0,0,0,5437.8128,5493.6799,5436.7036,5456.5863,5461.5861,12983262700.0,156798867820.6,0.002057555199399319,-0.02172040567486988,-0.008100646642341114,0.020024025100680243,0.04074353203184922,-0.0009154483529977275,True,True,Test
2025-01-10,0,0,0,0,0,0,0,0,5449.0014,5496.3833,5369.2811,5369.2811,5456.5863,13017955300.0,159984103633.2,-0.023729136865334732,-0.010137343697507628,0.02029309443745042,0.013801354501395302,0.022293736243121476,-0.015999966865730686,True,True,Test
2025-01-13,0,0,0,0,0,0,0,0,5319.7013,5422.0115,5319.2741,5381.6974,5369.2811,11968293700.0,139406540969.0,0.013922153862285569,0.04509223102432469,0.042671268027774545,0.05681209958160616,0.06406064566068781,0.0023124697270924255,True,True,Test
2025-01-14,0,0,0,0,0,1,1,1,5393.763,5582.835,5378.5875,5572.2722,5381.6974,17214286000.0,208083727936.2,0.0307420811778345,0.02835436039737016,0.02418385828224201,0.04557869895284594,0.04624075992957044,0.03541165283651959,True,True,Test
2025-01-15,0,0,0,0,0,0,0,0,5559.5785,5569.1895,5509.5757,5522.459,5572.2722,13839324300.0,169060453013.4,-0.0023165065481132174,-0.006362622634071946,0.011214195464638088,0.008502209295183194,0.008506436234329673,-0.008939477149016661,True,True,Test
2025-01-16,0,0,0,0,0,0,0,0,5546.6997,5633.8547,5508.9146,5545.6336,5522.459,14931808500.0,182995873631.7,-0.004055510703058318,0.013562118749641305,0.016749419479118233,0.020312763642134746,0.036704529001272634,0.004196427714538098,True,True,Test
2025-01-17,0,0,0,0,0,0,0,0,5524.205,5621.9367,5519.4109,5587.2939,5545.6336,12669117400.0,164437435727.2,0.0176893688775126,0.020889648374743386,0.01496001687120585,0.008376770956182833,0.06046797684010641,0.0075122705546215585,True,True,Test
2025-01-20,0,0,0,0,1,0,-1,-1,5621.9247,5665.183,5598.1584,5614.3311,5587.2939,13571250700.0,173426107632.4,0.0031446525777907297,-0.002681910698661527,0.006660316884002482,0.006858878775092947,0.047750283812943994,0.004839050976001236,True,True,Test
2025-01-21,0,0,0,0,0,0,0,0,5639.6037,5642.9168,5573.5002,5633.9249,5614.3311,12649130000.0,170909135202.8,-0.005808298196555817,0.003504643420245923,-0.012256836415651007,0.0006332005208096181,0.03577522654650367,0.0034899616091397245,True,True,Test
2025-01-22,0,0,0,0,0,0,0,0,5606.8472,5618.581,5567.7793,5607.0594,5633.9249,11537499600.0,158106585548.6,0.009367349978790074,-0.006486212072981168,0.009566445827166481,4.191303804468305e-06,0.05909848943270646,-0.004768522917300455,True,True,Test
2025-01-23,0,0,0,0,0,0,0,0,5659.3685,5717.6887,5584.2548,5584.2548,5607.0594,16341998700.0,203633761249.2,-0.015706434383977674,0.00019724815586763533,-0.002861414661370798,0.016065432035394123,0.04144732755960323,-0.004067122955751179,True,True,Test
2025-01-24,0,0,0,0,0,0,0,0,5570.48,5660.4337,5570.48,5649.9504,5584.2548,13943805800.0,180858845316.0,0.016157458603208497,0.013049988510864363,0.006532776349614577,0.05165847467363682,0.07348820927460475,0.01176443453117515,True,True,Test
2025-01-27,0,0,0,0,0,0,0,0,5660.4848,5676.0261,5589.3432,5589.3432,5649.9504,13654605600.0,163085841547.7,-0.0030580596206177812,-0.009471644548890934,0.01586505452677822,0.04061284644735719,0.048584972792436565,-0.01072703222315008,True,True,Test
2025-02-05,0,0,0,0,0,0,0,0,5643.1747,5646.0366,5588.5558,5614.3872,5589.3432,15567414100.0,214999512244.8,-0.006433258215450821,0.0189811596653211,0.03811113627228324,0.0351197881575418,0.03398441660861584,0.0044806695713370814,True,True,Test
2025-02-06,0,0,0,0,0,1,1,1,5606.8707,5749.0232,5597.3246,5747.9012,5614.3872,18142819300.0,257122087039.6,0.02557897402556475,0.044832815566800965,0.05056340963953376,0.05909405044778371,0.05969966455620246,0.02378068972514047,True,True,Test
2025-02-07,0,0,0,0,0,0,0,0,5750.2887,5889.4279,5741.7326,5833.9883,5747.9012,23271886300.0,327949184790.5,0.018773631313502515,0.02436129859010383,0.015838004794437532,0.024980571845027555,0.038147215112869004,0.014977136350221132,True,True,Test
2025-02-10,1,0,0,1,0,0,1,1,5858.2425,5895.4055,5836.1713,5888.5509,5833.9883,20930090500.0,286253277530.5,0.005484699549395566,-0.002881529742068678,0.01364929840306206,0.02075743706410238,0.033992720513020824,0.009352538468409444,True,True,Test
2025-02-11,1,0,0,1,0,0,1,1,5890.3732,5890.3732,5827.3777,5858.2805,5888.5509,18192050800.0,260281069640.5,-0.008320593336938353,0.008120062749165102,0.0006045457357437556,0.007660991666877726,0.01301504970856504,-0.005140551642340396,True,True,Test
2025-02-12,1,0,0,1,0,0,1,1,5841.3618,5940.5374,5841.3188,5940.5299,5858.2805,19544615500.0,285438865878.9,0.016578599873748656,0.009000024617547231,0.023707280038706147,-0.001096850395399196,0.025495476072035173,0.014039853503088562,True,True,Test
2025-02-13,1,0,0,1,0,0,1,1,5938.2034,5957.5798,5889.6952,5898.2611,5940.5299,22828183900.0,313080162906.2,-0.007454982091048001,0.007012423993425276,-0.0004553734215301253,0.0005718227839752732,0.01885806067202056,-0.007115324846694304,True,True,Test
2025-02-14,1,0,0,1,0,0,1,1,5893.9342,5954.477,5886.9501,5947.796,5898.2611,21191426100.0,306627494264.1,0.01457607042847564,0.007052182564237119,-0.010006813445592844,0.012845749109313243,0.0176424263440198,0.008398220960411651,True,True,Test
2025-02-17,1,0,0,1,0,0,1,1,5979.8446,5985.3644,5906.2661,5948.7197,5947.796,23390168900.0,356940293723.8,-0.007415794718143687,-0.024229709915873032,-0.006395751488257773,0.012966139621755302,-0.017373762522190028,0.00015530122418438985,True,True,Test
2025-02-18,1,0,0,1,0,0,1,1,5935.4993,5947.9342,5816.0511,5840.7112,5948.7197,21494148200.0,306905660928.8,-0.016939535314240528,0.001027664176457721,0.0057529953714254844,0.0053133524925188524,-0.01516773828951512,-0.01815659594786423,True,True,Test
2025-02-19,1,0,0,1,0,0,1,1,5834.9547,5945.3461,5831.4815,5943.8823,5840.7112,20529830500.0,313960331576.5,0.01827679998955256,0.023083555387328092,0.03811947331827614,0.026621526299081655,0.017507025375878227,0.01766413309392889,True,True,Test
2025-02-20,1,0,1,0,0,0,1,0,5941.599,5977.7301,5920.5681,5957.5465,5943.8823,19820741100.0,305885399073.0,0.004720480126646054,0.01948652206249535,0.004281288589149002,0.01827578737642832,0.006526997193852857,0.0022988678628443893,True,True,Test
2025-02-21,1,0,1,0,0,0,1,0,5969.6462,6061.824,5943.1948,6057.0648,5957.5465,25231712800.0,396960769353.7,0.014696666613173814,-0.0004371280830680613,0.003458144638454508,0.0047358417991336665,0.010006472410375,0.016704577966785372,True,True,Test
2025-02-24,1,0,1,0,0,0,1,0,6057.3801,6079.0169,6007.1786,6044.973,6057.0648,24381379800.0,382362648270.6,-0.014914599795380346,-0.011075745436546103,-0.001187592635965018,-0.02995154621384921,-0.005728334597988938,-0.0019963134619263023,True,True,Test
2025-02-25,1,0,1,0,0,0,1,0,5967.0367,6044.7559,5956.1761,5979.9653,6044.973,20683395300.0,340316449158.0,0.0038969761992582175,0.013934839717007153,0.0051752321214983965,-0.020372842687560455,-0.0037903235956298076,-0.010754009984825452,True,True,Test
2025-02-26,1,0,1,0,0,0,1,0,5990.2901,6055.8727,5973.8574,6051.7401,5979.9653,21086089800.0,327265336672.0,0.009998898050029181,0.0012732939261155263,-0.019087205809949048,-0.008878150993054668,0.013035445478675411,0.012002544563260331,True,True,Test
2025-02-27,1,0,1,0,0,0,1,0,6050.1864,6064.491,5940.3354,6028.9856,6051.7401,21665293000.0,328254761442.7,-0.008639221429607491,-0.02879815405356767,-0.03383618065056637,-0.011537925509204183,-0.00286468859868505,-0.003759992931619771,True,True,Test
2025-02-28,1,0,1,0,0,0,1,0,5997.9175,6007.4724,5847.1512,5859.8708,6028.9856,20522381400.0,298290643729.1,-0.020334607803458415,-0.025416538323509763,-0.010138535583392061,0.005245787392040624,-0.0006581117529542713,-0.028050290914610976,True,True,Test
2025-03-03,1,0,0,1,0,0,1,1,5875.9522,5964.2684,5851.56,5885.7696,5859.8708,18502458100.0,266955659875.8,-0.0051874145606561894,0.010407708898653167,0.01777203020814233,0.024971135742050565,0.04146633459679938,0.00441968788799918,True,True,Test
2025-03-04,1,0,0,1,0,0,1,1,5845.4712,5943.0837,5843.4633,5937.6302,5885.7696,15392221100.0,231145314804.5,0.01567644367147003,0.02307916597040105,0.03146198034471537,0.016927377898979357,0.047996900574927226,0.008811184182269116,True,True,Test
2025-03-05,1,0,0,1,0,0,1,1,5937.1074,5955.8988,5892.5332,5950.7034,5937.6302,16307150000.0,241738025092.7,0.007288465086550344,0.01554189503124026,0.014413416203318263,0.022109891426252526,0.030371001878793713,0.002201753824278452,True,True,Test
2025-03-06,1,0,0,1,0,0,1,1,5980.3798,6062.5412,5972.6039,6047.7734,5950.7034,21304285200.0,320542701863.5,0.008193710372709218,0.007073396910343588,-0.006013012752133173,0.008774476162868527,0.01913972085853155,0.016312357292080693,True,True,Test
2025-03-07,1,0,0,1,0,0,1,1,6029.3813,6067.3481,5989.3206,6013.7747,6047.7734,20743714900.0,301122130059.3,-0.0011112085414136663,-0.01409126339380784,0.006467479507391571,-0.005873090162667349,0.0015936295155192237,-0.005621688802030844,True,True,Test
2025-03-10,1,0,0,1,0,0,1,1,6022.6814,6041.5219,5971.8131,6013.6191,6013.7747,17304433600.0,248513462299.4,-0.012994494445613514,0.007587118920153957,0.0016891313560103427,0.016093330123688743,-0.008241312582133342,-2.5873932390618748e-05,True,True,Test
2025-03-11,1,0,0,1,0,0,1,1,5944.4197,6044.9742,5942.9124,6044.9742,6013.6191,17385564300.0,245205106219.3,0.02085258212841179,0.014876944170008732,0.008335632828886386,0.03055235147679758,0.004205069840542919,0.0052140149681245695,True,True,Test
2025-03-12,1,0,0,1,0,0,1,1,6068.3762,6098.2352,6038.8221,6040.4965,6044.9742,18476353700.0,267906301206.6,-0.005853575788527965,-0.012261270156586512,0.008442159535198224,0.008082409261311208,-0.021838214315058502,-0.0007407310357089303,True,True,Test
2025-03-13,1,0,0,1,0,0,1,1,6032.8545,6050.1782,5947.7816,5993.967,6040.4965,19371071700.0,253622427436.4,-0.006445423140903017,0.014379909212131503,0.01544562362642754,0.010275086196757988,-0.016631927721777573,-0.007702926406794597,True,True,Test
2025-03-14,1,0,0,1,0,0,1,1,5993.9702,6099.9809,5978.5321,6099.9809,5993.967,21924583400.0,289038080526.0,0.020960431201342944,0.022033059156683965,0.02059621517637855,0.0075108314685981,-0.00654666251093472,0.017686767377931734,True,True,Test
2025-03-17,1,0,0,1,0,0,1,1,6119.6064,6129.8543,6098.5079,6108.0176,6099.9809,18431727300.0,250160671107.9,0.0010506067841227207,-0.0003567386294647257,-0.0040466328030508425,-0.023949220002122962,-0.03801721627064114,0.001317495928552903,True,True,Test
2025-03-18,1,0,0,1,0,0,1,1,6126.0357,6161.2281,6114.2064,6133.3018,6108.0176,16602304300.0,236342189394.2,-0.0014058683987101528,-0.005091890012981826,-0.014209156502303921,-0.025566174875539915,-0.041640844502424335,0.004139510010580105,True,True,Test
2025-03-19,1,0,0,1,0,0,1,1,6117.4233,6128.2297,6076.5643,6101.4369,6133.3018,15389378000.0,218871992193.0,-0.003691210971129011,-0.012821313182627248,-0.023600900725637364,-0.029680731755149403,-0.03801123260507422,-0.005195390841520431,True,True,Test
2025-03-20,1,0,0,1,0,0,1,1,6094.8426,6109.1829,6055.3811,6059.4859,6101.4369,14718786500.0,203849586195.9,-0.009163928203822724,-0.019983452895075637,-0.020579071229829604,-0.026633353911387325,-0.04138349692574517,-0.006875593517979395,True,True,Test
2025-03-21,1,0,0,1,0,0,1,1,6038.9899,6071.0846,5951.7952,5971.9302,6059.4859,17410378500.0,225801003414.7,-0.010919591039554422,-0.011520718059157442,-0.01707838590688815,-0.013952697619182941,-0.08528351736438566,-0.014449361124843962,True,True,Test
2025-03-24,1,0,0,1,0,0,1,1,5973.0466,5987.0606,5882.878,5969.0789,5971.9302,16919243500.0,220094329255.6,-0.0006077635490069344,-0.00622678885512129,-0.006785498710155657,-0.014413180704131667,-0.1160697457140214,-0.00047745032251034214,True,True,Test
2025-03-25,0,0,0,0,0,0,0,0,5969.4164,5993.9312,5929.6734,5946.951,5969.0789,14748394800.0,192227014821.0,-0.005622442421674645,-0.006181492046693271,-0.0024603242621842325,-0.016496419985042476,-0.1205699605743703,-0.0037070878724689837,True,True,Test
2025-03-26,0,0,0,0,0,0,0,0,5935.8537,5983.4739,5935.8537,5948.4986,5946.951,13670211100.0,171695842016.5,-0.0005622106218688971,0.0031799975124049418,-0.008237686181517545,-0.008585319412437675,-0.06760522079578868,0.0002602341939592634,True,True,Test
2025-03-27,0,0,0,0,1,0,-1,-1,5932.5165,6000.6615,5891.7664,5957.6017,5948.4986,13470890400.0,176590477346.0,0.0037443132269416868,-0.007679793220971121,-0.010379086177004226,-0.01515373787835228,-0.0705145110005172,0.001530318927871921,True,True,Test
2025-03-28,0,0,0,0,0,0,0,0,5954.7297,5973.8015,5904.9159,5916.0314,5957.6017,13426192700.0,168899478619.3,-0.01138149058218374,-0.014070714242495286,-0.011728021844551573,-0.07234016012515221,-0.053898416245493075,-0.006977690368256795,True,True,Test
2025-03-31,0,0,0,0,0,0,0,0,5886.956,5908.3026,5802.4187,5857.7721,5916.0314,15425609000.0,189563392181.2,-0.002720183402084242,-0.00035052071053365275,-0.00753178722586012,-0.10314318639378317,-0.04449761472652425,-0.00984769959131715,True,True,Test
2025-04-01,0,0,0,0,0,0,0,0,5870.9424,5931.5038,5867.848,5892.8502,5857.7721,13644860200.0,179327950524.9,0.0023761261905754782,-0.004824727968715914,-0.05910103972404834,-0.10581917819530973,-0.04789103364393421,0.005988300569084837,True,True,Test
2025-04-02,0,0,0,0,0,0,0,0,5884.8925,5936.6467,5884.1126,5899.0865,5892.8502,11215996000.0,140642079451.3,-0.007183784580601982,-0.06133143468636004,-0.10282870927548804,-0.059530993981623204,-0.06071512776146715,0.0010582824589704387,True,True,Test
2025-04-03,0,0,0,0,1,0,-1,-1,5842.6167,5906.7057,5817.9662,5845.5045,5899.0865,13493862500.0,173662140191.8,-0.05453944976400715,-0.09633698887007258,-0.10148408332177583,-0.05621260419154306,-0.05060234398056607,-0.009083101256440407,True,True,Test
2025-04-07,0,0,0,0,0,0,0,0,5523.9636,5587.8502,5212.6773,5287.0333,5845.5045,23652265600.0,267397400609.4,-0.044208654814452464,-0.049652662446942886,0.0019180792574375882,0.019879855833952353,0.005892327024023203,-0.09553858011742189,True,True,Test
2025-04-08,0,0,0,0,0,0,0,0,5279.7566,5371.1834,5249.2318,5326.914,5287.0333,22384066500.0,261875349400.4,-0.005695811810718543,0.04826025502766562,0.04440193322548258,0.0653901166580293,0.06726389621824613,0.007543114963924902,True,True,Test
2025-04-09,0,0,0,0,0,0,0,0,5249.6841,5465.1449,5135.9655,5439.7716,5326.914,24511802700.0,288257435803.9,0.05426515092593842,0.05038472695909446,0.07316537389364042,0.06478347906686421,0.07585803115276968,0.021186300360771737,True,True,Test
2025-04-10,0,0,0,0,0,0,0,0,5534.559,5610.1895,5513.9544,5544.0646,5439.7716,21196303500.0,268666431276.5,-0.003680690728927072,0.017927390420808598,0.01634122971676688,-0.0012590885741754487,0.017790938717971994,0.019172312308112227,True,True,Test
2025-04-11,0,0,0,0,0,0,0,0,5514.188,5631.5954,5510.8949,5581.3184,5544.0646,16441166300.0,227659789695.8,0.02168790763028028,0.02009588719136879,0.01370807451613909,0.005944411035677444,0.017945108146475874,0.0067195825964943,True,True,Test
2025-04-14,0,0,0,0,1,0,-1,-1,5633.7792,5661.8049,5608.7297,5627.1375,5581.3184,15548707700.0,207470466690.5,-0.001558225782082423,-0.007810440991368628,-0.018848573263219093,-0.013714878992772683,-0.0016618684665526962,0.008209368596495015,True,True,Test
2025-04-15,0,0,0,0,0,0,0,0,5625.0005,5626.677,5567.0271,5602.534,5627.1375,12327370800.0,161900884812.5,-0.006261972776713587,-0.017317331794014956,-0.013872692100205253,0.0017587731769979076,-0.0073390037920885165,-0.004372294083803685,True,True,Test
2025-04-16,0,0,0,0,0,0,0,0,5589.7769,5592.6741,5492.6546,5556.8642,5602.534,13253722400.0,163751037649.9,-0.011125023612301832,-0.007658677755099652,-0.005950917289740065,0.010400754992565098,0.002661430011634325,-0.008151632814722753,True,True,Test
2025-04-17,0,0,0,0,0,0,0,0,5527.5905,5604.6198,5526.8881,5557.0105,5556.8642,11365238200.0,148283242243.4,0.0035053428795059904,0.005232315961176903,0.019412273756530984,0.019074043202006452,0.02556008807092347,2.6327798329228713e-05,True,True,Test
2025-04-18,0,0,0,0,0,0,0,0,5546.9666,5579.4791,5525.4046,5560.7207,5557.0105,11164425800.0,139804146811.9,0.0017209405948108714,0.01585136640267515,0.018198811581090046,0.01192978158548863,0.046636192112640584,0.0006676611462224091,True,True,Test
2025-04-21,0,0,0,0,0,0,0,0,5556.5126,5646.2179,5535.6994,5642.3805,5560.7207,12311188300.0,160264813233.9,0.014106149961758518,0.01644956226680727,0.013769679924778844,0.012220614779133054,0.03153112619595233,0.014685110870610751,True,True,Test
2025-04-22,0,0,0,0,0,0,0,0,5634.8936,5651.5541,5617.8786,5624.209,5642.3805,12466668900.0,164464321326.5,0.00231081559374946,-0.0003317897608572373,-0.0038603923240007054,-0.009081804135574134,0.024055006114046096,-0.0032205378563179288,True,True,Test
2025-04-23,0,0,0,0,0,0,0,0,5647.9148,5670.2595,5614.7677,5634.9487,5624.209,12700776400.0,177991292765.2,-0.0026365128595776666,-0.006156980271727841,-0.004160508936855822,-0.007659658746976827,0.018329313324627394,0.00190954852495695,True,True,Test
2025-04-24,0,0,0,0,0,0,0,0,5633.024,5651.5343,5583.4302,5605.8796,5634.9487,12269669600.0,157899194340.6,-0.0035297737059172274,-0.0015280247341393771,-0.008752918503453944,0.006364645348572839,0.03639432390133601,-0.005158715996828822,True,True,Test
2025-04-25,0,0,0,0,0,0,0,0,5613.1407,5661.5869,5596.5266,5627.1804,5605.8796,14000080000.0,171933817273.4,0.002008839721405753,-0.005241646623965757,-0.0015119877540216153,0.034297251804146,0.02938433380086125,0.0037997248460348576,True,True,Test
2025-04-28,0,0,0,0,0,0,0,0,5624.4166,5628.0778,5587.7857,5598.2951,5627.1804,13621809400.0,167616287077.3,-0.007235950480623976,-0.0035137688769355524,0.007904748734295364,0.019077374176016848,0.028868185190976225,-0.005133174689050279,True,True,Test
2025-04-29,0,0,0,0,0,0,0,0,5583.7186,5622.022,5571.2363,5604.9057,5598.2951,12674292700.0,158033003939.8,0.0037493114355726664,0.015251055094359423,0.03974723941138425,0.03344051041540652,0.02149406311414026,0.0011808237832979795,True,True,Test
2025-04-30,0,0,0,0,0,0,0,0,5604.6537,5647.7821,5603.1718,5631.8249,5604.9057,13838662100.0,181616584522.5,0.011458781119696893,0.03586346467757684,0.022670803015001573,0.026189575280984867,0.02048019487805286,0.0048027926678586574,True,True,Test
2025-05-06,0,0,0,0,0,0,0,0,5668.8762,5740.3338,5666.4698,5740.3338,5631.8249,16277360600.0,217059975785.3,0.024128203752270982,0.011085001291790464,0.017916214151933785,0.029839759069002048,0.009636707183692028,0.019267094046194533,True,True,Test
2025-05-07,0,0,0,0,0,0,0,0,5805.656,5819.2422,5713.2734,5750.2911,5740.3338,17101175700.0,227566204818.1,-0.012735907880177533,-0.0060656366825729835,-0.00933896186753047,-0.004750005856357986,-0.011018134729305351,0.0017346203804384785,True,True,Test
2025-05-08,0,0,0,0,0,0,0,0,5731.7157,5783.7915,5724.9511,5773.8056,5750.2911,13614032200.0,187032631458.8,0.006756319054694204,0.003440767308120485,0.018549140530469854,0.009607524671888523,0.0013041819223518214,0.004089271237068148,True,True,Test
2025-05-09,0,0,0,0,0,0,0,0,5770.441,5770.441,5705.1654,5721.7225,5773.8056,12393900700.0,178162276679.5,-0.0032933011532393364,0.011713680115609915,0.0013236596648331656,-0.01155987904563971,-0.012703500477693086,-0.00902058427460739,True,True,Test
2025-05-12,0,0,0,0,0,0,0,0,5751.4372,5794.5161,5737.4622,5793.6743,5721.7225,13582436700.0,199426833721.2,0.015056567078572947,0.0046322161006990825,0.006145611743791468,-0.005563670242283103,-0.017079365832248117,0.012575199164237771,True,True,Test
2025-05-13,0,0,0,0,0,0,0,0,5838.0341,5838.0341,5772.0723,5781.6683,5793.6743,13827108100.0,194252270526.7,-0.010269724186777185,-0.008778777088677803,-0.023004096533112084,-0.019617665474067625,-0.02941596384303402,-0.0020722600854520268,True,True,Test
2025-05-14,0,0,0,0,0,0,0,0,5778.0791,5835.4912,5750.5367,5799.1191,5781.6683,15627999400.0,188145126840.3,0.0015064175912717914,-0.012866507833027119,-0.010148874562828314,-0.006298044621784404,-0.021841791677791322,0.003018298369001915,True,True,Test
2025-05-15,0,0,0,0,0,0,0,0,5786.7833,5786.7833,5715.2938,5715.2966,5799.1191,13516076800.0,165136693963.9,-0.014351306363934557,-0.011637760826468058,-0.010934883288268304,-0.008224327321881941,-0.025872750410405043,-0.014454350489197632,True,True,Test
2025-05-16,0,0,0,0,0,0,0,0,5703.7354,5735.0121,5703.7354,5715.8491,5715.2966,11670913600.0,141882122895.5,0.0027530554800982987,0.003466167101650708,0.006654077957403359,-0.0011569961678095098,0.00018156522478229853,9.667039852323533e-05,True,True,Test
2025-05-19,0,0,0,0,1,0,-1,-1,5719.4381,5729.0703,5669.7208,5720.7949,5715.8491,11538493900.0,141098692009.1,0.0007111537757529263,0.0038903122318956207,0.0034536259776987155,-0.011580123578923018,-0.011498227422026108,0.0008652782663558511,True,True,Test
2025-05-20,0,0,0,0,0,0,0,0,5723.5055,5759.4582,5707.8101,5747.367,5720.7949,11689661500.0,151751185853.6,0.0031768991922869194,0.0027405232684758474,-0.004607193965306844,-0.009994364467719952,-0.004706259127382761,0.0046448265432483815,True,True,Test
2025-05-21,0,0,0,0,0,0,0,0,5741.6885,5763.0788,5733.8275,5757.9225,5747.367,11580454200.0,155147378006.4,-0.0004349939917500656,-0.007759442191961563,-0.015410484215575337,-0.015642262724632316,-0.00011472235040266288,0.0018365801244291102,True,True,Test
2025-05-22,0,0,0,0,0,0,0,0,5739.1909,5757.7946,5701.1614,5703.2797,5757.9225,10905772000.0,141620883824.3,-0.007327635677705002,-0.014982007306988177,-0.012700082863596585,-0.017794773127341013,0.005089219109265075,-0.009490020054976345,True,True,Test
2025-05-23,0,0,0,0,0,0,0,0,5697.1362,5738.0829,5653.0436,5653.0436,5703.2797,11436119800.0,148123602870.9,-0.007710874105484766,-0.0054121051204638615,-0.007944465150754088,0.0013401118969211812,0.013277372585896785,-0.008808282714943827,True,True,Test
2025-05-26,0,0,0,0,0,0,0,0,5653.2063,5693.625,5644.5794,5669.4609,5653.0436,9717098900.0,127343603493.8,0.0023166322446077636,-0.0002354062330963691,-0.0028555476562035498,8.285563539400798e-05,0.027704985752952327,0.002904152375545088,True,True,Test
2025-05-27,0,0,0,0,1,0,-1,-1,5666.3027,5667.871,5629.1343,5652.1454,5669.4609,9514936300.0,125275690002.2,-0.002546140007663178,-0.005160225555899123,0.006788959580292131,0.005341490139593175,0.016276221882745467,-0.0030541704591348084,True,True,Test
2025-05-28,0,0,0,0,0,0,0,0,5651.8755,5660.4696,5628.4165,5637.2378,5652.1454,9490888300.0,119959827369.0,-0.0026207583659619837,0.009358928730825555,0.00031833680695902977,0.015774285898548124,0.02284047127365052,-0.0026375117667709613,True,True,Test
2025-05-29,0,0,0,0,0,0,0,0,5637.0633,5724.5185,5637.0633,5719.9101,5637.2378,11468248400.0,148095092966.2,0.012011165459149709,0.0029468180710334746,0.010556188006616951,0.02329858527577655,0.025916455470705868,0.014665391621407231,True,True,Test
2025-05-30,0,0,0,0,0,1,1,1,5704.771,5704.771,5665.5177,5671.0723,5719.9101,10990070700.0,137670579253.9,-0.008956766187459664,-0.0014377088931352144,0.006355873005244206,0.01192128483334387,0.003546487667953846,-0.008538211116290162,True,True,Test
2025-06-03,0,0,0,0,0,0,0,0,5653.6747,5710.4203,5653.2978,5694.8385,5671.0723,12285390300.0,159996843500.1,0.007587012390366299,0.015451030459888493,0.020291970459496156,0.02761984165802822,0.020981274355951207,0.00419077711282223,True,True,Test
2025-06-04,0,0,0,0,0,0,0,0,5696.5692,5744.4543,5696.5692,5739.0058,5694.8385,11619607700.0,150314940398.1,0.007804802932965371,0.01260929122040677,0.013378227723451541,0.010876634308242927,0.007651342144672002,0.007755672087979226,True,True,Test
2025-06-05,0,0,0,0,0,0,0,0,5741.0298,5778.0959,5719.5466,5769.9675,5739.0058,12522358400.0,174970104156.2,0.004767280601818191,0.005530262183972567,0.011983651434799958,0.0069564523075631435,-0.0012581366499787583,0.0053949588271891,True,True,Test
2025-06-06,0,0,0,0,0,0,0,0,5768.3989,5771.7558,5750.6592,5762.0778,5769.9675,10821766000.0,148022372105.1,0.0007593614928398384,0.0071821315963429555,-0.0017110813886328513,0.002558266211443838,-0.017216007720963877,-0.0013673733864184578,True,True,Test
2025-06-09,0,0,0,0,0,0,0,0,5772.7792,5823.899,5765.3547,5805.6543,5762.0778,12818861900.0,171482411225.9,0.006417896599960171,-0.0024685683457285057,0.0014183462967023441,-0.008276135002703633,-0.02762930894706661,0.0075626365197638545,True,True,Test
2025-06-10,0,0,0,0,0,0,0,0,5809.8283,5810.9224,5715.9712,5757.9921,5805.6543,13826918100.0,182980299992.1,-0.008829796226508146,-0.004967668321626761,-0.004590892987319517,-0.006460139278126276,-0.0217504018148007,-0.008209617303600036,True,True,Test
2025-06-11,0,0,0,0,0,0,0,0,5758.5287,5818.5734,5758.5287,5792.9464,5757.9921,12371670700.0,161353672422.0,0.0038965335016911684,0.004276665322515472,-0.00582193851009194,-0.0031905892906289868,0.0033362167666195486,0.006070571024229032,True,True,Test
2025-06-12,0,0,0,0,0,0,0,0,5780.967,5808.8047,5766.5212,5799.9319,5792.9464,12561584600.0,165393538363.1,0.0003786563735790338,-0.00968075064258267,-0.001499922071860893,-0.008157839337259554,0.015105673497184835,0.0012058630475157983,True,True,Test
2025-06-13,0,0,0,0,0,0,0,0,5783.156,5794.6698,5728.2114,5740.2397,5799.9319,16761337400.0,216010351562.9,-0.010055599399359072,-0.0018778673789882072,-0.0074354556577758135,-0.019723815162516756,0.011631918627130089,-0.01029187946155019,True,True,Test
2025-06-16,0,0,0,0,1,0,-1,-1,5725.0029,5775.9487,5725.0029,5767.8083,5740.2397,12824265800.0,170989175829.1,0.008260799308940081,0.002646758484611267,0.0015377983476654311,-0.019514680071166524,0.02666756727756403,0.004802691427676642,True,True,Test
2025-06-17,0,0,0,0,0,0,0,0,5772.296,5776.6325,5734.829,5750.9122,5767.8083,12152662400.0,160121673881.7,-0.005568044327595167,-0.006667918623715741,-0.017879523156816624,-0.015389682026008433,0.024861562885894806,-0.0029293796050745557,True,True,Test
2025-06-18,0,0,0,0,0,0,0,0,5740.1556,5753.7124,5709.8031,5745.8714,5750.9122,11270384400.0,154540142782.6,-0.0011060327354192045,-0.012380413520497568,-0.022102937418630342,0.0065476970693965075,0.03177354634776797,-0.0008765218150956766,True,True,Test
2025-06-19,0,0,0,0,0,0,0,0,5733.8068,5750.4643,5660.0504,5676.8317,5745.8714,12553113400.0,162657974788.2,-0.011286864426614418,-0.021020153661264085,-0.008780309793486651,0.02345485376312295,0.02832908496323938,-0.012015531708558624,True,True,Test
2025-06-20,0,0,0,0,0,0,0,0,5669.0901,5688.7362,5636.7846,5639.513,5676.8317,10179476600.0,135042595005.9,-0.009844401661564861,0.0025351687389831845,0.019165385993776818,0.03198663221104914,0.04386292960840388,-0.006573860556760902,True,True,Test
2025-06-23,0,0,0,0,0,0,0,0,5613.2813,5684.3973,5613.2813,5674.1704,5639.513,11160180200.0,146034994434.9,0.012502651523984776,0.029298211012514175,0.04542995199617028,0.047101416421087006,0.05132835584063811,0.006145459723206681,True,True,Test
2025-06-24,0,0,0,0,0,0,0,0,5683.4622,5766.0189,5683.4622,5765.8373,5674.1704,14208225600.0,191935453604.6,0.01658816346134917,0.03252070542494323,0.02937698785082099,0.04088038097622948,0.03864537007037727,0.016155119345728552,True,True,Test
2025-06-25,0,0,0,0,0,0,0,0,5777.7404,5866.5246,5776.1237,5862.5529,5765.8373,18463231000.0,239260448527.5,0.01567256292788799,0.012580142922309134,0.017296450356267368,0.025061752514875968,0.0351183483425459,0.016773903765893605,True,True,Test
2025-06-26,0,0,0,0,0,0,0,0,5868.2924,5885.2508,5835.3395,5838.2454,5862.5529,18016416300.0,235223723201.8,-0.0030447017261785447,0.0015988296697688753,0.008096375702069558,0.004762526829781066,0.014088135758197673,-0.004146231243388865,True,True,Test
2025-06-27,0,0,0,0,0,1,1,1,5850.4252,5905.6962,5839.5775,5863.7282,5838.2454,19938972500.0,243302989299.7,0.00465771274197313,0.011175102281454796,0.01232653995815558,0.011508189182557249,0.023143343495785507,0.004364804535280431,True,True,Test
2025-06-30,1,0,0,1,0,0,1,1,5877.6748,5918.3068,5872.2251,5915.3876,5863.7282,16627514700.0,226516690563.4,0.006487174145803465,0.007633273620377912,0.003158647021437977,0.004036800402771545,0.02645661852540737,0.008809992250323084,True,True,Test
2025-07-01,1,0,0,1,0,0,1,1,5915.8043,5936.9237,5890.114,5934.67,5915.3876,15419236500.0,213595657433.4,0.0011387124486184064,-0.003307073562254126,0.0003294057580640608,-0.002147231273353589,0.017381085442599975,0.0032597018663662602,True,True,Test
2025-07-02,1,0,0,1,0,0,1,1,5922.5407,5922.5407,5873.8918,5892.9505,5934.67,16250048500.0,194981070907.2,-0.0044407292971409,-0.0008083861711578599,-0.0035692283212169773,0.009810721942358214,0.016384150808790743,-0.0070297927264700855,True,True,Test
2025-07-03,1,0,0,1,0,0,1,1,5896.2403,5929.7268,5885.943,5922.66,5892.9505,13007004600.0,174689067393.9,0.0036485453281134284,0.0008753883385654859,0.0011636906996479457,0.009281405983402546,0.019923509562525865,0.005041532251119252,True,True,Test
2025-07-04,1,0,0,1,0,0,1,1,5917.753,5969.3028,5889.7303,5911.4352,5922.66,16494106000.0,211373135686.2,-0.002763075782311275,-0.0024758214815656654,0.010627699398741308,0.01150277816596934,0.029483589463771054,-0.001895229508362739,True,True,Test
2025-07-07,1,0,0,1,0,0,1,1,5901.4018,5910.8036,5889.6023,5900.4056,5911.4352,13720736200.0,165759099335.8,0.00028805020529198977,0.013427877423970669,0.008398665550954476,0.022329677670820613,0.036198806188726174,-0.001865807477683279,True,True,Test
2025-07-08,1,0,0,1,0,0,1,1,5903.1017,5979.6273,5903.1017,5977.7437,5900.4056,16868114200.0,216966438897.8,0.01313604337868668,0.008108279754014625,0.014013294062001247,0.019570338759367756,0.04464004067556537,0.013107251474373305,True,True,Test
2025-07-09,1,0,0,1,0,0,1,1,5980.6451,5992.1349,5940.1761,5953.4871,5977.7437,16491440200.0,207864435842.8,-0.004962575023888305,0.0008658764921529727,0.00878385176207841,0.00650956533100433,0.039721768476113084,-0.0040578186716168085,True,True,Test
2025-07-10,1,0,0,1,0,0,1,1,5950.9657,6000.6858,5942.2901,5983.0505,5953.4871,17624260700.0,207636636985.2,0.005857519897988883,0.0138149846839144,0.011369868927323834,0.010544238223386238,0.04148696404013896,0.004965728404786596,True,True,Test
2025-07-11,1,0,0,1,0,0,1,1,5985.8236,6057.6225,5963.2571,6027.0789,5983.0505,22236309800.0,263484519394.2,0.007911125212577419,0.005480248365488105,0.005638806329007151,0.017776334070385813,0.052090058250296556,0.00735885481829035,True,True,Test
2025-07-14,1,0,0,1,0,0,1,1,6033.1782,6042.8856,6011.6872,6020.8585,6027.0789,18927744400.0,226290847208.0,-0.0024117968204552254,-0.0022544833832357503,-0.003226176876393261,0.01356619965244854,0.04509173954119228,-0.0010320754221418982,True,True,Test
2025-07-15,1,0,0,1,0,0,1,1,6018.6274,6049.7867,5973.7969,6018.7583,6020.8585,18973623400.0,246076758437.0,0.0001576937625344943,-0.0008163489236765464,0.012229067378385805,0.0245884967060761,0.048099903974783365,-0.0003488206872823696,True,True,Test
2025-07-16,1,0,0,1,0,0,1,1,6019.5765,6061.199,5997.1633,6017.1947,6018.7583,14861006200.0,213065134852.4,-0.0009738891099730917,0.012069470335662302,0.015856431096107793,0.03299740438550791,0.054122943698780235,-0.00025978780374025234,True,True,Test
2025-07-17,1,0,0,1,0,0,1,1,6013.7141,6082.4644,6013.0436,6082.4644,6017.1947,14969265800.0,235042939349.0,0.013056074614521407,0.0168467270500936,0.025425601792409713,0.03061986269017991,0.04725833241723265,0.01084719761519426,True,True,Test
2025-07-18,1,0,0,1,0,0,1,1,6092.2296,6112.1098,6073.6384,6099.6104,6082.4644,15315220400.0,236482711042.0,0.0037417992256891797,0.012210111056878192,0.020678357230659916,0.03371440564223005,0.021145115738907982,0.0028189231983009044,True,True,Test
2025-07-21,1,0,0,1,0,0,1,1,6115.0255,6162.4401,6110.988,6161.3086,6099.6104,20735050700.0,272008062680.9,0.008436743231896582,0.016873421051146975,0.013544947604879232,0.031103582478928304,0.012317005055825225,0.010115105056546003,True,True,Test
2025-07-22,1,0,0,1,0,0,1,1,6166.6164,6215.4058,6152.8142,6213.4072,6161.3086,24621164200.0,313661670874.1,0.008366095222008596,0.005065468317438926,0.02124489209349889,0.022947170834235697,0.017902037817692174,0.008455768633306215,True,True,Test
2025-07-23,1,0,0,1,0,0,1,1,6218.2069,6256.1516,6187.0121,6196.7577,6213.4072,25837789600.0,311060238982.0,-0.0032732426449175733,0.012771945558775144,0.013994034196578298,0.020450718679045465,0.012981587988009968,-0.002679608701647518,True,True,Test
2025-07-24,1,0,0,1,0,0,1,1,6197.8532,6293.5984,6197.8532,6293.5984,6196.7577,26835556400.0,320187942645.6,0.01609788047254823,0.017323982439596985,0.0177915798328363,0.01614413842522122,0.02556998284502776,0.015627640241605567,True,True,Test
2025-07-25,1,0,0,1,0,0,1,1,6297.6255,6311.1687,6276.4156,6299.5908,6293.5984,23705532800.0,304368073044.4,0.0012066770245386937,0.001666866345100937,0.007581937033251718,-0.012159344819726026,0.004215731786528121,0.0009521421004556885,True,True,Test
2025-07-28,1,0,1,0,0,0,1,0,6305.2247,6329.0304,6271.93,6323.4198,6299.5908,21444826700.0,305210098011.3,0.0004596346899421455,0.006367576400568398,-0.0011597524827307026,-0.018219874067295305,0.004789995826794291,0.0037826266429876743,True,True,Test
2025-07-29,1,0,0,1,0,0,1,1,6308.1228,6356.1497,6272.3139,6356.1327,6323.4198,20175762900.0,292526917595.6,0.005905227463232077,-0.0016186431881130003,-0.013803203070174797,-0.00493195852179662,0.013360440605246326,0.005173292464308643,True,True,Test
2025-07-30,1,0,0,1,0,0,1,1,6345.3737,6368.2693,6269.5128,6314.6873,6356.1327,21212841100.0,304778465291.6,-0.007479701313730436,-0.019592731000224628,-0.024431878614178393,-0.007319442824935574,0.012200258591546609,-0.006520537244290137,True,True,Test
2025-07-31,1,0,0,1,0,0,1,1,6297.9122,6322.0651,6206.1902,6226.3432,6314.6873,22421423700.0,322273638101.9,-0.012204314312288966,-0.01707993007587494,-0.0033186871039579957,0.009276089939773913,0.033550213672397744,-0.01399025728479053,True,True,Test
2025-08-01,1,0,0,1,0,0,1,1,6221.0505,6253.6575,6177.4781,6213.2014,6226.3432,16590719100.0,254479551590.7,-0.004935854483097413,0.008995410019577932,0.012518560972941684,0.016576637659507787,0.03156032891872518,-0.002110677098557723,True,True,Test
2025-08-04,0,0,0,0,0,0,0,0,6190.3443,6261.9617,6187.6219,6261.7313,6213.2014,14859148000.0,236649250157.6,0.014000368283231035,0.01754099525611208,0.026814001282610356,0.02343688702419988,0.06827463538659728,0.007810772076372707,True,True,Test
2025-08-05,0,0,0,0,1,0,-1,-1,6277.0114,6303.2359,6272.5062,6303.2359,6261.7313,15420666500.0,235654712149.9,0.0034917413086106297,0.012636714344663957,0.007513639373030179,0.01838306363439135,0.06151742850108577,0.006628294637938126,True,True,Test
2025-08-06,0,0,0,0,0,0,0,0,6298.9291,6357.5899,6293.2247,6357.3769,6303.2359,16602763800.0,263770937890.4,0.009113152265834978,0.004007903502200039,0.0057942547726088645,0.019663628218961726,0.051546015972778525,0.008589397709198865,True,True,Test
2025-08-07,0,0,0,0,0,0,0,0,6356.3322,6366.2138,6299.4929,6337.5425,6357.3769,17044640000.0,274900586379.3,-0.0050591440139015065,-0.0032889250187395636,0.005674640478985804,0.024051024268366472,0.060311149250506624,-0.003119903116016398,True,True,Test
2025-08-08,0,0,0,0,0,0,0,0,6324.1746,6351.3348,6308.1478,6323.4999,6337.5425,17250752600.0,259175300068.3,0.0017792203270288187,0.010788364381970172,0.015593228561399775,0.014739362192814687,0.0600639805232448,-0.0022157800125205407,True,True,Test
2025-08-11,0,0,0,0,0,0,0,0,6335.4267,6404.8331,6335.4267,6391.7595,6323.4999,17490919900.0,277034087552.0,0.008993143271628368,0.013789473722424894,0.02743016504318474,0.04381095593766404,0.08694623520780387,0.010794591773457762,True,True,Test
2025-08-12,0,0,0,0,0,1,1,1,6392.4021,6418.1595,6360.1093,6418.1595,6391.7595,16835191800.0,290495345645.2,0.004753580817451919,0.018272692827004722,0.003908827950607208,0.042355736664312804,0.08383141292066076,0.004130318107244069,True,True,Test
2025-08-13,0,0,0,0,1,0,-1,-1,6422.7889,6514.4558,6422.2147,6508.0978,6418.1595,21602242300.0,353506820818.3,0.013455151857785674,-0.0008407562639961563,0.029613132700033296,0.03126755419285243,0.08438402825289804,0.014013098303337523,True,True,Test
2025-08-14,0,0,0,0,0,0,0,0,6509.2085,6519.7938,6411.9209,6429.8462,6508.0978,22895316800.0,367959844603.9,-0.014106108292582742,0.015943459177870878,0.023650878597605285,0.0354085139537319,0.053661562692299825,-0.012023728346553075,True,True,Test
2025-08-15,0,0,0,0,0,0,0,0,6417.3889,6570.4994,6417.3889,6568.57,6429.8462,24521724000.0,381378599737.4,0.03047951480702693,0.03829721150295251,0.032135328435526134,0.044666266057212134,0.09550382710949612,0.02157497950728593,True,True,Test
2025-08-18,0,0,0,0,0,0,0,0,6612.9878,6709.7812,6580.4373,6668.1726,6568.57,30244822900.0,491491240868.3,0.007586464925884329,0.0016068379863032334,0.019159584719028233,0.04132480026653007,0.07178992527401906,0.015163513519685479,True,True,Test
2025-08-19,1,0,0,1,0,0,1,1,6663.157,6707.1139,6631.1193,6655.3105,6668.1726,25283927600.0,444629213612.5,-0.005934604272419208,0.011485981795116063,0.006134134315010087,0.0397903276179743,0.06690336127454288,-0.0019288792854582626,True,True,Test
2025-08-20,1,0,0,1,0,0,1,1,6623.6138,6728.0692,6598.5506,6728.0692,6655.3105,24423390700.0,409671381116.0,0.017524587559739624,0.012140789367882432,0.039654244334112576,0.05150600718900611,0.05501629639095196,0.010932427570434111,True,True,Test
2025-08-21,1,0,0,1,0,0,1,1,6739.6899,6767.3225,6673.0608,6704.1657,6728.0692,24254016400.0,404122614402.8,-0.005291074297053333,0.021748522880852494,0.02798293434835908,0.017628837789703145,0.021465052865414336,-0.0035528023403802456,True,True,Test
2025-08-22,1,0,0,1,0,0,1,1,6704.0297,6823.3626,6704.0297,6822.8469,6704.1657,25678382000.0,446681185868.5,0.02718342670826779,0.033451000373700523,0.03889302578716203,0.04866392522097551,0.0007630186960538854,0.01770260541143842,True,True,Test
2025-08-25,1,0,1,0,0,0,1,0,6886.2682,6967.7963,6863.9322,6951.8955,6822.8469,33382894500.0,574922701236.5,0.006101708324401267,0.011399715741539085,-0.004031995152323664,0.02925612162477198,0.005974048469387316,0.018914186686498802,True,True,Test
2025-08-26,1,0,1,0,0,0,1,0,6928.2862,7008.9627,6910.4055,6964.0653,6951.8955,28153238200.0,490812217440.6,0.005265876574209738,-0.010072245572072314,0.01472050909213296,0.026075481697046543,0.004568388066878759,0.0017505729192852648,True,True,Test
2025-08-27,1,0,1,0,0,0,1,0,6964.7697,7074.6302,6862.5624,6862.5624,6964.0653,32806018300.0,583863938867.0,-0.015257776578025184,0.009405106388514106,0.017655142279866087,0.003338344410727556,-0.0077041743390309225,-0.014575236679644665,True,True,Test
2025-08-28,1,0,1,0,0,0,1,0,6858.5028,7011.1602,6798.9335,7011.1602,6862.5624,30806178600.0,563651749090.8,0.025045014197559112,0.03342287765778851,0.036515520559385006,0.0037697586126230753,0.00959404726057711,0.021653398736308782,True,True,Test
2025-08-29,1,0,1,0,0,0,1,0,7030.2741,7078.923,6990.7532,7043.9416,7011.1602,28091581400.0,523041433984.9,0.008173166391904907,0.011190246479863442,-0.006010235077463011,-0.045678034089737585,0.012138374519423234,0.004675602762578501,True,True,Test
2025-09-01,1,0,1,0,0,0,1,0,7087.7337,7110.687,7038.3444,7110.2882,7043.9416,28590831100.0,536161179931.4,0.0029926208993997783,-0.014068417948603251,-0.028694080309478953,-0.02262029116584885,0.011665026297475123,0.009418959407613503,True,True,Test
2025-09-02,1,0,1,0,0,0,1,0,7108.9446,7108.9446,6909.7234,6961.6894,7110.2882,29403653900.0,541493734529.3,-0.01701013396559603,-0.03159215785701863,-0.056238952825711896,-0.020960537517763167,0.006083054860210879,-0.020899124735900276,True,True,Test
2025-09-03,1,0,1,0,0,0,1,0,6988.0205,7003.2681,6846.1814,6868.4615,6961.6894,25908326600.0,449579909558.7,-0.014834358313631224,-0.039907653390541586,-0.00867390128577894,-0.011005777673376849,0.02808281687210279,-0.013391562685919345,True,True,Test
2025-09-04,0,0,0,0,0,0,0,0,6884.3577,6906.6919,6607.9849,6698.4474,6868.4615,27034189400.0,471991424482.0,-0.025450841986319084,0.006253219526928477,0.01097845337118386,0.005802414944243939,0.052861997568778296,-0.024752864961097965,True,True,Test
2025-09-05,0,0,0,0,0,0,0,0,6709.145,6919.336,6678.5997,6913.9532,6698.4474,24085745700.0,431958521699.5,0.03253202904393926,0.037380664749383063,0.030103224777523696,0.06058375545617212,0.07326522231968458,0.0321725001527966,True,True,Test
2025-09-08,0,0,0,0,1,1,0,0,6927.4071,6995.7178,6896.6601,6992.1169,6913.9532,24417430400.0,455360584113.9,0.004695869541144759,-0.002352279830645454,-0.00044800312082138305,0.03507881036759053,0.036879671760592814,0.011305211033247886,True,True,Test
2025-09-09,0,0,0,0,0,0,0,0,6959.9373,6999.7308,6895.5091,6928.9651,6992.1169,22584355700.0,394761613186.2,-0.007015206875498725,-0.005119830605370468,0.022366997472807792,0.027622576427520418,0.04036089520519104,-0.009031857004564658,True,True,Test
2025-09-10,0,0,0,0,0,0,0,0,6911.1119,6977.7671,6870.4039,6932.1092,6928.9651,18992286700.0,359667340648.0,0.00190876666314721,0.029589782796021646,0.03751934619956021,0.03952358230518582,0.03316411357772986,0.00045376184677259346,True,True,Test
2025-09-11,0,0,0,0,0,0,0,0,6924.3036,7123.0523,6889.5863,7122.7051,6932.1092,24395106100.0,469498304002.7,0.027628280192682375,0.03554273674539621,0.03291090529306073,0.04678809866164735,0.05796346075871073,0.027494647660772698,True,True,Test
2025-09-12,0,0,0,0,0,0,0,0,7115.6102,7200.1556,7112.4216,7147.7489,7122.7051,26656750800.0,499359865690.2,0.007701672584594421,0.005140599185716965,0.00964830816617801,0.011957063078019692,0.027577831624334914,0.0035160517876837716,True,True,Test
2025-09-15,0,0,0,0,0,0,0,0,7170.4123,7174.8905,7126.8293,7137.3627,7147.7489,23826572400.0,441828732816.1,-0.0025414996010759694,0.001931757815377022,0.010859389494241478,0.0017398302186890646,0.011311734473065105,-0.0014530728688580963,True,True,Test
2025-09-16,0,0,0,0,0,0,0,0,7152.1887,7195.4246,7080.427,7190.9928,7137.3627,24234918300.0,435210189393.5,0.00448465516576757,0.013435034229452025,0.006781602392565533,0.01239591175775323,0.030806695578375898,0.007513993929438412,True,True,Test
2025-09-17,0,0,0,0,0,0,0,0,7184.2638,7265.3931,7159.6665,7260.0353,7190.9928,25826444900.0,445549244676.8,0.008910418907501771,0.0022866922008071278,-0.00019155755388600149,-0.006117676246799264,0.03977910722042255,0.009601247271447733,True,True,Test
2025-09-18,0,0,0,0,0,0,0,0,7248.2786,7350.9772,7115.6308,7199.8828,7260.0353,34858954100.0,604238742366.8,-0.006565227776978655,-0.009021590312491501,-0.0010253469009868788,0.010675858954980022,0.03464451545778058,-0.0082854280336625,True,True,Test
2025-09-19,0,0,0,0,1,0,-1,-1,7200.692,7231.9992,7142.061,7170.3488,7199.8828,27150719300.0,450654116274.6,-0.0024725956894142698,0.005576491814953233,-0.008385194089679193,0.015436196965513904,-0.009108569009756207,-0.004102011216071566,True,True,Test
2025-09-22,0,0,0,0,0,0,0,0,7182.8876,7225.8581,7143.0754,7225.1281,7170.3488,23185806900.0,421916002388.8,0.008069038975355713,-0.0059272541032106,0.019876769337167532,0.009555279690023344,0.03497580833646907,0.007639698085537994,True,True,Test
2025-09-23,0,0,0,0,0,1,1,1,7240.8466,7250.8156,7045.5606,7180.7137,7225.1281,28128363400.0,495068970675.9,-0.013884260439932516,0.011713215965657886,0.00980502749498946,0.01818535970641899,-0.004848866705724597,-0.006147212808586655,True,True,Test
2025-09-24,0,0,0,0,0,0,0,0,7140.3128,7327.0207,7133.4321,7323.7093,7180.7137,24006493800.0,477262274280.4,0.025957882405375887,0.024022827123203916,0.015574849886128339,0.046179293433755486,0.018058858709943504,0.019913842268909798,True,True,Test
2025-09-25,0,0,0,0,0,0,0,0,7325.6602,7379.6109,7312.3508,7341.3238,7323.7093,23617503000.0,493046787219.8,-0.0018860962183312457,-0.010120330178568726,0.006397211817168458,0.023715473453163938,-0.013546738081026466,0.002405133693659911,True,True,Test
2025-09-26,0,0,0,0,0,0,0,0,7311.8433,7351.7931,7237.0459,7240.9114,7341.3238,21144414800.0,430197601817.0,-0.008249793865248822,0.008298960673842615,0.021636691803829988,-0.02417164766099411,-0.02994589613264831,-0.01367769665737939,True,True,Test
2025-09-29,0,0,0,0,0,0,0,0,7251.5221,7377.2217,7216.7357,7350.5599,7240.9114,23353941800.0,433864489694.5,0.016686414015065987,0.03013509398254466,0.03418173406656244,0.025179927397587232,-0.021499789678638637,0.01514291419171343,True,True,Test
2025-09-30,0,0,0,0,0,0,0,0,7372.524,7428.0307,7372.0634,7412.3684,7350.5599,22070750200.0,444956374594.1,0.013227952869329318,0.01720817728094204,-0.032203353966701265,-0.02262282225191803,-0.03218919328034742,0.008408679181024059,True,True,Test
2025-10-09,0,0,0,0,0,0,0,0,7470.0474,7559.092,7437.3242,7548.9226,7412.3684,28313078400.0,535756806831.8,0.003928261552931911,-0.04483818938016382,-0.0048102104412350855,-0.026879173484227192,-0.048352156373197896,0.018422478839556833,True,True,Test
2025-10-10,0,0,0,0,0,0,0,0,7499.3917,7509.1161,7373.9841,7398.2241,7548.9226,26225664600.0,502127435137.5,-0.04857563314101865,-0.008704279308413887,-0.03915717590801393,-0.03639899220092746,-0.04313261834289839,-0.019962914972793566,True,True,Test
2025-10-13,0,0,0,0,0,0,0,0,7135.104,7391.8246,7135.104,7376.5636,7398.2241,25802781700.0,473285532818.8,0.04190701354878623,0.009899323121288717,0.018802066515078097,-0.005917278851156227,0.028184606699495962,-0.0029277972263640484,True,True,Test
2025-10-14,0,0,0,0,0,0,0,0,7434.1149,7459.0156,7166.0822,7194.8509,7376.5636,27735887300.0,505838515442.6,-0.03072029462444803,-0.02217563250199417,-0.027937892108716222,-0.045533194543441846,-0.012060749827797146,-0.024633787472529867,True,True,Test
2025-10-15,0,0,0,0,0,0,0,0,7205.7367,7294.0014,7153.4185,7294.0014,7194.8509,21755977700.0,397458970801.8,0.00881547614694278,0.0028705878192856193,-0.015661563098746112,-0.009787798657700075,0.020125617412581676,0.01378075812523094,True,True,Test
2025-10-16,0,0,0,0,1,0,-1,-1,7269.2587,7305.9472,7206.4433,7231.5336,7294.0014,19493637000.0,359837530025.8,-0.005892939262156172,-0.024263148042867222,-0.02388727752941311,-0.02206610145818577,0.02657408519523452,-0.008564270360573278,True,True,Test
2025-10-17,0,0,0,0,0,0,0,0,7226.4214,7254.5786,7009.8906,7016.0661,7231.5336,20004411300.0,348113892817.2,-0.018479105024237885,-0.018101006398547503,-0.012622153476961606,-0.006987981630852569,0.02204699825559575,-0.029795547102207998,True,True,Test
2025-10-20,0,0,0,0,0,0,0,0,7092.8836,7129.9939,7033.3835,7069.6412,7016.0661,17683419200.0,314675076901.6,0.0003852170928055898,0.0059672204404990214,0.002251679415689267,0.03430487707425511,0.03302414267731679,0.007636059757190727,True,True,Test
2025-10-21,0,0,0,0,0,0,0,0,7095.6159,7193.73,7082.2995,7185.624,7069.6412,20597382900.0,344991294992.6,0.005579853892598852,0.0018657436065558919,0.011317889966394601,0.035069260161052496,0.030944868365831324,0.016405754792760963,True,True,Test
2025-10-22,0,0,0,0,0,1,1,1,7135.2084,7166.5571,7101.8265,7128.4776,7185.624,16974325400.0,286200266692.2,-0.003693501089610751,0.005706196331980884,0.02816956264374837,0.03020909662568494,-0.005080818662563491,-0.007952879248900202,True,True,Test
2025-10-23,0,0,0,0,0,0,0,0,7108.8545,7153.6555,7022.2945,7142.9536,7128.4776,18893373200.0,286304409856.4,0.009434543919839777,0.031981186279730345,0.033141682671941064,0.04973770387338772,0.018897756312215908,0.0020307281319085213,True,True,Test
2025-10-24,0,0,0,0,0,0,0,0,7175.9233,7258.5343,7174.351,7258.5343,7142.9536,19532393300.0,366061817471.7,0.022335913205761226,0.02348556317484607,0.02436387523818695,0.02923930360292437,0.018307414183203363,0.016181079490702688,True,True,Test
2025-10-27,0,0,0,0,0,0,0,0,7336.2041,7391.2121,7302.0165,7379.3941,7258.5343,23205182100.0,471762068046.1,0.001124532508576248,0.0019836552802559027,0.01720624157662143,-0.0012382561711989926,0.002880931297972067,0.01665071693606235,True,True,Test
2025-10-28,0,0,0,0,0,0,0,0,7344.4539,7404.756,7308.2722,7341.0304,7379.3941,20211846300.0,422068633884.5,0.0008581577453974365,0.01606364497706214,0.005621711370534799,-0.003984652963782698,0.002787300496228884,-0.005198760152950843,True,True,Test
2025-10-29,0,0,0,0,0,0,0,0,7350.7566,7480.9666,7350.7566,7480.9666,7341.0304,22384413300.0,443141380250.4,0.015192449713271827,0.004759469249736803,-0.0032155329425545,-0.03425509967232476,-0.011694660111586264,0.019062201404315138,True,True,Test
2025-10-30,0,0,0,0,0,0,0,0,7462.4326,7463.6529,7375.2391,7385.7109,7480.9666,24341203600.0,473832269828.3,-0.010276849937646326,-0.018132505478173466,-0.019731340689093768,-0.02937871760476607,-0.029319206179497015,-0.01273307382497868,True,True,Test
2025-10-31,0,0,0,0,0,0,0,0,7385.7423,7430.8564,7331.0031,7331.0031,7385.7109,23204167600.0,434918176654.6,-0.007937225212962029,-0.009552662025589465,-0.03882975987396686,-0.010621329151979775,-0.013816214519155379,-0.007407249043555164,True,True,Test
2025-11-03,0,0,0,0,0,0,0,0,7327.12,7336.5108,7214.8331,7333.6013,7331.0031,22168706000.0,390397102165.8,-0.0016283614844577743,-0.031139697452750803,-0.011453900031663244,0.0041242944021662176,-0.010672460666673933,0.00035441261783120126,True,True,Test
2025-11-04,0,0,0,0,0,0,0,0,7315.1888,7323.7044,7167.3474,7210.8253,7333.6013,19332584200.0,326392392688.4,-0.029559469469878863,-0.009841564171248707,-0.0010789742022789817,0.006799045296001172,-0.013691868075913494,-0.016741570065991973,True,True,Test
2025-11-05,0,0,0,0,0,0,0,0,7098.9557,7257.84,7098.9557,7229.341,7210.8253,19558024300.0,311844646147.3,0.02031850966473825,0.02934800677795457,0.036397395746532,0.02336066134347048,0.005959806172617821,0.002567764330665412,True,True,Test
2025-11-06,0,0,0,0,0,1,1,1,7243.1959,7352.1766,7243.1959,7345.723,7229.341,20172296700.0,352809569430.2,0.008849684708928107,0.01575869292724774,0.01680600686224709,6.131271418463591e-05,-0.00953878660109142,0.01609856278739641,True,True,Test
2025-11-07,0,0,0,0,0,0,0,0,7307.2959,7371.4378,7285.8192,7327.9108,7345.723,19292057800.0,336398935520.3,0.006848402019685507,0.007886528859464947,-0.00581663868299076,-0.003229183588966178,-0.048109096006362706,-0.0024248395971370185,True,True,Test
2025-11-10,0,0,0,0,0,0,0,0,7357.3392,7384.7854,7289.7682,7343.8017,7327.9108,20450133000.0,371310636981.7,0.0010310656874430446,-0.012578895370217502,-0.015453847771487839,-0.014735979550868139,-0.06803880946524798,0.002168544409683726,True,True,Test
2025-11-11,0,0,0,0,0,0,0,0,7364.9251,7379.806,7281.9746,7291.6084,7343.8017,19166031300.0,338597660848.1,-0.013595942747605116,-0.016467933937305057,-0.011028734019304598,-0.020352535560748675,-0.061073506368720554,-0.007107122731813353,True,True,Test
2025-11-12,0,0,0,0,0,0,0,0,7264.792,7305.8564,7187.8685,7243.2483,7291.6084,18550701000.0,313840341324.2,-0.002911576821469919,0.002602593439702039,-0.0021845635773193317,-0.017003638920426112,-0.043870602214075904,-0.00663229528343845,True,True,Test
2025-11-13,0,0,0,0,0,0,0,0,7243.64,7366.4121,7243.64,7355.2911,7243.2483,19989023000.0,339596060555.8,0.005530272073156484,0.0007291361801524676,-0.003949644101584271,-0.009599510743217632,-0.03767540904848943,0.015468584723238088,True,True,Test
2025-11-14,0,0,0,0,0,0,0,0,7283.6993,7329.5958,7235.4617,7235.4617,7355.2911,20586491000.0,310485059932.4,-0.004774730335174726,-0.009427777997370157,-0.019555337766346215,-0.04502530740114441,-0.046193889415506284,-0.01629159177670081,True,True,Test
2025-11-17,0,0,0,0,1,0,-1,-1,7248.9216,7262.3306,7202.5932,7235.3512,7235.4617,20305060200.0,310823159399.7,-0.004675371299366682,-0.01485151943152474,-0.01032112142032271,-0.05410004710217853,-0.026910830433039767,-1.5272003996646966e-05,True,True,Test
2025-11-18,0,0,0,0,0,0,0,0,7215.0302,7230.5416,7118.4085,7151.0176,7235.3512,20221412100.0,306540024621.6,-0.010223948889361512,-0.005672270089735809,-0.03593632913691758,-0.04156696391929171,-0.018049986817796015,-0.011655771457230735,True,True,Test
2025-11-19,0,0,0,0,0,0,0,0,7141.2641,7178.1495,7086.1232,7122.7465,7151.0176,16278660200.0,256755086038.0,0.004598695628691196,-0.025977977764468974,-0.03984021540388072,-0.02733170168009902,-0.013500032858328348,-0.003953437340162624,True,True,Test
2025-11-20,0,0,0,0,0,0,0,0,7174.1046,7180.732,7056.9003,7061.9497,7122.7465,15961874600.0,254158167502.1,-0.030436704254353963,-0.04423548549877565,-0.036099459715153825,-0.028348025480420147,-0.02403955749404596,-0.008535583850976636,True,True,Test
2025-11-21,0,0,0,0,0,0,0,0,6955.7485,6986.7784,6817.4103,6817.4103,7061.9497,20893338400.0,310968718151.3,-0.014231955051278722,-0.005840521692237699,-0.0013898288588208851,-0.0012236785156909402,0.0076053209801936195,-0.03462774593254336,True,True,Test
2025-11-24,-1,0,0,-1,0,0,-1,-1,6856.7546,6905.9229,6797.4956,6868.9664,6817.4103,16636391300.0,270213254389.5,0.008512584072937424,0.013027533463134233,0.01662277661213074,0.028744283775300916,0.03825372429108076,0.007562417066198979,True,True,Test
2025-11-25,-1,0,0,-1,0,0,-1,-1,6915.1233,7018.4695,6912.3198,6954.6034,6868.9664,16271253000.0,289204914941.8,0.004476839914047348,0.008041736580459702,0.0046439663628268235,0.024536901605210604,0.03410634774943189,0.012467232333528422,True,True,Test
2025-11-26,-1,0,0,-1,0,0,-1,-1,6946.0812,7024.8824,6936.8765,6965.0453,6954.6034,14894352600.0,274858341724.5,0.0035490083242908366,0.00016638158505832834,0.01551463291272781,0.014220334769481147,0.02382484385584216,0.0015014371631889567,True,True,Test
2025-11-27,-1,0,0,-1,0,0,-1,-1,6970.7329,7045.8447,6943.4443,6951.2844,6965.0453,13784110300.0,253013152924.5,-0.003370664223843689,0.01192330866672564,0.016363573477331306,0.004434167890724927,0.028759529718890953,-0.0019757086145585356,True,True,Test
2025-11-28,-1,0,0,-1,0,0,-1,-1,6947.2369,7031.7124,6941.4833,7031.5505,6951.2844,14021118400.0,243255194578.2,0.015345698086098203,0.019800980156585712,0.014051615254404126,0.008839816589527816,0.020276147485340568,0.011546945194761626,True,True,Test
2025-12-01,-1,1,0,0,0,0,-1,0,7053.8471,7101.8323,7040.8033,7101.8323,7031.5505,17897343200.0,308533693613.8,0.004387945976316976,-0.0012745243655764016,-0.007400897589628697,0.00924373594658734,0.009573981267612108,0.009995206604858975,True,True,Test
2025-12-02,0,0,0,0,0,0,0,0,7084.799,7085.3031,7022.6102,7040.3008,7101.8323,14951819700.0,247360273405.6,-0.005637732277231966,-0.011737340748834146,-0.010748335979609336,0.009340264981405833,0.0023812390443258558,-0.008664172484050381,True,True,Test
2025-12-03,0,0,0,0,0,0,0,0,7044.8568,7064.16,6975.0888,6996.3552,7040.3008,15783886700.0,251308651462.9,-0.006134191400455347,-0.00513957927434372,0.010531683199011432,0.00946984472416812,-0.006011534542476382,-0.006242006023378988,True,True,Test
2025-12-04,0,0,0,0,0,0,0,0,7001.6423,7039.7157,6958.6322,7012.8061,6996.3552,14103833800.0,239912559988.0,0.0010007509238225687,0.01676873724326078,0.02132793901796437,0.024217975259890112,0.013616691044042506,0.0023513528872862732,True,True,Test
2025-12-05,0,0,0,0,0,0,0,0,7008.6492,7104.0208,6965.8064,7097.8389,7012.8061,16873827400.0,275108399690.5,0.015752222268450966,0.02030686597925313,0.014684898196930751,0.011336121659506038,0.01651606417967111,0.01212536020352828,True,True,Test
2025-12-08,0,0,0,0,0,0,0,0,7119.051,7193.723,7114.3234,7172.3671,7097.8389,19261175000.0,347244592783.5,0.004484010579499875,-0.0010507720762220618,0.007326383811550263,0.00032722058038348045,0.012141786875806693,0.01050012560865543,True,True,Test
2025-12-09,0,0,0,0,0,0,0,0,7150.9729,7185.1071,7103.8325,7121.3256,7172.3671,16690106600.0,305522303623.1,-0.005510075419248195,0.0028296848950442044,-0.008792202247053682,-0.006894628281978177,0.014953867326220616,-0.007116409309278149,True,True,Test
2025-12-10,0,0,0,0,0,0,0,0,7111.5705,7171.9733,7070.4751,7155.9944,7121.3256,15396782700.0,280495257218.4,0.008385967628388169,-0.0033003117947013605,0.0013794421358825915,-0.015336148323355503,0.0205361811431104,0.004868307102823488,True,True,Test
2025-12-11,0,0,0,0,1,0,-1,-1,7171.2079,7179.4249,7082.8932,7082.8932,7155.9944,18184855400.0,300744575886.1,-0.011589093658824323,-0.0069482576289553455,-0.009696874078912177,-0.010350613318573676,0.023805529330700237,-0.01021537971019082,True,True,Test
2025-12-12,0,0,0,0,0,0,0,0,7088.1001,7187.0997,7063.8407,7169.791,7082.8932,19840247300.0,373144936682.2,0.004695249718609462,0.0019144058081235205,-0.012075690071024714,0.005121880262385137,0.04719195486531014,0.01226868703879358,True,True,Test
2025-12-15,0,0,0,0,0,1,1,1,7121.3805,7177.1541,7110.6781,7113.962,7169.791,17217406400.0,301023637030.3,-0.0027678481721346015,-0.01669256403305508,-0.0034261615426952607,0.011810701590794004,0.04860345546765821,-0.007786698384931956,True,True,Test
2025-12-16,0,0,0,0,0,0,0,0,7101.6696,7102.7717,6962.6451,7001.3188,7113.962,17206587400.0,284968704393.8,-0.013963364333367423,-0.0006601405393459325,0.0032013457793078626,0.022000178662211933,0.0406200536279524,-0.015834102009541273,True,True,Test
2025-12-17,0,0,0,0,0,0,0,0,7002.5064,7160.7763,6988.871,7137.8339,7001.3188,17441313600.0,302410118522.7,0.013491612089065574,0.01740778130527665,0.02898713523489227,0.036431041319719304,0.06729668965386448,0.019498483628541452,True,True,Test
2025-12-18,0,0,0,0,0,0,0,0,7096.9815,7172.9624,7094.5396,7100.8359,7137.8339,15489612300.0,275510779270.5,0.003864037126206421,0.015289246562077086,0.022675288078459754,0.03451337727173165,0.06015147425704859,-0.005183365222325986,True,True,Test
2025-12-19,0,0,0,0,0,0,0,0,7124.4045,7197.0681,7117.1583,7169.5511,7100.8359,17884314600.0,292738015322.5,0.011381231933139002,0.018738843365785796,0.018697773266523665,0.041855694746136374,0.0757308207303502,0.009677057879903916,True,True,Test
2025-12-22,0,0,0,0,0,0,0,0,7205.489,7277.386,7205.489,7255.6607,7169.5511,17824288100.0,327207674824.3,0.00727481507500749,0.007234207144025895,0.01893463441551302,0.03636327805094153,0.087908329330598,0.012010459064863976,True,True,Test
2025-12-23,0,0,0,0,0,0,0,0,7257.9076,7297.7034,7228.7225,7256.7864,7255.6607,17347600200.0,328559029521.9,-4.031464936249396e-05,0.01157560892618692,0.02269163636087068,0.018219052554485637,0.0820210634811609,0.0001551478282328933,True,True,Test
2025-12-24,0,0,0,0,0,0,0,0,7257.615,7362.5704,7247.4054,7352.0396,7256.7864,16883771300.0,331930929314.7,0.011616391886315247,0.022732867477814667,0.028919858658801978,0.029780706196181672,0.08959327547686113,0.013126085673405008,True,True,Test
2025-12-25,1,0,0,1,0,0,1,1,7341.9223,7426.1367,7334.3404,7410.7119,7352.0396,16841420100.0,336366985228.8,0.010988825092850707,0.017104771048857437,0.006567421722782241,0.024782760231608414,0.10892295877334468,0.007980411313345037,True,True,Test
2025-12-26,1,0,0,1,0,0,1,1,7422.6014,7484.9158,7397.4255,7458.8386,7410.7119,19927688400.0,386914288411.3,0.006049469394921347,-0.004373345441936238,0.006891182382500194,0.03251422068818077,0.1142215450232853,0.0064942073918701215,True,True,Test
2025-12-29,1,0,0,1,0,0,1,1,7467.5042,7491.6926,7411.4472,7430.6147,7458.8386,19884433800.0,390446087065.9,-0.010360141478059082,0.0008366516887932107,0.007548867531939285,0.04973647018504512,0.09345127653225815,-0.0037839537109705113,True,True,Test
2025-12-30,1,0,0,1,0,0,1,1,7390.1398,7495.0606,7389.8691,7458.936,7430.6147,19620361500.0,407623516139.8,0.01131400788926884,0.01809649121928647,0.037049596815475594,0.0626603978452478,0.10557429508978977,0.00381143433530462,True,True,Test
2025-12-31,1,0,0,1,0,0,1,1,7473.7519,7488.0663,7435.0664,7465.5742,7458.936,19442774300.0,380369638018.7,0.006706604750955192,0.02544767374469581,0.048858940581102184,0.05808282182875235,0.10275180528805072,0.0008899660755905536,True,True,Test
2026-01-05,1,0,0,1,0,0,1,1,7523.8754,7651.2383,7523.2477,7651.1981,7465.5742,25185386300.0,504690493732.0,0.01861621738180297,0.04187152009455142,0.04377179079813032,0.08210540009740197,0.0897972340158637,0.02486398166131676,True,True,Test
2026-01-06,1,0,0,1,0,0,1,1,7663.9415,7814.6506,7663.6621,7814.1356,7651.1981,31312510200.0,571675102991.1,0.022830289088193068,0.024695830467912572,0.03182526902116889,0.07913433316264218,0.0839907376641642,0.021295684397454107,True,True,Test
2026-01-07,1,0,0,1,0,0,1,1,7838.9115,7909.6559,7828.3941,7875.0822,7814.1356,29390344000.0,582740692942.6,0.0018239011883218748,0.0087942056751118,0.03861693042458758,0.041643600645319134,0.04562431914175846,0.007799531914956859,True,True,Test
2026-01-08,1,0,0,1,0,0,1,1,7853.2089,7938.5946,7849.0679,7894.5447,7875.0822,29356173500.0,564453373682.6,0.006957614485462171,0.03672604455995043,0.05312649966563354,0.04038345395345333,0.06398266064207192,0.002471402774691045,True,True,Test
2026-01-09,1,0,0,1,0,0,1,1,7907.8485,8064.7584,7907.8485,8056.6858,7894.5447,31462467400.0,631145879411.5,0.029562743899304467,0.04584987939513496,0.032563028995813426,0.04221690640633802,0.0650629055425127,0.020538372529577353,True,True,Test
2026-01-12,1,0,0,1,0,0,1,1,8141.6262,8261.3544,8103.2382,8249.1275,8056.6858,33523628600.0,685824116976.6,0.01581946859707206,0.002914135262068518,0.0035278455795477726,0.007108211379196039,0.059356950089406,0.023885963133873256,True,True,Test
2026-01-13,1,0,0,1,0,0,1,1,8270.4224,8270.4224,8106.6099,8143.28,8249.1275,36413103300.0,735218804688.9,-0.012704357155929547,-0.012100204216896948,-0.0034737040758643367,0.004500278002729452,0.02348465297250124,-0.012831357013211475,True,True,Test
2026-01-14,1,0,1,0,0,0,1,0,8165.352,8368.2215,8123.4045,8227.697,8143.28,42276600200.0,815959272095.4,0.000611927079199992,0.009349431598294933,0.004181889525399551,0.0038215743791572,0.048985861234151384,0.010366461671464045,True,True,Test
2026-01-15,1,0,1,0,0,0,1,0,8170.3486,8249.0307,8148.7884,8223.2683,8227.697,31359583000.0,600802134839.4,0.008732161073274236,0.0035677792254789065,0.016803811773710597,0.0226831814740438,0.05071166730878529,-0.0005382672696868651,True,True,Test
2026-01-16,1,0,1,0,0,0,1,0,8241.6934,8292.7409,8204.5254,8232.674,8223.2683,28197904200.0,616185542296.4,-0.0051196760122136364,0.008001777887054251,-0.0054766536207230265,0.021920580059433092,0.024019214303701242,0.001143790966908087,True,True,Test
2026-01-19,1,0,0,1,0,0,1,1,8199.4986,8318.3703,8195.089,8287.947,8232.674,26149738200.0,560926083767.2,0.013188977189410034,-0.0003588146231283673,0.019047445169390942,0.05187996495297886,0.009783110396530903,0.006713857490288078,True,True,Test
2026-01-20,1,0,0,1,0,0,1,1,8307.6416,8342.8738,8142.1424,8247.8049,8287.947,28986446000.0,588171478668.1,-0.013371436244914547,0.005782206589171945,0.013808311133691742,0.018899322763273663,-0.020676349350458367,-0.004843431069238346,True,True,Test
2026-01-21,1,0,0,1,0,0,1,1,8196.5565,8351.4545,8196.5565,8340.1133,8247.8049,24330438100.0,517592184757.5,0.019413225541725865,0.027548105109749477,0.05225753034216263,0.044992345261086086,0.009063013230006911,0.011191874822354508,True,True,Test
2026-01-22,1,0,0,1,0,0,1,1,8355.6781,8396.1328,8337.195,8387.595,8340.1133,26880524300.0,546138129653.9,0.007979962751317737,0.032218833322456675,0.013041706333804415,0.02740681214131513,-0.018264873080737654,0.005693172057986029,True,True,Test
2026-01-23,1,0,0,1,0,0,1,1,8422.3561,8590.1659,8417.752,8590.1659,8387.595,31969006900.0,639421447042.0,0.024046976593639746,0.005021670836263814,0.01697656787511015,0.002053617751925696,-0.04370963369739267,0.02415124955365644,True,True,Test
2026-01-26,1,0,1,0,0,0,1,0,8624.8883,8671.3461,8453.4762,8506.6932,8590.1659,34928559700.0,692104522399.7,-0.018578547852034166,-0.006904379271787331,-0.00466182269282267,-0.040020587860830625,-0.039974952487210835,-0.009717239570425584,True,True,Test
2026-01-27,1,0,1,0,0,0,1,0,8464.6504,8581.1049,8368.1751,8548.9321,8506.6932,30285260600.0,610885915269.2,0.01189516344348962,0.014180172166354144,-0.0029532229706733526,-0.03884159232376572,-0.017262130518704177,0.004965372443430871,True,True,Test
2026-01-28,0,0,0,0,0,0,0,0,8565.3388,8633.1468,8526.5335,8601.1644,8548.9321,31177425700.0,612731517849.5,0.0022581476870477957,-0.014673838704430286,-0.03334644509333351,-0.03438238776964653,-0.03152311966924182,0.006109804053771706,True,True,Test
2026-01-29,0,0,0,0,0,1,1,1,8584.6806,8658.9445,8503.0945,8517.8429,8601.1644,35419838700.0,666256871148.3,-0.01689383761115104,-0.03552437349853166,-0.05228041914570469,-0.04445336032653324,-0.028226513168119527,-0.009687234905078723,True,True,Test
2026-01-30,0,0,0,0,0,0,0,0,8439.6524,8496.3367,8194.5842,8370.5203,8517.8429,32894717000.0,600497374470.5,-0.018950685694117064,-0.03599466963829001,-0.02000205600884708,-0.045669463827681,-0.008687526040764393,-0.01729576393102994,True,True,Test
2026-02-02,0,0,0,0,0,0,0,0,8279.7152,8324.4341,8032.35,8037.0456,8370.5203,29964602200.0,546055656717.8,-0.017373218344515107,-0.0010716793737060026,-0.00925786674401552,4.753786700284479e-05,0.014927494124435503,-0.03983918419025878,True,True,Test
2026-02-03,0,0,0,0,0,0,0,0,8135.8699,8286.7005,8075.3738,8286.7005,8037.0456,27222713600.0,543264486191.1,0.01658975643157734,0.00825883412909545,-0.010036038063981345,0.022451514373404535,0.033949670212892746,0.031063018978018553,True,True,Test
2026-02-04,0,0,0,0,1,0,-1,-1,8270.842,8309.8579,8179.3522,8299.0574,8286.7005,26886027700.0,501886746835.7,-0.00819496975035916,-0.026191287416686304,0.0011204179695367689,0.0029610769979646623,0.0328854547094477,0.0014911725119062247,True,True,Test
2026-02-05,0,0,0,0,0,0,0,0,8203.0627,8224.7847,8081.4283,8146.1073,8299.0574,23184051500.0,435277701063.7,-0.018145015519630325,0.009392357808017282,0.014076425381948976,0.016981742684960777,0.03617344043950799,-0.018429815896923385,True,True,Test
2026-02-06,0,0,0,0,0,0,0,0,8054.218,8247.2968,8014.6599,8146.4128,8146.1073,21864214400.0,418373434780.9,0.02804627339364285,0.03281690413644123,0.02993643827370951,0.03875170749041068,0.06600707852705257,3.750257500301224e-05,True,True,Test
2026-02-09,0,0,0,0,0,0,0,0,8280.1088,8313.4692,8229.0026,8311.2829,8146.4128,21166756600.0,427982319251.6,0.004640482501872434,0.0018385990290368248,0.007518765936988636,0.01487924892967607,0.04480028088519794,0.020238367984495076,True,True,Test
2026-02-10,0,0,0,0,0,0,0,0,8318.5325,8331.9858,8258.1519,8306.4448,8311.2829,19580622000.0,394283311159.0,-0.002788941438889525,0.0028649885060856306,0.005746229878888176,0.011245673440597903,-0.01809831241267612,-0.0005821122994141836,True,True,Test
2026-02-11,0,0,0,0,0,0,0,0,8295.3326,8373.5033,8295.1223,8325.8107,8306.4448,20401970300.0,388612429404.3,0.0056697425248506406,0.008559041984645743,0.013016717376709064,0.029836030926595924,0.010634148653665632,0.002331430650089894,True,True,Test
2026-02-12,0,0,0,0,0,0,0,0,8342.365,8437.4202,8341.7705,8423.5695,8325.8107,21213831800.0,438320451204.1,0.0028730102315113193,0.007305554240314427,0.008356742961977748,0.01887123135945279,-0.00829286419378672,0.011741655380178129,True,True,Test
2026-02-13,0,0,0,0,0,0,0,0,8366.3327,8419.7618,8290.8388,8299.585,8423.5695,20278572500.0,406320461061.6,0.004419845746751028,0.005468023044314263,0.02109642376521781,0.026238581212530532,-0.015794255946814162,-0.014718760259531338,True,True,Test
2026-02-24,0,0,0,0,0,0,0,0,8403.3106,8444.1283,8328.5678,8392.9098,8299.585,22462927800.0,449713840344.2,0.0010435649016709014,0.016603194460049986,0.011481796233974828,0.0294823566321587,-0.0073977867722752055,0.011244514032930697,True,True,Test
2026-02-25,0,0,0,0,0,0,0,0,8412.08,8551.5345,8401.5965,8527.5593,8392.9098,27789338900.0,506848669829.3,0.015543409002291897,0.010427349716122691,0.020657601924851,-0.029017662694601043,0.0008595377124325232,0.016043244024855463,True,True,Test
2026-02-26,0,0,0,0,0,0,0,0,8542.8324,8582.7633,8490.9215,8557.216,8527.5593,25411176500.0,513984663150.7,-0.005037755393632493,0.005035917595667794,0.01266881930166397,-0.018645572398213073,-0.017103250205400156,0.003477747730232572,True,True,Test
2026-02-27,0,0,0,0,0,0,0,0,8499.7957,8658.4503,8499.7957,8658.4503,8557.216,28036116700.0,512821943080.7,0.010124678643746554,0.017796227737567838,-0.03903795005331723,-0.026660970216025426,-0.021414138224522428,0.011830284522442724,True,True,Test
2026-03-02,0,0,0,0,0,0,0,0,8585.8534,8683.9816,8551.4601,8658.3336,8658.4503,33903229600.0,619505358994.6,0.007594655645995374,-0.04866986198483192,-0.02356282952606681,-0.040958153326959956,-0.0417151543724239,-1.3478162483759881e-05,True,True,Test
2026-03-03,0,0,0,0,1,0,-1,-1,8651.06,8654.5678,8267.1091,8281.6139,8658.3336,34615390600.0,634660475372.6,-0.055840428802944375,-0.030922638381886136,-0.043679861196200154,-0.0358239683923125,-0.05214013080477997,-0.04350949240394242,True,True,Test
2026-03-04,0,0,0,0,0,0,0,0,8167.9811,8377.1743,8167.9811,8248.945,8281.6139,27210771400.0,471470145318.9,0.02639150328102491,0.012879780047483136,0.008106238149840905,0.030770076096282795,-0.015066452590102086,-0.003944750430830979,True,True,Test
2026-03-05,0,0,0,0,0,0,0,0,8383.5464,8391.0367,8251.1062,8309.1713,8248.945,25634345400.0,472940762598.8,-0.013164297629461363,-0.017815097916079936,-0.005057728314117549,0.001571626060303144,-0.04863081571302563,0.007301091230454304,True,True,Test
2026-03-06,0,0,0,0,0,0,0,0,8273.1829,8394.3341,8258.6447,8360.3347,8309.1713,23451496000.0,427695132113.2,-0.0047128415352694075,0.008214710205427744,0.017662803030741525,0.005390549264902678,-0.04347752302200403,0.006157461213972093,True,True,Test
2026-03-09,0,0,0,0,0,0,0,0,8234.1927,8305.9247,8066.1408,8279.4811,8360.3347,28651851000.0,523828528067.1,0.012988765735346686,0.022481596769043266,0.01973836487941316,-0.0007893305678892126,-0.0741964783019955,-0.009671096062696893,True,True,Test
2026-03-10,0,0,0,0,0,0,0,0,8341.1447,8412.9325,8330.9345,8410.303,8279.4811,23994135800.0,465082278986.8,0.00937111185710493,0.006663054292775916,-0.0028011503025479056,-0.016922389561231488,-0.09423921155569936,0.015800736594470788,True,True,Test
2026-03-11,0,0,0,0,0,0,0,0,8419.3105,8439.6188,8379.0332,8403.3296,8410.303,26448738900.0,495752480830.4,-0.0026829156615615357,-0.012059253545762427,-0.022759262768607957,-0.04446823763062302,-0.09013916282099343,-0.0008291496751069438,True,True,Test
2026-03-12,0,0,0,0,0,0,0,0,8396.7222,8433.0374,8290.5879,8359.4721,8403.3296,28243650400.0,478413662733.3,-0.009401561480740783,-0.020130355152156887,-0.023429332936607206,-0.050123666113427,-0.0761849308293181,-0.005219062215529258,True,True,Test
2026-03-13,0,0,0,0,0,0,0,0,8317.7799,8371.7157,8217.9686,8239.798,8359.4721,28813099000.0,482367288675.4,-0.010830618396141967,-0.014160906085048053,-0.03280458286711818,-0.04860605893166281,-0.09360478509415715,-0.014315987728459545,True,True,Test
2026-03-16,0,0,0,0,0,0,0,0,8227.6932,8233.6551,8060.7824,8185.152,8239.798,25620598200.0,460796897377.5,-0.003366751691713521,-0.02221456191390314,-0.030609490883787394,-0.0734651360116344,-0.06958691653694615,-0.006631958696074913,True,True,Test
2026-03-17,-1,0,0,-1,0,0,-1,-1,8199.9926,8207.4607,8016.002,8016.0262,8185.152,23013280000.0,406247342906.9,-0.018911480481092147,-0.027334768570400847,-0.034939933970184356,-0.07864772951136567,-0.05602613592602501,-0.020662511826292307,True,True,Test
2026-03-18,-1,0,0,-1,0,0,-1,-1,8044.9186,8105.9551,7958.4504,8096.4276,8016.0262,20649392300.0,391242647481.5,-0.008585655546595516,-0.016337418255543357,-0.052414949232674646,-0.04779634439060709,-0.034876959476010105,0.010030081987506545,True,True,Test
2026-03-19,-1,0,0,-1,0,0,-1,-1,7975.8477,8000.4297,7844.1519,7877.09,8096.4276,21974486600.0,394855039942.2,-0.007818893031269925,-0.04420885569316979,-0.05275500684397472,-0.027436481767323606,-0.031269729485932984,-0.02709066403558036,True,True,Test
2026-03-20,-1,0,0,-1,0,0,-1,-1,7913.4854,7941.5857,7757.8333,7760.0365,7877.09,21944878800.0,417113691310.9,-0.03667673412274186,-0.045290233302256344,-0.03198141996951176,-0.047297679983082985,-0.034981059041316875,-0.014859992713045056,True,True,Test
2026-03-23,-1,1,0,0,0,0,-1,0,7623.2446,7708.4298,7399.0423,7440.7451,7760.0365,27156102400.0,451938508509.5,-0.008941442073103656,0.004874079470046144,0.01754815790641162,0.004185724278084946,-0.008015943762318734,-0.04114560543626311,True,True,Test
2026-03-24,-1,1,0,0,0,0,-1,0,7555.0818,7597.3732,7379.8608,7597.3732,7440.7451,22896641800.0,388538162383.5,0.013940166736513548,0.02672859213781109,-0.0021026774322946418,0.024552599814339438,0.024692346812181354,0.021050055860668992,True,True,Test
2026-03-25,-1,1,0,0,0,0,-1,0,7660.4009,7806.9106,7660.4009,7767.6654,7597.3732,24071155400.0,423378163951.9,0.012612603604075234,-0.01582227896192745,-0.0006850163677464272,0.013567879978709785,0.02673544148322593,0.02241461562004088,True,True,Test
2026-03-26,0,0,0,0,0,1,1,1,7757.0185,7777.29,7620.7773,7642.1302,7767.6654,20621612600.0,355916679311.1,-0.02808071168065418,-0.013131991370137874,-0.002119345209760648,-0.0039413854691722205,0.02601468592604239,-0.016161252259913272,True,True,Test
2026-03-27,0,0,0,0,0,0,0,0,7539.1959,7785.3777,7539.1959,7737.6144,7642.1302,18820506600.0,344204684320.8,0.015380619039226717,0.026711442794582485,0.029862654185706994,0.012928089585787284,0.05023393807819754,0.012494448210264908,True,True,Test
2026-03-30,-1,0,0,-1,0,0,-1,-1,7655.1534,7766.1107,7610.5492,7753.7234,7737.6144,19783856900.0,361442205072.7,0.011159188527822383,0.014262666506460908,0.009312902860966865,-0.01215080810790814,0.05015187546731581,0.002081907829369234,True,True,Test
2026-03-31,-1,0,0,-1,0,0,-1,-1,7740.5787,7788.8928,7617.3262,7617.3262,7753.7234,19908603500.0,376502133010.5,0.0030692278860235955,-0.0018259099930086897,-0.013424758539048232,0.00013639807059906417,0.05222227118496958,-0.017591187222386506,True,True,Test
2026-04-01,-1,0,0,-1,0,0,-1,-1,7764.3363,7778.9878,7689.5897,7750.0924,7617.3262,17596067000.0,354799494800.9,-0.004880159557230979,-0.016443517522547246,-0.02604204560279033,0.012991297144097302,0.039129848097898545,0.017429501706254902,True,True,Test
2026-04-02,-1,0,0,-1,0,0,-1,-1,7726.4451,7740.0952,7562.2104,7605.2932,7750.0924,17208487300.0,325589868202.8,-0.01162006574019403,-0.02126566588818446,0.001965897615709533,0.030074607014291876,0.055517213213616134,-0.018683544985863665,True,True,Test
2026-04-03,-1,0,0,-1,0,0,-1,-1,7636.6633,7640.8412,7518.3455,7534.938,7605.2932,15163735600.0,283332454878.6,-0.009759000373893656,0.013745689167676156,0.029926918474983744,0.03682971069315055,0.07685567334099952,-0.009250820205064514,True,True,Test
2026-04-07,0,0,0,0,0,0,0,0,7562.1371,7630.1357,7529.3992,7571.1106,7534.938,14696135700.0,279371106677.1,0.023736332418516914,0.04007703060554135,0.05245577999372686,0.06306902317335661,0.09273066472174918,0.004800649985441163,True,True,Test
2026-04-08,0,0,0,0,0,0,0,0,7741.6345,7945.1527,7741.6345,7945.1527,7571.1106,23193661200.0,460383859320.9,0.015961823049124746,0.028053558973883286,0.02277101818743832,0.05207876967066838,0.0626763120888747,0.049403861568209084,True,True,Test
2026-04-09,0,0,0,0,0,0,0,0,7865.2051,7947.6782,7845.9575,7898.6329,7945.1527,19055565000.0,398032241410.3,0.011901762104080449,0.006702215559515334,0.02210604781304437,0.025803332197910533,0.06643941173256884,-0.0058551171710016225,True,True,Test
2026-04-10,0,0,0,0,0,0,0,0,7958.8149,8070.6482,7953.4969,7969.3646,7898.6329,20340435100.0,433921803732.1,-0.005138390641551527,0.010084265183752272,0.023369609965423255,0.02469977031379389,0.035930412202449746,0.008954929403036438,True,True,Test
2026-04-13,0,0,0,0,0,0,0,0,7917.9194,7990.9809,7917.9194,7967.697,7969.3646,19494869500.0,409703666198.3,0.01530127977811957,0.02865524243654205,0.01897394914123529,0.038604181800587556,0.040227007109973956,-0.00020925131220617121,True,True,Test
2026-04-14,0,0,0,0,0,0,0,0,8039.0737,8088.5687,8002.6484,8088.5687,7967.697,21429567200.0,460131213095.0,0.013152709372474147,0.003617319741701097,0.014469589947906591,0.02790189620975858,0.029301572393844344,0.015170217943779596,True,True,Test
2026-04-15,0,0,0,0,0,1,1,1,8144.8093,8150.622,8020.868,8044.0773,8088.5687,20365606600.0,456985404068.8,-0.009411601570585626,0.0012997848826246106,0.009671791824518161,0.010072955299272657,0.001540306167757688,-0.0055005281713190746,True,True,Test
2026-04-16,0,0,0,0,0,0,0,0,8068.1536,8189.1751,8056.781,8180.0815,8044.0773,18845568300.0,429996215501.7,0.010813155565109867,0.019264705124106607,0.024197048008605115,0.03961390868909587,0.03263272032897335,0.016907371091523515,True,True,Test
2026-04-17,0,0,0,0,1,0,-1,-1,8155.3958,8230.1072,8149.938,8214.1939,8180.0815,19157884000.0,453410855651.4,0.008361139259482453,0.013240718494619275,0.008761781984879313,0.010959934035329022,0.03506219771700092,0.004170178500055188,True,True,Test
2026-04-20,0,0,0,0,0,0,0,0,8223.5842,8310.9444,8214.2626,8290.0224,8214.1939,21376402000.0,507388177413.2,0.00483911868987752,0.00039732067192810305,0.019964591594988423,0.0015625060420736414,0.0503742881358229,0.00923139883513091,True,True,Test
2026-04-21,0,0,0,0,0,0,0,0,8263.3791,8281.3207,8189.7576,8270.3266,8290.0224,20183631700.0,441523125471.6,-0.004420407143126193,0.015052631435002128,-0.0022509798685141913,0.001361682655948826,0.04543652124105013,-0.002375844002544536,True,True,Test
2026-04-22,1,0,0,1,0,0,1,1,8226.8516,8377.3362,8226.8516,8376.1808,8270.3266,21333723600.0,501951553119.2,0.019559499529564928,0.0021790596052564393,0.0011647226017788004,-0.008447557264798622,0.0661643756889938,0.012799276874990717,True,True,Test
2026-04-23,1,0,0,1,0,0,1,1,8387.7647,8401.4992,8220.9526,8295.207,8376.1808,24948698900.0,565097207106.9,-0.01704700896056377,-0.018041886654259542,-0.013487920089126915,-0.006715174067770446,0.055845033421121126,-0.009667150451193707,True,True,Test
2026-04-24,1,0,0,1,0,0,1,1,8244.7784,8299.8778,8165.8037,8247.8759,8295.207,22231189300.0,518618099348.0,-0.001012131508592029,0.0036208129014116963,-0.010603511187153192,0.02384096824239701,0.058962724819869194,-0.005705837117747747,True,True,Test
2026-04-27,1,0,0,1,0,0,1,1,8236.4336,8326.1546,8219.943,8299.0486,8247.8759,22459580200.0,524219030970.4,0.004637638309862524,-0.009601097251606627,0.011534822547467405,0.04873563237370093,0.08699355021814292,0.006204348928189107,True,True,Test
2026-04-28,1,0,0,1,0,0,1,1,8274.6312,8275.328,8173.4448,8203.9614,8299.0486,22010913000.0,494514573512.5,-0.014173006284557976,0.006865345249465582,0.020147206077293145,0.044014904253376175,0.04858099295108165,-0.011457602501568687,True,True,Test
2026-04-29,1,0,0,1,0,0,1,1,8157.3548,8356.7152,8157.3548,8342.4217,8203.9614,23087201700.0,489715085654.2,0.021340815039698757,0.034813626103402884,0.05890225591266418,0.07524759129025504,0.0411482531077354,0.016877249081157286,True,True,Test
2026-04-30,1,0,1,0,0,0,1,0,8331.4394,8375.1934,8300.5019,8349.5081,8342.4217,24755465200.0,535036483480.5,0.01319129801268204,0.03677659829104685,0.036896253485322106,0.06298315030653656,0.023131045038868203,0.0008494415955979662,True,True,Test
2026-05-06,1,0,1,0,0,0,1,0,8441.3419,8621.3457,8441.3419,8588.4399,8349.5081,27464745200.0,635607537782.5,0.023278230206503103,0.023396327543610207,0.03907366908097876,0.034303917958826036,0.016591189133092765,0.028616272616107885,True,True,Test
2026-05-07,1,0,1,0,0,0,1,0,8637.8414,8700.3353,8598.7116,8696.7989,8588.4399,27099417900.0,620440650748.1,0.00011541077843824077,0.015436113471590351,0.025276951716200813,0.03648004002481464,0.007563556330173027,0.012616843252288401,True,True,Test
2026-05-08,1,0,1,0,0,0,1,0,8638.8383,8706.333,8616.2233,8694.1709,8696.7989,27114353500.0,609002654328.0,0.015318934722970967,0.025158637359840474,0.010658227044254343,0.004373585740110375,-0.01912632164905781,-0.00030218015044602975,True,True,Test
2026-05-11,1,0,0,1,0,0,1,1,8771.1761,8863.769,8716.4515,8839.7415,8694.1709,28833019600.0,709124529147.4,0.009691243116188186,-0.004590387827237863,0.02072402810382501,-0.031713010527744445,-0.015957757363918468,0.016743471191715376,True,True,Test
2026-05-12,1,0,1,0,0,0,1,0,8856.1797,8856.1797,8736.4171,8785.9791,8839.7415,26987096800.0,633557984263.0,-0.014144552644974051,0.010926889841677223,-0.020274961222839893,-0.03749081559399714,-0.02153797759998033,-0.006081897304349826,True,True,Test
2026-05-13,1,0,0,1,0,0,1,1,8730.913,8925.877,8730.913,8918.239,8785.9791,25409688800.0,637052785957.5,0.025431154794464117,-0.006218364562789902,-0.02724770021187939,-0.017125265135501944,-0.008211535265555847,0.015053518622642592,True,True,Test
2026-05-14,1,0,1,0,0,0,1,0,8952.9502,8956.6619,8670.1574,8670.1574,8918.239,28950256600.0,658225134861.2,-0.030864597012948858,-0.05137239566014784,-0.04789436894220622,-0.027898736664479618,-0.05018220697798592,-0.027817330304783172,True,True,Test
2026-05-15,1,0,1,0,0,0,1,0,8676.621,8717.0924,8473.0421,8536.3444,8670.1574,27096176200.0,643023956618.1,-0.02116092197642372,-0.017572128597065473,-0.010975148044382599,-0.023397576084053906,-0.010004240129884656,-0.015433745182065528,True,True,Test
2026-05-18,1,0,0,1,0,0,1,1,8493.0157,8606.4096,8472.4244,8554.2372,8536.3444,23109341700.0,559260917340.2,0.003666377303411794,0.010405973934558999,0.0247448618280548,0.016271263928076873,-0.01583996836365198,0.0020960728810333062,True,True,Test
2026-05-19,0,0,0,0,1,0,-1,-1,8524.1543,8633.0613,8416.515,8627.9461,8554.2372,24386882000.0,571306974464.0,0.006714976991911037,0.021001485156128652,-0.005929643953066499,0.016574218981465272,-0.027371794525117954,0.00861665374441567,True,True,Test
2026-05-20,0,0,0,0,0,0,0,0,8581.3938,8681.7226,8552.4273,8656.3062,8627.9461,23041869700.0,574479528727.3,0.014191214485460346,-0.012560278960744187,0.005804884516545483,0.009069039577230598,-0.03080983184806174,0.0032870047716224704,True,True,Test
2026-05-21,0,0,0,0,0,0,0,0,8703.1742,8790.3751,8406.2885,8419.8373,8656.3062,27948915800.0,687607693449.2,-0.026377169378041354,-0.008268983056779367,-0.004336199544299535,-0.02292299285472188,-0.04863869092727113,-0.027317529502364657,True,True,Test
2026-05-22,0,0,0,0,0,0,0,0,8473.6091,8591.1549,8414.9398,8576.9402,8419.8373,22161039100.0,556432683501.9,0.018598769206854326,0.022638098800191297,0.021904444471010587,0.01371421535128392,-0.018406277438500207,0.018658662204791066,True,True,Test
2026-05-25,0,0,0,0,0,1,1,1,8631.2078,8705.1965,8543.8916,8703.8901,8576.9402,23505289000.0,629332990093.7,0.0039655747831721655,0.003245316373914786,-0.014776193894903145,-0.03159710741757371,-0.07560332402146541,0.01480130408277791,True,True,Test
2026-05-26,0,0,0,0,0,0,0,0,8665.4355,8673.2096,8529.666,8658.6192,8703.8901,24710784400.0,647239450010.5,-0.0007174134525609333,-0.018667740357654283,-0.008726335796971796,-0.04322951800864483,-0.0699441476426661,-0.005201226058679342,True,True,Test
2026-05-27,0,0,0,0,0,0,0,0,8659.2188,8722.5814,8491.3163,8530.9802,8658.6192,25911673400.0,676927953502.8,-0.017963213956436963,-0.008014672178049298,-0.03472971487912979,-0.0395204588201421,-0.06525786136735579,-0.014741264981372515,True,True,Test
2026-05-28,0,0,0,0,0,0,0,0,8503.6714,8596.4487,8424.449,8563.2218,8530.9802,24224000600.0,596276737161.3,0.010130518448772552,-0.017073190292842155,-0.025029012762652125,-0.02631900851672131,-0.05621847053026996,0.0037793546865809713,True,True,Test
2026-05-29,0,0,0,0,0,0,0,0,8589.818,8597.9839,8296.2406,8359.5596,8563.2218,28119061600.0,661406695203.3,-0.026930884915140174,-0.03480691907558464,-0.03176033531793088,-0.03168594491757559,-0.0466375073371752,-0.023783361538060266,True,True,Test
2026-06-01,0,0,0,0,1,0,-1,-1,8358.4866,8442.5323,8259.6,8274.212,8359.5596,25817502700.0,584223622413.5,-0.008094013095624408,-0.004963111384302499,-0.009406415749951713,-0.045442054067538984,-0.021945874747229976,-0.01020958089706081,True,True,Test
2026-06-02,0,0,0,0,0,0,0,0,8290.8329,8378.4341,8142.5071,8321.4347,8274.212,23958969600.0,548050911652.5,0.0031564500594387646,-0.0013231119396942548,0.0032335231361375616,-0.027921669968767437,0.016896107024422236,0.005707214173386044,True,True,Test
2026-06-03,0,0,0,0,0,0,0,0,8317.0025,8462.67,8294.2881,8362.156,8321.4347,25357653100.0,608167868400.1,-0.004465466975632215,7.683056485796591e-05,-0.04068084625440482,-0.02679640892256563,0.01618732229550246,0.004893543177115989,True,True,Test
2026-06-04,0,0,0,0,0,0,0,0,8279.8632,8391.0521,8279.8632,8356.7444,8362.156,23082197600.0,570131396502.5,0.004562672001634072,-0.036377823247128016,-0.026633797524577396,-0.030707657102354013,0.03751698458013175,-0.0006471536766357033,True,True,Test
2026-06-05,0,0,0,0,0,0,0,0,8317.6415,8399.4084,8218.1415,8251.1407,8356.7444,24708934700.0,612246476401.0,-0.04075454562450176,-0.031054776765745418,-0.0268711749598729,-0.015440819371693282,0.0471314494619659,-0.012636942683086017,True,True,Test
2026-06-08,-1,0,0,-1,0,0,-1,-1,7978.6598,8142.3354,7889.3991,7963.4529,8251.1407,24479319800.0,562548949697.2,0.010111873675826999,0.014473220176651758,0.005884221307443038,0.0246147228886735,0.1069016377913492,-0.03486642762012282,True,True,Test
2026-06-09,-1,0,0,-1,0,0,-1,-1,8059.339,8181.1277,7965.4851,8176.1785,7963.4529,20929297800.0,506484788545.9,0.00431768659936016,-0.004185330831722012,0.01611438605572979,0.046105108619949986,0.07188146571325515,0.026712734120647452,True,True,Test
2026-06-10,-1,0,0,-1,0,0,-1,-1,8094.1367,8148.255,7973.547,8063.8637,8176.1785,21091009800.0,509158413551.9,-0.008466461901983968,0.011745983978748376,0.009996816584528334,0.044167255045247655,0.09274766758016328,-0.013736833167230844,True,True,Test
2026-06-11,-1,0,0,-1,0,0,-1,-1,8025.608,8091.6829,7965.0233,8035.7788,8063.8637,19685777600.0,512698921092.9,0.02038503500295552,0.01862093189699765,0.05050180621829514,0.07038603181216918,0.10783272743946615,-0.003482809363456907,True,True,Test
2026-06-12,-1,0,0,-1,0,0,-1,-1,8189.2103,8258.9084,8098.7805,8106.203,8035.7788,26624408000.0,668679920723.6,-0.0017288602296609001,0.02951510477145769,0.03204487250742605,0.06355358831119551,0.06622934081934617,0.00876383008452164,True,True,Test
2026-06-15,0,0,0,0,0,0,0,0,8175.0523,8406.7793,8174.5906,8406.7479,8106.203,25556263800.0,624419626262.0,0.03129807499824788,0.03383222392350915,0.05081880638243752,0.08031010394881499,0.07829361532035706,0.037075915814099414,True,True,Test
2026-06-16,0,0,0,0,0,0,0,0,8430.9157,8538.1941,8413.5082,8507.9799,8406.7479,23149509400.0,637593605919.7,0.0024572419814374857,0.01892831166607456,0.03306263636344986,0.024640312795441766,0.07367256678891954,0.012041755171461777,True,True,Test
2026-06-17,0,0,0,0,0,0,0,0,8451.6325,8630.5156,8451.6325,8627.0862,8507.9799,22464601500.0,655611276492.6,0.016430695489894953,0.030530373865640836,0.0449568885064513,0.04652550853341064,0.04472370278759774,0.013999363115561492,True,True,Test
2026-06-18,0,0,0,0,0,1,1,1,8590.4987,8716.3417,8587.9818,8673.0899,8627.0862,23946757900.0,667474010744.9,0.013871755780604511,0.028065064488048908,0.005605891075916247,0.03498429026012184,0.013017614448856074,0.005332472509663955,True,True,Test
2026-06-22,0,0,0,0,0,0,0,0,8709.664,8870.485,8605.223,8868.782,8673.0899,28002311900.0,759846035627.1,0.013999116383823562,-0.008152771450196106,0.015521264654985378,0.002515860542955606,0.009334849197397244,0.022563135198217843,True,True,Test
2026-06-23,0,0,0,0,0,0,0,0,8831.5916,8895.3398,8629.0106,8688.5923,8868.782,27240314900.0,713885739558.1,-0.021846062265832078,0.0015011337254318136,0.006730338391100377,-0.0018665831422729484,-0.025761607907684447,-0.020317299489377327,True,True,Test
2026-06-24,0,0,0,0,0,0,0,0,8638.6561,8850.7909,8613.0845,8842.9378,8688.5923,24531147300.0,684019604157.1,0.023868631603473522,0.029214625177635956,0.010756325859528237,0.04785313771201061,-0.011534270938277191,0.017764154959831524,True,True,Test
2026-06-25,1,0,0,1,0,0,1,1,8844.849,8940.9587,8803.5962,8938.0113,8842.9378,26010208600.0,744120017737.6,0.005221366696028351,-0.012806629033463413,-0.0033626690517837288,-0.001721702654279289,-0.046094817446855174,0.010751347815654677,True,True,Test
2026-06-26,1,0,0,1,0,0,1,1,8891.0312,8926.7514,8647.7678,8703.5652,8938.0113,25855829600.0,745538234894.3,-0.01793435389136855,-0.008539448157599439,0.01810945169104805,-0.021224163514351413,-0.024594233793713283,-0.026230230879211502,True,True,Test
2026-06-29,1,0,0,1,0,0,1,1,8731.5763,8837.0312,8587.8817,8821.0944,8703.5652,25146106600.0,741568075882.6,0.00956647426879842,0.03670203282768081,0.011228728540114696,0.0068018760827868174,-0.03692722698878548,0.013503569778508862,True,True,Test
2026-06-30,1,0,0,1,0,0,1,1,8815.1067,9040.1322,8771.6552,9031.3788,8821.0944,22433080900.0,695096018633.9,0.026878426780699183,0.0016465030423284954,-0.012793968789963861,-0.02393971022494834,-0.07714723407715529,0.02383881074892491,True,True,Test
2026-07-01,1,0,1,0,0,0,1,0,9052.0429,9147.5592,8956.1848,9028.9326,9031.3788,26310457800.0,757642507575.4,-0.02457148098580042,-0.03863397509969835,-0.028841610991481414,-0.05667531690553529,-0.08372703359591904,-0.0002708556527382111,True,True,Test
2026-07-02,1,0,1,0,0,0,1,0,8829.6208,8932.6466,8667.4191,8694.1756,9028.9326,26128140700.0,732955232218.3,-0.0144167346348556,-0.004377696491790539,-0.025544154738785685,-0.04444964386239558,-0.09322845438617255,-0.03707603266414894,True,True,Test
2026-07-03,1,0,1,0,0,0,1,0,8702.3265,8860.4157,8636.1503,8745.2607,8694.1756,23014842400.0,661131228372.8,0.01018588534916498,-0.011290187744621982,-0.018766360926586678,-0.0034431482201913166,-0.09218563564582405,0.005875784243419169,True,True,Test
2026-07-06,1,0,1,0,0,0,1,0,8790.9674,8823.0502,8570.8924,8651.1339,8745.2607,23015291000.0,647313365609.8,-0.021259525999379747,-0.028660315587110463,-0.04024814151853173,-0.04343367261264086,-0.13572999940825614,-0.01076317827780704,True,True,Test
2026-07-07,1,0,1,0,0,0,1,0,8604.0756,8663.6652,8457.5756,8508.7885,8651.1339,19963919000.0,530938136092.4,-0.007561544438312584,-0.019401073137944036,0.007936645744953674,-0.054512538220840345,-0.13558960360599337,-0.01645395871170141,True,True,Test
2026-07-08,0,0,0,0,0,0,0,0,8539.0155,8571.5247,8343.9232,8390.0194,8508.7885,19722016500.0,550698180810.9,-0.011929735927988294,0.015616273327996755,-0.015209259193872948,-0.028676994438058934,-0.09334907519490976,-0.013958403126367647,True,True,Test
2026-07-09,0,0,0,0,0,0,0,0,8437.1473,8659.6504,8281.9533,8652.787,8390.0194,21508048800.0,602726823296.4,0.0278785935146586,-0.0033191194848524175,-0.0358061426757359,-0.051047870172896026,-0.08134209059026387,0.031319069417169665,True,True,Test
2026-07-10,0,0,0,0,0,0,0,0,8672.3631,8783.249,8503.2448,8503.9705,8652.787,25141438800.0,713405548512.5,-0.03035155435316117,-0.061957449636766304,-0.043612207611556375,-0.08904909666432215,-0.12074690461242332,-0.017198678298680048,True,True,Test
2026-07-13,0,0,0,0,1,0,-1,-1,8409.1434,8457.6923,8106.2688,8138.1443,8503.9705,22403763100.0,572975762103.9,-0.03259521058946391,-0.013675733012235347,-0.04788769567183271,-0.09648711663069043,-0.10663866191174731,-0.04301828187197965,True,True,Test
2026-07-14,-1,0,0,-1,0,0,-1,-1,8135.0456,8275.9601,7955.3082,8275.9388,8138.1443,21584109000.0,562942515965.9,0.019556940160237124,-0.01580774175377697,-0.0288810427811248,-0.08575160291664496,-0.06702924935048915,0.016931931275782297,True,True,Test
2026-07-15,-1,0,0,-1,0,0,-1,-1,8294.1422,8305.2723,8117.4588,8147.5786,8275.9388,20911552400.0,512588772725.3,-0.034686323559776966,-0.04750885510499214,-0.08395959259053942,-0.06658143623339385,-0.10240241600873456,-0.01551004702934733,True,True,Test
2026-07-16,-1,0,0,-1,0,0,-1,-1,8006.4489,8148.0419,7907.0974,7955.6635,8147.5786,19311060300.0,474607241054.8,-0.013283279682207216,-0.05104379046246088,-0.07106727428186044,-0.0319238657727523,-0.06608860015330897,-0.023554863281711746,True,True,Test
2026-07-17,-1,0,0,-1,0,0,-1,-1,7900.097,7908.7387,7474.1508,7513.7627,7955.6635,23674574300.0,511959798326.9,-0.03826884657239016,-0.0585618885439001,-0.02002389337751176,-0.034796395537928126,-0.045853766099327675,-0.05554543627945041,True,True,Test
2026-07-20,-1,1,0,0,0,0,-1,0,7597.7694,7626.489,7253.5179,7411.3134,7513.7627,25376330200.0,537630257769.9,-0.021100535112318575,0.018970949552641114,0.020148374074106634,-0.011235639765534433,-0.018512249134594705,-0.013634886286733594,True,True,Test
2026-07-21,-1,1,0,0,0,0,-1,0,7437.4524,7802.7549,7270.9541,7800.6085,7411.3134,26838145300.0,606955225201.1,0.04093524013679728,0.04213804447340053,0.02524381870329684,0.020478410053420992,0.003983474233731021,0.052527140466088085,True,True,Test
2026-07-22,-1,1,0,0,0,0,-1,0,7741.9063,7889.4455,7701.2212,7751.6618,7800.6085,23074728500.0,569079906333.4,0.001155503522433543,-0.015074349324015857,-0.02964421049632182,-0.03837611674530339,-0.02246865219745675,-0.0062747284394545355,True,True,Test
2026-07-23,0,0,0,0,0,0,0,0,7750.8521,7795.3499,7658.9994,7734.31,7751.6618,20497442000.0,453036704959.9,-0.016211120839217052,-0.030764165916673858,-0.020783843882145492,-0.035291371383541215,-0.0017108183498947271,-0.0022384619514745907,True,True,Test
2026-07-24,0,0,0,0,0,0,0,0,7625.2021,7703.5986,7532.6682,7532.7006,7734.31,18662483500.0,402009190340.4,-0.014792853818261564,-0.004648073524503693,-0.023658402444179272,-0.011455997999056389,0.02669942348151011,-0.026066888966178037,True,True,Test
2026-07-27,-1,0,0,-1,0,0,-1,-1,7512.4036,7721.4028,7466.5446,7720.5975,7532.7006,17419255300.0,405637050375.7,0.010297103845698707,-0.008998664555243008,-0.004670901866880461,-0.00735929576520622,0.06542736867864773,0.02494416146049927,True,True,Test
2026-07-28,-1,0,0,-1,0,0,-1,-1,7589.7596,7646.0156,7412.6308,7443.4332,7720.5975,16183245800.0,389809155088.6,-0.019099102954459934,-0.014815449490653165,-0.00683971597730193,-0.01616392434880287,0.05132130930734613,-0.035899332920800386,True,True,Test
2026-07-29,-1,0,0,-1,0,0,-1,-1,7444.802,7572.8138,7325.3558,7524.5075,7443.4332,20660412100.0,451332728691.5,0.004367060399994571,0.012498089270876589,0.001654254874743355,0.016542293535812158,0.0716257060966834,0.010892057175981629,True,True,Test
2026-07-30,-1,0,0,-1,0,0,-1,-1,7477.3139,7536.4854,7221.9471,7309.5753,7524.5075,20873575700.0,459995793562.8,0.008095674571051426,-0.002701010051216479,-0.0013687535573435605,0.03480901075986664,0.08285566291392432,-0.028564288094602763,True,True,Test
2026-07-31,-1,0,0,-1,0,0,-1,-1,7537.8478,7638.7805,7487.4314,7493.985,7309.5753,21663596000.0,513956392642.6,-0.010709980108645878,-0.00938842251497829,0.003994283354991746,0.0385975954568889,0.05993741343517178,0.025228510882157495,True,True,Test
2026-08-03,-1,1,0,0,0,0,-1,0,7457.1176,7499.5786,7397.9416,7414.5227,7493.985,19831234600.0,409591536926.2,0.0013358646777945626,0.014863450725250749,0.03761161014813563,0.07332629433120386,,-0.010603477322145616,True,True,Test
2026-08-04,0,0,0,0,0,0,0,0,7467.0793,7645.4754,7450.3175,7607.4867,7414.5227,20353489600.0,443792059028.4,0.01350953913131736,0.036227350632261235,0.04844080067557344,0.06859398158527652,,0.026025141173281474,True,True,Test
2026-08-05,0,0,0,0,0,0,0,0,7567.9561,7845.3919,7567.9561,7809.2065,7607.4867,22203181700.0,526922799394.2,0.02241499524554591,0.0344656465435893,0.05760661058802907,0.0541870347265887,,0.026515958286197128,True,True,Test
2026-08-06,0,0,0,0,0,0,0,0,7737.5918,7868.8549,7722.5705,7829.3615,7809.2065,21546810800.0,494375379388.5,0.011786457900247571,0.034420089206566695,0.03123506722078573,0.046430453981819,,0.002580928036670427,True,True,Test
2026-08-07,0,0,0,0,0,0,0,0,7828.7906,7983.1726,7763.5287,7980.1245,7829.3615,20657563200.0,525281484431.5,0.022369968613031865,0.019222049444009848,0.019064323932741267,0.02054676235688291,,0.01925610408971412,True,True,Test
2026-08-10,0,0,0,0,0,0,0,0,8003.9204,8031.1557,7910.8357,8030.9483,7980.1245,20057990700.0,490434040531.3,-0.003079041115901182,-0.0032333155137325154,0.011610722665357898,,,0.006368797880283772,True,True,Test
2026-08-11,0,0,0,0,1,0,-1,-1,7979.276,8078.361,7947.6668,7967.5386,8030.9483,19508369300.0,452799545701.6,-0.00015475088216021504,0.014735133864275385,0.0012997294491379208,,,-0.007895667812978013,True,True,Test
2026-08-12,0,0,0,0,0,0,0,0,7978.0412,8067.5276,7961.8285,8045.3099,7967.5386,18074269700.0,408869420388.4,0.014892189325871108,0.0014547054482496602,,,,0.009761019544982208,True,True,Test
2026-08-13,0,0,0,0,0,0,0,0,8096.8517,8142.3265,7966.8665,7968.3809,8045.3099,22320329800.0,497028095331.1,-0.01324030672316756,,,,,-0.009561968520317654,True,True,Test
2026-08-14,0,0,0,0,0,0,0,0,7989.6469,8005.1484,7897.2428,7990.3277,7968.3809,18332791500.0,408994310842.4,,,,,,0.002754235807176375,True,False,Test
2026-08-17,0,0,0,0,0,0,0,0,,,,,,,,,,,,,,False,False,Test
