formation_date,execution_date,minus_score,plus_score,minus_threshold,plus_threshold,minus_release_threshold,plus_release_threshold,minus_entry_signal,plus_entry_signal
2018-01-02,2018-01-03,-1.368416193803018,4.586956521739131,1.2294466376933055,4.671980676328502,0.6645986031220402,4.606280193236715,0,0
2018-01-03,2018-01-04,-1.3610799296672256,4.601449275362318,1.2294466376933055,4.671980676328502,0.6645986031220402,4.606280193236715,0,0
2018-01-04,2018-01-05,-0.6697803070293685,-4.557971014492754,1.2294466376933055,4.671980676328502,0.6645986031220402,4.606280193236715,0,0
2018-01-05,2018-01-08,0.45363221305157586,-4.640096618357488,1.2294466376933055,4.671980676328502,0.6645986031220402,4.606280193236715,0,0
2018-01-08,2018-01-09,-1.6105305143915638,4.572463768115942,1.2294466376933055,4.671980676328502,0.6645986031220402,4.606280193236715,0,0
2018-01-09,2018-01-10,-1.2812457772084773,-4.572463768115942,1.2294466376933055,4.671980676328502,0.6645986031220402,4.606280193236715,0,0
2018-01-10,2018-01-11,-0.16050248983475415,4.567632850241546,1.2294466376933055,4.671980676328502,0.6645986031220402,4.606280193236715,0,0
2018-01-11,2018-01-12,0.456011846766411,-4.640096618357488,1.2294466376933055,4.671980676328502,0.6645986031220402,4.606280193236715,0,0
2018-01-12,2018-01-15,-0.22148401075443133,-4.611111111111111,1.2294466376933055,4.671980676328502,0.6645986031220402,4.606280193236715,0,0
2018-01-15,2018-01-16,1.6883793130161584,-4.572463768115942,1.2294466376933055,4.671980676328502,0.6645986031220402,4.606280193236715,1,0
2018-01-16,2018-01-17,0.4634051475972901,-4.582125603864735,1.2294466376933055,4.671980676328502,0.6645986031220402,4.606280193236715,0,0
2018-01-17,2018-01-18,0.22594868699303042,-4.630434782608695,1.2294466376933055,4.671980676328502,0.6645986031220402,4.606280193236715,0,0
2018-01-18,2018-01-19,1.5820632029306376,4.586956521739131,1.2294466376933055,4.671980676328502,0.6645986031220402,4.606280193236715,0,0
2018-01-19,2018-01-22,-0.40095406565612146,-4.582125603864735,1.2294466376933055,4.671980676328502,0.6645986031220402,4.606280193236715,0,0
2018-01-22,2018-01-23,0.05472461991384579,4.601449275362318,1.2294466376933055,4.671980676328502,0.6645986031220402,4.606280193236715,0,0
2018-01-23,2018-01-24,0.6980689025864649,4.553140096618358,1.2294466376933055,4.671980676328502,0.6645986031220402,4.606280193236715,0,0
2018-01-24,2018-01-25,-1.3498084795676843,4.620772946859903,1.2294466376933055,4.671980676328502,0.6645986031220402,4.606280193236715,0,0
2018-01-25,2018-01-26,1.2028461924150025,4.625603864734299,1.2294466376933055,4.671980676328502,0.6645986031220402,4.606280193236715,0,0
2018-01-26,2018-01-29,0.759048639576192,4.596618357487923,1.2294466376933055,4.671980676328502,0.6645986031220402,4.606280193236715,0,0
2018-01-29,2018-01-30,1.0625310447498237,-4.601449275362318,1.2294466376933055,4.671980676328502,0.6645986031220402,4.606280193236715,0,0
2018-01-30,2018-01-31,0.8407654079315531,4.572463768115942,1.2294466376933055,4.671980676328502,0.6645986031220402,4.606280193236715,0,0
2018-01-31,2018-02-01,0.7423511228773787,-4.572463768115942,1.2294466376933055,4.671980676328502,0.6645986031220402,4.606280193236715,0,0
2018-02-01,2018-02-02,1.3763754026341533,-4.611111111111111,1.2294466376933055,4.671980676328502,0.6645986031220402,4.606280193236715,1,0
2018-02-02,2018-02-05,-0.19087002496489439,-4.606280193236715,1.2294466376933055,4.671980676328502,0.6645986031220402,4.606280193236715,0,0
2018-02-05,2018-02-06,-1.280916170705248,-4.630434782608695,1.2294466376933055,4.671980676328502,0.6645986031220402,4.606280193236715,0,0
2018-02-06,2018-02-07,0.7449532013467497,-4.6352657004830915,1.2294466376933055,4.671980676328502,0.6645986031220402,4.606280193236715,0,0
2018-02-07,2018-02-08,-0.2475962540272813,4.582125603864735,1.2294466376933055,4.671980676328502,0.6645986031220402,4.606280193236715,0,0
2018-02-08,2018-02-09,1.4671728661290668,4.620772946859903,1.2294466376933055,4.671980676328502,0.6645986031220402,4.606280193236715,1,0
2018-02-09,2018-02-12,0.3334445358683412,-4.630434782608695,1.2294466376933055,4.671980676328502,0.6645986031220402,4.606280193236715,0,0
2018-02-12,2018-02-13,1.229716690203024,4.553140096618358,1.2294466376933055,4.671980676328502,0.6645986031220402,4.606280193236715,0,0
2018-02-13,2018-02-14,0.7474081347070927,4.659420289855072,1.2294466376933055,4.671980676328502,0.6645986031220402,4.606280193236715,0,0
2018-02-14,2018-02-22,1.348117024590906,4.654589371980676,1.2294466376933055,4.671980676328502,0.6645986031220402,4.606280193236715,0,0
2018-02-22,2018-02-23,-0.7603648824244403,4.731884057971015,1.2294466376933055,4.671980676328502,0.6645986031220402,4.606280193236715,0,1
2018-02-23,2018-02-26,-0.825024348847425,4.56280193236715,1.2294466376933055,4.671980676328502,0.6645986031220402,4.606280193236715,0,0
2018-02-26,2018-02-27,-1.3321013768771703,4.683574879227053,1.2294466376933055,4.671980676328502,0.6645986031220402,4.606280193236715,0,0
2018-02-27,2018-02-28,0.7056066814188318,-4.640096618357488,1.2294466376933055,4.671980676328502,0.6645986031220402,4.606280193236715,0,0
2018-02-28,2018-03-01,0.246069968493197,-4.591787439613527,1.2294466376933055,4.671980676328502,0.6645986031220402,4.606280193236715,0,0
2018-03-01,2018-03-02,0.6312174458465915,4.557971014492754,1.2294466376933055,4.671980676328502,0.6645986031220402,4.606280193236715,0,0
2018-03-02,2018-03-05,-0.07901452985072877,-4.591787439613527,1.2294466376933055,4.671980676328502,0.6645986031220402,4.606280193236715,0,0
2018-03-05,2018-03-06,1.6049429401107267,-4.611111111111111,1.2294466376933055,4.671980676328502,0.6645986031220402,4.606280193236715,1,0
2018-03-06,2018-03-07,-1.5475866849486781,4.5772946859903385,1.2294466376933055,4.671980676328502,0.6645986031220402,4.606280193236715,0,0
2018-03-07,2018-03-08,0.017836915393607575,-4.586956521739131,1.2294466376933055,4.671980676328502,0.6645986031220402,4.606280193236715,0,0
2018-03-08,2018-03-09,0.8404321912094533,4.582125603864735,1.2294466376933055,4.671980676328502,0.6645986031220402,4.606280193236715,0,0
2018-03-09,2018-03-12,-1.081672573365166,-4.596618357487923,1.2294466376933055,4.671980676328502,0.6645986031220402,4.606280193236715,0,0
2018-03-12,2018-03-13,-1.3767238271150612,4.582125603864735,1.2294466376933055,4.671980676328502,0.6645986031220402,4.606280193236715,0,0
2018-03-13,2018-03-14,0.13023832150542425,-4.572463768115942,1.2294466376933055,4.671980676328502,0.6645986031220402,4.606280193236715,0,0
2018-03-14,2018-03-15,-1.380646243294251,-4.524154589371981,1.2294466376933055,4.671980676328502,0.6645986031220402,4.606280193236715,0,0
2018-03-15,2018-03-16,-1.0850335453450684,4.630434782608695,1.2294466376933055,4.671980676328502,0.6645986031220402,4.606280193236715,0,0
2018-03-16,2018-03-19,-1.3592658770158665,-4.591787439613527,1.2294466376933055,4.671980676328502,0.6645986031220402,4.606280193236715,0,0
2018-03-19,2018-03-20,0.6611114958994353,-4.5772946859903385,1.2294466376933055,4.671980676328502,0.6645986031220402,4.606280193236715,0,0
2018-03-20,2018-03-21,0.18237150316914083,4.582125603864735,1.2294466376933055,4.671980676328502,0.6645986031220402,4.606280193236715,0,0
2018-03-21,2018-03-22,1.7034148976028907,-4.640096618357488,1.2294466376933055,4.671980676328502,0.6645986031220402,4.606280193236715,1,0
2018-03-22,2018-03-23,-0.5699158004466727,-4.582125603864735,1.2294466376933055,4.671980676328502,0.6645986031220402,4.606280193236715,0,0
2018-03-23,2018-03-26,1.663151008267636,-4.591787439613527,1.2294466376933055,4.671980676328502,0.6645986031220402,4.606280193236715,0,0
2018-03-26,2018-03-27,0.07596760261580505,4.611111111111111,1.2294466376933055,4.671980676328502,0.6645986031220402,4.606280193236715,0,0
2018-03-27,2018-03-28,-0.02751182454207481,4.654589371980676,1.2294466376933055,4.671980676328502,0.6645986031220402,4.606280193236715,0,0
2018-03-28,2018-03-29,-1.0857304122464642,-4.596618357487923,1.2294466376933055,4.671980676328502,0.6645986031220402,4.606280193236715,0,0
2018-03-29,2018-03-30,1.377008591510367,4.572463768115942,1.2294466376933055,4.671980676328502,0.6645986031220402,4.606280193236715,1,0
2018-03-30,2018-04-02,0.4422875814281772,4.586956521739131,1.2294466376933055,4.671980676328502,0.6645986031220402,4.606280193236715,0,0
2018-04-02,2018-04-03,-1.5797202753381487,-4.620772946859903,1.2294466376933055,4.671980676328502,0.6645986031220402,4.606280193236715,0,0
2018-04-03,2018-04-04,-0.4597068617686767,-4.611111111111111,1.2294466376933055,4.671980676328502,0.6645986031220402,4.606280193236715,0,0
2018-04-04,2018-04-09,-1.0992060625185702,-4.591787439613527,1.2294466376933055,4.671980676328502,0.6645986031220402,4.606280193236715,0,0
2018-04-09,2018-04-10,0.9755827256973351,4.5772946859903385,1.2294466376933055,4.671980676328502,0.6645986031220402,4.606280193236715,0,0
2018-04-10,2018-04-11,-0.4452486068380939,-4.572463768115942,1.2294466376933055,4.671980676328502,0.6645986031220402,4.606280193236715,0,0
2018-04-11,2018-04-12,0.40944781100420363,-4.659420289855072,1.2294466376933055,4.671980676328502,0.6645986031220402,4.606280193236715,0,0
2018-04-12,2018-04-13,-1.501351181400586,4.601449275362318,1.2294466376933055,4.671980676328502,0.6645986031220402,4.606280193236715,0,0
2018-04-13,2018-04-16,-1.4794003251316823,-4.524154589371981,1.2294466376933055,4.671980676328502,0.6645986031220402,4.606280193236715,0,0
2018-04-16,2018-04-17,1.2303877087511061,-4.601449275362318,1.2294466376933055,4.671980676328502,0.6645986031220402,4.606280193236715,1,0
2018-04-17,2018-04-18,0.997316733451095,-4.601449275362318,1.2294466376933055,4.671980676328502,0.6645986031220402,4.606280193236715,0,0
2018-04-18,2018-04-19,-0.8904819837974468,4.6352657004830915,1.2294466376933055,4.671980676328502,0.6645986031220402,4.606280193236715,0,0
2018-04-19,2018-04-20,-0.9470874023443634,4.5144927536231885,1.2294466376933055,4.671980676328502,0.6645986031220402,4.606280193236715,0,0
2018-04-20,2018-04-23,-0.873501220727343,-4.673913043478261,1.2294466376933055,4.671980676328502,0.6645986031220402,4.606280193236715,0,0
2018-04-23,2018-04-24,-1.6590677405009422,-4.596618357487923,1.2294466376933055,4.671980676328502,0.6645986031220402,4.606280193236715,0,0
2018-04-24,2018-04-25,0.4397981344281588,4.659420289855072,1.2294466376933055,4.671980676328502,0.6645986031220402,4.606280193236715,0,0
2018-04-25,2018-04-26,1.3193035122076542,4.654589371980676,1.2294466376933055,4.671980676328502,0.6645986031220402,4.606280193236715,1,0
2018-04-26,2018-04-27,-0.3825815677708324,-4.630434782608695,1.2294466376933055,4.671980676328502,0.6645986031220402,4.606280193236715,0,0
2018-04-27,2018-05-02,1.367392090132496,4.640096618357488,1.2294466376933055,4.671980676328502,0.6645986031220402,4.606280193236715,0,0
2018-05-02,2018-05-03,0.9106211188908736,4.630434782608695,1.2294466376933055,4.671980676328502,0.6645986031220402,4.606280193236715,0,0
2018-05-03,2018-05-04,-1.2318713918578916,-4.702898550724638,1.2294466376933055,4.671980676328502,0.6645986031220402,4.606280193236715,0,0
2018-05-04,2018-05-07,-1.0137532998785035,-4.596618357487923,1.2294466376933055,4.671980676328502,0.6645986031220402,4.606280193236715,0,0
2018-05-07,2018-05-08,-0.35561145319960524,4.56280193236715,1.2294466376933055,4.671980676328502,0.6645986031220402,4.606280193236715,0,0
2018-05-08,2018-05-09,-0.006893208196230525,4.586956521739131,1.2294466376933055,4.671980676328502,0.6645986031220402,4.606280193236715,0,0
2018-05-09,2018-05-10,-1.1523494794093267,-4.64975845410628,1.2294466376933055,4.671980676328502,0.6645986031220402,4.606280193236715,0,0
2018-05-10,2018-05-11,0.3231977368516616,4.490338164251208,1.2294466376933055,4.671980676328502,0.6645986031220402,4.606280193236715,0,0
2018-05-11,2018-05-14,1.1046459564013051,4.673913043478261,1.2294466376933055,4.671980676328502,0.6645986031220402,4.606280193236715,0,1
2018-05-14,2018-05-15,0.2510053577736303,-4.5772946859903385,1.2294466376933055,4.671980676328502,0.6645986031220402,4.606280193236715,0,0
2018-05-15,2018-05-16,1.386657691077081,4.596618357487923,1.2294466376933055,4.671980676328502,0.6645986031220402,4.606280193236715,1,0
2018-05-16,2018-05-17,-0.23055838982435628,-4.567632850241546,1.2294466376933055,4.671980676328502,0.6645986031220402,4.606280193236715,0,0
2018-05-17,2018-05-18,-1.2863728256415985,-4.693236714975845,1.2294466376933055,4.671980676328502,0.6645986031220402,4.606280193236715,0,0
2018-05-18,2018-05-21,-0.8540005322318228,-4.553140096618358,1.2294466376933055,4.671980676328502,0.6645986031220402,4.606280193236715,0,0
2018-05-21,2018-05-22,-1.6175986548544827,4.5772946859903385,1.2294466376933055,4.671980676328502,0.6645986031220402,4.606280193236715,0,0
2018-05-22,2018-05-23,-0.2533338660602199,4.630434782608695,1.2294466376933055,4.671980676328502,0.6645986031220402,4.606280193236715,0,0
2018-05-23,2018-05-24,0.6556074319216242,-4.620772946859903,1.2294466376933055,4.671980676328502,0.6645986031220402,4.606280193236715,0,0
2018-05-24,2018-05-25,-1.558700914818634,4.572463768115942,1.2294466376933055,4.671980676328502,0.6645986031220402,4.606280193236715,0,0
2018-05-25,2018-05-28,-0.4658534532481238,-4.625603864734299,1.2294466376933055,4.671980676328502,0.6645986031220402,4.606280193236715,0,0
2018-05-28,2018-05-29,-0.25253076927238083,-4.533816425120773,1.2294466376933055,4.671980676328502,0.6645986031220402,4.606280193236715,0,0
2018-05-29,2018-05-30,-0.09995948882671817,-4.524154589371981,1.2294466376933055,4.671980676328502,0.6645986031220402,4.606280193236715,0,0
2018-05-30,2018-05-31,1.7130547477813802,-4.71256038647343,1.2294466376933055,4.671980676328502,0.6645986031220402,4.606280193236715,1,0
2018-05-31,2018-06-01,0.7098985593013802,4.5772946859903385,1.2294466376933055,4.671980676328502,0.6645986031220402,4.606280193236715,0,0
2018-06-01,2018-06-04,-0.8593543589266363,-4.567632850241546,1.2294466376933055,4.671980676328502,0.6645986031220402,4.606280193236715,0,0
2018-06-04,2018-06-05,-1.2871488940953857,-4.596618357487923,1.2294466376933055,4.671980676328502,0.6645986031220402,4.606280193236715,0,0
2018-06-05,2018-06-06,0.8923808975654416,4.731884057971015,1.2294466376933055,4.671980676328502,0.6645986031220402,4.606280193236715,0,1
2018-06-06,2018-06-07,-0.2896102470508418,4.548309178743962,1.2294466376933055,4.671980676328502,0.6645986031220402,4.606280193236715,0,0
2018-06-07,2018-06-08,-0.10050886855985641,4.591787439613527,1.2294466376933055,4.671980676328502,0.6645986031220402,4.606280193236715,0,0
2018-06-08,2018-06-11,1.7132544675272148,-4.611111111111111,1.2294466376933055,4.671980676328502,0.6645986031220402,4.606280193236715,1,0
2018-06-11,2018-06-12,-1.411105034521604,4.620772946859903,1.2294466376933055,4.671980676328502,0.6645986031220402,4.606280193236715,0,0
2018-06-12,2018-06-13,0.2153601753824879,4.567632850241546,1.2294466376933055,4.671980676328502,0.6645986031220402,4.606280193236715,0,0
2018-06-13,2018-06-14,0.3817746746701973,-4.620772946859903,1.2294466376933055,4.671980676328502,0.6645986031220402,4.606280193236715,0,0
2018-06-14,2018-06-15,-0.6043819627445018,4.567632850241546,1.2294466376933055,4.671980676328502,0.6645986031220402,4.606280193236715,0,0
2018-06-15,2018-06-19,1.5826582988318953,-4.582125603864735,1.2294466376933055,4.671980676328502,0.6645986031220402,4.606280193236715,1,0
2018-06-19,2018-06-20,1.6167558766172019,-4.601449275362318,1.2294466376933055,4.671980676328502,0.6645986031220402,4.606280193236715,0,0
2018-06-20,2018-06-21,-0.060254387502294095,4.601449275362318,1.2294466376933055,4.671980676328502,0.6645986031220402,4.606280193236715,0,0
2018-06-21,2018-06-22,-0.18936451040633562,-4.557971014492754,1.2294466376933055,4.671980676328502,0.6645986031220402,4.606280193236715,0,0
2018-06-22,2018-06-25,1.2148490396875182,4.625603864734299,1.2294466376933055,4.671980676328502,0.6645986031220402,4.606280193236715,0,0
2018-06-25,2018-06-26,-1.3000289416844257,-4.615942028985507,1.2294466376933055,4.671980676328502,0.6645986031220402,4.606280193236715,0,0
2018-06-26,2018-06-27,0.38585825146827285,-4.56280193236715,1.2294466376933055,4.671980676328502,0.6645986031220402,4.606280193236715,0,0
2018-06-27,2018-06-28,-0.16290163300128246,4.625603864734299,1.2294466376933055,4.671980676328502,0.6645986031220402,4.606280193236715,0,0
2018-06-28,2018-06-29,-0.9881715747981914,-4.582125603864735,1.2294466376933055,4.671980676328502,0.6645986031220402,4.606280193236715,0,0
2018-06-29,2018-07-02,-1.6175091071647851,4.683574879227053,1.2294466376933055,4.671980676328502,0.6645986031220402,4.606280193236715,0,1
2018-07-02,2018-07-03,0.7236194251514085,4.673913043478261,1.2294466376933055,4.671980676328502,0.6645986031220402,4.606280193236715,0,0
2018-07-03,2018-07-04,-1.1669112404237736,4.620772946859903,1.2294466376933055,4.671980676328502,0.6645986031220402,4.606280193236715,0,0
2018-07-04,2018-07-05,-1.101067407252858,4.5772946859903385,1.2294466376933055,4.671980676328502,0.6645986031220402,4.606280193236715,0,0
2018-07-05,2018-07-06,-0.9051243323770827,-4.688405797101449,1.2294466376933055,4.671980676328502,0.6645986031220402,4.606280193236715,0,0
2018-07-06,2018-07-09,-0.9863071127266269,4.731884057971015,1.2294466376933055,4.671980676328502,0.6645986031220402,4.606280193236715,0,0
2018-07-09,2018-07-10,0.6658407787461359,4.611111111111111,1.2294466376933055,4.671980676328502,0.6645986031220402,4.606280193236715,0,0
2018-07-10,2018-07-11,0.7107324370018724,4.615942028985507,1.2294466376933055,4.671980676328502,0.6645986031220402,4.606280193236715,0,0
2018-07-11,2018-07-12,0.6817956070348254,-4.654589371980676,1.2294466376933055,4.671980676328502,0.6645986031220402,4.606280193236715,0,0
2018-07-12,2018-07-13,-1.5561152593787053,-4.722222222222222,1.2294466376933055,4.671980676328502,0.6645986031220402,4.606280193236715,0,0
2018-07-13,2018-07-16,0.4077287612282712,4.601449275362318,1.2294466376933055,4.671980676328502,0.6645986031220402,4.606280193236715,0,0
2018-07-16,2018-07-17,-1.2366024742792896,-4.625603864734299,1.2294466376933055,4.671980676328502,0.6645986031220402,4.606280193236715,0,0
2018-07-17,2018-07-18,1.100121306871505,4.741545893719807,1.2294466376933055,4.671980676328502,0.6645986031220402,4.606280193236715,0,1
2018-07-18,2018-07-19,0.7499102608602632,4.780193236714976,1.2294466376933055,4.671980676328502,0.6645986031220402,4.606280193236715,0,0
2018-07-19,2018-07-20,-0.3476088125578788,-4.64975845410628,1.2294466376933055,4.671980676328502,0.6645986031220402,4.606280193236715,0,0
2018-07-20,2018-07-23,-1.2693258824137077,-4.654589371980676,1.2294466376933055,4.671980676328502,0.6645986031220402,4.606280193236715,0,0
2018-07-23,2018-07-24,-1.5526179177520456,4.756038647342995,1.2294466376933055,4.671980676328502,0.6645986031220402,4.606280193236715,0,0
2018-07-24,2018-07-25,-1.4805032824492115,4.785024154589372,1.2294466376933055,4.671980676328502,0.6645986031220402,4.606280193236715,0,0
2018-07-25,2018-07-26,-0.29891758558982146,-4.669082125603865,1.2294466376933055,4.671980676328502,0.6645986031220402,4.606280193236715,0,0
2018-07-26,2018-07-27,-0.17661887223125336,-4.659420289855072,1.2294466376933055,4.671980676328502,0.6645986031220402,4.606280193236715,0,0
2018-07-27,2018-07-30,-1.4752981723425151,-4.640096618357488,1.2294466376933055,4.671980676328502,0.6645986031220402,4.606280193236715,0,0
2018-07-30,2018-07-31,-1.0696735332075165,-4.751207729468599,1.2294466376933055,4.671980676328502,0.6645986031220402,4.606280193236715,0,0
2018-07-31,2018-08-01,1.429671603381979,4.64975845410628,1.2294466376933055,4.671980676328502,0.6645986031220402,4.606280193236715,0,0
2018-08-01,2018-08-02,0.4657036635278622,-4.586956521739131,1.2294466376933055,4.671980676328502,0.6645986031220402,4.606280193236715,0,0
2018-08-02,2018-08-03,1.4183877723773715,-4.620772946859903,1.2294466376933055,4.671980676328502,0.6645986031220402,4.606280193236715,1,0
2018-08-03,2018-08-06,-0.8144830719337254,-4.6980676328502415,1.2294466376933055,4.671980676328502,0.6645986031220402,4.606280193236715,0,0
2018-08-06,2018-08-07,-0.7575676531712254,-4.693236714975845,1.2294466376933055,4.671980676328502,0.6645986031220402,4.606280193236715,0,0
2018-08-07,2018-08-08,-0.07348236594018534,4.6980676328502415,1.2294466376933055,4.671980676328502,0.6645986031220402,4.606280193236715,0,1
2018-08-08,2018-08-09,0.8396087479336717,-4.5772946859903385,1.2294466376933055,4.671980676328502,0.6645986031220402,4.606280193236715,0,0
2018-08-09,2018-08-10,-1.5126397084322973,4.780193236714976,1.2294466376933055,4.671980676328502,0.6645986031220402,4.606280193236715,0,0
2018-08-10,2018-08-13,1.2392496459009759,4.751207729468599,1.2294466376933055,4.671980676328502,0.6645986031220402,4.606280193236715,1,0
2018-08-13,2018-08-14,0.5264962647172579,4.688405797101449,1.2294466376933055,4.671980676328502,0.6645986031220402,4.606280193236715,0,0
2018-08-14,2018-08-15,-1.2750543344982554,4.596618357487923,1.2294466376933055,4.671980676328502,0.6645986031220402,4.606280193236715,0,0
2018-08-15,2018-08-16,0.36113847876798555,4.669082125603865,1.2294466376933055,4.671980676328502,0.6645986031220402,4.606280193236715,0,0
2018-08-16,2018-08-17,0.1553459114040853,4.77536231884058,1.2294466376933055,4.671980676328502,0.6645986031220402,4.606280193236715,0,0
2018-08-17,2018-08-20,0.29441997518462887,4.591787439613527,1.2294466376933055,4.671980676328502,0.6645986031220402,4.606280193236715,0,0
2018-08-20,2018-08-21,0.9295180902633456,-4.6980676328502415,1.2294466376933055,4.671980676328502,0.6645986031220402,4.606280193236715,0,0
2018-08-21,2018-08-22,1.6551345083200095,4.659420289855072,1.2294466376933055,4.671980676328502,0.6645986031220402,4.606280193236715,1,0
2018-08-22,2018-08-23,-1.6842158849589595,-4.673913043478261,1.2294466376933055,4.671980676328502,0.6645986031220402,4.606280193236715,0,0
2018-08-23,2018-08-24,0.2725123699986125,4.673913043478261,1.2294466376933055,4.671980676328502,0.6645986031220402,4.606280193236715,0,0
2018-08-24,2018-08-27,-0.9448884201553884,-4.673913043478261,1.2294466376933055,4.671980676328502,0.6645986031220402,4.606280193236715,0,0
2018-08-27,2018-08-28,-1.6747930436545817,4.741545893719807,1.2294466376933055,4.671980676328502,0.6645986031220402,4.606280193236715,0,0
2018-08-28,2018-08-29,-0.5181314493595574,4.625603864734299,1.2294466376933055,4.671980676328502,0.6645986031220402,4.606280193236715,0,0
2018-08-29,2018-08-30,0.2274461734193548,4.731884057971015,1.2294466376933055,4.671980676328502,0.6645986031220402,4.606280193236715,0,0
2018-08-30,2018-08-31,-0.31535735333666115,4.596618357487923,1.2294466376933055,4.671980676328502,0.6645986031220402,4.606280193236715,0,0
2018-08-31,2018-09-03,-1.7180430123553536,-4.5772946859903385,1.2294466376933055,4.671980676328502,0.6645986031220402,4.606280193236715,0,0
2018-09-03,2018-09-04,-0.35285610910386234,-4.611111111111111,1.2294466376933055,4.671980676328502,0.6645986031220402,4.606280193236715,0,0
2018-09-04,2018-09-05,-1.469966339845393,4.6980676328502415,1.2294466376933055,4.671980676328502,0.6645986031220402,4.606280193236715,0,1
2018-09-05,2018-09-06,0.6769198934646731,-4.659420289855072,1.2294466376933055,4.671980676328502,0.6645986031220402,4.606280193236715,0,0
2018-09-06,2018-09-07,-1.5271484897601628,-4.5772946859903385,1.2294466376933055,4.671980676328502,0.6645986031220402,4.606280193236715,0,0
2018-09-07,2018-09-10,-0.1370607618175646,-4.664251207729468,1.2294466376933055,4.671980676328502,0.6645986031220402,4.606280193236715,0,0
2018-09-10,2018-09-11,-0.17258757725413051,-4.707729468599034,1.2294466376933055,4.671980676328502,0.6645986031220402,4.606280193236715,0,0
2018-09-11,2018-09-12,-0.05005242649924613,4.572463768115942,1.2294466376933055,4.671980676328502,0.6645986031220402,4.606280193236715,0,0
2018-09-12,2018-09-13,-1.6593719813838343,4.596618357487923,1.2294466376933055,4.671980676328502,0.6645986031220402,4.606280193236715,0,0
2018-09-13,2018-09-14,-1.1752133788343258,4.71256038647343,1.2294466376933055,4.671980676328502,0.6645986031220402,4.606280193236715,0,0
2018-09-14,2018-09-17,0.9231837054945852,-4.572463768115942,1.2294466376933055,4.671980676328502,0.6645986031220402,4.606280193236715,0,0
2018-09-17,2018-09-18,-0.23594266033086878,-4.572463768115942,1.2294466376933055,4.671980676328502,0.6645986031220402,4.606280193236715,0,0
2018-09-18,2018-09-19,-0.18496086621948102,4.606280193236715,1.2294466376933055,4.671980676328502,0.6645986031220402,4.606280193236715,0,0
2018-09-19,2018-09-20,-1.551589589508486,4.644927536231884,1.2294466376933055,4.671980676328502,0.6645986031220402,4.606280193236715,0,0
2018-09-20,2018-09-21,-0.008676412814463068,-4.659420289855072,1.2294466376933055,4.671980676328502,0.6645986031220402,4.606280193236715,0,0
2018-09-21,2018-09-25,-0.8936311689471377,4.669082125603865,1.2294466376933055,4.671980676328502,0.6645986031220402,4.606280193236715,0,0
2018-09-25,2018-09-26,-1.3048921616021958,-4.654589371980676,1.2294466376933055,4.671980676328502,0.6645986031220402,4.606280193236715,0,0
2018-09-26,2018-09-27,-0.867726995375214,4.606280193236715,1.2294466376933055,4.671980676328502,0.6645986031220402,4.606280193236715,0,0
2018-09-27,2018-09-28,0.09119496190017609,-4.6352657004830915,1.2294466376933055,4.671980676328502,0.6645986031220402,4.606280193236715,0,0
2018-09-28,2018-10-08,0.350364535929599,4.630434782608695,1.2294466376933055,4.671980676328502,0.6645986031220402,4.606280193236715,0,0
2018-10-08,2018-10-09,0.5790262630475626,-4.654589371980676,1.2294466376933055,4.671980676328502,0.6645986031220402,4.606280193236715,0,0
2018-10-09,2018-10-10,-1.5761967538020651,-4.582125603864735,1.2294466376933055,4.671980676328502,0.6645986031220402,4.606280193236715,0,0
2018-10-10,2018-10-11,-0.8228264730927091,-4.678743961352657,1.2294466376933055,4.671980676328502,0.6645986031220402,4.606280193236715,0,0
2018-10-11,2018-10-12,1.603271069563017,-4.6980676328502415,1.2294466376933055,4.671980676328502,0.6645986031220402,4.606280193236715,1,0
2018-10-12,2018-10-15,0.7911537498496641,-4.533816425120773,1.2294466376933055,4.671980676328502,0.6645986031220402,4.606280193236715,0,0
2018-10-15,2018-10-16,-0.5040178713719948,-4.606280193236715,1.2294466376933055,4.671980676328502,0.6645986031220402,4.606280193236715,0,0
2018-10-16,2018-10-17,-1.0328826637261144,-4.644927536231884,1.2294466376933055,4.671980676328502,0.6645986031220402,4.606280193236715,0,0
2018-10-17,2018-10-18,-0.1747151443349922,4.586956521739131,1.2294466376933055,4.671980676328502,0.6645986031220402,4.606280193236715,0,0
2018-10-18,2018-10-19,-0.9170512330293772,-4.56280193236715,1.2294466376933055,4.671980676328502,0.6645986031220402,4.606280193236715,0,0
2018-10-19,2018-10-22,-0.9980865170904227,4.620772946859903,1.2294466376933055,4.671980676328502,0.6645986031220402,4.606280193236715,0,0
2018-10-22,2018-10-23,-1.5977541485419056,4.611111111111111,1.2294466376933055,4.671980676328502,0.6645986031220402,4.606280193236715,0,0
2018-10-23,2018-10-24,0.1164700628240635,-4.611111111111111,1.2294466376933055,4.671980676328502,0.6645986031220402,4.606280193236715,0,0
2018-10-24,2018-10-25,-1.158656277438802,4.693236714975845,1.2294466376933055,4.671980676328502,0.6645986031220402,4.606280193236715,0,1
2018-10-25,2018-10-26,-0.4413224402084123,4.64975845410628,1.2294466376933055,4.671980676328502,0.6645986031220402,4.606280193236715,0,0
2018-10-26,2018-10-29,-0.16033961565172467,4.582125603864735,1.2294466376933055,4.671980676328502,0.6645986031220402,4.606280193236715,0,0
2018-10-29,2018-10-30,-1.492734789236829,4.673913043478261,1.2294466376933055,4.671980676328502,0.6645986031220402,4.606280193236715,0,0
2018-10-30,2018-10-31,-0.9746501059969056,4.707729468599034,1.2294466376933055,4.671980676328502,0.6645986031220402,4.606280193236715,0,0
2018-10-31,2018-11-01,-0.9317479562909933,4.606280193236715,1.2294466376933055,4.671980676328502,0.6645986031220402,4.606280193236715,0,0
2018-11-01,2018-11-02,-1.2276738239739267,-4.640096618357488,1.2294466376933055,4.671980676328502,0.6645986031220402,4.606280193236715,0,0
2018-11-02,2018-11-05,-1.4433012677100598,-4.756038647342995,1.2294466376933055,4.671980676328502,0.6645986031220402,4.606280193236715,0,0
2018-11-05,2018-11-06,-0.22187552716534983,4.596618357487923,1.2294466376933055,4.671980676328502,0.6645986031220402,4.606280193236715,0,0
2018-11-06,2018-11-07,-1.6048094476421115,4.596618357487923,1.2294466376933055,4.671980676328502,0.6645986031220402,4.606280193236715,0,0
2018-11-07,2018-11-08,-0.4479312301184091,-4.6980676328502415,1.2294466376933055,4.671980676328502,0.6645986031220402,4.606280193236715,0,0
2018-11-08,2018-11-09,-0.6863505460315349,-4.6980676328502415,1.2294466376933055,4.671980676328502,0.6645986031220402,4.606280193236715,0,0
2018-11-09,2018-11-12,-1.1460244900949472,4.56280193236715,1.2294466376933055,4.671980676328502,0.6645986031220402,4.606280193236715,0,0
2018-11-12,2018-11-13,-1.4491772762306965,4.611111111111111,1.2294466376933055,4.671980676328502,0.6645986031220402,4.606280193236715,0,0
2018-11-13,2018-11-14,-1.6082818138780162,4.630434782608695,1.2294466376933055,4.671980676328502,0.6645986031220402,4.606280193236715,0,0
2018-11-14,2018-11-15,0.6423172356361269,-4.673913043478261,1.2294466376933055,4.671980676328502,0.6645986031220402,4.606280193236715,0,0
2018-11-15,2018-11-16,0.4824856613579648,-4.630434782608695,1.2294466376933055,4.671980676328502,0.6645986031220402,4.606280193236715,0,0
2018-11-16,2018-11-19,0.1302073964429381,4.5772946859903385,1.2294466376933055,4.671980676328502,0.6645986031220402,4.606280193236715,0,0
2018-11-19,2018-11-20,-0.5057143908280747,4.538647342995169,1.2294466376933055,4.671980676328502,0.6645986031220402,4.606280193236715,0,0
2018-11-20,2018-11-21,-0.47346120087337845,-4.669082125603865,1.2294466376933055,4.671980676328502,0.6645986031220402,4.606280193236715,0,0
2018-11-21,2018-11-22,1.622756749843317,4.678743961352657,1.2294466376933055,4.671980676328502,0.6645986031220402,4.606280193236715,0,0
2018-11-22,2018-11-23,-1.4950371683338617,4.596618357487923,1.2294466376933055,4.671980676328502,0.6645986031220402,4.606280193236715,0,0
2018-11-23,2018-11-26,0.24197319234841536,-4.538647342995169,1.2294466376933055,4.671980676328502,0.6645986031220402,4.606280193236715,0,0
2018-11-26,2018-11-27,-1.3389552535709888,-4.620772946859903,1.2294466376933055,4.671980676328502,0.6645986031220402,4.606280193236715,0,0
2018-11-27,2018-11-28,1.1678490164799453,4.731884057971015,1.2294466376933055,4.671980676328502,0.6645986031220402,4.606280193236715,0,1
2018-11-28,2018-11-29,0.056324524659139535,-4.553140096618358,1.2294466376933055,4.671980676328502,0.6645986031220402,4.606280193236715,0,0
2018-11-29,2018-11-30,1.251674941348502,-4.538647342995169,1.2294466376933055,4.671980676328502,0.6645986031220402,4.606280193236715,1,0
2018-11-30,2018-12-03,0.8296725032327006,4.596618357487923,1.2294466376933055,4.671980676328502,0.6645986031220402,4.606280193236715,0,0
2018-12-03,2018-12-04,-1.5401559352198717,4.6980676328502415,1.2294466376933055,4.671980676328502,0.6645986031220402,4.606280193236715,0,0
2018-12-04,2018-12-05,0.11248204178179723,4.620772946859903,1.2294466376933055,4.671980676328502,0.6645986031220402,4.606280193236715,0,0
2018-12-05,2018-12-06,-0.22922180437034081,-4.553140096618358,1.2294466376933055,4.671980676328502,0.6645986031220402,4.606280193236715,0,0
2018-12-06,2018-12-07,-1.1679502771746273,4.567632850241546,1.2294466376933055,4.671980676328502,0.6645986031220402,4.606280193236715,0,0
2018-12-07,2018-12-10,-1.6201143059715626,4.601449275362318,1.2294466376933055,4.671980676328502,0.6645986031220402,4.606280193236715,0,0
2018-12-10,2018-12-11,-0.8144955332827335,-4.673913043478261,1.2294466376933055,4.671980676328502,0.6645986031220402,4.606280193236715,0,0
2018-12-11,2018-12-12,0.8551612782139926,-4.572463768115942,1.2294466376933055,4.671980676328502,0.6645986031220402,4.606280193236715,0,0
2018-12-12,2018-12-13,-1.4151421884653348,4.557971014492754,1.2294466376933055,4.671980676328502,0.6645986031220402,4.606280193236715,0,0
2018-12-13,2018-12-14,-1.59848409006616,4.606280193236715,1.2294466376933055,4.671980676328502,0.6645986031220402,4.606280193236715,0,0
2018-12-14,2018-12-17,1.1105864528277898,-4.673913043478261,1.2294466376933055,4.671980676328502,0.6645986031220402,4.606280193236715,0,0
2018-12-17,2018-12-18,-0.7236795992182827,-4.567632850241546,1.2294466376933055,4.671980676328502,0.6645986031220402,4.606280193236715,0,0
2018-12-18,2018-12-19,-1.0114143810437637,4.586956521739131,1.2294466376933055,4.671980676328502,0.6645986031220402,4.606280193236715,0,0
2018-12-19,2018-12-20,-1.0874783708008575,4.606280193236715,1.2294466376933055,4.671980676328502,0.6645986031220402,4.606280193236715,0,0
2018-12-20,2018-12-21,0.8394380158886087,4.640096618357488,1.2294466376933055,4.671980676328502,0.6645986031220402,4.606280193236715,0,0
2018-12-21,2018-12-24,-0.39442985259543745,4.582125603864735,1.2294466376933055,4.671980676328502,0.6645986031220402,4.606280193236715,0,0
2018-12-24,2018-12-25,1.7146314806716474,4.640096618357488,1.2294466376933055,4.671980676328502,0.6645986031220402,4.606280193236715,1,0
2018-12-25,2018-12-26,1.6178237978786028,-4.586956521739131,1.2294466376933055,4.671980676328502,0.6645986031220402,4.606280193236715,0,0
2018-12-26,2018-12-27,-0.4807292453049233,-4.625603864734299,1.2294466376933055,4.671980676328502,0.6645986031220402,4.606280193236715,0,0
2018-12-27,2018-12-28,0.5788016028779096,4.611111111111111,1.2294466376933055,4.671980676328502,0.6645986031220402,4.606280193236715,0,0
2018-12-28,2019-01-02,0.38833137851282257,4.606280193236715,1.2294466376933055,4.671980676328502,0.6645986031220402,4.606280193236715,0,0
2019-01-02,2019-01-03,-0.47470834387366495,-4.644927536231884,1.2294466376933055,4.671980676328502,0.6645986031220402,4.606280193236715,0,0
2019-01-03,2019-01-04,1.1344412396211045,4.615942028985507,1.2294466376933055,4.671980676328502,0.6645986031220402,4.606280193236715,0,0
2019-01-04,2019-01-07,-1.6333062611346043,4.688405797101449,1.2294466376933055,4.671980676328502,0.6645986031220402,4.606280193236715,0,1
2019-01-07,2019-01-08,-1.1851537732798771,4.6352657004830915,1.2294466376933055,4.671980676328502,0.6645986031220402,4.606280193236715,0,0
2019-01-08,2019-01-09,0.03099863864417609,-4.644927536231884,1.2294466376933055,4.671980676328502,0.6645986031220402,4.606280193236715,0,0
2019-01-09,2019-01-10,-1.248325883599285,4.615942028985507,1.2294466376933055,4.671980676328502,0.6645986031220402,4.606280193236715,0,0
2019-01-10,2019-01-11,-1.0326436146473343,4.625603864734299,1.2294466376933055,4.671980676328502,0.6645986031220402,4.606280193236715,0,0
2019-01-11,2019-01-14,0.6688641314683536,4.683574879227053,1.2294466376933055,4.671980676328502,0.6645986031220402,4.606280193236715,0,0
2019-01-14,2019-01-15,-0.6735228232205118,-4.625603864734299,1.2294466376933055,4.671980676328502,0.6645986031220402,4.606280193236715,0,0
2019-01-15,2019-01-16,-1.6678296854596637,4.548309178743962,1.2294466376933055,4.671980676328502,0.6645986031220402,4.606280193236715,0,0
2019-01-16,2019-01-17,-0.021226429751824413,4.625603864734299,1.2294466376933055,4.671980676328502,0.6645986031220402,4.606280193236715,0,0
2019-01-17,2019-01-18,1.3878112638847773,-4.615942028985507,1.2294466376933055,4.671980676328502,0.6645986031220402,4.606280193236715,0,0
2019-01-18,2019-01-21,-1.6045824441498167,-4.678743961352657,1.2294466376933055,4.671980676328502,0.6645986031220402,4.606280193236715,0,0
2019-01-21,2019-01-22,0.4076162667643352,4.601449275362318,1.2294466376933055,4.671980676328502,0.6645986031220402,4.606280193236715,0,0
2019-01-22,2019-01-23,-1.114807501453437,-4.601449275362318,1.2294466376933055,4.671980676328502,0.6645986031220402,4.606280193236715,0,0
2019-01-23,2019-01-24,1.4709925100975636,4.56280193236715,1.2294466376933055,4.671980676328502,0.6645986031220402,4.606280193236715,0,0
2019-01-24,2019-01-25,-0.512353673466931,-4.6352657004830915,1.2294466376933055,4.671980676328502,0.6645986031220402,4.606280193236715,0,0
2019-01-25,2019-01-28,0.7551024656223452,4.644927536231884,1.2294466376933055,4.671980676328502,0.6645986031220402,4.606280193236715,0,0
2019-01-28,2019-01-29,0.08862719618543625,-4.567632850241546,1.2294466376933055,4.671980676328502,0.6645986031220402,4.606280193236715,0,0
2019-01-29,2019-01-30,1.5480873149591368,-4.606280193236715,1.2294466376933055,4.671980676328502,0.6645986031220402,4.606280193236715,1,0
2019-01-30,2019-01-31,-1.5065599965013399,-4.664251207729468,1.2294466376933055,4.671980676328502,0.6645986031220402,4.606280193236715,0,0
2019-01-31,2019-02-01,0.4286848936313411,-4.644927536231884,1.2294466376933055,4.671980676328502,0.6645986031220402,4.606280193236715,0,0
2019-02-01,2019-02-11,0.2844841035229042,4.591787439613527,1.2294466376933055,4.671980676328502,0.6645986031220402,4.606280193236715,0,0
2019-02-11,2019-02-12,-1.1417740079965688,4.678743961352657,1.2294466376933055,4.671980676328502,0.6645986031220402,4.606280193236715,0,1
2019-02-12,2019-02-13,-1.4988766734384193,4.664251207729468,1.2294466376933055,4.671980676328502,0.6645986031220402,4.606280193236715,0,0
2019-02-13,2019-02-14,-1.5445880719457337,4.71256038647343,1.2294466376933055,4.671980676328502,0.6645986031220402,4.606280193236715,0,0
2019-02-14,2019-02-15,-0.2667177309301607,4.615942028985507,1.2294466376933055,4.671980676328502,0.6645986031220402,4.606280193236715,0,0
2019-02-15,2019-02-18,-0.2753422773469168,-4.625603864734299,1.2294466376933055,4.671980676328502,0.6645986031220402,4.606280193236715,0,0
2019-02-18,2019-02-19,-1.3455936565032534,4.601449275362318,1.2294466376933055,4.671980676328502,0.6645986031220402,4.606280193236715,0,0
2019-02-19,2019-02-20,-1.3620251895415816,4.6352657004830915,1.2294466376933055,4.671980676328502,0.6645986031220402,4.606280193236715,0,0
2019-02-20,2019-02-21,-0.06372124726257543,4.596618357487923,1.2294466376933055,4.671980676328502,0.6645986031220402,4.606280193236715,0,0
2019-02-21,2019-02-22,1.072628540265388,-4.611111111111111,1.2294466376933055,4.671980676328502,0.6645986031220402,4.606280193236715,0,0
2019-02-22,2019-02-25,-0.645616474823259,4.615942028985507,1.2294466376933055,4.671980676328502,0.6645986031220402,4.606280193236715,0,0
2019-02-25,2019-02-26,-1.648343242783762,4.640096618357488,1.2294466376933055,4.671980676328502,0.6645986031220402,4.606280193236715,0,0
2019-02-26,2019-02-27,1.1462648419187254,-4.591787439613527,1.2294466376933055,4.671980676328502,0.6645986031220402,4.606280193236715,0,0
2019-02-27,2019-02-28,-0.021604938206165304,-4.64975845410628,1.2294466376933055,4.671980676328502,0.6645986031220402,4.606280193236715,0,0
2019-02-28,2019-03-01,1.576069304268474,4.5772946859903385,1.2294466376933055,4.671980676328502,0.6645986031220402,4.606280193236715,0,0
2019-03-01,2019-03-04,1.0214780368622494,-4.620772946859903,1.2294466376933055,4.671980676328502,0.6645986031220402,4.606280193236715,0,0
2019-03-04,2019-03-05,-1.2623327280389824,4.591787439613527,1.2294466376933055,4.671980676328502,0.6645986031220402,4.606280193236715,0,0
2019-03-05,2019-03-06,-0.65805431260746,4.56280193236715,1.2294466376933055,4.671980676328502,0.6645986031220402,4.606280193236715,0,0
2019-03-06,2019-03-07,-1.12247766905979,4.630434782608695,1.2294466376933055,4.671980676328502,0.6645986031220402,4.606280193236715,0,0
2019-03-07,2019-03-08,-0.955304973603943,-4.567632850241546,1.2294466376933055,4.671980676328502,0.6645986031220402,4.606280193236715,0,0
2019-03-08,2019-03-11,0.94936405535246,-4.640096618357488,1.2294466376933055,4.671980676328502,0.6645986031220402,4.606280193236715,0,0
2019-03-11,2019-03-12,1.6670157284614562,4.620772946859903,1.2294466376933055,4.671980676328502,0.6645986031220402,4.606280193236715,1,0
2019-03-12,2019-03-13,0.12372160741805824,4.630434782608695,1.2294466376933055,4.671980676328502,0.6645986031220402,4.606280193236715,0,0
2019-03-13,2019-03-14,-0.6804157824745133,-4.567632850241546,1.2294466376933055,4.671980676328502,0.6645986031220402,4.606280193236715,0,0
2019-03-14,2019-03-15,-1.541586849921102,-4.664251207729468,1.2294466376933055,4.671980676328502,0.6645986031220402,4.606280193236715,0,0
2019-03-15,2019-03-18,1.3447145748783718,-4.683574879227053,1.2294466376933055,4.671980676328502,0.6645986031220402,4.606280193236715,0,0
2019-03-18,2019-03-19,0.31336331126190986,-4.630434782608695,1.2294466376933055,4.671980676328502,0.6645986031220402,4.606280193236715,0,0
2019-03-19,2019-03-20,0.07369377617769689,-4.586956521739131,1.2294466376933055,4.671980676328502,0.6645986031220402,4.606280193236715,0,0
2019-03-20,2019-03-21,1.0330612051042753,-4.6980676328502415,1.2294466376933055,4.671980676328502,0.6645986031220402,4.606280193236715,0,0
2019-03-21,2019-03-22,-1.6762787266346058,4.625603864734299,1.2294466376933055,4.671980676328502,0.6645986031220402,4.606280193236715,0,0
2019-03-22,2019-03-25,0.04274798321461447,-4.630434782608695,1.2294466376933055,4.671980676328502,0.6645986031220402,4.606280193236715,0,0
2019-03-25,2019-03-26,-0.6243195362372425,-4.664251207729468,1.2294466376933055,4.671980676328502,0.6645986031220402,4.606280193236715,0,0
2019-03-26,2019-03-27,-0.8007250620655688,-4.678743961352657,1.2294466376933055,4.671980676328502,0.6645986031220402,4.606280193236715,0,0
2019-03-27,2019-03-28,1.7183289835407438,4.625603864734299,1.2294466376933055,4.671980676328502,0.6645986031220402,4.606280193236715,1,0
2019-03-28,2019-03-29,-0.8372076577024449,-4.688405797101449,1.2294466376933055,4.671980676328502,0.6645986031220402,4.606280193236715,0,0
2019-03-29,2019-04-01,-1.0579792878297598,4.722222222222222,1.2294466376933055,4.671980676328502,0.6645986031220402,4.606280193236715,0,1
2019-04-01,2019-04-02,-1.5286139877022862,4.620772946859903,1.2294466376933055,4.671980676328502,0.6645986031220402,4.606280193236715,0,0
2019-04-02,2019-04-03,-1.0261870994960138,4.644927536231884,1.2294466376933055,4.671980676328502,0.6645986031220402,4.606280193236715,0,0
2019-04-03,2019-04-04,0.3431786504010006,-4.688405797101449,1.2294466376933055,4.671980676328502,0.6645986031220402,4.606280193236715,0,0
2019-04-04,2019-04-08,0.47352649791743406,4.678743961352657,1.2294466376933055,4.671980676328502,0.6645986031220402,4.606280193236715,0,0
2019-04-08,2019-04-09,1.237528186251596,4.654589371980676,1.2294466376933055,4.671980676328502,0.6645986031220402,4.606280193236715,1,0
2019-04-09,2019-04-10,1.3238205695645724,4.615942028985507,1.2294466376933055,4.671980676328502,0.6645986031220402,4.606280193236715,0,0
2019-04-10,2019-04-11,-0.9346346380580447,-4.591787439613527,1.2294466376933055,4.671980676328502,0.6645986031220402,4.606280193236715,0,0
2019-04-11,2019-04-12,-0.9307908433559507,-4.731884057971015,1.2294466376933055,4.671980676328502,0.6645986031220402,4.606280193236715,0,0
2019-04-12,2019-04-15,-1.6458167314124335,-4.606280193236715,1.2294466376933055,4.671980676328502,0.6645986031220402,4.606280193236715,0,0
2019-04-15,2019-04-16,-0.15879882045772173,-4.620772946859903,1.2294466376933055,4.671980676328502,0.6645986031220402,4.606280193236715,0,0
2019-04-16,2019-04-17,-0.14471350533831417,4.601449275362318,1.2294466376933055,4.671980676328502,0.6645986031220402,4.606280193236715,0,0
2019-04-17,2019-04-18,-1.2761779525996497,-4.640096618357488,1.2294466376933055,4.671980676328502,0.6645986031220402,4.606280193236715,0,0
2019-04-18,2019-04-19,-1.1078761511068709,-4.664251207729468,1.2294466376933055,4.671980676328502,0.6645986031220402,4.606280193236715,0,0
2019-04-19,2019-04-22,0.9706344207237217,4.644927536231884,1.2294466376933055,4.671980676328502,0.6645986031220402,4.606280193236715,0,0
2019-04-22,2019-04-23,0.16954082804906906,-4.596618357487923,1.2294466376933055,4.671980676328502,0.6645986031220402,4.606280193236715,0,0
2019-04-23,2019-04-24,-0.5851809667335173,-4.606280193236715,1.2294466376933055,4.671980676328502,0.6645986031220402,4.606280193236715,0,0
2019-04-24,2019-04-25,1.5791477237811427,4.630434782608695,1.2294466376933055,4.671980676328502,0.6645986031220402,4.606280193236715,1,0
2019-04-25,2019-04-26,0.3519719741868956,-4.654589371980676,1.2294466376933055,4.671980676328502,0.6645986031220402,4.606280193236715,0,0
2019-04-26,2019-04-29,-1.4341124583493354,4.678743961352657,1.2294466376933055,4.671980676328502,0.6645986031220402,4.606280193236715,0,0
2019-04-29,2019-04-30,0.1779099108288686,-4.615942028985507,1.2294466376933055,4.671980676328502,0.6645986031220402,4.606280193236715,0,0
2019-04-30,2019-05-06,1.5228231162683048,4.751207729468599,1.2294466376933055,4.671980676328502,0.6645986031220402,4.606280193236715,0,0
2019-05-06,2019-05-07,0.9738876539186692,-4.620772946859903,1.2294466376933055,4.671980676328502,0.6645986031220402,4.606280193236715,0,0
2019-05-07,2019-05-08,0.45495080545260436,4.702898550724638,1.2294466376933055,4.671980676328502,0.6645986031220402,4.606280193236715,0,0
2019-05-08,2019-05-09,-0.6049601904711178,4.673913043478261,1.2294466376933055,4.671980676328502,0.6645986031220402,4.606280193236715,0,0
2019-05-09,2019-05-10,-1.3340005184799728,4.702898550724638,1.2294466376933055,4.671980676328502,0.6645986031220402,4.606280193236715,0,0
2019-05-10,2019-05-13,-1.041662351757375,4.640096618357488,1.2294466376933055,4.671980676328502,0.6645986031220402,4.606280193236715,0,0
2019-05-13,2019-05-14,-0.8955195855073387,4.7270531400966185,1.2294466376933055,4.671980676328502,0.6645986031220402,4.606280193236715,0,1
2019-05-14,2019-05-15,-0.7845096208239775,4.625603864734299,1.2294466376933055,4.671980676328502,0.6645986031220402,4.606280193236715,0,0
2019-05-15,2019-05-16,0.11348452340080159,4.702898550724638,1.2294466376933055,4.671980676328502,0.6645986031220402,4.606280193236715,0,0
2019-05-16,2019-05-17,-1.4165351770828725,-4.770531400966184,1.2294466376933055,4.671980676328502,0.6645986031220402,4.606280193236715,0,0
2019-05-17,2019-05-20,1.4315259500144308,4.746376811594203,1.2294466376933055,4.671980676328502,0.6645986031220402,4.606280193236715,1,0
2019-05-20,2019-05-21,-0.9449546618184487,-4.707729468599034,1.2294466376933055,4.671980676328502,0.6645986031220402,4.606280193236715,0,0
2019-05-21,2019-05-22,0.46057335521117376,4.7270531400966185,1.2294466376933055,4.671980676328502,0.6645986031220402,4.606280193236715,0,0
2019-05-22,2019-05-23,-0.863198852374772,4.7270531400966185,1.2294466376933055,4.671980676328502,0.6645986031220402,4.606280193236715,0,0
2019-05-23,2019-05-24,-1.299384604931602,-4.596618357487923,1.2294466376933055,4.671980676328502,0.6645986031220402,4.606280193236715,0,0
2019-05-24,2019-05-27,-1.5809725944970667,4.6980676328502415,1.2294466376933055,4.671980676328502,0.6645986031220402,4.606280193236715,0,0
2019-05-27,2019-05-28,-0.6401146776431641,4.64975845410628,1.2294466376933055,4.671980676328502,0.6645986031220402,4.606280193236715,0,0
2019-05-28,2019-05-29,0.40585375453155265,-4.717391304347826,1.2294466376933055,4.671980676328502,0.6645986031220402,4.606280193236715,0,0
2019-05-29,2019-05-30,0.12362704513920117,-4.688405797101449,1.2294466376933055,4.671980676328502,0.6645986031220402,4.606280193236715,0,0
2019-05-30,2019-05-31,1.1077045708388917,4.606280193236715,1.2294466376933055,4.671980676328502,0.6645986031220402,4.606280193236715,0,0
2019-05-31,2019-06-03,-0.7666458614548758,4.586956521739131,1.2294466376933055,4.671980676328502,0.6645986031220402,4.606280193236715,0,0
2019-06-03,2019-06-04,1.303414519038023,-4.64975845410628,1.2294466376933055,4.671980676328502,0.6645986031220402,4.606280193236715,1,0
2019-06-04,2019-06-05,-0.9655173038286342,-4.702898550724638,1.2294466376933055,4.671980676328502,0.6645986031220402,4.606280193236715,0,0
2019-06-05,2019-06-06,-1.1524278474185123,4.6980676328502415,1.2294466376933055,4.671980676328502,0.6645986031220402,4.606280193236715,0,1
2019-06-06,2019-06-10,-0.60926131070827,-4.722222222222222,1.2294466376933055,4.671980676328502,0.6645986031220402,4.606280193236715,0,0
2019-06-10,2019-06-11,1.6073692436793217,-4.625603864734299,1.2294466376933055,4.671980676328502,0.6645986031220402,4.606280193236715,0,0
2019-06-11,2019-06-12,-1.6652854394833723,4.654589371980676,1.2294466376933055,4.671980676328502,0.6645986031220402,4.606280193236715,0,0
2019-06-12,2019-06-13,0.7467617930269508,-4.644927536231884,1.2294466376933055,4.671980676328502,0.6645986031220402,4.606280193236715,0,0
2019-06-13,2019-06-14,0.05433552819606039,4.659420289855072,1.2294466376933055,4.671980676328502,0.6645986031220402,4.606280193236715,0,0
2019-06-14,2019-06-17,-0.38435304364523926,-4.741545893719807,1.2294466376933055,4.671980676328502,0.6645986031220402,4.606280193236715,0,0
2019-06-17,2019-06-18,1.6662710201484867,4.693236714975845,1.2294466376933055,4.671980676328502,0.6645986031220402,4.606280193236715,1,0
2019-06-18,2019-06-19,-1.242674664644081,4.630434782608695,1.2294466376933055,4.671980676328502,0.6645986031220402,4.606280193236715,0,0
2019-06-19,2019-06-20,-0.8575562166713568,4.678743961352657,1.2294466376933055,4.671980676328502,0.6645986031220402,4.606280193236715,0,1
2019-06-20,2019-06-21,-1.3653263473833683,4.664251207729468,1.2294466376933055,4.671980676328502,0.6645986031220402,4.606280193236715,0,0
2019-06-21,2019-06-24,-0.8783978653155438,4.64975845410628,1.2294466376933055,4.671980676328502,0.6645986031220402,4.606280193236715,0,0
2019-06-24,2019-06-25,0.9283383658341551,-4.654589371980676,1.2294466376933055,4.671980676328502,0.6645986031220402,4.606280193236715,0,0
2019-06-25,2019-06-26,-1.0168065916659939,-4.688405797101449,1.2294466376933055,4.671980676328502,0.6645986031220402,4.606280193236715,0,0
2019-06-26,2019-06-27,-1.5652373406070519,-4.596618357487923,1.2294466376933055,4.671980676328502,0.6645986031220402,4.606280193236715,0,0
2019-06-27,2019-06-28,0.40921864990214557,4.640096618357488,1.2294466376933055,4.671980676328502,0.6645986031220402,4.606280193236715,0,0
2019-06-28,2019-07-01,-0.41423600349264666,-4.654589371980676,1.2294466376933055,4.671980676328502,0.6645986031220402,4.606280193236715,0,0
2019-07-01,2019-07-02,-1.644513631674327,4.760869565217392,1.2294466376933055,4.671980676328502,0.6645986031220402,4.606280193236715,0,0
2019-07-02,2019-07-03,0.4517016462557715,-4.620772946859903,1.2294466376933055,4.671980676328502,0.6645986031220402,4.606280193236715,0,0
2019-07-03,2019-07-04,-0.5341191099140243,-4.620772946859903,1.2294466376933055,4.671980676328502,0.6645986031220402,4.606280193236715,0,0
2019-07-04,2019-07-05,-1.1524629272363918,-4.606280193236715,1.2294466376933055,4.671980676328502,0.6645986031220402,4.606280193236715,0,0
2019-07-05,2019-07-08,1.5245116151977764,4.640096618357488,1.2294466376933055,4.671980676328502,0.6645986031220402,4.606280193236715,1,0
2019-07-08,2019-07-09,1.0722621772816925,-4.596618357487923,1.2294466376933055,4.671980676328502,0.6645986031220402,4.606280193236715,0,0
2019-07-09,2019-07-10,1.1358973117942555,4.5772946859903385,1.2294466376933055,4.671980676328502,0.6645986031220402,4.606280193236715,0,0
2019-07-10,2019-07-11,-0.7055568814150718,-4.582125603864735,1.2294466376933055,4.671980676328502,0.6645986031220402,4.606280193236715,0,0
2019-07-11,2019-07-12,0.46901304808870337,4.5772946859903385,1.2294466376933055,4.671980676328502,0.6645986031220402,4.606280193236715,0,0
2019-07-12,2019-07-15,-0.006462973413269249,-4.7270531400966185,1.2294466376933055,4.671980676328502,0.6645986031220402,4.606280193236715,0,0
2019-07-15,2019-07-16,-1.7268909500848104,4.533816425120773,1.2294466376933055,4.671980676328502,0.6645986031220402,4.606280193236715,0,0
2019-07-16,2019-07-17,-0.010387230458160873,4.533816425120773,1.2294466376933055,4.671980676328502,0.6645986031220402,4.606280193236715,0,0
2019-07-17,2019-07-18,0.37824877255861117,4.582125603864735,1.2294466376933055,4.671980676328502,0.6645986031220402,4.606280193236715,0,0
2019-07-18,2019-07-19,-0.45438897534820194,-4.678743961352657,1.2294466376933055,4.671980676328502,0.6645986031220402,4.606280193236715,0,0
2019-07-19,2019-07-22,1.0025753339992196,4.56280193236715,1.2294466376933055,4.671980676328502,0.6645986031220402,4.606280193236715,0,0
2019-07-22,2019-07-23,0.014646668065317888,-4.557971014492754,1.2294466376933055,4.671980676328502,0.6645986031220402,4.606280193236715,0,0
2019-07-23,2019-07-24,1.6997748092036737,4.572463768115942,1.2294466376933055,4.671980676328502,0.6645986031220402,4.606280193236715,1,0
2019-07-24,2019-07-25,-0.48780528075892116,4.601449275362318,1.2294466376933055,4.671980676328502,0.6645986031220402,4.606280193236715,0,0
2019-07-25,2019-07-26,-0.2539471624317358,4.582125603864735,1.2294466376933055,4.671980676328502,0.6645986031220402,4.606280193236715,0,0
2019-07-26,2019-07-29,0.5388513339444654,-4.586956521739131,1.2294466376933055,4.671980676328502,0.6645986031220402,4.606280193236715,0,0
2019-07-29,2019-07-30,-1.2430803699661441,-4.543478260869565,1.2294466376933055,4.671980676328502,0.6645986031220402,4.606280193236715,0,0
2019-07-30,2019-07-31,-1.2574730877147318,4.572463768115942,1.2294466376933055,4.671980676328502,0.6645986031220402,4.606280193236715,0,0
2019-07-31,2019-08-01,0.1010350871885632,4.654589371980676,1.2294466376933055,4.671980676328502,0.6645986031220402,4.606280193236715,0,0
2019-08-01,2019-08-02,0.1587321719179149,-4.640096618357488,1.2294466376933055,4.671980676328502,0.6645986031220402,4.606280193236715,0,0
2019-08-02,2019-08-05,1.4808071817302133,4.582125603864735,1.2294466376933055,4.671980676328502,0.6645986031220402,4.606280193236715,1,0
2019-08-05,2019-08-06,0.3847144202509031,-4.596618357487923,1.2294466376933055,4.671980676328502,0.6645986031220402,4.606280193236715,0,0
2019-08-06,2019-08-07,1.5375626686061696,-4.630434782608695,1.2294466376933055,4.671980676328502,0.6645986031220402,4.606280193236715,0,0
2019-08-07,2019-08-08,-1.0353525242161392,-4.620772946859903,1.2294466376933055,4.671980676328502,0.6645986031220402,4.606280193236715,0,0
2019-08-08,2019-08-09,1.0693309923880676,4.654589371980676,1.2294466376933055,4.671980676328502,0.6645986031220402,4.606280193236715,0,0
2019-08-09,2019-08-12,-0.5207151126626866,-4.553140096618358,1.2294466376933055,4.671980676328502,0.6645986031220402,4.606280193236715,0,0
2019-08-12,2019-08-13,0.5407838661507282,4.601449275362318,1.2294466376933055,4.671980676328502,0.6645986031220402,4.606280193236715,0,0
2019-08-13,2019-08-14,-1.2195286306322122,-4.654589371980676,1.2294466376933055,4.671980676328502,0.6645986031220402,4.606280193236715,0,0
2019-08-14,2019-08-15,-1.5273822676232376,4.669082125603865,1.2294466376933055,4.671980676328502,0.6645986031220402,4.606280193236715,0,0
2019-08-15,2019-08-16,-1.3600757748064825,4.553140096618358,1.2294466376933055,4.671980676328502,0.6645986031220402,4.606280193236715,0,0
2019-08-16,2019-08-19,-0.768150917744403,4.582125603864735,1.2294466376933055,4.671980676328502,0.6645986031220402,4.606280193236715,0,0
2019-08-19,2019-08-20,-1.6804591869395717,4.654589371980676,1.2294466376933055,4.671980676328502,0.6645986031220402,4.606280193236715,0,0
2019-08-20,2019-08-21,0.7722713223572145,4.6352657004830915,1.2294466376933055,4.671980676328502,0.6645986031220402,4.606280193236715,0,0
2019-08-21,2019-08-22,0.5929142395817701,-4.620772946859903,1.2294466376933055,4.671980676328502,0.6645986031220402,4.606280193236715,0,0
2019-08-22,2019-08-23,1.122501115857224,4.586956521739131,1.2294466376933055,4.671980676328502,0.6645986031220402,4.606280193236715,0,0
2019-08-23,2019-08-26,-0.6765170885083678,-4.673913043478261,1.2294466376933055,4.671980676328502,0.6645986031220402,4.606280193236715,0,0
2019-08-26,2019-08-27,1.5633913944933489,-4.611111111111111,1.2294466376933055,4.671980676328502,0.6645986031220402,4.606280193236715,0,0
2019-08-27,2019-08-28,-1.6721524942399109,4.64975845410628,1.2294466376933055,4.671980676328502,0.6645986031220402,4.606280193236715,0,0
2019-08-28,2019-08-29,0.4956406730880705,-4.586956521739131,1.2294466376933055,4.671980676328502,0.6645986031220402,4.606280193236715,0,0
2019-08-29,2019-08-30,0.14985303938911773,-4.770531400966184,1.2294466376933055,4.671980676328502,0.6645986031220402,4.606280193236715,0,0
2019-08-30,2019-09-02,0.21701682531258223,-4.528985507246377,1.2294466376933055,4.671980676328502,0.6645986031220402,4.606280193236715,0,0
2019-09-02,2019-09-03,-1.522343748985008,4.6352657004830915,1.2294466376933055,4.671980676328502,0.6645986031220402,4.606280193236715,0,0
2019-09-03,2019-09-04,-0.9842278513924165,4.620772946859903,1.2294466376933055,4.671980676328502,0.6645986031220402,4.606280193236715,0,0
2019-09-04,2019-09-05,-1.6068247587411357,4.678743961352657,1.2294466376933055,4.671980676328502,0.6645986031220402,4.606280193236715,0,0
2019-09-05,2019-09-06,-1.6438685225873457,4.678743961352657,1.2294466376933055,4.671980676328502,0.6645986031220402,4.606280193236715,0,0
2019-09-06,2019-09-09,0.6640918569337388,4.654589371980676,1.2294466376933055,4.671980676328502,0.6645986031220402,4.606280193236715,0,0
2019-09-09,2019-09-10,-0.13283205493922542,4.567632850241546,1.2294466376933055,4.671980676328502,0.6645986031220402,4.606280193236715,0,0
2019-09-10,2019-09-11,-0.1150522161582989,-4.606280193236715,1.2294466376933055,4.671980676328502,0.6645986031220402,4.606280193236715,0,0
2019-09-11,2019-09-12,-0.8229463684729491,-4.741545893719807,1.2294466376933055,4.671980676328502,0.6645986031220402,4.606280193236715,0,0
2019-09-12,2019-09-16,1.5741385731549842,4.596618357487923,1.2294466376933055,4.671980676328502,0.6645986031220402,4.606280193236715,1,0
2019-09-16,2019-09-17,-0.04775129760110148,-4.5772946859903385,1.2294466376933055,4.671980676328502,0.6645986031220402,4.606280193236715,0,0
2019-09-17,2019-09-18,0.5691448963569683,-4.5772946859903385,1.2294466376933055,4.671980676328502,0.6645986031220402,4.606280193236715,0,0
2019-09-18,2019-09-19,1.2969511355341423,-4.722222222222222,1.2294466376933055,4.671980676328502,0.6645986031220402,4.606280193236715,0,0
2019-09-19,2019-09-20,1.062196695868881,4.519323671497585,1.2294466376933055,4.671980676328502,0.6645986031220402,4.606280193236715,0,0
2019-09-20,2019-09-23,0.19168968046370471,-4.586956521739131,1.2294466376933055,4.671980676328502,0.6645986031220402,4.606280193236715,0,0
2019-09-23,2019-09-24,1.06187268754232,-4.572463768115942,1.2294466376933055,4.671980676328502,0.6645986031220402,4.606280193236715,0,0
2019-09-24,2019-09-25,-0.6012090064734967,4.6352657004830915,1.2294466376933055,4.671980676328502,0.6645986031220402,4.606280193236715,0,0
2019-09-25,2019-09-26,-1.7063195701898677,-4.591787439613527,1.2294466376933055,4.671980676328502,0.6645986031220402,4.606280193236715,0,0
2019-09-26,2019-09-27,0.6255073711233408,-4.615942028985507,1.2294466376933055,4.671980676328502,0.6645986031220402,4.606280193236715,0,0
2019-09-27,2019-09-30,1.7227333954168746,4.620772946859903,1.2294466376933055,4.671980676328502,0.6645986031220402,4.606280193236715,1,0
2019-09-30,2019-10-08,-1.3596669964688268,4.553140096618358,1.2294466376933055,4.671980676328502,0.6645986031220402,4.606280193236715,0,0
2019-10-08,2019-10-09,0.7779566440102126,4.620772946859903,1.2294466376933055,4.671980676328502,0.6645986031220402,4.606280193236715,0,0
2019-10-09,2019-10-10,0.49644463392522276,-4.596618357487923,1.2294466376933055,4.671980676328502,0.6645986031220402,4.606280193236715,0,0
2019-10-10,2019-10-11,-1.7249124298352279,4.56280193236715,1.2294466376933055,4.671980676328502,0.6645986031220402,4.606280193236715,0,0
2019-10-11,2019-10-14,-1.526940427680159,4.56280193236715,1.2294466376933055,4.671980676328502,0.6645986031220402,4.606280193236715,0,0
2019-10-14,2019-10-15,-1.5292764319878647,4.644927536231884,1.2294466376933055,4.671980676328502,0.6645986031220402,4.606280193236715,0,0
2019-10-15,2019-10-16,0.17033929093087224,4.611111111111111,1.2294466376933055,4.671980676328502,0.6645986031220402,4.606280193236715,0,0
2019-10-16,2019-10-17,-1.0902844538601888,4.625603864734299,1.2294466376933055,4.671980676328502,0.6645986031220402,4.606280193236715,0,0
2019-10-17,2019-10-18,-1.2436367637398353,-4.533816425120773,1.2294466376933055,4.671980676328502,0.6645986031220402,4.606280193236715,0,0
2019-10-18,2019-10-21,0.3831474545038601,-4.596618357487923,1.2294466376933055,4.671980676328502,0.6645986031220402,4.606280193236715,0,0
2019-10-21,2019-10-22,-1.0321913730344896,-4.572463768115942,1.2294466376933055,4.671980676328502,0.6645986031220402,4.606280193236715,0,0
2019-10-22,2019-10-23,1.0994173757867371,4.601449275362318,1.2294466376933055,4.671980676328502,0.6645986031220402,4.606280193236715,0,0
2019-10-23,2019-10-24,-0.39562420765660333,-4.625603864734299,1.2294466376933055,4.671980676328502,0.6645986031220402,4.606280193236715,0,0
2019-10-24,2019-10-25,-1.1430469753602512,-4.56280193236715,1.2294466376933055,4.671980676328502,0.6645986031220402,4.606280193236715,0,0
2019-10-25,2019-10-28,-1.5064078295668737,-4.586956521739131,1.2294466376933055,4.671980676328502,0.6645986031220402,4.606280193236715,0,0
2019-10-28,2019-10-29,-1.6822290958485258,4.625603864734299,1.2294466376933055,4.671980676328502,0.6645986031220402,4.606280193236715,0,0
2019-10-29,2019-10-30,1.1019835280953731,-4.56280193236715,1.2294466376933055,4.671980676328502,0.6645986031220402,4.606280193236715,0,0
2019-10-30,2019-10-31,-0.41644029414369904,-4.56280193236715,1.2294466376933055,4.671980676328502,0.6645986031220402,4.606280193236715,0,0
2019-10-31,2019-11-01,-1.2591081072293753,4.6352657004830915,1.2294466376933055,4.671980676328502,0.6645986031220402,4.606280193236715,0,0
2019-11-01,2019-11-04,1.0395786285329294,4.601449275362318,1.2294466376933055,4.671980676328502,0.6645986031220402,4.606280193236715,0,0
2019-11-04,2019-11-05,-0.2834486027912484,-4.567632850241546,1.2294466376933055,4.671980676328502,0.6645986031220402,4.606280193236715,0,0
2019-11-05,2019-11-06,-1.260464797984723,4.557971014492754,1.2294466376933055,4.671980676328502,0.6645986031220402,4.606280193236715,0,0
2019-11-06,2019-11-07,0.5586932757710027,-4.591787439613527,1.2294466376933055,4.671980676328502,0.6645986031220402,4.606280193236715,0,0
2019-11-07,2019-11-08,1.6760752886918855,-4.553140096618358,1.2294466376933055,4.671980676328502,0.6645986031220402,4.606280193236715,1,0
2019-11-08,2019-11-11,-0.12118739783353487,-4.673913043478261,1.2294466376933055,4.671980676328502,0.6645986031220402,4.606280193236715,0,0
2019-11-11,2019-11-12,-0.16871434674601923,-4.557971014492754,1.2294466376933055,4.671980676328502,0.6645986031220402,4.606280193236715,0,0
2019-11-12,2019-11-13,1.3656286769956705,4.586956521739131,1.2294466376933055,4.671980676328502,0.6645986031220402,4.606280193236715,0,0
2019-11-13,2019-11-14,-1.5015117006647902,4.5144927536231885,1.2294466376933055,4.671980676328502,0.6645986031220402,4.606280193236715,0,0
2019-11-14,2019-11-15,0.5761413072516546,-4.693236714975845,1.2294466376933055,4.671980676328502,0.6645986031220402,4.606280193236715,0,0
2019-11-15,2019-11-18,1.0995787891237805,-4.640096618357488,1.2294466376933055,4.671980676328502,0.6645986031220402,4.606280193236715,0,0
2019-11-18,2019-11-19,0.17447808879038162,-4.572463768115942,1.2294466376933055,4.671980676328502,0.6645986031220402,4.606280193236715,0,0
2019-11-19,2019-11-20,-1.2701594560527463,4.572463768115942,1.2294466376933055,4.671980676328502,0.6645986031220402,4.606280193236715,0,0
2019-11-20,2019-11-21,1.3863791060472999,-4.553140096618358,1.2294466376933055,4.671980676328502,0.6645986031220402,4.606280193236715,1,0
2019-11-21,2019-11-22,-0.7085582225747343,4.553140096618358,1.2294466376933055,4.671980676328502,0.6645986031220402,4.606280193236715,0,0
2019-11-22,2019-11-25,1.3947639286379148,4.591787439613527,1.2294466376933055,4.671980676328502,0.6645986031220402,4.606280193236715,0,0
2019-11-25,2019-11-26,0.7440655106282629,-4.557971014492754,1.2294466376933055,4.671980676328502,0.6645986031220402,4.606280193236715,0,0
2019-11-26,2019-11-27,0.14296613553753545,-4.533816425120773,1.2294466376933055,4.671980676328502,0.6645986031220402,4.606280193236715,0,0
2019-11-27,2019-11-28,1.5917885647131567,-4.56280193236715,1.2294466376933055,4.671980676328502,0.6645986031220402,4.606280193236715,0,0
2019-11-28,2019-11-29,-1.5549446773456126,4.591787439613527,1.2294466376933055,4.671980676328502,0.6645986031220402,4.606280193236715,0,0
2019-11-29,2019-12-02,0.8330812276024043,-4.56280193236715,1.2294466376933055,4.671980676328502,0.6645986031220402,4.606280193236715,0,0
2019-12-02,2019-12-03,0.18275914036338256,-4.591787439613527,1.2294466376933055,4.671980676328502,0.6645986031220402,4.606280193236715,0,0
2019-12-03,2019-12-04,0.6022867240868908,4.5772946859903385,1.2294466376933055,4.671980676328502,0.6645986031220402,4.606280193236715,0,0
2019-12-04,2019-12-05,1.0830000759502187,-4.669082125603865,1.2294466376933055,4.671980676328502,0.6645986031220402,4.606280193236715,0,0
2019-12-05,2019-12-06,-1.674725107729395,4.620772946859903,1.2294466376933055,4.671980676328502,0.6645986031220402,4.606280193236715,0,0
2019-12-06,2019-12-09,-0.9519771566959372,4.644927536231884,1.2294466376933055,4.671980676328502,0.6645986031220402,4.606280193236715,0,0
2019-12-09,2019-12-10,-1.4723354813947311,4.611111111111111,1.2294466376933055,4.671980676328502,0.6645986031220402,4.606280193236715,0,0
2019-12-10,2019-12-11,-0.5366253460792566,4.615942028985507,1.2294466376933055,4.671980676328502,0.6645986031220402,4.606280193236715,0,0
2019-12-11,2019-12-12,0.5834798177474488,-4.615942028985507,1.2294466376933055,4.671980676328502,0.6645986031220402,4.606280193236715,0,0
2019-12-12,2019-12-13,-1.3739589897858888,-4.625603864734299,1.2294466376933055,4.671980676328502,0.6645986031220402,4.606280193236715,0,0
2019-12-13,2019-12-16,-1.6524562824578166,4.586956521739131,1.2294466376933055,4.671980676328502,0.6645986031220402,4.606280193236715,0,0
2019-12-16,2019-12-17,-1.4404185249182748,4.596618357487923,1.2294466376933055,4.671980676328502,0.6645986031220402,4.606280193236715,0,0
2019-12-17,2019-12-18,-1.4079631673700557,4.683574879227053,1.2294466376933055,4.671980676328502,0.6645986031220402,4.606280193236715,0,0
2019-12-18,2019-12-19,0.3541592030920895,-4.567632850241546,1.2294466376933055,4.671980676328502,0.6645986031220402,4.606280193236715,0,0
2019-12-19,2019-12-20,0.9845032200386177,-4.6980676328502415,1.2294466376933055,4.671980676328502,0.6645986031220402,4.606280193236715,0,0
2019-12-20,2019-12-23,-0.6866174848543402,-4.722222222222222,1.2294466376933055,4.671980676328502,0.6645986031220402,4.606280193236715,0,0
2019-12-23,2019-12-24,-1.3256259439358768,-4.688405797101449,1.2294466376933055,4.671980676328502,0.6645986031220402,4.606280193236715,0,0
2019-12-24,2019-12-25,1.641983002585904,4.5772946859903385,1.2294466376933055,4.671980676328502,0.6645986031220402,4.606280193236715,0,0
2019-12-25,2019-12-26,0.3951718289083138,4.688405797101449,1.2294466376933055,4.671980676328502,0.6645986031220402,4.606280193236715,0,0
2019-12-26,2019-12-27,-0.03230563470744471,-4.7270531400966185,1.2294466376933055,4.671980676328502,0.6645986031220402,4.606280193236715,0,0
2019-12-27,2019-12-30,1.6388435718809906,-4.659420289855072,1.2294466376933055,4.671980676328502,0.6645986031220402,4.606280193236715,0,0
2019-12-30,2019-12-31,-0.6577313003733788,-4.654589371980676,1.2294466376933055,4.671980676328502,0.6645986031220402,4.606280193236715,0,0
2019-12-31,2020-01-02,0.5384674265903729,4.615942028985507,1.2294466376933055,4.671980676328502,0.6645986031220402,4.606280193236715,0,0
2020-01-02,2020-01-03,-1.4312760479442932,4.644927536231884,1.2294466376933055,4.671980676328502,0.6645986031220402,4.606280193236715,0,0
2020-01-03,2020-01-06,-0.3598411243362484,4.606280193236715,1.2294466376933055,4.671980676328502,0.6645986031220402,4.606280193236715,0,0
2020-01-06,2020-01-07,-1.141175561707303,4.601449275362318,1.2294466376933055,4.671980676328502,0.6645986031220402,4.606280193236715,0,0
2020-01-07,2020-01-08,-0.0044782823243331655,-4.553140096618358,1.2294466376933055,4.671980676328502,0.6645986031220402,4.606280193236715,0,0
2020-01-08,2020-01-09,0.7102839808147531,-4.606280193236715,1.2294466376933055,4.671980676328502,0.6645986031220402,4.606280193236715,0,0
2020-01-09,2020-01-10,1.4853433364443172,4.683574879227053,1.2294466376933055,4.671980676328502,0.6645986031220402,4.606280193236715,0,0
2020-01-10,2020-01-13,-1.510652314100937,4.654589371980676,1.2294466376933055,4.671980676328502,0.6645986031220402,4.606280193236715,0,0
2020-01-13,2020-01-14,0.7268729266134728,4.586956521739131,1.2294466376933055,4.671980676328502,0.6645986031220402,4.606280193236715,0,0
2020-01-14,2020-01-15,0.8145105394893691,-4.625603864734299,1.2294466376933055,4.671980676328502,0.6645986031220402,4.606280193236715,0,0
2020-01-15,2020-01-16,-0.9099014838116749,-4.673913043478261,1.2294466376933055,4.671980676328502,0.6645986031220402,4.606280193236715,0,0
2020-01-16,2020-01-17,-0.8666555403065194,-4.707729468599034,1.2294466376933055,4.671980676328502,0.6645986031220402,4.606280193236715,0,0
2020-01-17,2020-01-20,-1.1105531362929137,-4.640096618357488,1.2294466376933055,4.671980676328502,0.6645986031220402,4.606280193236715,0,0
2020-01-20,2020-01-21,-1.0876242270692085,4.615942028985507,1.2294466376933055,4.671980676328502,0.6645986031220402,4.606280193236715,0,0
2020-01-21,2020-01-22,1.4411698820598393,4.688405797101449,1.2294466376933055,4.671980676328502,0.6645986031220402,4.606280193236715,1,1
2020-01-22,2020-01-23,-0.8047636494229207,-4.6352657004830915,1.2294466376933055,4.671980676328502,0.6645986031220402,4.606280193236715,0,0
2020-01-23,2020-02-03,1.6249929104802332,-4.717391304347826,1.2294466376933055,4.671980676328502,0.6645986031220402,4.606280193236715,0,0
2020-02-03,2020-02-04,-1.6477308351144282,-4.625603864734299,1.2294466376933055,4.671980676328502,0.6645986031220402,4.606280193236715,0,0
2020-02-04,2020-02-05,-1.2553511334165615,4.640096618357488,1.2294466376933055,4.671980676328502,0.6645986031220402,4.606280193236715,0,0
2020-02-05,2020-02-06,-0.6113328101515144,4.644927536231884,1.2294466376933055,4.671980676328502,0.6645986031220402,4.606280193236715,0,0
2020-02-06,2020-02-07,-0.63450313771339,4.765700483091788,1.2294466376933055,4.671980676328502,0.6645986031220402,4.606280193236715,0,0
2020-02-07,2020-02-10,-0.829073695525497,4.707729468599034,1.2294466376933055,4.671980676328502,0.6645986031220402,4.606280193236715,0,0
2020-02-10,2020-02-11,0.564061880114474,-4.582125603864735,1.2294466376933055,4.671980676328502,0.6645986031220402,4.606280193236715,0,0
2020-02-11,2020-02-12,-1.6389388166608205,4.717391304347826,1.2294466376933055,4.671980676328502,0.6645986031220402,4.606280193236715,0,0
2020-02-12,2020-02-13,1.0082475611994057,4.731884057971015,1.2294466376933055,4.671980676328502,0.6645986031220402,4.606280193236715,0,0
2020-02-13,2020-02-14,-0.1107938099812492,4.717391304347826,1.2294466376933055,4.671980676328502,0.6645986031220402,4.606280193236715,0,0
2020-02-14,2020-02-17,1.4196724606781521,4.620772946859903,1.2294466376933055,4.671980676328502,0.6645986031220402,4.606280193236715,1,0
2020-02-17,2020-02-18,-1.557661940940364,4.717391304347826,1.2294466376933055,4.671980676328502,0.6645986031220402,4.606280193236715,0,1
2020-02-18,2020-02-19,-1.2339287698980541,-4.707729468599034,1.2294466376933055,4.671980676328502,0.6645986031220402,4.606280193236715,0,0
2020-02-19,2020-02-20,0.7738879760702526,-4.780193236714976,1.2294466376933055,4.671980676328502,0.6645986031220402,4.606280193236715,0,0
2020-02-20,2020-02-21,-1.2151902625723783,4.693236714975845,1.2294466376933055,4.671980676328502,0.6645986031220402,4.606280193236715,0,0
2020-02-21,2020-02-24,-1.641331786233897,4.640096618357488,1.2294466376933055,4.671980676328502,0.6645986031220402,4.606280193236715,0,0
2020-02-24,2020-02-25,-1.343661229445953,4.654589371980676,1.2294466376933055,4.671980676328502,0.6645986031220402,4.606280193236715,0,0
2020-02-25,2020-02-26,-1.6098910820606789,-4.780193236714976,1.2294466376933055,4.671980676328502,0.6645986031220402,4.606280193236715,0,0
2020-02-26,2020-02-27,0.9714071828617995,-4.736714975845411,1.2294466376933055,4.671980676328502,0.6645986031220402,4.606280193236715,0,0
2020-02-27,2020-02-28,1.248710166183354,4.630434782608695,1.2294466376933055,4.671980676328502,0.6645986031220402,4.606280193236715,0,0
2020-02-28,2020-03-02,-0.5593344008854437,-4.683574879227053,1.2294466376933055,4.671980676328502,0.6645986031220402,4.606280193236715,0,0
2020-03-02,2020-03-03,0.9532505012396373,4.707729468599034,1.2294466376933055,4.671980676328502,0.6645986031220402,4.606280193236715,0,1
2020-03-03,2020-03-04,-1.0658651076253645,4.765700483091788,1.2294466376933055,4.671980676328502,0.6645986031220402,4.606280193236715,0,0
2020-03-04,2020-03-05,1.394220978338257,-4.64975845410628,1.2294466376933055,4.671980676328502,0.6645986031220402,4.606280193236715,1,0
2020-03-05,2020-03-06,-0.6571603870575147,4.765700483091788,1.2294466376933055,4.671980676328502,0.6645986031220402,4.606280193236715,0,0
2020-03-06,2020-03-09,-0.9824002580448485,-4.717391304347826,1.2294466376933055,4.671980676328502,0.6645986031220402,4.606280193236715,0,0
2020-03-09,2020-03-10,1.036534372337952,-4.760869565217392,1.2294466376933055,4.671980676328502,0.6645986031220402,4.606280193236715,0,0
2020-03-10,2020-03-11,-0.10758537010795248,4.760869565217392,1.2294466376933055,4.671980676328502,0.6645986031220402,4.606280193236715,0,0
2020-03-11,2020-03-12,-0.8735581912801427,-4.664251207729468,1.2294466376933055,4.671980676328502,0.6645986031220402,4.606280193236715,0,0
2020-03-12,2020-03-13,-1.5485503095256747,4.654589371980676,1.2294466376933055,4.671980676328502,0.6645986031220402,4.606280193236715,0,0
2020-03-13,2020-03-16,0.45047962841057804,-4.8478260869565215,1.2294466376933055,4.671980676328502,0.6645986031220402,4.606280193236715,0,0
2020-03-16,2020-03-17,0.35887081278508887,-4.828502415458937,1.2294466376933055,4.671980676328502,0.6645986031220402,4.606280193236715,0,0
2020-03-17,2020-03-18,0.9729059455569327,4.736714975845411,1.2294466376933055,4.671980676328502,0.6645986031220402,4.606280193236715,0,0
2020-03-18,2020-03-19,-0.7882272111433459,-4.736714975845411,1.2294466376933055,4.671980676328502,0.6645986031220402,4.606280193236715,0,0
2020-03-19,2020-03-20,0.9648018385417402,4.828502415458937,1.2294466376933055,4.671980676328502,0.6645986031220402,4.606280193236715,0,0
2020-03-20,2020-03-23,1.6904424564298615,4.852657004830918,1.2294466376933055,4.671980676328502,0.6645986031220402,4.606280193236715,0,0
2020-03-23,2020-03-24,-0.4967805850175841,-4.833333333333333,1.2294466376933055,4.671980676328502,0.6645986031220402,4.606280193236715,0,0
2020-03-24,2020-03-25,-0.07512448201225917,4.707729468599034,1.2294466376933055,4.671980676328502,0.6645986031220402,4.606280193236715,0,0
2020-03-25,2020-03-26,-1.174468908145638,4.736714975845411,1.2294466376933055,4.671980676328502,0.6645986031220402,4.606280193236715,0,1
2020-03-26,2020-03-27,-1.6104916615842777,-4.780193236714976,1.2294466376933055,4.671980676328502,0.6645986031220402,4.606280193236715,0,0
2020-03-27,2020-03-30,-1.33983044709148,4.756038647342995,1.2294466376933055,4.671980676328502,0.6645986031220402,4.606280193236715,0,0
2020-03-30,2020-03-31,-0.3724712417595021,-4.6352657004830915,1.2294466376933055,4.671980676328502,0.6645986031220402,4.606280193236715,0,0
2020-03-31,2020-04-01,1.431723651543581,4.669082125603865,1.2294466376933055,4.671980676328502,0.6645986031220402,4.606280193236715,1,0
2020-04-01,2020-04-02,-0.8171719998833339,-4.630434782608695,1.2294466376933055,4.671980676328502,0.6645986031220402,4.606280193236715,0,0
2020-04-02,2020-04-03,0.3696045538381604,4.664251207729468,1.2294466376933055,4.671980676328502,0.6645986031220402,4.606280193236715,0,0
2020-04-03,2020-04-07,-1.5508329152627902,4.615942028985507,1.2294466376933055,4.671980676328502,0.6645986031220402,4.606280193236715,0,0
2020-04-07,2020-04-08,-1.721484566008622,4.71256038647343,1.2294466376933055,4.671980676328502,0.6645986031220402,4.606280193236715,0,0
2020-04-08,2020-04-09,-0.7698081563050243,-4.630434782608695,1.2294466376933055,4.671980676328502,0.6645986031220402,4.606280193236715,0,0
2020-04-09,2020-04-10,0.2601525197197563,4.582125603864735,1.2294466376933055,4.671980676328502,0.6645986031220402,4.606280193236715,0,0
2020-04-10,2020-04-13,-1.0372457142529983,-4.611111111111111,1.2294466376933055,4.671980676328502,0.6645986031220402,4.606280193236715,0,0
2020-04-13,2020-04-14,-1.6321032902741293,4.669082125603865,1.2294466376933055,4.671980676328502,0.6645986031220402,4.606280193236715,0,0
2020-04-14,2020-04-15,0.3248091387251003,4.64975845410628,1.2294466376933055,4.671980676328502,0.6645986031220402,4.606280193236715,0,0
2020-04-15,2020-04-16,0.8417303231222909,4.553140096618358,1.2294466376933055,4.671980676328502,0.6645986031220402,4.606280193236715,0,0
2020-04-16,2020-04-17,-0.8042389337685222,-4.630434782608695,1.2294466376933055,4.671980676328502,0.6645986031220402,4.606280193236715,0,0
2020-04-17,2020-04-20,-1.4740205020568493,4.5772946859903385,1.2294466376933055,4.671980676328502,0.6645986031220402,4.606280193236715,0,0
2020-04-20,2020-04-21,0.6737923819106025,-4.606280193236715,1.2294466376933055,4.671980676328502,0.6645986031220402,4.606280193236715,0,0
2020-04-21,2020-04-22,0.5235903363061165,-4.596618357487923,1.2294466376933055,4.671980676328502,0.6645986031220402,4.606280193236715,0,0
2020-04-22,2020-04-23,0.6819887480926992,-4.591787439613527,1.2294466376933055,4.671980676328502,0.6645986031220402,4.606280193236715,0,0
2020-04-23,2020-04-24,1.5734345486182555,4.606280193236715,1.2294466376933055,4.671980676328502,0.6645986031220402,4.606280193236715,1,0
2020-04-24,2020-04-27,-0.13292438114249766,-4.601449275362318,1.2294466376933055,4.671980676328502,0.6645986031220402,4.606280193236715,0,0
2020-04-27,2020-04-28,-1.2109934871461179,-4.644927536231884,1.2294466376933055,4.671980676328502,0.6645986031220402,4.606280193236715,0,0
2020-04-28,2020-04-29,0.6963817571509351,-4.606280193236715,1.2294466376933055,4.671980676328502,0.6645986031220402,4.606280193236715,0,0
2020-04-29,2020-04-30,-1.3798279354073566,-4.615942028985507,1.2294466376933055,4.671980676328502,0.6645986031220402,4.606280193236715,0,0
2020-04-30,2020-05-06,-0.6729180788637227,4.582125603864735,1.2294466376933055,4.671980676328502,0.6645986031220402,4.606280193236715,0,0
2020-05-06,2020-05-07,-0.75881719812648,4.596618357487923,1.2294466376933055,4.671980676328502,0.6645986031220402,4.606280193236715,0,0
2020-05-07,2020-05-08,0.6820745445631757,4.64975845410628,1.2294466376933055,4.671980676328502,0.6645986031220402,4.606280193236715,0,0
2020-05-08,2020-05-11,0.4266993555237635,4.625603864734299,1.2294466376933055,4.671980676328502,0.6645986031220402,4.606280193236715,0,0
2020-05-11,2020-05-12,-1.57390610774058,4.630434782608695,1.2294466376933055,4.671980676328502,0.6645986031220402,4.606280193236715,0,0
2020-05-12,2020-05-13,1.604216305865683,4.601449275362318,1.2294466376933055,4.671980676328502,0.6645986031220402,4.606280193236715,0,0
2020-05-13,2020-05-14,1.3335296351599273,4.611111111111111,1.2294466376933055,4.671980676328502,0.6645986031220402,4.606280193236715,0,0
2020-05-14,2020-05-15,0.15717265953124984,-4.596618357487923,1.2294466376933055,4.671980676328502,0.6645986031220402,4.606280193236715,0,0
2020-05-15,2020-05-18,0.2858798314980173,4.678743961352657,1.2294466376933055,4.671980676328502,0.6645986031220402,4.606280193236715,0,0
2020-05-18,2020-05-19,1.5553996627856501,-4.615942028985507,1.2294466376933055,4.671980676328502,0.6645986031220402,4.606280193236715,0,0
2020-05-19,2020-05-20,0.8613747759114903,-4.6352657004830915,1.2294466376933055,4.671980676328502,0.6645986031220402,4.606280193236715,0,0
2020-05-20,2020-05-21,0.3792611563900041,-4.625603864734299,1.2294466376933055,4.671980676328502,0.6645986031220402,4.606280193236715,0,0
2020-05-21,2020-05-22,-0.7454699624620604,-4.591787439613527,1.2294466376933055,4.671980676328502,0.6645986031220402,4.606280193236715,0,0
2020-05-22,2020-05-25,-1.278230518504327,-4.654589371980676,1.2294466376933055,4.671980676328502,0.6645986031220402,4.606280193236715,0,0
2020-05-25,2020-05-26,-1.609878138933731,-4.659420289855072,1.2294466376933055,4.671980676328502,0.6645986031220402,4.606280193236715,0,0
2020-05-26,2020-05-27,0.6427029374565735,4.640096618357488,1.2294466376933055,4.671980676328502,0.6645986031220402,4.606280193236715,0,0
2020-05-27,2020-05-28,0.8344395938658159,-4.611111111111111,1.2294466376933055,4.671980676328502,0.6645986031220402,4.606280193236715,0,0
2020-05-28,2020-05-29,0.8693336423270567,-4.625603864734299,1.2294466376933055,4.671980676328502,0.6645986031220402,4.606280193236715,0,0
2020-05-29,2020-06-01,-0.7662491361084741,4.654589371980676,1.2294466376933055,4.671980676328502,0.6645986031220402,4.606280193236715,0,0
2020-06-01,2020-06-02,-1.7286227996508958,4.64975845410628,1.2294466376933055,4.671980676328502,0.6645986031220402,4.606280193236715,0,0
2020-06-02,2020-06-03,0.9346937403794126,4.596618357487923,1.2294466376933055,4.671980676328502,0.6645986031220402,4.606280193236715,0,0
2020-06-03,2020-06-04,-0.4981754013960374,4.64975845410628,1.2294466376933055,4.671980676328502,0.6645986031220402,4.606280193236715,0,0
2020-06-04,2020-06-05,1.7148569699336458,4.625603864734299,1.2294466376933055,4.671980676328502,0.6645986031220402,4.606280193236715,1,0
2020-06-05,2020-06-08,1.3600107483822723,4.630434782608695,1.2294466376933055,4.671980676328502,0.6645986031220402,4.606280193236715,0,0
2020-06-08,2020-06-09,-0.31434215551216255,-4.601449275362318,1.2294466376933055,4.671980676328502,0.6645986031220402,4.606280193236715,0,0
2020-06-09,2020-06-10,0.5609842714335715,4.548309178743962,1.2294466376933055,4.671980676328502,0.6645986031220402,4.606280193236715,0,0
2020-06-10,2020-06-11,1.348613327980163,4.611111111111111,1.2294466376933055,4.671980676328502,0.6645986031220402,4.606280193236715,0,0
2020-06-11,2020-06-12,1.4045046843464348,-4.736714975845411,1.2294466376933055,4.671980676328502,0.6645986031220402,4.606280193236715,0,0
2020-06-12,2020-06-15,-1.0642387081107598,-4.640096618357488,1.2294466376933055,4.671980676328502,0.6645986031220402,4.606280193236715,0,0
2020-06-15,2020-06-16,1.289521396709009,4.678743961352657,1.2294466376933055,4.671980676328502,0.6645986031220402,4.606280193236715,0,0
2020-06-16,2020-06-17,-0.004730339327107556,4.582125603864735,1.2294466376933055,4.671980676328502,0.6645986031220402,4.606280193236715,0,0
2020-06-17,2020-06-18,-1.0677177664071569,4.6980676328502415,1.2294466376933055,4.671980676328502,0.6645986031220402,4.606280193236715,0,0
2020-06-18,2020-06-19,1.3790820873793639,-4.756038647342995,1.2294466376933055,4.671980676328502,0.6645986031220402,4.606280193236715,0,0
2020-06-19,2020-06-22,0.3647274191636785,4.717391304347826,1.2294466376933055,4.671980676328502,0.6645986031220402,4.606280193236715,0,0
2020-06-22,2020-06-23,-0.4223368572701005,-4.56280193236715,1.2294466376933055,4.671980676328502,0.6645986031220402,4.606280193236715,0,0
2020-06-23,2020-06-24,1.5063557864440296,4.6352657004830915,1.2294466376933055,4.671980676328502,0.6645986031220402,4.606280193236715,1,0
2020-06-24,2020-06-29,-1.501044742627492,4.707729468599034,1.2294466376933055,4.671980676328502,0.6645986031220402,4.606280193236715,0,1
2020-06-29,2020-06-30,-0.5132424132106586,-4.736714975845411,1.2294466376933055,4.671980676328502,0.6645986031220402,4.606280193236715,0,0
2020-06-30,2020-07-01,0.32554602070542055,4.64975845410628,1.2294466376933055,4.671980676328502,0.6645986031220402,4.606280193236715,0,0
2020-07-01,2020-07-02,-1.680983555944726,-4.567632850241546,1.2294466376933055,4.671980676328502,0.6645986031220402,4.606280193236715,0,0
2020-07-02,2020-07-03,-1.6067391454523754,4.838164251207729,1.2294466376933055,4.671980676328502,0.6645986031220402,4.606280193236715,0,0
2020-07-03,2020-07-06,-1.1697026592788389,4.717391304347826,1.2294466376933055,4.671980676328502,0.6645986031220402,4.606280193236715,0,0
2020-07-06,2020-07-07,-1.3434493891801687,4.731884057971015,1.2294466376933055,4.671980676328502,0.6645986031220402,4.606280193236715,0,0
2020-07-07,2020-07-08,-1.1560088387637015,4.596618357487923,1.2294466376933055,4.671980676328502,0.6645986031220402,4.606280193236715,0,0
2020-07-08,2020-07-09,-0.1388352017264678,4.751207729468599,1.2294466376933055,4.671980676328502,0.6645986031220402,4.606280193236715,0,0
2020-07-09,2020-07-10,-0.6304811192638556,4.7270531400966185,1.2294466376933055,4.671980676328502,0.6645986031220402,4.606280193236715,0,0
2020-07-10,2020-07-13,-0.9889256208212553,4.722222222222222,1.2294466376933055,4.671980676328502,0.6645986031220402,4.606280193236715,0,0
2020-07-13,2020-07-14,0.04750594693692892,4.572463768115942,1.2294466376933055,4.671980676328502,0.6645986031220402,4.606280193236715,0,0
2020-07-14,2020-07-15,-0.49659600780507546,-4.615942028985507,1.2294466376933055,4.671980676328502,0.6645986031220402,4.606280193236715,0,0
2020-07-15,2020-07-16,-1.7048663210383335,-4.780193236714976,1.2294466376933055,4.671980676328502,0.6645986031220402,4.606280193236715,0,0
2020-07-16,2020-07-17,-1.0800736923734509,-4.785024154589372,1.2294466376933055,4.671980676328502,0.6645986031220402,4.606280193236715,0,0
2020-07-17,2020-07-20,1.5856025836633678,-4.6980676328502415,1.2294466376933055,4.671980676328502,0.6645986031220402,4.606280193236715,1,0
2020-07-20,2020-07-21,0.6345631643574394,4.654589371980676,1.2294466376933055,4.671980676328502,0.6645986031220402,4.606280193236715,0,0
2020-07-21,2020-07-22,0.876889929137829,-4.731884057971015,1.2294466376933055,4.671980676328502,0.6645986031220402,4.606280193236715,0,0
2020-07-22,2020-07-23,-0.8484773001507785,-4.746376811594203,1.2294466376933055,4.671980676328502,0.6645986031220402,4.606280193236715,0,0
2020-07-23,2020-07-24,0.272443965905894,4.664251207729468,1.2294466376933055,4.671980676328502,0.6645986031220402,4.606280193236715,0,0
2020-07-24,2020-07-27,1.2290415589287276,-4.654589371980676,1.2294466376933055,4.671980676328502,0.6645986031220402,4.606280193236715,0,0
2020-07-27,2020-07-28,1.7200378077013774,4.751207729468599,1.2294466376933055,4.671980676328502,0.6645986031220402,4.606280193236715,1,1
2020-07-28,2020-07-29,1.107858613932701,4.683574879227053,1.2294466376933055,4.671980676328502,0.6645986031220402,4.606280193236715,0,0
2020-07-29,2020-07-30,0.12944461762415593,4.6980676328502415,1.2294466376933055,4.671980676328502,0.6645986031220402,4.606280193236715,0,0
2020-07-30,2020-07-31,1.4756779525137649,-4.630434782608695,1.2294466376933055,4.671980676328502,0.6645986031220402,4.606280193236715,0,0
2020-07-31,2020-08-03,-0.9459653804908585,-4.625603864734299,1.2294466376933055,4.671980676328502,0.6645986031220402,4.606280193236715,0,0
2020-08-03,2020-08-04,-1.4932553963375435,4.765700483091788,1.2294466376933055,4.671980676328502,0.6645986031220402,4.606280193236715,0,0
2020-08-04,2020-08-05,1.066120209188961,-4.804347826086956,1.2294466376933055,4.671980676328502,0.6645986031220402,4.606280193236715,0,0
2020-08-05,2020-08-06,0.7879021389947336,4.591787439613527,1.2294466376933055,4.671980676328502,0.6645986031220402,4.606280193236715,0,0
2020-08-06,2020-08-07,0.3696961356281047,4.596618357487923,1.2294466376933055,4.671980676328502,0.6645986031220402,4.606280193236715,0,0
2020-08-07,2020-08-10,-0.1131498019982384,-4.785024154589372,1.2294466376933055,4.671980676328502,0.6645986031220402,4.606280193236715,0,0
2020-08-10,2020-08-11,1.3623207260516477,-4.707729468599034,1.2294466376933055,4.671980676328502,0.6645986031220402,4.606280193236715,1,0
2020-08-11,2020-08-12,-0.7265491959287815,-4.707729468599034,1.2294466376933055,4.671980676328502,0.6645986031220402,4.606280193236715,0,0
2020-08-12,2020-08-13,-0.5768730879191961,-4.644927536231884,1.2294466376933055,4.671980676328502,0.6645986031220402,4.606280193236715,0,0
2020-08-13,2020-08-14,1.6728441043919116,-4.785024154589372,1.2294466376933055,4.671980676328502,0.6645986031220402,4.606280193236715,0,0
2020-08-14,2020-08-17,1.2467172139513123,-4.746376811594203,1.2294466376933055,4.671980676328502,0.6645986031220402,4.606280193236715,0,0
2020-08-17,2020-08-18,-1.5237315566861596,4.770531400966184,1.2294466376933055,4.671980676328502,0.6645986031220402,4.606280193236715,0,1
2020-08-18,2020-08-19,-0.6698727417315931,-4.673913043478261,1.2294466376933055,4.671980676328502,0.6645986031220402,4.606280193236715,0,0
2020-08-19,2020-08-20,0.530566294697519,-4.731884057971015,1.2294466376933055,4.671980676328502,0.6645986031220402,4.606280193236715,0,0
2020-08-20,2020-08-21,-1.683378884492943,4.736714975845411,1.2294466376933055,4.671980676328502,0.6645986031220402,4.606280193236715,0,0
2020-08-21,2020-08-24,1.3432332770480746,4.756038647342995,1.2294466376933055,4.671980676328502,0.6645986031220402,4.606280193236715,1,0
2020-08-24,2020-08-25,0.8055075237691964,4.6352657004830915,1.2294466376933055,4.671980676328502,0.6645986031220402,4.606280193236715,0,0
2020-08-25,2020-08-26,-0.0791901504311523,4.693236714975845,1.2294466376933055,4.671980676328502,0.6645986031220402,4.606280193236715,0,0
2020-08-26,2020-08-27,1.5948051251746473,-4.871980676328502,1.2294466376933055,4.671980676328502,0.6645986031220402,4.606280193236715,0,0
2020-08-27,2020-08-28,1.5754274779378874,-4.8478260869565215,1.2294466376933055,4.671980676328502,0.6645986031220402,4.606280193236715,0,0
2020-08-28,2020-08-31,0.10545507210547671,-4.678743961352657,1.2294466376933055,4.671980676328502,0.6645986031220402,4.606280193236715,0,0
2020-08-31,2020-09-01,1.0006170864953565,-4.693236714975845,1.2294466376933055,4.671980676328502,0.6645986031220402,4.606280193236715,0,0
2020-09-01,2020-09-02,1.1028098706649139,4.828502415458937,1.2294466376933055,4.671980676328502,0.6645986031220402,4.606280193236715,0,0
2020-09-02,2020-09-03,-0.5668601771828216,4.741545893719807,1.2294466376933055,4.671980676328502,0.6645986031220402,4.606280193236715,0,1
2020-09-03,2020-09-04,-0.0654579738226595,-4.707729468599034,1.2294466376933055,4.671980676328502,0.6645986031220402,4.606280193236715,0,0
2020-09-04,2020-09-07,-0.9862531011361564,-4.644927536231884,1.2294466376933055,4.671980676328502,0.6645986031220402,4.606280193236715,0,0
2020-09-07,2020-09-08,1.0631762017746618,-4.785024154589372,1.2294466376933055,4.671980676328502,0.6645986031220402,4.606280193236715,0,0
2020-09-08,2020-09-09,-1.0637994009651923,4.741545893719807,1.2294466376933055,4.671980676328502,0.6645986031220402,4.606280193236715,0,0
2020-09-09,2020-09-10,1.5069581578041933,-4.765700483091788,1.2294466376933055,4.671980676328502,0.6645986031220402,4.606280193236715,1,0
2020-09-10,2020-09-11,0.16739869571814409,-4.673913043478261,1.2294466376933055,4.671980676328502,0.6645986031220402,4.606280193236715,0,0
2020-09-11,2020-09-14,1.473347428727535,4.756038647342995,1.2294466376933055,4.671980676328502,0.6645986031220402,4.606280193236715,0,0
2020-09-14,2020-09-15,0.8579472630493375,-4.828502415458937,1.2294466376933055,4.671980676328502,0.6645986031220402,4.606280193236715,0,0
2020-09-15,2020-09-16,0.9516241496211726,4.756038647342995,1.2294466376933055,4.671980676328502,0.6645986031220402,4.606280193236715,0,0
2020-09-16,2020-09-17,-1.0914419912115676,4.586956521739131,1.2294466376933055,4.671980676328502,0.6645986031220402,4.606280193236715,0,0
2020-09-17,2020-09-18,0.056469592450395005,4.582125603864735,1.2294466376933055,4.671980676328502,0.6645986031220402,4.606280193236715,0,0
2020-09-18,2020-09-21,-1.6770956627710425,4.818840579710145,1.2294466376933055,4.671980676328502,0.6645986031220402,4.606280193236715,0,1
2020-09-21,2020-09-22,0.3531346706879015,-4.707729468599034,1.2294466376933055,4.671980676328502,0.6645986031220402,4.606280193236715,0,0
2020-09-22,2020-09-23,-0.6497512689566262,4.717391304347826,1.2294466376933055,4.671980676328502,0.6645986031220402,4.606280193236715,0,0
2020-09-23,2020-09-24,1.6556330236141974,4.606280193236715,1.2294466376933055,4.671980676328502,0.6645986031220402,4.606280193236715,1,0
2020-09-24,2020-09-25,-0.028385054123617918,-4.654589371980676,1.2294466376933055,4.671980676328502,0.6645986031220402,4.606280193236715,0,0
2020-09-25,2020-09-28,-1.262473131688518,-4.601449275362318,1.2294466376933055,4.671980676328502,0.6645986031220402,4.606280193236715,0,0
2020-09-28,2020-09-29,-1.244483448589096,-4.693236714975845,1.2294466376933055,4.671980676328502,0.6645986031220402,4.606280193236715,0,0
2020-09-29,2020-09-30,0.6642880592160164,4.606280193236715,1.2294466376933055,4.671980676328502,0.6645986031220402,4.606280193236715,0,0
2020-09-30,2020-10-09,-0.26723222703216537,-4.5772946859903385,1.2294466376933055,4.671980676328502,0.6645986031220402,4.606280193236715,0,0
2020-10-09,2020-10-12,-1.717136292568932,4.615942028985507,1.2294466376933055,4.671980676328502,0.6645986031220402,4.606280193236715,0,0
2020-10-12,2020-10-13,-1.6136851112731525,4.659420289855072,1.2294466376933055,4.671980676328502,0.6645986031220402,4.606280193236715,0,0
2020-10-13,2020-10-14,-0.19152524295349863,4.630434782608695,1.2294466376933055,4.671980676328502,0.6645986031220402,4.606280193236715,0,0
2020-10-14,2020-10-15,0.05417481363221295,-4.553140096618358,1.2294466376933055,4.671980676328502,0.6645986031220402,4.606280193236715,0,0
2020-10-15,2020-10-16,-0.9635537105227449,4.688405797101449,1.2294466376933055,4.671980676328502,0.6645986031220402,4.606280193236715,0,1
2020-10-16,2020-10-19,-1.4468095054240357,-4.5772946859903385,1.2294466376933055,4.671980676328502,0.6645986031220402,4.606280193236715,0,0
2020-10-19,2020-10-20,-0.4374763344877358,-4.586956521739131,1.2294466376933055,4.671980676328502,0.6645986031220402,4.606280193236715,0,0
2020-10-20,2020-10-21,1.624488948135114,4.528985507246377,1.2294466376933055,4.671980676328502,0.6645986031220402,4.606280193236715,1,0
2020-10-21,2020-10-22,-0.8759806237306219,-4.654589371980676,1.2294466376933055,4.671980676328502,0.6645986031220402,4.606280193236715,0,0
2020-10-22,2020-10-23,-0.6847049625656619,-4.5772946859903385,1.2294466376933055,4.671980676328502,0.6645986031220402,4.606280193236715,0,0
2020-10-23,2020-10-26,-1.6815209351593983,-4.630434782608695,1.2294466376933055,4.671980676328502,0.6645986031220402,4.606280193236715,0,0
2020-10-26,2020-10-27,1.5511471478308139,-4.543478260869565,1.2294466376933055,4.671980676328502,0.6645986031220402,4.606280193236715,0,0
2020-10-27,2020-10-28,0.6683946070413115,4.64975845410628,1.2294466376933055,4.671980676328502,0.6645986031220402,4.606280193236715,0,0
2020-10-28,2020-10-29,-1.488140468321455,4.557971014492754,1.2294466376933055,4.671980676328502,0.6645986031220402,4.606280193236715,0,0
2020-10-29,2020-10-30,-1.2833762634322776,4.664251207729468,1.2294466376933055,4.671980676328502,0.6645986031220402,4.606280193236715,0,0
2020-10-30,2020-11-02,1.4794718398324438,-4.533816425120773,1.2294466376933055,4.671980676328502,0.6645986031220402,4.606280193236715,0,0
2020-11-02,2020-11-03,-0.9668722206607285,-4.572463768115942,1.2294466376933055,4.671980676328502,0.6645986031220402,4.606280193236715,0,0
2020-11-03,2020-11-04,-0.03341911945537078,4.611111111111111,1.2294466376933055,4.671980676328502,0.6645986031220402,4.606280193236715,0,0
2020-11-04,2020-11-05,-1.639988720525471,4.601449275362318,1.2294466376933055,4.671980676328502,0.6645986031220402,4.606280193236715,0,0
2020-11-05,2020-11-06,-1.175733739838076,4.553140096618358,1.2294466376933055,4.671980676328502,0.6645986031220402,4.606280193236715,0,0
2020-11-06,2020-11-09,0.8708306531441528,-4.4855072463768115,1.2294466376933055,4.671980676328502,0.6645986031220402,4.606280193236715,0,0
2020-11-09,2020-11-10,-1.4838096811625319,4.56280193236715,1.2294466376933055,4.671980676328502,0.6645986031220402,4.606280193236715,0,0
2020-11-10,2020-11-11,0.47139182601118357,-4.56280193236715,1.2294466376933055,4.671980676328502,0.6645986031220402,4.606280193236715,0,0
2020-11-11,2020-11-12,-0.4146786229358963,-4.64975845410628,1.2294466376933055,4.671980676328502,0.6645986031220402,4.606280193236715,0,0
2020-11-12,2020-11-13,1.5342613415328357,4.475845410628019,1.2294466376933055,4.671980676328502,0.6645986031220402,4.606280193236715,1,0
2020-11-13,2020-11-16,-0.8836247938968963,-4.533816425120773,1.2294466376933055,4.671980676328502,0.6645986031220402,4.606280193236715,0,0
2020-11-16,2020-11-17,-1.094862049965251,-4.538647342995169,1.2294466376933055,4.671980676328502,0.6645986031220402,4.606280193236715,0,0
2020-11-17,2020-11-18,1.196386525394542,-4.591787439613527,1.2294466376933055,4.671980676328502,0.6645986031220402,4.606280193236715,0,0
2020-11-18,2020-11-19,-0.4061136341026327,-4.524154589371981,1.2294466376933055,4.671980676328502,0.6645986031220402,4.606280193236715,0,0
2020-11-19,2020-11-20,1.5287961880759233,4.56280193236715,1.2294466376933055,4.671980676328502,0.6645986031220402,4.606280193236715,1,0
2020-11-20,2020-11-23,0.25866359893763163,-4.5772946859903385,1.2294466376933055,4.671980676328502,0.6645986031220402,4.606280193236715,0,0
2020-11-23,2020-11-24,-1.7004828177242521,4.582125603864735,1.2294466376933055,4.671980676328502,0.6645986031220402,4.606280193236715,0,0
2020-11-24,2020-11-25,-0.36029959253974536,4.543478260869565,1.2294466376933055,4.671980676328502,0.6645986031220402,4.606280193236715,0,0
2020-11-25,2020-11-26,-0.013677963385300114,-4.557971014492754,1.2294466376933055,4.671980676328502,0.6645986031220402,4.606280193236715,0,0
2020-11-26,2020-11-27,-1.50716246279739,-4.553140096618358,1.2294466376933055,4.671980676328502,0.6645986031220402,4.606280193236715,0,0
2020-11-27,2020-11-30,1.0811508309709184,-4.495169082125604,1.2294466376933055,4.671980676328502,0.6645986031220402,4.606280193236715,0,0
2020-11-30,2020-12-01,1.2091897928293376,4.630434782608695,1.2294466376933055,4.671980676328502,0.6645986031220402,4.606280193236715,0,0
2020-12-01,2020-12-02,-0.6739470172335182,4.533816425120773,1.2294466376933055,4.671980676328502,0.6645986031220402,4.606280193236715,0,0
2020-12-02,2020-12-03,-0.26808863467254695,-4.533816425120773,1.2294466376933055,4.671980676328502,0.6645986031220402,4.606280193236715,0,0
2020-12-03,2020-12-04,0.3256055285404972,-4.553140096618358,1.2294466376933055,4.671980676328502,0.6645986031220402,4.606280193236715,0,0
2020-12-04,2020-12-07,1.725716617939149,-4.601449275362318,1.2294466376933055,4.671980676328502,0.6645986031220402,4.606280193236715,1,0
2020-12-07,2020-12-08,-1.291804067347211,-4.543478260869565,1.2294466376933055,4.671980676328502,0.6645986031220402,4.606280193236715,0,0
2020-12-08,2020-12-09,-1.3374297473647614,4.538647342995169,1.2294466376933055,4.671980676328502,0.6645986031220402,4.606280193236715,0,0
2020-12-09,2020-12-10,0.2939354607137421,-4.543478260869565,1.2294466376933055,4.671980676328502,0.6645986031220402,4.606280193236715,0,0
2020-12-10,2020-12-11,0.5714365099640126,-4.572463768115942,1.2294466376933055,4.671980676328502,0.6645986031220402,4.606280193236715,0,0
2020-12-11,2020-12-14,1.4139412617463658,-4.582125603864735,1.2294466376933055,4.671980676328502,0.6645986031220402,4.606280193236715,1,0
2020-12-14,2020-12-15,1.1208648040596867,-4.538647342995169,1.2294466376933055,4.671980676328502,0.6645986031220402,4.606280193236715,0,0
2020-12-15,2020-12-16,1.1571053202290662,-4.533816425120773,1.2294466376933055,4.671980676328502,0.6645986031220402,4.606280193236715,0,0
2020-12-16,2020-12-17,-0.7216293168917512,-4.567632850241546,1.2294466376933055,4.671980676328502,0.6645986031220402,4.606280193236715,0,0
2020-12-17,2020-12-18,-1.6446809687278323,4.586956521739131,1.2294466376933055,4.671980676328502,0.6645986031220402,4.606280193236715,0,0
2020-12-18,2020-12-21,1.0265488314672457,4.538647342995169,1.2294466376933055,4.671980676328502,0.6645986031220402,4.606280193236715,0,0
2020-12-21,2020-12-22,-0.9026273416195163,4.533816425120773,1.2294466376933055,4.671980676328502,0.6645986031220402,4.606280193236715,0,0
2020-12-22,2020-12-23,1.6062291710768595,-4.533816425120773,1.2294466376933055,4.671980676328502,0.6645986031220402,4.606280193236715,1,0
2020-12-23,2020-12-24,-0.4900934808006425,4.611111111111111,1.2294466376933055,4.671980676328502,0.6645986031220402,4.606280193236715,0,0
2020-12-24,2020-12-25,-1.2674990389636613,4.553140096618358,1.2294466376933055,4.671980676328502,0.6645986031220402,4.606280193236715,0,0
2020-12-25,2020-12-28,0.7205207205582659,4.567632850241546,1.2294466376933055,4.671980676328502,0.6645986031220402,4.606280193236715,0,0
2020-12-28,2020-12-29,1.2864203500415516,-4.533816425120773,1.2294466376933055,4.671980676328502,0.6645986031220402,4.606280193236715,0,0
2020-12-29,2020-12-30,1.2405592644158823,-4.596618357487923,1.2294466376933055,4.671980676328502,0.6645986031220402,4.606280193236715,1,0
2020-12-30,2020-12-31,0.7255455446794827,-4.630434782608695,1.2294466376933055,4.671980676328502,0.6645986031220402,4.606280193236715,0,0
2020-12-31,2021-01-04,-1.1706644168891822,4.5772946859903385,1.2294466376933055,4.671980676328502,0.6645986031220402,4.606280193236715,0,0
2021-01-04,2021-01-05,-1.4911506634281098,4.567632850241546,1.2294466376933055,4.671980676328502,0.6645986031220402,4.606280193236715,0,0
2021-01-05,2021-01-06,-1.1055414635302647,4.678743961352657,1.2294466376933055,4.671980676328502,0.6645986031220402,4.606280193236715,0,1
2021-01-06,2021-01-07,-0.1096670906199765,-4.664251207729468,1.2294466376933055,4.671980676328502,0.6645986031220402,4.606280193236715,0,0
2021-01-07,2021-01-08,-0.9493891540803825,4.596618357487923,1.2294466376933055,4.671980676328502,0.6645986031220402,4.606280193236715,0,0
2021-01-08,2021-01-11,0.8550903529047009,-4.553140096618358,1.2294466376933055,4.671980676328502,0.6645986031220402,4.606280193236715,0,0
2021-01-11,2021-01-12,-0.21802982354757428,-4.615942028985507,1.2294466376933055,4.671980676328502,0.6645986031220402,4.606280193236715,0,0
2021-01-12,2021-01-13,1.5259231223510237,4.64975845410628,1.2294466376933055,4.671980676328502,0.6645986031220402,4.606280193236715,1,0
2021-01-13,2021-01-14,0.7692318986154432,-4.567632850241546,1.2294466376933055,4.671980676328502,0.6645986031220402,4.606280193236715,0,0
2021-01-14,2021-01-15,-0.9630076485561798,-4.640096618357488,1.2294466376933055,4.671980676328502,0.6645986031220402,4.606280193236715,0,0
2021-01-15,2021-01-18,-1.4926940273407885,-4.533816425120773,1.2294466376933055,4.671980676328502,0.6645986031220402,4.606280193236715,0,0
2021-01-18,2021-01-19,0.9747491762349306,4.702898550724638,1.2294466376933055,4.671980676328502,0.6645986031220402,4.606280193236715,0,1
2021-01-19,2021-01-20,0.15117118664052207,-4.5772946859903385,1.2294466376933055,4.671980676328502,0.6645986031220402,4.606280193236715,0,0
2021-01-20,2021-01-21,1.3950615067291647,4.625603864734299,1.2294466376933055,4.671980676328502,0.6645986031220402,4.606280193236715,1,0
2021-01-21,2021-01-22,-1.3139659888792845,4.572463768115942,1.2294466376933055,4.671980676328502,0.6645986031220402,4.606280193236715,0,0
2021-01-22,2021-01-25,-0.8541476814077286,4.644927536231884,1.2294466376933055,4.671980676328502,0.6645986031220402,4.606280193236715,0,0
2021-01-25,2021-01-26,-0.9108475919131279,-4.620772946859903,1.2294466376933055,4.671980676328502,0.6645986031220402,4.606280193236715,0,0
2021-01-26,2021-01-27,-1.5872995753312584,-4.64975845410628,1.2294466376933055,4.671980676328502,0.6645986031220402,4.606280193236715,0,0
2021-01-27,2021-01-28,1.1462633369895352,4.625603864734299,1.2294466376933055,4.671980676328502,0.6645986031220402,4.606280193236715,0,0
2021-01-28,2021-01-29,-0.33526352910119717,-4.644927536231884,1.2294466376933055,4.671980676328502,0.6645986031220402,4.606280193236715,0,0
2021-01-29,2021-02-01,1.071513009152782,-4.601449275362318,1.2294466376933055,4.671980676328502,0.6645986031220402,4.606280193236715,0,0
2021-02-01,2021-02-02,1.310264901769306,4.664251207729468,1.2294466376933055,4.671980676328502,0.6645986031220402,4.606280193236715,1,0
2021-02-02,2021-02-03,1.3998541433323421,4.586956521739131,1.2294466376933055,4.671980676328502,0.6645986031220402,4.606280193236715,0,0
2021-02-03,2021-02-04,0.8995484726073943,-4.582125603864735,1.2294466376933055,4.671980676328502,0.6645986031220402,4.606280193236715,0,0
2021-02-04,2021-02-05,1.1936839051360109,-4.644927536231884,1.2294466376933055,4.671980676328502,0.6645986031220402,4.606280193236715,0,0
2021-02-05,2021-02-08,-0.7656451610323539,-4.572463768115942,1.2294466376933055,4.671980676328502,0.6645986031220402,4.606280193236715,0,0
2021-02-08,2021-02-09,1.6103294338404588,4.6352657004830915,1.2294466376933055,4.671980676328502,0.6645986031220402,4.606280193236715,0,0
2021-02-09,2021-02-10,0.7987505152780016,4.572463768115942,1.2294466376933055,4.671980676328502,0.6645986031220402,4.606280193236715,0,0
2021-02-10,2021-02-18,0.44151944409641725,4.707729468599034,1.2294466376933055,4.671980676328502,0.6645986031220402,4.606280193236715,0,0
2021-02-18,2021-02-19,-1.7277121652347256,4.620772946859903,1.2294466376933055,4.671980676328502,0.6645986031220402,4.606280193236715,0,0
2021-02-19,2021-02-22,-1.1751909557752112,4.678743961352657,1.2294466376933055,4.671980676328502,0.6645986031220402,4.606280193236715,0,1
2021-02-22,2021-02-23,1.3482410103479177,-4.606280193236715,1.2294466376933055,4.671980676328502,0.6645986031220402,4.606280193236715,1,0
2021-02-23,2021-02-24,0.02082782192017941,4.688405797101449,1.2294466376933055,4.671980676328502,0.6645986031220402,4.606280193236715,0,0
2021-02-24,2021-02-25,-0.9110302184337502,-4.611111111111111,1.2294466376933055,4.671980676328502,0.6645986031220402,4.606280193236715,0,0
2021-02-25,2021-02-26,-1.0842865309920173,4.659420289855072,1.2294466376933055,4.671980676328502,0.6645986031220402,4.606280193236715,0,0
2021-02-26,2021-03-01,-1.2695902448427858,-4.611111111111111,1.2294466376933055,4.671980676328502,0.6645986031220402,4.606280193236715,0,0
2021-03-01,2021-03-02,0.3036418600531207,-4.630434782608695,1.2294466376933055,4.671980676328502,0.6645986031220402,4.606280193236715,0,0
2021-03-02,2021-03-03,1.158221218555218,-4.606280193236715,1.2294466376933055,4.671980676328502,0.6645986031220402,4.606280193236715,0,0
2021-03-03,2021-03-04,-1.2187052089583794,4.611111111111111,1.2294466376933055,4.671980676328502,0.6645986031220402,4.606280193236715,0,0
2021-03-04,2021-03-05,1.6194375041648046,-4.582125603864735,1.2294466376933055,4.671980676328502,0.6645986031220402,4.606280193236715,1,0
2021-03-05,2021-03-08,0.6860510013726852,4.5772946859903385,1.2294466376933055,4.671980676328502,0.6645986031220402,4.606280193236715,0,0
2021-03-08,2021-03-09,-0.5833185144021699,-4.717391304347826,1.2294466376933055,4.671980676328502,0.6645986031220402,4.606280193236715,0,0
2021-03-09,2021-03-10,1.0668358685756385,-4.640096618357488,1.2294466376933055,4.671980676328502,0.6645986031220402,4.606280193236715,0,0
2021-03-10,2021-03-11,-1.4180092589165751,-4.6980676328502415,1.2294466376933055,4.671980676328502,0.6645986031220402,4.606280193236715,0,0
2021-03-11,2021-03-12,0.2753584858191551,4.625603864734299,1.2294466376933055,4.671980676328502,0.6645986031220402,4.606280193236715,0,0
2021-03-12,2021-03-15,-0.3970403864563641,-4.71256038647343,1.2294466376933055,4.671980676328502,0.6645986031220402,4.606280193236715,0,0
2021-03-15,2021-03-16,0.6608871641861764,4.678743961352657,1.2294466376933055,4.671980676328502,0.6645986031220402,4.606280193236715,0,1
2021-03-16,2021-03-17,1.3946106716859057,-4.688405797101449,1.2294466376933055,4.671980676328502,0.6645986031220402,4.606280193236715,0,0
2021-03-17,2021-03-18,1.5005023544177367,4.664251207729468,1.2294466376933055,4.671980676328502,0.6645986031220402,4.606280193236715,0,0
2021-03-18,2021-03-19,0.6475981303728772,4.640096618357488,1.2294466376933055,4.671980676328502,0.6645986031220402,4.606280193236715,0,0
2021-03-19,2021-03-22,0.0731405008461753,4.673913043478261,1.2294466376933055,4.671980676328502,0.6645986031220402,4.606280193236715,0,0
2021-03-22,2021-03-23,-0.7574103508448863,4.64975845410628,1.2294466376933055,4.671980676328502,0.6645986031220402,4.606280193236715,0,0
2021-03-23,2021-03-24,1.670910095861664,-4.620772946859903,1.2294466376933055,4.671980676328502,0.6645986031220402,4.606280193236715,1,0
2021-03-24,2021-03-25,0.4480148376632442,-4.620772946859903,1.2294466376933055,4.671980676328502,0.6645986031220402,4.606280193236715,0,0
2021-03-25,2021-03-26,1.6390233173765165,4.664251207729468,1.2294466376933055,4.671980676328502,0.6645986031220402,4.606280193236715,0,0
2021-03-26,2021-03-29,1.0163954047454784,4.630434782608695,1.2294466376933055,4.671980676328502,0.6645986031220402,4.606280193236715,0,0
2021-03-29,2021-03-30,-0.4443114381611269,-4.601449275362318,1.2294466376933055,4.671980676328502,0.6645986031220402,4.606280193236715,0,0
2021-03-30,2021-03-31,-0.3257419142947407,-4.601449275362318,1.2294466376933055,4.671980676328502,0.6645986031220402,4.606280193236715,0,0
2021-03-31,2021-04-01,-1.2678442820594737,-4.7270531400966185,1.2294466376933055,4.671980676328502,0.6645986031220402,4.606280193236715,0,0
2021-04-01,2021-04-02,0.36030701460038433,4.71256038647343,1.2294466376933055,4.671980676328502,0.6645986031220402,4.606280193236715,0,1
2021-04-02,2021-04-06,1.084621400444477,-4.673913043478261,1.2294466376933055,4.671980676328502,0.6645986031220402,4.606280193236715,0,0
2021-04-06,2021-04-07,1.6354070504304317,4.6352657004830915,1.2294466376933055,4.671980676328502,0.6645986031220402,4.606280193236715,1,0
2021-04-07,2021-04-08,-1.4702261516235693,4.693236714975845,1.2294466376933055,4.671980676328502,0.6645986031220402,4.606280193236715,0,0
2021-04-08,2021-04-09,-1.3565166396417387,-4.741545893719807,1.2294466376933055,4.671980676328502,0.6645986031220402,4.606280193236715,0,0
2021-04-09,2021-04-12,-0.04603719032898061,-4.678743961352657,1.2294466376933055,4.671980676328502,0.6645986031220402,4.606280193236715,0,0
2021-04-12,2021-04-13,0.06499046474880335,-4.702898550724638,1.2294466376933055,4.671980676328502,0.6645986031220402,4.606280193236715,0,0
2021-04-13,2021-04-14,-1.2666536324812232,-4.640096618357488,1.2294466376933055,4.671980676328502,0.6645986031220402,4.606280193236715,0,0
2021-04-14,2021-04-15,1.3815035062842829,4.702898550724638,1.2294466376933055,4.671980676328502,0.6645986031220402,4.606280193236715,0,0
2021-04-15,2021-04-16,-0.7360236480758415,-4.64975845410628,1.2294466376933055,4.671980676328502,0.6645986031220402,4.606280193236715,0,0
2021-04-16,2021-04-19,-0.6229058890268296,4.630434782608695,1.2294466376933055,4.671980676328502,0.6645986031220402,4.606280193236715,0,0
2021-04-19,2021-04-20,-1.6044112345023325,4.659420289855072,1.2294466376933055,4.671980676328502,0.6645986031220402,4.606280193236715,0,0
2021-04-20,2021-04-21,-0.47941371926877174,-4.7898550724637685,1.2294466376933055,4.671980676328502,0.6645986031220402,4.606280193236715,0,0
2021-04-21,2021-04-22,-1.289056038417198,-4.756038647342995,1.2294466376933055,4.671980676328502,0.6645986031220402,4.606280193236715,0,0
2021-04-22,2021-04-23,0.6863872283672625,4.736714975845411,1.2294466376933055,4.671980676328502,0.6645986031220402,4.606280193236715,0,0
2021-04-23,2021-04-26,0.09757807091176073,4.659420289855072,1.2294466376933055,4.671980676328502,0.6645986031220402,4.606280193236715,0,0
2021-04-26,2021-04-27,1.6900038822913213,-4.756038647342995,1.2294466376933055,4.671980676328502,0.6645986031220402,4.606280193236715,0,0
2021-04-27,2021-04-28,0.5442871605286997,-4.77536231884058,1.2294466376933055,4.671980676328502,0.6645986031220402,4.606280193236715,0,0
2021-04-28,2021-04-29,1.1583249133630042,4.794685990338165,1.2294466376933055,4.671980676328502,0.6645986031220402,4.606280193236715,0,0
2021-04-29,2021-04-30,0.042105236043629604,-4.669082125603865,1.2294466376933055,4.671980676328502,0.6645986031220402,4.606280193236715,0,0
2021-04-30,2021-05-06,1.5455171786377635,-4.702898550724638,1.2294466376933055,4.671980676328502,0.6645986031220402,4.606280193236715,0,0
2021-05-06,2021-05-07,-1.2412409593368594,4.736714975845411,1.2294466376933055,4.671980676328502,0.6645986031220402,4.606280193236715,0,0
2021-05-07,2021-05-10,1.4350292393550685,-4.7898550724637685,1.2294466376933055,4.671980676328502,0.6645986031220402,4.606280193236715,1,0
2021-05-10,2021-05-11,-1.246324169773159,4.673913043478261,1.2294466376933055,4.671980676328502,0.6645986031220402,4.606280193236715,0,1
2021-05-11,2021-05-12,0.7306427977502393,-4.920289855072464,1.2294466376933055,4.671980676328502,0.6645986031220402,4.606280193236715,0,0
2021-05-12,2021-05-13,1.641597480779431,4.867149758454106,1.2294466376933055,4.671980676328502,0.6645986031220402,4.606280193236715,0,0
2021-05-13,2021-05-14,-0.8814622210335668,-4.814009661835748,1.2294466376933055,4.671980676328502,0.6645986031220402,4.606280193236715,0,0
2021-05-14,2021-05-17,0.06534478246660433,4.746376811594203,1.2294466376933055,4.671980676328502,0.6645986031220402,4.606280193236715,0,0
2021-05-17,2021-05-18,0.29330359996375965,4.693236714975845,1.2294466376933055,4.671980676328502,0.6645986031220402,4.606280193236715,0,0
2021-05-18,2021-05-19,1.6997949469779237,4.818840579710145,1.2294466376933055,4.671980676328502,0.6645986031220402,4.606280193236715,1,0
2021-05-19,2021-05-20,-0.8852986729661992,-4.833333333333333,1.2294466376933055,4.671980676328502,0.6645986031220402,4.606280193236715,0,0
2021-05-20,2021-05-21,1.0943643215948604,4.722222222222222,1.2294466376933055,4.671980676328502,0.6645986031220402,4.606280193236715,0,0
2021-05-21,2021-05-24,-0.5445036361208627,-4.673913043478261,1.2294466376933055,4.671980676328502,0.6645986031220402,4.606280193236715,0,0
2021-05-24,2021-05-25,0.4205528979841203,4.886473429951691,1.2294466376933055,4.671980676328502,0.6645986031220402,4.606280193236715,0,0
2021-05-25,2021-05-26,-0.041278152934342886,4.891304347826087,1.2294466376933055,4.671980676328502,0.6645986031220402,4.606280193236715,0,0
2021-05-26,2021-05-27,-1.5344850192245474,4.664251207729468,1.2294466376933055,4.671980676328502,0.6645986031220402,4.606280193236715,0,0
2021-05-27,2021-05-28,0.07563061999846261,-4.664251207729468,1.2294466376933055,4.671980676328502,0.6645986031220402,4.606280193236715,0,0
2021-05-28,2021-05-31,1.0852214533476636,-4.871980676328502,1.2294466376933055,4.671980676328502,0.6645986031220402,4.606280193236715,0,0
2021-05-31,2021-06-01,0.8219077165523498,4.818840579710145,1.2294466376933055,4.671980676328502,0.6645986031220402,4.606280193236715,0,0
2021-06-01,2021-06-02,-1.245660686863369,4.71256038647343,1.2294466376933055,4.671980676328502,0.6645986031220402,4.606280193236715,0,0
2021-06-02,2021-06-03,0.330567827562438,-4.693236714975845,1.2294466376933055,4.671980676328502,0.6645986031220402,4.606280193236715,0,0
2021-06-03,2021-06-04,-0.018007487382723588,4.71256038647343,1.2294466376933055,4.671980676328502,0.6645986031220402,4.606280193236715,0,0
2021-06-04,2021-06-07,1.6844401958818394,4.905797101449275,1.2294466376933055,4.671980676328502,0.6645986031220402,4.606280193236715,0,0
2021-06-07,2021-06-08,0.8214648868071073,-4.707729468599034,1.2294466376933055,4.671980676328502,0.6645986031220402,4.606280193236715,0,0
2021-06-08,2021-06-09,-0.6239564776502753,-4.664251207729468,1.2294466376933055,4.671980676328502,0.6645986031220402,4.606280193236715,0,0
2021-06-09,2021-06-10,1.2971778149586415,-4.6352657004830915,1.2294466376933055,4.671980676328502,0.6645986031220402,4.606280193236715,1,0
2021-06-10,2021-06-11,-1.6906749206524936,4.765700483091788,1.2294466376933055,4.671980676328502,0.6645986031220402,4.606280193236715,0,1
2021-06-11,2021-06-15,1.4612649751265254,-4.838164251207729,1.2294466376933055,4.671980676328502,0.6645986031220402,4.606280193236715,0,0
2021-06-15,2021-06-16,-0.04120636904464169,-4.654589371980676,1.2294466376933055,4.671980676328502,0.6645986031220402,4.606280193236715,0,0
2021-06-16,2021-06-17,-1.45032616675864,-4.644927536231884,1.2294466376933055,4.671980676328502,0.6645986031220402,4.606280193236715,0,0
2021-06-17,2021-06-18,1.306646331470391,4.785024154589372,1.2294466376933055,4.671980676328502,0.6645986031220402,4.606280193236715,0,0
2021-06-18,2021-06-21,-0.04980230937931292,4.900966183574879,1.2294466376933055,4.671980676328502,0.6645986031220402,4.606280193236715,0,0
2021-06-21,2021-06-22,-1.0665694266963808,4.64975845410628,1.2294466376933055,4.671980676328502,0.6645986031220402,4.606280193236715,0,0
2021-06-22,2021-06-23,-0.9932963807145028,4.683574879227053,1.2294466376933055,4.671980676328502,0.6645986031220402,4.606280193236715,0,0
2021-06-23,2021-06-24,-1.504026109776659,4.736714975845411,1.2294466376933055,4.671980676328502,0.6645986031220402,4.606280193236715,0,0
2021-06-24,2021-06-25,-0.515538856116149,-4.814009661835748,1.2294466376933055,4.671980676328502,0.6645986031220402,4.606280193236715,0,0
2021-06-25,2021-06-28,-0.47645604577517375,4.640096618357488,1.2294466376933055,4.671980676328502,0.6645986031220402,4.606280193236715,0,0
2021-06-28,2021-06-29,0.8953575900267051,4.6352657004830915,1.2294466376933055,4.671980676328502,0.6645986031220402,4.606280193236715,0,0
2021-06-29,2021-06-30,-1.5335633563793116,4.688405797101449,1.2294466376933055,4.671980676328502,0.6645986031220402,4.606280193236715,0,0
2021-06-30,2021-07-01,1.4837290310329465,-4.818840579710145,1.2294466376933055,4.671980676328502,0.6645986031220402,4.606280193236715,1,0
2021-07-01,2021-07-02,0.28224633068566246,-4.7898550724637685,1.2294466376933055,4.671980676328502,0.6645986031220402,4.606280193236715,0,0
2021-07-02,2021-07-05,0.4458383465818452,-4.688405797101449,1.2294466376933055,4.671980676328502,0.6645986031220402,4.606280193236715,0,0
2021-07-05,2021-07-06,-0.21397121195560614,4.64975845410628,1.2294466376933055,4.671980676328502,0.6645986031220402,4.606280193236715,0,0
2021-07-06,2021-07-07,1.6308103356992878,-4.7270531400966185,1.2294466376933055,4.671980676328502,0.6645986031220402,4.606280193236715,0,0
2021-07-07,2021-07-08,-1.210832984948071,4.673913043478261,1.2294466376933055,4.671980676328502,0.6645986031220402,4.606280193236715,0,1
2021-07-08,2021-07-09,1.4230376914711216,-4.625603864734299,1.2294466376933055,4.671980676328502,0.6645986031220402,4.606280193236715,1,0
2021-07-09,2021-07-12,-1.3215276105425957,4.64975845410628,1.2294466376933055,4.671980676328502,0.6645986031220402,4.606280193236715,0,0
2021-07-12,2021-07-13,-1.5641563959872746,4.683574879227053,1.2294466376933055,4.671980676328502,0.6645986031220402,4.606280193236715,0,0
2021-07-13,2021-07-14,-0.4107348320600059,4.760869565217392,1.2294466376933055,4.671980676328502,0.6645986031220402,4.606280193236715,0,0
2021-07-14,2021-07-15,-0.5724166646520716,4.6352657004830915,1.2294466376933055,4.671980676328502,0.6645986031220402,4.606280193236715,0,0
2021-07-15,2021-07-16,0.7347233280894179,4.6352657004830915,1.2294466376933055,4.671980676328502,0.6645986031220402,4.606280193236715,0,0
2021-07-16,2021-07-19,1.423003617209615,-4.722222222222222,1.2294466376933055,4.671980676328502,0.6645986031220402,4.606280193236715,1,0
2021-07-19,2021-07-20,-0.8849622197439945,-4.669082125603865,1.2294466376933055,4.671980676328502,0.6645986031220402,4.606280193236715,0,0
2021-07-20,2021-07-21,1.6487167701784446,-4.586956521739131,1.2294466376933055,4.671980676328502,0.6645986031220402,4.606280193236715,0,0
2021-07-21,2021-07-22,0.038150823298824764,4.582125603864735,1.2294466376933055,4.671980676328502,0.6645986031220402,4.606280193236715,0,0
2021-07-22,2021-07-23,-1.312036139086918,-4.586956521739131,1.2294466376933055,4.671980676328502,0.6645986031220402,4.606280193236715,0,0
2021-07-23,2021-07-26,1.3683613777638899,-4.640096618357488,1.2294466376933055,4.671980676328502,0.6645986031220402,4.606280193236715,0,0
2021-07-26,2021-07-27,0.5353855399265589,-4.572463768115942,1.2294466376933055,4.671980676328502,0.6645986031220402,4.606280193236715,0,0
2021-07-27,2021-07-28,1.0030348966968747,-4.625603864734299,1.2294466376933055,4.671980676328502,0.6645986031220402,4.606280193236715,0,0
2021-07-28,2021-07-29,-1.3944793194623912,-4.611111111111111,1.2294466376933055,4.671980676328502,0.6645986031220402,4.606280193236715,0,0
2021-07-29,2021-07-30,1.4979740347901225,4.760869565217392,1.2294466376933055,4.671980676328502,0.6645986031220402,4.606280193236715,0,0
2021-07-30,2021-08-02,0.2925461599935971,4.6980676328502415,1.2294466376933055,4.671980676328502,0.6645986031220402,4.606280193236715,0,1
2021-08-02,2021-08-03,-1.1373756732367315,4.586956521739131,1.2294466376933055,4.671980676328502,0.6645986031220402,4.606280193236715,0,0
2021-08-03,2021-08-04,0.33439471430707685,-4.688405797101449,1.2294466376933055,4.671980676328502,0.6645986031220402,4.606280193236715,0,0
2021-08-04,2021-08-05,1.4999935503981925,4.688405797101449,1.2294466376933055,4.671980676328502,0.6645986031220402,4.606280193236715,1,0
2021-08-05,2021-08-06,-0.708732387952612,4.664251207729468,1.2294466376933055,4.671980676328502,0.6645986031220402,4.606280193236715,0,0
2021-08-06,2021-08-09,0.9023346438171205,4.582125603864735,1.2294466376933055,4.671980676328502,0.6645986031220402,4.606280193236715,0,0
2021-08-09,2021-08-10,0.399983262959453,4.664251207729468,1.2294466376933055,4.671980676328502,0.6645986031220402,4.606280193236715,0,0
2021-08-10,2021-08-11,0.5680053168781255,4.56280193236715,1.2294466376933055,4.671980676328502,0.6645986031220402,4.606280193236715,0,0
2021-08-11,2021-08-12,-1.7262005145298405,-4.6980676328502415,1.2294466376933055,4.671980676328502,0.6645986031220402,4.606280193236715,0,0
2021-08-12,2021-08-13,-1.276930542018227,4.630434782608695,1.2294466376933055,4.671980676328502,0.6645986031220402,4.606280193236715,0,0
2021-08-13,2021-08-16,0.6371576320988159,-4.664251207729468,1.2294466376933055,4.671980676328502,0.6645986031220402,4.606280193236715,0,0
2021-08-16,2021-08-17,-1.0008257266279565,4.596618357487923,1.2294466376933055,4.671980676328502,0.6645986031220402,4.606280193236715,0,0
2021-08-17,2021-08-18,1.5590527358529174,-4.688405797101449,1.2294466376933055,4.671980676328502,0.6645986031220402,4.606280193236715,1,0
2021-08-18,2021-08-19,1.4948776555492163,4.659420289855072,1.2294466376933055,4.671980676328502,0.6645986031220402,4.606280193236715,0,0
2021-08-19,2021-08-20,1.0737307562598195,-4.630434782608695,1.2294466376933055,4.671980676328502,0.6645986031220402,4.606280193236715,0,0
2021-08-20,2021-08-23,-0.4508226987254323,-4.64975845410628,1.2294466376933055,4.671980676328502,0.6645986031220402,4.606280193236715,0,0
2021-08-23,2021-08-24,-1.6843598793086192,4.620772946859903,1.2294466376933055,4.671980676328502,0.6645986031220402,4.606280193236715,0,0
2021-08-24,2021-08-25,-1.4408765811527382,4.620772946859903,1.2294466376933055,4.671980676328502,0.6645986031220402,4.606280193236715,0,0
2021-08-25,2021-08-26,-0.649827580955622,4.654589371980676,1.2294466376933055,4.671980676328502,0.6645986031220402,4.606280193236715,0,0
2021-08-26,2021-08-27,1.6308831760041,-4.640096618357488,1.2294466376933055,4.671980676328502,0.6645986031220402,4.606280193236715,1,0
2021-08-27,2021-08-30,-0.7595554998402615,4.543478260869565,1.2294466376933055,4.671980676328502,0.6645986031220402,4.606280193236715,0,0
2021-08-30,2021-08-31,-1.2867856902682555,4.596618357487923,1.2294466376933055,4.671980676328502,0.6645986031220402,4.606280193236715,0,0
2021-08-31,2021-09-01,-0.7169499197080904,-4.644927536231884,1.2294466376933055,4.671980676328502,0.6645986031220402,4.606280193236715,0,0
2021-09-01,2021-09-02,1.5697280564376292,-4.64975845410628,1.2294466376933055,4.671980676328502,0.6645986031220402,4.606280193236715,0,0
2021-09-02,2021-09-03,0.3700699992247209,4.620772946859903,1.2294466376933055,4.671980676328502,0.6645986031220402,4.606280193236715,0,0
2021-09-03,2021-09-06,0.8416953423481176,-4.601449275362318,1.2294466376933055,4.671980676328502,0.6645986031220402,4.606280193236715,0,0
2021-09-06,2021-09-07,0.9220121772821914,4.683574879227053,1.2294466376933055,4.671980676328502,0.6645986031220402,4.606280193236715,0,0
2021-09-07,2021-09-08,0.2639156695244621,4.717391304347826,1.2294466376933055,4.671980676328502,0.6645986031220402,4.606280193236715,0,0
2021-09-08,2021-09-09,-0.2829095947002082,4.678743961352657,1.2294466376933055,4.671980676328502,0.6645986031220402,4.606280193236715,0,0
2021-09-09,2021-09-10,-1.4760744451490628,4.611111111111111,1.2294466376933055,4.671980676328502,0.6645986031220402,4.606280193236715,0,0
2021-09-10,2021-09-13,1.1568260789803266,-4.615942028985507,1.2294466376933055,4.671980676328502,0.6645986031220402,4.606280193236715,0,0
2021-09-13,2021-09-14,1.3483177238999084,4.664251207729468,1.2294466376933055,4.671980676328502,0.6645986031220402,4.606280193236715,0,0
2021-09-14,2021-09-15,-0.6098574991950516,-4.596618357487923,1.2294466376933055,4.671980676328502,0.6645986031220402,4.606280193236715,0,0
2021-09-15,2021-09-16,1.5235112194121503,-4.5772946859903385,1.2294466376933055,4.671980676328502,0.6645986031220402,4.606280193236715,1,0
2021-09-16,2021-09-17,0.5735261128534078,-4.611111111111111,1.2294466376933055,4.671980676328502,0.6645986031220402,4.606280193236715,0,0
2021-09-17,2021-09-22,-0.991404685031709,-4.630434782608695,1.2294466376933055,4.671980676328502,0.6645986031220402,4.606280193236715,0,0
2021-09-22,2021-09-23,1.4889313089500167,-4.620772946859903,1.2294466376933055,4.671980676328502,0.6645986031220402,4.606280193236715,0,0
2021-09-23,2021-09-24,-0.29590667313414143,4.586956521739131,1.2294466376933055,4.671980676328502,0.6645986031220402,4.606280193236715,0,0
2021-09-24,2021-09-27,0.36441335424881655,-4.601449275362318,1.2294466376933055,4.671980676328502,0.6645986031220402,4.606280193236715,0,0
2021-09-27,2021-09-28,0.6744200170353188,-4.659420289855072,1.2294466376933055,4.671980676328502,0.6645986031220402,4.606280193236715,0,0
2021-09-28,2021-09-29,1.691065781614558,-4.611111111111111,1.2294466376933055,4.671980676328502,0.6645986031220402,4.606280193236715,0,0
2021-09-29,2021-09-30,-0.6884422886055424,-4.5772946859903385,1.2294466376933055,4.671980676328502,0.6645986031220402,4.606280193236715,0,0
2021-09-30,2021-10-08,0.7597362381919281,4.582125603864735,1.2294466376933055,4.671980676328502,0.6645986031220402,4.606280193236715,0,0
2021-10-08,2021-10-11,0.050490846358639256,4.640096618357488,1.2294466376933055,4.671980676328502,0.6645986031220402,4.606280193236715,0,0
2021-10-11,2021-10-12,-1.4820422415216359,4.707729468599034,1.2294466376933055,4.671980676328502,0.6645986031220402,4.606280193236715,0,0
2021-10-12,2021-10-13,0.11972671634544542,-4.669082125603865,1.2294466376933055,4.671980676328502,0.6645986031220402,4.606280193236715,0,0
2021-10-13,2021-10-14,1.6996904337881231,-4.654589371980676,1.2294466376933055,4.671980676328502,0.6645986031220402,4.606280193236715,1,0
2021-10-14,2021-10-15,1.2000424354550416,4.659420289855072,1.2294466376933055,4.671980676328502,0.6645986031220402,4.606280193236715,0,0
2021-10-15,2021-10-18,-0.09828098997919842,4.707729468599034,1.2294466376933055,4.671980676328502,0.6645986031220402,4.606280193236715,0,0
2021-10-18,2021-10-19,-1.0233912976626605,4.64975845410628,1.2294466376933055,4.671980676328502,0.6645986031220402,4.606280193236715,0,0
2021-10-19,2021-10-20,-0.02186809487826968,4.596618357487923,1.2294466376933055,4.671980676328502,0.6645986031220402,4.606280193236715,0,0
2021-10-20,2021-10-21,-0.531017283745059,-4.630434782608695,1.2294466376933055,4.671980676328502,0.6645986031220402,4.606280193236715,0,0
2021-10-21,2021-10-22,-0.8409812406816302,-4.678743961352657,1.2294466376933055,4.671980676328502,0.6645986031220402,4.606280193236715,0,0
2021-10-22,2021-10-25,1.3197599986436703,-4.7270531400966185,1.2294466376933055,4.671980676328502,0.6645986031220402,4.606280193236715,1,0
2021-10-25,2021-10-26,1.6729057701096346,4.596618357487923,1.2294466376933055,4.671980676328502,0.6645986031220402,4.606280193236715,0,0
2021-10-26,2021-10-27,1.093286243039723,-4.611111111111111,1.2294466376933055,4.671980676328502,0.6645986031220402,4.606280193236715,0,0
2021-10-27,2021-10-28,1.0283686961782894,-4.71256038647343,1.2294466376933055,4.671980676328502,0.6645986031220402,4.606280193236715,0,0
2021-10-28,2021-10-29,1.184457870155909,-4.722222222222222,1.2294466376933055,4.671980676328502,0.6645986031220402,4.606280193236715,0,0
2021-10-29,2021-11-01,1.1822361886666806,4.664251207729468,1.2294466376933055,4.671980676328502,0.6645986031220402,4.606280193236715,0,0
2021-11-01,2021-11-02,-0.5703761526486064,-4.620772946859903,1.2294466376933055,4.671980676328502,0.6645986031220402,4.606280193236715,0,0
2021-11-02,2021-11-03,1.2115852968513925,-4.630434782608695,1.2294466376933055,4.671980676328502,0.6645986031220402,4.606280193236715,0,0
2021-11-03,2021-11-04,1.4993494493569892,4.746376811594203,1.2294466376933055,4.671980676328502,0.6645986031220402,4.606280193236715,0,1
2021-11-04,2021-11-05,0.9275630608252173,4.64975845410628,1.2294466376933055,4.671980676328502,0.6645986031220402,4.606280193236715,0,0
2021-11-05,2021-11-08,0.48026314402624143,-4.664251207729468,1.2294466376933055,4.671980676328502,0.6645986031220402,4.606280193236715,0,0
2021-11-08,2021-11-09,0.8890647962115383,4.6352657004830915,1.2294466376933055,4.671980676328502,0.6645986031220402,4.606280193236715,0,0
2021-11-09,2021-11-10,0.9650324858021426,4.760869565217392,1.2294466376933055,4.671980676328502,0.6645986031220402,4.606280193236715,0,0
2021-11-10,2021-11-11,0.4198767400494551,4.722222222222222,1.2294466376933055,4.671980676328502,0.6645986031220402,4.606280193236715,0,0
2021-11-11,2021-11-12,-1.130524376679405,-4.659420289855072,1.2294466376933055,4.671980676328502,0.6645986031220402,4.606280193236715,0,0
2021-11-12,2021-11-15,-0.8454108498346954,-4.606280193236715,1.2294466376933055,4.671980676328502,0.6645986031220402,4.606280193236715,0,0
2021-11-15,2021-11-16,-1.093038523206644,4.630434782608695,1.2294466376933055,4.671980676328502,0.6645986031220402,4.606280193236715,0,0
2021-11-16,2021-11-17,-0.6937580274537449,-4.6980676328502415,1.2294466376933055,4.671980676328502,0.6645986031220402,4.606280193236715,0,0
2021-11-17,2021-11-18,1.6799330984219754,4.71256038647343,1.2294466376933055,4.671980676328502,0.6645986031220402,4.606280193236715,1,0
2021-11-18,2021-11-19,0.6393614762458127,4.683574879227053,1.2294466376933055,4.671980676328502,0.6645986031220402,4.606280193236715,0,1
2021-11-19,2021-11-22,-1.2351948545751328,4.654589371980676,1.2294466376933055,4.671980676328502,0.6645986031220402,4.606280193236715,0,0
2021-11-22,2021-11-23,-0.9174690648489517,4.693236714975845,1.2294466376933055,4.671980676328502,0.6645986031220402,4.606280193236715,0,0
2021-11-23,2021-11-24,-1.1945656323030842,4.765700483091788,1.2294466376933055,4.671980676328502,0.6645986031220402,4.606280193236715,0,0
2021-11-24,2021-11-25,-0.8017342211878494,-4.683574879227053,1.2294466376933055,4.671980676328502,0.6645986031220402,4.606280193236715,0,0
2021-11-25,2021-11-26,-1.5376818875472922,-4.640096618357488,1.2294466376933055,4.671980676328502,0.6645986031220402,4.606280193236715,0,0
2021-11-26,2021-11-29,-1.1404822547605926,4.6980676328502415,1.2294466376933055,4.671980676328502,0.6645986031220402,4.606280193236715,0,0
2021-11-29,2021-11-30,-0.007141991892935521,4.654589371980676,1.2294466376933055,4.671980676328502,0.6645986031220402,4.606280193236715,0,0
2021-11-30,2021-12-01,-1.6635204240595114,-4.71256038647343,1.2294466376933055,4.671980676328502,0.6645986031220402,4.606280193236715,0,0
2021-12-01,2021-12-02,-0.09842091930067516,4.606280193236715,1.2294466376933055,4.671980676328502,0.6645986031220402,4.606280193236715,0,0
2021-12-02,2021-12-03,0.18100305432765232,-4.673913043478261,1.2294466376933055,4.671980676328502,0.6645986031220402,4.606280193236715,0,0
2021-12-03,2021-12-06,-0.952544492006434,-4.722222222222222,1.2294466376933055,4.671980676328502,0.6645986031220402,4.606280193236715,0,0
2021-12-06,2021-12-07,1.6227022708157899,-4.6352657004830915,1.2294466376933055,4.671980676328502,0.6645986031220402,4.606280193236715,1,0
2021-12-07,2021-12-08,0.05141170848059958,-4.586956521739131,1.2294466376933055,4.671980676328502,0.6645986031220402,4.606280193236715,0,0
2021-12-08,2021-12-09,1.3777804087081191,4.606280193236715,1.2294466376933055,4.671980676328502,0.6645986031220402,4.606280193236715,0,0
2021-12-09,2021-12-10,-0.2541056828558117,4.673913043478261,1.2294466376933055,4.671980676328502,0.6645986031220402,4.606280193236715,0,1
2021-12-10,2021-12-13,0.12440933121489452,-4.673913043478261,1.2294466376933055,4.671980676328502,0.6645986031220402,4.606280193236715,0,0
2021-12-13,2021-12-14,-0.11493889415421746,4.630434782608695,1.2294466376933055,4.671980676328502,0.6645986031220402,4.606280193236715,0,0
2021-12-14,2021-12-15,-1.6656823627109438,-4.567632850241546,1.2294466376933055,4.671980676328502,0.6645986031220402,4.606280193236715,0,0
2021-12-15,2021-12-16,-0.9850513113409364,4.630434782608695,1.2294466376933055,4.671980676328502,0.6645986031220402,4.606280193236715,0,0
2021-12-16,2021-12-17,-0.650877650926307,-4.6352657004830915,1.2294466376933055,4.671980676328502,0.6645986031220402,4.606280193236715,0,0
2021-12-17,2021-12-20,1.49243912638676,-4.673913043478261,1.2294466376933055,4.671980676328502,0.6645986031220402,4.606280193236715,1,0
2021-12-20,2021-12-21,0.2505000550487974,-4.596618357487923,1.2294466376933055,4.671980676328502,0.6645986031220402,4.606280193236715,0,0
2021-12-21,2021-12-22,0.863364357395039,-4.625603864734299,1.2294466376933055,4.671980676328502,0.6645986031220402,4.606280193236715,0,0
2021-12-22,2021-12-23,0.9355514526194307,4.64975845410628,1.2294466376933055,4.671980676328502,0.6645986031220402,4.606280193236715,0,0
2021-12-23,2021-12-24,1.3777862379443655,4.615942028985507,1.2294466376933055,4.671980676328502,0.6645986031220402,4.606280193236715,0,0
2021-12-24,2021-12-27,-0.9219831390780244,-4.543478260869565,1.2294466376933055,4.671980676328502,0.6645986031220402,4.606280193236715,0,0
2021-12-27,2021-12-28,-1.7013558573917553,4.586956521739131,1.2294466376933055,4.671980676328502,0.6645986031220402,4.606280193236715,0,0
2021-12-28,2021-12-29,1.228539412479697,4.71256038647343,1.2294466376933055,4.671980676328502,0.6645986031220402,4.606280193236715,0,1
2021-12-29,2021-12-30,-1.1014297995486944,-4.557971014492754,1.2294466376933055,4.671980676328502,0.6645986031220402,4.606280193236715,0,0
2021-12-30,2021-12-31,0.16205270995999138,4.64975845410628,1.2294466376933055,4.671980676328502,0.6645986031220402,4.606280193236715,0,0
2021-12-31,2022-01-04,-1.4482735770750699,4.5144927536231885,1.2294466376933055,4.671980676328502,0.6645986031220402,4.606280193236715,0,0
2022-01-04,2022-01-05,1.6882432838943335,-4.64975845410628,1.2294466376933055,4.671980676328502,0.6645986031220402,4.606280193236715,1,0
2022-01-05,2022-01-06,0.8759281291465197,-4.693236714975845,1.2294466376933055,4.671980676328502,0.6645986031220402,4.606280193236715,0,0
2022-01-06,2022-01-07,0.25087394959606196,-4.64975845410628,1.2294466376933055,4.671980676328502,0.6645986031220402,4.606280193236715,0,0
2022-01-07,2022-01-10,0.7112299744294271,4.528985507246377,1.2294466376933055,4.671980676328502,0.6645986031220402,4.606280193236715,0,0
2022-01-10,2022-01-11,1.25758759291196,4.6352657004830915,1.2294466376933055,4.671980676328502,0.6645986031220402,4.606280193236715,0,0
2022-01-11,2022-01-12,-0.5640652215666824,-4.751207729468599,1.2294466376933055,4.671980676328502,0.6645986031220402,4.606280193236715,0,0
2022-01-12,2022-01-13,1.0633224382011126,4.572463768115942,1.2294466376933055,4.671980676328502,0.6645986031220402,4.606280193236715,0,0
2022-01-13,2022-01-14,0.7394333996793895,-4.586956521739131,1.2294466376933055,4.671980676328502,0.6645986031220402,4.606280193236715,0,0
2022-01-14,2022-01-17,1.1029397775996228,-4.586956521739131,1.2294466376933055,4.671980676328502,0.6645986031220402,4.606280193236715,0,0
2022-01-17,2022-01-18,0.5069940687545922,4.693236714975845,1.2294466376933055,4.671980676328502,0.6645986031220402,4.606280193236715,0,0
2022-01-18,2022-01-19,-1.1590115009515247,4.611111111111111,1.2294466376933055,4.671980676328502,0.6645986031220402,4.606280193236715,0,0
2022-01-19,2022-01-20,-0.8879139066278536,-4.567632850241546,1.2294466376933055,4.671980676328502,0.6645986031220402,4.606280193236715,0,0
2022-01-20,2022-01-21,0.08689645429791171,-4.5772946859903385,1.2294466376933055,4.671980676328502,0.6645986031220402,4.606280193236715,0,0
2022-01-21,2022-01-24,-1.5627031252798809,-4.659420289855072,1.2294466376933055,4.671980676328502,0.6645986031220402,4.606280193236715,0,0
2022-01-24,2022-01-25,1.540106375253739,4.688405797101449,1.2294466376933055,4.671980676328502,0.6645986031220402,4.606280193236715,0,0
2022-01-25,2022-01-26,0.2775564557302746,-4.620772946859903,1.2294466376933055,4.671980676328502,0.6645986031220402,4.606280193236715,0,0
2022-01-26,2022-01-27,1.0754277028063126,4.533816425120773,1.2294466376933055,4.671980676328502,0.6645986031220402,4.606280193236715,0,0
2022-01-27,2022-01-28,-0.35103584295904233,-4.606280193236715,1.2294466376933055,4.671980676328502,0.6645986031220402,4.606280193236715,0,0
2022-01-28,2022-02-07,-0.2988047021956041,-4.669082125603865,1.2294466376933055,4.671980676328502,0.6645986031220402,4.606280193236715,0,0
2022-02-07,2022-02-08,-1.6659176672229805,4.644927536231884,1.2294466376933055,4.671980676328502,0.6645986031220402,4.606280193236715,0,0
2022-02-08,2022-02-09,-1.4175330027704147,4.567632850241546,1.2294466376933055,4.671980676328502,0.6645986031220402,4.606280193236715,0,0
2022-02-09,2022-02-10,-0.977415585987985,4.586956521739131,1.2294466376933055,4.671980676328502,0.6645986031220402,4.606280193236715,0,0
2022-02-10,2022-02-11,-0.08046487450729214,4.64975845410628,1.2294466376933055,4.671980676328502,0.6645986031220402,4.606280193236715,0,0
2022-02-11,2022-02-14,0.1905821433214421,-4.601449275362318,1.2294466376933055,4.671980676328502,0.6645986031220402,4.606280193236715,0,0
2022-02-14,2022-02-15,-1.6700191230353736,4.5772946859903385,1.2294466376933055,4.671980676328502,0.6645986031220402,4.606280193236715,0,0
2022-02-15,2022-02-16,1.572581231268205,4.606280193236715,1.2294466376933055,4.671980676328502,0.6645986031220402,4.606280193236715,1,0
2022-02-16,2022-02-17,1.0606182500717671,4.640096618357488,1.2294466376933055,4.671980676328502,0.6645986031220402,4.606280193236715,0,0
2022-02-17,2022-02-18,0.28865948720321805,4.582125603864735,1.2294466376933055,4.671980676328502,0.6645986031220402,4.606280193236715,0,0
2022-02-18,2022-02-21,-1.5327606168249543,-4.644927536231884,1.2294466376933055,4.671980676328502,0.6645986031220402,4.606280193236715,0,0
2022-02-21,2022-02-22,-1.0733871238869908,-4.601449275362318,1.2294466376933055,4.671980676328502,0.6645986031220402,4.606280193236715,0,0
2022-02-22,2022-02-23,0.9334016927744738,-4.611111111111111,1.2294466376933055,4.671980676328502,0.6645986031220402,4.606280193236715,0,0
2022-02-23,2022-02-24,0.0992500942419734,4.596618357487923,1.2294466376933055,4.671980676328502,0.6645986031220402,4.606280193236715,0,0
2022-02-24,2022-02-25,1.7276617411000788,-4.601449275362318,1.2294466376933055,4.671980676328502,0.6645986031220402,4.606280193236715,1,0
2022-02-25,2022-02-28,0.27298518386945453,4.606280193236715,1.2294466376933055,4.671980676328502,0.6645986031220402,4.606280193236715,0,0
2022-02-28,2022-03-01,0.85628403632249,-4.678743961352657,1.2294466376933055,4.671980676328502,0.6645986031220402,4.606280193236715,0,0
2022-03-01,2022-03-02,0.8269910434553921,4.620772946859903,1.2294466376933055,4.671980676328502,0.6645986031220402,4.606280193236715,0,0
2022-03-02,2022-03-03,0.7103944367847256,4.582125603864735,1.2294466376933055,4.671980676328502,0.6645986031220402,4.606280193236715,0,0
2022-03-03,2022-03-04,1.7299973234631634,-4.6352657004830915,1.2294466376933055,4.671980676328502,0.6645986031220402,4.606280193236715,0,0
2022-03-04,2022-03-07,0.7686616254529403,-4.611111111111111,1.2294466376933055,4.671980676328502,0.6645986031220402,4.606280193236715,0,0
2022-03-07,2022-03-08,0.006610720878383491,-4.615942028985507,1.2294466376933055,4.671980676328502,0.6645986031220402,4.606280193236715,0,0
2022-03-08,2022-03-09,0.735975611290555,-4.625603864734299,1.2294466376933055,4.671980676328502,0.6645986031220402,4.606280193236715,0,0
2022-03-09,2022-03-10,1.3461012635281289,-4.591787439613527,1.2294466376933055,4.671980676328502,0.6645986031220402,4.606280193236715,0,0
2022-03-10,2022-03-11,1.3518602467001626,4.630434782608695,1.2294466376933055,4.671980676328502,0.6645986031220402,4.606280193236715,0,0
2022-03-11,2022-03-14,1.0122907508219567,4.64975845410628,1.2294466376933055,4.671980676328502,0.6645986031220402,4.606280193236715,0,0
2022-03-14,2022-03-15,-1.0541718152396566,-4.640096618357488,1.2294466376933055,4.671980676328502,0.6645986031220402,4.606280193236715,0,0
2022-03-15,2022-03-16,1.6376067219958934,-4.640096618357488,1.2294466376933055,4.671980676328502,0.6645986031220402,4.606280193236715,0,0
2022-03-16,2022-03-17,-0.6242302868064555,4.611111111111111,1.2294466376933055,4.671980676328502,0.6645986031220402,4.606280193236715,0,0
2022-03-17,2022-03-18,-0.05955489357661429,4.673913043478261,1.2294466376933055,4.671980676328502,0.6645986031220402,4.606280193236715,0,1
2022-03-18,2022-03-21,1.455789905497148,4.659420289855072,1.2294466376933055,4.671980676328502,0.6645986031220402,4.606280193236715,1,0
2022-03-21,2022-03-22,0.5515732263249336,4.654589371980676,1.2294466376933055,4.671980676328502,0.6645986031220402,4.606280193236715,0,0
2022-03-22,2022-03-23,-0.9753637551923098,4.611111111111111,1.2294466376933055,4.671980676328502,0.6645986031220402,4.606280193236715,0,0
2022-03-23,2022-03-24,1.4631138149611764,-4.56280193236715,1.2294466376933055,4.671980676328502,0.6645986031220402,4.606280193236715,0,0
2022-03-24,2022-03-25,-1.2514275534619637,-4.765700483091788,1.2294466376933055,4.671980676328502,0.6645986031220402,4.606280193236715,0,0
2022-03-25,2022-03-28,-1.1174831647827947,4.625603864734299,1.2294466376933055,4.671980676328502,0.6645986031220402,4.606280193236715,0,0
2022-03-28,2022-03-29,-1.1608975867903224,4.702898550724638,1.2294466376933055,4.671980676328502,0.6645986031220402,4.606280193236715,0,0
2022-03-29,2022-03-30,0.44791351597457324,-4.611111111111111,1.2294466376933055,4.671980676328502,0.6645986031220402,4.606280193236715,0,0
2022-03-30,2022-03-31,-1.621227466057024,4.625603864734299,1.2294466376933055,4.671980676328502,0.6645986031220402,4.606280193236715,0,0
2022-03-31,2022-04-01,1.3649025006679518,-4.693236714975845,1.2294466376933055,4.671980676328502,0.6645986031220402,4.606280193236715,1,0
2022-04-01,2022-04-06,-0.7525972145185856,4.64975845410628,1.2294466376933055,4.671980676328502,0.6645986031220402,4.606280193236715,0,0
2022-04-06,2022-04-07,1.552109593922584,-4.64975845410628,1.2294466376933055,4.671980676328502,0.6645986031220402,4.606280193236715,0,0
2022-04-07,2022-04-08,0.6541991262058356,-4.630434782608695,1.2294466376933055,4.671980676328502,0.6645986031220402,4.606280193236715,0,0
2022-04-08,2022-04-11,0.3155758110504654,4.683574879227053,1.2294466376933055,4.671980676328502,0.6645986031220402,4.606280193236715,0,1
2022-04-11,2022-04-12,-1.3222095085482126,-4.620772946859903,1.2294466376933055,4.671980676328502,0.6645986031220402,4.606280193236715,0,0
2022-04-12,2022-04-13,1.299413956691994,4.6352657004830915,1.2294466376933055,4.671980676328502,0.6645986031220402,4.606280193236715,1,0
2022-04-13,2022-04-14,-1.3883375941504215,-4.625603864734299,1.2294466376933055,4.671980676328502,0.6645986031220402,4.606280193236715,0,0
2022-04-14,2022-04-15,1.454364834970872,-4.625603864734299,1.2294466376933055,4.671980676328502,0.6645986031220402,4.606280193236715,0,0
2022-04-15,2022-04-18,1.4397013374420946,-4.620772946859903,1.2294466376933055,4.671980676328502,0.6645986031220402,4.606280193236715,0,0
2022-04-18,2022-04-19,1.2526018035371067,-4.71256038647343,1.2294466376933055,4.671980676328502,0.6645986031220402,4.606280193236715,0,0
2022-04-19,2022-04-20,1.076654715062661,4.596618357487923,1.2294466376933055,4.671980676328502,0.6645986031220402,4.606280193236715,0,0
2022-04-20,2022-04-21,-0.3149728072109743,-4.669082125603865,1.2294466376933055,4.671980676328502,0.6645986031220402,4.606280193236715,0,0
2022-04-21,2022-04-22,1.368104093859253,-4.659420289855072,1.2294466376933055,4.671980676328502,0.6645986031220402,4.606280193236715,0,0
2022-04-22,2022-04-25,-1.0877626550684227,4.644927536231884,1.2294466376933055,4.671980676328502,0.6645986031220402,4.606280193236715,0,0
2022-04-25,2022-04-26,1.5823788603841817,-4.6352657004830915,1.2294466376933055,4.671980676328502,0.6645986031220402,4.606280193236715,0,0
2022-04-26,2022-04-27,0.46395019925280223,-4.640096618357488,1.2294466376933055,4.671980676328502,0.6645986031220402,4.606280193236715,0,0
2022-04-27,2022-04-28,-0.582921612811007,4.702898550724638,1.2294466376933055,4.671980676328502,0.6645986031220402,4.606280193236715,0,0
2022-04-28,2022-04-29,-1.5559092914958097,4.678743961352657,1.2294466376933055,4.671980676328502,0.6645986031220402,4.606280193236715,0,1
2022-04-29,2022-05-05,-0.8929996596029538,4.765700483091788,1.2294466376933055,4.671980676328502,0.6645986031220402,4.606280193236715,0,0
2022-05-05,2022-05-06,0.20644372389632115,4.707729468599034,1.2294466376933055,4.671980676328502,0.6645986031220402,4.606280193236715,0,0
2022-05-06,2022-05-09,-1.0222517718013735,4.678743961352657,1.2294466376933055,4.671980676328502,0.6645986031220402,4.606280193236715,0,0
2022-05-09,2022-05-10,1.498659943906758,4.625603864734299,1.2294466376933055,4.671980676328502,0.6645986031220402,4.606280193236715,1,0
2022-05-10,2022-05-11,-0.7327195979655378,4.785024154589372,1.2294466376933055,4.671980676328502,0.6645986031220402,4.606280193236715,0,0
2022-05-11,2022-05-12,-1.2994078158673845,4.741545893719807,1.2294466376933055,4.671980676328502,0.6645986031220402,4.606280193236715,0,0
2022-05-12,2022-05-13,0.7361500903581637,4.693236714975845,1.2294466376933055,4.671980676328502,0.6645986031220402,4.606280193236715,0,0
2022-05-13,2022-05-16,1.0229843651496209,-4.683574879227053,1.2294466376933055,4.671980676328502,0.6645986031220402,4.606280193236715,0,0
2022-05-16,2022-05-17,-0.030076079150152722,4.760869565217392,1.2294466376933055,4.671980676328502,0.6645986031220402,4.606280193236715,0,0
2022-05-17,2022-05-18,1.1827237980812106,-4.77536231884058,1.2294466376933055,4.671980676328502,0.6645986031220402,4.606280193236715,0,0
2022-05-18,2022-05-19,-1.0308712852613806,-4.6980676328502415,1.2294466376933055,4.671980676328502,0.6645986031220402,4.606280193236715,0,0
2022-05-19,2022-05-20,-0.04488334927849326,4.707729468599034,1.2294466376933055,4.671980676328502,0.6645986031220402,4.606280193236715,0,0
2022-05-20,2022-05-23,-1.6791030911075313,4.717391304347826,1.2294466376933055,4.671980676328502,0.6645986031220402,4.606280193236715,0,1
2022-05-23,2022-05-24,-0.5728695893241169,-4.760869565217392,1.2294466376933055,4.671980676328502,0.6645986031220402,4.606280193236715,0,0
2022-05-24,2022-05-25,1.2204138264058115,-4.707729468599034,1.2294466376933055,4.671980676328502,0.6645986031220402,4.606280193236715,0,0
2022-05-25,2022-05-26,1.3360027367276222,4.722222222222222,1.2294466376933055,4.671980676328502,0.6645986031220402,4.606280193236715,1,0
2022-05-26,2022-05-27,-0.280291199392723,4.765700483091788,1.2294466376933055,4.671980676328502,0.6645986031220402,4.606280193236715,0,0
2022-05-27,2022-05-30,-0.9430990414838011,-4.6980676328502415,1.2294466376933055,4.671980676328502,0.6645986031220402,4.606280193236715,0,0
2022-05-30,2022-05-31,1.1939275323804848,4.751207729468599,1.2294466376933055,4.671980676328502,0.6645986031220402,4.606280193236715,0,0
2022-05-31,2022-06-01,-0.6566687268630739,4.683574879227053,1.2294466376933055,4.671980676328502,0.6645986031220402,4.606280193236715,0,0
2022-06-01,2022-06-02,0.8927300926129985,-4.71256038647343,1.2294466376933055,4.671980676328502,0.6645986031220402,4.606280193236715,0,0
2022-06-02,2022-06-06,-0.8088385187079791,-4.722222222222222,1.2294466376933055,4.671980676328502,0.6645986031220402,4.606280193236715,0,0
2022-06-06,2022-06-07,-1.7114495360247015,4.741545893719807,1.2294466376933055,4.671980676328502,0.6645986031220402,4.606280193236715,0,0
2022-06-07,2022-06-08,0.76003267927639,4.673913043478261,1.2294466376933055,4.671980676328502,0.6645986031220402,4.606280193236715,0,0
2022-06-08,2022-06-09,-0.9432093603843498,-4.6980676328502415,1.2294466376933055,4.671980676328502,0.6645986031220402,4.606280193236715,0,0
2022-06-09,2022-06-10,-1.3980855261044276,-4.669082125603865,1.2294466376933055,4.671980676328502,0.6645986031220402,4.606280193236715,0,0
2022-06-10,2022-06-13,-1.3057202276942907,4.7270531400966185,1.2294466376933055,4.671980676328502,0.6645986031220402,4.606280193236715,0,0
2022-06-13,2022-06-14,0.4433315980932407,-4.702898550724638,1.2294466376933055,4.671980676328502,0.6645986031220402,4.606280193236715,0,0
2022-06-14,2022-06-15,-1.0164281260299413,-4.688405797101449,1.2294466376933055,4.671980676328502,0.6645986031220402,4.606280193236715,0,0
2022-06-15,2022-06-16,1.7030479519366337,-4.683574879227053,1.2294466376933055,4.671980676328502,0.6645986031220402,4.606280193236715,0,0
2022-06-16,2022-06-17,0.4955448652471551,-4.683574879227053,1.2294466376933055,4.671980676328502,0.6645986031220402,4.606280193236715,0,0
2022-06-17,2022-06-20,1.328545334810355,-4.741545893719807,1.2294466376933055,4.671980676328502,0.6645986031220402,4.606280193236715,0,0
2022-06-20,2022-06-21,0.6830761012536758,4.640096618357488,1.2294466376933055,4.671980676328502,0.6645986031220402,4.606280193236715,0,0
2022-06-21,2022-06-22,-0.9702033390682108,-4.71256038647343,1.2294466376933055,4.671980676328502,0.6645986031220402,4.606280193236715,0,0
2022-06-22,2022-06-23,-1.5067116610785567,-4.707729468599034,1.2294466376933055,4.671980676328502,0.6645986031220402,4.606280193236715,0,0
2022-06-23,2022-06-24,-0.37845404264914945,4.7270531400966185,1.2294466376933055,4.671980676328502,0.6645986031220402,4.606280193236715,0,1
2022-06-24,2022-06-27,0.6056153162987857,4.722222222222222,1.2294466376933055,4.671980676328502,0.6645986031220402,4.606280193236715,0,0
2022-06-27,2022-06-28,-1.026482425242535,-4.688405797101449,1.2294466376933055,4.671980676328502,0.6645986031220402,4.606280193236715,0,0
2022-06-28,2022-06-29,-0.8224452384192412,4.741545893719807,1.2294466376933055,4.671980676328502,0.6645986031220402,4.606280193236715,0,0
2022-06-29,2022-06-30,1.5523772388315833,-4.673913043478261,1.2294466376933055,4.671980676328502,0.6645986031220402,4.606280193236715,0,0
2022-06-30,2022-07-01,0.967891962279038,4.794685990338165,1.2294466376933055,4.671980676328502,0.6645986031220402,4.606280193236715,0,0
2022-07-01,2022-07-04,-1.4388147561890903,-4.606280193236715,1.2294466376933055,4.671980676328502,0.6645986031220402,4.606280193236715,0,0
2022-07-04,2022-07-05,0.33848138210486084,4.669082125603865,1.2294466376933055,4.671980676328502,0.6645986031220402,4.606280193236715,0,0
2022-07-05,2022-07-06,1.4991369529910734,4.678743961352657,1.2294466376933055,4.671980676328502,0.6645986031220402,4.606280193236715,0,0
2022-07-06,2022-07-07,0.6689639874904993,-4.7270531400966185,1.2294466376933055,4.671980676328502,0.6645986031220402,4.606280193236715,0,0
2022-07-07,2022-07-08,0.9881022542427103,-4.625603864734299,1.2294466376933055,4.671980676328502,0.6645986031220402,4.606280193236715,0,0
2022-07-08,2022-07-11,-1.202030246208024,-4.640096618357488,1.2294466376933055,4.671980676328502,0.6645986031220402,4.606280193236715,0,0
2022-07-11,2022-07-12,-0.705369383026765,-4.654589371980676,1.2294466376933055,4.671980676328502,0.6645986031220402,4.606280193236715,0,0
2022-07-12,2022-07-13,-1.481685799251892,4.625603864734299,1.2294466376933055,4.671980676328502,0.6645986031220402,4.606280193236715,0,0
2022-07-13,2022-07-14,1.2136781784824138,-4.596618357487923,1.2294466376933055,4.671980676328502,0.6645986031220402,4.606280193236715,0,0
2022-07-14,2022-07-15,1.0551052806460586,4.601449275362318,1.2294466376933055,4.671980676328502,0.6645986031220402,4.606280193236715,0,0
2022-07-15,2022-07-18,1.6892408527260125,-4.673913043478261,1.2294466376933055,4.671980676328502,0.6645986031220402,4.606280193236715,0,0
2022-07-18,2022-07-19,-1.0356643823509717,4.620772946859903,1.2294466376933055,4.671980676328502,0.6645986031220402,4.606280193236715,0,0
2022-07-19,2022-07-20,0.5647236321888697,4.625603864734299,1.2294466376933055,4.671980676328502,0.6645986031220402,4.606280193236715,0,0
2022-07-20,2022-07-21,1.2353663924241884,4.659420289855072,1.2294466376933055,4.671980676328502,0.6645986031220402,4.606280193236715,0,0
2022-07-21,2022-07-22,-0.14072672902673716,-4.683574879227053,1.2294466376933055,4.671980676328502,0.6645986031220402,4.606280193236715,0,0
2022-07-22,2022-07-25,-1.6707772307079167,4.64975845410628,1.2294466376933055,4.671980676328502,0.6645986031220402,4.606280193236715,0,0
2022-07-25,2022-07-26,-1.050875993912582,4.6980676328502415,1.2294466376933055,4.671980676328502,0.6645986031220402,4.606280193236715,0,1
2022-07-26,2022-07-27,1.3255791140044844,4.606280193236715,1.2294466376933055,4.671980676328502,0.6645986031220402,4.606280193236715,1,0
2022-07-27,2022-07-28,0.688217493319556,-4.64975845410628,1.2294466376933055,4.671980676328502,0.6645986031220402,4.606280193236715,0,0
2022-07-28,2022-07-29,-1.4378662078856528,4.654589371980676,1.2294466376933055,4.671980676328502,0.6645986031220402,4.606280193236715,0,0
2022-07-29,2022-08-01,0.9661045833022761,-4.64975845410628,1.2294466376933055,4.671980676328502,0.6645986031220402,4.606280193236715,0,0
2022-08-01,2022-08-02,0.33417317592665613,4.591787439613527,1.2294466376933055,4.671980676328502,0.6645986031220402,4.606280193236715,0,0
2022-08-02,2022-08-03,1.6910343777347379,-4.669082125603865,1.2294466376933055,4.671980676328502,0.6645986031220402,4.606280193236715,1,0
2022-08-03,2022-08-04,-0.03291203718428511,4.654589371980676,1.2294466376933055,4.671980676328502,0.6645986031220402,4.606280193236715,0,0
2022-08-04,2022-08-05,1.2174196770522645,4.659420289855072,1.2294466376933055,4.671980676328502,0.6645986031220402,4.606280193236715,0,0
2022-08-05,2022-08-08,0.642513602972348,4.615942028985507,1.2294466376933055,4.671980676328502,0.6645986031220402,4.606280193236715,0,0
2022-08-08,2022-08-09,0.6976323786559468,-4.669082125603865,1.2294466376933055,4.671980676328502,0.6645986031220402,4.606280193236715,0,0
2022-08-09,2022-08-10,0.18622277850541835,-4.611111111111111,1.2294466376933055,4.671980676328502,0.6645986031220402,4.606280193236715,0,0
2022-08-10,2022-08-11,-0.041256738595195956,-4.688405797101449,1.2294466376933055,4.671980676328502,0.6645986031220402,4.606280193236715,0,0
2022-08-11,2022-08-12,-1.7229109072101187,4.688405797101449,1.2294466376933055,4.671980676328502,0.6645986031220402,4.606280193236715,0,1
2022-08-12,2022-08-15,0.9327295641155033,-4.620772946859903,1.2294466376933055,4.671980676328502,0.6645986031220402,4.606280193236715,0,0
2022-08-15,2022-08-16,-0.02236717404819072,4.601449275362318,1.2294466376933055,4.671980676328502,0.6645986031220402,4.606280193236715,0,0
2022-08-16,2022-08-17,0.6226773508227836,4.669082125603865,1.2294466376933055,4.671980676328502,0.6645986031220402,4.606280193236715,0,0
2022-08-17,2022-08-18,-1.4827657472401121,-4.659420289855072,1.2294466376933055,4.671980676328502,0.6645986031220402,4.606280193236715,0,0
2022-08-18,2022-08-19,-1.0483342297046798,-4.625603864734299,1.2294466376933055,4.671980676328502,0.6645986031220402,4.606280193236715,0,0
2022-08-19,2022-08-22,0.6381949734276181,-4.7270531400966185,1.2294466376933055,4.671980676328502,0.6645986031220402,4.606280193236715,0,0
2022-08-22,2022-08-23,0.6942257139848924,4.601449275362318,1.2294466376933055,4.671980676328502,0.6645986031220402,4.606280193236715,0,0
2022-08-23,2022-08-24,-0.307561984536515,4.64975845410628,1.2294466376933055,4.671980676328502,0.6645986031220402,4.606280193236715,0,0
2022-08-24,2022-08-25,1.5997608233506386,-4.659420289855072,1.2294466376933055,4.671980676328502,0.6645986031220402,4.606280193236715,0,0
2022-08-25,2022-08-26,-0.04313472880675119,4.673913043478261,1.2294466376933055,4.671980676328502,0.6645986031220402,4.606280193236715,0,1
2022-08-26,2022-08-29,-1.0169307635975482,-4.586956521739131,1.2294466376933055,4.671980676328502,0.6645986031220402,4.606280193236715,0,0
2022-08-29,2022-08-30,1.1152487789437397,-4.693236714975845,1.2294466376933055,4.671980676328502,0.6645986031220402,4.606280193236715,0,0
2022-08-30,2022-08-31,-0.03144766231209504,-4.707729468599034,1.2294466376933055,4.671980676328502,0.6645986031220402,4.606280193236715,0,0
2022-08-31,2022-09-01,1.6367036758925408,-4.659420289855072,1.2294466376933055,4.671980676328502,0.6645986031220402,4.606280193236715,1,0
2022-09-01,2022-09-02,-1.1860939474140357,4.606280193236715,1.2294466376933055,4.671980676328502,0.6645986031220402,4.606280193236715,0,0
2022-09-02,2022-09-05,1.3374487153737915,-4.654589371980676,1.2294466376933055,4.671980676328502,0.6645986031220402,4.606280193236715,0,0
2022-09-05,2022-09-06,0.291338070411663,4.678743961352657,1.2294466376933055,4.671980676328502,0.6645986031220402,4.606280193236715,0,0
2022-09-06,2022-09-07,-1.3882743553007506,4.640096618357488,1.2294466376933055,4.671980676328502,0.6645986031220402,4.606280193236715,0,0
2022-09-07,2022-09-08,-0.23094085554621535,-4.630434782608695,1.2294466376933055,4.671980676328502,0.6645986031220402,4.606280193236715,0,0
2022-09-08,2022-09-09,-0.9000374530213439,-4.572463768115942,1.2294466376933055,4.671980676328502,0.6645986031220402,4.606280193236715,0,0
2022-09-09,2022-09-13,0.08151001570336923,4.669082125603865,1.2294466376933055,4.671980676328502,0.6645986031220402,4.606280193236715,0,0
2022-09-13,2022-09-14,-0.41824478606026133,4.673913043478261,1.2294466376933055,4.671980676328502,0.6645986031220402,4.606280193236715,0,1
2022-09-14,2022-09-15,-1.586221386427883,4.659420289855072,1.2294466376933055,4.671980676328502,0.6645986031220402,4.606280193236715,0,0
2022-09-15,2022-09-16,1.5770861452090104,-4.582125603864735,1.2294466376933055,4.671980676328502,0.6645986031220402,4.606280193236715,1,0
2022-09-16,2022-09-19,0.8094307355793691,-4.669082125603865,1.2294466376933055,4.671980676328502,0.6645986031220402,4.606280193236715,0,0
2022-09-19,2022-09-20,-1.1646687374077758,-4.77536231884058,1.2294466376933055,4.671980676328502,0.6645986031220402,4.606280193236715,0,0
2022-09-20,2022-09-21,1.362630773636422,-4.64975845410628,1.2294466376933055,4.671980676328502,0.6645986031220402,4.606280193236715,0,0
2022-09-21,2022-09-22,0.21484278717565716,4.6352657004830915,1.2294466376933055,4.671980676328502,0.6645986031220402,4.606280193236715,0,0
2022-09-22,2022-09-23,0.1613732282341688,4.683574879227053,1.2294466376933055,4.671980676328502,0.6645986031220402,4.606280193236715,0,0
2022-09-23,2022-09-26,0.44519676761578447,-4.693236714975845,1.2294466376933055,4.671980676328502,0.6645986031220402,4.606280193236715,0,0
2022-09-26,2022-09-27,0.9163200386672645,-4.683574879227053,1.2294466376933055,4.671980676328502,0.6645986031220402,4.606280193236715,0,0
2022-09-27,2022-09-28,1.3904699456950802,4.678743961352657,1.2294466376933055,4.671980676328502,0.6645986031220402,4.606280193236715,0,0
2022-09-28,2022-09-29,-1.4269529491153612,-4.669082125603865,1.2294466376933055,4.671980676328502,0.6645986031220402,4.606280193236715,0,0
2022-09-29,2022-09-30,0.5637607062856947,4.702898550724638,1.2294466376933055,4.671980676328502,0.6645986031220402,4.606280193236715,0,1
2022-09-30,2022-10-10,-1.6636444340406114,-4.654589371980676,1.2294466376933055,4.671980676328502,0.6645986031220402,4.606280193236715,0,0
2022-10-10,2022-10-11,0.963879727341578,-4.640096618357488,1.2294466376933055,4.671980676328502,0.6645986031220402,4.606280193236715,0,0
2022-10-11,2022-10-12,0.8847791444019234,4.673913043478261,1.2294466376933055,4.671980676328502,0.6645986031220402,4.606280193236715,0,0
2022-10-12,2022-10-13,-1.4177804355773174,4.693236714975845,1.2294466376933055,4.671980676328502,0.6645986031220402,4.606280193236715,0,0
2022-10-13,2022-10-14,-0.8398747981604966,4.6352657004830915,1.2294466376933055,4.671980676328502,0.6645986031220402,4.606280193236715,0,0
2022-10-14,2022-10-17,-1.1805073022079116,4.664251207729468,1.2294466376933055,4.671980676328502,0.6645986031220402,4.606280193236715,0,0
2022-10-17,2022-10-18,-0.23920522859790339,-4.625603864734299,1.2294466376933055,4.671980676328502,0.6645986031220402,4.606280193236715,0,0
2022-10-18,2022-10-19,0.8893292927257607,4.644927536231884,1.2294466376933055,4.671980676328502,0.6645986031220402,4.606280193236715,0,0
2022-10-19,2022-10-20,-1.5342672269076316,-4.640096618357488,1.2294466376933055,4.671980676328502,0.6645986031220402,4.606280193236715,0,0
2022-10-20,2022-10-21,-0.005295033946440698,4.538647342995169,1.2294466376933055,4.671980676328502,0.6645986031220402,4.606280193236715,0,0
2022-10-21,2022-10-24,0.6385077492307611,4.630434782608695,1.2294466376933055,4.671980676328502,0.6645986031220402,4.606280193236715,0,0
2022-10-24,2022-10-25,1.605644837678659,-4.669082125603865,1.2294466376933055,4.671980676328502,0.6645986031220402,4.606280193236715,1,0
2022-10-25,2022-10-26,0.08212495913691441,-4.640096618357488,1.2294466376933055,4.671980676328502,0.6645986031220402,4.606280193236715,0,0
2022-10-26,2022-10-27,-0.7432715406178528,4.567632850241546,1.2294466376933055,4.671980676328502,0.6645986031220402,4.606280193236715,0,0
2022-10-27,2022-10-28,0.43913905950130944,-4.606280193236715,1.2294466376933055,4.671980676328502,0.6645986031220402,4.606280193236715,0,0
2022-10-28,2022-10-31,1.51555761719422,-4.664251207729468,1.2294466376933055,4.671980676328502,0.6645986031220402,4.606280193236715,0,0
2022-10-31,2022-11-01,-0.6263507765294962,4.606280193236715,1.2294466376933055,4.671980676328502,0.6645986031220402,4.606280193236715,0,0
2022-11-01,2022-11-02,-1.1556238901139146,4.548309178743962,1.2294466376933055,4.671980676328502,0.6645986031220402,4.606280193236715,0,0
2022-11-02,2022-11-03,-1.3741281515437531,4.596618357487923,1.2294466376933055,4.671980676328502,0.6645986031220402,4.606280193236715,0,0
2022-11-03,2022-11-04,-1.6119257259204782,-4.615942028985507,1.2294466376933055,4.671980676328502,0.6645986031220402,4.606280193236715,0,0
2022-11-04,2022-11-07,-0.5427136473436925,4.596618357487923,1.2294466376933055,4.671980676328502,0.6645986031220402,4.606280193236715,0,0
2022-11-07,2022-11-08,-0.4770972351692216,4.56280193236715,1.2294466376933055,4.671980676328502,0.6645986031220402,4.606280193236715,0,0
2022-11-08,2022-11-09,-0.929919975959447,-4.591787439613527,1.2294466376933055,4.671980676328502,0.6645986031220402,4.606280193236715,0,0
2022-11-09,2022-11-10,-1.1211257362998834,-4.654589371980676,1.2294466376933055,4.671980676328502,0.6645986031220402,4.606280193236715,0,0
2022-11-10,2022-11-11,0.016227366085661207,4.654589371980676,1.2294466376933055,4.671980676328502,0.6645986031220402,4.606280193236715,0,0
2022-11-11,2022-11-14,-1.7031177681150627,4.5772946859903385,1.2294466376933055,4.671980676328502,0.6645986031220402,4.606280193236715,0,0
2022-11-14,2022-11-15,0.7356332667492317,-4.582125603864735,1.2294466376933055,4.671980676328502,0.6645986031220402,4.606280193236715,0,0
2022-11-15,2022-11-16,-0.04370121076896923,4.678743961352657,1.2294466376933055,4.671980676328502,0.6645986031220402,4.606280193236715,0,0
2022-11-16,2022-11-17,-1.4753711664724665,-4.640096618357488,1.2294466376933055,4.671980676328502,0.6645986031220402,4.606280193236715,0,0
2022-11-17,2022-11-18,1.2032717889749565,-4.625603864734299,1.2294466376933055,4.671980676328502,0.6645986031220402,4.606280193236715,0,0
2022-11-18,2022-11-21,-0.2139119244722837,-4.582125603864735,1.2294466376933055,4.671980676328502,0.6645986031220402,4.606280193236715,0,0
2022-11-21,2022-11-22,-1.5973662204718486,4.630434782608695,1.2294466376933055,4.671980676328502,0.6645986031220402,4.606280193236715,0,0
2022-11-22,2022-11-23,-0.6692862506247903,-4.6352657004830915,1.2294466376933055,4.671980676328502,0.6645986031220402,4.606280193236715,0,0
2022-11-23,2022-11-24,-0.49620272595452486,4.673913043478261,1.2294466376933055,4.671980676328502,0.6645986031220402,4.606280193236715,0,1
2022-11-24,2022-11-25,1.7057501367159063,-4.56280193236715,1.2294466376933055,4.671980676328502,0.6645986031220402,4.606280193236715,1,0
2022-11-25,2022-11-28,-0.28993684214365417,-4.548309178743962,1.2294466376933055,4.671980676328502,0.6645986031220402,4.606280193236715,0,0
2022-11-28,2022-11-29,1.090820039752562,-4.693236714975845,1.2294466376933055,4.671980676328502,0.6645986031220402,4.606280193236715,0,0
2022-11-29,2022-11-30,-1.6240951518383713,4.630434782608695,1.2294466376933055,4.671980676328502,0.6645986031220402,4.606280193236715,0,0
2022-11-30,2022-12-01,0.966934134798725,-4.572463768115942,1.2294466376933055,4.671980676328502,0.6645986031220402,4.606280193236715,0,0
2022-12-01,2022-12-02,-0.48446540016397965,4.557971014492754,1.2294466376933055,4.671980676328502,0.6645986031220402,4.606280193236715,0,0
2022-12-02,2022-12-05,-1.7295552740034654,-4.722222222222222,1.2294466376933055,4.671980676328502,0.6645986031220402,4.606280193236715,0,0
2022-12-05,2022-12-06,-1.0315327488128632,4.596618357487923,1.2294466376933055,4.671980676328502,0.6645986031220402,4.606280193236715,0,0
2022-12-06,2022-12-07,0.18258623643986466,4.582125603864735,1.2294466376933055,4.671980676328502,0.6645986031220402,4.606280193236715,0,0
2022-12-07,2022-12-08,-0.20648171037852822,-4.5772946859903385,1.2294466376933055,4.671980676328502,0.6645986031220402,4.606280193236715,0,0
2022-12-08,2022-12-09,-1.1176107008169052,4.6352657004830915,1.2294466376933055,4.671980676328502,0.6645986031220402,4.606280193236715,0,0
2022-12-09,2022-12-12,-1.5002621655237518,4.683574879227053,1.2294466376933055,4.671980676328502,0.6645986031220402,4.606280193236715,0,1
2022-12-12,2022-12-13,-0.5826846620188166,-4.630434782608695,1.2294466376933055,4.671980676328502,0.6645986031220402,4.606280193236715,0,0
2022-12-13,2022-12-14,-1.4106415652870188,-4.625603864734299,1.2294466376933055,4.671980676328502,0.6645986031220402,4.606280193236715,0,0
2022-12-14,2022-12-15,-1.1414319523810295,-4.524154589371981,1.2294466376933055,4.671980676328502,0.6645986031220402,4.606280193236715,0,0
2022-12-15,2022-12-16,1.056089076639856,4.746376811594203,1.2294466376933055,4.671980676328502,0.6645986031220402,4.606280193236715,0,0
2022-12-16,2022-12-19,-0.24158317177472596,-4.683574879227053,1.2294466376933055,4.671980676328502,0.6645986031220402,4.606280193236715,0,0
2022-12-19,2022-12-20,1.5433405201376802,-4.615942028985507,1.2294466376933055,4.671980676328502,0.6645986031220402,4.606280193236715,0,0
2022-12-20,2022-12-21,-1.3874237439218509,-4.582125603864735,1.2294466376933055,4.671980676328502,0.6645986031220402,4.606280193236715,0,0
2022-12-21,2022-12-22,-1.3078458192697988,-4.6980676328502415,1.2294466376933055,4.671980676328502,0.6645986031220402,4.606280193236715,0,0
2022-12-22,2022-12-23,-0.06106530059396399,-4.751207729468599,1.2294466376933055,4.671980676328502,0.6645986031220402,4.606280193236715,0,0
2022-12-23,2022-12-26,-1.2389673239745655,4.543478260869565,1.2294466376933055,4.671980676328502,0.6645986031220402,4.606280193236715,0,0
2022-12-26,2022-12-27,-0.36253161359835934,4.582125603864735,1.2294466376933055,4.671980676328502,0.6645986031220402,4.606280193236715,0,0
2022-12-27,2022-12-28,-0.823198076985768,4.678743961352657,1.2294466376933055,4.671980676328502,0.6645986031220402,4.606280193236715,0,1
2022-12-28,2022-12-29,1.3000534560692623,-4.770531400966184,1.2294466376933055,4.671980676328502,0.6645986031220402,4.606280193236715,1,0
2022-12-29,2022-12-30,-0.3886093959135055,4.620772946859903,1.2294466376933055,4.671980676328502,0.6645986031220402,4.606280193236715,0,0
2022-12-30,2023-01-03,1.2118266535197169,4.611111111111111,1.2294466376933055,4.671980676328502,0.6645986031220402,4.606280193236715,0,0
2023-01-03,2023-01-04,-1.38898938763954,4.683574879227053,1.2294466376933055,4.671980676328502,0.6645986031220402,4.606280193236715,0,0
2023-01-04,2023-01-05,0.8849003091667768,4.707729468599034,1.2294466376933055,4.671980676328502,0.6645986031220402,4.606280193236715,0,0
2023-01-05,2023-01-06,-0.4706701938104272,4.6352657004830915,1.2294466376933055,4.671980676328502,0.6645986031220402,4.606280193236715,0,0
2023-01-06,2023-01-09,-0.8636122187145514,4.5772946859903385,1.2294466376933055,4.671980676328502,0.6645986031220402,4.606280193236715,0,0
2023-01-09,2023-01-10,-1.3822312062763082,-4.601449275362318,1.2294466376933055,4.671980676328502,0.6645986031220402,4.606280193236715,0,0
2023-01-10,2023-01-11,1.0256904696842442,-4.693236714975845,1.2294466376933055,4.671980676328502,0.6645986031220402,4.606280193236715,0,0
2023-01-11,2023-01-12,-1.3490150504719722,-4.731884057971015,1.2294466376933055,4.671980676328502,0.6645986031220402,4.606280193236715,0,0
2023-01-12,2023-01-13,1.1048671479004406,4.538647342995169,1.2294466376933055,4.671980676328502,0.6645986031220402,4.606280193236715,0,0
2023-01-13,2023-01-16,1.4750542660679469,4.5772946859903385,1.2294466376933055,4.671980676328502,0.6645986031220402,4.606280193236715,0,0
2023-01-16,2023-01-17,-1.7203742062410814,-4.683574879227053,1.2294466376933055,4.671980676328502,0.6645986031220402,4.606280193236715,0,0
2023-01-17,2023-01-18,0.35237903504170365,4.625603864734299,1.2294466376933055,4.671980676328502,0.6645986031220402,4.606280193236715,0,0
2023-01-18,2023-01-19,0.48881693497405326,-4.567632850241546,1.2294466376933055,4.671980676328502,0.6645986031220402,4.606280193236715,0,0
2023-01-19,2023-01-20,0.32839443898232323,4.582125603864735,1.2294466376933055,4.671980676328502,0.6645986031220402,4.606280193236715,0,0
2023-01-20,2023-01-30,-1.6687417776036917,4.640096618357488,1.2294466376933055,4.671980676328502,0.6645986031220402,4.606280193236715,0,0
2023-01-30,2023-01-31,-1.5870791228760068,4.678743961352657,1.2294466376933055,4.671980676328502,0.6645986031220402,4.606280193236715,0,0
2023-01-31,2023-02-01,-0.6643087186255127,4.567632850241546,1.2294466376933055,4.671980676328502,0.6645986031220402,4.606280193236715,0,0
2023-02-01,2023-02-02,-1.0067343315173294,4.56280193236715,1.2294466376933055,4.671980676328502,0.6645986031220402,4.606280193236715,0,0
2023-02-02,2023-02-03,-0.5331905969024698,-4.591787439613527,1.2294466376933055,4.671980676328502,0.6645986031220402,4.606280193236715,0,0
2023-02-03,2023-02-06,-1.4998512971449207,-4.64975845410628,1.2294466376933055,4.671980676328502,0.6645986031220402,4.606280193236715,0,0
2023-02-06,2023-02-07,-1.3560305793143883,-4.596618357487923,1.2294466376933055,4.671980676328502,0.6645986031220402,4.606280193236715,0,0
2023-02-07,2023-02-08,0.7804786159282888,-4.504830917874396,1.2294466376933055,4.671980676328502,0.6645986031220402,4.606280193236715,0,0
2023-02-08,2023-02-09,-0.925733284990825,-4.543478260869565,1.2294466376933055,4.671980676328502,0.6645986031220402,4.606280193236715,0,0
2023-02-09,2023-02-10,-0.5319875548076333,4.601449275362318,1.2294466376933055,4.671980676328502,0.6645986031220402,4.606280193236715,0,0
2023-02-10,2023-02-13,1.6655829093517007,-4.644927536231884,1.2294466376933055,4.671980676328502,0.6645986031220402,4.606280193236715,0,0
2023-02-13,2023-02-14,-1.453400094056679,4.504830917874396,1.2294466376933055,4.671980676328502,0.6645986031220402,4.606280193236715,0,0
2023-02-14,2023-02-15,-0.42891002470272255,-4.543478260869565,1.2294466376933055,4.671980676328502,0.6645986031220402,4.606280193236715,0,0
2023-02-15,2023-02-16,-1.2527433024539558,-4.596618357487923,1.2294466376933055,4.671980676328502,0.6645986031220402,4.606280193236715,0,0
2023-02-16,2023-02-17,1.6406704907474259,-4.5772946859903385,1.2294466376933055,4.671980676328502,0.6645986031220402,4.606280193236715,1,0
2023-02-17,2023-02-20,-0.6783896706893007,-4.528985507246377,1.2294466376933055,4.671980676328502,0.6645986031220402,4.606280193236715,0,0
2023-02-20,2023-02-21,-0.30949482119186383,4.572463768115942,1.2294466376933055,4.671980676328502,0.6645986031220402,4.606280193236715,0,0
2023-02-21,2023-02-22,-0.05754564332856509,4.5772946859903385,1.2294466376933055,4.671980676328502,0.6645986031220402,4.606280193236715,0,0
2023-02-22,2023-02-23,-1.2904819022238594,-4.606280193236715,1.2294466376933055,4.671980676328502,0.6645986031220402,4.606280193236715,0,0
2023-02-23,2023-02-24,-0.7120640563647803,4.5772946859903385,1.2294466376933055,4.671980676328502,0.6645986031220402,4.606280193236715,0,0
2023-02-24,2023-02-27,-1.2301343784895529,-4.553140096618358,1.2294466376933055,4.671980676328502,0.6645986031220402,4.606280193236715,0,0
2023-02-27,2023-02-28,-0.6234943125479939,-4.543478260869565,1.2294466376933055,4.671980676328502,0.6645986031220402,4.606280193236715,0,0
2023-02-28,2023-03-01,0.7796508026324581,4.630434782608695,1.2294466376933055,4.671980676328502,0.6645986031220402,4.606280193236715,0,0
2023-03-01,2023-03-02,-1.7056034720305924,4.56280193236715,1.2294466376933055,4.671980676328502,0.6645986031220402,4.606280193236715,0,0
2023-03-02,2023-03-03,1.0393439780718388,4.567632850241546,1.2294466376933055,4.671980676328502,0.6645986031220402,4.606280193236715,0,0
2023-03-03,2023-03-06,-0.5076528108694619,-4.553140096618358,1.2294466376933055,4.671980676328502,0.6645986031220402,4.606280193236715,0,0
2023-03-06,2023-03-07,-1.4434749649495449,-4.586956521739131,1.2294466376933055,4.671980676328502,0.6645986031220402,4.606280193236715,0,0
2023-03-07,2023-03-08,1.682878397956998,-4.5772946859903385,1.2294466376933055,4.671980676328502,0.6645986031220402,4.606280193236715,1,0
2023-03-08,2023-03-09,1.6322871272584645,4.557971014492754,1.2294466376933055,4.671980676328502,0.6645986031220402,4.606280193236715,0,0
2023-03-09,2023-03-10,-1.1638066696628235,4.6352657004830915,1.2294466376933055,4.671980676328502,0.6645986031220402,4.606280193236715,0,0
2023-03-10,2023-03-13,-0.00034656819746322584,-4.572463768115942,1.2294466376933055,4.671980676328502,0.6645986031220402,4.606280193236715,0,0
2023-03-13,2023-03-14,-0.9361538176587006,-4.572463768115942,1.2294466376933055,4.671980676328502,0.6645986031220402,4.606280193236715,0,0
2023-03-14,2023-03-15,1.3071363689874065,-4.567632850241546,1.2294466376933055,4.671980676328502,0.6645986031220402,4.606280193236715,0,0
2023-03-15,2023-03-16,-0.0985635180034339,4.596618357487923,1.2294466376933055,4.671980676328502,0.6645986031220402,4.606280193236715,0,0
2023-03-16,2023-03-17,1.329514391684035,-4.56280193236715,1.2294466376933055,4.671980676328502,0.6645986031220402,4.606280193236715,0,0
2023-03-17,2023-03-20,-1.3703027703135842,4.5772946859903385,1.2294466376933055,4.671980676328502,0.6645986031220402,4.606280193236715,0,0
2023-03-20,2023-03-21,1.1778120961371903,4.591787439613527,1.2294466376933055,4.671980676328502,0.6645986031220402,4.606280193236715,0,0
2023-03-21,2023-03-22,1.2068594385362497,4.669082125603865,1.2294466376933055,4.671980676328502,0.6645986031220402,4.606280193236715,0,0
2023-03-22,2023-03-23,0.5904245067166262,4.611111111111111,1.2294466376933055,4.671980676328502,0.6645986031220402,4.606280193236715,0,0
2023-03-23,2023-03-24,0.25380235068901175,4.611111111111111,1.2294466376933055,4.671980676328502,0.6645986031220402,4.606280193236715,0,0
2023-03-24,2023-03-27,-1.605381560457969,-4.702898550724638,1.2294466376933055,4.671980676328502,0.6645986031220402,4.606280193236715,0,0
2023-03-27,2023-03-28,-1.2255796504775287,4.654589371980676,1.2294466376933055,4.671980676328502,0.6645986031220402,4.606280193236715,0,0
2023-03-28,2023-03-29,0.13211585309646548,-4.620772946859903,1.2294466376933055,4.671980676328502,0.6645986031220402,4.606280193236715,0,0
2023-03-29,2023-03-30,-1.5867033221916162,4.5772946859903385,1.2294466376933055,4.671980676328502,0.6645986031220402,4.606280193236715,0,0
2023-03-30,2023-03-31,1.436487030231169,-4.6352657004830915,1.2294466376933055,4.671980676328502,0.6645986031220402,4.606280193236715,1,0
2023-03-31,2023-04-03,0.2196231049069376,4.664251207729468,1.2294466376933055,4.671980676328502,0.6645986031220402,4.606280193236715,0,0
2023-04-03,2023-04-04,-1.6895791703425203,-4.751207729468599,1.2294466376933055,4.671980676328502,0.6645986031220402,4.606280193236715,0,0
2023-04-04,2023-04-06,0.8194357388143209,-4.620772946859903,1.2294466376933055,4.671980676328502,0.6645986031220402,4.606280193236715,0,0
2023-04-06,2023-04-07,0.3076796075317612,-4.654589371980676,1.2294466376933055,4.671980676328502,0.6645986031220402,4.606280193236715,0,0
2023-04-07,2023-04-10,1.5083955092285866,4.673913043478261,1.2294466376933055,4.671980676328502,0.6645986031220402,4.606280193236715,0,0
2023-04-10,2023-04-11,0.1742271798302801,-4.756038647342995,1.2294466376933055,4.671980676328502,0.6645986031220402,4.606280193236715,0,0
2023-04-11,2023-04-12,-0.37252600106862066,4.606280193236715,1.2294466376933055,4.671980676328502,0.6645986031220402,4.606280193236715,0,0
2023-04-12,2023-04-13,-0.9934254766237521,4.688405797101449,1.2294466376933055,4.671980676328502,0.6645986031220402,4.606280193236715,0,0
2023-04-13,2023-04-14,1.5064905083247202,-4.693236714975845,1.2294466376933055,4.671980676328502,0.6645986031220402,4.606280193236715,0,0
2023-04-14,2023-04-17,0.57841528532577,-4.678743961352657,1.2294466376933055,4.671980676328502,0.6645986031220402,4.606280193236715,0,0
2023-04-17,2023-04-18,-1.5424592664156112,-4.6352657004830915,1.2294466376933055,4.671980676328502,0.6645986031220402,4.606280193236715,0,0
2023-04-18,2023-04-19,-1.0011318797950075,-4.625603864734299,1.2294466376933055,4.671980676328502,0.6645986031220402,4.606280193236715,0,0
2023-04-19,2023-04-20,-0.2625726114389745,-4.7270531400966185,1.2294466376933055,4.671980676328502,0.6645986031220402,4.606280193236715,0,0
2023-04-20,2023-04-21,-0.22548627533845547,-4.64975845410628,1.2294466376933055,4.671980676328502,0.6645986031220402,4.606280193236715,0,0
2023-04-21,2023-04-24,1.593837680639286,-4.673913043478261,1.2294466376933055,4.671980676328502,0.6645986031220402,4.606280193236715,1,0
2023-04-24,2023-04-25,-0.7940019991044425,-4.56280193236715,1.2294466376933055,4.671980676328502,0.6645986031220402,4.606280193236715,0,0
2023-04-25,2023-04-26,0.9984480290869976,-4.6980676328502415,1.2294466376933055,4.671980676328502,0.6645986031220402,4.606280193236715,0,0
2023-04-26,2023-04-27,0.6060184967838494,4.678743961352657,1.2294466376933055,4.671980676328502,0.6645986031220402,4.606280193236715,0,0
2023-04-27,2023-04-28,1.1712514864075776,-4.731884057971015,1.2294466376933055,4.671980676328502,0.6645986031220402,4.606280193236715,0,0
2023-04-28,2023-05-04,-1.1838325700080232,4.611111111111111,1.2294466376933055,4.671980676328502,0.6645986031220402,4.606280193236715,0,0
2023-05-04,2023-05-05,-1.5611777083831464,4.7270531400966185,1.2294466376933055,4.671980676328502,0.6645986031220402,4.606280193236715,0,1
2023-05-05,2023-05-08,0.3047626055534869,-4.722222222222222,1.2294466376933055,4.671980676328502,0.6645986031220402,4.606280193236715,0,0
2023-05-08,2023-05-09,-0.9727050254301333,4.7270531400966185,1.2294466376933055,4.671980676328502,0.6645986031220402,4.606280193236715,0,0
2023-05-09,2023-05-10,1.3305282906547449,4.625603864734299,1.2294466376933055,4.671980676328502,0.6645986031220402,4.606280193236715,1,0
2023-05-10,2023-05-11,-1.0112593636689104,4.606280193236715,1.2294466376933055,4.671980676328502,0.6645986031220402,4.606280193236715,0,0
2023-05-11,2023-05-12,-1.456202642593199,4.756038647342995,1.2294466376933055,4.671980676328502,0.6645986031220402,4.606280193236715,0,0
2023-05-12,2023-05-15,-0.9863130152726747,-4.707729468599034,1.2294466376933055,4.671980676328502,0.6645986031220402,4.606280193236715,0,0
2023-05-15,2023-05-16,0.19858749168987908,4.615942028985507,1.2294466376933055,4.671980676328502,0.6645986031220402,4.606280193236715,0,0
2023-05-16,2023-05-17,-1.6577382122534559,-4.56280193236715,1.2294466376933055,4.671980676328502,0.6645986031220402,4.606280193236715,0,0
2023-05-17,2023-05-18,1.412932350868775,-4.707729468599034,1.2294466376933055,4.671980676328502,0.6645986031220402,4.606280193236715,0,0
2023-05-18,2023-05-19,0.10976873014824469,4.596618357487923,1.2294466376933055,4.671980676328502,0.6645986031220402,4.606280193236715,0,0
2023-05-19,2023-05-22,0.2535356587444773,-4.654589371980676,1.2294466376933055,4.671980676328502,0.6645986031220402,4.606280193236715,0,0
2023-05-22,2023-05-23,-0.448395454448575,4.606280193236715,1.2294466376933055,4.671980676328502,0.6645986031220402,4.606280193236715,0,0
2023-05-23,2023-05-24,-1.132972412422137,-4.669082125603865,1.2294466376933055,4.671980676328502,0.6645986031220402,4.606280193236715,0,0
2023-05-24,2023-05-25,-1.2498798411434873,-4.601449275362318,1.2294466376933055,4.671980676328502,0.6645986031220402,4.606280193236715,0,0
2023-05-25,2023-05-26,-0.14954062848183627,4.785024154589372,1.2294466376933055,4.671980676328502,0.6645986031220402,4.606280193236715,0,0
2023-05-26,2023-05-29,1.1867472914584989,-4.630434782608695,1.2294466376933055,4.671980676328502,0.6645986031220402,4.606280193236715,0,0
2023-05-29,2023-05-30,1.7023849883014135,4.644927536231884,1.2294466376933055,4.671980676328502,0.6645986031220402,4.606280193236715,1,0
2023-05-30,2023-05-31,-1.0957453978640086,4.640096618357488,1.2294466376933055,4.671980676328502,0.6645986031220402,4.606280193236715,0,0
2023-05-31,2023-06-01,-0.15773041517325426,-4.707729468599034,1.2294466376933055,4.671980676328502,0.6645986031220402,4.606280193236715,0,0
2023-06-01,2023-06-02,-0.5714928161421553,4.601449275362318,1.2294466376933055,4.671980676328502,0.6645986031220402,4.606280193236715,0,0
2023-06-02,2023-06-05,0.24967853991062391,4.596618357487923,1.2294466376933055,4.671980676328502,0.6645986031220402,4.606280193236715,0,0
2023-06-05,2023-06-06,-1.149005995043517,4.615942028985507,1.2294466376933055,4.671980676328502,0.6645986031220402,4.606280193236715,0,0
2023-06-06,2023-06-07,0.32742046898332994,-4.615942028985507,1.2294466376933055,4.671980676328502,0.6645986031220402,4.606280193236715,0,0
2023-06-07,2023-06-08,1.6919245384265125,4.630434782608695,1.2294466376933055,4.671980676328502,0.6645986031220402,4.606280193236715,1,0
2023-06-08,2023-06-09,-0.0724281540256696,-4.582125603864735,1.2294466376933055,4.671980676328502,0.6645986031220402,4.606280193236715,0,0
2023-06-09,2023-06-12,-1.0382655609645817,4.64975845410628,1.2294466376933055,4.671980676328502,0.6645986031220402,4.606280193236715,0,0
2023-06-12,2023-06-13,-0.26999936946971365,-4.615942028985507,1.2294466376933055,4.671980676328502,0.6645986031220402,4.606280193236715,0,0
2023-06-13,2023-06-14,1.3498999359048873,4.7270531400966185,1.2294466376933055,4.671980676328502,0.6645986031220402,4.606280193236715,0,1
2023-06-14,2023-06-15,0.21901851475579204,-4.538647342995169,1.2294466376933055,4.671980676328502,0.6645986031220402,4.606280193236715,0,0
2023-06-15,2023-06-16,-1.110798313938773,-4.625603864734299,1.2294466376933055,4.671980676328502,0.6645986031220402,4.606280193236715,0,0
2023-06-16,2023-06-19,-0.6455454231633826,4.6352657004830915,1.2294466376933055,4.671980676328502,0.6645986031220402,4.606280193236715,0,0
2023-06-19,2023-06-20,-0.1524643772198606,4.6352657004830915,1.2294466376933055,4.671980676328502,0.6645986031220402,4.606280193236715,0,0
2023-06-20,2023-06-21,-1.6082531007755034,-4.543478260869565,1.2294466376933055,4.671980676328502,0.6645986031220402,4.606280193236715,0,0
2023-06-21,2023-06-26,-1.0146137474845087,-4.611111111111111,1.2294466376933055,4.671980676328502,0.6645986031220402,4.606280193236715,0,0
2023-06-26,2023-06-27,0.5267419464626357,-4.582125603864735,1.2294466376933055,4.671980676328502,0.6645986031220402,4.606280193236715,0,0
2023-06-27,2023-06-28,1.6748243437799746,4.601449275362318,1.2294466376933055,4.671980676328502,0.6645986031220402,4.606280193236715,0,0
2023-06-28,2023-06-29,-0.9169486132196546,-4.543478260869565,1.2294466376933055,4.671980676328502,0.6645986031220402,4.606280193236715,0,0
2023-06-29,2023-06-30,-0.9921138849712128,-4.611111111111111,1.2294466376933055,4.671980676328502,0.6645986031220402,4.606280193236715,0,0
2023-06-30,2023-07-03,-0.8357365264187787,4.557971014492754,1.2294466376933055,4.671980676328502,0.6645986031220402,4.606280193236715,0,0
2023-07-03,2023-07-04,-1.660177093697123,-4.548309178743962,1.2294466376933055,4.671980676328502,0.6645986031220402,4.606280193236715,0,0
2023-07-04,2023-07-05,-0.5761695126894549,4.591787439613527,1.2294466376933055,4.671980676328502,0.6645986031220402,4.606280193236715,0,0
2023-07-05,2023-07-06,0.002653857739657417,-4.5772946859903385,1.2294466376933055,4.671980676328502,0.6645986031220402,4.606280193236715,0,0
2023-07-06,2023-07-07,-1.5274706873952857,4.567632850241546,1.2294466376933055,4.671980676328502,0.6645986031220402,4.606280193236715,0,0
2023-07-07,2023-07-10,-0.9809882010477357,4.615942028985507,1.2294466376933055,4.671980676328502,0.6645986031220402,4.606280193236715,0,0
2023-07-10,2023-07-11,1.4042933719868416,-4.620772946859903,1.2294466376933055,4.671980676328502,0.6645986031220402,4.606280193236715,1,0
2023-07-11,2023-07-12,1.0714584652562689,4.528985507246377,1.2294466376933055,4.671980676328502,0.6645986031220402,4.606280193236715,0,0
2023-07-12,2023-07-13,1.2130761982276321,-4.586956521739131,1.2294466376933055,4.671980676328502,0.6645986031220402,4.606280193236715,0,0
2023-07-13,2023-07-14,-1.1936483401695657,4.640096618357488,1.2294466376933055,4.671980676328502,0.6645986031220402,4.606280193236715,0,0
2023-07-14,2023-07-17,0.2006948925002421,-4.582125603864735,1.2294466376933055,4.671980676328502,0.6645986031220402,4.606280193236715,0,0
2023-07-17,2023-07-18,-1.5936243967961827,-4.524154589371981,1.2294466376933055,4.671980676328502,0.6645986031220402,4.606280193236715,0,0
2023-07-18,2023-07-19,-1.0200941551297664,4.615942028985507,1.2294466376933055,4.671980676328502,0.6645986031220402,4.606280193236715,0,0
2023-07-19,2023-07-20,-1.5626060505794341,4.572463768115942,1.2294466376933055,4.671980676328502,0.6645986031220402,4.606280193236715,0,0
2023-07-20,2023-07-21,0.9446245008000882,-4.601449275362318,1.2294466376933055,4.671980676328502,0.6645986031220402,4.606280193236715,0,0
2023-07-21,2023-07-24,0.49814646041038513,-4.538647342995169,1.2294466376933055,4.671980676328502,0.6645986031220402,4.606280193236715,0,0
2023-07-24,2023-07-25,-1.0081488245093335,-4.5772946859903385,1.2294466376933055,4.671980676328502,0.6645986031220402,4.606280193236715,0,0
2023-07-25,2023-07-26,-1.6483413227329577,4.606280193236715,1.2294466376933055,4.671980676328502,0.6645986031220402,4.606280193236715,0,0
2023-07-26,2023-07-27,0.8214477066975623,-4.586956521739131,1.2294466376933055,4.671980676328502,0.6645986031220402,4.606280193236715,0,0
2023-07-27,2023-07-28,0.4803459064700391,-4.5772946859903385,1.2294466376933055,4.671980676328502,0.6645986031220402,4.606280193236715,0,0
2023-07-28,2023-07-31,-1.6723171577481266,4.582125603864735,1.2294466376933055,4.671980676328502,0.6645986031220402,4.606280193236715,0,0
2023-07-31,2023-08-01,-1.330936967234022,4.611111111111111,1.2294466376933055,4.671980676328502,0.6645986031220402,4.606280193236715,0,0
2023-08-01,2023-08-02,-0.8281067282294226,4.596618357487923,1.2294466376933055,4.671980676328502,0.6645986031220402,4.606280193236715,0,0
2023-08-02,2023-08-03,-1.4435045229960006,4.615942028985507,1.2294466376933055,4.671980676328502,0.6645986031220402,4.606280193236715,0,0
2023-08-03,2023-08-04,1.0187643747180695,4.567632850241546,1.2294466376933055,4.671980676328502,0.6645986031220402,4.606280193236715,0,0
2023-08-04,2023-08-07,-1.1710441013613442,4.5772946859903385,1.2294466376933055,4.671980676328502,0.6645986031220402,4.606280193236715,0,0
2023-08-07,2023-08-08,-0.6300764078914816,-4.615942028985507,1.2294466376933055,4.671980676328502,0.6645986031220402,4.606280193236715,0,0
2023-08-08,2023-08-09,-1.2240810894911918,-4.620772946859903,1.2294466376933055,4.671980676328502,0.6645986031220402,4.606280193236715,0,0
2023-08-09,2023-08-10,-1.2670424570495091,-4.548309178743962,1.2294466376933055,4.671980676328502,0.6645986031220402,4.606280193236715,0,0
2023-08-10,2023-08-11,0.8843974371131929,-4.606280193236715,1.2294466376933055,4.671980676328502,0.6645986031220402,4.606280193236715,0,0
2023-08-11,2023-08-14,0.5385329256705081,-4.64975845410628,1.2294466376933055,4.671980676328502,0.6645986031220402,4.606280193236715,0,0
2023-08-14,2023-08-15,0.0047463759988601775,-4.606280193236715,1.2294466376933055,4.671980676328502,0.6645986031220402,4.606280193236715,0,0
2023-08-15,2023-08-16,-1.35679564633452,-4.630434782608695,1.2294466376933055,4.671980676328502,0.6645986031220402,4.606280193236715,0,0
2023-08-16,2023-08-17,0.22470684352754092,-4.630434782608695,1.2294466376933055,4.671980676328502,0.6645986031220402,4.606280193236715,0,0
2023-08-17,2023-08-18,-1.2789349745845866,4.606280193236715,1.2294466376933055,4.671980676328502,0.6645986031220402,4.606280193236715,0,0
2023-08-18,2023-08-21,-0.034247660746225185,-4.630434782608695,1.2294466376933055,4.671980676328502,0.6645986031220402,4.606280193236715,0,0
2023-08-21,2023-08-22,-1.48702259728878,-4.664251207729468,1.2294466376933055,4.671980676328502,0.6645986031220402,4.606280193236715,0,0
2023-08-22,2023-08-23,-0.3367159834341473,4.630434782608695,1.2294466376933055,4.671980676328502,0.6645986031220402,4.606280193236715,0,0
2023-08-23,2023-08-24,-0.8506533563243684,-4.611111111111111,1.2294466376933055,4.671980676328502,0.6645986031220402,4.606280193236715,0,0
2023-08-24,2023-08-25,-1.1232659363270425,4.64975845410628,1.2294466376933055,4.671980676328502,0.6645986031220402,4.606280193236715,0,0
2023-08-25,2023-08-28,0.4718981691998519,-4.659420289855072,1.2294466376933055,4.671980676328502,0.6645986031220402,4.606280193236715,0,0
2023-08-28,2023-08-29,-1.6962584359402604,4.620772946859903,1.2294466376933055,4.671980676328502,0.6645986031220402,4.606280193236715,0,0
2023-08-29,2023-08-30,-0.6835095450226764,4.644927536231884,1.2294466376933055,4.671980676328502,0.6645986031220402,4.606280193236715,0,0
2023-08-30,2023-08-31,0.27968530834200084,-4.683574879227053,1.2294466376933055,4.671980676328502,0.6645986031220402,4.606280193236715,0,0
2023-08-31,2023-09-01,-1.3485179401676324,4.664251207729468,1.2294466376933055,4.671980676328502,0.6645986031220402,4.606280193236715,0,0
2023-09-01,2023-09-04,1.2380134772256244,4.6352657004830915,1.2294466376933055,4.671980676328502,0.6645986031220402,4.606280193236715,1,0
2023-09-04,2023-09-05,-0.9257042245854086,4.683574879227053,1.2294466376933055,4.671980676328502,0.6645986031220402,4.606280193236715,0,1
2023-09-05,2023-09-06,-0.7416470456094556,4.611111111111111,1.2294466376933055,4.671980676328502,0.6645986031220402,4.606280193236715,0,0
2023-09-06,2023-09-07,1.2177120048290138,-4.601449275362318,1.2294466376933055,4.671980676328502,0.6645986031220402,4.606280193236715,0,0
2023-09-07,2023-09-08,-0.7611439865146766,-4.630434782608695,1.2294466376933055,4.671980676328502,0.6645986031220402,4.606280193236715,0,0
2023-09-08,2023-09-11,1.390240194973541,-4.620772946859903,1.2294466376933055,4.671980676328502,0.6645986031220402,4.606280193236715,1,0
2023-09-11,2023-09-12,-1.528179989638605,-4.630434782608695,1.2294466376933055,4.671980676328502,0.6645986031220402,4.606280193236715,0,0
2023-09-12,2023-09-13,-0.5180588713176427,-4.56280193236715,1.2294466376933055,4.671980676328502,0.6645986031220402,4.606280193236715,0,0
2023-09-13,2023-09-14,-0.016691385658579902,-4.611111111111111,1.2294466376933055,4.671980676328502,0.6645986031220402,4.606280193236715,0,0
2023-09-14,2023-09-15,-0.4538343360507575,-4.582125603864735,1.2294466376933055,4.671980676328502,0.6645986031220402,4.606280193236715,0,0
2023-09-15,2023-09-18,-1.525416326126383,-4.659420289855072,1.2294466376933055,4.671980676328502,0.6645986031220402,4.606280193236715,0,0
2023-09-18,2023-09-19,0.24205609674320322,4.64975845410628,1.2294466376933055,4.671980676328502,0.6645986031220402,4.606280193236715,0,0
2023-09-19,2023-09-20,-1.372359231648216,-4.557971014492754,1.2294466376933055,4.671980676328502,0.6645986031220402,4.606280193236715,0,0
2023-09-20,2023-09-21,-1.4132188197463096,4.572463768115942,1.2294466376933055,4.671980676328502,0.6645986031220402,4.606280193236715,0,0
2023-09-21,2023-09-22,-0.4102297114483414,-4.669082125603865,1.2294466376933055,4.671980676328502,0.6645986031220402,4.606280193236715,0,0
2023-09-22,2023-09-25,-1.6552747686806142,4.654589371980676,1.2294466376933055,4.671980676328502,0.6645986031220402,4.606280193236715,0,0
2023-09-25,2023-09-26,0.4487606145898004,-4.586956521739131,1.2294466376933055,4.671980676328502,0.6645986031220402,4.606280193236715,0,0
2023-09-26,2023-09-27,-1.2960180200161941,4.640096618357488,1.2294466376933055,4.671980676328502,0.6645986031220402,4.606280193236715,0,0
2023-09-27,2023-09-28,0.5866431338893479,4.673913043478261,1.2294466376933055,4.671980676328502,0.6645986031220402,4.606280193236715,0,1
2023-09-28,2023-10-09,0.3422043811612922,4.644927536231884,1.2294466376933055,4.671980676328502,0.6645986031220402,4.606280193236715,0,0
2023-10-09,2023-10-10,1.529318692705134,-4.644927536231884,1.2294466376933055,4.671980676328502,0.6645986031220402,4.606280193236715,1,0
2023-10-10,2023-10-11,0.7265116420950094,4.640096618357488,1.2294466376933055,4.671980676328502,0.6645986031220402,4.606280193236715,0,0
2023-10-11,2023-10-12,0.8118585278975652,4.591787439613527,1.2294466376933055,4.671980676328502,0.6645986031220402,4.606280193236715,0,0
2023-10-12,2023-10-13,-1.6833731601698274,4.722222222222222,1.2294466376933055,4.671980676328502,0.6645986031220402,4.606280193236715,0,0
2023-10-13,2023-10-16,-0.532303119501564,-4.707729468599034,1.2294466376933055,4.671980676328502,0.6645986031220402,4.606280193236715,0,0
2023-10-16,2023-10-17,-0.5971127355877871,-4.625603864734299,1.2294466376933055,4.671980676328502,0.6645986031220402,4.606280193236715,0,0
2023-10-17,2023-10-18,0.10339473781080565,4.640096618357488,1.2294466376933055,4.671980676328502,0.6645986031220402,4.606280193236715,0,0
2023-10-18,2023-10-19,1.639004814163245,-4.693236714975845,1.2294466376933055,4.671980676328502,0.6645986031220402,4.606280193236715,1,0
2023-10-19,2023-10-20,1.5078483352702003,-4.693236714975845,1.2294466376933055,4.671980676328502,0.6645986031220402,4.606280193236715,0,0
2023-10-20,2023-10-23,-0.615764436420222,-4.664251207729468,1.2294466376933055,4.671980676328502,0.6645986031220402,4.606280193236715,0,0
2023-10-23,2023-10-24,0.39458037537930934,-4.659420289855072,1.2294466376933055,4.671980676328502,0.6645986031220402,4.606280193236715,0,0
2023-10-24,2023-10-25,-1.2865001710478752,4.664251207729468,1.2294466376933055,4.671980676328502,0.6645986031220402,4.606280193236715,0,0
2023-10-25,2023-10-26,-0.9410477414647297,-4.669082125603865,1.2294466376933055,4.671980676328502,0.6645986031220402,4.606280193236715,0,0
2023-10-26,2023-10-27,1.0517156646660466,4.683574879227053,1.2294466376933055,4.671980676328502,0.6645986031220402,4.606280193236715,0,1
2023-10-27,2023-10-30,-0.2831193333125341,4.702898550724638,1.2294466376933055,4.671980676328502,0.6645986031220402,4.606280193236715,0,0
2023-10-30,2023-10-31,-1.3012033789999418,4.625603864734299,1.2294466376933055,4.671980676328502,0.6645986031220402,4.606280193236715,0,0
2023-10-31,2023-11-01,-0.6593114416730267,4.717391304347826,1.2294466376933055,4.671980676328502,0.6645986031220402,4.606280193236715,0,0
2023-11-01,2023-11-02,-1.5660124731481722,4.707729468599034,1.2294466376933055,4.671980676328502,0.6645986031220402,4.606280193236715,0,0
2023-11-02,2023-11-03,-0.7919588827751584,-4.654589371980676,1.2294466376933055,4.671980676328502,0.6645986031220402,4.606280193236715,0,0
2023-11-03,2023-11-06,-0.41494781356254495,4.56280193236715,1.2294466376933055,4.671980676328502,0.6645986031220402,4.606280193236715,0,0
2023-11-06,2023-11-07,-1.6861876661504975,4.678743961352657,1.2294466376933055,4.671980676328502,0.6645986031220402,4.606280193236715,0,0
2023-11-07,2023-11-08,-0.5178390262791339,-4.678743961352657,1.2294466376933055,4.671980676328502,0.6645986031220402,4.606280193236715,0,0
2023-11-08,2023-11-09,0.24383136470621997,-4.683574879227053,1.2294466376933055,4.671980676328502,0.6645986031220402,4.606280193236715,0,0
2023-11-09,2023-11-10,-1.4140135684651345,-4.611111111111111,1.2294466376933055,4.671980676328502,0.6645986031220402,4.606280193236715,0,0
2023-11-10,2023-11-13,-1.4776373706600157,-4.64975845410628,1.2294466376933055,4.671980676328502,0.6645986031220402,4.606280193236715,0,0
2023-11-13,2023-11-14,0.37934165446532486,4.630434782608695,1.2294466376933055,4.671980676328502,0.6645986031220402,4.606280193236715,0,0
2023-11-14,2023-11-15,-0.042851805477989065,4.611111111111111,1.2294466376933055,4.671980676328502,0.6645986031220402,4.606280193236715,0,0
2023-11-15,2023-11-16,-1.5261482724303657,4.654589371980676,1.2294466376933055,4.671980676328502,0.6645986031220402,4.606280193236715,0,0
2023-11-16,2023-11-17,-1.2555203659349299,-4.591787439613527,1.2294466376933055,4.671980676328502,0.6645986031220402,4.606280193236715,0,0
2023-11-17,2023-11-20,1.1863383284977091,-4.669082125603865,1.2294466376933055,4.671980676328502,0.6645986031220402,4.606280193236715,0,0
2023-11-20,2023-11-21,-0.38124829524886134,4.625603864734299,1.2294466376933055,4.671980676328502,0.6645986031220402,4.606280193236715,0,0
2023-11-21,2023-11-22,1.4613033179790158,-4.717391304347826,1.2294466376933055,4.671980676328502,0.6645986031220402,4.606280193236715,0,0
2023-11-22,2023-11-23,0.2260586484074722,-4.553140096618358,1.2294466376933055,4.671980676328502,0.6645986031220402,4.606280193236715,0,0
2023-11-23,2023-11-24,1.1995043311537161,4.683574879227053,1.2294466376933055,4.671980676328502,0.6645986031220402,4.606280193236715,0,0
2023-11-24,2023-11-27,-0.5393623183602655,-4.678743961352657,1.2294466376933055,4.671980676328502,0.6645986031220402,4.606280193236715,0,0
2023-11-27,2023-11-28,-0.8624709753377194,-4.654589371980676,1.2294466376933055,4.671980676328502,0.6645986031220402,4.606280193236715,0,0
2023-11-28,2023-11-29,1.6660981454430266,-4.553140096618358,1.2294466376933055,4.671980676328502,0.6645986031220402,4.606280193236715,1,0
2023-11-29,2023-11-30,-0.9673207082741976,4.64975845410628,1.2294466376933055,4.671980676328502,0.6645986031220402,4.606280193236715,0,0
2023-11-30,2023-12-01,-0.8439511693268146,-4.615942028985507,1.2294466376933055,4.671980676328502,0.6645986031220402,4.606280193236715,0,0
2023-12-01,2023-12-04,-1.6358257911020333,-4.654589371980676,1.2294466376933055,4.671980676328502,0.6645986031220402,4.606280193236715,0,0
2023-12-04,2023-12-05,1.5294010991592262,4.664251207729468,1.2294466376933055,4.671980676328502,0.6645986031220402,4.606280193236715,0,0
2023-12-05,2023-12-06,-0.3819565233024353,-4.659420289855072,1.2294466376933055,4.671980676328502,0.6645986031220402,4.606280193236715,0,0
2023-12-06,2023-12-07,1.1978444650683748,-4.640096618357488,1.2294466376933055,4.671980676328502,0.6645986031220402,4.606280193236715,0,0
2023-12-07,2023-12-08,-0.6823394530729312,4.664251207729468,1.2294466376933055,4.671980676328502,0.6645986031220402,4.606280193236715,0,0
2023-12-08,2023-12-11,-1.7233733319463116,4.731884057971015,1.2294466376933055,4.671980676328502,0.6645986031220402,4.606280193236715,0,1
2023-12-11,2023-12-12,-1.013897547556257,4.557971014492754,1.2294466376933055,4.671980676328502,0.6645986031220402,4.606280193236715,0,0
2023-12-12,2023-12-13,1.1687274872708406,4.640096618357488,1.2294466376933055,4.671980676328502,0.6645986031220402,4.606280193236715,0,0
2023-12-13,2023-12-14,-1.2430508191255567,-4.683574879227053,1.2294466376933055,4.671980676328502,0.6645986031220402,4.606280193236715,0,0
2023-12-14,2023-12-15,-0.8279425546107384,-4.717391304347826,1.2294466376933055,4.671980676328502,0.6645986031220402,4.606280193236715,0,0
2023-12-15,2023-12-18,0.4129103687885927,-4.586956521739131,1.2294466376933055,4.671980676328502,0.6645986031220402,4.606280193236715,0,0
2023-12-18,2023-12-19,0.4447663234402233,4.620772946859903,1.2294466376933055,4.671980676328502,0.6645986031220402,4.606280193236715,0,0
2023-12-19,2023-12-20,-1.4346692781459067,-4.596618357487923,1.2294466376933055,4.671980676328502,0.6645986031220402,4.606280193236715,0,0
2023-12-20,2023-12-21,-0.13186103266936525,-4.673913043478261,1.2294466376933055,4.671980676328502,0.6645986031220402,4.606280193236715,0,0
2023-12-21,2023-12-22,-1.2490305285947276,4.6352657004830915,1.2294466376933055,4.671980676328502,0.6645986031220402,4.606280193236715,0,0
2023-12-22,2023-12-25,1.4348853486706137,-4.615942028985507,1.2294466376933055,4.671980676328502,0.6645986031220402,4.606280193236715,0,0
2023-12-25,2023-12-26,1.4367988777208904,4.591787439613527,1.2294466376933055,4.671980676328502,0.6645986031220402,4.606280193236715,0,0
2023-12-26,2023-12-27,-0.8665092485318763,-4.64975845410628,1.2294466376933055,4.671980676328502,0.6645986031220402,4.606280193236715,0,0
2023-12-27,2023-12-28,-0.12686523466413682,4.64975845410628,1.2294466376933055,4.671980676328502,0.6645986031220402,4.606280193236715,0,0
2023-12-28,2023-12-29,-1.67344142407079,4.596618357487923,1.2294466376933055,4.671980676328502,0.6645986031220402,4.606280193236715,0,0
2023-12-29,2024-01-02,-0.4422092659072981,4.606280193236715,1.2294466376933055,4.671980676328502,0.6645986031220402,4.606280193236715,0,0
2024-01-02,2024-01-03,0.16658606504044254,-4.6352657004830915,1.2294466376933055,4.671980676328502,0.6645986031220402,4.606280193236715,0,0
2024-01-03,2024-01-04,-1.031576796141136,4.722222222222222,1.2294466376933055,4.671980676328502,0.6645986031220402,4.606280193236715,0,1
2024-01-04,2024-01-05,-1.589018609314159,-4.5772946859903385,1.2294466376933055,4.671980676328502,0.6645986031220402,4.606280193236715,0,0
2024-01-05,2024-01-08,0.49869287340792806,-4.693236714975845,1.2294466376933055,4.671980676328502,0.6645986031220402,4.606280193236715,0,0
2024-01-08,2024-01-09,-0.211865182931636,-4.640096618357488,1.2294466376933055,4.671980676328502,0.6645986031220402,4.606280193236715,0,0
2024-01-09,2024-01-10,0.9084750173809382,4.717391304347826,1.2294466376933055,4.671980676328502,0.6645986031220402,4.606280193236715,0,0
2024-01-10,2024-01-11,-1.4603488808751526,-4.611111111111111,1.2294466376933055,4.671980676328502,0.6645986031220402,4.606280193236715,0,0
2024-01-11,2024-01-12,-0.9631552072249893,-4.630434782608695,1.2294466376933055,4.671980676328502,0.6645986031220402,4.606280193236715,0,0
2024-01-12,2024-01-15,-0.22713246925728536,-4.702898550724638,1.2294466376933055,4.671980676328502,0.6645986031220402,4.606280193236715,0,0
2024-01-15,2024-01-16,-0.520180176260845,4.640096618357488,1.2294466376933055,4.671980676328502,0.6645986031220402,4.606280193236715,0,0
2024-01-16,2024-01-17,0.7597149635134479,4.683574879227053,1.2294466376933055,4.671980676328502,0.6645986031220402,4.606280193236715,0,0
2024-01-17,2024-01-18,0.2167955703486641,-4.6352657004830915,1.2294466376933055,4.671980676328502,0.6645986031220402,4.606280193236715,0,0
2024-01-18,2024-01-19,-1.687883689067726,4.702898550724638,1.2294466376933055,4.671980676328502,0.6645986031220402,4.606280193236715,0,0
2024-01-19,2024-01-22,-0.6894811500469769,4.688405797101449,1.2294466376933055,4.671980676328502,0.6645986031220402,4.606280193236715,0,0
2024-01-22,2024-01-23,0.7789123596982341,-4.785024154589372,1.2294466376933055,4.671980676328502,0.6645986031220402,4.606280193236715,0,0
2024-01-23,2024-01-24,0.03806610506082764,4.533816425120773,1.2294466376933055,4.671980676328502,0.6645986031220402,4.606280193236715,0,0
2024-01-24,2024-01-25,-0.9358408208474844,4.702898550724638,1.2294466376933055,4.671980676328502,0.6645986031220402,4.606280193236715,0,1
2024-01-25,2024-01-26,-1.525024756883142,4.722222222222222,1.2294466376933055,4.671980676328502,0.6645986031220402,4.606280193236715,0,0
2024-01-26,2024-01-29,0.1520791056802362,-4.731884057971015,1.2294466376933055,4.671980676328502,0.6645986031220402,4.606280193236715,0,0
2024-01-29,2024-01-30,-0.43282123470505635,-4.664251207729468,1.2294466376933055,4.671980676328502,0.6645986031220402,4.606280193236715,0,0
2024-01-30,2024-01-31,-1.4987419674309361,4.64975845410628,1.2294466376933055,4.671980676328502,0.6645986031220402,4.606280193236715,0,0
2024-01-31,2024-02-01,0.8746437608036212,-4.615942028985507,1.2294466376933055,4.671980676328502,0.6645986031220402,4.606280193236715,0,0
2024-02-01,2024-02-02,-0.062317269800568856,4.6980676328502415,1.2294466376933055,4.671980676328502,0.6645986031220402,4.606280193236715,0,0
2024-02-02,2024-02-05,1.4012703089978062,4.673913043478261,1.2294466376933055,4.671980676328502,0.6645986031220402,4.606280193236715,0,0
2024-02-05,2024-02-06,1.5017778691715713,-4.596618357487923,1.2294466376933055,4.671980676328502,0.6645986031220402,4.606280193236715,0,0
2024-02-06,2024-02-07,-1.0210258109468922,4.615942028985507,1.2294466376933055,4.671980676328502,0.6645986031220402,4.606280193236715,0,0
2024-02-07,2024-02-08,-1.5167983406138605,4.751207729468599,1.2294466376933055,4.671980676328502,0.6645986031220402,4.606280193236715,0,1
2024-02-08,2024-02-19,-0.7512910396691779,4.809178743961352,1.2294466376933055,4.671980676328502,0.6645986031220402,4.606280193236715,0,0
2024-02-19,2024-02-20,-1.192109281349499,4.683574879227053,1.2294466376933055,4.671980676328502,0.6645986031220402,4.606280193236715,0,0
2024-02-20,2024-02-21,-1.4948221888279283,4.644927536231884,1.2294466376933055,4.671980676328502,0.6645986031220402,4.606280193236715,0,0
2024-02-21,2024-02-22,-0.26018734034376745,4.746376811594203,1.2294466376933055,4.671980676328502,0.6645986031220402,4.606280193236715,0,0
2024-02-22,2024-02-23,1.1252872196689145,4.64975845410628,1.2294466376933055,4.671980676328502,0.6645986031220402,4.606280193236715,0,0
2024-02-23,2024-02-26,-0.3635603891570629,4.702898550724638,1.2294466376933055,4.671980676328502,0.6645986031220402,4.606280193236715,0,0
2024-02-26,2024-02-27,0.5850709479921726,4.702898550724638,1.2294466376933055,4.671980676328502,0.6645986031220402,4.606280193236715,0,0
2024-02-27,2024-02-28,-0.5189359471272927,-4.688405797101449,1.2294466376933055,4.671980676328502,0.6645986031220402,4.606280193236715,0,0
2024-02-28,2024-02-29,1.7159349028922168,-4.707729468599034,1.2294466376933055,4.671980676328502,0.6645986031220402,4.606280193236715,0,0
2024-02-29,2024-03-01,-0.04255714263302482,4.702898550724638,1.2294466376933055,4.671980676328502,0.6645986031220402,4.606280193236715,0,0
2024-03-01,2024-03-04,0.7561620782886742,4.664251207729468,1.2294466376933055,4.671980676328502,0.6645986031220402,4.606280193236715,0,0
2024-03-04,2024-03-05,0.7772133097376249,4.620772946859903,1.2294466376933055,4.671980676328502,0.6645986031220402,4.606280193236715,0,0
2024-03-05,2024-03-06,-0.7733018940364865,-4.7898550724637685,1.2294466376933055,4.671980676328502,0.6645986031220402,4.606280193236715,0,0
2024-03-06,2024-03-07,-1.7215792550261353,-4.644927536231884,1.2294466376933055,4.671980676328502,0.6645986031220402,4.606280193236715,0,0
2024-03-07,2024-03-08,0.39506659698167035,-4.6352657004830915,1.2294466376933055,4.671980676328502,0.6645986031220402,4.606280193236715,0,0
2024-03-08,2024-03-11,0.9784950412034482,4.654589371980676,1.2294466376933055,4.671980676328502,0.6645986031220402,4.606280193236715,0,0
2024-03-11,2024-03-12,-1.139098736218655,-4.751207729468599,1.2294466376933055,4.671980676328502,0.6645986031220402,4.606280193236715,0,0
2024-03-12,2024-03-13,0.9161436085877392,4.693236714975845,1.2294466376933055,4.671980676328502,0.6645986031220402,4.606280193236715,0,1
2024-03-13,2024-03-14,-0.5120674976263476,-4.678743961352657,1.2294466376933055,4.671980676328502,0.6645986031220402,4.606280193236715,0,0
2024-03-14,2024-03-15,-0.8208815719677666,-4.611111111111111,1.2294466376933055,4.671980676328502,0.6645986031220402,4.606280193236715,0,0
2024-03-15,2024-03-18,-0.04373242092520776,4.683574879227053,1.2294466376933055,4.671980676328502,0.6645986031220402,4.606280193236715,0,0
2024-03-18,2024-03-19,-1.6904112580399282,4.654589371980676,1.2294466376933055,4.671980676328502,0.6645986031220402,4.606280193236715,0,0
2024-03-19,2024-03-20,0.3208074576257868,-4.644927536231884,1.2294466376933055,4.671980676328502,0.6645986031220402,4.606280193236715,0,0
2024-03-20,2024-03-21,1.326626807097607,4.591787439613527,1.2294466376933055,4.671980676328502,0.6645986031220402,4.606280193236715,1,0
2024-03-21,2024-03-22,-0.8127655789722809,-4.678743961352657,1.2294466376933055,4.671980676328502,0.6645986031220402,4.606280193236715,0,0
2024-03-22,2024-03-25,0.3068687128549982,-4.664251207729468,1.2294466376933055,4.671980676328502,0.6645986031220402,4.606280193236715,0,0
2024-03-25,2024-03-26,-0.01862492214685401,-4.746376811594203,1.2294466376933055,4.671980676328502,0.6645986031220402,4.606280193236715,0,0
2024-03-26,2024-03-27,-1.6146569160685988,-4.630434782608695,1.2294466376933055,4.671980676328502,0.6645986031220402,4.606280193236715,0,0
2024-03-27,2024-03-28,-1.2754829425650616,-4.606280193236715,1.2294466376933055,4.671980676328502,0.6645986031220402,4.606280193236715,0,0
2024-03-28,2024-03-29,0.2534794427531424,4.71256038647343,1.2294466376933055,4.671980676328502,0.6645986031220402,4.606280193236715,0,1
2024-03-29,2024-04-01,1.1527643124042233,-4.746376811594203,1.2294466376933055,4.671980676328502,0.6645986031220402,4.606280193236715,0,0
2024-04-01,2024-04-02,-1.6669921940668022,4.722222222222222,1.2294466376933055,4.671980676328502,0.6645986031220402,4.606280193236715,0,0
2024-04-02,2024-04-03,0.7748646556087275,-4.64975845410628,1.2294466376933055,4.671980676328502,0.6645986031220402,4.606280193236715,0,0
2024-04-03,2024-04-08,0.5283861405780914,4.717391304347826,1.2294466376933055,4.671980676328502,0.6645986031220402,4.606280193236715,0,0
2024-04-08,2024-04-09,1.6687366091555313,4.71256038647343,1.2294466376933055,4.671980676328502,0.6645986031220402,4.606280193236715,1,0
2024-04-09,2024-04-10,1.5257054599418858,4.659420289855072,1.2294466376933055,4.671980676328502,0.6645986031220402,4.606280193236715,0,0
2024-04-10,2024-04-11,-0.740510023437045,-4.620772946859903,1.2294466376933055,4.671980676328502,0.6645986031220402,4.606280193236715,0,0
2024-04-11,2024-04-12,-0.11800216376064523,4.693236714975845,1.2294466376933055,4.671980676328502,0.6645986031220402,4.606280193236715,0,0
2024-04-12,2024-04-15,-0.14197372403014755,-4.6980676328502415,1.2294466376933055,4.671980676328502,0.6645986031220402,4.606280193236715,0,0
2024-04-15,2024-04-16,-1.6724908590330836,-4.659420289855072,1.2294466376933055,4.671980676328502,0.6645986031220402,4.606280193236715,0,0
2024-04-16,2024-04-17,1.0560412587917594,-4.71256038647343,1.2294466376933055,4.671980676328502,0.6645986031220402,4.606280193236715,0,0
2024-04-17,2024-04-18,-0.09350965836740781,4.582125603864735,1.2294466376933055,4.671980676328502,0.6645986031220402,4.606280193236715,0,0
2024-04-18,2024-04-19,0.37234271065224334,4.760869565217392,1.2294466376933055,4.671980676328502,0.6645986031220402,4.606280193236715,0,1
2024-04-19,2024-04-22,-1.2513250271445013,4.760869565217392,1.2294466376933055,4.671980676328502,0.6645986031220402,4.606280193236715,0,0
2024-04-22,2024-04-23,-1.4083439245613747,-4.673913043478261,1.2294466376933055,4.671980676328502,0.6645986031220402,4.606280193236715,0,0
2024-04-23,2024-04-24,-1.3571407728029905,4.611111111111111,1.2294466376933055,4.671980676328502,0.6645986031220402,4.606280193236715,0,0
2024-04-24,2024-04-25,1.39002637149814,4.717391304347826,1.2294466376933055,4.671980676328502,0.6645986031220402,4.606280193236715,1,0
2024-04-25,2024-04-26,-1.2793141802814358,4.6980676328502415,1.2294466376933055,4.671980676328502,0.6645986031220402,4.606280193236715,0,0
2024-04-26,2024-04-29,-1.6735882559318611,4.722222222222222,1.2294466376933055,4.671980676328502,0.6645986031220402,4.606280193236715,0,0
2024-04-29,2024-04-30,-1.1848010577509303,4.640096618357488,1.2294466376933055,4.671980676328502,0.6645986031220402,4.606280193236715,0,0
2024-04-30,2024-05-06,0.19311616426820197,-4.6980676328502415,1.2294466376933055,4.671980676328502,0.6645986031220402,4.606280193236715,0,0
2024-05-06,2024-05-07,0.6882465422762037,4.683574879227053,1.2294466376933055,4.671980676328502,0.6645986031220402,4.606280193236715,0,0
2024-05-07,2024-05-08,-1.4812689302383433,4.717391304347826,1.2294466376933055,4.671980676328502,0.6645986031220402,4.606280193236715,0,0
2024-05-08,2024-05-09,-1.3552865995147299,-4.659420289855072,1.2294466376933055,4.671980676328502,0.6645986031220402,4.606280193236715,0,0
2024-05-09,2024-05-10,0.5002316329526261,4.620772946859903,1.2294466376933055,4.671980676328502,0.6645986031220402,4.606280193236715,0,0
2024-05-10,2024-05-13,-0.2904826481490054,-4.611111111111111,1.2294466376933055,4.671980676328502,0.6645986031220402,4.606280193236715,0,0
2024-05-13,2024-05-14,0.9094796268931048,-4.7270531400966185,1.2294466376933055,4.671980676328502,0.6645986031220402,4.606280193236715,0,0
2024-05-14,2024-05-15,-1.693616295841417,-4.722222222222222,1.2294466376933055,4.671980676328502,0.6645986031220402,4.606280193236715,0,0
2024-05-15,2024-05-16,-1.4652964601428258,-4.611111111111111,1.2294466376933055,4.671980676328502,0.6645986031220402,4.606280193236715,0,0
2024-05-16,2024-05-17,0.2120645438957217,4.765700483091788,1.2294466376933055,4.671980676328502,0.6645986031220402,4.606280193236715,0,1
2024-05-17,2024-05-20,-1.1797535780251922,-4.644927536231884,1.2294466376933055,4.671980676328502,0.6645986031220402,4.606280193236715,0,0
2024-05-20,2024-05-21,-1.4719475395363457,4.659420289855072,1.2294466376933055,4.671980676328502,0.6645986031220402,4.606280193236715,0,0
2024-05-21,2024-05-22,-1.3601330821741415,4.722222222222222,1.2294466376933055,4.671980676328502,0.6645986031220402,4.606280193236715,0,0
2024-05-22,2024-05-23,-0.7238777056017691,-4.799516908212561,1.2294466376933055,4.671980676328502,0.6645986031220402,4.606280193236715,0,0
2024-05-23,2024-05-24,0.2934358592581546,-4.620772946859903,1.2294466376933055,4.671980676328502,0.6645986031220402,4.606280193236715,0,0
2024-05-24,2024-05-27,-0.9405831729690242,-4.756038647342995,1.2294466376933055,4.671980676328502,0.6645986031220402,4.606280193236715,0,0
2024-05-27,2024-05-28,-0.053924251724644025,4.814009661835748,1.2294466376933055,4.671980676328502,0.6645986031220402,4.606280193236715,0,0
2024-05-28,2024-05-29,-0.5194740624515917,-4.673913043478261,1.2294466376933055,4.671980676328502,0.6645986031220402,4.606280193236715,0,0
2024-05-29,2024-05-30,1.1749051158120247,4.601449275362318,1.2294466376933055,4.671980676328502,0.6645986031220402,4.606280193236715,0,0
2024-05-30,2024-05-31,-0.517953808150562,-4.693236714975845,1.2294466376933055,4.671980676328502,0.6645986031220402,4.606280193236715,0,0
2024-05-31,2024-06-03,-0.9291853990318459,-4.64975845410628,1.2294466376933055,4.671980676328502,0.6645986031220402,4.606280193236715,0,0
2024-06-03,2024-06-04,1.7135255081472294,4.644927536231884,1.2294466376933055,4.671980676328502,0.6645986031220402,4.606280193236715,0,0
2024-06-04,2024-06-05,0.3788137862648475,4.630434782608695,1.2294466376933055,4.671980676328502,0.6645986031220402,4.606280193236715,0,0
2024-06-05,2024-06-06,-0.593649193901305,4.673913043478261,1.2294466376933055,4.671980676328502,0.6645986031220402,4.606280193236715,0,0
2024-06-06,2024-06-07,1.2277654392248671,-4.654589371980676,1.2294466376933055,4.671980676328502,0.6645986031220402,4.606280193236715,0,0
2024-06-07,2024-06-11,-0.1140013067927812,-4.64975845410628,1.2294466376933055,4.671980676328502,0.6645986031220402,4.606280193236715,0,0
2024-06-11,2024-06-12,0.0434243535185704,4.644927536231884,1.2294466376933055,4.671980676328502,0.6645986031220402,4.606280193236715,0,0
2024-06-12,2024-06-13,1.2933959700021003,4.606280193236715,1.2294466376933055,4.671980676328502,0.6645986031220402,4.606280193236715,1,0
2024-06-13,2024-06-14,0.9047628105306651,-4.669082125603865,1.2294466376933055,4.671980676328502,0.6645986031220402,4.606280193236715,0,0
2024-06-14,2024-06-17,-1.4203383557073552,4.640096618357488,1.2294466376933055,4.671980676328502,0.6645986031220402,4.606280193236715,0,0
2024-06-17,2024-06-18,-0.6497592671922485,4.625603864734299,1.2294466376933055,4.671980676328502,0.6645986031220402,4.606280193236715,0,0
2024-06-18,2024-06-19,1.3934321503346112,-4.533816425120773,1.2294466376933055,4.671980676328502,0.6645986031220402,4.606280193236715,0,0
2024-06-19,2024-06-20,-1.0806533342276046,4.640096618357488,1.2294466376933055,4.671980676328502,0.6645986031220402,4.606280193236715,0,0
2024-06-20,2024-06-21,-0.07045684650409162,-4.693236714975845,1.2294466376933055,4.671980676328502,0.6645986031220402,4.606280193236715,0,0
2024-06-21,2024-06-24,1.3852217468087402,4.625603864734299,1.2294466376933055,4.671980676328502,0.6645986031220402,4.606280193236715,1,0
2024-06-24,2024-06-25,1.2774962829906609,-4.543478260869565,1.2294466376933055,4.671980676328502,0.6645986031220402,4.606280193236715,0,0
2024-06-25,2024-06-26,-0.1627420076321025,-4.664251207729468,1.2294466376933055,4.671980676328502,0.6645986031220402,4.606280193236715,0,0
2024-06-26,2024-06-27,-0.22333181698162705,4.717391304347826,1.2294466376933055,4.671980676328502,0.6645986031220402,4.606280193236715,0,0
2024-06-27,2024-06-28,-1.1716853345974192,-4.620772946859903,1.2294466376933055,4.671980676328502,0.6645986031220402,4.606280193236715,0,0
2024-06-28,2024-07-01,-1.6645138980650458,4.611111111111111,1.2294466376933055,4.671980676328502,0.6645986031220402,4.606280193236715,0,0
2024-07-01,2024-07-02,-0.17645639756355982,4.640096618357488,1.2294466376933055,4.671980676328502,0.6645986031220402,4.606280193236715,0,0
2024-07-02,2024-07-03,-0.10845961100516367,4.659420289855072,1.2294466376933055,4.671980676328502,0.6645986031220402,4.606280193236715,0,0
2024-07-03,2024-07-04,-1.5267055732298558,4.640096618357488,1.2294466376933055,4.671980676328502,0.6645986031220402,4.606280193236715,0,0
2024-07-04,2024-07-05,-0.2182717765163477,-4.601449275362318,1.2294466376933055,4.671980676328502,0.6645986031220402,4.606280193236715,0,0
2024-07-05,2024-07-08,1.0787242834506896,4.572463768115942,1.2294466376933055,4.671980676328502,0.6645986031220402,4.606280193236715,0,0
2024-07-08,2024-07-09,0.8809481160529443,-4.620772946859903,1.2294466376933055,4.671980676328502,0.6645986031220402,4.606280193236715,0,0
2024-07-09,2024-07-10,-1.6361181959276125,4.625603864734299,1.2294466376933055,4.671980676328502,0.6645986031220402,4.606280193236715,0,0
2024-07-10,2024-07-11,0.4684046312797299,4.644927536231884,1.2294466376933055,4.671980676328502,0.6645986031220402,4.606280193236715,0,0
2024-07-11,2024-07-12,-1.0799836316335834,4.572463768115942,1.2294466376933055,4.671980676328502,0.6645986031220402,4.606280193236715,0,0
2024-07-12,2024-07-15,-1.239231584078564,-4.669082125603865,1.2294466376933055,4.671980676328502,0.6645986031220402,4.606280193236715,0,0
2024-07-15,2024-07-16,-1.3503749236943712,4.6352657004830915,1.2294466376933055,4.671980676328502,0.6645986031220402,4.606280193236715,0,0
2024-07-16,2024-07-17,0.8284360231538894,4.582125603864735,1.2294466376933055,4.671980676328502,0.6645986031220402,4.606280193236715,0,0
2024-07-17,2024-07-18,0.9741381149624644,4.591787439613527,1.2294466376933055,4.671980676328502,0.6645986031220402,4.606280193236715,0,0
2024-07-18,2024-07-19,-0.9744566343180263,-4.7898550724637685,1.2294466376933055,4.671980676328502,0.6645986031220402,4.606280193236715,0,0
2024-07-19,2024-07-22,-0.03989135741322401,4.611111111111111,1.2294466376933055,4.671980676328502,0.6645986031220402,4.606280193236715,0,0
2024-07-22,2024-07-23,-1.1482795950322506,-4.630434782608695,1.2294466376933055,4.671980676328502,0.6645986031220402,4.606280193236715,0,0
2024-07-23,2024-07-24,1.5856046122731484,-4.620772946859903,1.2294466376933055,4.671980676328502,0.6645986031220402,4.606280193236715,1,0
2024-07-24,2024-07-25,1.505283916428574,-4.678743961352657,1.2294466376933055,4.671980676328502,0.6645986031220402,4.606280193236715,0,0
2024-07-25,2024-07-26,-1.1594933660959574,4.669082125603865,1.2294466376933055,4.671980676328502,0.6645986031220402,4.606280193236715,0,0
2024-07-26,2024-07-29,1.058995720529324,4.688405797101449,1.2294466376933055,4.671980676328502,0.6645986031220402,4.606280193236715,0,1
2024-07-29,2024-07-30,-0.9656406981749528,-4.611111111111111,1.2294466376933055,4.671980676328502,0.6645986031220402,4.606280193236715,0,0
2024-07-30,2024-07-31,-0.5197220132549513,4.543478260869565,1.2294466376933055,4.671980676328502,0.6645986031220402,4.606280193236715,0,0
2024-07-31,2024-08-01,-1.7238491619427885,4.7270531400966185,1.2294466376933055,4.671980676328502,0.6645986031220402,4.606280193236715,0,0
2024-08-01,2024-08-02,0.4324559699978304,-4.640096618357488,1.2294466376933055,4.671980676328502,0.6645986031220402,4.606280193236715,0,0
2024-08-02,2024-08-05,-0.4356523791589033,-4.654589371980676,1.2294466376933055,4.671980676328502,0.6645986031220402,4.606280193236715,0,0
2024-08-05,2024-08-06,-0.1724679983364411,4.533816425120773,1.2294466376933055,4.671980676328502,0.6645986031220402,4.606280193236715,0,0
2024-08-06,2024-08-07,0.04336261449389919,4.693236714975845,1.2294466376933055,4.671980676328502,0.6645986031220402,4.606280193236715,0,0
2024-08-07,2024-08-08,1.079643535590709,4.678743961352657,1.2294466376933055,4.671980676328502,0.6645986031220402,4.606280193236715,0,0
2024-08-08,2024-08-09,0.18983304077570304,-4.611111111111111,1.2294466376933055,4.671980676328502,0.6645986031220402,4.606280193236715,0,0
2024-08-09,2024-08-12,0.9251592465085418,-4.572463768115942,1.2294466376933055,4.671980676328502,0.6645986031220402,4.606280193236715,0,0
2024-08-12,2024-08-13,-1.4557541099706566,4.601449275362318,1.2294466376933055,4.671980676328502,0.6645986031220402,4.606280193236715,0,0
2024-08-13,2024-08-14,1.339816354154707,-4.606280193236715,1.2294466376933055,4.671980676328502,0.6645986031220402,4.606280193236715,1,0
2024-08-14,2024-08-15,-1.1454606614881782,-4.640096618357488,1.2294466376933055,4.671980676328502,0.6645986031220402,4.606280193236715,0,0
2024-08-15,2024-08-16,-1.0480399523473118,4.528985507246377,1.2294466376933055,4.671980676328502,0.6645986031220402,4.606280193236715,0,0
2024-08-16,2024-08-19,0.6267324575739902,4.5772946859903385,1.2294466376933055,4.671980676328502,0.6645986031220402,4.606280193236715,0,0
2024-08-19,2024-08-20,-0.3611373605665902,-4.688405797101449,1.2294466376933055,4.671980676328502,0.6645986031220402,4.606280193236715,0,0
2024-08-20,2024-08-21,1.1919141090249679,-4.673913043478261,1.2294466376933055,4.671980676328502,0.6645986031220402,4.606280193236715,0,0
2024-08-21,2024-08-22,-1.3553277387468252,-4.625603864734299,1.2294466376933055,4.671980676328502,0.6645986031220402,4.606280193236715,0,0
2024-08-22,2024-08-23,-0.39594753006241024,-4.548309178743962,1.2294466376933055,4.671980676328502,0.6645986031220402,4.606280193236715,0,0
2024-08-23,2024-08-26,1.500005726520192,4.6352657004830915,1.2294466376933055,4.671980676328502,0.6645986031220402,4.606280193236715,1,0
2024-08-26,2024-08-27,-0.902224830798341,-4.640096618357488,1.2294466376933055,4.671980676328502,0.6645986031220402,4.606280193236715,0,0
2024-08-27,2024-08-28,-0.03829573026633919,4.6352657004830915,1.2294466376933055,4.671980676328502,0.6645986031220402,4.606280193236715,0,0
2024-08-28,2024-08-29,-0.18373533266017164,-4.528985507246377,1.2294466376933055,4.671980676328502,0.6645986031220402,4.606280193236715,0,0
2024-08-29,2024-08-30,-1.6819463651297526,4.601449275362318,1.2294466376933055,4.671980676328502,0.6645986031220402,4.606280193236715,0,0
2024-08-30,2024-09-02,-1.6124924654021855,4.669082125603865,1.2294466376933055,4.671980676328502,0.6645986031220402,4.606280193236715,0,0
2024-09-02,2024-09-03,0.4922839312275819,-4.611111111111111,1.2294466376933055,4.671980676328502,0.6645986031220402,4.606280193236715,0,0
2024-09-03,2024-09-04,1.0532075884158556,4.553140096618358,1.2294466376933055,4.671980676328502,0.6645986031220402,4.606280193236715,0,0
2024-09-04,2024-09-05,-1.1014747737312947,4.630434782608695,1.2294466376933055,4.671980676328502,0.6645986031220402,4.606280193236715,0,0
2024-09-05,2024-09-06,1.209291777382157,4.664251207729468,1.2294466376933055,4.671980676328502,0.6645986031220402,4.606280193236715,0,0
2024-09-06,2024-09-09,-0.008346516649861444,-4.707729468599034,1.2294466376933055,4.671980676328502,0.6645986031220402,4.606280193236715,0,0
2024-09-09,2024-09-10,0.655277960100989,4.533816425120773,1.2294466376933055,4.671980676328502,0.6645986031220402,4.606280193236715,0,0
2024-09-10,2024-09-11,-1.2430222631414805,-4.567632850241546,1.2294466376933055,4.671980676328502,0.6645986031220402,4.606280193236715,0,0
2024-09-11,2024-09-12,1.3370391646243702,-4.659420289855072,1.2294466376933055,4.671980676328502,0.6645986031220402,4.606280193236715,1,0
2024-09-12,2024-09-13,-0.7494127531286566,-4.717391304347826,1.2294466376933055,4.671980676328502,0.6645986031220402,4.606280193236715,0,0
2024-09-13,2024-09-18,0.3709758451557753,4.586956521739131,1.2294466376933055,4.671980676328502,0.6645986031220402,4.606280193236715,0,0
2024-09-18,2024-09-19,-0.7203937016951827,-4.644927536231884,1.2294466376933055,4.671980676328502,0.6645986031220402,4.606280193236715,0,0
2024-09-19,2024-09-20,-1.690674782832136,4.664251207729468,1.2294466376933055,4.671980676328502,0.6645986031220402,4.606280193236715,0,0
2024-09-20,2024-09-23,-0.38359753613539543,-4.669082125603865,1.2294466376933055,4.671980676328502,0.6645986031220402,4.606280193236715,0,0
2024-09-23,2024-09-24,-0.7626325319430717,4.683574879227053,1.2294466376933055,4.671980676328502,0.6645986031220402,4.606280193236715,0,1
2024-09-24,2024-09-25,-1.6208492849922869,4.659420289855072,1.2294466376933055,4.671980676328502,0.6645986031220402,4.606280193236715,0,0
2024-09-25,2024-09-26,-1.185523001781517,4.630434782608695,1.2294466376933055,4.671980676328502,0.6645986031220402,4.606280193236715,0,0
2024-09-26,2024-09-27,-0.904293817455027,4.659420289855072,1.2294466376933055,4.671980676328502,0.6645986031220402,4.606280193236715,0,0
2024-09-27,2024-09-30,-0.8856102949259973,4.799516908212561,1.2294466376933055,4.671980676328502,0.6645986031220402,4.606280193236715,0,0
2024-09-30,2024-10-08,-1.6996428465355966,4.582125603864735,1.2294466376933055,4.671980676328502,0.6645986031220402,4.606280193236715,0,0
2024-10-08,2024-10-09,-1.3260262164448662,4.64975845410628,1.2294466376933055,4.671980676328502,0.6645986031220402,4.606280193236715,0,0
2024-10-09,2024-10-10,0.5156907706197688,-4.678743961352657,1.2294466376933055,4.671980676328502,0.6645986031220402,4.606280193236715,0,0
2024-10-10,2024-10-11,-1.2651782020099174,-4.678743961352657,1.2294466376933055,4.671980676328502,0.6645986031220402,4.606280193236715,0,0
2024-10-11,2024-10-14,-1.5481799978264963,-4.640096618357488,1.2294466376933055,4.671980676328502,0.6645986031220402,4.606280193236715,0,0
2024-10-14,2024-10-15,0.9022954720518326,-4.717391304347826,1.2294466376933055,4.671980676328502,0.6645986031220402,4.606280193236715,0,0
2024-10-15,2024-10-16,-0.7191829490906917,-4.64975845410628,1.2294466376933055,4.671980676328502,0.6645986031220402,4.606280193236715,0,0
2024-10-16,2024-10-17,-1.690837962338383,-4.688405797101449,1.2294466376933055,4.671980676328502,0.6645986031220402,4.606280193236715,0,0
2024-10-17,2024-10-18,-1.0532030997748065,-4.688405797101449,1.2294466376933055,4.671980676328502,0.6645986031220402,4.606280193236715,0,0
2024-10-18,2024-10-21,-1.5387001774597804,-4.751207729468599,1.2294466376933055,4.671980676328502,0.6645986031220402,4.606280193236715,0,0
2024-10-21,2024-10-22,-0.7491931467826194,-4.6980676328502415,1.2294466376933055,4.671980676328502,0.6645986031220402,4.606280193236715,0,0
2024-10-22,2024-10-23,0.2931440603829667,4.702898550724638,1.2294466376933055,4.671980676328502,0.6645986031220402,4.606280193236715,0,1
2024-10-23,2024-10-24,-0.41868942714273316,4.794685990338165,1.2294466376933055,4.671980676328502,0.6645986031220402,4.606280193236715,0,0
2024-10-24,2024-10-25,-1.5052194778254284,4.765700483091788,1.2294466376933055,4.671980676328502,0.6645986031220402,4.606280193236715,0,0
2024-10-25,2024-10-28,0.037229331440548005,-4.654589371980676,1.2294466376933055,4.671980676328502,0.6645986031220402,4.606280193236715,0,0
2024-10-28,2024-10-29,-0.8653958156617664,4.717391304347826,1.2294466376933055,4.671980676328502,0.6645986031220402,4.606280193236715,0,0
2024-10-29,2024-10-30,0.988156720504138,-4.693236714975845,1.2294466376933055,4.671980676328502,0.6645986031220402,4.606280193236715,0,0
2024-10-30,2024-10-31,0.4042337611287283,4.688405797101449,1.2294466376933055,4.671980676328502,0.6645986031220402,4.606280193236715,0,0
2024-10-31,2024-11-01,-1.5708631939241795,-4.707729468599034,1.2294466376933055,4.671980676328502,0.6645986031220402,4.606280193236715,0,0
2024-11-01,2024-11-04,1.4601758783323364,-4.7270531400966185,1.2294466376933055,4.671980676328502,0.6645986031220402,4.606280193236715,0,0
2024-11-04,2024-11-05,0.38822415430274226,4.673913043478261,1.2294466376933055,4.671980676328502,0.6645986031220402,4.606280193236715,0,1
2024-11-05,2024-11-06,-0.9105475006177935,4.707729468599034,1.2294466376933055,4.671980676328502,0.6645986031220402,4.606280193236715,0,0
2024-11-06,2024-11-07,-1.1317102783694424,4.770531400966184,1.2294466376933055,4.671980676328502,0.6645986031220402,4.606280193236715,0,0
2024-11-07,2024-11-08,-0.8483548441961581,4.688405797101449,1.2294466376933055,4.671980676328502,0.6645986031220402,4.606280193236715,0,0
2024-11-08,2024-11-11,-0.4740918098347575,-4.644927536231884,1.2294466376933055,4.671980676328502,0.6645986031220402,4.606280193236715,0,0
2024-11-11,2024-11-12,1.621017857854726,4.722222222222222,1.2294466376933055,4.671980676328502,0.6645986031220402,4.606280193236715,0,0
2024-11-12,2024-11-13,-0.9742081857574476,-4.722222222222222,1.2294466376933055,4.671980676328502,0.6645986031220402,4.606280193236715,0,0
2024-11-13,2024-11-14,-1.5715165203956412,-4.64975845410628,1.2294466376933055,4.671980676328502,0.6645986031220402,4.606280193236715,0,0
2024-11-14,2024-11-15,-1.2606888674052508,-4.702898550724638,1.2294466376933055,4.671980676328502,0.6645986031220402,4.606280193236715,0,0
2024-11-15,2024-11-18,-0.8280868478543641,-4.693236714975845,1.2294466376933055,4.671980676328502,0.6645986031220402,4.606280193236715,0,0
2024-11-18,2024-11-19,1.4815276203018712,-4.702898550724638,1.2294466376933055,4.671980676328502,0.6645986031220402,4.606280193236715,1,0
2024-11-19,2024-11-20,0.4428414654751108,4.611111111111111,1.2294466376933055,4.671980676328502,0.6645986031220402,4.606280193236715,0,0
2024-11-20,2024-11-21,1.1873458536258932,-4.736714975845411,1.2294466376933055,4.671980676328502,0.6645986031220402,4.606280193236715,0,0
2024-11-21,2024-11-22,-1.0919081778529292,4.693236714975845,1.2294466376933055,4.671980676328502,0.6645986031220402,4.606280193236715,0,1
2024-11-22,2024-11-25,0.22878585076592575,-4.659420289855072,1.2294466376933055,4.671980676328502,0.6645986031220402,4.606280193236715,0,0
2024-11-25,2024-11-26,-1.5611932527037222,4.736714975845411,1.2294466376933055,4.671980676328502,0.6645986031220402,4.606280193236715,0,0
2024-11-26,2024-11-27,-1.5657326134557163,-4.693236714975845,1.2294466376933055,4.671980676328502,0.6645986031220402,4.606280193236715,0,0
2024-11-27,2024-11-28,0.22665682906379456,4.722222222222222,1.2294466376933055,4.671980676328502,0.6645986031220402,4.606280193236715,0,0
2024-11-28,2024-11-29,0.17279832543459875,4.785024154589372,1.2294466376933055,4.671980676328502,0.6645986031220402,4.606280193236715,0,0
2024-11-29,2024-12-02,-1.408762232068313,4.7270531400966185,1.2294466376933055,4.671980676328502,0.6645986031220402,4.606280193236715,0,0
2024-12-02,2024-12-03,-1.4815951141089785,-4.683574879227053,1.2294466376933055,4.671980676328502,0.6645986031220402,4.606280193236715,0,0
2024-12-03,2024-12-04,0.2367626526829966,-4.814009661835748,1.2294466376933055,4.671980676328502,0.6645986031220402,4.606280193236715,0,0
2024-12-04,2024-12-05,-0.0217161147285616,-4.71256038647343,1.2294466376933055,4.671980676328502,0.6645986031220402,4.606280193236715,0,0
2024-12-05,2024-12-06,1.2475950955478854,4.6980676328502415,1.2294466376933055,4.671980676328502,0.6645986031220402,4.606280193236715,1,0
2024-12-06,2024-12-09,-1.6647128584126862,4.64975845410628,1.2294466376933055,4.671980676328502,0.6645986031220402,4.606280193236715,0,0
2024-12-09,2024-12-10,1.20220649016286,4.678743961352657,1.2294466376933055,4.671980676328502,0.6645986031220402,4.606280193236715,0,1
2024-12-10,2024-12-11,-1.116115294230683,-4.765700483091788,1.2294466376933055,4.671980676328502,0.6645986031220402,4.606280193236715,0,0
2024-12-11,2024-12-12,1.1099955629381542,4.664251207729468,1.2294466376933055,4.671980676328502,0.6645986031220402,4.606280193236715,0,0
2024-12-12,2024-12-13,1.1010185073940062,-4.611111111111111,1.2294466376933055,4.671980676328502,0.6645986031220402,4.606280193236715,0,0
2024-12-13,2024-12-16,0.3930756932428298,-4.683574879227053,1.2294466376933055,4.671980676328502,0.6645986031220402,4.606280193236715,0,0
2024-12-16,2024-12-17,-1.415612837332197,-4.673913043478261,1.2294466376933055,4.671980676328502,0.6645986031220402,4.606280193236715,0,0
2024-12-17,2024-12-18,-1.2455143453854776,-4.683574879227053,1.2294466376933055,4.671980676328502,0.6645986031220402,4.606280193236715,0,0
2024-12-18,2024-12-19,0.8699786764939168,4.654589371980676,1.2294466376933055,4.671980676328502,0.6645986031220402,4.606280193236715,0,0
2024-12-19,2024-12-20,0.13181253495866865,-4.640096618357488,1.2294466376933055,4.671980676328502,0.6645986031220402,4.606280193236715,0,0
2024-12-20,2024-12-23,1.5682227170354157,4.654589371980676,1.2294466376933055,4.671980676328502,0.6645986031220402,4.606280193236715,1,0
2024-12-23,2024-12-24,-0.9794370579090348,-4.640096618357488,1.2294466376933055,4.671980676328502,0.6645986031220402,4.606280193236715,0,0
2024-12-24,2024-12-25,1.2148417856979206,4.654589371980676,1.2294466376933055,4.671980676328502,0.6645986031220402,4.606280193236715,0,0
2024-12-25,2024-12-26,-1.5148118306774594,-4.615942028985507,1.2294466376933055,4.671980676328502,0.6645986031220402,4.606280193236715,0,0
2024-12-26,2024-12-27,1.4185560862470477,4.751207729468599,1.2294466376933055,4.671980676328502,0.6645986031220402,4.606280193236715,0,1
2024-12-27,2024-12-30,-1.317590870673701,4.702898550724638,1.2294466376933055,4.671980676328502,0.6645986031220402,4.606280193236715,0,0
2024-12-30,2024-12-31,-0.27665732869201226,4.669082125603865,1.2294466376933055,4.671980676328502,0.6645986031220402,4.606280193236715,0,0
2024-12-31,2025-01-02,1.0548026207534766,-4.56280193236715,1.2294466376933055,4.671980676328502,0.6645986031220402,4.606280193236715,0,0
2025-01-02,2025-01-03,1.1206845604947644,-4.688405797101449,1.2294466376933055,4.671980676328502,0.6645986031220402,4.606280193236715,0,0
2025-01-03,2025-01-06,-0.12483368580338108,-4.6980676328502415,1.2294466376933055,4.671980676328502,0.6645986031220402,4.606280193236715,0,0
2025-01-06,2025-01-07,-1.613428418907025,4.746376811594203,1.2294466376933055,4.671980676328502,0.6645986031220402,4.606280193236715,0,0
2025-01-07,2025-01-08,0.9840252109947146,-4.625603864734299,1.2294466376933055,4.671980676328502,0.6645986031220402,4.606280193236715,0,0
2025-01-08,2025-01-09,0.5669747173027407,4.606280193236715,1.2294466376933055,4.671980676328502,0.6645986031220402,4.606280193236715,0,0
2025-01-09,2025-01-10,-1.4054232658870038,-4.678743961352657,1.2294466376933055,4.671980676328502,0.6645986031220402,4.606280193236715,0,0
2025-01-10,2025-01-13,-0.8786067610862379,-4.6980676328502415,1.2294466376933055,4.671980676328502,0.6645986031220402,4.606280193236715,0,0
2025-01-13,2025-01-14,1.0237799019761213,4.683574879227053,1.2294466376933055,4.671980676328502,0.6645986031220402,4.606280193236715,0,1
2025-01-14,2025-01-15,-1.6791084581777385,4.615942028985507,1.2294466376933055,4.671980676328502,0.6645986031220402,4.606280193236715,0,0
2025-01-15,2025-01-16,-0.021899990128670152,4.654589371980676,1.2294466376933055,4.671980676328502,0.6645986031220402,4.606280193236715,0,0
2025-01-16,2025-01-17,-0.2950868740311544,4.620772946859903,1.2294466376933055,4.671980676328502,0.6645986031220402,4.606280193236715,0,0
2025-01-17,2025-01-20,1.243000874711048,4.630434782608695,1.2294466376933055,4.671980676328502,0.6645986031220402,4.606280193236715,1,0
2025-01-20,2025-01-21,0.1978027698569719,-4.5772946859903385,1.2294466376933055,4.671980676328502,0.6645986031220402,4.606280193236715,0,0
2025-01-21,2025-01-22,0.8782714354611846,4.6352657004830915,1.2294466376933055,4.671980676328502,0.6645986031220402,4.606280193236715,0,0
2025-01-22,2025-01-23,-1.5075102671906793,-4.707729468599034,1.2294466376933055,4.671980676328502,0.6645986031220402,4.606280193236715,0,0
2025-01-23,2025-01-24,1.5461948163064736,4.809178743961352,1.2294466376933055,4.671980676328502,0.6645986031220402,4.606280193236715,0,0
2025-01-24,2025-01-27,-0.24859876119453184,4.596618357487923,1.2294466376933055,4.671980676328502,0.6645986031220402,4.606280193236715,0,0
2025-01-27,2025-02-05,-0.0651611624749163,-4.659420289855072,1.2294466376933055,4.671980676328502,0.6645986031220402,4.606280193236715,0,0
2025-02-05,2025-02-06,-0.6437937907182052,4.673913043478261,1.2294466376933055,4.671980676328502,0.6645986031220402,4.606280193236715,0,1
2025-02-06,2025-02-07,-1.5538231139103744,4.7270531400966185,1.2294466376933055,4.671980676328502,0.6645986031220402,4.606280193236715,0,0
2025-02-07,2025-02-10,-1.4927803054197513,4.6352657004830915,1.2294466376933055,4.671980676328502,0.6645986031220402,4.606280193236715,0,0
2025-02-10,2025-02-11,-0.5499235276450382,4.640096618357488,1.2294466376933055,4.671980676328502,0.6645986031220402,4.606280193236715,0,0
2025-02-11,2025-02-12,-0.9200657279213935,-4.659420289855072,1.2294466376933055,4.671980676328502,0.6645986031220402,4.606280193236715,0,0
2025-02-12,2025-02-13,0.47180870350895115,4.678743961352657,1.2294466376933055,4.671980676328502,0.6645986031220402,4.606280193236715,0,0
2025-02-13,2025-02-14,1.3975316157038207,-4.644927536231884,1.2294466376933055,4.671980676328502,0.6645986031220402,4.606280193236715,0,0
2025-02-14,2025-02-17,-0.46683192343533636,-4.654589371980676,1.2294466376933055,4.671980676328502,0.6645986031220402,4.606280193236715,0,0
2025-02-17,2025-02-18,-1.078196346928739,4.64975845410628,1.2294466376933055,4.671980676328502,0.6645986031220402,4.606280193236715,0,0
2025-02-18,2025-02-19,-0.796885323258753,-4.596618357487923,1.2294466376933055,4.671980676328502,0.6645986031220402,4.606280193236715,0,0
2025-02-19,2025-02-20,1.0784376947376544,-4.64975845410628,1.2294466376933055,4.671980676328502,0.6645986031220402,4.606280193236715,0,0
2025-02-20,2025-02-21,1.1363663806043895,-4.601449275362318,1.2294466376933055,4.671980676328502,0.6645986031220402,4.606280193236715,0,0
2025-02-21,2025-02-24,-1.6460059787850296,4.596618357487923,1.2294466376933055,4.671980676328502,0.6645986031220402,4.606280193236715,0,0
2025-02-24,2025-02-25,0.822583944063668,4.620772946859903,1.2294466376933055,4.671980676328502,0.6645986031220402,4.606280193236715,0,0
2025-02-25,2025-02-26,-0.7761018036074832,-4.688405797101449,1.2294466376933055,4.671980676328502,0.6645986031220402,4.606280193236715,0,0
2025-02-26,2025-02-27,0.8764991926500242,4.548309178743962,1.2294466376933055,4.671980676328502,0.6645986031220402,4.606280193236715,0,0
2025-02-27,2025-02-28,-0.1745855394150315,-4.625603864734299,1.2294466376933055,4.671980676328502,0.6645986031220402,4.606280193236715,0,0
2025-02-28,2025-03-03,-1.0658266764990596,-4.6352657004830915,1.2294466376933055,4.671980676328502,0.6645986031220402,4.606280193236715,0,0
2025-03-03,2025-03-04,1.6405877073199393,4.693236714975845,1.2294466376933055,4.671980676328502,0.6645986031220402,4.606280193236715,0,0
2025-03-04,2025-03-05,1.5597485120122128,-4.596618357487923,1.2294466376933055,4.671980676328502,0.6645986031220402,4.606280193236715,0,0
2025-03-05,2025-03-06,0.6682422603132292,-4.654589371980676,1.2294466376933055,4.671980676328502,0.6645986031220402,4.606280193236715,0,0
2025-03-06,2025-03-07,-1.4662826253724326,-4.620772946859903,1.2294466376933055,4.671980676328502,0.6645986031220402,4.606280193236715,0,0
2025-03-07,2025-03-10,0.894488705812059,-4.6352657004830915,1.2294466376933055,4.671980676328502,0.6645986031220402,4.606280193236715,0,0
2025-03-10,2025-03-11,-0.7203474634537865,4.6352657004830915,1.2294466376933055,4.671980676328502,0.6645986031220402,4.606280193236715,0,0
2025-03-11,2025-03-12,0.9708730029758081,-4.654589371980676,1.2294466376933055,4.671980676328502,0.6645986031220402,4.606280193236715,0,0
2025-03-12,2025-03-13,0.03635687474001852,4.625603864734299,1.2294466376933055,4.671980676328502,0.6645986031220402,4.606280193236715,0,0
2025-03-13,2025-03-14,1.4404985336362115,4.683574879227053,1.2294466376933055,4.671980676328502,0.6645986031220402,4.606280193236715,0,0
2025-03-14,2025-03-17,-1.546688678563344,4.611111111111111,1.2294466376933055,4.671980676328502,0.6645986031220402,4.606280193236715,0,0
2025-03-17,2025-03-18,0.8006298198740672,-4.601449275362318,1.2294466376933055,4.671980676328502,0.6645986031220402,4.606280193236715,0,0
2025-03-18,2025-03-19,1.342278248172996,4.582125603864735,1.2294466376933055,4.671980676328502,0.6645986031220402,4.606280193236715,0,0
2025-03-19,2025-03-20,-1.1492030682349907,-4.64975845410628,1.2294466376933055,4.671980676328502,0.6645986031220402,4.606280193236715,0,0
2025-03-20,2025-03-21,-1.143303045809467,-4.659420289855072,1.2294466376933055,4.671980676328502,0.6645986031220402,4.606280193236715,0,0
2025-03-21,2025-03-24,1.3001369909328748,-4.56280193236715,1.2294466376933055,4.671980676328502,0.6645986031220402,4.606280193236715,0,0
2025-03-24,2025-03-25,0.7522014495449796,-4.620772946859903,1.2294466376933055,4.671980676328502,0.6645986031220402,4.606280193236715,0,0
2025-03-25,2025-03-26,-0.9782332062918763,-4.5772946859903385,1.2294466376933055,4.671980676328502,0.6645986031220402,4.606280193236715,0,0
2025-03-26,2025-03-27,1.3404105365580923,4.640096618357488,1.2294466376933055,4.671980676328502,0.6645986031220402,4.606280193236715,1,0
2025-03-27,2025-03-28,0.9225331832386546,-4.557971014492754,1.2294466376933055,4.671980676328502,0.6645986031220402,4.606280193236715,0,0
2025-03-28,2025-03-31,-0.7543705183786681,-4.615942028985507,1.2294466376933055,4.671980676328502,0.6645986031220402,4.606280193236715,0,0
2025-03-31,2025-04-01,1.7199489422530407,-4.582125603864735,1.2294466376933055,4.671980676328502,0.6645986031220402,4.606280193236715,0,0
2025-04-01,2025-04-02,0.4064750968885287,4.620772946859903,1.2294466376933055,4.671980676328502,0.6645986031220402,4.606280193236715,0,0
2025-04-02,2025-04-03,1.5269362266809348,4.625603864734299,1.2294466376933055,4.671980676328502,0.6645986031220402,4.606280193236715,1,0
2025-04-03,2025-04-07,0.08780392365493636,4.586956521739131,1.2294466376933055,4.671980676328502,0.6645986031220402,4.606280193236715,0,0
2025-04-07,2025-04-08,1.6633374114146469,-4.5772946859903385,1.2294466376933055,4.671980676328502,0.6645986031220402,4.606280193236715,0,0
2025-04-08,2025-04-09,-0.8910751007394289,4.601449275362318,1.2294466376933055,4.671980676328502,0.6645986031220402,4.606280193236715,0,0
2025-04-09,2025-04-10,-0.7461540545375402,4.669082125603865,1.2294466376933055,4.671980676328502,0.6645986031220402,4.606280193236715,0,0
2025-04-10,2025-04-11,1.4028464363946767,4.596618357487923,1.2294466376933055,4.671980676328502,0.6645986031220402,4.606280193236715,0,0
2025-04-11,2025-04-14,1.6223671199418621,4.606280193236715,1.2294466376933055,4.671980676328502,0.6645986031220402,4.606280193236715,1,0
2025-04-14,2025-04-15,1.1053536487869884,4.659420289855072,1.2294466376933055,4.671980676328502,0.6645986031220402,4.606280193236715,0,0
2025-04-15,2025-04-16,-1.3778209927155982,-4.659420289855072,1.2294466376933055,4.671980676328502,0.6645986031220402,4.606280193236715,0,0
2025-04-16,2025-04-17,-0.649716817311303,-4.630434782608695,1.2294466376933055,4.671980676328502,0.6645986031220402,4.606280193236715,0,0
2025-04-17,2025-04-18,1.1879313119387533,4.606280193236715,1.2294466376933055,4.671980676328502,0.6645986031220402,4.606280193236715,0,0
2025-04-18,2025-04-21,1.0529817857754966,4.654589371980676,1.2294466376933055,4.671980676328502,0.6645986031220402,4.606280193236715,0,0
2025-04-21,2025-04-22,-0.3801752420278149,4.6352657004830915,1.2294466376933055,4.671980676328502,0.6645986031220402,4.606280193236715,0,0
2025-04-22,2025-04-23,1.117341772224343,-4.615942028985507,1.2294466376933055,4.671980676328502,0.6645986031220402,4.606280193236715,0,0
2025-04-23,2025-04-24,-0.8953610284603614,-4.615942028985507,1.2294466376933055,4.671980676328502,0.6645986031220402,4.606280193236715,0,0
2025-04-24,2025-04-25,-0.9943179652565336,-4.567632850241546,1.2294466376933055,4.671980676328502,0.6645986031220402,4.606280193236715,0,0
2025-04-25,2025-04-28,-1.6822236710765628,-4.591787439613527,1.2294466376933055,4.671980676328502,0.6645986031220402,4.606280193236715,0,0
2025-04-28,2025-04-29,0.6963073129666523,-4.596618357487923,1.2294466376933055,4.671980676328502,0.6645986031220402,4.606280193236715,0,0
2025-04-29,2025-04-30,0.6542067866659553,4.625603864734299,1.2294466376933055,4.671980676328502,0.6645986031220402,4.606280193236715,0,0
2025-04-30,2025-05-06,-0.5949883628859819,4.596618357487923,1.2294466376933055,4.671980676328502,0.6645986031220402,4.606280193236715,0,0
2025-05-06,2025-05-07,-1.6144112611270311,4.611111111111111,1.2294466376933055,4.671980676328502,0.6645986031220402,4.606280193236715,0,0
2025-05-07,2025-05-08,-1.1597956808145848,-4.586956521739131,1.2294466376933055,4.671980676328502,0.6645986031220402,4.606280193236715,0,0
2025-05-08,2025-05-09,1.0651022953336986,4.586956521739131,1.2294466376933055,4.671980676328502,0.6645986031220402,4.606280193236715,0,0
2025-05-09,2025-05-12,-1.3172432605749849,-4.56280193236715,1.2294466376933055,4.671980676328502,0.6645986031220402,4.606280193236715,0,0
2025-05-12,2025-05-13,0.2968943900441747,4.640096618357488,1.2294466376933055,4.671980676328502,0.6645986031220402,4.606280193236715,0,0
2025-05-13,2025-05-14,0.8280867738206212,-4.543478260869565,1.2294466376933055,4.671980676328502,0.6645986031220402,4.606280193236715,0,0
2025-05-14,2025-05-15,-1.497298593355903,4.596618357487923,1.2294466376933055,4.671980676328502,0.6645986031220402,4.606280193236715,0,0
2025-05-15,2025-05-16,-0.7264139784753336,-4.596618357487923,1.2294466376933055,4.671980676328502,0.6645986031220402,4.606280193236715,0,0
2025-05-16,2025-05-19,1.4661955576216699,-4.615942028985507,1.2294466376933055,4.671980676328502,0.6645986031220402,4.606280193236715,1,0
2025-05-19,2025-05-20,0.9554469870157667,-4.596618357487923,1.2294466376933055,4.671980676328502,0.6645986031220402,4.606280193236715,0,0
2025-05-20,2025-05-21,0.5008470808633072,4.553140096618358,1.2294466376933055,4.671980676328502,0.6645986031220402,4.606280193236715,0,0
2025-05-21,2025-05-22,0.6284316978814596,-4.567632850241546,1.2294466376933055,4.671980676328502,0.6645986031220402,4.606280193236715,0,0
2025-05-22,2025-05-23,-1.705520467382711,-4.582125603864735,1.2294466376933055,4.671980676328502,0.6645986031220402,4.606280193236715,0,0
2025-05-23,2025-05-26,0.12188001376613063,-4.620772946859903,1.2294466376933055,4.671980676328502,0.6645986031220402,4.606280193236715,0,0
2025-05-26,2025-05-27,1.6389211913535293,4.640096618357488,1.2294466376933055,4.671980676328502,0.6645986031220402,4.606280193236715,1,0
2025-05-27,2025-05-28,-1.1076274323948248,-4.644927536231884,1.2294466376933055,4.671980676328502,0.6645986031220402,4.606280193236715,0,0
2025-05-28,2025-05-29,-0.6855015625143038,4.596618357487923,1.2294466376933055,4.671980676328502,0.6645986031220402,4.606280193236715,0,0
2025-05-29,2025-05-30,-1.7203257446639144,4.6980676328502415,1.2294466376933055,4.671980676328502,0.6645986031220402,4.606280193236715,0,1
2025-05-30,2025-06-03,0.7325933229215702,-4.591787439613527,1.2294466376933055,4.671980676328502,0.6645986031220402,4.606280193236715,0,0
2025-06-03,2025-06-04,-1.1595486515716473,-4.688405797101449,1.2294466376933055,4.671980676328502,0.6645986031220402,4.606280193236715,0,0
2025-06-04,2025-06-05,-0.08226671097665084,4.630434782608695,1.2294466376933055,4.671980676328502,0.6645986031220402,4.606280193236715,0,0
2025-06-05,2025-06-06,-1.1001822230551705,4.669082125603865,1.2294466376933055,4.671980676328502,0.6645986031220402,4.606280193236715,0,0
2025-06-06,2025-06-09,-1.5152625477169555,4.5772946859903385,1.2294466376933055,4.671980676328502,0.6645986031220402,4.606280193236715,0,0
2025-06-09,2025-06-10,-1.0932802271766906,4.630434782608695,1.2294466376933055,4.671980676328502,0.6645986031220402,4.606280193236715,0,0
2025-06-10,2025-06-11,1.182171677629979,-4.620772946859903,1.2294466376933055,4.671980676328502,0.6645986031220402,4.606280193236715,0,0
2025-06-11,2025-06-12,0.03624645195452015,4.654589371980676,1.2294466376933055,4.671980676328502,0.6645986031220402,4.606280193236715,0,0
2025-06-12,2025-06-13,0.5910132772696358,-4.601449275362318,1.2294466376933055,4.671980676328502,0.6645986031220402,4.606280193236715,0,0
2025-06-13,2025-06-16,1.6209816195552371,-4.640096618357488,1.2294466376933055,4.671980676328502,0.6645986031220402,4.606280193236715,1,0
2025-06-16,2025-06-17,0.42303356251931834,4.596618357487923,1.2294466376933055,4.671980676328502,0.6645986031220402,4.606280193236715,0,0
2025-06-17,2025-06-18,-0.7968791688458864,-4.611111111111111,1.2294466376933055,4.671980676328502,0.6645986031220402,4.606280193236715,0,0
2025-06-18,2025-06-19,-1.0053918323496462,-4.557971014492754,1.2294466376933055,4.671980676328502,0.6645986031220402,4.606280193236715,0,0
2025-06-19,2025-06-20,0.6065879636103918,-4.678743961352657,1.2294466376933055,4.671980676328502,0.6645986031220402,4.606280193236715,0,0
2025-06-20,2025-06-23,-1.51474605818234,-4.567632850241546,1.2294466376933055,4.671980676328502,0.6645986031220402,4.606280193236715,0,0
2025-06-23,2025-06-24,0.11934505690140432,4.586956521739131,1.2294466376933055,4.671980676328502,0.6645986031220402,4.606280193236715,0,0
2025-06-24,2025-06-25,-1.3945905416119753,4.630434782608695,1.2294466376933055,4.671980676328502,0.6645986031220402,4.606280193236715,0,0
2025-06-25,2025-06-26,-1.4720751258674445,4.5772946859903385,1.2294466376933055,4.671980676328502,0.6645986031220402,4.606280193236715,0,0
2025-06-26,2025-06-27,0.8473522933139273,4.673913043478261,1.2294466376933055,4.671980676328502,0.6645986031220402,4.606280193236715,0,1
2025-06-27,2025-06-30,-1.0208427035573848,-4.543478260869565,1.2294466376933055,4.671980676328502,0.6645986031220402,4.606280193236715,0,0
2025-06-30,2025-07-01,1.4142510970631532,4.615942028985507,1.2294466376933055,4.671980676328502,0.6645986031220402,4.606280193236715,0,0
2025-07-01,2025-07-02,1.2788923808095138,4.582125603864735,1.2294466376933055,4.671980676328502,0.6645986031220402,4.606280193236715,0,0
2025-07-02,2025-07-03,-0.4521754730363864,4.630434782608695,1.2294466376933055,4.671980676328502,0.6645986031220402,4.606280193236715,0,0
2025-07-03,2025-07-04,1.6604565871351826,4.524154589371981,1.2294466376933055,4.671980676328502,0.6645986031220402,4.606280193236715,0,0
2025-07-04,2025-07-07,0.847408576877119,-4.606280193236715,1.2294466376933055,4.671980676328502,0.6645986031220402,4.606280193236715,0,0
2025-07-07,2025-07-08,-0.723960684662932,-4.615942028985507,1.2294466376933055,4.671980676328502,0.6645986031220402,4.606280193236715,0,0
2025-07-08,2025-07-09,-1.0827151868478846,-4.707729468599034,1.2294466376933055,4.671980676328502,0.6645986031220402,4.606280193236715,0,0
2025-07-09,2025-07-10,0.4829703531670839,4.591787439613527,1.2294466376933055,4.671980676328502,0.6645986031220402,4.606280193236715,0,0
2025-07-10,2025-07-11,-0.9438388139690709,4.659420289855072,1.2294466376933055,4.671980676328502,0.6645986031220402,4.606280193236715,0,0
2025-07-11,2025-07-14,-1.696796547439211,-4.683574879227053,1.2294466376933055,4.671980676328502,0.6645986031220402,4.606280193236715,0,0
2025-07-14,2025-07-15,0.108018788897472,-4.673913043478261,1.2294466376933055,4.671980676328502,0.6645986031220402,4.606280193236715,0,0
2025-07-15,2025-07-16,-0.2424869313824033,4.673913043478261,1.2294466376933055,4.671980676328502,0.6645986031220402,4.606280193236715,0,0
2025-07-16,2025-07-17,-1.54382512579333,-4.673913043478261,1.2294466376933055,4.671980676328502,0.6645986031220402,4.606280193236715,0,0
2025-07-17,2025-07-18,0.9694422326511288,4.688405797101449,1.2294466376933055,4.671980676328502,0.6645986031220402,4.606280193236715,0,0
2025-07-18,2025-07-21,0.3990954489563396,4.591787439613527,1.2294466376933055,4.671980676328502,0.6645986031220402,4.606280193236715,0,0
2025-07-21,2025-07-22,-1.7265319703079778,-4.644927536231884,1.2294466376933055,4.671980676328502,0.6645986031220402,4.606280193236715,0,0
2025-07-22,2025-07-23,-1.366543123650375,4.567632850241546,1.2294466376933055,4.671980676328502,0.6645986031220402,4.606280193236715,0,0
2025-07-23,2025-07-24,0.9659615027988595,-4.702898550724638,1.2294466376933055,4.671980676328502,0.6645986031220402,4.606280193236715,0,0
2025-07-24,2025-07-25,-0.9681678368653936,4.553140096618358,1.2294466376933055,4.671980676328502,0.6645986031220402,4.606280193236715,0,0
2025-07-25,2025-07-28,1.3180906756864788,4.5772946859903385,1.2294466376933055,4.671980676328502,0.6645986031220402,4.606280193236715,0,0
2025-07-28,2025-07-29,1.4789830351587991,4.56280193236715,1.2294466376933055,4.671980676328502,0.6645986031220402,4.606280193236715,0,0
2025-07-29,2025-07-30,1.1741802087798083,4.683574879227053,1.2294466376933055,4.671980676328502,0.6645986031220402,4.606280193236715,0,0
2025-07-30,2025-07-31,-0.30712760820641016,-4.615942028985507,1.2294466376933055,4.671980676328502,0.6645986031220402,4.606280193236715,0,0
2025-07-31,2025-08-01,1.3685472289602842,-4.5772946859903385,1.2294466376933055,4.671980676328502,0.6645986031220402,4.606280193236715,0,0
2025-08-01,2025-08-04,-1.6356923972200996,-4.591787439613527,1.2294466376933055,4.671980676328502,0.6645986031220402,4.606280193236715,0,0
2025-08-04,2025-08-05,1.2907487439605954,-4.6352657004830915,1.2294466376933055,4.671980676328502,0.6645986031220402,4.606280193236715,1,0
2025-08-05,2025-08-06,0.6339863882826944,4.64975845410628,1.2294466376933055,4.671980676328502,0.6645986031220402,4.606280193236715,0,0
2025-08-06,2025-08-07,-0.9692848485939071,-4.553140096618358,1.2294466376933055,4.671980676328502,0.6645986031220402,4.606280193236715,0,0
2025-08-07,2025-08-08,1.1947119086034514,-4.557971014492754,1.2294466376933055,4.671980676328502,0.6645986031220402,4.606280193236715,0,0
2025-08-08,2025-08-11,0.9323788542961458,-4.596618357487923,1.2294466376933055,4.671980676328502,0.6645986031220402,4.606280193236715,0,0
2025-08-11,2025-08-12,-1.1974577288232968,4.678743961352657,1.2294466376933055,4.671980676328502,0.6645986031220402,4.606280193236715,0,1
2025-08-12,2025-08-13,1.3227951495597399,4.606280193236715,1.2294466376933055,4.671980676328502,0.6645986031220402,4.606280193236715,1,0
2025-08-13,2025-08-14,-1.7157232981745663,4.572463768115942,1.2294466376933055,4.671980676328502,0.6645986031220402,4.606280193236715,0,0
2025-08-14,2025-08-15,1.2027565581252175,-4.582125603864735,1.2294466376933055,4.671980676328502,0.6645986031220402,4.606280193236715,0,0
2025-08-15,2025-08-18,-1.0066342562193524,4.717391304347826,1.2294466376933055,4.671980676328502,0.6645986031220402,4.606280193236715,0,0
2025-08-18,2025-08-19,-1.6207336080022847,4.630434782608695,1.2294466376933055,4.671980676328502,0.6645986031220402,4.606280193236715,0,0
2025-08-19,2025-08-20,-0.11991390933740223,-4.557971014492754,1.2294466376933055,4.671980676328502,0.6645986031220402,4.606280193236715,0,0
2025-08-20,2025-08-21,0.7169839898481372,4.606280193236715,1.2294466376933055,4.671980676328502,0.6645986031220402,4.606280193236715,0,0
2025-08-21,2025-08-22,-0.7482989146813319,-4.717391304347826,1.2294466376933055,4.671980676328502,0.6645986031220402,4.606280193236715,0,0
2025-08-22,2025-08-25,-1.2940509440829324,4.688405797101449,1.2294466376933055,4.671980676328502,0.6645986031220402,4.606280193236715,0,0
2025-08-25,2025-08-26,-1.7073996358794286,4.644927536231884,1.2294466376933055,4.671980676328502,0.6645986031220402,4.606280193236715,0,0
2025-08-26,2025-08-27,-0.14621494298255724,-4.615942028985507,1.2294466376933055,4.671980676328502,0.6645986031220402,4.606280193236715,0,0
2025-08-27,2025-08-28,0.8727651318640451,-4.6980676328502415,1.2294466376933055,4.671980676328502,0.6645986031220402,4.606280193236715,0,0
2025-08-28,2025-08-29,0.19920767118583044,4.756038647342995,1.2294466376933055,4.671980676328502,0.6645986031220402,4.606280193236715,0,0
2025-08-29,2025-09-01,0.9567983614326352,-4.673913043478261,1.2294466376933055,4.671980676328502,0.6645986031220402,4.606280193236715,0,0
2025-09-01,2025-09-02,0.785559472778111,4.582125603864735,1.2294466376933055,4.671980676328502,0.6645986031220402,4.606280193236715,0,0
2025-09-02,2025-09-03,0.1943131096045645,-4.644927536231884,1.2294466376933055,4.671980676328502,0.6645986031220402,4.606280193236715,0,0
2025-09-03,2025-09-04,-1.6251667754901575,-4.7898550724637685,1.2294466376933055,4.671980676328502,0.6645986031220402,4.606280193236715,0,0
2025-09-04,2025-09-05,-0.4966444299182194,-4.741545893719807,1.2294466376933055,4.671980676328502,0.6645986031220402,4.606280193236715,0,0
2025-09-05,2025-09-08,1.3437497238734482,4.7270531400966185,1.2294466376933055,4.671980676328502,0.6645986031220402,4.606280193236715,1,1
2025-09-08,2025-09-09,0.7931999338179402,4.64975845410628,1.2294466376933055,4.671980676328502,0.6645986031220402,4.606280193236715,0,0
2025-09-09,2025-09-10,-1.249956403360757,4.785024154589372,1.2294466376933055,4.671980676328502,0.6645986031220402,4.606280193236715,0,0
2025-09-10,2025-09-11,1.6551486833412163,-4.780193236714976,1.2294466376933055,4.671980676328502,0.6645986031220402,4.606280193236715,0,0
2025-09-11,2025-09-12,-0.7970695327175888,4.746376811594203,1.2294466376933055,4.671980676328502,0.6645986031220402,4.606280193236715,0,0
2025-09-12,2025-09-15,-1.1895223515024822,-4.673913043478261,1.2294466376933055,4.671980676328502,0.6645986031220402,4.606280193236715,0,0
2025-09-15,2025-09-16,0.181877939509419,4.756038647342995,1.2294466376933055,4.671980676328502,0.6645986031220402,4.606280193236715,0,0
2025-09-16,2025-09-17,0.4864554093750943,4.765700483091788,1.2294466376933055,4.671980676328502,0.6645986031220402,4.606280193236715,0,0
2025-09-17,2025-09-18,-0.6149566225512451,4.741545893719807,1.2294466376933055,4.671980676328502,0.6645986031220402,4.606280193236715,0,0
2025-09-18,2025-09-19,1.6986186537829653,-4.693236714975845,1.2294466376933055,4.671980676328502,0.6645986031220402,4.606280193236715,1,0
2025-09-19,2025-09-22,-0.15650949837772132,-4.770531400966184,1.2294466376933055,4.671980676328502,0.6645986031220402,4.606280193236715,0,0
2025-09-22,2025-09-23,1.126040493003404,4.731884057971015,1.2294466376933055,4.671980676328502,0.6645986031220402,4.606280193236715,0,1
2025-09-23,2025-09-24,0.02421125214952598,-4.702898550724638,1.2294466376933055,4.671980676328502,0.6645986031220402,4.606280193236715,0,0
2025-09-24,2025-09-25,0.7615597746868639,-4.6352657004830915,1.2294466376933055,4.671980676328502,0.6645986031220402,4.606280193236715,0,0
2025-09-25,2025-09-26,0.5607832403821206,-4.780193236714976,1.2294466376933055,4.671980676328502,0.6645986031220402,4.606280193236715,0,0
2025-09-26,2025-09-29,-1.284601142781996,-4.760869565217392,1.2294466376933055,4.671980676328502,0.6645986031220402,4.606280193236715,0,0
2025-09-29,2025-09-30,-0.3054152354723159,4.702898550724638,1.2294466376933055,4.671980676328502,0.6645986031220402,4.606280193236715,0,0
2025-09-30,2025-10-09,0.45587386661419,-4.673913043478261,1.2294466376933055,4.671980676328502,0.6645986031220402,4.606280193236715,0,0
2025-10-09,2025-10-10,-1.643374781222459,4.731884057971015,1.2294466376933055,4.671980676328502,0.6645986031220402,4.606280193236715,0,0
2025-10-10,2025-10-13,0.5445633528449222,-4.7270531400966185,1.2294466376933055,4.671980676328502,0.6645986031220402,4.606280193236715,0,0
2025-10-13,2025-10-14,0.13024686356766646,-4.702898550724638,1.2294466376933055,4.671980676328502,0.6645986031220402,4.606280193236715,0,0
2025-10-14,2025-10-15,0.7017361604226829,-4.678743961352657,1.2294466376933055,4.671980676328502,0.6645986031220402,4.606280193236715,0,0
2025-10-15,2025-10-16,1.6547064070977937,-4.77536231884058,1.2294466376933055,4.671980676328502,0.6645986031220402,4.606280193236715,1,0
2025-10-16,2025-10-17,-1.3377911102375581,-4.804347826086956,1.2294466376933055,4.671980676328502,0.6645986031220402,4.606280193236715,0,0
2025-10-17,2025-10-20,-0.6913402149779557,-4.770531400966184,1.2294466376933055,4.671980676328502,0.6645986031220402,4.606280193236715,0,0
2025-10-20,2025-10-21,1.4475993922363055,-4.669082125603865,1.2294466376933055,4.671980676328502,0.6645986031220402,4.606280193236715,0,0
2025-10-21,2025-10-22,-1.0332806081868535,4.751207729468599,1.2294466376933055,4.671980676328502,0.6645986031220402,4.606280193236715,0,1
2025-10-22,2025-10-23,-1.22782618680358,-4.833333333333333,1.2294466376933055,4.671980676328502,0.6645986031220402,4.606280193236715,0,0
2025-10-23,2025-10-24,-0.2970181908053836,4.71256038647343,1.2294466376933055,4.671980676328502,0.6645986031220402,4.606280193236715,0,0
2025-10-24,2025-10-27,-0.4262301833638905,4.673913043478261,1.2294466376933055,4.671980676328502,0.6645986031220402,4.606280193236715,0,0
2025-10-27,2025-10-28,-1.536458422503573,4.6352657004830915,1.2294466376933055,4.671980676328502,0.6645986031220402,4.606280193236715,0,0
2025-10-28,2025-10-29,-0.11654228743240358,-4.673913043478261,1.2294466376933055,4.671980676328502,0.6645986031220402,4.606280193236715,0,0
2025-10-29,2025-10-30,-0.7144982590881536,4.659420289855072,1.2294466376933055,4.671980676328502,0.6645986031220402,4.606280193236715,0,0
2025-10-30,2025-10-31,1.1619832268472812,4.693236714975845,1.2294466376933055,4.671980676328502,0.6645986031220402,4.606280193236715,0,0
2025-10-31,2025-11-03,0.4618649031518646,-4.625603864734299,1.2294466376933055,4.671980676328502,0.6645986031220402,4.606280193236715,0,0
2025-11-03,2025-11-04,1.014407450300793,-4.71256038647343,1.2294466376933055,4.671980676328502,0.6645986031220402,4.606280193236715,0,0
2025-11-04,2025-11-05,-1.5988840277229395,-4.6980676328502415,1.2294466376933055,4.671980676328502,0.6645986031220402,4.606280193236715,0,0
2025-11-05,2025-11-06,0.9037615904936281,4.702898550724638,1.2294466376933055,4.671980676328502,0.6645986031220402,4.606280193236715,0,1
2025-11-06,2025-11-07,0.09732422177373709,-4.640096618357488,1.2294466376933055,4.671980676328502,0.6645986031220402,4.606280193236715,0,0
2025-11-07,2025-11-10,-0.8474460147081624,-4.615942028985507,1.2294466376933055,4.671980676328502,0.6645986031220402,4.606280193236715,0,0
2025-11-10,2025-11-11,-1.2491756121391986,4.702898550724638,1.2294466376933055,4.671980676328502,0.6645986031220402,4.606280193236715,0,0
2025-11-11,2025-11-12,-1.0988448213923467,-4.625603864734299,1.2294466376933055,4.671980676328502,0.6645986031220402,4.606280193236715,0,0
2025-11-12,2025-11-13,-1.2046837139198254,4.6352657004830915,1.2294466376933055,4.671980676328502,0.6645986031220402,4.606280193236715,0,0
2025-11-13,2025-11-14,-0.6241872815260338,4.586956521739131,1.2294466376933055,4.671980676328502,0.6645986031220402,4.606280193236715,0,0
2025-11-14,2025-11-17,1.2910681925188812,-4.731884057971015,1.2294466376933055,4.671980676328502,0.6645986031220402,4.606280193236715,1,0
2025-11-17,2025-11-18,0.5735677409692285,4.543478260869565,1.2294466376933055,4.671980676328502,0.6645986031220402,4.606280193236715,0,0
2025-11-18,2025-11-19,-0.24841648967388175,-4.601449275362318,1.2294466376933055,4.671980676328502,0.6645986031220402,4.606280193236715,0,0
2025-11-19,2025-11-20,-1.7280328895498478,-4.5772946859903385,1.2294466376933055,4.671980676328502,0.6645986031220402,4.606280193236715,0,0
2025-11-20,2025-11-21,-1.0838147677269927,-4.644927536231884,1.2294466376933055,4.671980676328502,0.6645986031220402,4.606280193236715,0,0
2025-11-21,2025-11-24,1.127568038051817,-4.664251207729468,1.2294466376933055,4.671980676328502,0.6645986031220402,4.606280193236715,0,0
2025-11-24,2025-11-25,0.37861752837200807,4.611111111111111,1.2294466376933055,4.671980676328502,0.6645986031220402,4.606280193236715,0,0
2025-11-25,2025-11-26,0.5812735464821169,4.611111111111111,1.2294466376933055,4.671980676328502,0.6645986031220402,4.606280193236715,0,0
2025-11-26,2025-11-27,1.0759920101393403,-4.644927536231884,1.2294466376933055,4.671980676328502,0.6645986031220402,4.606280193236715,0,0
2025-11-27,2025-11-28,-1.4426131919239789,4.673913043478261,1.2294466376933055,4.671980676328502,0.6645986031220402,4.606280193236715,0,0
2025-11-28,2025-12-01,0.7401863727551288,4.601449275362318,1.2294466376933055,4.671980676328502,0.6645986031220402,4.606280193236715,0,0
2025-12-01,2025-12-02,-1.6637455171028985,4.611111111111111,1.2294466376933055,4.671980676328502,0.6645986031220402,4.606280193236715,0,0
2025-12-02,2025-12-03,-0.0827538228858326,-4.664251207729468,1.2294466376933055,4.671980676328502,0.6645986031220402,4.606280193236715,0,0
2025-12-03,2025-12-04,0.13073793494311017,4.644927536231884,1.2294466376933055,4.671980676328502,0.6645986031220402,4.606280193236715,0,0
2025-12-04,2025-12-05,1.1624473054331272,4.625603864734299,1.2294466376933055,4.671980676328502,0.6645986031220402,4.606280193236715,0,0
2025-12-05,2025-12-08,-1.3847868821198772,4.591787439613527,1.2294466376933055,4.671980676328502,0.6645986031220402,4.606280193236715,0,0
2025-12-08,2025-12-09,-1.4253495512905352,-4.591787439613527,1.2294466376933055,4.671980676328502,0.6645986031220402,4.606280193236715,0,0
2025-12-09,2025-12-10,0.031971462323240586,-4.673913043478261,1.2294466376933055,4.671980676328502,0.6645986031220402,4.606280193236715,0,0
2025-12-10,2025-12-11,1.2332949555497061,4.640096618357488,1.2294466376933055,4.671980676328502,0.6645986031220402,4.606280193236715,1,0
2025-12-11,2025-12-12,0.5727944730691609,-4.620772946859903,1.2294466376933055,4.671980676328502,0.6645986031220402,4.606280193236715,0,0
2025-12-12,2025-12-15,-1.3565214897987228,4.756038647342995,1.2294466376933055,4.671980676328502,0.6645986031220402,4.606280193236715,0,1
2025-12-15,2025-12-16,-0.2303782820498387,4.702898550724638,1.2294466376933055,4.671980676328502,0.6645986031220402,4.606280193236715,0,0
2025-12-16,2025-12-17,-0.8533411080057548,-4.606280193236715,1.2294466376933055,4.671980676328502,0.6645986031220402,4.606280193236715,0,0
2025-12-17,2025-12-18,0.4276088577218145,4.615942028985507,1.2294466376933055,4.671980676328502,0.6645986031220402,4.606280193236715,0,0
2025-12-18,2025-12-19,-1.7209642956131144,-4.678743961352657,1.2294466376933055,4.671980676328502,0.6645986031220402,4.606280193236715,0,0
2025-12-19,2025-12-22,-0.9459325665945868,-4.678743961352657,1.2294466376933055,4.671980676328502,0.6645986031220402,4.606280193236715,0,0
2025-12-22,2025-12-23,-0.6734307089074838,4.659420289855072,1.2294466376933055,4.671980676328502,0.6645986031220402,4.606280193236715,0,0
2025-12-23,2025-12-24,-0.23778715273742435,-4.654589371980676,1.2294466376933055,4.671980676328502,0.6645986031220402,4.606280193236715,0,0
2025-12-24,2025-12-25,1.492220770301567,4.591787439613527,1.2294466376933055,4.671980676328502,0.6645986031220402,4.606280193236715,0,0
2025-12-25,2025-12-26,0.9631837461169005,-4.64975845410628,1.2294466376933055,4.671980676328502,0.6645986031220402,4.606280193236715,0,0
2025-12-26,2025-12-29,-1.7075013237995391,4.707729468599034,1.2294466376933055,4.671980676328502,0.6645986031220402,4.606280193236715,0,0
2025-12-29,2025-12-30,0.9868053978239966,4.611111111111111,1.2294466376933055,4.671980676328502,0.6645986031220402,4.606280193236715,0,0
2025-12-30,2025-12-31,-0.4387054171702655,-4.5772946859903385,1.2294466376933055,4.671980676328502,0.6645986031220402,4.606280193236715,0,0
2025-12-31,2026-01-05,1.3964134288205987,4.654589371980676,1.2294466376933055,4.671980676328502,0.6645986031220402,4.606280193236715,0,0
2026-01-05,2026-01-06,-1.7272876193479298,4.751207729468599,1.2294466376933055,4.671980676328502,0.6645986031220402,4.606280193236715,0,0
2026-01-06,2026-01-07,-1.472546729453889,4.601449275362318,1.2294466376933055,4.671980676328502,0.6645986031220402,4.606280193236715,0,0
2026-01-07,2026-01-08,-0.6861471472637061,4.6352657004830915,1.2294466376933055,4.671980676328502,0.6645986031220402,4.606280193236715,0,0
2026-01-08,2026-01-09,-0.27294080173620866,-4.654589371980676,1.2294466376933055,4.671980676328502,0.6645986031220402,4.606280193236715,0,0
2026-01-09,2026-01-12,-1.0705665312774524,4.683574879227053,1.2294466376933055,4.671980676328502,0.6645986031220402,4.606280193236715,0,0
2026-01-12,2026-01-13,-1.489829150830289,4.6352657004830915,1.2294466376933055,4.671980676328502,0.6645986031220402,4.606280193236715,0,0
2026-01-13,2026-01-14,1.3974920345673632,-4.606280193236715,1.2294466376933055,4.671980676328502,0.6645986031220402,4.606280193236715,0,0
2026-01-14,2026-01-15,-1.5300956700707702,4.557971014492754,1.2294466376933055,4.671980676328502,0.6645986031220402,4.606280193236715,0,0
2026-01-15,2026-01-16,-1.154281386863475,-4.664251207729468,1.2294466376933055,4.671980676328502,0.6645986031220402,4.606280193236715,0,0
2026-01-16,2026-01-19,1.253200245318129,-4.683574879227053,1.2294466376933055,4.671980676328502,0.6645986031220402,4.606280193236715,0,0
2026-01-19,2026-01-20,1.0092005166819134,-4.596618357487923,1.2294466376933055,4.671980676328502,0.6645986031220402,4.606280193236715,0,0
2026-01-20,2026-01-21,0.19960877274959798,-4.5772946859903385,1.2294466376933055,4.671980676328502,0.6645986031220402,4.606280193236715,0,0
2026-01-21,2026-01-22,1.4444763919889756,4.6352657004830915,1.2294466376933055,4.671980676328502,0.6645986031220402,4.606280193236715,0,0
2026-01-22,2026-01-23,-0.20666274819836053,-4.693236714975845,1.2294466376933055,4.671980676328502,0.6645986031220402,4.606280193236715,0,0
2026-01-23,2026-01-26,-1.358812066411347,4.615942028985507,1.2294466376933055,4.671980676328502,0.6645986031220402,4.606280193236715,0,0
2026-01-26,2026-01-27,1.2553309291479888,4.591787439613527,1.2294466376933055,4.671980676328502,0.6645986031220402,4.606280193236715,0,0
2026-01-27,2026-01-28,0.20421565957334206,-4.64975845410628,1.2294466376933055,4.671980676328502,0.6645986031220402,4.606280193236715,0,0
2026-01-28,2026-01-29,0.514089233791398,4.71256038647343,1.2294466376933055,4.671980676328502,0.6645986031220402,4.606280193236715,0,1
2026-01-29,2026-01-30,1.088018066266519,-4.630434782608695,1.2294466376933055,4.671980676328502,0.6645986031220402,4.606280193236715,0,0
2026-01-30,2026-02-02,0.261390519749197,-4.596618357487923,1.2294466376933055,4.671980676328502,0.6645986031220402,4.606280193236715,0,0
2026-02-02,2026-02-03,-1.1973384217897995,-4.702898550724638,1.2294466376933055,4.671980676328502,0.6645986031220402,4.606280193236715,0,0
2026-02-03,2026-02-04,1.38652924546975,4.707729468599034,1.2294466376933055,4.671980676328502,0.6645986031220402,4.606280193236715,1,0
2026-02-04,2026-02-05,0.9892186515087349,-4.64975845410628,1.2294466376933055,4.671980676328502,0.6645986031220402,4.606280193236715,0,0
2026-02-05,2026-02-06,-1.540383619548399,-4.625603864734299,1.2294466376933055,4.671980676328502,0.6645986031220402,4.606280193236715,0,0
2026-02-06,2026-02-09,1.2853641632159851,4.567632850241546,1.2294466376933055,4.671980676328502,0.6645986031220402,4.606280193236715,0,0
2026-02-09,2026-02-10,0.9881466852491604,4.71256038647343,1.2294466376933055,4.671980676328502,0.6645986031220402,4.606280193236715,0,0
2026-02-10,2026-02-11,-1.4635293845375947,-4.71256038647343,1.2294466376933055,4.671980676328502,0.6645986031220402,4.606280193236715,0,0
2026-02-11,2026-02-12,0.39426553918302454,4.611111111111111,1.2294466376933055,4.671980676328502,0.6645986031220402,4.606280193236715,0,0
2026-02-12,2026-02-13,-0.9292443659796745,4.538647342995169,1.2294466376933055,4.671980676328502,0.6645986031220402,4.606280193236715,0,0
2026-02-13,2026-02-24,-0.14188327465179562,4.664251207729468,1.2294466376933055,4.671980676328502,0.6645986031220402,4.606280193236715,0,0
2026-02-24,2026-02-25,-1.5683185696686917,-4.683574879227053,1.2294466376933055,4.671980676328502,0.6645986031220402,4.606280193236715,0,0
2026-02-25,2026-02-26,-1.6521211590609024,4.625603864734299,1.2294466376933055,4.671980676328502,0.6645986031220402,4.606280193236715,0,0
2026-02-26,2026-02-27,-0.5420726760481953,4.611111111111111,1.2294466376933055,4.671980676328502,0.6645986031220402,4.606280193236715,0,0
2026-02-27,2026-03-02,-0.9212875567970532,4.669082125603865,1.2294466376933055,4.671980676328502,0.6645986031220402,4.606280193236715,0,0
2026-03-02,2026-03-03,1.6117974402268564,-4.693236714975845,1.2294466376933055,4.671980676328502,0.6645986031220402,4.606280193236715,1,0
2026-03-03,2026-03-04,1.0418975136718074,-4.644927536231884,1.2294466376933055,4.671980676328502,0.6645986031220402,4.606280193236715,0,0
2026-03-04,2026-03-05,-1.130705580999174,-4.557971014492754,1.2294466376933055,4.671980676328502,0.6645986031220402,4.606280193236715,0,0
2026-03-05,2026-03-06,1.211673463324103,-4.596618357487923,1.2294466376933055,4.671980676328502,0.6645986031220402,4.606280193236715,0,0
2026-03-06,2026-03-09,1.0860551836959684,4.6352657004830915,1.2294466376933055,4.671980676328502,0.6645986031220402,4.606280193236715,0,0
2026-03-09,2026-03-10,1.2190831350908764,-4.673913043478261,1.2294466376933055,4.671980676328502,0.6645986031220402,4.606280193236715,0,0
2026-03-10,2026-03-11,0.7092620521888209,-4.567632850241546,1.2294466376933055,4.671980676328502,0.6645986031220402,4.606280193236715,0,0
2026-03-11,2026-03-12,0.4300631438966451,-4.557971014492754,1.2294466376933055,4.671980676328502,0.6645986031220402,4.606280193236715,0,0
2026-03-12,2026-03-13,0.7652784268858858,-4.664251207729468,1.2294466376933055,4.671980676328502,0.6645986031220402,4.606280193236715,0,0
2026-03-13,2026-03-16,1.0102394998468822,-4.702898550724638,1.2294466376933055,4.671980676328502,0.6645986031220402,4.606280193236715,0,0
2026-03-16,2026-03-17,-1.2941426290600975,4.611111111111111,1.2294466376933055,4.671980676328502,0.6645986031220402,4.606280193236715,0,0
2026-03-17,2026-03-18,-1.502584478233265,-4.538647342995169,1.2294466376933055,4.671980676328502,0.6645986031220402,4.606280193236715,0,0
2026-03-18,2026-03-19,1.327584165983507,4.678743961352657,1.2294466376933055,4.671980676328502,0.6645986031220402,4.606280193236715,0,0
2026-03-19,2026-03-20,-0.4362230990822227,-4.678743961352657,1.2294466376933055,4.671980676328502,0.6645986031220402,4.606280193236715,0,0
2026-03-20,2026-03-23,0.07767957256891983,-4.630434782608695,1.2294466376933055,4.671980676328502,0.6645986031220402,4.606280193236715,0,0
2026-03-23,2026-03-24,1.6806942817439154,-4.601449275362318,1.2294466376933055,4.671980676328502,0.6645986031220402,4.606280193236715,0,0
2026-03-24,2026-03-25,0.2483754337807993,4.688405797101449,1.2294466376933055,4.671980676328502,0.6645986031220402,4.606280193236715,0,0
2026-03-25,2026-03-26,-0.06865643783760189,4.678743961352657,1.2294466376933055,4.671980676328502,0.6645986031220402,4.606280193236715,0,1
2026-03-26,2026-03-27,-1.3500485503945958,-4.669082125603865,1.2294466376933055,4.671980676328502,0.6645986031220402,4.606280193236715,0,0
2026-03-27,2026-03-30,1.402436299949766,4.582125603864735,1.2294466376933055,4.671980676328502,0.6645986031220402,4.606280193236715,0,0
2026-03-30,2026-03-31,0.5098945943035567,4.611111111111111,1.2294466376933055,4.671980676328502,0.6645986031220402,4.606280193236715,0,0
2026-03-31,2026-04-01,0.2093958649687932,-4.6980676328502415,1.2294466376933055,4.671980676328502,0.6645986031220402,4.606280193236715,0,0
2026-04-01,2026-04-02,1.5554051834089826,4.654589371980676,1.2294466376933055,4.671980676328502,0.6645986031220402,4.606280193236715,0,0
2026-04-02,2026-04-03,-1.160457620938128,-4.596618357487923,1.2294466376933055,4.671980676328502,0.6645986031220402,4.606280193236715,0,0
2026-04-03,2026-04-07,-1.417277363119027,4.528985507246377,1.2294466376933055,4.671980676328502,0.6645986031220402,4.606280193236715,0,0
2026-04-07,2026-04-08,1.1858368894545452,-4.7270531400966185,1.2294466376933055,4.671980676328502,0.6645986031220402,4.606280193236715,0,0
2026-04-08,2026-04-09,-1.6363506461682247,4.625603864734299,1.2294466376933055,4.671980676328502,0.6645986031220402,4.606280193236715,0,0
2026-04-09,2026-04-10,0.39402607429647524,4.644927536231884,1.2294466376933055,4.671980676328502,0.6645986031220402,4.606280193236715,0,0
2026-04-10,2026-04-13,-0.389834811339312,-4.611111111111111,1.2294466376933055,4.671980676328502,0.6645986031220402,4.606280193236715,0,0
2026-04-13,2026-04-14,-0.6354916094988144,-4.71256038647343,1.2294466376933055,4.671980676328502,0.6645986031220402,4.606280193236715,0,0
2026-04-14,2026-04-15,-1.4759764430410915,4.722222222222222,1.2294466376933055,4.671980676328502,0.6645986031220402,4.606280193236715,0,1
2026-04-15,2026-04-16,-0.04467929022095858,-4.644927536231884,1.2294466376933055,4.671980676328502,0.6645986031220402,4.606280193236715,0,0
2026-04-16,2026-04-17,1.245175282776288,4.586956521739131,1.2294466376933055,4.671980676328502,0.6645986031220402,4.606280193236715,1,0
2026-04-17,2026-04-20,0.7677630892499847,4.731884057971015,1.2294466376933055,4.671980676328502,0.6645986031220402,4.606280193236715,0,0
2026-04-20,2026-04-21,-1.4155982546305792,4.741545893719807,1.2294466376933055,4.671980676328502,0.6645986031220402,4.606280193236715,0,0
2026-04-21,2026-04-22,0.3212218415315037,-4.659420289855072,1.2294466376933055,4.671980676328502,0.6645986031220402,4.606280193236715,0,0
2026-04-22,2026-04-23,-0.8906950707170614,4.611111111111111,1.2294466376933055,4.671980676328502,0.6645986031220402,4.606280193236715,0,0
2026-04-23,2026-04-24,1.656596253549799,-4.64975845410628,1.2294466376933055,4.671980676328502,0.6645986031220402,4.606280193236715,0,0
2026-04-24,2026-04-27,0.07232551219988607,-4.664251207729468,1.2294466376933055,4.671980676328502,0.6645986031220402,4.606280193236715,0,0
2026-04-27,2026-04-28,0.1882312462313403,-4.693236714975845,1.2294466376933055,4.671980676328502,0.6645986031220402,4.606280193236715,0,0
2026-04-28,2026-04-29,-0.7708278445597918,-4.644927536231884,1.2294466376933055,4.671980676328502,0.6645986031220402,4.606280193236715,0,0
2026-04-29,2026-04-30,-1.5870609588268059,-4.538647342995169,1.2294466376933055,4.671980676328502,0.6645986031220402,4.606280193236715,0,0
2026-04-30,2026-05-06,-1.6011658942173996,-4.669082125603865,1.2294466376933055,4.671980676328502,0.6645986031220402,4.606280193236715,0,0
2026-05-06,2026-05-07,-1.4980376953936185,4.71256038647343,1.2294466376933055,4.671980676328502,0.6645986031220402,4.606280193236715,0,0
2026-05-07,2026-05-08,-0.8398660801858059,4.6352657004830915,1.2294466376933055,4.671980676328502,0.6645986031220402,4.606280193236715,0,0
2026-05-08,2026-05-11,0.4738960999627699,-4.611111111111111,1.2294466376933055,4.671980676328502,0.6645986031220402,4.606280193236715,0,0
2026-05-11,2026-05-12,-1.6931075075721462,4.659420289855072,1.2294466376933055,4.671980676328502,0.6645986031220402,4.606280193236715,0,0
2026-05-12,2026-05-13,-0.6837171809037164,-4.644927536231884,1.2294466376933055,4.671980676328502,0.6645986031220402,4.606280193236715,0,0
2026-05-13,2026-05-14,1.406326776906485,4.591787439613527,1.2294466376933055,4.671980676328502,0.6645986031220402,4.606280193236715,0,0
2026-05-14,2026-05-15,0.9551273796181233,-4.664251207729468,1.2294466376933055,4.671980676328502,0.6645986031220402,4.606280193236715,0,0
2026-05-15,2026-05-18,0.011422662454131403,-4.630434782608695,1.2294466376933055,4.671980676328502,0.6645986031220402,4.606280193236715,0,0
2026-05-18,2026-05-19,1.4412232933097984,4.640096618357488,1.2294466376933055,4.671980676328502,0.6645986031220402,4.606280193236715,1,0
2026-05-19,2026-05-20,0.6337199466397687,-4.683574879227053,1.2294466376933055,4.671980676328502,0.6645986031220402,4.606280193236715,0,0
2026-05-20,2026-05-21,0.8452324571756502,-4.615942028985507,1.2294466376933055,4.671980676328502,0.6645986031220402,4.606280193236715,0,0
2026-05-21,2026-05-22,1.6584489892162497,-4.557971014492754,1.2294466376933055,4.671980676328502,0.6645986031220402,4.606280193236715,0,0
2026-05-22,2026-05-25,1.0431135115056964,4.688405797101449,1.2294466376933055,4.671980676328502,0.6645986031220402,4.606280193236715,0,1
2026-05-25,2026-05-26,0.26529440698601375,4.7270531400966185,1.2294466376933055,4.671980676328502,0.6645986031220402,4.606280193236715,0,0
2026-05-26,2026-05-27,0.10468411128584232,-4.5772946859903385,1.2294466376933055,4.671980676328502,0.6645986031220402,4.606280193236715,0,0
2026-05-27,2026-05-28,1.2961514909805687,4.567632850241546,1.2294466376933055,4.671980676328502,0.6645986031220402,4.606280193236715,0,0
2026-05-28,2026-05-29,0.4030209255300559,4.659420289855072,1.2294466376933055,4.671980676328502,0.6645986031220402,4.606280193236715,0,0
2026-05-29,2026-06-01,1.5670736696850827,-4.620772946859903,1.2294466376933055,4.671980676328502,0.6645986031220402,4.606280193236715,1,0
2026-06-01,2026-06-02,-0.11963832965295429,-4.567632850241546,1.2294466376933055,4.671980676328502,0.6645986031220402,4.606280193236715,0,0
2026-06-02,2026-06-03,0.9647690365106455,4.669082125603865,1.2294466376933055,4.671980676328502,0.6645986031220402,4.606280193236715,0,0
2026-06-03,2026-06-04,0.2813162132366157,4.620772946859903,1.2294466376933055,4.671980676328502,0.6645986031220402,4.606280193236715,0,0
2026-06-04,2026-06-05,-1.3622715099865097,-4.678743961352657,1.2294466376933055,4.671980676328502,0.6645986031220402,4.606280193236715,0,0
2026-06-05,2026-06-08,0.5200631643000811,-4.6352657004830915,1.2294466376933055,4.671980676328502,0.6645986031220402,4.606280193236715,0,0
2026-06-08,2026-06-09,0.10304711897780988,-4.644927536231884,1.2294466376933055,4.671980676328502,0.6645986031220402,4.606280193236715,0,0
2026-06-09,2026-06-10,1.5911639214024678,4.5772946859903385,1.2294466376933055,4.671980676328502,0.6645986031220402,4.606280193236715,0,0
2026-06-10,2026-06-11,-0.9497300294341937,-4.693236714975845,1.2294466376933055,4.671980676328502,0.6645986031220402,4.606280193236715,0,0
2026-06-11,2026-06-12,-1.0857878405918255,4.688405797101449,1.2294466376933055,4.671980676328502,0.6645986031220402,4.606280193236715,0,0
2026-06-12,2026-06-15,-1.6847370308144427,4.557971014492754,1.2294466376933055,4.671980676328502,0.6645986031220402,4.606280193236715,0,0
2026-06-15,2026-06-16,-0.8130629088406852,4.601449275362318,1.2294466376933055,4.671980676328502,0.6645986031220402,4.606280193236715,0,0
2026-06-16,2026-06-17,0.1647878706358943,4.664251207729468,1.2294466376933055,4.671980676328502,0.6645986031220402,4.606280193236715,0,0
2026-06-17,2026-06-18,1.182004390678795,4.71256038647343,1.2294466376933055,4.671980676328502,0.6645986031220402,4.606280193236715,0,1
2026-06-18,2026-06-22,-0.17053821621168283,4.615942028985507,1.2294466376933055,4.671980676328502,0.6645986031220402,4.606280193236715,0,0
2026-06-22,2026-06-23,-1.6695698283166247,4.64975845410628,1.2294466376933055,4.671980676328502,0.6645986031220402,4.606280193236715,0,0
2026-06-23,2026-06-24,0.8104203458163434,-4.640096618357488,1.2294466376933055,4.671980676328502,0.6645986031220402,4.606280193236715,0,0
2026-06-24,2026-06-25,0.7998063044396719,4.707729468599034,1.2294466376933055,4.671980676328502,0.6645986031220402,4.606280193236715,0,0
2026-06-25,2026-06-26,0.3063193775480105,4.591787439613527,1.2294466376933055,4.671980676328502,0.6645986031220402,4.606280193236715,0,0
2026-06-26,2026-06-29,-0.03718315468571645,-4.6980676328502415,1.2294466376933055,4.671980676328502,0.6645986031220402,4.606280193236715,0,0
2026-06-29,2026-06-30,0.39386150846101875,-4.630434782608695,1.2294466376933055,4.671980676328502,0.6645986031220402,4.606280193236715,0,0
2026-06-30,2026-07-01,1.6920813491665538,4.702898550724638,1.2294466376933055,4.671980676328502,0.6645986031220402,4.606280193236715,0,0
2026-07-01,2026-07-02,0.8939251243402615,-4.625603864734299,1.2294466376933055,4.671980676328502,0.6645986031220402,4.606280193236715,0,0
2026-07-02,2026-07-03,0.7195817285629623,-4.620772946859903,1.2294466376933055,4.671980676328502,0.6645986031220402,4.606280193236715,0,0
2026-07-03,2026-07-06,0.8141889055701493,-4.582125603864735,1.2294466376933055,4.671980676328502,0.6645986031220402,4.606280193236715,0,0
2026-07-06,2026-07-07,-0.9991397805098088,4.640096618357488,1.2294466376933055,4.671980676328502,0.6645986031220402,4.606280193236715,0,0
2026-07-07,2026-07-08,-1.4533898536775591,-4.717391304347826,1.2294466376933055,4.671980676328502,0.6645986031220402,4.606280193236715,0,0
2026-07-08,2026-07-09,-1.0803717653056881,-4.601449275362318,1.2294466376933055,4.671980676328502,0.6645986031220402,4.606280193236715,0,0
2026-07-09,2026-07-10,-0.3757153671505655,4.611111111111111,1.2294466376933055,4.671980676328502,0.6645986031220402,4.606280193236715,0,0
2026-07-10,2026-07-13,1.6269280559902517,-4.630434782608695,1.2294466376933055,4.671980676328502,0.6645986031220402,4.606280193236715,1,0
2026-07-13,2026-07-14,0.15173658367533072,-4.756038647342995,1.2294466376933055,4.671980676328502,0.6645986031220402,4.606280193236715,0,0
2026-07-14,2026-07-15,0.7364412204079371,4.601449275362318,1.2294466376933055,4.671980676328502,0.6645986031220402,4.606280193236715,0,0
2026-07-15,2026-07-16,-1.022079566217223,4.640096618357488,1.2294466376933055,4.671980676328502,0.6645986031220402,4.606280193236715,0,0
2026-07-16,2026-07-17,-1.5504771996932576,-4.582125603864735,1.2294466376933055,4.671980676328502,0.6645986031220402,4.606280193236715,0,0
2026-07-17,2026-07-20,1.4400238009173678,-4.746376811594203,1.2294466376933055,4.671980676328502,0.6645986031220402,4.606280193236715,0,0
2026-07-20,2026-07-21,1.2631220980996567,4.586956521739131,1.2294466376933055,4.671980676328502,0.6645986031220402,4.606280193236715,0,0
2026-07-21,2026-07-22,-1.0249897920508177,4.678743961352657,1.2294466376933055,4.671980676328502,0.6645986031220402,4.606280193236715,0,0
2026-07-22,2026-07-23,-1.1465201720479576,-4.582125603864735,1.2294466376933055,4.671980676328502,0.6645986031220402,4.606280193236715,0,0
2026-07-23,2026-07-24,-1.4706828341781,4.640096618357488,1.2294466376933055,4.671980676328502,0.6645986031220402,4.606280193236715,0,0
2026-07-24,2026-07-27,-1.2316326864635883,4.625603864734299,1.2294466376933055,4.671980676328502,0.6645986031220402,4.606280193236715,0,0
2026-07-27,2026-07-28,1.2150156163081147,4.6352657004830915,1.2294466376933055,4.671980676328502,0.6645986031220402,4.606280193236715,0,0
2026-07-28,2026-07-29,-1.297469051956362,-4.611111111111111,1.2294466376933055,4.671980676328502,0.6645986031220402,4.606280193236715,0,0
2026-07-29,2026-07-30,-1.434949364586,4.620772946859903,1.2294466376933055,4.671980676328502,0.6645986031220402,4.606280193236715,0,0
2026-07-30,2026-07-31,1.0176570060550534,4.765700483091788,1.2294466376933055,4.671980676328502,0.6645986031220402,4.606280193236715,0,0
2026-07-31,2026-08-03,-0.8147450327131877,4.683574879227053,1.2294466376933055,4.671980676328502,0.6645986031220402,4.606280193236715,0,0
2026-08-03,2026-08-04,-1.4344085501381096,-4.625603864734299,1.2294466376933055,4.671980676328502,0.6645986031220402,4.606280193236715,0,0
2026-08-04,2026-08-05,0.472341139491266,4.615942028985507,1.2294466376933055,4.671980676328502,0.6645986031220402,4.606280193236715,0,0
2026-08-05,2026-08-06,-1.230367175870799,4.669082125603865,1.2294466376933055,4.671980676328502,0.6645986031220402,4.606280193236715,0,0
2026-08-06,2026-08-07,-0.6142197877412924,4.620772946859903,1.2294466376933055,4.671980676328502,0.6645986031220402,4.606280193236715,0,0
2026-08-07,2026-08-10,0.7232566624201567,-4.654589371980676,1.2294466376933055,4.671980676328502,0.6645986031220402,4.606280193236715,0,0
2026-08-10,2026-08-11,1.3027263736020223,4.56280193236715,1.2294466376933055,4.671980676328502,0.6645986031220402,4.606280193236715,1,0
2026-08-11,2026-08-12,-1.2519523648262363,-4.615942028985507,1.2294466376933055,4.671980676328502,0.6645986031220402,4.606280193236715,0,0
2026-08-12,2026-08-13,1.5815875308024168,4.567632850241546,1.2294466376933055,4.671980676328502,0.6645986031220402,4.606280193236715,0,0
2026-08-13,2026-08-14,1.4958295362668856,-4.625603864734299,1.2294466376933055,4.671980676328502,0.6645986031220402,4.606280193236715,0,0
2026-08-14,2026-08-17,0.7337005645705418,4.572463768115942,1.2294466376933055,4.671980676328502,0.6645986031220402,4.606280193236715,0,0
2026-08-17,2026-08-18,0.8180120819978933,-4.601449275362318,1.2294466376933055,4.671980676328502,0.6645986031220402,4.606280193236715,0,0
2026-08-18,2026-08-19,-0.4894337678469439,-4.572463768115942,1.2294466376933055,4.671980676328502,0.6645986031220402,4.606280193236715,0,0
2026-08-19,2026-08-20,1.4713568756319653,-4.620772946859903,1.2294466376933055,4.671980676328502,0.6645986031220402,4.606280193236715,0,0
2026-08-20,2026-08-21,1.5155115728130326,-4.5772946859903385,1.2294466376933055,4.671980676328502,0.6645986031220402,4.606280193236715,0,0
2026-08-21,2026-08-24,1.386212240232254,-4.606280193236715,1.2294466376933055,4.671980676328502,0.6645986031220402,4.606280193236715,1,0
2026-08-24,2026-08-25,-0.4649447187937752,-4.606280193236715,1.2294466376933055,4.671980676328502,0.6645986031220402,4.606280193236715,0,0
