date,execution_date,next_execution_date,open,next_execution_open,phase,three_state,minus_exit_signal,plus_exit_signal,minus_entry_signal,plus_entry_signal,adjusted_three_state,zero_hold_direction,zero_hold_end_date,c2c_1d,o2o_h1,execution_o2o_return,base_strategy_return,adjusted_strategy_return,index_return,base_nav,adjusted_nav,index_nav
2018-01-03,2018-01-03,2018-01-04,6331.7199,6380.2665,Development,0,0,0,0,0,0,0,,0.0088478193982595,0.0076672058724518,0.007667205872451843,0.0,0.0,0.0088478193982595,1.0,1.0,1.0088478193982595
2018-01-04,2018-01-04,2018-01-05,6380.2665,6414.7658,Development,0,0,0,0,0,0,0,,0.0045836786089867,0.0054071879285921,0.005407187928592183,0.0,0.0,0.0045836786089867,1.0,1.0,1.0134314980072463
2018-01-05,2018-01-05,2018-01-08,6414.7658,6413.8733,Development,0,0,0,0,0,0,0,,-4.383302934840572e-05,-0.0001391321254471,-0.00013913212544713893,-0.0,-0.0,-4.383302934840572e-05,1.0,1.0,1.013387664977898
2018-01-08,2018-01-08,2018-01-09,6413.8733,6441.6841,Development,0,0,0,0,0,0,0,,0.0045078629196162,0.0043360382563217,0.004336038256321784,0.0,0.0,0.0045078629196162,1.0,1.0,1.017895527897514
2018-01-09,2018-01-09,2018-01-10,6441.6841,6443.4609,Development,0,0,0,0,0,0,0,,-6.757488595821037e-05,0.0002758284902544,0.00027582849025442613,-0.0,-0.0,-6.757488595821037e-05,1.0,1.0,1.0178279530115557
2018-01-10,2018-01-10,2018-01-11,6443.4609,6391.9041,Development,0,0,0,0,0,0,0,,-0.0061756542632719,-0.008001414271017,-0.008001414271017082,-0.0,-0.0,-0.0061756542632719,1.0,1.0,1.0116522987482839
2018-01-11,2018-01-11,2018-01-12,6391.9041,6418.8273,Development,0,0,0,0,0,0,0,,0.003122196205568,0.0042120782131258,0.004212078213125858,0.0,0.0,0.003122196205568,1.0,1.0,1.014774494953852
2018-01-12,2018-01-12,2018-01-15,6418.8273,6391.3662,Development,0,0,0,0,0,0,0,,-0.0041342433304039,-0.0042782113798263,-0.004278211379826313,-0.0,-0.0,-0.0041342433304039,1.0,1.0,1.010640251623448
2018-01-15,2018-01-15,2018-01-16,6391.3662,6245.153,Development,0,0,0,0,0,0,0,,-0.022814388851834,-0.0228766738479169,-0.022876673847916917,-0.0,-0.0,-0.022814388851834,1.0,1.0,0.987825862771614
2018-01-16,2018-01-16,2018-01-17,6245.153,6288.0169,Development,0,0,0,1,0,-1,-1,2018-01-18,0.0076369629402897,0.0068635468178279,0.00686354681782797,0.0,-0.0076369629402897,0.0076369629402897,1.0,0.9923630370597103,0.9954628257119037
2018-01-17,2018-01-17,2018-01-18,6288.0169,6253.0611,Development,-1,0,0,0,0,-1,0,,-0.005343928084549,-0.0055591135577258,-0.00555911355772587,0.005343928084549,0.005343928084549,-0.005343928084549,1.005343928084549,0.9977069651442593,0.9901188976273547
2018-01-18,2018-01-18,2018-01-19,6253.0611,6284.5962,Development,-1,0,0,0,0,-1,0,,0.0030859072588562,0.0050431459881306,0.005043145988130604,-0.0030859072588562,-0.0030859072588562,0.0030859072588562,1.0022580208256928,0.9946210578854031,0.9932048048862109
2018-01-19,2018-01-19,2018-01-22,6284.5962,6264.755,Development,-1,0,0,0,0,-1,0,,-0.0022938058144581,-0.0031571161246604,-0.0031571161246604085,0.0022938058144581,0.0022938058144581,-0.0022938058144581,1.004551826640151,0.9969148636998612,0.9909109990717528
2018-01-22,2018-01-22,2018-01-23,6264.755,6342.6884,Development,-1,0,0,0,0,-1,0,,0.0119983642572674,0.0124399757053548,0.012439975705354822,-0.0119983642572674,-0.0119983642572674,0.0119983642572674,0.9925534623828836,0.9849164994425939,1.0029093633290203
2018-01-23,2018-01-23,2018-01-24,6342.6884,6353.2979,Development,-1,0,0,0,0,-1,0,,0.001159407586283,0.0016727134191236,0.0016727134191236726,-0.001159407586283,-0.001159407586283,0.001159407586283,0.9913940547966005,0.9837570918563108,1.004068770915303
2018-01-24,2018-01-24,2018-01-25,6353.2979,6386.7993,Development,0,0,0,0,0,0,0,,0.0061844395917807,0.0052730724306191,0.005273072430619141,0.0,0.0,0.0061844395917807,0.9913940547966005,0.9837570918563108,1.0102532105070838
2018-01-25,2018-01-25,2018-01-26,6386.7993,6374.0998,Development,0,0,0,0,0,0,0,,-0.0018115196630047,-0.0019883981636936,-0.001988398163693672,-0.0,-0.0,-0.0018115196630047,0.9913940547966005,0.9837570918563108,1.0084416908440792
2018-01-26,2018-01-26,2018-01-29,6374.0998,6385.0365,Development,0,0,0,0,0,0,0,,0.0001433088873679,0.0017158030691644,0.0017158030691644122,0.0,0.0,0.0001433088873679,0.9913940547966005,0.9837570918563108,1.008584999731447
2018-01-29,2018-01-29,2018-01-30,6385.0365,6301.3482,Development,0,0,0,0,0,0,0,,-0.0115526097434951,-0.0131069415186584,-0.013106941518658433,-0.0,-0.0,-0.0115526097434951,0.9913940547966005,0.9837570918563108,0.997032389987952
2018-01-30,2018-01-30,2018-01-31,6301.3482,6277.7418,Development,0,0,0,0,0,0,0,,0.0005639406723763,-0.0037462459224203,-0.0037462459224203437,0.0,0.0,0.0005639406723763,0.9913940547966005,0.9837570918563108,0.9975963306603283
2018-01-31,2018-01-31,2018-02-01,6277.7418,6180.9992,Development,0,0,0,0,0,0,0,,-0.0196565835244862,-0.0154104139803901,-0.015410413980390114,-0.0,-0.0,-0.0196565835244862,0.9913940547966005,0.9837570918563108,0.9779397471358421
2018-02-01,2018-02-01,2018-02-02,6180.9992,5937.6198,Development,0,0,0,0,0,0,0,,-0.0330565871363403,-0.039375413606266,-0.03937541360626606,-0.0,-0.0,-0.0330565871363403,0.9913940547966005,0.9837570918563108,0.9448831599995018
2018-02-02,2018-02-02,2018-02-05,5937.6198,5927.7367,Development,0,0,0,1,0,-1,-1,2018-02-06,0.0033596431245133,-0.001664488521141,-0.0016644885211410942,0.0,-0.0033596431245133,0.0033596431245133,0.9913940547966005,0.9803974487317975,0.9482428031240151
2018-02-05,2018-02-05,2018-02-06,5927.7367,5886.3455,Development,0,0,0,0,0,-1,-1,2018-02-06,-0.0011034081887215,-0.0069826313304367,-0.0069826313304367504,-0.0,0.0011034081887215,-0.0011034081887215,0.9913940547966005,0.981500856920519,0.9471393949352935
2018-02-06,2018-02-06,2018-02-07,5886.3455,5805.965,Development,0,0,0,0,0,-1,-1,2018-02-06,-0.0490077595640149,-0.0136554165908202,-0.013655416590820257,-0.0,0.0490077595640149,-0.0490077595640149,0.9913940547966005,1.0305086164845338,0.8981316353712787
2018-02-07,2018-02-07,2018-02-08,5805.965,5695.6656,Development,0,0,0,0,0,0,0,,0.001239090595402,-0.01899759988219,-0.018997599882190075,0.0,0.0,0.001239090595402,0.9913940547966005,1.0305086164845338,0.8993707259666807
2018-02-08,2018-02-08,2018-02-09,5695.6656,5631.9603,Development,0,0,0,0,0,0,0,,0.009655803246745,-0.0111848736344353,-0.011184873634435322,0.0,0.0,0.009655803246745,0.9913940547966005,1.0305086164845338,0.9090265292134256
2018-02-09,2018-02-09,2018-02-12,5631.9603,5581.7113,Development,0,0,0,1,0,-1,-1,2018-02-13,-0.0366917618733662,-0.0089221154488606,-0.008922115448860679,-0.0,0.0366917618733662,-0.0366917618733662,0.9913940547966005,1.0672003783579,0.8723347673400594
2018-02-12,2018-02-12,2018-02-13,5581.7113,5731.147,Development,0,0,0,0,0,-1,-1,2018-02-13,0.0259591653303983,0.0267723807213031,0.02677238072130317,0.0,-0.0259591653303983,0.0259591653303983,0.9913940547966005,1.0412412130275017,0.8982939326704578
2018-02-13,2018-02-13,2018-02-14,5731.147,5741.8838,Development,0,0,0,0,0,-1,-1,2018-02-13,0.0066418581789935,0.0018734120761514,0.0018734120761514372,0.0,-0.0066418581789935,0.0066418581789935,0.9913940547966005,1.0345993548485084,0.9049357908494513
2018-02-14,2018-02-14,2018-02-22,5741.8838,5800.9493,Development,0,0,0,0,0,0,0,,0.0031173181640664,0.0102867807948325,0.010286780794832584,0.0,0.0,0.0031173181640664,0.9913940547966005,1.0345993548485084,0.9080531090135177
2018-02-22,2018-02-22,2018-02-23,5800.9493,5877.7159,Development,0,0,0,0,0,0,0,,0.0210071726825016,0.0132334547381753,0.013233454738175388,0.0,0.0,0.0210071726825016,0.9913940547966005,1.0345993548485084,0.9290602816960193
2018-02-23,2018-02-23,2018-02-26,5877.7159,5926.4208,Development,0,0,0,0,1,1,1,2018-03-01,0.0037355886774319,0.0082863651167623,0.008286365116762395,0.0,0.0037355886774319,0.0037355886774319,0.9913940547966005,1.0383349435259401,0.9327958703734511
2018-02-26,2018-02-26,2018-02-27,5926.4208,6025.8832,Development,0,0,0,0,0,1,1,2018-03-01,0.0223822042460282,0.0167828784618198,0.016782878461819806,0.0,0.0223822042460282,0.0223822042460282,0.9913940547966005,1.0607171477719683,0.9551780746194793
2018-02-27,2018-02-27,2018-02-28,6025.8832,5967.8977,Development,0,0,0,0,0,1,1,2018-03-01,-0.0031713460060356,-0.0096227387879007,-0.009622738787900764,-0.0,-0.0031713460060356,-0.0031713460060356,0.9913940547966005,1.0575458017659327,0.9520067286134438
2018-02-28,2018-02-28,2018-03-01,5967.8977,5987.3591,Development,0,0,0,0,0,1,1,2018-03-01,0.0021827759632204,0.0032610143434594,0.0032610143434594896,0.0,0.0021827759632204,0.0021827759632204,0.9913940547966005,1.0597285777291532,0.9541895045766642
2018-03-01,2018-03-01,2018-03-02,5987.3591,6053.4765,Development,0,0,0,0,0,1,1,2018-03-01,0.0110476873178957,0.0110428318889375,0.01104283188893751,0.0,0.0110476873178957,0.0110476873178957,0.9913940547966005,1.070776265047049,0.9652371918945599
2018-03-02,2018-03-02,2018-03-05,6053.4765,6066.683,Development,0,0,0,0,0,0,0,,-0.0055645401720563,0.0021816389309514,0.0021816389309514683,-0.0,-0.0,-0.0055645401720563,0.9913940547966005,1.070776265047049,0.9596726517225036
2018-03-05,2018-03-05,2018-03-06,6066.683,6077.3686,Development,0,0,0,0,0,0,0,,0.0012817817190242,0.0017613578952451,0.0017613578952451192,0.0,0.0,0.0012817817190242,0.9913940547966005,1.070776265047049,0.9609544334415278
2018-03-06,2018-03-06,2018-03-07,6077.3686,6133.9467,Development,0,0,0,1,0,-1,-1,2018-03-08,0.0134362102936227,0.0093096377270913,0.009309637727091369,0.0,-0.0134362102936227,0.0134362102936227,0.9913940547966005,1.0573400547534262,0.9743906437351505
2018-03-07,2018-03-07,2018-03-08,6133.9467,6073.6712,Development,0,0,0,0,0,-1,-1,2018-03-08,-0.0096149477783761,-0.0098265444660614,-0.00982654446606146,-0.0,0.0096149477783761,-0.0096149477783761,0.9913940547966005,1.0669550025318022,0.9647756959567744
2018-03-08,2018-03-08,2018-03-09,6073.6712,6131.1248,Development,1,0,0,0,0,1,0,,0.0073978301507695,0.0094594518056887,0.009459451805688746,0.0073978301507695,0.0073978301507695,0.0073978301507695,0.99879188494737,1.0743528326825718,0.9721735261075439
2018-03-09,2018-03-09,2018-03-12,6131.1248,6230.8127,Development,1,0,0,0,0,1,0,,0.0123071067828564,0.0162593167243962,0.01625931672439629,0.0123071067828564,0.0123071067828564,0.0123071067828564,1.0110989917302264,1.0866599394654282,0.9844806328904003
2018-03-12,2018-03-12,2018-03-13,6230.8127,6285.802,Development,1,0,0,0,0,1,0,,0.0143068393665617,0.00882538163922,0.008825381639220087,0.0143068393665617,0.0143068393665617,0.0143068393665617,1.0254058310967882,1.10096677883199,0.998787472256962
2018-03-13,2018-03-13,2018-03-14,6285.802,6234.2418,Development,1,0,0,0,0,1,0,,-0.0066126700536562,-0.0082026446267318,-0.008202644626731814,-0.0066126700536562,-0.0066126700536562,-0.0066126700536562,1.018793161043132,1.0943541087783337,0.9921748022033058
2018-03-14,2018-03-14,2018-03-15,6234.2418,6172.853,Development,1,0,1,0,0,0,0,,-0.0103657162959922,-0.009847035448641,-0.009847035448641073,-0.0103657162959922,-0.0,-0.0103657162959922,1.0084274447471397,1.0943541087783337,0.9818090859073135
2018-03-15,2018-03-15,2018-03-16,6172.853,6181.381,Development,1,0,0,0,0,1,0,,-0.0014874339123363,0.0013815329799689,0.0013815329799689025,-0.0014874339123363,-0.0014874339123363,-0.0014874339123363,1.0069400108348034,1.0928666748659974,0.9803216519949772
2018-03-16,2018-03-16,2018-03-19,6181.381,6142.52,Development,1,0,0,0,0,1,0,,-0.0054699666549667,-0.0062867828402746,-0.006286782840274618,-0.0054699666549667,-0.0054699666549667,-0.0054699666549667,1.0014700441798368,1.0873967082110307,0.9748516853400105
2018-03-19,2018-03-19,2018-03-20,6142.52,6109.605,Development,0,0,0,0,0,0,0,,0.0012248170274897,-0.0053585499111115,-0.00535854991111151,0.0,0.0,0.0012248170274897,1.0014700441798368,1.0873967082110307,0.9760765023675003
2018-03-20,2018-03-20,2018-03-21,6109.605,6182.109,Development,0,0,0,0,0,0,0,,0.0032279876777305,0.011867215638327,0.011867215638327044,0.0,0.0,0.0032279876777305,1.0014700441798368,1.0873967082110307,0.9793044900452308
2018-03-21,2018-03-21,2018-03-22,6182.109,6130.0482,Development,0,0,0,0,0,0,0,,-0.0072070576042393,-0.0084212038318962,-0.008421203831896262,-0.0,-0.0,-0.0072070576042393,1.0014700441798368,1.0873967082110307,0.9720974324409914
2018-03-22,2018-03-22,2018-03-23,6130.0482,5913.3683,Development,0,0,0,1,0,-1,-1,2018-03-26,-0.0045644751075514,-0.0353471772049035,-0.035347177204903546,-0.0,0.0045644751075514,-0.0045644751075514,1.0014700441798368,1.091961183318582,0.9675329573334401
2018-03-23,2018-03-23,2018-03-26,5913.3683,5715.3523,Development,0,0,0,0,0,-1,-1,2018-03-26,-0.0514773944836938,-0.0334861605017905,-0.03348616050179054,-0.0,0.0514773944836938,-0.0514773944836938,1.0014700441798368,1.143438577802276,0.9160555628497463
2018-03-26,2018-03-26,2018-03-27,5715.3523,5956.2359,Development,0,0,0,0,0,-1,-1,2018-03-26,0.0200109646328126,0.0421467632012815,0.04214676320128152,0.0,-0.0200109646328126,0.0200109646328126,1.0014700441798368,1.1234276131694634,0.9360665274825589
2018-03-27,2018-03-27,2018-03-28,5956.2359,5962.5642,Development,0,0,0,0,0,0,0,,0.0223305302418845,0.0010624663136662,0.0010624663136662438,0.0,0.0,0.0223305302418845,1.0014700441798368,1.1234276131694634,0.9583970577244434
2018-03-28,2018-03-28,2018-03-29,5962.5642,5993.9722,Development,0,0,0,0,0,0,0,,-0.010179932143286,0.0052675323814543,0.005267532381454387,-0.0,-0.0,-0.010179932143286,1.0014700441798368,1.1234276131694634,0.9482171255811573
2018-03-29,2018-03-29,2018-03-30,5993.9722,6052.1757,Development,0,0,0,0,0,0,0,,0.0102983901104329,0.0097103386632322,0.009710338663232232,0.0,0.0,0.0102983901104329,1.0014700441798368,1.1234276131694634,0.9585155156915903
2018-03-30,2018-03-30,2018-04-02,6052.1757,6127.2334,Development,0,0,0,1,0,-1,-1,2018-04-03,0.0132366015222364,0.0124017714819482,0.01240177148194821,0.0,-0.0132366015222364,0.0132366015222364,1.0014700441798368,1.1101910116472269,0.9717521172138267
2018-04-02,2018-04-02,2018-04-03,6127.2334,6039.0675,Development,0,0,0,0,0,-1,-1,2018-04-03,0.0011817349759963,-0.0143891858273262,-0.01438918582732629,0.0,-0.0011817349759963,0.0011817349759963,1.0014700441798368,1.1090092766712305,0.972933852189823
2018-04-03,2018-04-03,2018-04-04,6039.0675,6077.6466,Development,0,0,0,0,0,-1,-1,2018-04-03,-0.0101691708683956,0.0063882544780298,0.00638825447802982,-0.0,0.0101691708683956,-0.0101691708683956,1.0014700441798368,1.1191784475396263,0.9627646813214273
2018-04-04,2018-04-04,2018-04-09,6077.6466,5994.3471,Development,0,0,0,0,0,0,0,,-0.0069347555622678,-0.0137058808256472,-0.013705880825647276,-0.0,-0.0,-0.0069347555622678,1.0014700441798368,1.1191784475396263,0.9558299257591596
2018-04-09,2018-04-09,2018-04-10,5994.3471,6032.4888,Development,0,0,0,0,0,0,0,,0.0013232660532669,0.0063629448484889,0.006362944848488983,0.0,0.0,0.0013232660532669,1.0014700441798368,1.1191784475396263,0.9571531918124265
2018-04-10,2018-04-10,2018-04-11,6032.4888,6082.0316,Development,0,0,0,0,0,0,0,,0.0063218083402232,0.0082126634035359,0.008212663403535991,0.0,0.0,0.0063218083402232,1.0014700441798368,1.1191784475396263,0.9634750001526496
2018-04-11,2018-04-11,2018-04-12,6082.0316,6073.7659,Development,0,0,0,0,0,0,0,,0.0037716477496083,-0.0013590360168467,-0.0013590360168467264,0.0,0.0,0.0037716477496083,1.0014700441798368,1.1191784475396263,0.967246647902258
2018-04-12,2018-04-12,2018-04-13,6073.7659,6073.8353,Development,0,0,0,0,0,0,0,,-0.0057959989107899,1.142618947480578e-05,1.1426189474805781e-05,-0.0,-0.0,-0.0057959989107899,1.0014700441798368,1.1191784475396263,0.961450648991468
2018-04-13,2018-04-13,2018-04-16,6073.8353,6018.1688,Development,0,0,0,0,0,0,0,,-0.0039905081434432,-0.0091649669855221,-0.00916496698552216,-0.0,-0.0,-0.0039905081434432,1.0014700441798368,1.1191784475396263,0.9574601408480249
2018-04-16,2018-04-16,2018-04-17,6018.1688,6024.5543,Development,0,0,0,0,0,0,0,,-0.002452454310068,0.0010610370383761,0.0010610370383761225,-0.0,-0.0,-0.002452454310068,1.0014700441798368,1.1191784475396263,0.9550076865379569
2018-04-17,2018-04-17,2018-04-18,6024.5543,5925.84,Development,0,0,0,1,0,-1,-1,2018-04-19,-0.0202162352561295,-0.0163853282889324,-0.016385328288932466,-0.0,0.0202162352561295,-0.0202162352561295,1.0014700441798368,1.1393946827957557,0.9347914512818274
2018-04-18,2018-04-18,2018-04-19,5925.84,5965.2369,Development,0,0,0,0,0,-1,-1,2018-04-19,0.0135465177045288,0.0066483232756875,0.00664832327568754,0.0,-0.0135465177045288,0.0135465177045288,1.0014700441798368,1.1258481650912269,0.9483379689863563
2018-04-19,2018-04-19,2018-04-20,5965.2369,5984.0635,Development,0,0,0,0,0,-1,-1,2018-04-19,0.0057071936982755,0.0031560523606364,0.00315605236063643,0.0,-0.0057071936982755,0.0057071936982755,1.0014700441798368,1.1201409713929513,0.9540451626846317
2018-04-20,2018-04-20,2018-04-23,5984.0635,5885.6124,Development,0,0,0,0,0,0,0,,-0.020633305718452,-0.0164522151210461,-0.01645221512104611,-0.0,-0.0,-0.020633305718452,1.0014700441798368,1.1201409713929513,0.9334118569661797
2018-04-23,2018-04-23,2018-04-24,5885.6124,5825.4524,Development,0,0,0,0,0,0,0,,-0.009678113956555,-0.0102215361650386,-0.010221536165038625,-0.0,-0.0,-0.009678113956555,1.0014700441798368,1.1201409713929513,0.9237337430096246
2018-04-24,2018-04-24,2018-04-25,5825.4524,5929.405,Development,0,0,0,0,0,0,0,,0.0228835884693137,0.0178445540126634,0.017844554012663494,0.0,0.0,0.0228835884693137,1.0014700441798368,1.1201409713929513,0.9466173314789383
2018-04-25,2018-04-25,2018-04-26,5929.405,5951.1919,Development,0,0,0,0,0,0,0,,0.0003742198905198,0.0036743821681939,0.003674382168193935,0.0,0.0,0.0003742198905198,1.0014700441798368,1.1201409713929513,0.9469915513694582
2018-04-26,2018-04-26,2018-04-27,5951.1919,5865.4419,Development,0,0,0,1,0,-1,-1,2018-05-02,-0.0187007062094276,-0.0144088783290621,-0.014408878329062125,-0.0,0.0187007062094276,-0.0187007062094276,1.0014700441798368,1.1388416776023789,0.9282908451600306
2018-04-27,2018-04-27,2018-05-02,5865.4419,5861.8413,Development,0,0,0,0,0,-1,-1,2018-05-02,0.0022241881063613,-0.0006138667915199,-0.0006138667915199791,0.0,-0.0022241881063613,0.0022241881063613,1.0014700441798368,1.1366174894960177,0.9305150332663918
2018-05-02,2018-05-02,2018-05-03,5861.8413,5843.0903,Development,0,0,0,0,0,-1,-1,2018-05-02,-0.0009657593991561,-0.0031988242329249,-0.003198824232924946,-0.0,0.0009657593991561,-0.0009657593991561,1.0014700441798368,1.1375832488951738,0.9295492738672357
2018-05-03,2018-05-03,2018-05-04,5843.0903,5891.1201,Development,0,0,0,0,0,0,0,,0.00944140864092,0.0082199311552655,0.008219931155265536,0.0,0.0,0.00944140864092,1.0014700441798368,1.1375832488951738,0.9389906825081558
2018-05-04,2018-05-04,2018-05-07,5891.1201,5921.3128,Development,0,0,0,0,0,0,0,,-0.0002218723502082,0.0051251204333788,0.005125120433378871,-0.0,-0.0,-0.0002218723502082,1.0014700441798368,1.1375832488951738,0.9387688101579476
2018-05-07,2018-05-07,2018-05-08,5921.3128,6023.5829,Development,0,0,0,0,0,0,0,,0.0185887675523495,0.0172715246524386,0.01727152465243864,0.0,0.0,0.0185887675523495,1.0014700441798368,1.1375832488951738,0.9573575777102971
2018-05-08,2018-05-08,2018-05-09,6023.5829,6034.4563,Development,0,0,0,0,0,0,0,,0.0037668830779489,0.0018051382674586,0.0018051382674586502,0.0,0.0,0.0037668830779489,1.0014700441798368,1.1375832488951738,0.961124460788246
2018-05-09,2018-05-09,2018-05-10,6034.4563,6036.0064,Development,0,0,0,0,0,0,0,,-0.0020823877357502,0.0002568748405717,0.0002568748405717969,-0.0,-0.0,-0.0020823877357502,1.0014700441798368,1.1375832488951738,0.9590420730524958
2018-05-10,2018-05-10,2018-05-11,6036.0064,6044.9828,Development,0,0,0,0,0,0,0,,0.0018806206673489,0.0014871422270195,0.0014871422270195112,0.0,0.0,0.0018806206673489,1.0014700441798368,1.1375832488951738,0.9609226937198446
2018-05-11,2018-05-11,2018-05-14,6044.9828,5982.4709,Development,0,0,0,0,0,0,0,,-0.008149758542718,-0.0103411212352828,-0.010341121235282857,-0.0,-0.0,-0.008149758542718,1.0014700441798368,1.1375832488951738,0.9527729351771267
2018-05-14,2018-05-14,2018-05-15,5982.4709,5972.1618,Development,0,0,0,0,1,1,1,2018-05-18,-0.003970445755195,-0.0017232177426889,-0.0017232177426889095,-0.0,-0.003970445755195,-0.003970445755195,1.0014700441798368,1.1336128031399788,0.9488024894219317
2018-05-15,2018-05-15,2018-05-16,5972.1618,6002.7535,Development,0,0,0,0,0,1,1,2018-05-18,0.0088839747594411,0.0051223829870115,0.005122382987011509,0.0,0.0088839747594411,0.0088839747594411,1.0014700441798368,1.14249677789942,0.9576864641813727
2018-05-16,2018-05-16,2018-05-17,6002.7535,6000.7411,Development,0,0,0,1,0,0,0,,-0.002740621041228,-0.0003352461499542,-0.0003352461499542825,-0.0,-0.0,-0.002740621041228,1.0014700441798368,1.14249677789942,0.9549458431401447
2018-05-17,2018-05-17,2018-05-18,6000.7411,5968.5598,Development,0,0,0,0,0,0,0,,-0.0050450947470694,-0.0053628875940007,-0.00536288759400072,-0.0,-0.0,-0.0050450947470694,1.0014700441798368,1.14249677789942,0.9499007483930754
2018-05-18,2018-05-18,2018-05-21,5968.5598,6034.4261,Development,0,0,0,0,0,0,0,,0.0035775012414671,0.011035543281312,0.011035543281312066,0.0,0.0,0.0035775012414671,1.0014700441798368,1.14249677789942,0.9534782496345424
2018-05-21,2018-05-21,2018-05-22,6034.4261,6066.2505,Development,0,0,0,0,0,0,0,,0.0128519559736766,0.0052738072308153,0.005273807230815386,0.0,0.0,0.0128519559736766,1.0014700441798368,1.14249677789942,0.966330205608219
2018-05-22,2018-05-22,2018-05-23,6066.2505,6080.7259,Development,0,0,0,0,0,0,0,,0.0034102636720196,0.0023862186370313,0.0023862186370313676,0.0,0.0,0.0034102636720196,1.0014700441798368,1.14249677789942,0.9697404692802387
2018-05-23,2018-05-23,2018-05-24,6080.7259,6014.021,Development,0,0,0,0,0,0,0,,-0.0129756947377613,-0.0109698909467372,-0.010969890946737282,-0.0,-0.0,-0.0129756947377613,1.0014700441798368,1.14249677789942,0.9567647745424773
2018-05-24,2018-05-24,2018-05-25,6014.021,5983.9402,Development,0,0,0,0,0,0,0,,-0.0035295708876674,-0.0050017783443057,-0.005001778344305707,-0.0,-0.0,-0.0035295708876674,1.0014700441798368,1.14249677789942,0.95323520365481
2018-05-25,2018-05-25,2018-05-28,5983.9402,5910.4817,Development,0,0,0,0,0,0,0,,-0.0124858724168585,-0.0122759415276241,-0.012275941527624123,-0.0,-0.0,-0.0124858724168585,1.0014700441798368,1.14249677789942,0.9407493312379515
2018-05-28,2018-05-28,2018-05-29,5910.4817,5884.5898,Development,0,0,0,0,0,0,0,,-0.0044839484039147,-0.0043806750979367,-0.004380675097936715,-0.0,-0.0,-0.0044839484039147,1.0014700441798368,1.14249677789942,0.9362653828340368
2018-05-29,2018-05-29,2018-05-30,5884.5898,5759.449,Development,0,0,0,0,0,0,0,,-0.0094745562780624,-0.0212658493205423,-0.021265849320542318,-0.0,-0.0,-0.0094745562780624,1.0014700441798368,1.14249677789942,0.9267908265559743
2018-05-30,2018-05-30,2018-05-31,5759.449,5722.9475,Development,0,0,0,0,0,0,0,,-0.026194657696749,-0.0063376722321873,-0.006337672232187397,-0.0,-0.0,-0.026194657696749,1.0014700441798368,1.14249677789942,0.9005961688592253
2018-05-31,2018-05-31,2018-06-01,5722.9475,5729.9177,Development,0,0,0,1,0,-1,-1,2018-06-04,0.0126503098121786,0.0012179388330926,0.0012179388330926244,0.0,-0.0126503098121786,0.0126503098121786,1.0014700441798368,1.1298464680872413,0.913246478671404
2018-06-01,2018-06-01,2018-06-04,5729.9177,5692.9699,Development,0,0,0,0,0,-1,-1,2018-06-04,-0.0120530725776424,-0.0064482252511235,-0.0064482252511235405,-0.0,0.0120530725776424,-0.0120530725776424,1.0014700441798368,1.1418995406648837,0.9011934060937615
2018-06-04,2018-06-04,2018-06-05,5692.9699,5681.2157,Development,0,0,0,0,0,-1,-1,2018-06-04,-0.0003459736218198,-0.0020646868341953,-0.0020646868341953617,-0.0,0.0003459736218198,-0.0003459736218198,1.0014700441798368,1.1422455142867034,0.9008474324719418
2018-06-05,2018-06-05,2018-06-06,5681.2157,5770.7144,Development,0,0,0,0,0,0,0,,0.0168795867839879,0.015753441644541,0.015753441644541066,0.0,0.0,0.0168795867839879,1.0014700441798368,1.1422455142867034,0.9177270192559297
2018-06-06,2018-06-06,2018-06-07,5770.7144,5786.4601,Development,0,0,0,0,1,1,1,2018-06-12,-0.0008340950177206,0.0027285529847049,0.0027285529847049794,-0.0,-0.0008340950177206,-0.0008340950177206,1.0014700441798368,1.1414114192689828,0.9168929242382091
2018-06-07,2018-06-07,2018-06-08,5786.4601,5731.8389,Development,0,0,0,0,0,1,1,2018-06-12,-0.0062761142882872,-0.0094394844267569,-0.009439484426756906,-0.0,-0.0062761142882872,-0.0062761142882872,1.0014700441798368,1.1351353049806956,0.9106168099499219
2018-06-08,2018-06-08,2018-06-11,5731.8389,5657.6488,Development,0,0,0,0,0,1,1,2018-06-12,-0.0119753031081675,-0.0129435075364731,-0.012943507536473109,-0.0,-0.0119753031081675,-0.0119753031081675,1.0014700441798368,1.1231600018725283,0.8986415068417544
2018-06-11,2018-06-11,2018-06-12,5657.6488,5638.3479,Development,0,0,0,1,0,0,0,,-0.0065169385634011,-0.0034114701499322,-0.003411470149932261,-0.0,-0.0,-0.0065169385634011,1.0014700441798368,1.1231600018725283,0.8921245682783533
2018-06-12,2018-06-12,2018-06-13,5638.3479,5678.8092,Development,0,0,0,0,0,0,0,,0.0108284159422717,0.007176091422099,0.0071760914220990735,0.0,0.0,0.0108284159422717,1.0014700441798368,1.1231600018725283,0.902952984220625
2018-06-13,2018-06-13,2018-06-14,5678.8092,5590.5682,Development,0,0,0,0,0,0,0,,-0.0151631041717276,-0.015538644968033,-0.015538644968033033,-0.0,-0.0,-0.0151631041717276,1.0014700441798368,1.1231600018725283,0.8877898800488974
2018-06-14,2018-06-14,2018-06-15,5590.5682,5582.8396,Development,0,0,0,0,0,0,0,,-0.0035822789417824,-0.0013824355098644,-0.0013824355098644991,-0.0,-0.0,-0.0035822789417824,1.0014700441798368,1.1231600018725283,0.8842076011071149
2018-06-15,2018-06-15,2018-06-19,5582.8396,5396.6847,Development,0,0,0,0,0,0,0,,-0.0184335179057327,-0.0333441247353767,-0.033344124735376734,-0.0,-0.0,-0.0184335179057327,1.0014700441798368,1.1231600018725283,0.8657740832013823
2018-06-19,2018-06-19,2018-06-20,5396.6847,5114.0613,Development,0,0,0,1,0,-1,-1,2018-06-21,-0.0624067391198663,-0.0523698188259913,-0.05236981882599134,-0.0,0.0624067391198663,-0.0624067391198663,1.0014700441798368,1.1855667409923945,0.803367344081516
2018-06-20,2018-06-20,2018-06-21,5114.0613,5196.1295,Development,0,0,0,0,0,-1,-1,2018-06-21,0.0110243490029922,0.0160475589136954,0.01604755891369547,0.0,-0.0110243490029922,0.0110243490029922,1.0014700441798368,1.1745423919894022,0.8143916930845082
2018-06-21,2018-06-21,2018-06-22,5196.1295,5052.436,Development,0,0,0,0,0,-1,-1,2018-06-21,-0.0209951978433338,-0.0276539489633582,-0.027653948963358266,-0.0,0.0209951978433338,-0.0209951978433338,1.0014700441798368,1.195537589832736,0.7933964952411744
2018-06-22,2018-06-22,2018-06-25,5052.436,5196.6483,Development,0,0,0,0,0,0,0,,0.0139255429314351,0.0285431225650358,0.028543122565035883,0.0,0.0,0.0139255429314351,1.0014700441798368,1.195537589832736,0.8073220381726095
2018-06-25,2018-06-25,2018-06-26,5196.6483,5059.3834,Development,0,0,0,0,0,0,0,,-0.0068001288651502,-0.0264141215790955,-0.026414121579095506,-0.0,-0.0,-0.0068001288651502,1.0014700441798368,1.195537589832736,0.8005219093074594
2018-06-26,2018-06-26,2018-06-27,5059.3834,5159.6219,Development,0,0,0,0,0,0,0,,0.0068779260419635,0.019812394530132,0.01981239453013206,0.0,0.0,0.0068779260419635,1.0014700441798368,1.195537589832736,0.8073998353494228
2018-06-27,2018-06-27,2018-06-28,5159.6219,5097.5086,Development,0,0,0,0,0,0,0,,-0.0098415922119308,-0.0120383433522521,-0.012038343352252179,-0.0,-0.0,-0.0098415922119308,1.0014700441798368,1.195537589832736,0.797558243137492
2018-06-28,2018-06-28,2018-06-29,5097.5086,5061.0885,Development,0,0,0,0,0,0,0,,-0.0106445301127948,-0.0071446863277484,-0.007144686327748451,-0.0,-0.0,-0.0106445301127948,1.0014700441798368,1.195537589832736,0.7869137130246973
2018-06-29,2018-06-29,2018-07-02,5061.0885,5216.8532,Development,0,0,0,0,0,0,0,,0.0321763567011299,0.0307769168628446,0.030776916862844672,0.0,0.0,0.0321763567011299,1.0014700441798368,1.195537589832736,0.8190900697258271
2018-07-02,2018-07-02,2018-07-03,5216.8532,5138.5477,Development,0,0,0,0,1,1,1,2018-07-06,-0.0151370770044174,-0.0150101022585797,-0.015010102258579794,-0.0,-0.0151370770044174,-0.0151370770044174,1.0014700441798368,1.1804005128283186,0.8039529927214097
2018-07-03,2018-07-03,2018-07-04,5138.5477,5171.1897,Development,0,0,0,0,0,1,1,2018-07-06,0.0113545764710887,0.0063523785134853,0.006352378513485357,0.0,0.0113545764710887,0.0113545764710887,1.0014700441798368,1.1917550892994073,0.8153075691924984
2018-07-04,2018-07-04,2018-07-05,5171.1897,5109.1425,Development,0,0,0,0,0,1,1,2018-07-06,-0.0145826025215102,-0.0119986315721506,-0.011998631572150642,-0.0,-0.0145826025215102,-0.0145826025215102,1.0014700441798368,1.1771724867778972,0.8007249666709881
2018-07-05,2018-07-05,2018-07-06,5109.1425,4981.983,Development,0,0,0,0,0,1,1,2018-07-06,-0.0270594810315011,-0.0248886187848547,-0.02488861878485471,-0.0,-0.0270594810315011,-0.0270594810315011,1.0014700441798368,1.150113005746396,0.7736654856394871
2018-07-06,2018-07-06,2018-07-09,4981.983,5007.213,Development,0,0,0,0,0,1,1,2018-07-06,0.0027830343997716,0.005064248513092,0.005064248513092062,0.0,0.0027830343997716,0.0027830343997716,1.0014700441798368,1.1528960401461676,0.7764485200392587
2018-07-09,2018-07-09,2018-07-10,5007.213,5114.1215,Development,0,0,0,0,0,0,0,,0.0221991226526503,0.0213508991928246,0.021350899192824624,0.0,0.0,0.0221991226526503,1.0014700441798368,1.1528960401461676,0.798647642691909
2018-07-10,2018-07-10,2018-07-11,5114.1215,5060.0722,Development,0,0,0,0,0,0,0,,0.0056743244859027,-0.0105686382304371,-0.010568638230437188,0.0,0.0,0.0056743244859027,1.0014700441798368,1.1528960401461676,0.8043219671778117
2018-07-11,2018-07-11,2018-07-12,5060.0722,5029.2944,Development,0,0,0,0,0,0,0,,-0.019541606725128,-0.0060824823803896,-0.006082482380389664,-0.0,-0.0,-0.019541606725128,1.0014700441798368,1.1528960401461676,0.7847803604526837
2018-07-12,2018-07-12,2018-07-13,5029.2944,5174.5091,Development,0,0,0,0,0,0,0,,0.027073562944281,0.0288737720345024,0.028873772034502476,0.0,0.0,0.027073562944281,1.0014700441798368,1.1528960401461676,0.8118539233969647
2018-07-13,2018-07-13,2018-07-16,5174.5091,5201.528,Development,0,0,0,0,0,0,0,,0.0061251387916008,0.0052215387929261,0.005221538792926195,0.0,0.0,0.0061251387916008,1.0014700441798368,1.1528960401461676,0.8179790621885654
2018-07-16,2018-07-16,2018-07-17,5201.528,5189.1488,Development,0,0,0,0,0,0,0,,-0.0017265525988647,-0.002379916055436,-0.002379916055436082,-0.0,-0.0,-0.0017265525988647,1.0014700441798368,1.1528960401461676,0.8162525095897007
2018-07-17,2018-07-17,2018-07-18,5189.1488,5198.8899,Development,0,0,0,0,0,0,0,,0.0001918501620012,0.0018772057567515,0.0018772057567515432,0.0,0.0,0.0001918501620012,1.0014700441798368,1.1528960401461676,0.8164443597517019
2018-07-18,2018-07-18,2018-07-19,5198.8899,5153.3769,Development,0,0,0,0,1,1,1,2018-07-24,-0.0076133758518657,-0.0087543688894046,-0.008754368889404618,-0.0,-0.0076133758518657,-0.0076133758518657,1.0014700441798368,1.145282664294302,0.8088309838998363
2018-07-19,2018-07-19,2018-07-20,5153.3769,5105.6524,Development,0,0,0,0,0,1,1,2018-07-24,-0.0087865805079174,-0.0092608208027633,-0.009260820802763359,-0.0,-0.0087865805079174,-0.0087865805079174,1.0014700441798368,1.1364960837863847,0.800044403391919
2018-07-20,2018-07-20,2018-07-23,5105.6524,5146.6187,Development,0,0,0,0,0,1,1,2018-07-24,0.0125064388855096,0.0080237150496182,0.008023715049618296,0.0,0.0125064388855096,0.0125064388855096,1.0014700441798368,1.149002522671894,0.8125508422774285
2018-07-23,2018-07-23,2018-07-24,5146.6187,5213.3942,Development,0,0,0,0,0,1,1,2018-07-24,0.0074879837726151,0.0129746351716322,0.01297463517163222,0.0,0.0074879837726151,0.0074879837726151,1.0014700441798368,1.1564905064445092,0.8200388260500435
2018-07-24,2018-07-24,2018-07-25,5213.3942,5308.0154,Development,0,0,0,0,0,1,1,2018-07-24,0.0173834165598421,0.0181496346468488,0.018149634646848822,0.0,0.0173834165598421,0.0173834165598421,1.0014700441798368,1.1738739230043513,0.8374222426098856
2018-07-25,2018-07-25,2018-07-26,5308.0154,5307.3043,Development,0,0,0,0,0,0,0,,0.0007570540588892,-0.0001339672074049,-0.00013396720740499468,0.0,0.0,0.0007570540588892,1.0014700441798368,1.1738739230043513,0.8381792966687749
2018-07-26,2018-07-26,2018-07-27,5307.3043,5270.2317,Development,0,0,0,0,0,0,0,,-0.0066265348585627,-0.006985203392238,-0.006985203392238071,-0.0,-0.0,-0.0066265348585627,1.0014700441798368,1.1738739230043513,0.8315527618102122
2018-07-27,2018-07-27,2018-07-30,5270.2317,5244.7718,Development,1,0,0,0,0,1,0,,-0.0045868202866992,-0.004830888175182,-0.004830888175182069,-0.0045868202866992,-0.0045868202866992,-0.0045868202866992,0.9968832238931375,1.1692871027176521,0.826965941523513
2018-07-30,2018-07-30,2018-07-31,5244.7718,5182.8265,Development,1,0,0,0,0,1,0,,-0.0122186800715007,-0.0118108665852726,-0.011810866585272639,-0.0122186800715007,-0.0122186800715007,-0.0122186800715007,0.9846645438216368,1.1570684226461514,0.8147472614520123
2018-07-31,2018-07-31,2018-08-01,5182.8265,5198.4559,Development,1,0,0,0,0,1,0,,0.0006876559621888,0.0030156131987053,0.003015613198705358,0.0006876559621888,0.0006876559621888,0.0006876559621888,0.9853521997838256,1.1577560786083403,0.815434917414201
2018-08-01,2018-08-01,2018-08-02,5198.4559,5094.3419,Development,1,0,0,0,0,1,0,,-0.0160622570907033,-0.020027870198918,-0.020027870198918052,-0.0160622570907033,-0.0160622570907033,-0.0160622570907033,0.9692899426931223,1.1416938215176369,0.7993726603234977
2018-08-02,2018-08-02,2018-08-03,5094.3419,4982.894,Development,1,0,0,0,0,1,0,,-0.0214209767703409,-0.02187680022026,-0.021876800220260062,-0.0214209767703409,-0.0214209767703409,-0.0214209767703409,0.9478689659227814,1.120272844747296,0.7779516835531568
2018-08-03,2018-08-03,2018-08-06,4982.894,4919.5015,Development,0,0,0,1,0,-1,-1,2018-08-07,-0.0132629785516927,-0.012722024590529,-0.012722024590529069,-0.0,0.0132629785516927,-0.0132629785516927,0.9478689659227814,1.1335358232989887,0.7646887050014641
2018-08-06,2018-08-06,2018-08-07,4919.5015,4836.3133,Development,0,0,0,0,0,-1,-1,2018-08-07,-0.0211976672245043,-0.0169098840604073,-0.016909884060407387,-0.0,0.0211976672245043,-0.0211976672245043,0.9478689659227814,1.154733490523493,0.7434910377769599
2018-08-07,2018-08-07,2018-08-08,4836.3133,4940.7793,Development,0,0,0,0,0,-1,-1,2018-08-07,0.0272775458635228,0.021600337595995,0.021600337595995,0.0,-0.0272775458635228,0.0272775458635228,0.9478689659227814,1.1274559446599701,0.7707685836404826
2018-08-08,2018-08-08,2018-08-09,4940.7793,4862.1543,Development,0,0,0,0,1,1,1,2018-08-14,-0.0153932566906409,-0.0159134815028066,-0.015913481502806692,-0.0,-0.0153932566906409,-0.0153932566906409,0.9478689659227814,1.1120626879693294,0.7553753269498418
2018-08-09,2018-08-09,2018-08-10,4862.1543,5000.0489,Development,0,0,0,0,0,1,1,2018-08-14,0.025448649495692,0.028360802946957,0.028360802946957087,0.0,0.025448649495692,0.025448649495692,0.9478689659227814,1.1375113374650214,0.7808239764455338
2018-08-10,2018-08-10,2018-08-13,5000.0489,4981.3434,Development,0,0,0,0,0,1,1,2018-08-14,0.0051433898114825,-0.0037410634123998,-0.003741063412399881,0.0,0.0051433898114825,0.0051433898114825,0.9478689659227814,1.1426547272765037,0.7859673662570162
2018-08-13,2018-08-13,2018-08-14,4981.3434,5043.89,Development,0,0,0,1,0,0,0,,0.0049220608594571,0.0125561710923203,0.012556171092320323,0.0,0.0,0.0049220608594571,0.9478689659227814,1.1426547272765037,0.7908894271164734
2018-08-14,2018-08-14,2018-08-15,5043.89,5035.5656,Development,0,0,0,0,0,0,0,,-0.0034404061040949,-0.0016503928515492,-0.0016503928515492206,-0.0,-0.0,-0.0034404061040949,0.9478689659227814,1.1426547272765037,0.7874490210123785
2018-08-15,2018-08-15,2018-08-16,5035.5656,4876.6946,Development,0,0,0,0,0,0,0,,-0.0208573319218144,-0.0315497826103189,-0.03154978261031893,-0.0,-0.0,-0.0208573319218144,0.9478689659227814,1.1426547272765037,0.766591689090564
2018-08-16,2018-08-16,2018-08-17,4876.6946,4923.4353,Development,0,0,0,0,0,0,0,,-0.0090080772074915,0.0095845042254645,0.00958450422546453,-0.0,-0.0,-0.0090080772074915,0.9478689659227814,1.1426547272765037,0.7575836118830725
2018-08-17,2018-08-17,2018-08-20,4923.4353,4794.2367,Development,0,0,0,0,0,0,0,,-0.0174583100399575,-0.0262415553627768,-0.026241555362776836,-0.0,-0.0,-0.0174583100399575,0.9478689659227814,1.1426547272765037,0.7401253018431151
2018-08-20,2018-08-20,2018-08-21,4794.2367,4831.2092,Development,0,0,0,0,0,0,0,,0.0061675045234479,0.0077118637050188,0.007711863705018862,0.0,0.0,0.0061675045234479,0.9478689659227814,1.1426547272765037,0.7462928063665629
2018-08-21,2018-08-21,2018-08-22,4831.2092,4877.0124,Development,0,0,0,0,0,0,0,,0.0122766774477742,0.0094806906726372,0.009480690672637238,0.0,0.0,0.0122766774477742,0.9478689659227814,1.1426547272765037,0.7585694838143371
2018-08-22,2018-08-22,2018-08-23,4877.0124,4832.0069,Development,0,0,0,1,0,-1,-1,2018-08-24,-0.0112350824975759,-0.0092280880811373,-0.009228088081137398,-0.0,0.0112350824975759,-0.0112350824975759,0.9478689659227814,1.1538898097740797,0.7473344013167612
2018-08-23,2018-08-23,2018-08-24,4832.0069,4853.8649,Development,0,0,0,0,0,-1,-1,2018-08-24,0.0055089309875053,0.0045235862556403,0.004523586255640311,0.0,-0.0055089309875053,0.0055089309875053,0.9478689659227814,1.1483808787865744,0.7528433323042665
2018-08-24,2018-08-24,2018-08-27,4853.8649,4859.1248,Development,-1,0,0,0,0,-1,0,,-0.0023390590770734,0.0010836519162287,0.0010836519162287228,0.0023390590770734,0.0023390590770734,-0.0023390590770734,0.9502080249998548,1.150719937863648,0.7505042732271932
2018-08-27,2018-08-27,2018-08-28,4859.1248,4964.7342,Development,-1,0,0,0,0,-1,0,,0.0222115390619688,0.0217342431707043,0.02173424317070438,-0.0222115390619688,-0.0222115390619688,0.0222115390619688,0.927996485937886,1.128508398801679,0.7727158122891619
2018-08-28,2018-08-28,2018-08-29,4964.7342,4972.0849,Development,-1,0,0,0,0,-1,0,,0.0028511115427811,0.0014805827872919,0.0014805827872919064,-0.0028511115427811,-0.0028511115427811,0.0028511115427811,0.9251453743951049,1.125657287258898,0.7755669238319429
2018-08-29,2018-08-29,2018-08-30,4972.0849,4937.6506,Development,-1,0,0,0,0,-1,0,,-0.0064827416115678,-0.0069255253465201,-0.006925525346520134,0.0064827416115678,0.0064827416115678,-0.0064827416115678,0.9316281160066727,1.1321400288704657,0.7690841822203751
2018-08-30,2018-08-30,2018-08-31,4937.6506,4854.9649,Development,-1,0,0,0,0,-1,0,,-0.0151436453147026,-0.016745960113095,-0.016745960113095038,0.0151436453147026,0.0151436453147026,-0.0151436453147026,0.9467717613213753,1.1472836741851684,0.7539405369056725
2018-08-31,2018-08-31,2018-09-03,4854.9649,4808.3791,Development,0,0,0,0,0,0,0,,-0.0107450987353633,-0.0095954967666191,-0.009595496766619194,-0.0,-0.0,-0.0107450987353633,0.9467717613213753,1.1472836741851684,0.7431954381703092
2018-09-03,2018-09-03,2018-09-04,4808.3791,4833.8785,Development,0,0,0,0,0,0,0,,0.0049948453979737,0.005303117634797,0.005303117634797072,0.0,0.0,0.0049948453979737,0.9467717613213753,1.1472836741851684,0.748190283568283
2018-09-04,2018-09-04,2018-09-05,4833.8785,4877.1141,Development,0,0,0,0,0,0,0,,0.0106238787420129,0.0089442876977565,0.00894428769775657,0.0,0.0,0.0106238787420129,0.9467717613213753,1.1472836741851684,0.7588141623102959
2018-09-05,2018-09-05,2018-09-06,4877.1141,4800.935,Development,0,0,0,0,1,1,1,2018-09-11,-0.0153869084731047,-0.0156197083845135,-0.015619708384513542,-0.0,-0.0153869084731047,-0.0153869084731047,0.9467717613213753,1.1318967657120638,0.7434272538371911
2018-09-06,2018-09-06,2018-09-07,4800.935,4796.8356,Development,0,0,0,0,0,1,1,2018-09-11,-0.0045044123569379,-0.0008538753388662,-0.0008538753388662723,-0.0,-0.0045044123569379,-0.0045044123569379,0.9467717613213753,1.1273923533551258,0.7389228414802532
2018-09-07,2018-09-07,2018-09-10,4796.8356,4792.5991,Development,0,0,0,0,0,1,1,2018-09-11,-0.000327015866622,-0.0008831864073056,-0.0008831864073056694,-0.0,-0.000327015866622,-0.000327015866622,0.9467717613213753,1.1270653374885038,0.7385958256136312
2018-09-10,2018-09-10,2018-09-11,4792.5991,4702.8347,Development,0,0,0,0,0,1,1,2018-09-11,-0.018135168576991,-0.0187297952795593,-0.018729795279559314,-0.0,-0.018135168576991,-0.018135168576991,0.9467717613213753,1.1089301689115127,0.7204606570366403
2018-09-11,2018-09-11,2018-09-12,4702.8347,4700.8996,Development,0,0,0,0,0,1,1,2018-09-11,-0.0004197770730813,-0.0004114752321616,-0.00041147523216167325,-0.0,-0.0004197770730813,-0.0004197770730813,0.9467717613213753,1.1085103918384314,0.7200408799635589
2018-09-12,2018-09-12,2018-09-13,4700.8996,4727.4302,Development,0,0,0,0,0,0,0,,-0.0018985931923922,0.0056437282770303,0.005643728277030302,-0.0,-0.0,-0.0018985931923922,0.9467717613213753,1.1085103918384314,0.7181422867711668
2018-09-13,2018-09-13,2018-09-14,4727.4302,4720.7775,Development,0,0,0,0,0,0,0,,0.0058027160481044,-0.0014072550452463,-0.0014072550452463028,0.0,0.0,0.0058027160481044,0.9467717613213753,1.1085103918384314,0.7239450028192711
2018-09-14,2018-09-14,2018-09-17,4720.7775,4649.9497,Development,0,0,0,0,0,0,0,,-0.0108303119870424,-0.0150034183987701,-0.015003418398770174,-0.0,-0.0,-0.0108303119870424,0.9467717613213753,1.1085103918384314,0.7131146908322288
2018-09-17,2018-09-17,2018-09-18,4649.9497,4588.2344,Development,0,0,0,0,0,0,0,,-0.0144943558674446,-0.0132722510955333,-0.013272251095533316,-0.0,-0.0,-0.0144943558674446,0.9467717613213753,1.1085103918384314,0.6986203349647842
2018-09-18,2018-09-18,2018-09-19,4588.2344,4673.9479,Development,0,0,0,0,0,0,0,,0.0176246468112297,0.0186811510763267,0.01868115107632673,0.0,0.0,0.0176246468112297,0.9467717613213753,1.1085103918384314,0.7162449817760139
2018-09-19,2018-09-19,2018-09-20,4673.9479,4734.4822,Development,0,0,0,0,0,0,0,,0.011399110956545,0.0129514280636291,0.012951428063629145,0.0,0.0,0.011399110956545,0.9467717613213753,1.1085103918384314,0.7276440927325589
2018-09-20,2018-09-20,2018-09-21,4734.4822,4743.8051,Development,0,0,0,0,0,0,0,,-0.0007204721980866,0.0019691488120916,0.001969148812091648,-0.0,-0.0,-0.0007204721980866,0.9467717613213753,1.1085103918384314,0.7269236205344723
2018-09-21,2018-09-21,2018-09-25,4743.8051,4774.7923,Development,0,0,0,0,0,0,0,,0.0151547045529245,0.0065321402011226,0.006532140201122694,0.0,0.0,0.0151547045529245,0.9467717613213753,1.1085103918384314,0.7420783250873968
2018-09-25,2018-09-25,2018-09-26,4774.7923,4794.0697,Development,0,0,0,0,0,0,0,,-0.0026355531930298,0.0040373274456357,0.0040373274456357855,-0.0,-0.0,-0.0026355531930298,0.9467717613213753,1.1085103918384314,0.739442771894367
2018-09-26,2018-09-26,2018-09-27,4794.0697,4812.6445,Development,0,0,0,0,0,0,0,,0.00481578629935,0.0038745369096324,0.0038745369096324644,0.0,0.0,0.00481578629935,0.9467717613213753,1.1085103918384314,0.744258558193717
2018-09-27,2018-09-27,2018-09-28,4812.6445,4762.3345,Development,0,0,0,0,0,0,0,,-0.0125114040101,-0.0104537120911383,-0.010453712091138323,-0.0,-0.0,-0.0125114040101,0.9467717613213753,1.1085103918384314,0.731747154183617
2018-09-28,2018-09-28,2018-10-08,4762.3345,4722.4176,Development,0,0,0,0,0,0,0,,0.0095362299414833,-0.0083817925851281,-0.008381792585128167,0.0,0.0,0.0095362299414833,0.9467717613213753,1.1085103918384314,0.7412833841251003
2018-10-08,2018-10-08,2018-10-09,4722.4176,4652.4876,Development,0,0,0,0,0,0,0,,-0.0321275809649479,-0.0148080932105622,-0.014808093210562201,-0.0,-0.0,-0.0321275809649479,0.9467717613213753,1.1085103918384314,0.7091558031601524
2018-10-09,2018-10-09,2018-10-10,4652.4876,4634.6392,Development,0,0,0,0,0,0,0,,-0.0024962913426598,-0.0038363132875411,-0.003836313287541193,-0.0,-0.0,-0.0024962913426598,0.9467717613213753,1.1085103918384314,0.7066595118174926
2018-10-10,2018-10-10,2018-10-11,4634.6392,4483.2662,Development,0,0,0,0,0,0,0,,-0.0010801110247636,-0.0326612263582458,-0.032661226358245865,-0.0,-0.0,-0.0010801110247636,0.9467717613213753,1.1085103918384314,0.7055794007927291
2018-10-11,2018-10-11,2018-10-12,4483.2662,4267.3555,Development,0,0,0,0,0,0,0,,-0.0696489679436501,-0.0481592415815059,-0.048159241581505974,-0.0,-0.0,-0.0696489679436501,0.9467717613213753,1.1085103918384314,0.6359304328490789
2018-10-12,2018-10-12,2018-10-15,4267.3555,4283.3557,Development,0,0,0,1,0,-1,-1,2018-10-16,-0.0068220639135141,0.0037494415452381,0.0037494415452381524,-0.0,0.0068220639135141,-0.0068220639135141,0.9467717613213753,1.1153324557519455,0.6291083689355649
2018-10-15,2018-10-15,2018-10-16,4283.3557,4193.3791,Development,-1,0,0,0,0,-1,0,,-0.0184388614091145,-0.0210061004272887,-0.021006100427288787,0.0184388614091145,0.0184388614091145,-0.0184388614091145,0.9652106227304897,1.13377131716106,0.6106695075264503
2018-10-16,2018-10-16,2018-10-17,4193.3791,4147.3455,Development,-1,0,0,0,0,-1,0,,-0.0236881331216969,-0.0109776862292273,-0.010977686229227346,0.0236881331216969,0.0236881331216969,-0.0236881331216969,0.9888987558521867,1.1574594502827569,0.5869813744047535
2018-10-17,2018-10-17,2018-10-18,4147.3455,4104.3335,Development,-1,0,0,0,0,-1,0,,0.0082201719445096,-0.0103709710223083,-0.010370971022308328,-0.0082201719445096,-0.0082201719445096,0.0082201719445096,0.9806785839076771,1.1492392783382472,0.595201546349263
2018-10-18,2018-10-18,2018-10-19,4104.3335,3958.4458,Development,-1,0,0,0,0,-1,0,,-0.0278033258566493,-0.0355447967373995,-0.03554479673739952,0.0278033258566493,0.0278033258566493,-0.0278033258566493,1.0084819097643265,1.1770426041948967,0.5673982204926138
2018-10-19,2018-10-19,2018-10-22,3958.4458,4165.7571,Development,-1,1,0,0,0,0,0,,0.0272552076772467,0.0523718930293297,0.052371893029329764,-0.0272552076772467,0.0,0.0272552076772467,0.9812267020870797,1.1770426041948967,0.5946534281698606
2018-10-22,2018-10-22,2018-10-23,4165.7571,4336.4461,Development,0,0,0,0,0,0,0,,0.0496995701583635,0.0409743045267809,0.04097430452678097,0.0,0.0,0.0496995701583635,0.9812267020870797,1.1770426041948967,0.644352998328224
2018-10-23,2018-10-23,2018-10-24,4336.4461,4233.8377,Development,0,0,0,0,0,0,0,,-0.0183673542389367,-0.0236618644931387,-0.023661864493138784,-0.0,-0.0,-0.0183673542389367,0.9812267020870797,1.1770426041948967,0.6259856440892873
2018-10-24,2018-10-24,2018-10-25,4233.8377,4124.1854,Development,0,0,0,0,0,0,0,,-0.0018966953321715,-0.025899032454645,-0.025899032454645088,-0.0,-0.0,-0.0018966953321715,0.9812267020870797,1.1770426041948967,0.6240889487571157
2018-10-25,2018-10-25,2018-10-26,4124.1854,4260.9102,Development,0,0,0,0,1,1,1,2018-10-31,-0.002606908547907,0.0331519528680741,0.03315195286807415,-0.0,-0.002606908547907,-0.002606908547907,0.9812267020870797,1.1744356956469897,0.6214820402092087
2018-10-26,2018-10-26,2018-10-29,4260.9102,4220.635,Development,0,0,0,0,0,1,1,2018-10-31,-0.0001091766788978,-0.0094522527135164,-0.009452252713516462,-0.0,-0.0001091766788978,-0.0001091766788978,0.9812267020870797,1.1743265189680918,0.621372863530311
2018-10-29,2018-10-29,2018-10-30,4220.635,4145.3966,Development,0,0,0,0,0,1,1,2018-10-31,-0.01687144548063,-0.0178263223424911,-0.017826322342491152,-0.0,-0.01687144548063,-0.01687144548063,0.9812267020870797,1.1574550734874618,0.6045014180496809
2018-10-30,2018-10-30,2018-10-31,4145.3966,4207.7588,Development,0,0,0,0,0,1,1,2018-10-31,0.0100940883124922,0.0150437234401166,0.015043723440116619,0.0,0.0100940883124922,0.0100940883124922,0.9812267020870797,1.167549161799954,0.6145955063621731
2018-10-31,2018-10-31,2018-11-01,4207.7588,4299.4595,Development,0,0,0,0,0,1,1,2018-10-31,0.0161752203997276,0.021793240620161,0.02179324062016108,0.0,0.0161752203997276,0.0161752203997276,0.9812267020870797,1.1837243821996817,0.6307707267619007
2018-11-01,2018-11-01,2018-11-02,4299.4595,4366.734,Development,0,0,0,0,0,0,0,,0.0061864434270872,0.0156471993747122,0.015647199374712262,0.0,0.0,0.0061864434270872,0.9812267020870797,1.1837243821996817,0.6369571701889879
2018-11-02,2018-11-02,2018-11-05,4366.734,4427.6324,Development,0,0,0,0,0,0,0,,0.0323243607553107,0.013945983428347,0.013945983428347075,0.0,0.0,0.0323243607553107,0.9812267020870797,1.1837243821996817,0.6692815309442985
2018-11-05,2018-11-05,2018-11-06,4427.6324,4427.3572,Development,0,0,0,0,0,0,0,,0.0006493545121417,-6.215511477425384e-05,-6.215511477425384e-05,0.0,0.0,0.0006493545121417,0.9812267020870797,1.1837243821996817,0.6699308854564403
2018-11-06,2018-11-06,2018-11-07,4427.3572,4437.7218,Development,0,0,0,0,0,0,0,,-0.0006149529702506,0.0023410354149875,0.0023410354149875356,-0.0,-0.0,-0.0006149529702506,0.9812267020870797,1.1837243821996817,0.6693159324861897
2018-11-07,2018-11-07,2018-11-08,4437.7218,4442.6555,Development,0,0,0,0,0,0,0,,-0.0051735017478775,0.0011117641488926,0.001111764148892691,-0.0,-0.0,-0.0051735017478775,0.9812267020870797,1.1837243821996817,0.6641424307383121
2018-11-08,2018-11-08,2018-11-09,4442.6555,4363.2135,Development,0,0,0,0,0,0,0,,-0.0074306657824357,-0.0178816475866742,-0.01788164758667421,-0.0,-0.0,-0.0074306657824357,0.9812267020870797,1.1837243821996817,0.6567117649558765
2018-11-09,2018-11-09,2018-11-12,4363.2135,4360.6321,Development,0,0,0,0,0,0,0,,-0.0031294549660195,-0.0005916281658002,-0.0005916281658002731,-0.0,-0.0,-0.0031294549660195,0.9812267020870797,1.1837243821996817,0.653582309989857
2018-11-12,2018-11-12,2018-11-13,4360.6321,4430.9498,Development,0,0,0,0,0,0,0,,0.0258832188504258,0.0161255750055135,0.016125575005513593,0.0,0.0,0.0258832188504258,0.9812267020870797,1.1837243821996817,0.6794655288402828
2018-11-13,2018-11-13,2018-11-14,4430.9498,4551.7973,Development,0,0,0,0,0,0,0,,0.0182625381717214,0.0272734978852615,0.027273497885261566,0.0,0.0,0.0182625381717214,0.9812267020870797,1.1837243821996817,0.6977280670120042
2018-11-14,2018-11-14,2018-11-15,4551.7973,4540.8808,Development,0,0,0,0,0,0,0,,-0.0039500517920855,-0.0023982834209248,-0.0023982834209248516,-0.0,-0.0,-0.0039500517920855,0.9812267020870797,1.1837243821996817,0.6937780152199187
2018-11-15,2018-11-15,2018-11-16,4540.8808,4625.0038,Development,0,0,0,0,0,0,0,,0.0163469485231895,0.0185257010049681,0.018525701004968198,0.0,0.0,0.0163469485231895,0.9812267020870797,1.1837243821996817,0.7101249637431082
2018-11-16,2018-11-16,2018-11-19,4625.0038,4660.475,Development,0,0,0,0,0,0,0,,0.0085030261282592,0.0076694423472689,0.007669442347268962,0.0,0.0,0.0085030261282592,0.9812267020870797,1.1837243821996817,0.7186279898713674
2018-11-19,2018-11-19,2018-11-20,4660.475,4629.1263,Development,0,0,0,0,0,0,0,,0.0024984457823529,-0.0067265031997811,-0.006726503199781186,0.0,0.0,0.0024984457823529,0.9812267020870797,1.1837243821996817,0.7211264356537204
2018-11-20,2018-11-20,2018-11-21,4629.1263,4483.378,Development,1,0,0,0,0,1,0,,-0.0285367598304079,-0.0314850558300818,-0.031485055830081876,-0.0285367598304079,-0.0285367598304079,-0.0285367598304079,0.9526899422566718,1.1551876223692739,0.6925896758233124
2018-11-21,2018-11-21,2018-11-22,4483.378,4562.6424,Development,1,0,0,0,0,1,0,,0.0037962738228281,0.0176796156826393,0.017679615682639316,0.0037962738228281,0.0037962738228281,0.0037962738228281,0.9564862160794999,1.158983896192102,0.6963859496461405
2018-11-22,2018-11-22,2018-11-23,4562.6424,4542.1102,Development,1,0,0,0,0,1,0,,-0.0007351348275211,-0.0045000677677478,-0.004500067767747806,-0.0007351348275211,-0.0007351348275211,-0.0007351348275211,0.9557510812519788,1.1582487613645807,0.6956508148186195
2018-11-23,2018-11-23,2018-11-26,4542.1102,4371.4238,Development,1,0,0,0,0,1,0,,-0.0387935262124904,-0.0375786567221553,-0.037578656722155324,-0.0387935262124904,-0.0387935262124904,-0.0387935262124904,0.9169575550394884,1.1194552351520903,0.656857288606129
2018-11-26,2018-11-26,2018-11-27,4371.4238,4393.2898,Development,1,0,0,0,0,1,0,,-0.0016692327477109,0.0050020316035246,0.005002031603524637,-0.0016692327477109,-0.0016692327477109,-0.0016692327477109,0.9152883222917775,1.1177860024043795,0.6551880558584182
2018-11-27,2018-11-27,2018-11-28,4393.2898,4389.8322,Development,0,0,0,0,0,0,0,,0.0046227306527848,-0.0007870184206831,-0.0007870184206831832,0.0,0.0,0.0046227306527848,0.9152883222917775,1.1177860024043795,0.659810786511203
2018-11-28,2018-11-28,2018-11-29,4389.8322,4462.7925,Development,0,0,0,0,1,1,1,2018-12-04,0.012354080537162,0.0166202935957324,0.01662029359573247,0.0,0.012354080537162,0.012354080537162,0.9152883222917775,1.1301400829415416,0.672164867048365
2018-11-29,2018-11-29,2018-11-30,4462.7925,4334.0405,Development,0,0,0,0,0,1,1,2018-12-04,-0.0216472304634576,-0.0288500977807055,-0.028850097780705575,-0.0,-0.0216472304634576,-0.0216472304634576,0.9152883222917775,1.108492852478084,0.6505176365849074
2018-11-30,2018-11-30,2018-12-03,4334.0405,4483.6634,Development,0,0,0,1,0,0,0,,0.0071215405194509,0.0345227276948612,0.0345227276948612,0.0,0.0,0.0071215405194509,0.9152883222917775,1.108492852478084,0.6576391771043583
2018-12-03,2018-12-03,2018-12-04,4483.6634,4506.2466,Development,0,0,0,0,0,0,0,,0.0316503182079102,0.005036774169979,0.0050367741699790525,0.0,0.0,0.0316503182079102,0.9152883222917775,1.108492852478084,0.6892894953122685
2018-12-04,2018-12-04,2018-12-05,4506.2466,4456.1979,Development,0,0,0,0,0,0,0,,0.0046591565086038,-0.0111065160082451,-0.011106516008245193,0.0,0.0,0.0046591565086038,0.9152883222917775,1.108492852478084,0.6939486518208723
2018-12-05,2018-12-05,2018-12-06,4456.1979,4476.8102,Development,0,0,0,0,0,0,0,,-0.0073868487228898,0.0046255351451065,0.004625535145106552,-0.0,-0.0,-0.0073868487228898,0.9152883222917775,1.108492852478084,0.6865618030979825
2018-12-06,2018-12-06,2018-12-07,4476.8102,4419.6086,Development,0,0,0,0,0,0,0,,-0.0203463826754163,-0.0127773118458317,-0.012777311845831751,-0.0,-0.0,-0.0203463826754163,0.9152883222917775,1.108492852478084,0.6662154204225662
2018-12-07,2018-12-07,2018-12-10,4419.6086,4381.3803,Development,0,0,0,0,0,0,0,,-2.926715320394901e-05,-0.0086497026003614,-0.008649702600361464,-0.0,-0.0,-2.926715320394901e-05,0.9152883222917775,1.108492852478084,0.6661861532693623
2018-12-10,2018-12-10,2018-12-11,4381.3803,4373.0273,Development,0,0,0,0,0,0,0,,-0.0117088135453891,-0.0019064768242099,-0.0019064768242099683,-0.0,-0.0,-0.0117088135453891,0.9152883222917775,1.108492852478084,0.6544773397239732
2018-12-11,2018-12-11,2018-12-12,4373.0273,4408.9142,Development,0,0,0,0,0,0,0,,0.0083173671296128,0.0082064202983596,0.008206420298359607,0.0,0.0,0.0083173671296128,0.9152883222917775,1.108492852478084,0.662794706853586
2018-12-12,2018-12-12,2018-12-13,4408.9142,4405.0861,Development,0,0,0,0,0,0,0,,-0.0005110144754372,-0.0008682636645548,-0.0008682636645548358,-0.0,-0.0,-0.0005110144754372,0.9152883222917775,1.108492852478084,0.6622836923781488
2018-12-13,2018-12-13,2018-12-14,4405.0861,4436.0023,Development,0,0,0,0,0,0,0,,0.0113429376025988,0.007018296418769,0.007018296418769054,0.0,0.0,0.0113429376025988,0.9152883222917775,1.108492852478084,0.6736266299807475
2018-12-14,2018-12-14,2018-12-17,4436.0023,4322.5935,Development,0,0,0,0,0,0,0,,-0.0238692207424036,-0.0255655412982991,-0.025565541298299133,-0.0,-0.0,-0.0238692207424036,0.9152883222917775,1.108492852478084,0.6497574092383439
2018-12-17,2018-12-17,2018-12-18,4322.5935,4308.0478,Development,0,0,0,0,0,0,0,,-0.0014885514003877,-0.0033650399927728,-0.0033650399927728225,-0.0,-0.0,-0.0014885514003877,0.9152883222917775,1.108492852478084,0.6482688578379562
2018-12-18,2018-12-18,2018-12-19,4308.0478,4311.2792,Development,0,0,0,0,0,0,0,,-0.0053985011244856,0.0007500845278456,0.0007500845278456403,-0.0,-0.0,-0.0053985011244856,0.9152883222917775,1.108492852478084,0.6428703567134706
2018-12-19,2018-12-19,2018-12-20,4311.2792,4240.3729,Development,0,0,0,0,0,0,0,,-0.0137833092558101,-0.0164466963772607,-0.016446696377260706,-0.0,-0.0,-0.0137833092558101,0.9152883222917775,1.108492852478084,0.6290870474576604
2018-12-20,2018-12-20,2018-12-21,4240.3729,4246.4287,Development,0,0,0,0,0,0,0,,0.0027925098315071,0.0014281291157201,0.0014281291157201004,0.0,0.0,0.0027925098315071,0.9152883222917775,1.108492852478084,0.6318795572891676
2018-12-21,2018-12-21,2018-12-24,4246.4287,4227.354,Development,0,0,0,0,0,0,0,,-0.006718075805842,-0.0044919393089067,-0.004491939308906789,-0.0,-0.0,-0.006718075805842,0.9152883222917775,1.108492852478084,0.6251614814833255
2018-12-24,2018-12-24,2018-12-25,4227.354,4233.5432,Development,0,0,0,0,0,0,0,,0.0102992949424551,0.0014640836797674,0.0014640836797674694,0.0,0.0,0.0102992949424551,0.9152883222917775,1.108492852478084,0.6354607764257807
2018-12-25,2018-12-25,2018-12-26,4233.5432,4218.6618,Development,0,0,0,1,0,-1,-1,2018-12-27,-0.0115117198971873,-0.0035151170773455,-0.003515117077345531,-0.0,0.0115117198971873,-0.0115117198971873,0.9152883222917775,1.1200045723752712,0.6239490565285934
2018-12-26,2018-12-26,2018-12-27,4218.6618,4263.3345,Development,0,0,0,0,0,-1,-1,2018-12-27,-0.0040485267538202,0.0105893058315316,0.010589305831531615,-0.0,0.0040485267538202,-0.0040485267538202,0.9152883222917775,1.1240530991290913,0.6199005297747732
2018-12-27,2018-12-27,2018-12-28,4263.3345,4168.9399,Development,-1,0,0,0,0,-1,0,,-0.0112002282669876,-0.0221410259973735,-0.022141025997373553,0.0112002282669876,0.0112002282669876,-0.0112002282669876,0.9264885505587651,1.135253327396079,0.6087003015077856
2018-12-28,2018-12-28,2019-01-02,4168.9399,4176.1098,Development,-1,0,0,0,0,-1,0,,0.0016259698781395,0.0017198376978282,0.0017198376978282415,-0.0016259698781395,-0.0016259698781395,0.0016259698781395,0.9248625806806257,1.1336273575179394,0.6103262713859251
2019-01-02,2019-01-02,2019-01-03,4176.1098,4131.6949,Development,-1,0,0,0,0,-1,0,,-0.0086562585839283,-0.0106354722761359,-0.010635472276135927,0.0086562585839283,0.0086562585839283,-0.0086562585839283,0.9335188392645539,1.1422836161018677,0.6016700128019967
2019-01-03,2019-01-03,2019-01-04,4131.6949,4075.6217,Development,-1,0,0,0,0,-1,0,,-0.0046345354974315,-0.0135714764417866,-0.01357147644178669,0.0046345354974315,0.0046345354974315,-0.0046345354974315,0.9381533747619853,1.1469181515992992,0.5970354773045653
2019-01-04,2019-01-04,2019-01-07,4075.6217,4235.0346,Development,-1,0,0,0,0,-1,0,,0.0238454174971012,0.0391137626929407,0.03911376269294076,-0.0238454174971012,-0.0238454174971012,0.0238454174971012,0.9143079572648842,1.123072734102198,0.6208808948016665
2019-01-07,2019-01-07,2019-01-08,4235.0346,4278.2802,Development,0,0,0,0,1,1,1,2019-01-11,0.0183916012207048,0.0102113923697342,0.010211392369734229,0.0,0.0183916012207048,0.0183916012207048,0.9143079572648842,1.1414643353229028,0.6392724960223714
2019-01-08,2019-01-08,2019-01-09,4278.2802,4286.231,Development,0,0,0,0,0,1,1,2019-01-11,-0.0025713312573394,0.0018584103023451,0.001858410302345126,-0.0,-0.0025713312573394,-0.0025713312573394,0.9143079572648842,1.1388930040655634,0.636701164765032
2019-01-09,2019-01-09,2019-01-10,4286.231,4289.5591,Development,0,0,0,0,0,1,1,2019-01-11,0.0026827692359989,0.0007764630511049,0.0007764630511049031,0.0,0.0026827692359989,0.0026827692359989,0.9143079572648842,1.1415757733015623,0.6393839340010309
2019-01-10,2019-01-10,2019-01-11,4289.5591,4282.3935,Development,0,0,0,0,0,1,1,2019-01-11,-0.0016114404037874,-0.0016704747114919,-0.0016704747114919538,-0.0,-0.0016114404037874,-0.0016114404037874,0.9143079572648842,1.1399643328977749,0.6377724935972435
2019-01-11,2019-01-11,2019-01-14,4282.3935,4317.5239,Development,0,0,0,0,0,1,1,2019-01-11,0.007710456524437,0.0082034497763925,0.008203449776392535,0.0,0.007710456524437,0.007710456524437,0.9143079572648842,1.147674789422212,0.6454829501216806
2019-01-14,2019-01-14,2019-01-15,4317.5239,4282.9863,Development,0,0,0,0,0,0,0,,-0.0065652644408734,-0.0079993998411914,-0.007999399841191468,-0.0,-0.0,-0.0065652644408734,0.9143079572648842,1.147674789422212,0.6389176856808071
2019-01-15,2019-01-15,2019-01-16,4282.9863,4347.0758,Development,1,0,0,0,0,1,0,,0.0141857990419047,0.0149637415370673,0.014963741537067365,0.0141857990419047,0.0141857990419047,0.0141857990419047,0.9284937563067889,1.1618605884641167,0.6531034847227117
2019-01-16,2019-01-16,2019-01-17,4347.0758,4334.6309,Development,1,0,0,0,0,1,0,,-0.002410108858132,-0.002862821025573,-0.0028628210255730036,-0.002410108858132,-0.002410108858132,-0.002410108858132,0.9260836474486569,1.1594504796059846,0.6506933758645799
2019-01-17,2019-01-17,2019-01-18,4334.6309,4307.1386,Development,1,0,0,0,0,1,0,,-0.0076430789070636,-0.0063424777412997,-0.006342477741299701,-0.0076430789070636,-0.0076430789070636,-0.0076430789070636,0.9184405685415933,1.151807400698921,0.6430502969575163
2019-01-18,2019-01-18,2019-01-21,4307.1386,4354.6997,Development,1,0,0,0,0,1,0,,0.0102423692485598,0.0110423890236548,0.011042389023654842,0.0102423692485598,0.0102423692485598,0.0102423692485598,0.9286829377901531,1.1620497699474808,0.6532926662060761
2019-01-21,2019-01-21,2019-01-22,4354.6997,4370.8568,Development,1,0,0,0,0,1,0,,0.0059391033354898,0.0037102673233699,0.0037102673233699868,0.0059391033354898,0.0059391033354898,0.0059391033354898,0.934622041125643,1.1679888732829706,0.6592317695415658
2019-01-22,2019-01-22,2019-01-23,4370.8568,4298.938,Development,1,0,0,0,0,1,0,,-0.0149490127578826,-0.0164541652336904,-0.016454165233690476,-0.0149490127578826,-0.0149490127578826,-0.0149490127578826,0.9196730283677603,1.153039860525088,0.6442827567836833
2019-01-23,2019-01-23,2019-01-24,4298.938,4318.7091,Development,1,0,0,0,0,1,0,,0.0017252473497486,0.0045990660949284,0.004599066094928439,0.0017252473497486,0.0017252473497486,0.0017252473497486,0.9213982757175089,1.1547651078748367,0.6460080041334318
2019-01-24,2019-01-24,2019-01-25,4318.7091,4341.4133,Development,1,0,0,0,0,1,0,,0.0052101583141641,0.0052571727973065,0.005257172797306531,0.0052101583141641,0.0052101583141641,0.0052101583141641,0.926608434031673,1.1599752661890008,0.6512181624475959
2019-01-25,2019-01-25,2019-01-28,4341.4133,4341.4922,Development,1,0,0,0,0,1,0,,-0.0045476087843491,1.8173805290455647e-05,1.8173805290455647e-05,-0.0045476087843491,-0.0045476087843491,-0.0045476087843491,0.9220608252473239,1.1554276574046516,0.6466705536632469
2019-01-28,2019-01-28,2019-01-29,4341.4922,4301.4692,Development,0,0,0,0,0,0,0,,-0.002598645710558,-0.0092187197756569,-0.009218719775656914,-0.0,-0.0,-0.002598645710558,0.9220608252473239,1.1554276574046516,0.6440719079526889
2019-01-29,2019-01-29,2019-01-30,4301.4692,4235.2746,Development,0,0,0,0,0,0,0,,-0.0122891574880463,-0.0153888350519864,-0.015388835051986405,-0.0,-0.0,-0.0122891574880463,0.9220608252473239,1.1554276574046516,0.6317827504646425
2019-01-30,2019-01-30,2019-01-31,4235.2746,4203.9772,Development,0,0,0,1,0,-1,-1,2019-02-01,-0.0100284712775055,-0.00738969794308,-0.007389697943080087,-0.0,0.0100284712775055,-0.0100284712775055,0.9220608252473239,1.1654561286821572,0.621754279187137
2019-01-31,2019-01-31,2019-02-01,4203.9772,4189.1098,Development,0,0,0,0,0,-1,-1,2019-02-01,-0.0083458552266126,-0.0035365082379609,-0.0035365082379609225,-0.0,0.0083458552266126,-0.0083458552266126,0.9220608252473239,1.1738019839087697,0.6134084239605244
2019-02-01,2019-02-01,2019-02-11,4189.1098,4306.2006,Development,0,0,0,0,0,-1,-1,2019-02-01,0.0282045818603102,0.0279512367997611,0.027951236799761192,0.0,-0.0282045818603102,0.0282045818603102,0.9220608252473239,1.1455974020484596,0.6416130058208347
2019-02-11,2019-02-11,2019-02-12,4306.2006,4398.4427,Development,0,0,0,0,0,0,0,,0.0252888640247459,0.0214207624233759,0.021420762423375983,0.0,0.0,0.0252888640247459,0.9220608252473239,1.1455974020484596,0.6669018698455805
2019-02-12,2019-02-12,2019-02-13,4398.4427,4442.7279,Development,0,0,0,0,1,1,1,2019-02-18,0.0083168993438547,0.0100683817024602,0.010068381702460272,0.0,0.0083168993438547,0.0083168993438547,0.9220608252473239,1.1539143013923143,0.6752187691894352
2019-02-13,2019-02-13,2019-02-14,4442.7279,4507.8406,Development,1,0,0,0,0,1,0,,0.0164261845687057,0.0146560179839059,0.014656017983905922,0.0164261845687057,0.0164261845687057,0.0164261845687057,0.9384870098160296,1.17034048596102,0.691644953758141
2019-02-14,2019-02-14,2019-02-15,4507.8406,4523.9449,Development,1,0,0,0,0,1,0,,0.0043792796432804,0.0035725087528604,0.003572508752860415,0.0043792796432804,0.0043792796432804,0.0043792796432804,0.9428662894593101,1.1747197656043005,0.6960242334014213
2019-02-15,2019-02-15,2019-02-18,4523.9449,4527.9685,Development,1,0,0,0,0,1,0,,-0.0064947035635181,0.0008894007528694,0.0008894007528694736,-0.0064947035635181,-0.0064947035635181,-0.0064947035635181,0.936371585895792,1.1682250620407824,0.6895295298379032
2019-02-18,2019-02-18,2019-02-19,4527.9685,4683.3252,Development,1,0,0,0,0,1,0,,0.035148461330656,0.0343104639530951,0.034310463953095116,0.035148461330656,0.035148461330656,0.035148461330656,0.9715200472264479,1.2033735233714382,0.7246779911685592
2019-02-19,2019-02-19,2019-02-20,4683.3252,4667.3534,Development,1,0,0,0,0,1,0,,0.0013483375559617,-0.0034103546770573,-0.0034103546770573034,0.0013483375559617,0.0013483375559617,0.0013483375559617,0.9728683847824097,1.2047218609274,0.726026328724521
2019-02-20,2019-02-20,2019-02-21,4667.3534,4666.2814,Development,1,0,0,0,0,1,0,,7.299749258882215e-05,-0.0002296804865901,-0.00022968048659011142,7.299749258882215e-05,7.299749258882215e-05,7.299749258882215e-05,0.9729413822749985,1.2047948584199888,0.7260993262171098
2019-02-21,2019-02-21,2019-02-22,4666.2814,4651.538,Development,1,0,0,0,0,1,0,,-0.0018170271330535,-0.003159560844316,-0.0031595608443160117,-0.0018170271330535,-0.0018170271330535,-0.0018170271330535,0.971124355141945,1.2029778312869353,0.7242822990840563
2019-02-22,2019-02-22,2019-02-25,4651.538,4840.5434,Development,1,0,0,0,0,1,0,,0.0253597276288852,0.0406328831453166,0.040632883145316656,0.0253597276288852,0.0253597276288852,0.0253597276288852,0.9964840827708301,1.2283375589158205,0.7496420267129416
2019-02-25,2019-02-25,2019-02-26,4840.5434,5059.284,Development,1,0,0,0,0,1,0,,0.0558995726810158,0.0451892653209142,0.045189265320914274,0.0558995726810158,0.0558995726810158,0.0558995726810158,1.052383655451846,1.2842371315968362,0.8055415993939573
2019-02-26,2019-02-26,2019-02-27,5059.284,5027.3875,Development,1,0,0,0,0,1,0,,-0.0011504165871552,-0.0063045482325166,-0.0063045482325166935,-0.0011504165871552,-0.0011504165871552,-0.0011504165871552,1.0512332388646908,1.2830867150096812,0.8043911828068021
2019-02-27,2019-02-27,2019-02-28,5027.3875,5017.4403,Development,1,0,0,0,0,1,0,,-0.0041002523844438,-0.0019786022064143,-0.001978602206414326,-0.0041002523844438,-0.0041002523844438,-0.0041002523844438,1.047132986480247,1.2789864626252374,0.8002909304223583
2019-02-28,2019-02-28,2019-03-01,5017.4403,5047.2277,Development,1,0,0,0,0,1,0,,0.0014761400831049,0.0059367721824215,0.005936772182421501,0.0014761400831049,0.0014761400831049,0.0014761400831049,1.048609126563352,1.2804626027083423,0.8017670705054631
2019-03-01,2019-03-01,2019-03-04,5047.2277,5112.9515,Development,1,0,0,0,0,1,0,,0.0083445311916545,0.0130217624221709,0.013021762422170902,0.0083445311916545,0.0083445311916545,0.0083445311916545,1.0569536577550063,1.2888071338999967,0.8101116016971177
2019-03-04,2019-03-04,2019-03-05,5112.9515,5146.6204,Development,1,0,0,0,0,1,0,,0.0179628297539578,0.0065850223691736,0.0065850223691736876,0.0179628297539578,0.0179628297539578,0.0179628297539578,1.074916487508964,1.3067699636539545,0.8280744314510755
2019-03-05,2019-03-05,2019-03-06,5146.6204,5328.1279,Development,1,0,0,0,0,1,0,,0.0265673799587755,0.0352673183357374,0.035267318335737485,0.0265673799587755,0.0265673799587755,0.0265673799587755,1.1014838674677396,1.33333734361273,0.8546418114098511
2019-03-06,2019-03-06,2019-03-07,5328.1279,5381.2266,Development,1,0,0,0,0,1,0,,0.0178916809771889,0.0099657329922577,0.00996573299225778,0.0178916809771889,0.0178916809771889,0.0178916809771889,1.1193755484449286,1.351229024589919,0.8725334923870399
2019-03-07,2019-03-07,2019-03-08,5381.2266,5340.1057,Development,1,0,0,0,0,1,0,,0.0127245873649595,-0.0076415477467535,-0.007641547746753519,0.0127245873649595,0.0127245873649595,0.0127245873649595,1.132100135809888,1.3639536119548785,0.8852580797519994
2019-03-08,2019-03-08,2019-03-11,5340.1057,5279.7507,Development,1,0,0,0,0,1,0,,-0.0390053865858619,-0.0113022107408848,-0.011302210740884888,-0.0390053865858619,-0.0390053865858619,-0.0390053865858619,1.0930947492240262,1.3249482253690166,0.8462526931661375
2019-03-11,2019-03-11,2019-03-12,5279.7507,5500.9359,Development,1,0,0,0,0,1,0,,0.0401626292041603,0.0418931143851168,0.04189311438511689,0.0401626292041603,0.0401626292041603,0.0401626292041603,1.1332573784281865,1.365110854573177,0.8864153223702979
2019-03-12,2019-03-12,2019-03-13,5500.9359,5557.1556,Development,0,0,0,1,0,-1,-1,2019-03-14,0.0173415126253098,0.0102200245598207,0.01022002455982074,0.0,-0.0173415126253098,0.0173415126253098,1.1332573784281865,1.3477693419478671,0.9037568349956077
2019-03-13,2019-03-13,2019-03-14,5557.1556,5381.11,Development,0,0,0,0,0,-1,-1,2019-03-14,-0.022723587480021,-0.0316790841703263,-0.03167908417032639,-0.0,0.022723587480021,-0.022723587480021,1.1332573784281865,1.370492929427888,0.8810332475155866
2019-03-14,2019-03-14,2019-03-15,5381.11,5328.8085,Development,0,0,0,0,0,-1,-1,2019-03-14,-0.0232930807742615,-0.0097194630847537,-0.009719463084753799,-0.0,0.0232930807742615,-0.0232930807742615,1.1332573784281865,1.3937860102021495,0.8577401667413251
2019-03-15,2019-03-15,2019-03-18,5328.8085,5387.3756,Development,0,0,0,0,0,0,0,,0.0114195097845006,0.0109906557910648,0.01099065579106484,0.0,0.0,0.0114195097845006,1.1332573784281865,1.3937860102021495,0.8691596765258257
2019-03-18,2019-03-18,2019-03-19,5387.3756,5505.6985,Development,0,0,0,0,0,0,0,,0.026529962528331,0.0219629943752204,0.021962994375220424,0.0,0.0,0.026529962528331,1.1332573784281865,1.3937860102021495,0.8956896390541568
2019-03-19,2019-03-19,2019-03-20,5505.6985,5518.3087,Development,0,0,0,0,0,0,0,,0.0038168335792501,0.0022903905835016,0.002290390583501667,0.0,0.0,0.0038168335792501,1.1332573784281865,1.3937860102021495,0.8995064726334069
2019-03-20,2019-03-20,2019-03-21,5518.3087,5525.9922,Development,0,0,0,0,0,0,0,,-0.0011579665791775,0.0013923650193763,0.0013923650193763404,-0.0,-0.0,-0.0011579665791775,1.1332573784281865,1.3937860102021495,0.8983485060542293
2019-03-21,2019-03-21,2019-03-22,5525.9922,5591.0427,Development,0,0,0,0,0,0,0,,0.0133602727415655,0.0117717321425101,0.01177173214251015,0.0,0.0,0.0133602727415655,1.1332573784281865,1.3937860102021495,0.9117087787957948
2019-03-22,2019-03-22,2019-03-25,5591.0427,5521.251,Development,0,0,0,0,0,0,0,,0.005843515262069,-0.012482769984926,-0.012482769984926034,0.0,0.0,0.005843515262069,1.1332573784281865,1.3937860102021495,0.9175522940578639
2019-03-25,2019-03-25,2019-03-26,5521.251,5571.5251,Development,0,0,0,0,0,0,0,,-0.0128899489201639,0.0091055632138441,0.009105563213844148,-0.0,-0.0,-0.0128899489201639,1.1332573784281865,1.3937860102021495,0.9046623451376999
2019-03-26,2019-03-26,2019-03-27,5571.5251,5431.9779,Development,0,0,0,0,0,0,0,,-0.0278921754480188,-0.025046499386676,-0.025046499386676024,-0.0,-0.0,-0.0278921754480188,1.1332573784281865,1.3937860102021495,0.8767701696896811
2019-03-27,2019-03-27,2019-03-28,5431.9779,5432.9438,Development,0,0,0,0,0,0,0,,0.009824280201147,0.0001778173655677,0.00017781736556776728,0.0,0.0,0.009824280201147,1.1332573784281865,1.3937860102021495,0.8865944498908281
2019-03-28,2019-03-28,2019-03-29,5432.9438,5370.4209,Development,0,0,0,1,0,-1,-1,2019-04-01,-0.0142727275814378,-0.0115081072622176,-0.011508107262217626,-0.0,0.0142727275814378,-0.0142727275814378,1.1332573784281865,1.4080587377835874,0.8723217223093903
2019-03-29,2019-03-29,2019-04-01,5370.4209,5591.6651,Development,0,0,0,0,0,-1,-1,2019-04-01,0.0330593334223938,0.0411968082427207,0.04119680824272076,0.0,-0.0330593334223938,0.0330593334223938,1.1332573784281865,1.3749994043611935,0.9053810557317842
2019-04-01,2019-04-01,2019-04-02,5591.6651,5794.7878,Development,0,0,0,0,1,0,0,,0.0378865950252396,0.0363259773908848,0.036325977390884834,0.0,0.0,0.0378865950252396,1.1332573784281865,1.3749994043611935,0.9432676507570237
2019-04-02,2019-04-02,2019-04-03,5794.7878,5744.2215,Development,0,0,0,0,0,0,0,,0.0030761199442588,-0.0087261694034768,-0.008726169403476813,0.0,0.0,0.0030761199442588,1.1332573784281865,1.3749994043611935,0.9463437707012825
2019-04-03,2019-04-03,2019-04-04,5744.2215,5868.3919,Development,0,0,0,0,0,0,0,,0.0104729771436302,0.0216165758928341,0.021616575892834167,0.0,0.0,0.0104729771436302,1.1332573784281865,1.3749994043611935,0.9568167478449128
2019-04-04,2019-04-04,2019-04-08,5868.3919,5921.2105,Development,0,0,0,0,0,0,0,,0.0060864248476564,0.0090005236357852,0.009000523635785296,0.0,0.0,0.0060864248476564,1.1332573784281865,1.3749994043611935,0.9629031726925691
2019-04-08,2019-04-08,2019-04-09,5921.2105,5834.29,Development,0,0,0,0,0,0,0,,-0.0040752219492016,-0.0146795152781682,-0.014679515278168243,-0.0,-0.0,-0.0040752219492016,1.1332573784281865,1.3749994043611935,0.9588279507433676
2019-04-09,2019-04-09,2019-04-10,5834.29,5826.0258,Development,0,0,0,1,0,-1,-1,2019-04-11,0.0017813713782419,-0.0014164876960177,-0.0014164876960177653,0.0,-0.0017813713782419,0.0017813713782419,1.1332573784281865,1.3732180329829515,0.9606093221216094
2019-04-10,2019-04-10,2019-04-11,5826.0258,5852.636,Development,0,0,0,0,0,-1,-1,2019-04-11,-0.0012436740002605,0.0045674703328639,0.0045674703328639765,-0.0,0.0012436740002605,-0.0012436740002605,1.1332573784281865,1.3744617069832121,0.959365648121349
2019-04-11,2019-04-11,2019-04-12,5852.636,5720.0481,Development,0,0,0,0,0,-1,-1,2019-04-11,-0.0211230645231118,-0.0226543902610721,-0.022654390261072188,-0.0,0.0211230645231118,-0.0211230645231118,1.1332573784281865,1.3955847715063239,0.9382425835982371
2019-04-12,2019-04-12,2019-04-15,5720.0481,5795.5011,Development,0,0,0,0,0,0,0,,-0.0022362334350921,0.013190972991993,0.01319097299199301,-0.0,-0.0,-0.0022362334350921,1.1332573784281865,1.3955847715063239,0.936006350163145
2019-04-15,2019-04-15,2019-04-16,5795.5011,5625.1221,Development,0,0,0,0,0,0,0,,-0.0102172460868634,-0.0293984932553978,-0.029398493255397895,-0.0,-0.0,-0.0102172460868634,1.1332573784281865,1.3955847715063239,0.9257891040762816
2019-04-16,2019-04-16,2019-04-17,5625.1221,5776.6352,Development,0,0,0,0,0,0,0,,0.0213983335344476,0.0269350775514722,0.026935077551472286,0.0,0.0,0.0213983335344476,1.1332573784281865,1.3955847715063239,0.9471874376107292
2019-04-17,2019-04-17,2019-04-18,5776.6352,5804.3014,Development,0,0,0,0,0,0,0,,0.0053172305658197,0.004789327877239,0.004789327877239069,0.0,0.0,0.0053172305658197,1.1332573784281865,1.3955847715063239,0.9525046681765489
2019-04-18,2019-04-18,2019-04-19,5804.3014,5762.5009,Development,0,0,0,0,0,0,0,,-0.005605943583316,-0.007201641872009,-0.007201641872009001,-0.0,-0.0,-0.005605943583316,1.1332573784281865,1.3955847715063239,0.9468987245932329
2019-04-19,2019-04-19,2019-04-22,5762.5009,5821.0229,Development,0,0,0,0,0,0,0,,0.0060619503734173,0.0101556600190726,0.010155660019072643,0.0,0.0,0.0060619503734173,1.1332573784281865,1.3955847715063239,0.9529606749666503
2019-04-22,2019-04-22,2019-04-23,5821.0229,5710.7334,Development,0,0,0,0,0,0,0,,-0.0149974876853208,-0.0189467559043616,-0.01894675590436168,-0.0,-0.0,-0.0149974876853208,1.1332573784281865,1.3955847715063239,0.9379631872813294
2019-04-23,2019-04-23,2019-04-24,5710.7334,5636.4016,Development,0,0,0,0,0,0,0,,-0.0165959475710267,-0.0130161565588055,-0.013016156558805503,-0.0,-0.0,-0.0165959475710267,1.1332573784281865,1.3955847715063239,0.9213672397103028
2019-04-24,2019-04-24,2019-04-25,5636.4016,5652.0056,Development,0,0,0,0,0,0,0,,0.0091795712854925,0.0027684329661676,0.0027684329661676887,0.0,0.0,0.0091795712854925,1.1332573784281865,1.3955847715063239,0.9305468109957953
2019-04-25,2019-04-25,2019-04-26,5652.0056,5427.6228,Development,0,0,0,1,0,-1,-1,2019-04-29,-0.0389642415119491,-0.0396996775799373,-0.03969967757993731,-0.0,0.0389642415119491,-0.0389642415119491,1.1332573784281865,1.434549013018273,0.8915825694838462
2019-04-26,2019-04-26,2019-04-29,5427.6228,5405.1641,Development,0,0,0,0,0,-1,-1,2019-04-29,-0.0092313903178637,-0.0041378520261209,-0.004137852026120936,-0.0,0.0092313903178637,-0.0092313903178637,1.1332573784281865,1.4437804033361368,0.8823511791659824
2019-04-29,2019-04-29,2019-04-30,5405.1641,5244.0447,Development,-1,0,0,0,0,-1,0,,-0.0263366668080613,-0.0298084196925676,-0.029808419692567645,0.0263366668080613,0.0263366668080613,-0.0263366668080613,1.1595940452362477,1.4701170701441981,0.8560145123579211
2019-04-30,2019-04-30,2019-05-06,5244.0447,5122.4696,Development,-1,0,0,0,0,-1,0,,0.0079684919543185,-0.0231834598968998,-0.02318345989689985,-0.0079684919543185,-0.0079684919543185,0.0079684919543185,1.1516255532819293,1.4621485781898795,0.8639830043122396
2019-05-06,2019-05-06,2019-05-07,5122.4696,4933.0425,Development,-1,0,0,0,0,-1,0,,-0.0751308699289317,-0.0369796435687974,-0.03697964356879746,0.0751308699289317,0.0751308699289317,-0.0751308699289317,1.226756423210861,1.5372794481188112,0.7888521343833079
2019-05-07,2019-05-07,2019-05-08,4933.0425,4865.7878,Development,-1,0,0,0,0,-1,0,,0.0131612453263512,-0.0136335131919093,-0.013633513191909308,-0.0131612453263512,-0.0131612453263512,0.0131612453263512,1.2135951778845098,1.52411820279246,0.8020133797096591
2019-05-08,2019-05-08,2019-05-09,4865.7878,4897.9781,Development,-1,1,0,0,0,0,0,,-0.0051599263707557,0.0066156399175485,0.006615639917548544,0.0051599263707557,-0.0,-0.0051599263707557,1.2187551042552653,1.52411820279246,0.7968534533389035
2019-05-09,2019-05-09,2019-05-10,4897.9781,4940.4814,Development,-1,1,0,0,0,0,0,,-0.0119911469108766,0.0086777235692416,0.00867772356924168,0.0119911469108766,-0.0,-0.0119911469108766,1.230746251166142,1.52411820279246,0.7848623064280268
2019-05-10,2019-05-10,2019-05-13,4940.4814,5009.4748,Development,-1,1,0,0,0,0,0,,0.0359851361161642,0.0139649144312132,0.013964914431213282,-0.0359851361161642,0.0,0.0359851361161642,1.1947611150499777,1.52411820279246,0.820847442544191
2019-05-13,2019-05-13,2019-05-14,5009.4748,4942.3937,Development,-1,1,0,0,0,0,0,,-0.0115353226877511,-0.0133908448845775,-0.013390844884577535,0.0115353226877511,-0.0,-0.0115353226877511,1.206296437737729,1.52411820279246,0.8093121198564399
2019-05-14,2019-05-14,2019-05-15,4942.3937,5002.6051,Development,0,0,0,0,1,1,1,2019-05-20,-0.0080488952206119,0.0121826393555009,0.012182639355500902,-0.0,-0.0080488952206119,-0.0080488952206119,1.206296437737729,1.516069307571848,0.801263224635828
2019-05-15,2019-05-15,2019-05-16,5002.6051,5071.1085,Development,0,0,0,0,0,1,1,2019-05-20,0.0223421787814128,0.0136935453889814,0.013693545388981487,0.0,0.0223421787814128,0.0223421787814128,1.206296437737729,1.5384114863532607,0.8236054034172409
2019-05-16,2019-05-16,2019-05-17,5071.1085,5112.2411,Development,0,0,0,0,0,1,1,2019-05-20,0.0062648390493158,0.0081111654384835,0.008111165438483559,0.0,0.0062648390493158,0.0062648390493158,1.206296437737729,1.5446763254025768,0.8298702424665566
2019-05-17,2019-05-17,2019-05-20,5112.2411,4937.1767,Development,0,0,0,0,0,1,1,2019-05-20,-0.0324526147223643,-0.034244159572208,-0.034244159572208055,-0.0,-0.0324526147223643,-0.0324526147223643,1.206296437737729,1.5122237106802126,0.7974176277441923
2019-05-20,2019-05-20,2019-05-21,4937.1767,4917.3424,Development,0,0,0,1,0,0,0,,-0.003848253964246,-0.004017336466811,-0.004017336466811017,-0.0,-0.0,-0.003848253964246,1.206296437737729,1.5122237106802126,0.7935693737799463
2019-05-21,2019-05-21,2019-05-22,4917.3424,5002.1602,Development,0,0,0,0,0,0,0,,0.0175307337137777,0.0172487073505396,0.017248707350539627,0.0,0.0,0.0175307337137777,1.206296437737729,1.5122237106802126,0.811100107493724
2019-05-22,2019-05-22,2019-05-23,5002.1602,4955.2522,Development,0,0,0,0,0,0,0,,-0.0066827249595674,-0.0093775485239357,-0.009377548523935797,-0.0,-0.0,-0.0066827249595674,1.206296437737729,1.5122237106802126,0.8044173825341566
2019-05-23,2019-05-23,2019-05-24,4955.2522,4848.5757,Development,0,0,0,0,0,0,0,,-0.0207927111221464,-0.0215279658218,-0.021527965821800055,-0.0,-0.0,-0.0207927111221464,1.206296437737729,1.5122237106802126,0.7836246714120102
2019-05-24,2019-05-24,2019-05-27,4848.5757,4848.6417,Development,0,0,0,0,0,0,0,,-0.0063951180649335,1.3612244931904272e-05,1.3612244931904272e-05,-0.0,-0.0,-0.0063951180649335,1.206296437737729,1.5122237106802126,0.7772295533470767
2019-05-27,2019-05-27,2019-05-28,4848.6417,4965.5908,Development,0,0,0,0,0,0,0,,0.0250301063211078,0.0241199715788444,0.02411997157884449,0.0,0.0,0.0250301063211078,1.206296437737729,1.5122237106802126,0.8022596596681845
2019-05-28,2019-05-28,2019-05-29,4965.5908,4943.5678,Development,0,0,0,0,0,0,0,,-0.00150344140286,-0.0044351217985985,-0.004435121798598507,-0.0,-0.0,-0.00150344140286,1.206296437737729,1.5122237106802126,0.8007562182653245
2019-05-29,2019-05-29,2019-05-30,4943.5678,4933.5006,Development,0,0,0,0,0,0,0,,0.0002781362189436,-0.0020364239770311,-0.0020364239770311876,0.0,0.0,0.0002781362189436,1.206296437737729,1.5122237106802126,0.8010343544842681
2019-05-30,2019-05-30,2019-05-31,4933.5006,4923.9199,Development,0,0,0,0,0,0,0,,-0.0061451759073952,-0.0019419679405735,-0.0019419679405735524,-0.0,-0.0,-0.0061451759073952,1.206296437737729,1.5122237106802126,0.7948891785768729
2019-05-31,2019-05-31,2019-06-03,4923.9199,4921.7084,Development,0,0,0,0,0,0,0,,-0.0029235326464359,-0.0004491340324198,-0.00044913403241986227,-0.0,-0.0,-0.0029235326464359,1.206296437737729,1.5122237106802126,0.791965645930437
2019-06-03,2019-06-03,2019-06-04,4921.7084,4847.6634,Development,0,0,0,0,0,0,0,,-0.0118455199668647,-0.0150445727341343,-0.015044572734134398,-0.0,-0.0,-0.0118455199668647,1.206296437737729,1.5122237106802126,0.7801201259635723
2019-06-04,2019-06-04,2019-06-05,4847.6634,4837.895,Development,0,0,0,1,0,-1,-1,2019-06-06,-0.0120322666583543,-0.0020150739013768,-0.002015073901376896,-0.0,0.0120322666583543,-0.0120322666583543,1.206296437737729,1.5242559773385667,0.7680878593052181
2019-06-05,2019-06-05,2019-06-06,4837.895,4776.4896,Development,0,0,0,0,0,-1,-1,2019-06-06,-0.0024165593748977,-0.0126925863417871,-0.01269258634178716,-0.0,0.0024165593748977,-0.0024165593748977,1.206296437737729,1.5266725367134644,0.7656712999303203
2019-06-06,2019-06-06,2019-06-10,4776.4896,4693.7633,Development,0,0,0,0,1,0,0,,-0.0219573481426837,-0.0173194766298664,-0.017319476629866437,-0.0,-0.0,-0.0219573481426837,1.206296437737729,1.5266725367134644,0.7437139517876366
2019-06-10,2019-06-10,2019-06-11,4693.7633,4730.8093,Development,0,0,0,0,0,0,0,,0.0099341829044314,0.0078926008049873,0.007892600804987326,0.0,0.0,0.0099341829044314,1.206296437737729,1.5266725367134644,0.753648134692068
2019-06-11,2019-06-11,2019-06-12,4730.8093,4889.3606,Development,0,0,0,0,0,0,0,,0.0372906125060561,0.0335146250769398,0.03351462507693981,0.0,0.0,0.0372906125060561,1.206296437737729,1.5266725367134644,0.7909387471981242
2019-06-12,2019-06-12,2019-06-13,4889.3606,4855.5398,Development,0,0,0,0,0,0,0,,-0.0077487125654062,-0.0069172234913498,-0.006917223491349822,-0.0,-0.0,-0.0077487125654062,1.206296437737729,1.5266725367134644,0.7831900346327179
2019-06-13,2019-06-13,2019-06-14,4855.5398,4880.2264,Development,0,0,0,0,0,0,0,,0.0029111386258622,0.0050842132938546,0.005084213293854667,0.0,0.0,0.0029111386258622,1.206296437737729,1.5266725367134644,0.7861011732585801
2019-06-14,2019-06-14,2019-06-17,4880.2264,4796.1203,Development,0,0,0,0,0,0,0,,-0.0168367536788458,-0.017234057010142,-0.017234057010142023,-0.0,-0.0,-0.0168367536788458,1.206296437737729,1.5266725367134644,0.7692644195797343
2019-06-17,2019-06-17,2019-06-18,4796.1203,4804.3018,Development,0,0,0,0,0,0,0,,0.0015205420501569,0.0017058579619031,0.0017058579619031455,0.0,0.0,0.0015205420501569,1.206296437737729,1.5266725367134644,0.7707849616298912
2019-06-18,2019-06-18,2019-06-19,4804.3018,4902.9598,Development,0,0,0,1,0,-1,-1,2019-06-20,-0.0011809107506352,0.0205353460517403,0.020535346051740344,-0.0,0.0011809107506352,-0.0011809107506352,1.206296437737729,1.5278534474640997,0.769604050879256
2019-06-19,2019-06-19,2019-06-20,4902.9598,4853.2088,Development,0,0,0,0,0,-1,-1,2019-06-20,0.0128763205662165,-0.0101471360217962,-0.010147136021796288,0.0,-0.0128763205662165,0.0128763205662165,1.206296437737729,1.5149771268978833,0.7824803714454724
2019-06-20,2019-06-20,2019-06-21,4853.2088,4973.5853,Development,0,0,0,0,1,0,0,,0.0197199112131256,0.0248034867158404,0.024803486715840428,0.0,0.0,0.0197199112131256,1.206296437737729,1.5149771268978833,0.8022002826585981
2019-06-21,2019-06-21,2019-06-24,4973.5853,5032.3746,Development,0,0,0,0,0,0,0,,0.0134358984129479,0.0118203059672064,0.011820305967206401,0.0,0.0,0.0134358984129479,1.206296437737729,1.5149771268978833,0.815636181071546
2019-06-24,2019-06-24,2019-06-25,5032.3746,5020.2009,Development,0,0,0,0,0,0,0,,0.0005774395186621,-0.0024190766720745,-0.002419076672074527,0.0,0.0,0.0005774395186621,1.206296437737729,1.5149771268978833,0.8162136205902081
2019-06-25,2019-06-25,2019-06-26,5020.2009,4943.7751,Development,0,0,0,0,0,0,0,,-0.009795859030104,-0.0152236536987991,-0.015223653698799189,-0.0,-0.0,-0.009795859030104,1.206296437737729,1.5149771268978833,0.8064177615601041
2019-06-26,2019-06-26,2019-06-27,4943.7751,4974.9859,Development,0,0,0,0,0,0,0,,-0.0024913827936314,0.0063131512596517,0.006313151259651706,-0.0,-0.0,-0.0024913827936314,1.206296437737729,1.5149771268978833,0.8039263787664728
2019-06-27,2019-06-27,2019-06-28,4974.9859,5005.1921,Development,0,0,0,0,0,0,0,,0.0090456127618427,0.0060716151979447,0.006071615197944746,0.0,0.0,0.0090456127618427,1.206296437737729,1.5149771268978833,0.8129719915283155
2019-06-28,2019-06-28,2019-07-01,5005.1921,5044.6638,Development,0,0,0,0,0,0,0,,-0.0113836625276413,0.0078861508632206,0.007886150863220642,-0.0,-0.0,-0.0113836625276413,1.206296437737729,1.5149771268978833,0.8015883290006741
2019-07-01,2019-07-01,2019-07-02,5044.6638,5092.8418,Development,0,0,0,0,0,0,0,,0.0302560774008209,0.0095502895554704,0.009550289555470437,0.0,0.0,0.0302560774008209,1.206296437737729,1.5149771268978833,0.831844406401495
2019-07-02,2019-07-02,2019-07-03,5092.8418,5074.7097,Development,0,0,0,0,0,0,0,,-0.0031080560784536,-0.0035603108661258,-0.0035603108661258487,-0.0,-0.0,-0.0031080560784536,1.206296437737729,1.5149771268978833,0.8287363503230414
2019-07-03,2019-07-03,2019-07-04,5074.7097,5046.883,Development,0,0,0,0,0,0,0,,-0.0085924030516814,-0.005483407257759,-0.0054834072577590875,-0.0,-0.0,-0.0085924030516814,1.206296437737729,1.5149771268978833,0.82014394727136
2019-07-04,2019-07-04,2019-07-05,5046.883,5026.3316,Development,0,0,0,0,0,0,0,,-0.0031150295174936,-0.0040720975699256,-0.004072097569925659,-0.0,-0.0,-0.0031150295174936,1.206296437737729,1.5149771268978833,0.8170289177538664
2019-07-05,2019-07-05,2019-07-08,5026.3316,5028.6349,Development,0,0,0,0,0,0,0,,0.0035102740969803,0.0004582467261013,0.0004582467261013967,0.0,0.0,0.0035102740969803,1.206296437737729,1.5149771268978833,0.8205391918508467
2019-07-08,2019-07-08,2019-07-09,5028.6349,4868.475,Development,0,0,0,1,0,-1,-1,2019-07-10,-0.0340850272293793,-0.0318495781031944,-0.03184957810319444,-0.0,0.0340850272293793,-0.0340850272293793,1.206296437737729,1.5490621541272627,0.7864541646214673
2019-07-09,2019-07-09,2019-07-10,4868.475,4891.9111,Development,0,0,0,0,0,-1,-1,2019-07-10,0.0022260907784248,0.0048138482789785,0.004813848278978572,0.0,-0.0022260907784248,0.0022260907784248,1.206296437737729,1.5468360633488376,0.7886802553998922
2019-07-10,2019-07-10,2019-07-11,4891.9111,4867.6825,Development,0,0,0,0,0,-1,-1,2019-07-10,-0.0077348447703925,-0.0049527882875877,-0.004952788287587717,-0.0,0.0077348447703925,-0.0077348447703925,1.206296437737729,1.5545709081192303,0.7809454106294997
2019-07-11,2019-07-11,2019-07-12,4867.6825,4848.222,Development,0,0,0,0,0,0,0,,0.0001408998834795,-0.0039978983838818,-0.0039978983838818705,0.0,0.0,0.0001408998834795,1.206296437737729,1.5545709081192303,0.7810863105129793
2019-07-12,2019-07-12,2019-07-15,4848.222,4850.8904,Development,0,0,0,0,0,0,0,,0.0035133312969544,0.0005503873378736,0.0005503873378736035,0.0,0.0,0.0035133312969544,1.206296437737729,1.5545709081192303,0.7845996418099337
2019-07-15,2019-07-15,2019-07-16,4850.8904,4917.7931,Development,0,0,0,0,0,0,0,,0.0131143699545983,0.0137918391229783,0.013791839122978322,0.0,0.0,0.0131143699545983,1.206296437737729,1.5545709081192303,0.7977140117645319
2019-07-16,2019-07-16,2019-07-17,4917.7931,4930.6466,Development,0,0,0,0,0,0,0,,0.0013646817124304,0.0026136723808083,0.0026136723808083406,0.0,0.0,0.0013646817124304,1.206296437737729,1.5545709081192303,0.7990786934769624
2019-07-17,2019-07-17,2019-07-18,4930.6466,4909.7172,Development,0,0,0,0,0,0,0,,-0.0006003188372661,-0.0042447576753928,-0.004244757675392896,-0.0,-0.0,-0.0006003188372661,1.206296437737729,1.5545709081192303,0.7984783746396962
2019-07-18,2019-07-18,2019-07-19,4909.7172,4861.2125,Development,0,0,0,0,0,0,0,,-0.0172397716817624,-0.0098793266544966,-0.009879326654496645,-0.0,-0.0,-0.0172397716817624,1.206296437737729,1.5545709081192303,0.7812386029579338
2019-07-19,2019-07-19,2019-07-22,4861.2125,4885.4293,Development,0,0,0,0,0,0,0,,0.007138898431408,0.0049816378115541,0.00498163781155414,0.0,0.0,0.007138898431408,1.206296437737729,1.5545709081192303,0.7883775013893418
2019-07-22,2019-07-22,2019-07-23,4885.4293,4778.0529,Development,0,0,0,0,0,0,0,,-0.0209309043453732,-0.0219789077696815,-0.021978907769681588,-0.0,-0.0,-0.0209309043453732,1.206296437737729,1.5545709081192303,0.7674465970439686
2019-07-23,2019-07-23,2019-07-24,4778.0529,4837.7669,Development,0,0,0,0,0,0,0,,0.0099115581752942,0.0124975594137939,0.012497559413793935,0.0,0.0,0.0099115581752942,1.206296437737729,1.5545709081192303,0.7773581552192628
2019-07-24,2019-07-24,2019-07-25,4837.7669,4873.1742,Development,0,0,0,1,0,-1,-1,2019-07-26,0.0101802928581997,0.0073189346927815,0.0073189346927815535,0.0,-0.0101802928581997,0.0101802928581997,1.206296437737729,1.5443906152610305,0.7875384480774625
2019-07-25,2019-07-25,2019-07-26,4873.1742,4880.7194,Development,0,0,0,0,0,-1,-1,2019-07-26,0.003820233218075,0.0015483132123614,0.0015483132123614851,0.0,-0.003820233218075,0.003820233218075,1.206296437737729,1.5405703820429557,0.7913586812955375
2019-07-26,2019-07-26,2019-07-29,4880.7194,4897.6519,Development,0,0,0,0,0,-1,-1,2019-07-26,0.0013219893061702,0.0034692631582138,0.003469263158213831,0.0,-0.0013219893061702,0.0013219893061702,1.206296437737729,1.5392483927367855,0.7926806706017078
2019-07-29,2019-07-29,2019-07-30,4897.6519,4902.8411,Development,0,0,0,0,0,0,0,,-0.0002228614756072,0.0010595281383718,0.0010595281383718458,-0.0,-0.0,-0.0002228614756072,1.206296437737729,1.5392483927367855,0.7924578091261005
2019-07-30,2019-07-30,2019-07-31,4902.8411,4914.044,Development,0,0,0,0,0,0,0,,0.0052887692904883,0.0022849812530127,0.0022849812530127966,0.0,0.0,0.0052887692904883,1.206296437737729,1.5392483927367855,0.7977465784165888
2019-07-31,2019-07-31,2019-08-01,4914.044,4877.5573,Development,0,0,0,0,0,0,0,,-0.0040046374939248,-0.007424984391674,-0.00742498439167405,-0.0,-0.0,-0.0040046374939248,1.206296437737729,1.5392483927367855,0.793741940922664
2019-08-01,2019-08-01,2019-08-02,4877.5573,4773.4302,Development,0,0,0,0,0,0,0,,-0.0066760442102846,-0.0213482064065142,-0.021348206406514247,-0.0,-0.0,-0.0066760442102846,1.206296437737729,1.5392483927367855,0.7870658967123795
2019-08-02,2019-08-02,2019-08-05,4773.4302,4795.9105,Development,0,0,0,0,0,0,0,,-0.0124319033752191,0.0047094644853087,0.004709464485308734,-0.0,-0.0,-0.0124319033752191,1.206296437737729,1.5392483927367855,0.7746339933371603
2019-08-05,2019-08-05,2019-08-06,4795.9105,4665.8404,Development,0,0,0,1,0,-1,-1,2019-08-07,-0.0120449409572276,-0.0271210440645212,-0.027121044064521205,-0.0,0.0120449409572276,-0.0120449409572276,1.206296437737729,1.5512933336940131,0.7625890523799328
2019-08-06,2019-08-06,2019-08-07,4665.8404,4678.4283,Development,0,0,0,0,0,-1,-1,2019-08-07,-0.0213430615915715,0.0026978848226355,0.0026978848226355545,-0.0,0.0213430615915715,-0.0213430615915715,1.206296437737729,1.5726363952855844,0.7412459907883613
2019-08-07,2019-08-07,2019-08-08,4678.4283,4641.8665,Development,0,0,0,0,0,-1,-1,2019-08-07,-0.0052033703362391,-0.0078149749564399,-0.007814974956439902,-0.0,0.0052033703362391,-0.0052033703362391,1.206296437737729,1.5778397656218237,0.7360426204521222
2019-08-08,2019-08-08,2019-08-09,4641.8665,4677.2477,Development,0,0,0,0,0,0,0,,0.0064276825941997,0.0076221924951955,0.007622192495195579,0.0,0.0,0.0064276825941997,1.206296437737729,1.5778397656218237,0.7424703030463218
2019-08-09,2019-08-09,2019-08-12,4677.2477,4608.1166,Development,0,0,0,0,0,0,0,,-0.011973172660412,-0.0147802948302266,-0.014780294830226692,-0.0,-0.0,-0.011973172660412,1.206296437737729,1.5778397656218237,0.7304971303859098
2019-08-12,2019-08-12,2019-08-13,4608.1166,4649.349,Development,0,0,0,0,0,0,0,,0.0184099801393484,0.0089477770592869,0.008947777059286954,0.0,0.0,0.0184099801393484,1.206296437737729,1.5778397656218237,0.7489071105252583
2019-08-13,2019-08-13,2019-08-14,4649.349,4713.5026,Development,0,0,0,0,0,0,0,,-0.0056897212299988,0.0137984048949648,0.013798404894964866,-0.0,-0.0,-0.0056897212299988,1.206296437737729,1.5778397656218237,0.7432173892952595
2019-08-14,2019-08-14,2019-08-15,4713.5026,4585.0944,Development,0,0,0,0,0,0,0,,0.0054636706548556,-0.0272426284436545,-0.02724262844365455,0.0,0.0,0.0054636706548556,1.206296437737729,1.5778397656218237,0.748681059950115
2019-08-15,2019-08-15,2019-08-16,4585.0944,4702.1415,Development,0,0,0,0,0,0,0,,0.0048486068152238,0.0255277404975564,0.02552774049755646,0.0,0.0,0.0048486068152238,1.206296437737729,1.5778397656218237,0.7535296667653388
2019-08-16,2019-08-16,2019-08-19,4702.1415,4765.0581,Development,0,0,0,0,0,0,0,,0.0034233352733246,0.0133804140092339,0.013380414009233954,0.0,0.0,0.0034233352733246,1.206296437737729,1.5778397656218237,0.7569530020386634
2019-08-19,2019-08-19,2019-08-20,4765.0581,4878.6745,Development,0,0,0,0,0,0,0,,0.0322643847617736,0.0238436547080087,0.023843654708008755,0.0,0.0,0.0322643847617736,1.206296437737729,1.5778397656218237,0.7892173868004371
2019-08-20,2019-08-20,2019-08-21,4878.6745,4865.7174,Development,0,0,0,0,0,0,0,,-0.0004984988522033,-0.0026558648255791,-0.002655864825579113,-0.0,-0.0,-0.0004984988522033,1.206296437737729,1.5778397656218237,0.7887188879482339
2019-08-21,2019-08-21,2019-08-22,4865.7174,4894.3625,Development,1,0,0,0,0,1,0,,0.0020759322203369,0.0058871277645511,0.005887127764551137,0.0020759322203369,0.0020759322203369,0.0020759322203369,1.2083723699580657,1.5799156978421605,0.7907948201685707
2019-08-22,2019-08-22,2019-08-23,4894.3625,4888.5329,Development,1,0,0,0,0,1,0,,0.0010635257842792,-0.0011910846407473,-0.001191084640747353,0.0010635257842792,0.0010635257842792,0.0010635257842792,1.209435895742345,1.5809792236264397,0.7918583459528499
2019-08-23,2019-08-23,2019-08-26,4888.5329,4799.4831,Development,1,0,0,0,0,1,0,,-2.4141176618863724e-06,-0.0182160582370223,-0.018216058237022326,-2.4141176618863724e-06,-2.4141176618863724e-06,-2.4141176618863724e-06,1.2094334816246832,1.5809768095087777,0.791855931835188
2019-08-26,2019-08-26,2019-08-27,4799.4831,4878.2891,Development,1,0,0,0,0,1,0,,-0.0066376120767058,0.0164196848614801,0.016419684861480155,-0.0066376120767058,-0.0066376120767058,-0.0066376120767058,1.2027958695479772,1.574339197432072,0.7852183197584822
2019-08-27,2019-08-27,2019-08-28,4878.2891,4929.8939,Development,1,0,0,0,0,1,0,,0.0166133438605919,0.0105784628467386,0.01057846284673869,0.0166133438605919,0.0166133438605919,0.0166133438605919,1.2194092134085692,1.5909525412926637,0.8018316636190741
2019-08-28,2019-08-28,2019-08-29,4929.8939,4937.5909,Development,1,0,0,0,0,1,0,,-0.0016065845026009,0.0015612912075044,0.0015612912075044783,-0.0016065845026009,-0.0016065845026009,-0.0016065845026009,1.2178026289059685,1.589345956790063,0.8002250791164732
2019-08-29,2019-08-29,2019-08-30,4937.5909,4963.2785,Development,1,0,0,0,0,1,0,,0.0012155163956122,0.0052024561208585,0.005202456120858567,0.0012155163956122,0.0012155163956122,0.0012155163956122,1.2190181453015805,1.5905614731856752,0.8014405955120855
2019-08-30,2019-08-30,2019-09-02,4963.2785,4894.0496,Development,1,0,0,0,0,1,0,,-0.0096651851517975,-0.0139482199114959,-0.013948219911495974,-0.0096651851517975,-0.0096651851517975,-0.0096651851517975,1.209352960149783,1.5808962880338777,0.7917754103602879
2019-09-02,2019-09-02,2019-09-03,4894.0496,5019.4049,Development,1,0,0,0,0,1,0,,0.0249262149917712,0.0256138188709815,0.025613818870981575,0.0249262149917712,0.0249262149917712,0.0249262149917712,1.2342791751415543,1.605822503025649,0.8167016253520591
2019-09-03,2019-09-03,2019-09-04,5019.4049,5036.5238,Development,1,0,0,0,0,1,0,,0.0071650520322701,0.003410543747925,0.0034105437479250433,0.0071650520322701,0.0071650520322701,0.0071650520322701,1.2414442271738244,1.6129875550579191,0.8238666773843293
2019-09-04,2019-09-04,2019-09-05,5036.5238,5119.5739,Development,1,0,0,0,0,1,0,,0.009731154545322,0.0164895676656984,0.016489567665698424,0.009731154545322,0.009731154545322,0.009731154545322,1.2511753817191464,1.622718709603241,0.8335978319296512
2019-09-05,2019-09-05,2019-09-06,5119.5739,5152.185,Development,1,0,0,0,0,1,0,,0.0088624662893135,0.0063698855875486,0.006369885587548696,0.0088624662893135,0.0088624662893135,0.0088624662893135,1.2600378480084597,1.6315811758925545,0.8424602982189647
2019-09-06,2019-09-06,2019-09-09,5152.185,5202.7058,Development,1,0,0,0,0,1,0,,0.0031590930812366,0.0098057037936329,0.009805703793632992,0.0031590930812366,0.0031590930812366,0.0031590930812366,1.2631969410896964,1.634740268973791,0.8456193913002014
2019-09-09,2019-09-09,2019-09-10,5202.7058,5264.3276,Development,1,0,0,0,0,1,0,,0.0211113960325204,0.0118441830787356,0.011844183078735693,0.0211113960325204,0.0211113960325204,0.0211113960325204,1.2843083371222168,1.6558516650063115,0.8667307873327217
2019-09-10,2019-09-10,2019-09-11,5264.3276,5262.4946,Development,1,0,0,0,0,1,0,,-0.0034491384126568,-0.0003481926162801,-0.00034819261628016296,-0.0034491384126568,-0.0034491384126568,-0.0034491384126568,1.2808591987095599,1.6524025265936548,0.863281648920065
2019-09-11,2019-09-11,2019-09-12,5262.4946,5230.2944,Development,1,0,0,0,0,1,0,,-0.0053407189858359,-0.0061188091290393,-0.006118809129039393,-0.0053407189858359,-0.0053407189858359,-0.0053407189858359,1.275518479723724,1.647061807607819,0.8579409299342291
2019-09-12,2019-09-12,2019-09-16,5230.2944,5263.3007,Development,1,0,0,0,0,1,0,,0.0048531313557285,0.006310600795244,0.006310600795244037,0.0048531313557285,0.0048531313557285,0.0048531313557285,1.2803716110794525,1.6519149389635475,0.8627940612899576
2019-09-16,2019-09-16,2019-09-17,5263.3007,5237.5592,Development,0,0,0,1,0,-1,-1,2019-09-18,0.001474131737589,-0.0048907522992178,-0.004890752299217871,0.0,-0.001474131737589,0.001474131737589,1.2803716110794525,1.6504408072259584,0.8642681930275465
2019-09-17,2019-09-17,2019-09-18,5237.5592,5148.0631,Development,0,0,0,0,0,-1,-1,2019-09-18,-0.020929997711767,-0.0170873677189175,-0.0170873677189175,-0.0,0.020929997711767,-0.020929997711767,1.2803716110794525,1.6713708049377254,0.8433381953157796
2019-09-18,2019-09-18,2019-09-19,5148.0631,5150.4983,Development,0,0,0,0,0,-1,-1,2019-09-18,0.000114367414745,0.0004730322749928,0.00047303227499284617,0.0,-0.000114367414745,0.000114367414745,1.2803716110794525,1.6712564375229804,0.8434525627305246
2019-09-19,2019-09-19,2019-09-20,5150.4983,5198.7279,Development,0,0,0,0,0,0,0,,0.0098483222678316,0.0093640648323287,0.009364064832328767,0.0,0.0,0.0098483222678316,1.2803716110794525,1.6712564375229804,0.8533008849983562
2019-09-20,2019-09-20,2019-09-23,5198.7279,5192.8838,Development,0,0,0,0,0,0,0,,0.0024685897233773,-0.0011241403882669,-0.0011241403882669143,0.0,0.0,0.0024685897233773,1.2803716110794525,1.6712564375229804,0.8557694747217335
2019-09-23,2019-09-23,2019-09-24,5192.8838,5168.1222,Development,0,0,0,0,0,0,0,,-0.0063408389625808,-0.0047683716704771,-0.004768371670477167,-0.0,-0.0,-0.0063408389625808,1.2803716110794525,1.6712564375229804,0.8494286357591527
2019-09-24,2019-09-24,2019-09-25,5168.1222,5162.1513,Development,0,0,0,0,0,0,0,,0.0017901631330579,-0.0011553325886913,-0.0011553325886913823,0.0,0.0,0.0017901631330579,1.2803716110794525,1.6712564375229804,0.8512187988922106
2019-09-25,2019-09-25,2019-09-26,5162.1513,5099.5177,Development,0,0,0,0,0,0,0,,-0.0180925248967241,-0.0121332360018197,-0.012133236001819703,-0.0,-0.0,-0.0180925248967241,1.2803716110794525,1.6712564375229804,0.8331262739954864
2019-09-26,2019-09-26,2019-09-27,5099.5177,4974.0324,Development,0,0,0,0,0,0,0,,-0.0229543131739237,-0.0246072878617521,-0.024607287861752147,-0.0,-0.0,-0.0229543131739237,1.2803716110794525,1.6712564375229804,0.8101719608215627
2019-09-27,2019-09-27,2019-09-30,4974.0324,5009.1385,Development,0,0,0,0,0,0,0,,0.0071202995959771,0.0070578752160923,0.0070578752160923575,0.0,0.0,0.0071202995959771,1.2803716110794525,1.6712564375229804,0.8172922604175399
2019-09-30,2019-09-30,2019-10-08,5009.1385,4955.078,Development,0,0,0,1,0,-1,-1,2019-10-09,-0.0129308201551217,-0.0107923747766206,-0.01079237477662065,-0.0,0.0129308201551217,-0.0129308201551217,1.2803716110794525,1.684187257678102,0.8043614402624182
2019-10-08,2019-10-08,2019-10-09,4955.078,4926.2085,Development,0,0,0,0,0,-1,-1,2019-10-09,0.0001735917503338,-0.0058262453184391,-0.005826245318439116,0.0,-0.0001735917503338,0.0001735917503338,1.2803716110794525,1.6840136659277682,0.804535032012752
2019-10-09,2019-10-09,2019-10-10,4926.2085,4988.1408,Development,0,0,0,0,0,-1,-1,2019-10-09,0.0083356525134856,0.0125720013677863,0.012572001367786356,0.0,-0.0083356525134856,0.0083356525134856,1.2803716110794525,1.6756780134142826,0.8128706845262376
2019-10-10,2019-10-10,2019-10-11,4988.1408,5057.8108,Development,0,0,0,0,0,0,0,,0.0127245618487108,0.0139671277923831,0.013967127792383183,0.0,0.0,0.0127245618487108,1.2803716110794525,1.6756780134142826,0.8255952463749483
2019-10-11,2019-10-11,2019-10-14,5057.8108,5095.2164,Development,0,0,0,0,0,0,0,,0.0018145952902204,0.007395610765037,0.007395610765037031,0.0,0.0,0.0018145952902204,1.2803716110794525,1.6756780134142826,0.8274098416651687
2019-10-14,2019-10-14,2019-10-15,5095.2164,5115.2478,Development,0,0,0,0,0,0,0,,0.0149568693920789,0.0039314130014183,0.003931413001418305,0.0,0.0,0.0149568693920789,1.2803716110794525,1.6756780134142826,0.8423667110572477
2019-10-15,2019-10-15,2019-10-16,5115.2478,5064.3325,Development,0,0,0,0,0,0,0,,-0.0136672202028276,-0.0099536331358178,-0.009953633135817874,-0.0,-0.0,-0.0136672202028276,1.2803716110794525,1.6756780134142826,0.8286994908544201
2019-10-16,2019-10-16,2019-10-17,5064.3325,5039.2712,Development,0,0,0,0,0,0,0,,-0.0044747850272918,-0.0049485889798902,-0.004948588979890256,-0.0,-0.0,-0.0044747850272918,1.2803716110794525,1.6756780134142826,0.8242247058271283
2019-10-17,2019-10-17,2019-10-18,5039.2712,5033.8167,Development,0,0,0,0,0,0,0,,-0.0016874551937178,-0.0010823985817631,-0.0010823985817631776,-0.0,-0.0,-0.0016874551937178,1.2803716110794525,1.6756780134142826,0.8225372506334105
2019-10-18,2019-10-18,2019-10-21,5033.8167,4956.7929,Development,0,0,0,0,0,0,0,,-0.0135285835334385,-0.0153012722930495,-0.015301272293049561,-0.0,-0.0,-0.0135285835334385,1.2803716110794525,1.6756780134142826,0.809008667099972
2019-10-21,2019-10-21,2019-10-22,4956.7929,4954.1075,Development,0,0,0,0,0,0,0,,-0.0021709428774259,-0.0005417615894341,-0.0005417615894341976,-0.0,-0.0,-0.0021709428774259,1.2803716110794525,1.6756780134142826,0.8068377242225461
2019-10-22,2019-10-22,2019-10-23,4954.1075,5009.3572,Development,0,0,0,0,0,0,0,,0.011011252313001,0.0111523013983851,0.01115230139838519,0.0,0.0,0.011011252313001,1.2803716110794525,1.6756780134142826,0.8178489765355471
2019-10-23,2019-10-23,2019-10-24,5009.3572,4961.6853,Development,0,0,0,0,0,0,0,,-0.0076630102271426,-0.0095165703096598,-0.0095165703096598,-0.0,-0.0,-0.0076630102271426,1.2803716110794525,1.6756780134142826,0.8101859663084046
2019-10-24,2019-10-24,2019-10-25,4961.6853,4953.3271,Development,0,0,0,0,0,0,0,,-0.0018014996754003,-0.001684548594809,-0.0016845485948090433,-0.0,-0.0,-0.0018014996754003,1.2803716110794525,1.6756780134142826,0.8083844666330042
2019-10-25,2019-10-25,2019-10-28,4953.3271,5026.064,Development,0,0,0,0,0,0,0,,0.007325553499609,0.0146844532031813,0.014684453203181347,0.0,0.0,0.007325553499609,1.2803716110794525,1.6756780134142826,0.8157100201326132
2019-10-28,2019-10-28,2019-10-29,5026.064,5080.9295,Development,0,0,0,0,0,0,0,,0.0179994131224632,0.0109161960532138,0.010916196053213811,0.0,0.0,0.0179994131224632,1.2803716110794525,1.6756780134142826,0.8337094332550764
2019-10-29,2019-10-29,2019-10-30,5080.9295,4975.6732,Development,0,0,0,0,0,0,0,,-0.0150959952012282,-0.020715953645883,-0.02071595364588308,-0.0,-0.0,-0.0150959952012282,1.2803716110794525,1.6756780134142826,0.8186134380538482
2019-10-30,2019-10-30,2019-10-31,4975.6732,4950.0259,Development,0,0,0,0,0,0,0,,-0.0119450145761159,-0.005154538686343,-0.00515453868634308,-0.0,-0.0,-0.0119450145761159,1.2803716110794525,1.6756780134142826,0.8066684234777323
2019-10-31,2019-10-31,2019-11-01,4950.0259,4908.6477,Development,0,0,0,0,0,0,0,,-0.006159790685955,-0.0083591885852555,-0.008359188585255528,-0.0,-0.0,-0.006159790685955,1.2803716110794525,1.6756780134142826,0.8005086327917773
2019-11-01,2019-11-01,2019-11-04,4908.6477,4974.3632,Development,0,0,0,0,0,0,0,,0.0091373370094636,0.0133876994268704,0.013387699426870459,0.0,0.0,0.0091373370094636,1.2803716110794525,1.6756780134142826,0.8096459698012408
2019-11-04,2019-11-04,2019-11-05,4974.3632,4995.4616,Development,0,0,0,0,0,0,0,,0.0051360550078143,0.0042414273248081,0.004241427324808145,0.0,0.0,0.0051360550078143,1.2803716110794525,1.6756780134142826,0.8147820248090551
2019-11-05,2019-11-05,2019-11-06,4995.4616,5022.1048,Development,0,0,0,0,0,0,0,,0.0075115735552191,0.0053334810941196,0.005333481094119685,0.0,0.0,0.0075115735552191,1.2803716110794525,1.6756780134142826,0.8222935983642743
2019-11-06,2019-11-06,2019-11-07,5022.1048,4970.529,Development,0,0,0,0,0,0,0,,-0.0100627964137245,-0.0102697578115055,-0.01026975781150552,-0.0,-0.0,-0.0100627964137245,1.2803716110794525,1.6756780134142826,0.8122308019505498
2019-11-07,2019-11-07,2019-11-08,4970.529,5036.6566,Development,0,0,0,0,0,0,0,,0.0064993018823136,0.0133039360599243,0.013303936059924304,0.0,0.0,0.0064993018823136,1.2803716110794525,1.6756780134142826,0.8187301038328634
2019-11-08,2019-11-08,2019-11-11,5036.6566,4961.1943,Development,0,0,0,1,0,-1,-1,2019-11-12,-0.0037492610943101,-0.0149826176356752,-0.01498261763567521,-0.0,0.0037492610943101,-0.0037492610943101,1.2803716110794525,1.6794272745085927,0.8149808427385533
2019-11-11,2019-11-11,2019-11-12,4961.1943,4878.9722,Development,0,0,0,0,0,-1,-1,2019-11-12,-0.0224795099278235,-0.0165730457281223,-0.01657304572812235,-0.0,0.0224795099278235,-0.0224795099278235,1.2803716110794525,1.7019067844364164,0.7925013328107298
2019-11-12,2019-11-12,2019-11-13,4878.9722,4878.9678,Development,0,0,0,0,0,-1,-1,2019-11-12,0.0011187083014556,-9.018292828066876e-07,-9.018292828066876e-07,0.0,-0.0011187083014556,0.0011187083014556,1.2803716110794525,1.7007880761349607,0.7936200411121854
2019-11-13,2019-11-13,2019-11-14,4878.9678,4875.2493,Development,0,0,0,0,0,0,0,,-0.0012437278946081,-0.0007621489119071,-0.0007621489119071789,-0.0,-0.0,-0.0012437278946081,1.2803716110794525,1.7007880761349607,0.7923763132175773
2019-11-14,2019-11-14,2019-11-15,4875.2493,4910.2052,Development,0,0,0,0,0,0,0,,0.0074995749191424,0.0071700743590692,0.007170074359069245,0.0,0.0,0.0074995749191424,1.2803716110794525,1.7007880761349607,0.7998758881367197
2019-11-15,2019-11-15,2019-11-18,4910.2052,4862.2803,Development,0,0,0,0,0,0,0,,-0.0088904406102675,-0.009760264194254,-0.00976026419425402,-0.0,-0.0,-0.0088904406102675,1.2803716110794525,1.7007880761349607,0.7909854475264522
2019-11-18,2019-11-18,2019-11-19,4862.2803,4892.3397,Development,0,0,0,0,0,0,0,,0.0049346846801971,0.0061821610736838,0.006182161073683856,0.0,0.0,0.0049346846801971,1.2803716110794525,1.7007880761349607,0.7959201322066493
2019-11-19,2019-11-19,2019-11-20,4892.3397,4975.7561,Development,0,0,0,0,0,0,0,,0.0168937272447082,0.0170504104610722,0.017050410461072252,0.0,0.0,0.0168937272447082,1.2803716110794525,1.7007880761349607,0.8128138594513574
2019-11-20,2019-11-20,2019-11-21,4975.7561,4929.8513,Development,0,0,0,0,0,0,0,,-0.0057962705890808,-0.0092256933574375,-0.009225693357437503,-0.0,-0.0,-0.0057962705890808,1.2803716110794525,1.7007880761349607,0.8070175888622767
2019-11-21,2019-11-21,2019-11-22,4929.8513,4954.3102,Development,0,0,0,1,0,-1,-1,2019-11-25,-0.0001125897612218,0.0049613869692173,0.00496138696921733,-0.0,0.0001125897612218,-0.0001125897612218,1.2803716110794525,1.7009006658961825,0.8069049991010548
2019-11-22,2019-11-22,2019-11-25,4954.3102,4904.9949,Development,0,0,0,0,0,-1,-1,2019-11-25,-0.0084185942799658,-0.0099540194314033,-0.009954019431403394,-0.0,0.0084185942799658,-0.0084185942799658,1.2803716110794525,1.7093192601761484,0.7984864048210891
2019-11-25,2019-11-25,2019-11-26,4904.9949,4906.4289,Development,0,0,0,0,0,-1,-1,2019-11-25,-0.0005262349975004,0.000292355044039,0.0002923550440390166,-0.0,0.0005262349975004,-0.0005262349975004,1.2803716110794525,1.7098454951736488,0.7979601698235886
2019-11-26,2019-11-26,2019-11-27,4906.4289,4881.402,Development,0,0,0,0,0,0,0,,-0.0039456680024679,-0.0051008382084166,-0.005100838208416669,-0.0,-0.0,-0.0039456680024679,1.2803716110794525,1.7098454951736488,0.7940145018211208
2019-11-27,2019-11-27,2019-11-28,4881.402,4897.6525,Development,0,0,0,0,0,0,0,,0.0045255356519888,0.0033290640680689,0.0033290640680689876,0.0,0.0,0.0045255356519888,1.2803716110794525,1.7098454951736488,0.7985400374731095
2019-11-28,2019-11-28,2019-11-29,4897.6525,4888.3484,Development,0,0,0,0,0,0,0,,-0.0030580168640435,-0.0018997060326351,-0.0018997060326351178,-0.0,-0.0,-0.0030580168640435,1.2803716110794525,1.7098454951736488,0.795482020609066
2019-11-29,2019-11-29,2019-12-02,4888.3484,4897.6306,Development,0,0,0,0,0,0,0,,0.0011621596276492,0.0018988417437677,0.001898841743767754,0.0,0.0,0.0011621596276492,1.2803716110794525,1.7098454951736488,0.7966441802367152
2019-12-02,2019-12-02,2019-12-03,4897.6306,4889.4069,Development,0,0,0,0,0,0,0,,0.0021408427017801,-0.0016791180617011,-0.0016791180617011792,0.0,0.0,0.0021408427017801,1.2803716110794525,1.7098454951736488,0.7987850229384954
2019-12-03,2019-12-03,2019-12-04,4889.4069,4902.4853,Development,0,0,0,0,0,0,0,,0.0042878889352797,0.0026748438547834,0.0026748438547834485,0.0,0.0,0.0042878889352797,1.2803716110794525,1.7098454951736488,0.803072911873775
2019-12-04,2019-12-04,2019-12-05,4902.4853,4927.7757,Development,0,0,0,0,0,0,0,,-0.0011745971971569,0.0051586896140207,0.005158689614020773,-0.0,-0.0,-0.0011745971971569,1.2803716110794525,1.7098454951736488,0.8018983146766182
2019-12-05,2019-12-05,2019-12-06,4927.7757,4968.041,Development,0,0,0,0,0,0,0,,0.0095381151689926,0.0081710902547775,0.00817109025477758,0.0,0.0,0.0095381151689926,1.2803716110794525,1.7098454951736488,0.8114364298456108
2019-12-06,2019-12-06,2019-12-09,4968.041,5020.2216,Development,0,0,0,0,0,0,0,,0.0086376282029512,0.0105032547034131,0.010503254703413178,0.0,0.0,0.0086376282029512,1.2803716110794525,1.7098454951736488,0.8200740580485619
2019-12-09,2019-12-09,2019-12-10,5020.2216,5012.4716,Development,1,0,0,0,0,1,0,,0.0028128072541273,-0.0015437565544915,-0.001543756554491571,0.0028128072541273,0.0028128072541273,0.0028128072541273,1.2831844183335799,1.712658302427776,0.8228868653026893
2019-12-10,2019-12-10,2019-12-11,5012.4716,5044.9367,Development,1,0,0,0,0,1,0,,0.0048655376622714,0.0064768646270236,0.006476864627023682,0.0048655376622714,0.0048655376622714,0.0048655376622714,1.2880499559958514,1.7175238400900472,0.8277524029649607
2019-12-11,2019-12-11,2019-12-12,5044.9367,5025.4907,Development,1,0,0,0,0,1,0,,-0.0043122951768722,-0.0038545577786932,-0.0038545577786932572,-0.0043122951768722,-0.0043122951768722,-0.0043122951768722,1.283737660818979,1.7132115449131753,0.8234401077880885
2019-12-12,2019-12-12,2019-12-13,5025.4907,5047.8973,Development,1,0,0,0,0,1,0,,-0.0030388808385864,0.0044585894865947,0.004458589486594722,-0.0030388808385864,-0.0030388808385864,-0.0030388808385864,1.2806987799803926,1.7101726640745887,0.8204012269495021
2019-12-13,2019-12-13,2019-12-16,5047.8973,5095.3481,Development,1,0,0,0,0,1,0,,0.0123073995334916,0.0094001120030711,0.009400112003071115,0.0123073995334916,0.0123073995334916,0.0123073995334916,1.2930061795138843,1.7224800636080804,0.8327086264829937
2019-12-16,2019-12-16,2019-12-17,5095.3481,5167.2291,Development,1,0,0,0,0,1,0,,0.0182024081980007,0.0141071814112168,0.014107181411216807,0.0182024081980007,0.0182024081980007,0.0182024081980007,1.3112085877118849,1.740682471806081,0.8509110346809944
2019-12-17,2019-12-17,2019-12-18,5167.2291,5235.4761,Development,1,0,0,0,0,1,0,,0.013554543170221,0.0132076590139964,0.013207659013996453,0.013554543170221,0.013554543170221,0.013554543170221,1.324763130882106,1.754237014976302,0.8644655778512154
2019-12-18,2019-12-18,2019-12-19,5235.4761,5236.9151,Development,1,0,0,0,0,1,0,,-0.0001790658568163,0.000274855614373,0.0002748556143730152,-0.0001790658568163,-0.0001790658568163,-0.0001790658568163,1.3245840650252896,1.7540579491194856,0.8642865119943991
2019-12-19,2019-12-19,2019-12-20,5236.9151,5244.2134,Development,1,0,0,0,0,1,0,,0.0012631599537036,0.0013936258008075,0.0013936258008075963,0.0012631599537036,0.0012631599537036,0.0012631599537036,1.3258472249789932,1.7553211090731895,0.8655496719481027
2019-12-20,2019-12-20,2019-12-23,5244.2134,5161.2823,Development,1,0,0,0,0,1,0,,-0.0108861611081029,-0.0158138301542037,-0.01581383015420379,-0.0108861611081029,-0.0108861611081029,-0.0108861611081029,1.3149610638708902,1.7444349479650865,0.8546635108399998
2019-12-23,2019-12-23,2019-12-24,5161.2823,5098.805,Development,1,0,0,0,0,1,0,,-0.0193502381788545,-0.0121049956907025,-0.012104995690702558,-0.0193502381788545,-0.0193502381788545,-0.0193502381788545,1.2956108256920358,1.7250847097862319,0.8353132726611453
2019-12-24,2019-12-24,2019-12-25,5098.805,5157.3667,Development,1,0,0,0,0,1,0,,0.0152860625954092,0.0114853774560901,0.011485377456090129,0.0152860625954092,0.0152860625954092,0.0152860625954092,1.310896888287445,1.7403707723816413,0.8505993352565545
2019-12-25,2019-12-25,2019-12-26,5157.3667,5181.3814,Development,1,0,0,0,0,1,0,,0.004073636968362,0.0046563879198275,0.004656387919827587,0.004073636968362,0.004073636968362,0.004073636968362,1.314970525255807,1.7444444093500033,0.8546729722249166
2019-12-26,2019-12-26,2019-12-27,5181.3814,5223.4701,Development,1,0,0,0,0,1,0,,0.0069537168364885,0.0081230654049129,0.008123065404912921,0.0069537168364885,0.0069537168364885,0.0069537168364885,1.3219242420922954,1.7513981261864917,0.861626689061405
2019-12-27,2019-12-27,2019-12-30,5223.4701,5160.3102,Development,1,0,0,0,0,1,0,,-0.0076540382013866,-0.0120915595936884,-0.012091559593688461,-0.0076540382013866,-0.0076540382013866,-0.0076540382013866,1.3142702038909089,1.7437440879851052,0.8539726508600184
2019-12-30,2019-12-30,2019-12-31,5160.3102,5239.9132,Development,1,0,0,0,0,1,0,,0.012114899215281,0.0154260106301362,0.015426010630136266,0.012114899215281,0.012114899215281,0.012114899215281,1.32638510310619,1.7558589872003862,0.8660875500752994
2019-12-31,2019-12-31,2020-01-02,5239.9132,5306.6677,Development,1,0,0,0,0,1,0,,0.0049073259790179,0.0127396194272837,0.012739619427283744,0.0049073259790179,0.0049073259790179,0.0049073259790179,1.3312924290852077,1.760766313179404,0.8709948760543174
2020-01-02,2020-01-02,2020-01-03,5306.6677,5376.0328,Development,1,0,0,0,0,1,0,,0.0186943080746522,0.0130713102687776,0.013071310268777614,0.0186943080746522,0.0186943080746522,0.0186943080746522,1.34998673715986,1.7794606212540562,0.8896891841289696
2020-01-03,2020-01-03,2020-01-06,5376.0328,5365.2171,Development,1,0,0,0,0,1,0,,0.0027020738846144,-0.0020118366837345,-0.0020118366837345025,0.0027020738846144,0.0027020738846144,0.0027020738846144,1.3526888110444744,1.7821626951386706,0.8923912580135839
2020-01-06,2020-01-06,2020-01-07,5365.2171,5441.9032,Development,1,0,0,0,0,1,0,,0.0100755910470975,0.0142931960758867,0.01429319607588675,0.0100755910470975,0.0100755910470975,0.0100755910470975,1.362764402091572,1.7922382861857682,0.9024668490606814
2020-01-07,2020-01-07,2020-01-08,5441.9032,5481.9844,Development,1,0,0,0,0,1,0,,0.011957863862414,0.0073652908783825,0.007365290878382558,0.011957863862414,0.011957863862414,0.011957863862414,1.3747222659539857,1.8041961500481822,0.9144247129230955
2020-01-08,2020-01-08,2020-01-09,5481.9844,5465.8574,Development,1,0,0,0,0,1,0,,-0.0138263852972437,-0.0029418179300182,-0.0029418179300182423,-0.0138263852972437,-0.0138263852972437,-0.0138263852972437,1.3608958806567422,1.7903697647509387,0.9005983276258517
2020-01-09,2020-01-09,2020-01-10,5465.8574,5511.6739,Development,1,0,0,0,0,1,0,,0.0135968041279426,0.0083823079614187,0.0083823079614187,0.0135968041279426,0.0135968041279426,0.0135968041279426,1.3744926847846848,1.8039665688788813,0.9141951317537943
2020-01-10,2020-01-10,2020-01-13,5511.6739,5478.3159,Development,1,0,0,0,0,1,0,,-0.0031495888826988,-0.0060522448543264,-0.006052244854326427,-0.0031495888826988,-0.0031495888826988,-0.0031495888826988,1.3713430959019859,1.8008169799961824,0.9110455428710955
2020-01-13,2020-01-13,2020-01-14,5478.3159,5576.6291,Development,1,0,1,0,0,0,0,,0.0144883208232999,0.0179458800468224,0.017945880046822404,0.0144883208232999,0.0,0.0144883208232999,1.3858314167252859,1.8008169799961824,0.9255338636943954
2020-01-14,2020-01-14,2020-01-15,5576.6291,5532.9613,Development,0,0,0,0,0,0,0,,-0.0031109280133027,-0.0078305010458737,-0.007830501045873794,-0.0,-0.0,-0.0031109280133027,1.3858314167252859,1.8008169799961824,0.9224229356810927
2020-01-15,2020-01-15,2020-01-16,5532.9613,5539.4211,Development,0,0,0,0,0,0,0,,-0.0022201847323607,0.0011675122325542,0.0011675122325542908,-0.0,-0.0,-0.0022201847323607,1.3858314167252859,1.8008169799961824,0.920202750948732
2020-01-16,2020-01-16,2020-01-17,5539.4211,5539.723,Development,0,0,0,0,0,0,0,,-0.0004265802265761,5.450027982178973e-05,5.450027982178973e-05,-0.0,-0.0,-0.0004265802265761,1.3858314167252859,1.8008169799961824,0.9197761707221559
2020-01-17,2020-01-17,2020-01-20,5539.723,5523.0098,Development,0,0,0,0,0,0,0,,-0.0031880173113159,-0.0030169739533908,-0.0030169739533908446,-0.0,-0.0,-0.0031880173113159,1.3858314167252859,1.8008169799961824,0.91658815341084
2020-01-20,2020-01-20,2020-01-21,5523.0098,5581.0102,Development,0,0,0,0,0,0,0,,0.0140635141420706,0.0105015928090512,0.010501592809051274,0.0,0.0,0.0140635141420706,1.3858314167252859,1.8008169799961824,0.9306516675529106
2020-01-21,2020-01-21,2020-01-22,5581.0102,5502.587,Development,0,0,0,0,0,0,0,,-0.0113814033839138,-0.0140517929890182,-0.014051792989018264,-0.0,-0.0,-0.0113814033839138,1.3858314167252859,1.8008169799961824,0.9192702641689968
2020-01-22,2020-01-22,2020-01-23,5502.587,5521.7921,Development,0,0,0,1,1,0,0,,0.0093358512695436,0.0034901947029641,0.003490194702964189,0.0,0.0,0.0093358512695436,1.3858314167252859,1.8008169799961824,0.9286061154385404
2020-01-23,2020-01-23,2020-02-03,5521.7921,4896.8945,Development,0,0,0,0,0,0,0,,-0.0354714470558276,-0.1131693458723299,-0.11316934587232996,-0.0,-0.0,-0.0354714470558276,1.3858314167252859,1.8008169799961824,0.8931346683827128
2020-02-03,2020-02-03,2020-02-04,4896.8945,4736.1227,Development,0,0,0,0,0,0,0,,-0.0868096829726519,-0.0328313791526446,-0.03283137915264467,-0.0,-0.0,-0.0868096829726519,1.3858314167252859,1.8008169799961824,0.8063249854100609
2020-02-04,2020-02-04,2020-02-05,4736.1227,5035.4089,Development,0,0,0,0,0,0,0,,0.0174251523819122,0.0631922395084909,0.06319223950849095,0.0,0.0,0.0174251523819122,1.3858314167252859,1.8008169799961824,0.8237501377919731
2020-02-05,2020-02-05,2020-02-06,5035.4089,5128.1863,Development,0,0,0,0,0,0,0,,0.0255155120081373,0.0184249982161328,0.01842499821613286,0.0,0.0,0.0255155120081373,1.3858314167252859,1.8008169799961824,0.8492656498001104
2020-02-06,2020-02-06,2020-02-07,5128.1863,5287.269,Development,0,0,0,0,0,0,0,,0.0310170729411551,0.031021240394484,0.031021240394484062,0.0,0.0,0.0310170729411551,1.3858314167252859,1.8008169799961824,0.8802827227412655
2020-02-07,2020-02-07,2020-02-10,5287.269,5322.0089,Development,0,0,0,0,0,0,0,,0.0083561614223359,0.0065704809042248,0.006570480904224851,0.0,0.0,0.0083561614223359,1.3858314167252859,1.8008169799961824,0.8886388841636015
2020-02-10,2020-02-10,2020-02-11,5322.0089,5390.5255,Development,0,0,0,0,0,0,0,,0.0115257320631663,0.0128741986883937,0.01287419868839379,0.0,0.0,0.0115257320631663,1.3858314167252859,1.8008169799961824,0.9001646162267678
2020-02-11,2020-02-11,2020-02-12,5390.5255,5345.522,Development,0,0,0,0,0,0,0,,-0.0050400720253668,-0.0083486294610793,-0.008348629461079393,-0.0,-0.0,-0.0050400720253668,1.3858314167252859,1.8008169799961824,0.895124544201401
2020-02-12,2020-02-12,2020-02-13,5345.522,5456.6591,Development,0,0,0,0,0,0,0,,0.0184040674788514,0.0207906917229037,0.02079069172290371,0.0,0.0,0.0184040674788514,1.3858314167252859,1.8008169799961824,0.9135286116802523
2020-02-13,2020-02-13,2020-02-14,5456.6591,5407.4738,Development,0,0,0,0,0,0,0,,-0.0086272463385673,-0.0090138121327755,-0.009013812132775523,-0.0,-0.0,-0.0086272463385673,1.3858314167252859,1.8008169799961824,0.9049013653416851
2020-02-14,2020-02-14,2020-02-17,5407.4738,5454.4626,Development,0,0,0,0,0,0,0,,0.001470706200946,0.0086896028973826,0.008689602897382631,0.0,0.0,0.001470706200946,1.3858314167252859,1.8008169799961824,0.906372071542631
2020-02-17,2020-02-17,2020-02-18,5454.4626,5607.8401,Development,0,0,0,1,0,-1,-1,2020-02-19,0.0320310692005474,0.0281196354705961,0.02811963547059615,0.0,-0.0320310692005474,0.0320310692005474,1.3858314167252859,1.768785910795635,0.9384031407431784
2020-02-18,2020-02-18,2020-02-19,5607.8401,5654.1778,Development,0,0,0,0,1,0,0,,0.0118649302415902,0.0082630209088878,0.008263020908887864,0.0,0.0,0.0118649302415902,1.3858314167252859,1.768785910795635,0.9502680709847686
2020-02-19,2020-02-19,2020-02-20,5654.1778,5619.5203,Development,1,0,0,0,0,1,0,,-0.0101666647175948,-0.006129538409634,-0.006129538409634039,-0.0101666647175948,-0.0101666647175948,-0.0101666647175948,1.375664752007691,1.75861924607804,0.9401014062671739
2020-02-20,2020-02-20,2020-02-21,5619.5203,5704.836,Development,1,0,0,0,0,1,0,,0.0184624757725972,0.0151820254123826,0.015182025412382671,0.0184624757725972,0.0184624757725972,0.0184624757725972,1.3941272277802883,1.7770817218506374,0.958563882039771
2020-02-21,2020-02-21,2020-02-24,5704.836,5784.5751,Development,1,0,0,0,0,1,0,,0.0135488509873644,0.0139774570206749,0.013977457020674988,0.0135488509873644,0.0135488509873644,0.0135488509873644,1.4076760787676528,1.7906305728380016,0.9721127330271354
2020-02-24,2020-02-24,2020-02-25,5784.5751,5745.617,Development,1,0,0,0,0,1,0,,0.0140791749755331,-0.0067348248274967,-0.006734824827496766,0.0140791749755331,0.0140791749755331,0.0140791749755331,1.4217552537431857,1.804709747813535,0.9861919080026685
2020-02-25,2020-02-25,2020-02-26,5745.617,5824.0484,Development,1,0,1,0,0,0,0,,0.0054992045389739,0.0136506488337109,0.013650648833710921,0.0054992045389739,0.0,0.0054992045389739,1.4272544582821598,1.804709747813535,0.9916911125416424
2020-02-26,2020-02-26,2020-02-27,5824.0484,5770.2183,Development,1,0,1,0,0,0,0,,-0.0261675614104489,-0.0092427288207287,-0.00924272882072874,-0.0261675614104489,-0.0,-0.0261675614104489,1.4010868968717107,1.804709747813535,0.9655235511311935
2020-02-27,2020-02-27,2020-02-28,5770.2183,5558.4158,Development,1,0,1,0,0,0,0,,0.0017994241696404,-0.0367061502681796,-0.036706150268179694,0.0017994241696404,0.0,0.0017994241696404,1.4028863210413511,1.804709747813535,0.9673229753008339
2020-02-28,2020-02-28,2020-03-02,5558.4158,5516.4386,Development,1,0,0,0,0,1,0,,-0.052563836137049,-0.0075520078940476,-0.007552007894047641,-0.052563836137049,-0.052563836137049,-0.052563836137049,1.3503224849043023,1.752145911676486,0.9147591391637849
2020-03-02,2020-03-02,2020-03-03,5516.4386,5756.7914,Development,0,0,0,0,0,0,0,,0.0376295539750894,0.0435702846398036,0.043570284639803614,0.0,0.0,0.0376295539750894,1.3503224849043023,1.752145911676486,0.9523886931388743
2020-03-03,2020-03-03,2020-03-04,5756.7914,5670.4997,Development,0,0,0,0,1,1,1,2020-03-09,0.0094767019835324,-0.0149895478234628,-0.014989547823462845,0.0,0.0094767019835324,0.0094767019835324,1.3503224849043023,1.7616226136600184,0.9618653951224068
2020-03-04,2020-03-04,2020-03-05,5670.4997,5795.25,Development,0,0,0,0,0,1,1,2020-03-09,0.0011361949736283,0.0219998777180077,0.02199987771800771,0.0,0.0011361949736283,0.0011361949736283,1.3503224849043023,1.7627588086336465,0.963001590096035
2020-03-05,2020-03-05,2020-03-06,5795.25,5737.0958,Development,0,0,0,1,0,0,0,,0.0148007581967126,-0.0100348043656443,-0.010034804365644301,0.0,0.0,0.0148007581967126,1.3503224849043023,1.7627588086336465,0.9778023482927476
2020-03-06,2020-03-06,2020-03-09,5737.0958,5668.6366,Development,0,0,0,0,0,0,0,,-0.0064228460439164,-0.0119327273565834,-0.011932727356583461,-0.0,-0.0,-0.0064228460439164,1.3503224849043023,1.7627588086336465,0.9713795022488312
2020-03-09,2020-03-09,2020-03-10,5668.6366,5459.1732,Development,0,0,0,0,0,0,0,,-0.0412993188141516,-0.0369512838413383,-0.03695128384133839,-0.0,-0.0,-0.0412993188141516,1.3503224849043023,1.7627588086336465,0.9300801834346797
2020-03-10,2020-03-10,2020-03-11,5459.1732,5692.7173,Development,0,0,0,0,0,0,0,,0.0270176533362025,0.0427801228215292,0.04278012282152921,0.0,0.0,0.0270176533362025,1.3503224849043023,1.7627588086336465,0.9570978367708821
2020-03-11,2020-03-11,2020-03-12,5692.7173,5507.3213,Development,0,0,0,0,0,0,0,,-0.0150799157013888,-0.0325672240917357,-0.032567224091735736,-0.0,-0.0,-0.0150799157013888,1.3503224849043023,1.7627588086336465,0.9420179210694933
2020-03-12,2020-03-12,2020-03-13,5507.3213,5225.5063,Development,0,0,0,0,0,0,0,,-0.0171118647143765,-0.0511709748984501,-0.05117097489845013,-0.0,-0.0,-0.0171118647143765,1.3503224849043023,1.7627588086336465,0.9249060563551168
2020-03-13,2020-03-13,2020-03-16,5225.5063,5496.889,Development,0,0,0,0,0,0,0,,-0.0066770979029442,0.0519342403242342,0.051934240324234215,-0.0,-0.0,-0.0066770979029442,1.3503224849043023,1.7627588086336465,0.9182289584521727
2020-03-16,2020-03-16,2020-03-17,5496.889,5245.5231,Development,-1,0,0,0,0,-1,0,,-0.0471095748248653,-0.0457287567567763,-0.045728756756776345,0.0471095748248653,0.0471095748248653,-0.0471095748248653,1.3974320597291676,1.8098683834585119,0.8711193836273073
2020-03-17,2020-03-17,2020-03-18,5245.5231,5257.9438,Development,-1,0,0,0,0,-1,0,,0.0022975841569017,0.0023678668005484,0.002367866800548457,-0.0022975841569017,-0.0022975841569017,0.0022975841569017,1.3951344755722659,1.8075707993016104,0.8734169677842091
2020-03-18,2020-03-18,2020-03-19,5257.9438,5119.9437,Development,-1,0,0,0,0,-1,0,,-0.0177646201784364,-0.0262460203549532,-0.02624602035495327,0.0177646201784364,0.0177646201784364,-0.0177646201784364,1.4128990957507022,1.8253354194800466,0.8556523476057727
2020-03-19,2020-03-19,2020-03-20,5119.9437,5217.488,Development,-1,0,0,0,0,-1,0,,0.0074913786024324,0.0190518305894653,0.019051830589465357,-0.0074913786024324,-0.0074913786024324,0.0074913786024324,1.40540771714827,1.8178440408776142,0.863143726208205
2020-03-20,2020-03-20,2020-03-23,5217.488,5079.3549,Development,-1,1,0,0,0,0,0,,0.0119153747699973,-0.0264750201629596,-0.02647502016295966,-0.0119153747699973,0.0,0.0119153747699973,1.3934923423782726,1.8178440408776142,0.8750591009782023
2020-03-23,2020-03-23,2020-03-24,5079.3549,5089.1516,Development,-1,1,0,0,0,0,0,,-0.0422225598166214,0.0019287291777938,0.0019287291777938531,0.0422225598166214,-0.0,-0.0422225598166214,1.4357149021948938,1.8178440408776142,0.8328365411615809
2020-03-24,2020-03-24,2020-03-25,5089.1516,5200.7752,Development,-1,1,0,0,0,0,0,,0.0194304977915682,0.0219336362469531,0.021933636246953103,-0.0194304977915682,0.0,0.0194304977915682,1.4162844044033258,1.8178440408776142,0.8522670389531491
2020-03-25,2020-03-25,2020-03-26,5200.7752,5180.4657,Development,-1,1,0,0,0,0,0,,0.023819059690417,-0.0039050909179847,-0.0039050909179847437,-0.023819059690417,0.0,0.023819059690417,1.3924653447129087,1.8178440408776142,0.8760860986435661
2020-03-26,2020-03-26,2020-03-27,5180.4657,5222.8511,Development,0,0,0,0,1,1,1,2020-04-01,-0.009835237264706,0.0081817740825886,0.008181774082588689,-0.0,-0.009835237264706,-0.009835237264706,1.3924653447129087,1.8080088036129083,0.8662508613788601
2020-03-27,2020-03-27,2020-03-30,5222.8511,5073.7047,Development,0,0,0,0,0,1,1,2020-04-01,-0.0055693752189631,-0.0285565100640146,-0.028556510064014606,-0.0,-0.0055693752189631,-0.0055693752189631,1.3924653447129087,1.802439428393945,0.860681486159897
2020-03-30,2020-03-30,2020-03-31,5073.7047,5073.5232,Development,0,0,0,0,0,1,1,2020-04-01,-0.0213829651163051,-3.577267711318832e-05,-3.577267711318832e-05,-0.0,-0.0213829651163051,-0.0213829651163051,1.3924653447129087,1.78105646327764,0.8392985210435919
2020-03-31,2020-03-31,2020-04-01,5073.5232,5029.5837,Development,0,0,0,0,0,1,1,2020-04-01,0.0027782874206543,-0.0086605497339599,-0.00866054973395991,0.0,0.0027782874206543,0.0027782874206543,1.3924653447129087,1.7838347506982943,0.8420768084642463
2020-04-01,2020-04-01,2020-04-02,5029.5837,4998.6259,Development,0,0,0,1,0,0,0,,-0.0044103749922591,-0.0061551416273279,-0.006155141627327998,-0.0,-0.0,-0.0044103749922591,1.3924653447129087,1.7838347506982943,0.8376664334719871
2020-04-02,2020-04-02,2020-04-03,4998.6259,5143.5185,Development,0,0,0,0,0,0,0,,0.0254986298963222,0.0289864860661006,0.02898648606610066,0.0,0.0,0.0254986298963222,1.3924653447129087,1.7838347506982943,0.8631650633683093
2020-04-03,2020-04-03,2020-04-07,5143.5185,5202.5465,Development,0,0,0,0,0,0,0,,-0.007802802528496,0.0114761908604004,0.011476190860400415,-0.0,-0.0,-0.007802802528496,1.3924653447129087,1.7838347506982943,0.8553622608398133
2020-04-07,2020-04-07,2020-04-08,5202.5465,5243.1623,Development,0,0,0,0,0,0,0,,0.0313359053258117,0.0078069076364815,0.007806907636481508,0.0,0.0,0.0313359053258117,1.3924653447129087,1.7838347506982943,0.886698166165625
2020-04-08,2020-04-08,2020-04-09,5243.1623,5301.2663,Development,0,0,0,0,0,0,0,,0.0008967219554387,0.0110818617993191,0.011081861799319137,0.0,0.0,0.0008967219554387,1.3924653447129087,1.7838347506982943,0.8875948881210637
2020-04-09,2020-04-09,2020-04-10,5301.2663,5321.7865,Development,0,0,0,0,0,0,0,,0.0096106334613359,0.0038708110173601,0.0038708110173601984,0.0,0.0,0.0096106334613359,1.3924653447129087,1.7838347506982943,0.8972055215823996
2020-04-10,2020-04-10,2020-04-13,5321.7865,5176.4431,Development,0,0,0,0,0,0,0,,-0.0214094929838289,-0.0273110167046347,-0.02731101670463476,-0.0,-0.0,-0.0214094929838289,1.3924653447129087,1.7838347506982943,0.8757960285985708
2020-04-13,2020-04-13,2020-04-14,5176.4431,5197.1716,Development,0,0,0,0,0,0,0,,-0.0075519675472652,0.0040043905824056,0.004004390582405648,-0.0,-0.0,-0.0075519675472652,1.3924653447129087,1.7838347506982943,0.8682440610513056
2020-04-14,2020-04-14,2020-04-15,5197.1716,5291.9664,Development,0,0,0,0,0,0,0,,0.0231018071217814,0.0182396902191954,0.01823969021919547,0.0,0.0,0.0231018071217814,1.3924653447129087,1.7838347506982943,0.8913458681730869
2020-04-15,2020-04-15,2020-04-16,5291.9664,5245.9247,Development,0,0,0,0,0,0,0,,-0.0037520943661195,-0.0087003008938228,-0.008700300893822899,-0.0,-0.0,-0.0037520943661195,1.3924653447129087,1.7838347506982943,0.8875937738069675
2020-04-16,2020-04-16,2020-04-17,5245.9247,5354.9828,Development,0,0,0,0,0,0,0,,0.0091522662388003,0.0207891089248766,0.02078910892487662,0.0,0.0,0.0091522662388003,1.3924653447129087,1.7838347506982943,0.8967460400457677
2020-04-17,2020-04-17,2020-04-20,5354.9828,5329.8688,Development,0,0,0,0,0,0,0,,0.0002791062963729,-0.0046898376592356,-0.004689837659235696,0.0,0.0,0.0002791062963729,1.3924653447129087,1.7838347506982943,0.8970251463421406
2020-04-20,2020-04-20,2020-04-21,5329.8688,5358.6005,Development,0,0,0,0,0,0,0,,0.0119077821608597,0.0053906955458264,0.005390695545826496,0.0,0.0,0.0119077821608597,1.3924653447129087,1.7838347506982943,0.9089329285030003
2020-04-21,2020-04-21,2020-04-22,5358.6005,5304.731,Development,0,0,0,0,0,0,0,,-0.007043219874028,-0.0100529046716582,-0.010052904671658203,-0.0,-0.0,-0.007043219874028,1.3924653447129087,1.7838347506982943,0.9018897086289723
2020-04-22,2020-04-22,2020-04-23,5304.731,5402.6478,Development,0,0,0,0,0,0,0,,0.0081855683676763,0.0184583911983473,0.018458391198347357,0.0,0.0,0.0081855683676763,1.3924653447129087,1.7838347506982943,0.9100752769966486
2020-04-23,2020-04-23,2020-04-24,5402.6478,5350.5426,Development,0,0,0,0,0,0,0,,-0.0055373025059121,-0.009644382149064,-0.009644382149064046,-0.0,-0.0,-0.0055373025059121,1.3924653447129087,1.7838347506982943,0.9045379744907365
2020-04-24,2020-04-24,2020-04-27,5350.5426,5278.9787,Development,0,0,0,1,0,-1,-1,2020-04-28,-0.0157234594320822,-0.0133750733990979,-0.013375073399097936,-0.0,0.0157234594320822,-0.0157234594320822,1.3924653447129087,1.7995582101303764,0.8888145150586544
2020-04-27,2020-04-27,2020-04-28,5278.9787,5268.1255,Development,0,0,0,0,0,-1,-1,2020-04-28,-0.0014833658269575,-0.0020559279771292,-0.0020559279771292793,-0.0,0.0014833658269575,-0.0014833658269575,1.3924653447129087,1.801041575957334,0.8873311492316969
2020-04-28,2020-04-28,2020-04-29,5268.1255,5203.7103,Development,0,0,0,0,0,-1,-1,2020-04-28,-0.0071934636614507,-0.0122273472794071,-0.012227347279407108,-0.0,0.0071934636614507,-0.0071934636614507,1.3924653447129087,1.8082350396187847,0.8801376855702461
2020-04-29,2020-04-29,2020-04-30,5203.7103,5261.0467,Development,0,0,0,0,0,0,0,,-0.0001978635177852,0.0110183689510925,0.011018368951092539,-0.0,-0.0,-0.0001978635177852,1.3924653447129087,1.8082350396187847,0.8799398220524609
2020-04-30,2020-04-30,2020-05-06,5261.0467,5320.94,Development,0,0,0,0,0,0,0,,0.0243069599064944,0.0113842935475176,0.011384293547517688,0.0,0.0,0.0243069599064944,1.3924653447129087,1.8082350396187847,0.9042467819589554
2020-05-06,2020-05-06,2020-05-07,5320.94,5454.2515,Development,0,0,0,0,0,0,0,,0.018203017841615,0.0250541257747691,0.025054125774769176,0.0,0.0,0.018203017841615,1.3924653447129087,1.8082350396187847,0.9224497998005703
2020-05-07,2020-05-07,2020-05-08,5454.2515,5474.8739,Development,0,0,0,0,0,0,0,,-0.00102067099065,0.0037809770964905,0.003780977096490501,-0.0,-0.0,-0.00102067099065,1.3924653447129087,1.8082350396187847,0.9214291288099203
2020-05-08,2020-05-08,2020-05-11,5474.8739,5529.1056,Development,1,0,0,0,0,1,0,,0.0113748479801292,0.0099055614778635,0.00990556147786359,0.0113748479801292,0.0113748479801292,0.0113748479801292,1.403840192693038,1.819609887598914,0.9328039767900496
2020-05-11,2020-05-11,2020-05-12,5529.1056,5494.0693,Development,1,0,0,0,0,1,0,,-0.00208880427598,-0.0063367029922524,-0.006336702992252419,-0.00208880427598,-0.00208880427598,-0.00208880427598,1.401751388417058,1.817521083322934,0.9307151725140695
2020-05-12,2020-05-12,2020-05-13,5494.0693,5495.8969,Development,1,0,0,0,0,1,0,,0.0029605952630475,0.0003326496081874,0.00033264960818746303,0.0029605952630475,0.0029605952630475,0.0029605952630475,1.4047119836801054,1.8204816785859814,0.933675767777117
2020-05-13,2020-05-13,2020-05-14,5495.8969,5513.0817,Development,1,0,0,0,0,1,0,,0.0043204273080059,0.0031268417717225,0.0031268417717225105,0.0043204273080059,0.0043204273080059,0.0043204273080059,1.4090324109881114,1.8248021058939874,0.9379961950851229
2020-05-14,2020-05-14,2020-05-15,5513.0817,5510.1454,Development,1,0,0,0,0,1,0,,-0.0088819926419186,-0.0005326059289125,-0.0005326059289125773,-0.0088819926419186,-0.0088819926419186,-0.0088819926419186,1.4001504183461928,1.8159201132520688,0.9291142024432043
2020-05-15,2020-05-15,2020-05-18,5510.1454,5522.7233,Development,1,0,0,0,0,1,0,,0.0037955520094652,0.0022826802356248,0.0022826802356248344,0.0037955520094652,0.0037955520094652,0.0037955520094652,1.403945970355658,1.8197156652615338,0.9329097544526695
2020-05-18,2020-05-18,2020-05-19,5522.7233,5515.0289,Development,1,0,0,0,0,1,0,,-0.0052854304561696,-0.001393225693563,-0.0013932256935630383,-0.0052854304561696,-0.0052854304561696,-0.0052854304561696,1.3986605398994885,1.8144302348053643,0.9276243239965
2020-05-19,2020-05-19,2020-05-20,5515.0289,5545.0441,Development,1,0,0,0,0,1,0,,0.0126038229606226,0.0054424374820591,0.0054424374820591925,0.0126038229606226,0.0126038229606226,0.0126038229606226,1.411264362860111,1.827034057765987,0.9402281469571225
2020-05-20,2020-05-20,2020-05-21,5545.0441,5508.2041,Development,1,0,0,0,0,1,0,,-0.0104857248158705,-0.0066437704255589,-0.00664377042555897,-0.0104857248158705,-0.0104857248158705,-0.0104857248158705,1.4007786380442404,1.8165483329501164,0.929742422141252
2020-05-21,2020-05-21,2020-05-22,5508.2041,5421.7282,Development,1,0,0,0,0,1,0,,-0.0115721937859509,-0.015699472719248,-0.015699472719248098,-0.0115721937859509,-0.0115721937859509,-0.0115721937859509,1.3892064442582897,1.8049761391641654,0.9181702283553012
2020-05-22,2020-05-22,2020-05-25,5421.7282,5323.9656,Development,0,0,0,0,0,0,0,,-0.0180509675831471,-0.0180316305786039,-0.018031630578603908,-0.0,-0.0,-0.0180509675831471,1.3892064442582897,1.8049761391641654,0.900119260772154
2020-05-25,2020-05-25,2020-05-26,5323.9656,5341.1113,Development,0,0,0,0,0,0,0,,-0.0021814386729934,0.0032204753539353,0.003220475353935326,-0.0,-0.0,-0.0021814386729934,1.3892064442582897,1.8049761391641654,0.8979378220991606
2020-05-26,2020-05-26,2020-05-27,5341.1113,5426.5558,Development,0,0,0,0,0,0,0,,0.0194878173727302,0.0159975134762686,0.015997513476268654,0.0,0.0,0.0194878173727302,1.3892064442582897,1.8049761391641654,0.9174256394718908
2020-05-27,2020-05-27,2020-05-28,5426.5558,5367.2664,Development,0,0,0,0,0,0,0,,-0.0093563488635113,-0.010925788324152,-0.01092578832415203,-0.0,-0.0,-0.0093563488635113,1.3892064442582897,1.8049761391641654,0.9080692906083795
2020-05-28,2020-05-28,2020-05-29,5367.2664,5349.5678,Development,0,0,0,0,0,0,0,,-0.001551764827528,-0.0032975072748393,-0.003297507274839351,-0.0,-0.0,-0.001551764827528,1.3892064442582897,1.8049761391641654,0.9065175257808515
2020-05-29,2020-05-29,2020-06-01,5349.5678,5446.2912,Development,0,0,0,0,0,0,0,,0.0084260199318542,0.0180806008290987,0.018080600829098792,0.0,0.0,0.0084260199318542,1.3892064442582897,1.8049761391641654,0.9149435457127058
2020-06-01,2020-06-01,2020-06-02,5446.2912,5595.3589,Development,0,0,0,0,0,0,0,,0.0301756254596108,0.0273704975598807,0.027370497559880747,0.0,0.0,0.0301756254596108,1.3892064442582897,1.8049761391641654,0.9451191711723165
2020-06-02,2020-06-02,2020-06-03,5595.3589,5583.701,Development,0,0,0,0,0,0,0,,-0.0005451496369498,-0.00208349459049,-0.002083494590490065,-0.0,-0.0,-0.0005451496369498,1.3892064442582897,1.8049761391641654,0.9445740215353667
2020-06-03,2020-06-03,2020-06-04,5583.701,5589.3445,Development,0,0,0,0,0,0,0,,0.0010542996948967,0.0010107095634239,0.0010107095634239727,0.0,0.0,0.0010542996948967,1.3892064442582897,1.8049761391641654,0.9456283212302634
2020-06-04,2020-06-04,2020-06-05,5589.3445,5585.1592,Development,0,0,0,0,0,0,0,,0.0007969761207757,-0.000748799792176,-0.0007487997921760137,0.0,0.0,0.0007969761207757,1.3892064442582897,1.8049761391641654,0.9464252973510391
2020-06-05,2020-06-05,2020-06-08,5585.1592,5618.3753,Development,0,0,0,1,0,-1,-1,2020-06-09,0.0015545962359642,0.0059472073777233,0.0059472073777233625,0.0,-0.0015545962359642,0.0015545962359642,1.3892064442582897,1.8034215429282012,0.9479798935870033
2020-06-08,2020-06-08,2020-06-09,5618.3753,5582.144,Development,0,0,0,0,0,-1,-1,2020-06-09,-0.0018117696401548,-0.0064487148090658,-0.006448714809065836,-0.0,0.0018117696401548,-0.0018117696401548,1.3892064442582897,1.8052333125683562,0.9461681239468485
2020-06-09,2020-06-09,2020-06-10,5582.144,5611.6579,Development,0,0,0,0,0,-1,-1,2020-06-09,0.0062909219867417,0.0052871978938557,0.005287197893855788,0.0,-0.0062909219867417,0.0062909219867417,1.3892064442582897,1.7989423905816144,0.9524590459335902
2020-06-10,2020-06-10,2020-06-11,5611.6579,5618.6411,Development,0,0,0,0,0,0,0,,0.0008670183221541,0.0012444094284507,0.0012444094284507212,0.0,0.0,0.0008670183221541,1.3892064442582897,1.7989423905816144,0.9533260642557443
2020-06-11,2020-06-11,2020-06-12,5618.6411,5483.7845,Development,1,0,0,0,0,1,0,,-0.0046551513535026,-0.0240016398271105,-0.024001639827110566,-0.0046551513535026,-0.0046551513535026,-0.0046551513535026,1.384551292904787,1.7942872392281117,0.9486709129022417
2020-06-12,2020-06-12,2020-06-15,5483.7845,5605.8832,Development,1,0,0,0,0,1,0,,0.0004267590827071,0.0222654081319206,0.022265408131920683,0.0004267590827071,0.0004267590827071,0.0004267590827071,1.3849780519874941,1.794713998310819,0.9490976719849488
2020-06-15,2020-06-15,2020-06-16,5605.8832,5633.2588,Development,1,0,0,0,0,1,0,,-0.000150872207145,0.0048833696713479,0.004883369671347948,-0.000150872207145,-0.000150872207145,-0.000150872207145,1.384827179780349,1.7945631261036739,0.9489467997778038
2020-06-16,2020-06-16,2020-06-17,5633.2588,5708.6871,Development,1,0,0,0,0,1,0,,0.0187200632628425,0.0133898162108228,0.013389816210822802,0.0187200632628425,0.0187200632628425,0.0187200632628425,1.4035472430431917,1.8132831893665164,0.9676668630406463
2020-06-17,2020-06-17,2020-06-18,5708.6871,5738.0314,Development,1,0,0,0,0,1,0,,0.0070439827698651,0.0051402887364415,0.005140288736441567,0.0070439827698651,0.0070439827698651,0.0070439827698651,1.4105912258130568,1.8203271721363814,0.9747108458105114
2020-06-18,2020-06-18,2020-06-19,5738.0314,5733.4291,Development,1,0,0,0,0,1,0,,-0.0001770228337137,-0.0008020695041855,-0.0008020695041855985,-0.0001770228337137,-0.0001770228337137,-0.0001770228337137,1.410414202979343,1.8201501493026677,0.9745338229767977
2020-06-19,2020-06-19,2020-06-22,5733.4291,5793.7883,Development,1,0,0,0,0,1,0,,0.0091980281120807,0.0105275915943565,0.010527591594356567,0.0091980281120807,0.0091980281120807,0.0091980281120807,1.4196122310914236,1.8293481774147484,0.9837318510888784
2020-06-22,2020-06-22,2020-06-23,5793.7883,5783.1198,Development,1,0,0,0,0,1,0,,-0.000539350279642,-0.0018413686257745,-0.0018413686257745532,-0.000539350279642,-0.000539350279642,-0.000539350279642,1.4190728808117816,1.8288088271351064,0.9831925008092364
2020-06-23,2020-06-23,2020-06-24,5783.1198,5808.5388,Development,1,0,0,0,0,1,0,,0.0035124490862932,0.0043953784253267,0.004395378425326779,0.0035124490862932,0.0035124490862932,0.0035124490862932,1.4225853298980748,1.8323212762213996,0.9867049498955296
2020-06-24,2020-06-24,2020-06-29,5808.5388,5774.4585,Development,0,0,0,1,0,-1,-1,2020-06-30,-0.002627980462216,-0.0058672759489875,-0.005867275948987505,-0.0,0.002627980462216,-0.002627980462216,1.4225853298980748,1.8349492566836156,0.9840769694333136
2020-06-29,2020-06-29,2020-06-30,5774.4585,5790.0647,Development,0,0,0,0,1,0,0,,-0.0046037465685664,0.0027026257094062,0.00270262570940627,-0.0,-0.0,-0.0046037465685664,1.4225853298980748,1.8349492566836156,0.9794732228647473
2020-06-30,2020-06-30,2020-07-01,5790.0647,5884.54,Development,0,0,0,0,0,0,0,,0.0176971281147713,0.016316795216468,0.016316795216468005,0.0,0.0,0.0176971281147713,1.4225853298980748,1.8349492566836156,0.9971703509795186
2020-07-01,2020-07-01,2020-07-02,5884.54,5880.8832,Development,0,0,0,0,0,0,0,,0.0029791711243423,-0.000621424954202,-0.0006214249542020323,0.0,0.0,0.0029791711243423,1.4225853298980748,1.8349492566836156,1.0001495221038608
2020-07-02,2020-07-02,2020-07-03,5880.8832,5989.9958,Development,0,0,0,0,0,0,0,,0.0158778793372027,0.0185537777726991,0.018553777772699176,0.0,0.0,0.0158778793372027,1.4225853298980748,1.8349492566836156,1.0160274014410635
2020-07-03,2020-07-03,2020-07-06,5989.9958,6095.9561,Development,0,0,0,0,0,0,0,,0.0127576461110754,0.0176895449576108,0.01768954495761088,0.0,0.0,0.0127576461110754,1.4225853298980748,1.8349492566836156,1.028785047552139
2020-07-06,2020-07-06,2020-07-07,6095.9561,6368.3135,Development,1,0,0,0,0,1,0,,0.0410385513869853,0.0446783729298838,0.04467837292988386,0.0410385513869853,0.0410385513869853,0.0410385513869853,1.4636238812850602,1.875987808070601,1.0698235989391243
2020-07-07,2020-07-07,2020-07-08,6368.3135,6378.9461,Development,1,0,0,0,0,1,0,,0.0127260863507798,0.0016696100152733,0.0016696100152733262,0.0127260863507798,0.0127260863507798,0.0127260863507798,1.47634996763584,1.8887138944213806,1.082549685289904
2020-07-08,2020-07-08,2020-07-09,6378.9461,6541.2854,Development,1,0,0,0,0,1,0,,0.0243553021620157,0.02544923525847,0.025449235258470093,0.0243553021620157,0.0243553021620157,0.0243553021620157,1.5007052697978558,1.9130691965833964,1.1069049874519197
2020-07-09,2020-07-09,2020-07-10,6541.2854,6664.3263,Development,1,0,0,0,0,1,0,,0.0242264795085471,0.0188098962934715,0.018809896293471517,0.0242264795085471,0.0242264795085471,0.0242264795085471,1.5249317493064027,1.9372956760919435,1.1311314669604668
2020-07-10,2020-07-10,2020-07-13,6664.3263,6710.6352,Development,1,0,0,0,0,1,0,,-0.0025856825264278,0.0069487744019975,0.006948774401997593,-0.0025856825264278,-0.0025856825264278,-0.0025856825264278,1.522346066779975,1.9347099935655157,1.128545784434039
2020-07-13,2020-07-13,2020-07-14,6710.6352,6897.0034,Development,1,0,0,0,0,1,0,,0.0334130599863493,0.0277720654521647,0.027772065452164707,0.0334130599863493,0.0334130599863493,0.0334130599863493,1.5557591267663244,1.968123053551865,1.1619588444203883
2020-07-14,2020-07-14,2020-07-15,6897.0034,6815.6162,Development,1,0,1,0,0,0,0,,-0.0133039013235345,-0.0118003711582915,-0.011800371158291578,-0.0133039013235345,-0.0,-0.0133039013235345,1.54245522544279,1.968123053551865,1.1486549430968538
2020-07-15,2020-07-15,2020-07-16,6815.6162,6642.3288,Development,1,0,1,0,0,0,0,,-0.0248083684906871,-0.0254250525433049,-0.02542505254330496,-0.0248083684906871,-0.0,-0.0248083684906871,1.5176468569521027,1.968123053551865,1.1238465746061668
2020-07-16,2020-07-16,2020-07-17,6642.3288,6327.0265,Development,1,0,1,0,0,0,0,,-0.0480265192175787,-0.0474686378066681,-0.0474686378066681,-0.0480265192175787,-0.0,-0.0480265192175787,1.469620337734524,1.968123053551865,1.075820055388588
2020-07-17,2020-07-17,2020-07-20,6327.0265,6419.08,Development,0,0,0,0,0,0,0,,0.0038913144609964,0.0145492515322955,0.014549251532295582,0.0,0.0,0.0038913144609964,1.469620337734524,1.968123053551865,1.0797113698495844
2020-07-20,2020-07-20,2020-07-21,6419.08,6546.5653,Development,0,0,0,1,0,-1,-1,2020-07-22,0.0287238837389556,0.01986036939873,0.019860369398730038,0.0,-0.0287238837389556,0.0287238837389556,1.469620337734524,1.9393991698129094,1.10843525358854
2020-07-21,2020-07-21,2020-07-22,6546.5653,6554.1681,Development,0,0,0,0,0,-1,-1,2020-07-22,0.0055909815366028,0.0011613418107965,0.0011613418107965234,0.0,-0.0055909815366028,0.0055909815366028,1.469620337734524,1.9338081882763065,1.1140262351251429
2020-07-22,2020-07-22,2020-07-23,6554.1681,6562.0485,Development,0,0,0,0,0,-1,-1,2020-07-22,0.0087402969705638,0.0012023493874073,0.0012023493874073754,0.0,-0.0087402969705638,0.0087402969705638,1.469620337734524,1.9250678913057429,1.1227665320957065
2020-07-23,2020-07-23,2020-07-24,6562.0485,6584.8093,Development,0,0,0,0,0,0,0,,-9.113854655584674e-05,0.0034685510172622,0.003468551017262289,-0.0,-0.0,-9.113854655584674e-05,1.469620337734524,1.9250678913057429,1.1226753935491507
2020-07-24,2020-07-24,2020-07-27,6584.8093,6304.5859,Development,0,0,0,0,0,0,0,,-0.0507701569250029,-0.0425560387906753,-0.04255603879067538,-0.0,-0.0,-0.0507701569250029,1.469620337734524,1.9250678913057429,1.071905236624148
2020-07-27,2020-07-27,2020-07-28,6304.5859,6345.682,Development,0,0,0,0,0,0,0,,0.0023475556450811,0.0065184455651559,0.006518445565155906,0.0,0.0,0.0023475556450811,1.469620337734524,1.9250678913057429,1.0742527922692289
2020-07-28,2020-07-28,2020-07-29,6345.682,6341.0079,Development,0,0,0,1,1,0,0,,0.0096731485024668,-0.0007365796142951,-0.0007365796142951853,0.0,0.0,0.0096731485024668,1.469620337734524,1.9250678913057429,1.0839259407716957
2020-07-29,2020-07-29,2020-07-30,6341.0079,6548.7007,Development,0,0,0,0,0,0,0,,0.0268264971306579,0.032753909674202,0.032753909674202,0.0,0.0,0.0268264971306579,1.469620337734524,1.9250678913057429,1.1107524379023537
2020-07-30,2020-07-30,2020-07-31,6548.7007,6499.3939,Development,0,0,0,0,0,0,0,,-0.0028842906248671,-0.0075292492753562,-0.0075292492753562534,-0.0,-0.0,-0.0028842906248671,1.469620337734524,1.9250678913057429,1.1078681472774865
2020-07-31,2020-07-31,2020-08-03,6499.3939,6635.3429,Development,0,0,0,0,0,0,0,,0.0104790402608581,0.0209171812159283,0.020917181215928338,0.0,0.0,0.0104790402608581,1.469620337734524,1.9250678913057429,1.1183471875383446
2020-08-03,2020-08-03,2020-08-04,6635.3429,6758.4937,Development,0,0,0,0,0,0,0,,0.0243384409454237,0.0185598245419993,0.018559824541999337,0.0,0.0,0.0243384409454237,1.469620337734524,1.9250678913057429,1.1426856284837683
2020-08-04,2020-08-04,2020-08-05,6758.4937,6696.687,Development,0,0,0,0,0,0,0,,-0.0062466759997706,-0.0091450407063337,-0.009145040706333707,-0.0,-0.0,-0.0062466759997706,1.469620337734524,1.9250678913057429,1.1364389524839977
2020-08-05,2020-08-05,2020-08-06,6696.687,6780.3265,Development,0,0,0,0,0,0,0,,0.0112180331086739,0.0124896833314742,0.012489683331474266,0.0,0.0,0.0112180331086739,1.469620337734524,1.9250678913057429,1.1476569855926717
2020-08-06,2020-08-06,2020-08-07,6780.3265,6743.2907,Development,0,0,0,0,0,0,0,,-0.0003751157822634,-0.0054622443329241,-0.005462244332924193,-0.0,-0.0,-0.0003751157822634,1.469620337734524,1.9250678913057429,1.1472818698104081
2020-08-07,2020-08-07,2020-08-10,6743.2907,6666.5601,Development,0,0,0,0,0,0,0,,-0.0120259635109903,-0.0113788064928003,-0.01137880649280032,-0.0,-0.0,-0.0120259635109903,1.469620337734524,1.9250678913057429,1.1352559062994179
2020-08-10,2020-08-10,2020-08-11,6666.5601,6727.7692,Development,0,0,0,0,0,0,0,,0.0054438692312446,0.0091815117664655,0.009181511766465533,0.0,0.0,0.0054438692312446,1.469620337734524,1.9250678913057429,1.1406997755306625
2020-08-11,2020-08-11,2020-08-12,6727.7692,6580.0058,Development,0,0,0,1,0,-1,-1,2020-08-13,-0.0185045249163472,-0.0219632088449169,-0.02196320884491698,-0.0,0.0185045249163472,-0.0185045249163472,1.469620337734524,1.9435724162220902,1.1221952506143154
2020-08-12,2020-08-12,2020-08-13,6580.0058,6552.3695,Development,0,0,0,0,0,-1,-1,2020-08-13,-0.0109754547870764,-0.0042000418905405,-0.004200041890540573,-0.0,0.0109754547870764,-0.0109754547870764,1.469620337734524,1.9545478710091664,1.111219795827239
2020-08-13,2020-08-13,2020-08-14,6552.3695,6542.6032,Development,0,0,0,0,0,-1,-1,2020-08-13,0.0037155812100295,-0.0014904989714026,-0.0014904989714026318,0.0,-0.0037155812100295,0.0037155812100295,1.469620337734524,1.950832289799137,1.1149353770372685
2020-08-14,2020-08-14,2020-08-17,6542.6032,6646.5418,Development,0,0,0,0,0,0,0,,0.0108210460651785,0.0158864288147568,0.01588642881475688,0.0,0.0,0.0108210460651785,1.469620337734524,1.950832289799137,1.1257564231024468
2020-08-17,2020-08-17,2020-08-18,6646.5418,6747.6059,Development,0,0,0,0,0,0,0,,0.0182656214669225,0.0152055163483662,0.0152055163483662,0.0,0.0,0.0182656214669225,1.469620337734524,1.950832289799137,1.1440220445693694
2020-08-18,2020-08-18,2020-08-19,6747.6059,6782.5931,Development,0,0,0,0,1,1,1,2020-08-24,0.0066499798029424,0.0051851279577546,0.0051851279577546094,0.0,0.0066499798029424,0.0066499798029424,1.469620337734524,1.9574822696020795,1.1506720243723119
2020-08-19,2020-08-19,2020-08-20,6782.5931,6622.0053,Development,0,0,0,0,0,1,1,2020-08-24,-0.0181347303271177,-0.0236764608509392,-0.023676460850939218,-0.0,-0.0181347303271177,-0.0181347303271177,1.469620337734524,1.9393475392749617,1.132537294045194
2020-08-20,2020-08-20,2020-08-21,6622.0053,6628.9007,Development,0,0,0,0,0,1,1,2020-08-24,-0.0108739904780392,0.0010412857869503,0.0010412857869503966,-0.0,-0.0108739904780392,-0.0108739904780392,1.469620337734524,1.9284735487969225,1.121663303567155
2020-08-21,2020-08-21,2020-08-24,6628.9007,6667.2961,Development,0,0,0,0,0,1,1,2020-08-24,0.0076070724174355,0.0057921217616065,0.0057921217616065945,0.0,0.0076070724174355,0.0076070724174355,1.469620337734524,1.9360806212143582,1.1292703759845906
2020-08-24,2020-08-24,2020-08-25,6667.2961,6698.1196,Development,0,0,0,1,0,0,0,,0.0067761403903379,0.0046230885110982,0.004623088511098272,0.0,0.0,0.0067761403903379,1.469620337734524,1.9360806212143582,1.1360465163749283
2020-08-25,2020-08-25,2020-08-26,6698.1196,6650.449,Development,0,0,0,0,0,0,0,,-0.005444325337821,-0.0071170123626935,-0.0071170123626935755,-0.0,-0.0,-0.005444325337821,1.469620337734524,1.9360806212143582,1.1306021910371074
2020-08-26,2020-08-26,2020-08-27,6650.449,6538.1362,Development,0,0,0,0,0,0,0,,-0.0190407049762197,-0.0168880025995237,-0.01688800259952372,-0.0,-0.0,-0.0190407049762197,1.469620337734524,1.9360806212143582,1.1115614860608876
2020-08-27,2020-08-27,2020-08-28,6538.1362,6571.8981,Development,0,0,0,0,0,0,0,,0.0081081189588785,0.0051638416464925,0.0051638416464925285,0.0,0.0,0.0081081189588785,1.469620337734524,1.9360806212143582,1.119669605019766
2020-08-28,2020-08-28,2020-08-31,6571.8981,6719.2859,Development,0,0,0,0,0,0,0,,0.0170880024281665,0.0224269758534447,0.022426975853444775,0.0,0.0,0.0170880024281665,1.469620337734524,1.9360806212143582,1.1367576074479326
2020-08-31,2020-08-31,2020-09-01,6719.2859,6667.168,Development,0,0,0,0,0,0,0,,-0.0034039435859249,-0.0077564641206887,-0.007756464120688755,-0.0,-0.0,-0.0034039435859249,1.469620337734524,1.9360806212143582,1.1333536638620076
2020-09-01,2020-09-01,2020-09-02,6667.168,6725.6913,Development,0,0,0,0,0,0,0,,0.0063023500978063,0.008777834906815,0.008777834906815052,0.0,0.0,0.0063023500978063,1.469620337734524,1.9360806212143582,1.139656013959814
2020-09-02,2020-09-02,2020-09-03,6725.6913,6715.1042,Development,0,0,0,0,0,0,0,,0.0010577516453083,-0.0015741281494737,-0.0015741281494737747,0.0,0.0,0.0010577516453083,1.469620337734524,1.9360806212143582,1.1407137656051223
2020-09-03,2020-09-03,2020-09-04,6715.1042,6545.888,Development,0,0,0,0,1,1,1,2020-09-09,-0.0082331110238736,-0.0251993409126844,-0.025199340912684498,-0.0,-0.0082331110238736,-0.0082331110238736,1.469620337734524,1.9278475101904844,1.1324806545812487
2020-09-04,2020-09-04,2020-09-07,6545.888,6619.8982,Development,0,0,0,0,0,1,1,2020-09-09,-0.0065556366342519,0.011306365156263,0.011306365156263043,-0.0,-0.0065556366342519,-0.0065556366342519,1.469620337734524,1.9212918735562328,1.1259250179469968
2020-09-07,2020-09-07,2020-09-08,6619.8982,6493.7737,Development,0,0,0,0,0,1,1,2020-09-09,-0.0211168982235183,-0.0190523322548977,-0.019052332254897775,-0.0,-0.0211168982235183,-0.0211168982235183,1.469620337734524,1.9001749753327144,1.1048081197234785
2020-09-08,2020-09-08,2020-09-09,6493.7737,6455.3053,Development,0,0,0,0,0,1,1,2020-09-09,0.0071441488257941,-0.005923889833118,-0.00592388983311809,0.0,0.0071441488257941,0.0071441488257941,1.469620337734524,1.9073191241585086,1.1119522685492726
2020-09-09,2020-09-09,2020-09-10,6455.3053,6404.6646,Development,0,0,0,0,0,1,1,2020-09-09,-0.0269535568661191,-0.0078448187415706,-0.007844818741570614,-0.0,-0.0269535568661191,-0.0269535568661191,1.469620337734524,1.8803655672923894,1.0849987116831534
2020-09-10,2020-09-10,2020-09-11,6404.6646,6209.7881,Development,0,0,0,1,0,-1,-1,2020-09-14,-0.0179005671780269,-0.0304272763947701,-0.030427276394770164,-0.0,0.0179005671780269,-0.0179005671780269,1.469620337734524,1.8982661344704161,1.0670981445051266
2020-09-11,2020-09-11,2020-09-14,6209.7881,6350.3551,Development,-1,0,0,0,0,-1,0,,0.0122520180075955,0.0226363601682317,0.022636360168231784,-0.0122520180075955,-0.0122520180075955,0.0122520180075955,1.4573683197269285,1.8860141164628208,1.0793501625127222
2020-09-14,2020-09-14,2020-09-15,6350.3551,6351.0366,Development,-1,0,0,0,0,-1,0,,0.0062223392486051,0.0001073168333531,0.0001073168333531882,-0.0062223392486051,-0.0062223392486051,0.0062223392486051,1.4511459804783233,1.8797917772142156,1.0855725017613271
2020-09-15,2020-09-15,2020-09-16,6351.0366,6379.5178,Development,-1,0,0,0,0,-1,0,,0.0057686825421332,0.0044844962789223,0.004484496278922334,-0.0057686825421332,-0.0057686825421332,0.0057686825421332,1.4453772979361903,1.8740230946720824,1.0913411843034604
2020-09-16,2020-09-16,2020-09-17,6379.5178,6345.6715,Development,-1,0,0,0,0,-1,0,,-0.005329545535487,-0.0053054636825371,-0.005305463682537148,0.005329545535487,0.005329545535487,-0.005329545535487,1.4507068434716772,1.8793526402075695,1.0860116387679735
2020-09-17,2020-09-17,2020-09-18,6345.6715,6367.7923,Development,-1,0,0,0,0,-1,0,,0.0020750614274589,0.0034859667727835,0.0034859667727835664,-0.0020750614274589,-0.0020750614274589,0.0020750614274589,1.4486317820442183,1.8772775787801106,1.0880867001954324
2020-09-18,2020-09-18,2020-09-21,6367.7923,6492.2249,Development,-1,1,0,0,0,0,0,,0.0160905086438702,0.0195409325772135,0.019540932577213566,-0.0160905086438702,0.0,0.0160905086438702,1.4325412734003482,1.8772775787801106,1.1041772088393025
2020-09-21,2020-09-21,2020-09-22,6492.2249,6392.025,Development,0,0,0,0,1,1,1,2020-09-25,-0.0036331110441022,-0.0154338307041705,-0.015433830704170592,-0.0,-0.0036331110441022,-0.0036331110441022,1.4325412734003482,1.8736444677360082,1.1005440977952003
2020-09-22,2020-09-22,2020-09-23,6392.025,6382.2813,Development,0,0,0,0,0,1,1,2020-09-25,-0.0135453576546779,-0.0015243526112617,-0.0015243526112617145,-0.0,-0.0135453576546779,-0.0135453576546779,1.4325412734003482,1.8600991100813304,1.0869987401405223
2020-09-23,2020-09-23,2020-09-24,6382.2813,6353.694,Development,0,0,0,0,0,1,1,2020-09-25,0.0052496818508074,-0.004479166407159,-0.004479166407159063,0.0,0.0052496818508074,0.0052496818508074,1.4325412734003482,1.8653487919321379,1.0922484219913298
2020-09-24,2020-09-24,2020-09-25,6353.694,6271.7008,Development,0,0,0,1,0,0,0,,-0.0230590177344049,-0.0129048078173108,-0.012904807817310848,-0.0,-0.0,-0.0230590177344049,1.4325412734003482,1.8653487919321379,1.069189404256925
2020-09-25,2020-09-25,2020-09-28,6271.7008,6255.021,Development,0,0,0,0,0,0,0,,-0.001240824349347,-0.0026595337583705,-0.0026595337583705803,-0.0,-0.0,-0.001240824349347,1.4325412734003482,1.8653487919321379,1.0679485799075779
2020-09-28,2020-09-28,2020-09-29,6255.021,6206.9908,Development,0,0,0,0,0,0,0,,-0.0093670236693593,-0.0076786632690761,-0.00767866326907618,-0.0,-0.0,-0.0093670236693593,1.4325412734003482,1.8653487919321379,1.0585815562382186
2020-09-29,2020-09-29,2020-09-30,6206.9908,6245.1158,Development,0,0,0,0,0,0,0,,0.0081414178103953,0.0061422678441862,0.0061422678441862555,0.0,0.0,0.0081414178103953,1.4325412734003482,1.8653487919321379,1.066722974048614
2020-09-30,2020-09-30,2020-10-09,6245.1158,6300.0703,Development,0,0,0,0,0,0,0,,-0.0058223847311896,0.0087995966383842,0.008799596638384255,-0.0,-0.0,-0.0058223847311896,1.4325412734003482,1.8653487919321379,1.0609005893174244
2020-10-09,2020-10-09,2020-10-12,6300.0703,6408.0827,Development,0,0,0,0,0,0,0,,0.0267204650396297,0.0171446340844798,0.01714463408447986,0.0,0.0,0.0267204650396297,1.4325412734003482,1.8653487919321379,1.087621054357054
2020-10-12,2020-10-12,2020-10-13,6408.0827,6538.8354,Development,0,0,0,0,0,0,0,,0.0288149941417632,0.0204043402873062,0.0204043402873062,0.0,0.0,0.0288149941417632,1.4325412734003482,1.8653487919321379,1.1164360484988172
2020-10-13,2020-10-13,2020-10-14,6538.8354,6547.8376,Development,0,0,0,0,0,0,0,,0.0015628229541597,0.0013767283391168,0.0013767283391168395,0.0,0.0,0.0015628229541597,1.4325412734003482,1.8653487919321379,1.117998871452977
2020-10-14,2020-10-14,2020-10-15,6547.8376,6511.0707,Development,0,0,0,0,0,0,0,,-0.0065672083123256,-0.0056151209370249,-0.005615120937024987,-0.0,-0.0,-0.0065672083123256,1.4325412734003482,1.8653487919321379,1.1114316631406513
2020-10-15,2020-10-15,2020-10-16,6511.0707,6456.7375,Development,0,0,0,0,0,0,0,,-0.0074263553035049,-0.0083447412113033,-0.008344741211303353,-0.0,-0.0,-0.0074263553035049,1.4325412734003482,1.8653487919321379,1.1040053078371463
2020-10-16,2020-10-16,2020-10-19,6456.7375,6466.566,Development,0,0,0,0,1,1,1,2020-10-22,-0.0048542417874511,0.0015222083908474,0.0015222083908474904,-0.0,-0.0048542417874511,-0.0048542417874511,1.4325412734003482,1.8604945501446868,1.0991510660496953
2020-10-19,2020-10-19,2020-10-20,6466.566,6349.6437,Development,0,0,0,0,0,1,1,2020-10-22,-0.0109448402971297,-0.0180810495091212,-0.01808104950912126,-0.0,-0.0109448402971297,-0.0109448402971297,1.4325412734003482,1.849549709847557,1.0882062257525655
2020-10-20,2020-10-20,2020-10-21,6349.6437,6426.194,Development,0,0,0,0,0,1,1,2020-10-22,0.0101900323910968,0.0120558418104625,0.012055841810462598,0.0,0.0101900323910968,0.0101900323910968,1.4325412734003482,1.859739742238654,1.0983962581436624
2020-10-21,2020-10-21,2020-10-22,6426.194,6331.8037,Development,0,0,0,1,0,0,0,,-0.0113807903233459,-0.0146883676403171,-0.014688367640317113,-0.0,-0.0,-0.0113807903233459,1.4325412734003482,1.859739742238654,1.0870154678203165
2020-10-22,2020-10-22,2020-10-23,6331.8037,6312.0076,Development,0,0,0,0,0,0,0,,-0.0051761943720207,-0.0031264551047279,-0.0031264551047279765,-0.0,-0.0,-0.0051761943720207,1.4325412734003482,1.859739742238654,1.0818392734482958
2020-10-23,2020-10-23,2020-10-26,6312.0076,6195.3539,Development,0,0,0,0,0,0,0,,-0.0164443304266715,-0.018481235668981,-0.018481235668981078,-0.0,-0.0,-0.0164443304266715,1.4325412734003482,1.859739742238654,1.0653949430216243
2020-10-26,2020-10-26,2020-10-27,6195.3539,6187.4731,Development,0,0,0,0,0,0,0,,0.0001795031164464,-0.0012720500115417,-0.0012720500115417366,0.0,0.0,0.0001795031164464,1.4325412734003482,1.859739742238654,1.0655744461380707
2020-10-27,2020-10-27,2020-10-28,6187.4731,6221.7402,Development,-1,0,0,0,0,-1,0,,0.0011205465956616,0.0055381412486463,0.005538141248646378,-0.0011205465956616,-0.0011205465956616,0.0011205465956616,1.4314207268046866,1.8586191956429923,1.0666949927337324
2020-10-28,2020-10-28,2020-10-29,6221.7402,6168.9076,Development,-1,0,0,0,0,-1,0,,0.0039633253368798,-0.0084916113983674,-0.008491611398367405,-0.0039633253368798,-0.0039633253368798,0.0039633253368798,1.4274574014678068,1.8546558703061125,1.0706583180706122
2020-10-29,2020-10-29,2020-10-30,6168.9076,6272.9273,Development,-1,0,0,0,0,-1,0,,0.00147209447021,0.0168619319245437,0.01686193192454377,-0.00147209447021,-0.00147209447021,0.00147209447021,1.4259853069975967,1.8531837758359024,1.0721304125408222
2020-10-30,2020-10-30,2020-11-02,6272.9273,6119.4514,Development,-1,0,0,0,0,-1,0,,-0.0229749894379762,-0.024466392269523,-0.024466392269523074,0.0229749894379762,0.0229749894379762,-0.0229749894379762,1.448960296435573,1.8761587652738787,1.049155423102846
2020-11-02,2020-11-02,2020-11-03,6119.4514,6175.1593,Development,-1,0,0,0,0,-1,0,,0.0051763890983989,0.0091034140740133,0.009103414074013383,-0.0051763890983989,-0.0051763890983989,0.0051763890983989,1.443783907337174,1.8709823761754798,1.0543318122012448
2020-11-03,2020-11-03,2020-11-04,6175.1593,6246.6368,Development,-1,1,0,0,0,0,0,,0.0160589356960996,0.0115750050367122,0.011575005036712271,-0.0160589356960996,0.0,0.0160589356960996,1.4277249716410745,1.8709823761754798,1.0703907478973445
2020-11-04,2020-11-04,2020-11-05,6246.6368,6294.6136,Development,0,0,0,0,0,0,0,,-0.0012191418341176,0.0076804209266656,0.007680420926665654,-0.0,-0.0,-0.0012191418341176,1.4277249716410745,1.8709823761754798,1.0691716060632268
2020-11-05,2020-11-05,2020-11-06,6294.6136,6366.1854,Development,0,0,0,0,0,0,0,,0.0188992483026577,0.0113703246216734,0.011370324621673422,0.0,0.0,0.0188992483026577,1.4277249716410745,1.8709823761754798,1.0880708543658846
2020-11-06,2020-11-06,2020-11-09,6366.1854,6337.4415,Development,0,0,0,0,0,0,0,,-0.0079866764041045,-0.0045150899940803,-0.004515089994080346,-0.0,-0.0,-0.0079866764041045,1.4277249716410745,1.8709823761754798,1.08008417796178
2020-11-09,2020-11-09,2020-11-10,6337.4415,6434.4298,Development,0,0,0,0,0,0,0,,0.0191077871768157,0.0153040150350893,0.01530401503508938,0.0,0.0,0.0191077871768157,1.4277249716410745,1.8709823761754798,1.0991919651385957
2020-11-10,2020-11-10,2020-11-11,6434.4298,6356.3666,Development,0,0,0,0,0,0,0,,-0.0075627440708156,-0.0121321084270745,-0.012132108427074573,-0.0,-0.0,-0.0075627440708156,1.4277249716410745,1.8709823761754798,1.09162922106778
2020-11-11,2020-11-11,2020-11-12,6356.3666,6305.0655,Development,0,0,0,0,0,0,0,,-0.0123142553889872,-0.0080708214658355,-0.008070821465835598,-0.0,-0.0,-0.0123142553889872,1.4277249716410745,1.8709823761754798,1.079314965678793
2020-11-12,2020-11-12,2020-11-13,6305.0655,6304.4593,Development,0,0,0,0,0,0,0,,0.0033184446586844,-9.614491713039186e-05,-9.614491713039186e-05,0.0,0.0,0.0033184446586844,1.4277249716410745,1.8709823761754798,1.0826334103374773
2020-11-13,2020-11-13,2020-11-16,6304.4593,6319.7042,Development,0,0,0,1,0,-1,-1,2020-11-17,-0.0013496648512266,0.0024181137944692,0.002418113794469212,-0.0,0.0013496648512266,-0.0013496648512266,1.4277249716410745,1.8723320410267061,1.0812837454862507
2020-11-16,2020-11-16,2020-11-17,6319.7042,6380.7685,Development,0,0,0,0,0,-1,-1,2020-11-17,0.0127479597968596,0.0096625250276745,0.009662525027674507,0.0,-0.0127479597968596,0.0127479597968596,1.4277249716410745,1.8595840812298468,1.0940317052831103
2020-11-17,2020-11-17,2020-11-18,6380.7685,6333.4506,Development,0,0,0,0,0,-1,-1,2020-11-17,-0.0078953297060715,-0.0074157054906474,-0.007415705490647406,-0.0,0.0078953297060715,-0.0078953297060715,1.4277249716410745,1.867479410935918,1.0861363755770388
2020-11-18,2020-11-18,2020-11-19,6333.4506,6328.0837,Development,0,0,0,0,0,0,0,,0.0006427391792185,-0.0008473895730709,-0.0008473895730709557,0.0,0.0,0.0006427391792185,1.4277249716410745,1.867479410935918,1.0867791147562573
2020-11-19,2020-11-19,2020-11-20,6328.0837,6354.7873,Development,0,0,0,0,0,0,0,,0.0030888121734984,0.0042198556886976,0.004219855688697649,0.0,0.0,0.0030888121734984,1.4277249716410745,1.867479410935918,1.0898679269297558
2020-11-20,2020-11-20,2020-11-23,6354.7873,6435.9187,Development,0,0,0,1,0,-1,-1,2020-11-24,0.0098081316167697,0.0127669733336315,0.012766973333631526,0.0,-0.0098081316167697,0.0098081316167697,1.4277249716410745,1.8576712793191485,1.0996760585465255
2020-11-23,2020-11-23,2020-11-24,6435.9187,6472.7468,Development,0,0,0,0,0,-1,-1,2020-11-24,0.0077759323569379,0.0057222755160035,0.005722275516003572,0.0,-0.0077759323569379,0.0077759323569379,1.4277249716410745,1.8498953469622106,1.1074519909034632
2020-11-24,2020-11-24,2020-11-25,6472.7468,6489.2553,Development,0,0,0,0,0,-1,-1,2020-11-24,0.0003488373835522,0.0025504628112442,0.0025504628112442695,0.0,-0.0003488373835522,0.0003488373835522,1.4277249716410745,1.8495465095786585,1.1078008282870155
2020-11-25,2020-11-25,2020-11-26,6489.2553,6349.8616,Development,0,0,0,0,0,0,0,,-0.0192768762964585,-0.0214806928616292,-0.021480692861629236,-0.0,-0.0,-0.0192768762964585,1.4277249716410745,1.8495465095786585,1.088523951990557
2020-11-26,2020-11-26,2020-11-27,6349.8616,6337.3839,Development,0,0,0,0,0,0,0,,-0.002529381492253,-0.0019650349544626,-0.001965034954462652,-0.0,-0.0,-0.002529381492253,1.4277249716410745,1.8495465095786585,1.085994570498304
2020-11-27,2020-11-27,2020-11-30,6337.3839,6360.462,Development,0,0,0,0,0,0,0,,0.0027323758780009,0.0036415815049488,0.0036415815049488653,0.0,0.0,0.0027323758780009,1.4277249716410745,1.8495465095786585,1.088726946376305
2020-11-30,2020-11-30,2020-12-01,6360.462,6307.8544,Development,0,0,0,0,0,0,0,,-0.0048283491628322,-0.0082710343997024,-0.008271034399702448,-0.0,-0.0,-0.0048283491628322,1.4277249716410745,1.8495465095786585,1.0838985972134727
2020-12-01,2020-12-01,2020-12-02,6307.8544,6437.9561,Development,0,0,0,0,0,0,0,,0.0167176608949919,0.0206253492471228,0.020625349247122893,0.0,0.0,0.0167176608949919,1.4277249716410745,1.8495465095786585,1.1006162581084646
2020-12-02,2020-12-02,2020-12-03,6437.9561,6437.3843,Development,0,0,0,0,0,0,0,,0.0013014004027469,-8.881700824281413e-05,-8.881700824281413e-05,0.0,0.0,0.0013014004027469,1.4277249716410745,1.8495465095786585,1.1019176585112116
2020-12-03,2020-12-03,2020-12-04,6437.3843,6426.0263,Development,0,0,0,0,0,0,0,,0.0009171280758317,-0.0017643812254612,-0.0017643812254612978,0.0,0.0,0.0009171280758317,1.4277249716410745,1.8495465095786585,1.1028347865870431
2020-12-04,2020-12-04,2020-12-07,6426.0263,6465.9879,Development,0,0,0,0,0,0,0,,0.0037034841570116,0.0062187109318241,0.006218710931824134,0.0,0.0,0.0037034841570116,1.4277249716410745,1.8495465095786585,1.1065382707440548
2020-12-07,2020-12-07,2020-12-08,6465.9879,6424.1589,Development,0,0,0,1,0,-1,-1,2020-12-09,-0.0061954903175063,-0.0064690810819487,-0.006469081081948769,-0.0,0.0061954903175063,-0.0061954903175063,1.4277249716410745,1.8557419998961646,1.1003427804265487
2020-12-08,2020-12-08,2020-12-09,6424.1589,6430.4767,Development,0,0,0,0,0,-1,-1,2020-12-09,-0.000160474861146,0.0009834439182381,0.000983443918238125,-0.0,0.000160474861146,-0.000160474861146,1.4277249716410745,1.8559024747573107,1.1001823055654025
2020-12-09,2020-12-09,2020-12-10,6430.4767,6295.353,Development,0,0,0,0,0,-1,-1,2020-12-09,-0.0181252989246163,-0.0210130144783823,-0.02101301447838233,-0.0,0.0181252989246163,-0.0181252989246163,1.4277249716410745,1.874027773681927,1.0820570066407862
2020-12-10,2020-12-10,2020-12-11,6295.353,6328.8282,Development,0,0,0,0,0,0,0,,0.0020412953046022,0.0053174460590215,0.005317446059021513,0.0,0.0,0.0020412953046022,1.4277249716410745,1.874027773681927,1.0840983019453885
2020-12-11,2020-12-11,2020-12-14,6328.8282,6207.826,Development,0,0,0,0,0,0,0,,-0.017510589555006,-0.0191192107252966,-0.019119210725296654,-0.0,-0.0,-0.017510589555006,1.4277249716410745,1.874027773681927,1.0665877123903824
2020-12-14,2020-12-14,2020-12-15,6207.826,6250.0967,Development,0,0,0,1,0,-1,-1,2020-12-16,0.0079863246640954,0.0068092597956193,0.006809259795619305,0.0,-0.0079863246640954,0.0079863246640954,1.4277249716410745,1.8660414490178316,1.0745740370544778
2020-12-15,2020-12-15,2020-12-16,6250.0967,6268.2111,Development,0,0,0,0,0,-1,-1,2020-12-16,0.001048790804627,0.0028982591581343,0.002898259158134353,0.0,-0.001048790804627,0.001048790804627,1.4277249716410745,1.8649926582132046,1.075622827859105
2020-12-16,2020-12-16,2020-12-17,6268.2111,6225.079,Development,0,0,0,0,0,-1,-1,2020-12-16,-0.0048114764887201,-0.0068810860565944,-0.006881086056594432,-0.0,0.0048114764887201,-0.0048114764887201,1.4277249716410745,1.8698041347019245,1.0708113513703847
2020-12-17,2020-12-17,2020-12-18,6225.079,6310.1601,Development,0,0,0,0,0,0,0,,0.0117820324714466,0.0136674731356822,0.013667473135682284,0.0,0.0,0.0117820324714466,1.4277249716410745,1.8698041347019245,1.0825933838418313
2020-12-18,2020-12-18,2020-12-21,6310.1601,6302.2576,Development,0,0,0,0,0,0,0,,-0.002691958423886,-0.0012523454040413,-0.0012523454040413995,-0.0,-0.0,-0.002691958423886,1.4277249716410745,1.8698041347019245,1.0799014254179453
2020-12-21,2020-12-21,2020-12-22,6302.2576,6372.8787,Development,0,0,0,0,0,0,0,,0.016955195538149,0.0112056828651372,0.011205682865137234,0.0,0.0,0.016955195538149,1.4277249716410745,1.8698041347019245,1.0968566209560944
2020-12-22,2020-12-22,2020-12-23,6372.8787,6255.3524,Development,0,0,0,0,0,0,0,,-0.0232141609380815,-0.0184416345473514,-0.018441634547351482,-0.0,-0.0,-0.0232141609380815,1.4277249716410745,1.8698041347019245,1.0736424600180128
2020-12-23,2020-12-23,2020-12-24,6255.3524,6308.4801,Development,0,0,0,1,0,-1,-1,2020-12-25,0.0092068547303365,0.0084931585948699,0.008493158594869987,0.0,-0.0092068547303365,0.0092068547303365,1.4277249716410745,1.8605972799715882,1.0828493147483493
2020-12-24,2020-12-24,2020-12-25,6308.4801,6190.9922,Development,0,0,0,0,0,-1,-1,2020-12-25,-0.0162310918694326,-0.0186238044881841,-0.018623804488184126,-0.0,0.0162310918694326,-0.0162310918694326,1.4277249716410745,1.8768283718410208,1.0666182228789167
2020-12-25,2020-12-25,2020-12-28,6190.9922,6283.7821,Development,0,0,0,0,0,-1,-1,2020-12-25,0.0118083395110575,0.014987888371108,0.014987888371108093,0.0,-0.0118083395110575,0.0118083395110575,1.4277249716410745,1.8650200323299633,1.0784265623899743
2020-12-28,2020-12-28,2020-12-29,6283.7821,6240.7355,Development,0,0,0,0,0,0,0,,-0.005417904004781,-0.006850428502287,-0.006850428502287009,-0.0,-0.0,-0.005417904004781,1.4277249716410745,1.8650200323299633,1.0730086583851932
2020-12-29,2020-12-29,2020-12-30,6240.7355,6196.4505,Development,0,0,0,0,0,0,0,,-0.0071470301987268,-0.007096118718699,-0.007096118718699085,-0.0,-0.0,-0.0071470301987268,1.4277249716410745,1.8650200323299633,1.0658616281864663
2020-12-30,2020-12-30,2020-12-31,6196.4505,6282.9576,Development,0,0,0,1,0,-1,-1,2021-01-04,0.011193186005415,0.0139607505942311,0.013960750594231186,0.0,-0.011193186005415,0.011193186005415,1.4277249716410745,1.8538268463245484,1.0770548141918814
2020-12-31,2020-12-31,2021-01-04,6282.9576,6395.6118,Development,0,0,0,0,0,-1,-1,2021-01-04,0.0156105634608447,0.0179301225906729,0.017930122590672948,0.0,-0.0156105634608447,0.0156105634608447,1.4277249716410745,1.8382162828637036,1.0926653776527262
2021-01-04,2021-01-04,2021-01-05,6395.6118,6470.2503,Development,0,0,0,0,0,-1,-1,2021-01-04,0.0181670822368857,0.0116702674167934,0.011670267416793445,0.0,-0.0181670822368857,0.0181670822368857,1.4277249716410745,1.8200492006268179,1.1108324598896118
2021-01-05,2021-01-05,2021-01-06,6470.2503,6549.731,Development,0,0,0,0,0,0,0,,0.008783984690041,0.0122840224589146,0.01228402245891469,0.0,0.0,0.008783984690041,1.4277249716410745,1.8200492006268179,1.1196164445796528
2021-01-06,2021-01-06,2021-01-07,6549.731,6523.6756,Development,0,0,0,0,1,1,1,2021-01-12,-0.0017720911019053,-0.0039780870389944,-0.003978087038994493,-0.0,-0.0017720911019053,-0.0017720911019053,1.4277249716410745,1.8182771095249126,1.1178443534777476
2021-01-07,2021-01-07,2021-01-08,6523.6756,6541.5576,Development,0,0,0,0,0,1,1,2021-01-12,0.0015278005956518,0.0027410927667832,0.0027410927667832485,0.0,0.0015278005956518,0.0015278005956518,1.4277249716410745,1.8198049101205644,1.1193721540733994
2021-01-08,2021-01-08,2021-01-11,6541.5576,6557.4528,Development,0,0,0,0,0,1,1,2021-01-12,0.0029794820716095,0.002429880002891,0.002429880002891016,0.0,0.0029794820716095,0.0029794820716095,1.4277249716410745,1.8227843921921738,1.1223516361450088
2021-01-11,2021-01-11,2021-01-12,6557.4528,6425.8148,Development,0,0,0,0,0,1,1,2021-01-12,-0.0155846279286112,-0.020074563098647,-0.02007456309864708,-0.0,-0.0155846279286112,-0.0155846279286112,1.4277249716410745,1.8071997642635629,1.1067670082163976
2021-01-12,2021-01-12,2021-01-13,6425.8148,6550.0346,Development,0,0,0,0,0,1,1,2021-01-12,0.0136056507245634,0.0193313694630601,0.019331369463060133,0.0,0.0136056507245634,0.0136056507245634,1.4277249716410745,1.820805414988126,1.120372658940961
2021-01-13,2021-01-13,2021-01-14,6550.0346,6471.7894,Development,0,0,0,1,0,-1,-1,2021-01-15,-0.0070783863489043,-0.0119457689582281,-0.011945768958228187,-0.0,0.0070783863489043,-0.0070783863489043,1.4277249716410745,1.8278838013370304,1.1132942725920567
2021-01-14,2021-01-14,2021-01-15,6471.7894,6427.1304,Development,0,0,0,0,0,-1,-1,2021-01-15,-0.0087776608863676,-0.0069005644713964,-0.00690056447139642,-0.0,0.0087776608863676,-0.0087776608863676,1.4277249716410745,1.836661462223398,1.104516611705689
2021-01-15,2021-01-15,2021-01-18,6427.1304,6414.8298,Development,0,0,0,0,0,-1,-1,2021-01-15,-0.0034758848348449,-0.0019138556765551,-0.0019138556765551096,-0.0,0.0034758848348449,-0.0034758848348449,1.4277249716410745,1.840137347058243,1.1010407268708442
2021-01-18,2021-01-18,2021-01-19,6414.8298,6510.4785,Development,0,0,0,0,0,0,0,,0.015109198812603,0.0149105592793747,0.014910559279374791,0.0,0.0,0.015109198812603,1.4277249716410745,1.840137347058243,1.1161499256834473
2021-01-19,2021-01-19,2021-01-20,6510.4785,6477.6683,Development,0,0,0,0,1,1,1,2021-01-25,-0.0058471115445807,-0.0050395988559058,-0.00503959885590588,-0.0,-0.0058471115445807,-0.0058471115445807,1.4277249716410745,1.834290235513662,1.1103028141388664
2021-01-20,2021-01-20,2021-01-21,6477.6683,6552.0345,Development,0,0,0,0,0,1,1,2021-01-25,0.0091169694101649,0.0114803964259793,0.011480396425979311,0.0,0.0091169694101649,0.0091169694101649,1.4277249716410745,1.8434072049238273,1.1194197835490314
2021-01-21,2021-01-21,2021-01-22,6552.0345,6619.8603,Development,0,0,0,1,0,0,0,,0.0133239210312239,0.0103518685684576,0.0103518685684576,0.0,0.0,0.0133239210312239,1.4277249716410745,1.8434072049238273,1.1327437045802553
2021-01-22,2021-01-22,2021-01-25,6619.8603,6636.2196,Development,0,0,0,0,0,0,0,,0.0023117115104593,0.0024712455034738,0.0024712455034738845,0.0,0.0,0.0023117115104593,1.4277249716410745,1.8434072049238273,1.1350554160907147
2021-01-25,2021-01-25,2021-01-26,6636.2196,6621.1481,Development,0,0,0,0,0,0,0,,0.0011311720928477,-0.0022710972373488,-0.0022710972373488625,0.0,0.0,0.0011311720928477,1.4277249716410745,1.8434072049238273,1.1361865881835624
2021-01-26,2021-01-26,2021-01-27,6621.1481,6527.6804,Development,0,0,0,0,0,0,0,,-0.0169070573748835,-0.0141165396980019,-0.014116539698001973,-0.0,-0.0,-0.0169070573748835,1.4277249716410745,1.8434072049238273,1.119279530808679
2021-01-27,2021-01-27,2021-01-28,6527.6804,6475.8609,Development,0,0,0,0,0,0,0,,0.0037042621255505,-0.0079384248040085,-0.007938424804008526,0.0,0.0,0.0037042621255505,1.4277249716410745,1.8434072049238273,1.1229837929342295
2021-01-28,2021-01-28,2021-01-29,6475.8609,6448.6697,Development,0,0,0,0,0,0,0,,-0.0217746223334953,-0.0041988548580466,-0.004198854858046608,-0.0,-0.0,-0.0217746223334953,1.4277249716410745,1.8434072049238273,1.101209170600734
2021-01-29,2021-01-29,2021-02-01,6448.6697,6338.6445,Development,0,0,0,0,0,0,0,,-0.0106392181780405,-0.0170616894830262,-0.01706168948302622,-0.0,-0.0,-0.0106392181780405,1.4277249716410745,1.8434072049238273,1.0905699524226935
2021-02-01,2021-02-01,2021-02-02,6338.6445,6404.853,Development,0,0,0,0,0,0,0,,0.0074282826319651,0.0104452142725466,0.010445214272546632,0.0,0.0,0.0074282826319651,1.4277249716410745,1.8434072049238273,1.0979982350546587
2021-02-02,2021-02-02,2021-02-03,6404.853,6459.6641,Development,0,0,0,1,0,-1,-1,2021-02-04,0.0096206202827406,0.0085577451972747,0.008557745197274702,0.0,-0.0096206202827406,0.0096206202827406,1.4277249716410745,1.8337865846410866,1.1076188553373993
2021-02-03,2021-02-03,2021-02-04,6459.6641,6375.6723,Development,0,0,0,0,0,-1,-1,2021-02-04,-0.0085911145642596,-0.0130025027152727,-0.013002502715272701,-0.0,0.0085911145642596,-0.0085911145642596,1.4277249716410745,1.8423776992053462,1.0990277407731397
2021-02-04,2021-02-04,2021-02-05,6375.6723,6343.8303,Development,0,0,0,0,0,-1,-1,2021-02-04,-0.0110235576950499,-0.0049942968367431,-0.004994296836743128,-0.0,0.0110235576950499,-0.0110235576950499,1.4277249716410745,1.8534012569003961,1.0880041830780898
2021-02-05,2021-02-05,2021-02-08,6343.8303,6247.919,Development,-1,0,0,0,0,-1,0,,-0.0140496408783222,-0.0151188312839957,-0.015118831283995715,0.0140496408783222,0.0140496408783222,-0.0140496408783222,1.4417746125193966,1.8674508977787183,1.0739545421997676
2021-02-08,2021-02-08,2021-02-09,6247.919,6334.4163,Development,-1,0,0,0,0,-1,0,,0.0133482409067149,0.0138441775573594,0.01384417755735945,-0.0133482409067149,-0.0133482409067149,0.0133482409067149,1.4284263716126817,1.8541026568720034,1.0873027831064825
2021-02-09,2021-02-09,2021-02-10,6334.4163,6474.7495,Development,-1,0,0,0,0,-1,0,,0.0213056688629622,0.0221540854521986,0.022154085452198657,-0.0213056688629622,-0.0213056688629622,0.0213056688629622,1.4071207027497197,1.8327969880090411,1.1086084519694446
2021-02-10,2021-02-10,2021-02-18,6474.7495,6657.3065,Development,-1,0,0,0,0,-1,0,,0.0104189587625438,0.0281952220699812,0.028195222069981263,-0.0104189587625438,-0.0104189587625438,0.0104189587625438,1.3967017439871758,1.8223780292464973,1.1190274107319884
2021-02-18,2021-02-18,2021-02-19,6657.3065,6600.2459,Development,-1,0,0,0,0,-1,0,,0.0136975063530186,-0.0085711240724758,-0.008571124072475844,-0.0136975063530186,-0.0136975063530186,0.0136975063530186,1.3830042376341571,1.8086805228934786,1.132724917085007
2021-02-19,2021-02-19,2021-02-22,6600.2459,6731.5054,Development,0,0,0,0,0,0,0,,0.013445793990676,0.0198870620865807,0.019887062086580753,0.0,0.0,0.013445793990676,1.3830042376341571,1.8086805228934786,1.1461707110756831
2021-02-22,2021-02-22,2021-02-23,6731.5054,6613.6014,Development,0,0,0,0,1,1,1,2021-02-26,-0.0069256692726904,-0.0175152500063359,-0.017515250006335914,-0.0,-0.0069256692726904,-0.0069256692726904,1.3830042376341571,1.8017548536207881,1.1392450418029927
2021-02-23,2021-02-23,2021-02-24,6613.6014,6633.2823,Development,0,0,0,1,0,0,0,,-0.0038797029798155,0.002975821917541,0.0029758219175410883,-0.0,-0.0,-0.0038797029798155,1.3830042376341571,1.8017548536207881,1.1353653388231773
2021-02-24,2021-02-24,2021-02-25,6633.2823,6600.2054,Development,0,0,0,0,0,0,0,,-0.0143325627471205,-0.0049865057002022,-0.004986505700202204,-0.0,-0.0,-0.0143325627471205,1.3830042376341571,1.8017548536207881,1.1210327760760568
2021-02-25,2021-02-25,2021-02-26,6600.2054,6365.7385,Development,0,0,0,0,0,0,0,,-0.0056658882463582,-0.0355241823231743,-0.035524182323174336,-0.0,-0.0,-0.0056658882463582,1.3830042376341571,1.8017548536207881,1.1153668878296985
2021-02-26,2021-02-26,2021-03-01,6365.7385,6407.1642,Development,0,0,0,0,0,0,0,,-0.0207411495233655,0.0065076031634034,0.006507603163403486,-0.0,-0.0,-0.0207411495233655,1.3830042376341571,1.8017548536207881,1.094625738306333
2021-03-01,2021-03-01,2021-03-02,6407.1642,6514.0213,Development,0,0,0,0,0,0,0,,0.0194970175208228,0.0166777526943979,0.016677752694397974,0.0,0.0,0.0194970175208228,1.3830042376341571,1.8017548536207881,1.1141227558271558
2021-03-02,2021-03-02,2021-03-03,6514.0213,6426.0369,Development,0,0,0,0,0,0,0,,-0.0084936610637369,-0.0135069254379012,-0.013506925437901218,-0.0,-0.0,-0.0084936610637369,1.3830042376341571,1.8017548536207881,1.1056290947634189
2021-03-03,2021-03-03,2021-03-04,6426.0369,6482.7869,Development,0,0,0,0,0,0,0,,0.0142108558988176,0.0088312595901838,0.008831259590183826,0.0,0.0,0.0142108558988176,1.3830042376341571,1.8017548536207881,1.1198399506622365
2021-03-04,2021-03-04,2021-03-05,6482.7869,6325.7517,Development,0,0,0,0,0,0,0,,-0.0188144489124053,-0.0242234092254367,-0.024223409225436754,-0.0,-0.0,-0.0188144489124053,1.3830042376341571,1.8017548536207881,1.1010255017498312
2021-03-05,2021-03-05,2021-03-08,6325.7517,6453.7799,Development,0,0,0,1,0,-1,-1,2021-03-09,0.0002350362309904,0.0202392073024302,0.02023920730243023,0.0,-0.0002350362309904,0.0002350362309904,1.3830042376341571,1.801519817389798,1.1012605379808216
2021-03-08,2021-03-08,2021-03-09,6453.7799,6235.3139,Development,-1,0,0,0,0,-1,0,,-0.0229698262967712,-0.0338508600208073,-0.033850860020807394,0.0229698262967712,0.0229698262967712,-0.0229698262967712,1.4059740639309284,1.8244896436865692,1.0782907116840503
2021-03-09,2021-03-09,2021-03-10,6235.3139,6164.7682,Development,-1,0,0,0,0,-1,0,,-0.0237207150708748,-0.0113138971239282,-0.011313897123928274,0.0237207150708748,0.0237207150708748,-0.0237207150708748,1.429694779001803,1.8482103587574439,1.0545699966131756
2021-03-10,2021-03-10,2021-03-11,6164.7682,6074.3345,Development,-1,0,0,0,0,-1,0,,-0.0074897642072097,-0.014669440450332,-0.014669440450332027,0.0074897642072097,0.0074897642072097,-0.0074897642072097,1.437184543209013,1.8557001229646537,1.0470802324059658
2021-03-11,2021-03-11,2021-03-12,6074.3345,6231.4849,Development,-1,0,0,0,0,-1,0,,0.0250033518879244,0.0258712127229741,0.025871212722974102,-0.0250033518879244,-0.0250033518879244,0.0250033518879244,1.4121811913210884,1.8306967710767292,1.0720835842938903
2021-03-12,2021-03-12,2021-03-15,6231.4849,6192.299,Development,-1,0,0,0,0,-1,0,,0.0013756889689917,-0.006288372776126,-0.006288372776126039,-0.0013756889689917,-0.0013756889689917,0.0013756889689917,1.4108055023520967,1.8293210821077377,1.073459273262882
2021-03-15,2021-03-15,2021-03-16,6192.299,6176.0685,Development,0,0,0,0,0,0,0,,-0.0077957467144164,-0.0026210782134389,-0.002621078213438932,-0.0,-0.0,-0.0077957467144164,1.4108055023520967,1.8293210821077377,1.0656635265484655
2021-03-16,2021-03-16,2021-03-17,6176.0685,6180.8928,Development,0,0,0,0,1,1,1,2021-03-22,0.0034616363367814,0.0007811279942895,0.0007811279942895322,0.0,0.0034616363367814,0.0034616363367814,1.4108055023520967,1.832782718444519,1.069125162885247
2021-03-17,2021-03-17,2021-03-18,6180.8928,6231.1932,Development,-1,0,0,0,0,-1,0,,0.004860987068822,0.008138047629624,0.008138047629624001,-0.004860987068822,-0.004860987068822,0.004860987068822,1.4059445152832748,1.827921731375697,1.073986149954069
2021-03-18,2021-03-18,2021-03-19,6231.1932,6195.2534,Development,-1,0,0,0,0,-1,0,,0.007790201586453,-0.0057677235878355,-0.005767723587835505,-0.007790201586453,-0.007790201586453,0.007790201586453,1.3981543136968217,1.820131529789244,1.0817763515405219
2021-03-19,2021-03-19,2021-03-22,6195.2534,6208.9317,Development,-1,0,0,0,0,-1,0,,-0.0107196123544827,0.0022078677201484,0.002207867720148471,0.0107196123544827,0.0107196123544827,-0.0107196123544827,1.4088739260513046,1.8308511421437266,1.0710567391860393
2021-03-22,2021-03-22,2021-03-23,6208.9317,6307.9803,Development,-1,0,0,0,0,-1,0,,0.0159651924209804,0.0159525993819515,0.015952599381951593,-0.0159651924209804,-0.0159651924209804,0.0159651924209804,1.392908733630324,1.8148859497227463,1.0870219316070198
2021-03-23,2021-03-23,2021-03-24,6307.9803,6180.3124,Development,-1,0,0,0,0,-1,0,,-0.0137217773040894,-0.0202391088634186,-0.02023910886341862,0.0137217773040894,0.0137217773040894,-0.0137217773040894,1.4066305109344135,1.8286077270268357,1.0733001543029304
2021-03-24,2021-03-24,2021-03-25,6180.3124,6118.8697,Development,0,0,0,1,0,-1,-1,2021-03-26,-0.0123204128347357,-0.0099416819123899,-0.009941681912389977,-0.0,0.0123204128347357,-0.0123204128347357,1.4066305109344135,1.8409281398615716,1.0609797414681945
2021-03-25,2021-03-25,2021-03-26,6118.8697,6164.8237,Development,0,0,0,0,0,-1,-1,2021-03-26,0.002419730366111,0.007510210586769,0.007510210586769039,0.0,-0.002419730366111,0.002419730366111,1.4066305109344135,1.8385084094954605,1.0633994718343056
2021-03-26,2021-03-26,2021-03-29,6164.8237,6269.9988,Development,0,0,0,0,0,-1,-1,2021-03-26,0.0153290008170972,0.0170605203195024,0.017060520319502448,0.0,-0.0153290008170972,0.0153290008170972,1.4066305109344135,1.8231794086783633,1.0787284726514028
2021-03-29,2021-03-29,2021-03-30,6269.9988,6239.4695,Development,0,0,0,0,0,0,0,,0.0005036154341679,-0.0048691077899408,-0.004869107789940874,0.0,0.0,0.0005036154341679,1.4066305109344135,1.8231794086783633,1.0792320880855706
2021-03-30,2021-03-30,2021-03-31,6239.4695,6277.696,Development,0,0,0,0,0,0,0,,0.0040634105898909,0.0061265625226631,0.006126562522663193,0.0,0.0,0.0040634105898909,1.4066305109344135,1.8231794086783633,1.0832954986754615
2021-03-31,2021-03-31,2021-04-01,6277.696,6259.4135,Development,0,0,0,0,0,0,0,,-0.0041859868201803,-0.0029122945743151,-0.0029122945743151885,-0.0,-0.0,-0.0041859868201803,1.4066305109344135,1.8231794086783633,1.0791095118552814
2021-04-01,2021-04-01,2021-04-02,6259.4135,6316.5561,Development,0,0,0,0,0,0,0,,0.0092091877136959,0.0091290661657039,0.00912906616570397,0.0,0.0,0.0092091877136959,1.4066305109344135,1.8231794086783633,1.088318699568977
2021-04-02,2021-04-02,2021-04-06,6316.5561,6345.8913,Development,0,0,0,0,1,1,1,2021-04-09,0.0023672836597585,0.0046441762782729,0.00464417627827296,0.0,0.0023672836597585,0.0023672836597585,1.4066305109344135,1.8255466923381216,1.0906859832287357
2021-04-06,2021-04-06,2021-04-07,6345.8913,6350.3783,Development,0,0,0,0,0,1,1,2021-04-09,0.0026065002721284,0.0007070716764405,0.0007070716764405738,0.0,0.0026065002721284,0.0026065002721284,1.4066305109344135,1.82815319261025,1.0932924835008642
2021-04-07,2021-04-07,2021-04-08,6350.3783,6332.9263,Development,0,0,0,1,0,0,0,,0.0007850897799721,-0.0027481827342474,-0.002748182734247484,0.0,0.0,0.0007850897799721,1.4066305109344135,1.82815319261025,1.094077573280836
2021-04-08,2021-04-08,2021-04-09,6332.9263,6345.2896,Development,0,0,0,0,0,0,0,,0.001366792058463,0.0019522254664483,0.001952225466448354,0.0,0.0,0.001366792058463,1.4066305109344135,1.82815319261025,1.0954443653392991
2021-04-09,2021-04-09,2021-04-12,6345.2896,6325.2643,Development,0,0,0,0,0,0,0,,-0.0033843223661087,-0.0031559316063367,-0.0031559316063367593,-0.0,-0.0,-0.0033843223661087,1.4066305109344135,1.82815319261025,1.0920600429731906
2021-04-12,2021-04-12,2021-04-13,6325.2643,6210.2229,Development,1,0,0,0,0,1,0,,-0.0171771096318334,-0.0181876036389498,-0.01818760363894989,-0.0171771096318334,-0.0171771096318334,-0.0171771096318334,1.38945340130258,1.8109760829784167,1.0748829333413572
2021-04-13,2021-04-13,2021-04-14,6210.2229,6206.6373,Development,1,0,0,0,0,1,0,,-0.0026721783641195,-0.0005773705803698,-0.0005773705803698848,-0.0026721783641195,-0.0026721783641195,-0.0026721783641195,1.3867812229384606,1.8083039046142972,1.0722107549772375
2021-04-14,2021-04-14,2021-04-15,6206.6373,6263.6281,Development,1,0,0,0,0,1,0,,0.0108588386245755,0.0091822346377481,0.009182234637748143,0.0108588386245755,0.0108588386245755,0.0108588386245755,1.3976400615630362,1.8191627432388726,1.083069593601813
2021-04-15,2021-04-15,2021-04-16,6263.6281,6283.8616,Development,1,0,0,0,0,1,0,,-0.0001195116729466,0.0032303163082112,0.003230316308211245,-0.0001195116729466,-0.0001195116729466,-0.0001195116729466,1.3975205498900896,1.8190432315659262,1.0829500819288664
2021-04-16,2021-04-16,2021-04-19,6283.8616,6331.7097,Development,1,0,0,0,0,1,0,,0.0100581682903497,0.0076144420494557,0.007614442049455716,0.0100581682903497,0.0100581682903497,0.0100581682903497,1.4075787181804393,1.8291013998562757,1.0930082502192162
2021-04-19,2021-04-19,2021-04-20,6331.7097,6419.7312,Development,1,0,0,0,0,1,0,,0.0135134909184828,0.0139016954614958,0.013901695461495889,0.0135134909184828,0.0135134909184828,0.0135134909184828,1.421092209098922,1.8426148907747586,1.106521741137699
2021-04-20,2021-04-20,2021-04-21,6419.7312,6396.2721,Development,1,0,0,0,0,1,0,,0.0005105629489954,-0.0036542184196123,-0.0036542184196123317,0.0005105629489954,0.0005105629489954,0.0005105629489954,1.4216027720479174,1.843125453723754,1.1070323040866943
2021-04-21,2021-04-21,2021-04-22,6396.2721,6444.2841,Development,1,0,0,0,0,1,0,,-0.001288379411621,0.0075062472717506,0.0075062472717506434,-0.001288379411621,-0.001288379411621,-0.001288379411621,1.4203143926362964,1.841837074312133,1.1057439246750733
2021-04-22,2021-04-22,2021-04-23,6444.2841,6445.5162,Development,1,0,0,0,0,1,0,,0.0039261657789582,0.0001911926881064,0.00019119268810641188,0.0039261657789582,0.0039261657789582,0.0039261657789582,1.4242405584152547,1.8457632400910913,1.1096700904540315
2021-04-23,2021-04-23,2021-04-26,6445.5162,6480.3,Development,1,0,0,0,0,1,0,,0.0026825214506998,0.0053965887169751,0.005396588716975126,0.0026825214506998,0.0026825214506998,0.0026825214506998,1.4269230798659545,1.848445761541791,1.1123526119047313
2021-04-26,2021-04-26,2021-04-27,6480.3,6434.6133,Development,1,0,0,0,0,1,0,,-0.0031117839854014,-0.0070500902735984,-0.007050090273598486,-0.0031117839854014,-0.0031117839854014,-0.0031117839854014,1.423811295880553,1.8453339775563897,1.10924082791933
2021-04-27,2021-04-27,2021-04-28,6434.6133,6433.0989,Development,1,0,0,0,0,1,0,,0.0005645352093039,-0.0002353521384105,-0.00023535213841052727,0.0005645352093039,0.0005645352093039,0.0005645352093039,1.4243758310898569,1.8458985127656935,1.109805363128634
2021-04-28,2021-04-28,2021-04-29,6433.0989,6495.6457,Development,1,0,0,0,0,1,0,,0.0067421652747376,0.0097226548157063,0.009722654815706333,0.0067421652747376,0.0067421652747376,0.0067421652747376,1.4311179963645946,1.8526406780404312,1.1165475284033715
2021-04-29,2021-04-29,2021-04-30,6495.6457,6470.3528,Development,1,0,0,0,0,1,0,,0.0003365309889491,-0.0038938238272447,-0.003893823827244791,0.0003365309889491,0.0003365309889491,0.0003365309889491,1.4314545273535435,1.8529772090293803,1.1168840593923206
2021-04-30,2021-04-30,2021-05-06,6470.3528,6503.6009,Development,1,0,0,0,0,1,0,,-0.0009582053134568,0.0051385296950114,0.005138529695011496,-0.0009582053134568,-0.0009582053134568,-0.0009582053134568,1.4304963220400868,1.8520190037159234,1.115925854078864
2021-05-06,2021-05-06,2021-05-07,6503.6009,6505.5752,Development,1,0,0,0,0,1,0,,0.0005613882525536,0.0003035702882689,0.000303570288268995,0.0005613882525536,0.0005613882525536,0.0005613882525536,1.4310577102926403,1.8525803919684771,1.1164872423314174
2021-05-07,2021-05-07,2021-05-10,6505.5752,6461.4184,Development,1,0,0,0,0,1,0,,-0.0069198934222749,-0.0067875320233021,-0.0067875320233021785,-0.0069198934222749,-0.0069198934222749,-0.0069198934222749,1.4241378168703656,1.8456604985462022,1.1095673489091424
2021-05-10,2021-05-10,2021-05-11,6461.4184,6436.2918,Development,0,0,0,1,0,-1,-1,2021-05-12,0.0048958304836559,-0.0038887127321765,-0.0038887127321765025,0.0,-0.0048958304836559,0.0048958304836559,1.4241378168703656,1.8407646680625462,1.1144631793927984
2021-05-11,2021-05-11,2021-05-12,6436.2918,6434.9139,Development,0,0,0,0,1,0,0,,-0.0030815656432531,-0.0002140828978575,-0.0002140828978575149,-0.0,-0.0,-0.0030815656432531,1.4241378168703656,1.8407646680625462,1.1113816137495454
2021-05-12,2021-05-12,2021-05-13,6434.9139,6448.9598,Development,0,0,0,0,0,0,0,,0.0086759872650061,0.0021827642480189,0.002182764248018998,0.0,0.0,0.0086759872650061,1.4241378168703656,1.8407646680625462,1.1200576010145513
2021-05-13,2021-05-13,2021-05-14,6448.9598,6454.6791,Development,0,0,0,0,0,0,0,,-0.0112134886677239,0.0008868562027632,0.0008868562027632976,-0.0,-0.0,-0.0112134886677239,1.4241378168703656,1.8407646680625462,1.1088441123468276
2021-05-14,2021-05-14,2021-05-17,6454.6791,6521.8855,Development,0,0,0,0,0,0,0,,0.0134766162584836,0.0104120435669683,0.010412043566968343,0.0,0.0,0.0134766162584836,1.4241378168703656,1.8407646680625462,1.1223207286053112
2021-05-17,2021-05-17,2021-05-18,6521.8855,6578.971,Development,0,0,0,0,0,0,0,,0.0080199471525621,0.0087529135554433,0.008752913555443387,0.0,0.0,0.0080199471525621,1.4241378168703656,1.8407646680625462,1.1303406757578731
2021-05-18,2021-05-18,2021-05-19,6578.971,6582.1042,Development,0,0,0,0,0,0,0,,0.0032620618210601,0.0004762446893291,0.00047624468932916386,0.0,0.0,0.0032620618210601,1.4241378168703656,1.8407646680625462,1.1336027375789333
2021-05-19,2021-05-19,2021-05-20,6582.1042,6541.0926,Development,0,0,0,1,0,-1,-1,2021-05-21,-0.0023049280952469,-0.0062307734356438,-0.006230773435643822,-0.0,0.0023049280952469,-0.0023049280952469,1.4241378168703656,1.8430695961577932,1.1312978094836863
2021-05-20,2021-05-20,2021-05-21,6541.0926,6557.4884,Development,0,0,0,0,0,-1,-1,2021-05-21,-0.0054182417500405,0.0025065842975531,0.002506584297553127,-0.0,0.0054182417500405,-0.0054182417500405,1.4241378168703656,1.8484878379078336,1.125879567733646
2021-05-21,2021-05-21,2021-05-24,6557.4884,6515.8325,Development,0,0,0,0,0,-1,-1,2021-05-21,-0.0031833897818459,-0.0063524168796089,-0.006352416879608969,-0.0,0.0031833897818459,-0.0031833897818459,1.4241378168703656,1.8516712276896794,1.1226961779517999
2021-05-24,2021-05-24,2021-05-25,6515.8325,6549.3436,Development,0,0,0,0,0,0,0,,0.0024905236996359,0.0051430266201593,0.005143026620159308,0.0,0.0,0.0024905236996359,1.4241378168703656,1.8516712276896794,1.1251867016514359
2021-05-25,2021-05-25,2021-05-26,6549.3436,6631.3657,Development,0,0,0,0,0,0,0,,0.0115445436849905,0.0125237130633977,0.012523713063397723,0.0,0.0,0.0115445436849905,1.4241378168703656,1.8516712276896794,1.1367312453364264
2021-05-26,2021-05-26,2021-05-27,6631.3657,6629.2373,Development,0,0,0,0,0,0,0,,0.0012894599122581,-0.0003209595272358,-0.0003209595272358756,0.0,0.0,0.0012894599122581,1.4241378168703656,1.8516712276896794,1.1380207052486844
2021-05-27,2021-05-27,2021-05-28,6629.2373,6699.284,Development,0,0,0,0,0,0,0,,0.0086296194905814,0.0105663286483952,0.01056632864839524,0.0,0.0,0.0086296194905814,1.4241378168703656,1.8516712276896794,1.1466503247392659
2021-05-28,2021-05-28,2021-05-31,6699.284,6681.5496,Development,0,0,0,0,0,0,0,,-0.002578123385008,-0.0026472082688238,-0.0026472082688238086,-0.0,-0.0,-0.002578123385008,1.4241378168703656,1.8516712276896794,1.144072201354258
2021-05-31,2021-05-31,2021-06-01,6681.5496,6718.6433,Development,1,0,0,0,0,1,0,,0.0091210937406271,0.0055516612493604,0.005551661249360462,0.0091210937406271,0.0091210937406271,0.0091210937406271,1.4332589106109925,1.8607923214303064,1.1531932950948849
2021-06-01,2021-06-01,2021-06-02,6718.6433,6740.5032,Development,1,0,0,0,0,1,0,,0.0016008047328821,0.0032536181821112,0.0032536181821112287,0.0016008047328821,0.0016008047328821,0.0016008047328821,1.4348597153438747,1.8623931261631888,1.154794099827767
2021-06-02,2021-06-02,2021-06-03,6740.5032,6680.1048,Development,1,0,0,0,0,1,0,,-0.0086551864202215,-0.0089605179625165,-0.008960517962516512,-0.0086551864202215,-0.0086551864202215,-0.0086551864202215,1.4262045289236531,1.8537379397429672,1.1461389134075455
2021-06-03,2021-06-03,2021-06-04,6680.1048,6642.0602,Development,1,0,0,0,0,1,0,,-0.0020507740223517,-0.0056952100511956,-0.005695210051195665,-0.0020507740223517,-0.0020507740223517,-0.0020507740223517,1.4241537549013015,1.8516871657206155,1.1440881393851938
2021-06-04,2021-06-04,2021-06-07,6642.0602,6705.7364,Development,1,0,0,0,0,1,0,,0.0037990461036314,0.0095868146452511,0.00958681464525113,0.0037990461036314,0.0037990461036314,0.0037990461036314,1.427952801004933,1.855486211824247,1.1478871854888253
2021-06-07,2021-06-07,2021-06-08,6705.7364,6726.0868,Development,1,0,0,0,0,1,0,,0.0042498514953719,0.0030347748235377,0.003034774823537756,0.0042498514953719,0.0042498514953719,0.0042498514953719,1.4322026525003047,1.8597360633196187,1.1521370369841972
2021-06-08,2021-06-08,2021-06-09,6726.0868,6677.1376,Development,1,0,0,0,0,1,0,,-0.0054956913721916,-0.0072775153600456,-0.007277515360045617,-0.0054956913721916,-0.0054956913721916,-0.0054956913721916,1.4267069611281131,1.8542403719474272,1.1466413456120055
2021-06-09,2021-06-09,2021-06-10,6677.1376,6688.8192,Development,1,0,0,0,0,1,0,,0.0012479948949839,0.0017494921776062,0.0017494921776062267,0.0012479948949839,0.0012479948949839,0.0012479948949839,1.427954956023097,1.8554883668424111,1.1478893405069894
2021-06-10,2021-06-10,2021-06-11,6688.8192,6773.6422,Development,0,0,0,1,0,-1,-1,2021-06-15,0.0108680313087967,0.0126813115235646,0.012681311523564665,0.0,-0.0108680313087967,0.0108680313087967,1.427954956023097,1.8446203355336146,1.1587573718157862
2021-06-11,2021-06-11,2021-06-15,6773.6422,6734.0952,Development,0,0,0,0,1,0,0,,-0.0058720799304297,-0.0058383656579912,-0.005838365657991229,-0.0,-0.0,-0.0058720799304297,1.427954956023097,1.8446203355336146,1.1528852918853565
2021-06-15,2021-06-15,2021-06-16,6734.0952,6659.4935,Development,0,0,0,0,0,0,0,,-0.0092556772050887,-0.0110782069133801,-0.011078206913380129,-0.0,-0.0,-0.0092556772050887,1.427954956023097,1.8446203355336146,1.1436296146802678
2021-06-16,2021-06-16,2021-06-17,6659.4935,6554.3012,Development,0,0,0,0,0,0,0,,-0.0146130304352307,-0.0157958409299445,-0.01579584092994457,-0.0,-0.0,-0.0146130304352307,1.427954956023097,1.8446203355336146,1.129016584245037
2021-06-17,2021-06-17,2021-06-18,6554.3012,6610.2661,Development,0,0,0,0,0,0,0,,0.0075975977896789,0.0085386524500887,0.00853865245008878,0.0,0.0,0.0075975977896789,1.427954956023097,1.8446203355336146,1.136614182034716
2021-06-18,2021-06-18,2021-06-21,6610.2661,6652.6527,Development,0,0,0,0,0,0,0,,0.0062860347989639,0.0064122380791902,0.0064122380791902245,0.0,0.0,0.0062860347989639,1.427954956023097,1.8446203355336146,1.14290021683368
2021-06-21,2021-06-21,2021-06-22,6652.6527,6723.2981,Development,0,0,0,0,0,0,0,,0.0074218166505914,0.0106191324251754,0.010619132425175426,0.0,0.0,0.0074218166505914,1.427954956023097,1.8446203355336146,1.1503220334842712
2021-06-22,2021-06-22,2021-06-23,6723.2981,6741.577,Development,0,0,0,0,0,0,0,,0.0048631046848,0.0027187400778794,0.0027187400778794224,0.0,0.0,0.0048631046848,1.427954956023097,1.8446203355336146,1.1551851381690712
2021-06-23,2021-06-23,2021-06-24,6741.577,6791.8613,Development,0,0,0,0,0,0,0,,0.0074412512821795,0.0074588334450529,0.007458833445052937,0.0,0.0,0.0074412512821795,1.427954956023097,1.8446203355336146,1.1626263894512507
2021-06-24,2021-06-24,2021-06-25,6791.8613,6748.8658,Development,0,0,0,0,0,0,0,,-0.0051665650851087,-0.0063304443510942,-0.0063304443510942,-0.0,-0.0,-0.0051665650851087,1.427954956023097,1.8446203355336146,1.157459824366142
2021-06-25,2021-06-25,2021-06-28,6748.8658,6814.317,Development,0,0,0,0,0,0,0,,0.008667544641191,0.0096981036428374,0.009698103642837408,0.0,0.0,0.008667544641191,1.427954956023097,1.8446203355336146,1.166127369007333
2021-06-28,2021-06-28,2021-06-29,6814.317,6833.0565,Development,0,0,0,0,0,0,0,,0.0022165687338702,0.0027500188206681,0.0027500188206681653,0.0,0.0,0.0022165687338702,1.427954956023097,1.8446203355336146,1.1683439377412033
2021-06-29,2021-06-29,2021-06-30,6833.0565,6767.7419,Development,0,0,0,0,0,0,0,,-0.0092400893769571,-0.0095586213870761,-0.009558621387076194,-0.0,-0.0,-0.0092400893769571,1.427954956023097,1.8446203355336146,1.1591038483642462
2021-06-30,2021-06-30,2021-07-01,6767.7419,6827.6968,Development,0,0,0,0,0,0,0,,0.0063208196043877,0.008858922353407,0.008858922353407017,0.0,0.0,0.0063208196043877,1.427954956023097,1.8446203355336146,1.1654246679686338
2021-07-01,2021-07-01,2021-07-02,6827.6968,6701.0642,Development,0,0,0,1,0,-1,-1,2021-07-05,-0.0134422501063463,-0.0185468985676107,-0.018546898567610715,-0.0,0.0134422501063463,-0.0134422501063463,1.427954956023097,1.8580625856399609,1.1519824178622875
2021-07-02,2021-07-02,2021-07-05,6701.0642,6670.1262,Development,0,0,0,0,0,-1,-1,2021-07-05,-0.008727648768828,-0.0046168786145938,-0.004616878614593811,-0.0,0.008727648768828,-0.008727648768828,1.427954956023097,1.8667902344087888,1.1432547690934596
2021-07-05,2021-07-05,2021-07-06,6670.1262,6727.9674,Development,0,0,0,0,0,-1,-1,2021-07-05,0.0079555634130503,0.0086716800050949,0.008671680005094995,0.0,-0.0079555634130503,0.0079555634130503,1.427954956023097,1.8588346709957384,1.1512103325065097
2021-07-06,2021-07-06,2021-07-07,6727.9674,6661.8535,Development,0,0,0,0,0,0,0,,-0.000225793015827,-0.009826727162798,-0.009826727162798088,-0.0,-0.0,-0.000225793015827,1.427954956023097,1.8588346709957384,1.1509845394906828
2021-07-07,2021-07-07,2021-07-08,6661.8535,6774.8448,Development,0,0,0,0,0,0,0,,0.008142725067834,0.0169609403749271,0.016960940374927125,0.0,0.0,0.008142725067834,1.427954956023097,1.8588346709957384,1.1591272645585167
2021-07-08,2021-07-08,2021-07-09,6774.8448,6721.6089,Development,0,0,0,0,1,1,1,2021-07-14,-0.0022882315467561,-0.0078578774232583,-0.007857877423258386,-0.0,-0.0022882315467561,-0.0022882315467561,1.427954956023097,1.8565464394489823,1.1568390330117606
2021-07-09,2021-07-09,2021-07-12,6721.6089,6852.4754,Development,0,0,0,1,0,0,0,,0.0082808957163902,0.0194695201620551,0.019469520162055165,0.0,0.0,0.0082808957163902,1.427954956023097,1.8565464394489823,1.1651199287281508
2021-07-12,2021-07-12,2021-07-13,6852.4754,6901.8116,Development,0,0,0,0,0,0,0,,0.0146729854097829,0.0071997631687958,0.007199763168795892,0.0,0.0,0.0146729854097829,1.427954956023097,1.8565464394489823,1.1797929141379337
2021-07-13,2021-07-13,2021-07-14,6901.8116,6953.8224,Development,0,0,0,0,0,0,0,,0.0083230768031976,0.0075358185668237,0.0075358185668237265,0.0,0.0,0.0083230768031976,1.427954956023097,1.8565464394489823,1.1881159909411314
2021-07-14,2021-07-14,2021-07-15,6953.8224,6874.8047,Development,0,0,0,0,0,0,0,,-0.0090632982121483,-0.011363203638908,-0.011363203638908081,-0.0,-0.0,-0.0090632982121483,1.427954956023097,1.8565464394489823,1.179052692728983
2021-07-15,2021-07-15,2021-07-16,6874.8047,6931.0514,Development,0,0,0,0,0,0,0,,0.0048785358252281,0.0081815705979255,0.00818157059792557,0.0,0.0,0.0048785358252281,1.427954956023097,1.8565464394489823,1.1839312285542112
2021-07-16,2021-07-16,2021-07-19,6931.0514,6912.098,Development,0,0,0,0,0,0,0,,-0.0010505443564615,-0.0027345634747421,-0.002734563474742102,-0.0,-0.0,-0.0010505443564615,1.427954956023097,1.8565464394489823,1.1828806841977497
2021-07-19,2021-07-19,2021-07-20,6912.098,6831.0513,Development,0,0,0,1,0,-1,-1,2021-07-21,-0.0051675181749836,-0.0117253401210457,-0.011725340121045758,-0.0,0.0051675181749836,-0.0051675181749836,1.427954956023097,1.861713957623966,1.177713166022766
2021-07-20,2021-07-20,2021-07-21,6831.0513,6923.6119,Development,0,0,0,0,0,-1,-1,2021-07-21,0.0017119643216783,0.013549978756564,0.013549978756564052,0.0,-0.0017119643216783,0.0017119643216783,1.427954956023097,1.8600019933022878,1.1794251303444443
2021-07-21,2021-07-21,2021-07-22,6923.6119,6996.2552,Development,0,0,0,0,0,-1,-1,2021-07-21,0.0120864232733535,0.0104921103391135,0.01049211033911357,0.0,-0.0120864232733535,0.0120864232733535,1.427954956023097,1.8479155700289343,1.1915115536177978
2021-07-22,2021-07-22,2021-07-23,6996.2552,7036.2979,Development,0,0,0,0,0,0,0,,0.0060141955195973,0.0057234475952221,0.005723447595222142,0.0,0.0,0.0060141955195973,1.427954956023097,1.8479155700289343,1.1975257491373952
2021-07-23,2021-07-23,2021-07-26,7036.2979,6974.1092,Development,0,0,0,0,0,0,0,,-0.0058063075693411,-0.008838269908953,-0.00883826990895309,-0.0,-0.0,-0.0058063075693411,1.427954956023097,1.8479155700289343,1.191719441568054
2021-07-26,2021-07-26,2021-07-27,6974.1092,6877.4423,Development,1,0,0,0,0,1,0,,-0.0168260389625456,-0.0138608239744798,-0.013860823974479852,-0.0168260389625456,-0.0168260389625456,-0.0168260389625456,1.4111289170605514,1.8310895310663886,1.1748934026055085
2021-07-27,2021-07-27,2021-07-28,6877.4423,6650.1519,Development,1,0,0,0,0,1,0,,-0.0216871290170999,-0.0330486814843942,-0.033048681484394216,-0.0216871290170999,-0.0216871290170999,-0.0216871290170999,1.3894417880434515,1.8094024020492887,1.1532062735884085
2021-07-28,2021-07-28,2021-07-29,6650.1519,6720.6164,Development,1,0,0,0,0,1,0,,-0.0144764843522773,0.0105959233803365,0.010595923380336547,-0.0144764843522773,-0.0144764843522773,-0.0144764843522773,1.3749653036911744,1.7949259176970114,1.1387297892361312
2021-07-29,2021-07-29,2021-07-30,6720.6164,6739.7545,Development,1,0,0,0,0,1,0,,0.0206739233533392,0.0028476703416668,0.002847670341666886,0.0206739233533392,0.0206739233533392,0.0206739233533392,1.3956392270445135,1.8155998410503504,1.1594037125894705
2021-07-30,2021-07-30,2021-08-02,6739.7545,6756.8132,Development,1,0,0,0,0,1,0,,0.0012471136334593,0.0025310565837375,0.0025310565837375343,0.0012471136334593,0.0012471136334593,0.0012471136334593,1.3968863406779728,1.8168469546838097,1.1606508262229298
2021-08-02,2021-08-02,2021-08-03,6756.8132,6844.3695,Development,0,0,0,0,1,1,1,2021-08-06,0.0154691165596523,0.0129582241521788,0.012958224152178843,0.0,0.0154691165596523,0.0154691165596523,1.3968863406779728,1.8323160712434623,1.1761199427825821
2021-08-03,2021-08-03,2021-08-04,6844.3695,6814.0846,Development,0,0,0,0,0,1,1,2021-08-06,-0.0081475111671995,-0.0044247903331343,-0.004424790333134365,-0.0,-0.0081475111671995,-0.0081475111671995,1.3968863406779728,1.8241685600762627,1.1679724316153826
2021-08-04,2021-08-04,2021-08-05,6814.0846,6920.9393,Development,0,0,0,0,0,1,1,2021-08-06,0.016919838462108,0.0156814460448582,0.015681446044858216,0.0,0.016919838462108,0.016919838462108,1.3968863406779728,1.8410883985383708,1.1848922700774907
2021-08-05,2021-08-05,2021-08-06,6920.9393,6929.0226,Development,0,0,0,1,0,0,0,,-0.0028143634348152,0.0011679484026105,0.0011679484026105857,-0.0,-0.0,-0.0028143634348152,1.3968863406779728,1.8410883985383708,1.1820779066426754
2021-08-06,2021-08-06,2021-08-09,6929.0226,6914.3218,Development,0,0,0,0,0,0,0,,0.0039119456250451,-0.0021216267933662,-0.002121626793366249,0.0,0.0,0.0039119456250451,1.3968863406779728,1.8410883985383708,1.1859898522677206
2021-08-09,2021-08-09,2021-08-10,6914.3218,6970.8257,Development,0,0,0,0,0,0,0,,0.0058594140407255,0.0081720090031101,0.008172009003110103,0.0,0.0,0.0058594140407255,1.3968863406779728,1.8410883985383708,1.191849266308446
2021-08-10,2021-08-10,2021-08-11,6970.8257,7024.7685,Development,0,0,0,0,0,0,0,,0.0056884668493801,0.0077383659155327,0.0077383659155327855,0.0,0.0,0.0056884668493801,1.3968863406779728,1.8410883985383708,1.197537733157826
2021-08-11,2021-08-11,2021-08-12,7024.7685,7059.4673,Development,0,0,0,0,0,0,0,,0.0077349669943778,0.0049394937356299,0.004939493735629963,0.0,0.0,0.0077349669943778,1.3968863406779728,1.8410883985383708,1.205272700152204
2021-08-12,2021-08-12,2021-08-13,7059.4673,7070.4711,Development,0,0,0,0,0,0,0,,0.0030650219659318,0.0015587295092365,0.0015587295092365228,0.0,0.0,0.0030650219659318,1.3968863406779728,1.8410883985383708,1.2083377221181357
2021-08-13,2021-08-13,2021-08-16,7070.4711,7087.5802,Development,0,0,0,0,0,0,0,,-0.0008900098466535,0.0024197963272913,0.0024197963272913903,-0.0,-0.0,-0.0008900098466535,1.3968863406779728,1.8410883985383708,1.2074477122714822
2021-08-16,2021-08-16,2021-08-17,7087.5802,7045.7547,Development,0,0,0,0,0,0,0,,-0.0051347971718439,-0.0059012383380155,-0.005901238338015591,-0.0,-0.0,-0.0051347971718439,1.3968863406779728,1.8410883985383708,1.2023129150996383
2021-08-17,2021-08-17,2021-08-18,7045.7547,6883.2663,Development,0,0,0,0,0,0,0,,-0.0224152680537857,-0.0230618871815109,-0.02306188718151092,-0.0,-0.0,-0.0224152680537857,1.3968863406779728,1.8410883985383708,1.1798976470458526
2021-08-18,2021-08-18,2021-08-19,6883.2663,6917.5093,Development,0,0,0,1,0,-1,-1,2021-08-20,0.006759655896009,0.00497481842305,0.004974818423050031,0.0,-0.006759655896009,0.006759655896009,1.3968863406779728,1.8343287426423616,1.1866573029418617
2021-08-19,2021-08-19,2021-08-20,6917.5093,6915.0178,Development,0,0,0,0,0,-1,-1,2021-08-20,0.0008714008109484,-0.000360172988853,-0.00036017298885304694,0.0,-0.0008714008109484,0.0008714008109484,1.3968863406779728,1.8334573418314133,1.1875287037528102
2021-08-20,2021-08-20,2021-08-23,6915.0178,6949.3323,Development,0,0,0,0,0,-1,-1,2021-08-20,-0.0038910868781776,0.0049623154983058,0.004962315498305836,-0.0,0.0038910868781776,-0.0038910868781776,1.3968863406779728,1.837348428709591,1.1836376168746325
2021-08-23,2021-08-23,2021-08-24,6949.3323,7031.6481,Development,0,0,0,0,0,0,0,,0.0151068678250978,0.0118451379854147,0.011845137985414755,0.0,0.0,0.0151068678250978,1.3968863406779728,1.837348428709591,1.1987444846997302
2021-08-24,2021-08-24,2021-08-25,7031.6481,7092.1469,Development,0,0,0,0,0,0,0,,0.0094264915803252,0.0086037866428496,0.008603786642849665,0.0,0.0,0.0094264915803252,1.3968863406779728,1.837348428709591,1.2081709762800554
2021-08-25,2021-08-25,2021-08-26,7092.1469,7151.5304,Development,0,0,0,0,0,0,0,,0.0087751397000417,0.0083731345158684,0.008373134515868408,0.0,0.0,0.0087751397000417,1.3968863406779728,1.837348428709591,1.2169461159800972
2021-08-26,2021-08-26,2021-08-27,7151.5304,7096.6546,Development,0,0,0,0,0,0,0,,-0.0047756297308531,-0.0076732946559242,-0.0076732946559242565,-0.0,-0.0,-0.0047756297308531,1.3968863406779728,1.837348428709591,1.212170486249244
2021-08-27,2021-08-27,2021-08-30,7096.6546,7202.6263,Development,0,0,0,1,0,-1,-1,2021-08-31,0.0086059756722869,0.0149326275510153,0.01493262755101532,0.0,-0.0086059756722869,0.0086059756722869,1.3968863406779728,1.828742453037304,1.2207764619215309
2021-08-30,2021-08-30,2021-08-31,7202.6263,7202.5239,Development,0,0,0,0,0,-1,-1,2021-08-31,0.0065143163290228,-1.4217036360730796e-05,-1.4217036360730795e-05,0.0,-0.0065143163290228,0.0065143163290228,1.3968863406779728,1.822228136708281,1.2272907782505538
2021-08-31,2021-08-31,2021-09-01,7202.5239,7271.0338,Development,0,0,0,0,0,-1,-1,2021-08-31,0.0039380051893194,0.0095119295612473,0.009511929561247356,0.0,-0.0039380051893194,0.0039380051893194,1.3968863406779728,1.8182901315189617,1.2312287834398732
2021-09-01,2021-09-01,2021-09-02,7271.0338,7172.3989,Development,1,0,0,0,0,1,0,,-0.0085787550353588,-0.0135654575006927,-0.013565457500692713,-0.0085787550353588,-0.0085787550353588,-0.0085787550353588,1.388307585642614,1.809711376483603,1.2226500284045143
2021-09-02,2021-09-02,2021-09-03,7172.3989,7335.6955,Development,1,0,0,0,0,1,0,,0.0158357870737233,0.02276736169819,0.022767361698190047,0.0158357870737233,0.0158357870737233,0.0158357870737233,1.4041433727163373,1.8255471635573264,1.2384858154782377
2021-09-03,2021-09-03,2021-09-06,7335.6955,7297.3609,Development,1,0,0,0,0,1,0,,-0.0038767575523793,-0.0052257621652916,-0.005225762165291692,-0.0038767575523793,-0.0038767575523793,-0.0038767575523793,1.400266615163958,1.8216704060049471,1.2346090579258584
2021-09-06,2021-09-06,2021-09-07,7297.3609,7360.3829,Development,1,0,0,0,0,1,0,,0.0105404263566493,0.0086362728750335,0.008636272875033546,0.0105404263566493,0.0105404263566493,0.0105404263566493,1.4108070415206073,1.8322108323615964,1.2451494842825077
2021-09-07,2021-09-07,2021-09-08,7360.3829,7496.3344,Development,1,0,0,0,0,1,0,,0.0195127626823026,0.0184707102669889,0.018470710266988988,0.0195127626823026,0.0195127626823026,0.0195127626823026,1.43031980420291,1.851723595043899,1.2646622469648103
2021-09-08,2021-09-08,2021-09-09,7496.3344,7534.9816,Development,1,0,1,0,0,0,0,,0.0060162752650363,0.00515547972353,0.005155479723530032,0.0060162752650363,0.0,0.0060162752650363,1.4363360794679463,1.851723595043899,1.2706785222298467
2021-09-09,2021-09-09,2021-09-10,7534.9816,7613.604,Development,1,0,0,0,0,1,0,,0.0097307794359708,0.0104343187778985,0.010434318777898577,0.0097307794359708,0.0097307794359708,0.0097307794359708,1.446066858903917,1.86145437447987,1.2804093016658173
2021-09-10,2021-09-10,2021-09-13,7613.604,7613.5404,Development,1,0,1,0,0,0,0,,-0.0012833165112132,-8.353468344379777e-06,-8.353468344379777e-06,-0.0012833165112132,-0.0,-0.0012833165112132,1.4447835423927038,1.86145437447987,1.2791259851546042
2021-09-13,2021-09-13,2021-09-14,7613.5404,7630.7153,Development,1,0,1,0,0,0,0,,0.0053989162970147,0.0022558361941573,0.002255836194157368,0.0053989162970147,0.0,0.0053989162970147,1.4501824586897185,1.86145437447987,1.284524901451619
2021-09-14,2021-09-14,2021-09-15,7630.7153,7535.2511,Development,1,0,1,0,0,0,0,,-0.0120454221783038,-0.0125105178540732,-0.0125105178540732,-0.0120454221783038,-0.0,-0.0120454221783038,1.4381370365114146,1.86145437447987,1.272479479273315
2021-09-15,2021-09-15,2021-09-16,7535.2511,7616.8813,Development,1,0,1,0,0,0,0,,0.0047230402361204,0.0108331094633329,0.010833109463332935,0.0047230402361204,0.0,0.0047230402361204,1.442860076747535,1.86145437447987,1.2772025195094354
2021-09-16,2021-09-16,2021-09-17,7616.8813,7421.805,Development,0,0,0,1,0,-1,-1,2021-09-22,-0.0191470946922726,-0.025611046347801,-0.025611046347801092,-0.0,0.0191470946922726,-0.0191470946922726,1.442860076747535,1.8806014691721424,1.258055424817163
2021-09-17,2021-09-17,2021-09-22,7421.805,7305.0785,Development,0,0,0,0,0,-1,-1,2021-09-22,-0.006898247121873,-0.0157275083352366,-0.015727508335236617,-0.0,0.006898247121873,-0.006898247121873,1.442860076747535,1.8874997162940155,1.25115717769529
2021-09-22,2021-09-22,2021-09-23,7305.0785,7512.3311,Development,0,0,0,0,0,-1,-1,2021-09-22,0.0078506786060752,0.028371029825347,0.028371029825347005,0.0,-0.0078506786060752,0.0078506786060752,1.442860076747535,1.8796490376879402,1.2590078563013651
2021-09-23,2021-09-23,2021-09-24,7512.3311,7490.5645,Development,0,0,0,0,0,0,0,,0.0066027472512801,-0.0028974495013938,-0.0028974495013938117,0.0,0.0,0.0066027472512801,1.442860076747535,1.8796490376879402,1.2656106035526453
2021-09-24,2021-09-24,2021-09-27,7490.5645,7400.0047,Development,0,0,0,0,0,0,0,,-0.0163211283579305,-0.012089849837085,-0.012089849837085054,-0.0,-0.0,-0.0163211283579305,1.442860076747535,1.8796490376879402,1.2492894751947148
2021-09-27,2021-09-27,2021-09-28,7400.0047,7158.6203,Development,0,0,0,0,0,0,0,,-0.0284259452451547,-0.0326194927957276,-0.03261949279572762,-0.0,-0.0,-0.0284259452451547,1.442860076747535,1.8796490376879402,1.22086352994956
2021-09-28,2021-09-28,2021-09-29,7158.6203,7142.7611,Development,-1,0,0,0,0,-1,0,,0.0039476110605627,-0.0022153989645182,-0.002215398964518278,-0.0039476110605627,-0.0039476110605627,0.0039476110605627,1.4389124656869723,1.8757014266273775,1.2248111410101228
2021-09-29,2021-09-29,2021-09-30,7142.7611,7034.6937,Development,-1,0,0,0,0,-1,0,,-0.0262092110060312,-0.0151296394331318,-0.015129639433131836,0.0262092110060312,0.0262092110060312,-0.0262092110060312,1.4651216766930035,1.9019106376334087,1.1986019300040915
2021-09-30,2021-09-30,2021-10-08,7034.6937,7191.2254,Development,-1,0,0,0,0,-1,0,,0.0133217517649093,0.0222513881450161,0.02225138814501615,-0.0133217517649093,-0.0133217517649093,0.0133217517649093,1.4517999249280944,1.8885888858684994,1.211923681769001
2021-10-08,2021-10-08,2021-10-11,7191.2254,7102.882,Development,-1,0,0,0,0,-1,0,,-0.0017275729025347,-0.0122848881916565,-0.012284888191656518,0.0017275729025347,0.0017275729025347,-0.0017275729025347,1.453527497830629,1.890316458771034,1.2101961088664661
2021-10-11,2021-10-11,2021-10-12,7102.882,7069.3516,Development,-1,0,0,0,0,-1,0,,-0.0001224451991808,-0.0047206753540323,-0.004720675354032311,0.0001224451991808,0.0001224451991808,-0.0001224451991808,1.4536499430298098,1.8904389039702147,1.2100736636672853
2021-10-12,2021-10-12,2021-10-13,7069.3516,6957.7292,Development,-1,1,0,0,0,0,0,,-0.0195018176023461,-0.01578962347834,-0.01578962347834001,0.0195018176023461,-0.0,-0.0195018176023461,1.473151760632156,1.8904389039702147,1.1905718460649393
2021-10-13,2021-10-13,2021-10-14,6957.7292,6970.6469,Development,-1,1,0,0,0,0,0,,0.0042295159843366,0.0018565971207962,0.0018565971207962217,-0.0042295159843366,0.0,0.0042295159843366,1.4689222446478194,1.8904389039702147,1.194801362049276
2021-10-14,2021-10-14,2021-10-15,6970.6469,6996.1199,Development,0,0,0,1,0,-1,-1,2021-10-18,0.0038297697229545,0.0036543236754682,0.0036543236754682518,0.0,-0.0038297697229545,0.0038297697229545,1.4689222446478194,1.8866091342472604,1.1986311317722302
2021-10-15,2021-10-15,2021-10-18,6996.1199,7027.1401,Development,0,0,0,0,0,-1,-1,2021-10-18,0.0022583117701919,0.004433914861865,0.0044339148618650626,0.0,-0.0022583117701919,0.0022583117701919,1.4689222446478194,1.8843508224770686,1.2008894435424222
2021-10-18,2021-10-18,2021-10-19,7027.1401,7060.7748,Development,-1,0,0,0,0,-1,0,,0.0062562929236402,0.0047863995197705,0.004786399519770557,-0.0062562929236402,-0.0062562929236402,0.0062562929236402,1.4626659517241791,1.8780945295534284,1.2071457364660625
2021-10-19,2021-10-19,2021-10-20,7060.7748,7081.9851,Development,-1,0,0,0,0,-1,0,,0.0073958439325914,0.0030039621147526,0.003003962114752623,-0.0073958439325914,-0.0073958439325914,0.0073958439325914,1.4552701077915877,1.870698685620837,1.2145415803986537
2021-10-20,2021-10-20,2021-10-21,7081.9851,7127.6351,Development,-1,0,0,0,0,-1,0,,-0.0002223898350135,0.0064459327936174,0.006445932793617493,0.0002223898350135,0.0002223898350135,-0.0002223898350135,1.4554924976266013,1.8709210754558505,1.2143191905636403
2021-10-21,2021-10-21,2021-10-22,7127.6351,7089.1349,Development,-1,0,0,0,0,-1,0,,-0.0028855582163831,-0.0054015391444492,-0.005401539144449297,0.0028855582163831,0.0028855582163831,-0.0028855582163831,1.4583780558429842,1.8738066336722337,1.2114336323472572
2021-10-22,2021-10-22,2021-10-25,7089.1349,7019.0224,Development,-1,0,0,0,0,-1,0,,-0.0101696273430162,-0.0098901348315434,-0.00989013483154344,0.0101696273430162,0.0101696273430162,-0.0101696273430162,1.4685476831860005,1.88397626101525,1.2012640050042411
2021-10-25,2021-10-25,2021-10-26,7019.0224,7120.0662,Development,0,0,0,1,0,-1,-1,2021-10-27,0.0110898449084093,0.0143957084393975,0.014395708439397525,0.0,-0.0110898449084093,0.0110898449084093,1.4685476831860005,1.8728864161068406,1.2123538499126503
2021-10-26,2021-10-26,2021-10-27,7120.0662,7093.1238,Development,0,0,0,0,0,-1,-1,2021-10-27,-0.0002184829879159,-0.0037840097610328,-0.0037840097610328804,-0.0,0.0002184829879159,-0.0002184829879159,1.4685476831860005,1.8731048990947565,1.2121353669247343
2021-10-27,2021-10-27,2021-10-28,7093.1238,7026.2937,Development,0,0,0,0,0,-1,-1,2021-10-27,-0.007579022035194,-0.0094218149695907,-0.009421814969590714,-0.0,0.007579022035194,-0.007579022035194,1.4685476831860005,1.8806839211299504,1.2045563448895404
2021-10-28,2021-10-28,2021-10-29,7026.2937,6955.8473,Development,0,0,0,0,0,0,0,,-0.0139498828420493,-0.0100261109210393,-0.010026110921039333,-0.0,-0.0,-0.0139498828420493,1.4685476831860005,1.8806839211299504,1.1906064620474912
2021-10-29,2021-10-29,2021-11-01,6955.8473,7005.0693,Development,0,0,0,0,0,0,0,,0.0103912983724621,0.0070763485564151,0.007076348556415146,0.0,0.0,0.0103912983724621,1.4685476831860005,1.8806839211299504,1.2009977604199533
2021-11-01,2021-11-01,2021-11-02,7005.0693,7061.0022,Development,0,0,0,0,0,0,0,,0.0054477471496188,0.0079846319293372,0.007984631929337294,0.0,0.0,0.0054477471496188,1.4685476831860005,1.8806839211299504,1.2064455075695721
2021-11-02,2021-11-02,2021-11-03,7061.0022,6975.0635,Development,0,0,0,0,0,0,0,,-0.0107150282490997,-0.0121708926814949,-0.01217089268149496,-0.0,-0.0,-0.0107150282490997,1.4685476831860005,1.8806839211299504,1.1957304793204724
2021-11-03,2021-11-03,2021-11-04,6975.0635,7031.9467,Development,0,0,0,0,0,0,0,,0.0046891670753221,0.0081552232463546,0.008155223246354648,0.0,0.0,0.0046891670753221,1.4685476831860005,1.8806839211299504,1.2004196463957943
2021-11-04,2021-11-04,2021-11-05,7031.9467,7071.0831,Development,0,0,0,0,1,1,1,2021-11-10,0.00797937648775,0.0055655143119897,0.0055655143119897055,0.0,0.00797937648775,0.00797937648775,1.4685476831860005,1.8886632976177005,1.2083990228835444
2021-11-05,2021-11-05,2021-11-08,7071.0831,6986.4961,Development,0,0,0,0,0,1,1,2021-11-10,-0.011584140816513,-0.0119623823965524,-0.011962382396552451,-0.0,-0.011584140816513,-0.011584140816513,1.4685476831860005,1.8770791568011875,1.1968148820670315
2021-11-08,2021-11-08,2021-11-09,6986.4961,7037.5733,Development,0,0,0,0,0,1,1,2021-11-10,0.0050149117386089,0.0073108464198525,0.007310846419852579,0.0,0.0050149117386089,0.0050149117386089,1.4685476831860005,1.8820940685397964,1.2018297938056404
2021-11-09,2021-11-09,2021-11-10,7037.5733,7061.6357,Development,0,0,0,0,0,1,1,2021-11-10,0.0077960185266157,0.0034191331264712,0.003419133126471241,0.0,0.0077960185266157,0.0077960185266157,1.4685476831860005,1.8898900870664121,1.209625812332256
2021-11-10,2021-11-10,2021-11-11,7061.6357,7048.8625,Development,0,0,0,0,0,1,1,2021-11-10,-0.0027426256650912,-0.0018088160509327,-0.0018088160509327489,-0.0,-0.0027426256650912,-0.0027426256650912,1.4685476831860005,1.8871474614013208,1.2068831866671648
2021-11-11,2021-11-11,2021-11-12,7048.8625,7118.9925,Development,0,0,0,0,0,0,0,,0.0081456954589484,0.0099491229967956,0.009949122996795623,0.0,0.0,0.0081456954589484,1.4685476831860005,1.8871474614013208,1.2150288821261133
2021-11-12,2021-11-12,2021-11-15,7118.9925,7166.0372,Development,0,0,0,0,0,0,0,,0.0051621528623271,0.0066083367836107,0.006608336783610724,0.0,0.0,0.0051621528623271,1.4685476831860005,1.8871474614013208,1.2201910349884404
2021-11-15,2021-11-15,2021-11-16,7166.0372,7083.9214,Development,0,0,0,0,0,0,0,,-0.0081602571562939,-0.0114590250801376,-0.01145902508013763,-0.0,-0.0,-0.0081602571562939,1.4685476831860005,1.8871474614013208,1.2120307778321464
2021-11-16,2021-11-16,2021-11-17,7083.9214,7043.633,Development,0,0,0,0,0,0,0,,-0.0073644170351667,-0.0056873019511481,-0.005687301951148194,-0.0,-0.0,-0.0073644170351667,1.4685476831860005,1.8871474614013208,1.2046663607969799
2021-11-17,2021-11-17,2021-11-18,7043.633,7108.7797,Development,0,0,0,0,0,0,0,,0.008316237551144,0.0092490196465375,0.00924901964653757,0.0,0.0,0.008316237551144,1.4685476831860005,1.8871474614013208,1.2129825983481237
2021-11-18,2021-11-18,2021-11-19,7108.7797,7083.0066,Development,0,0,0,1,0,-1,-1,2021-11-22,-0.0027942295557045,-0.0036255308347789,-0.0036255308347789006,-0.0,0.0027942295557045,-0.0027942295557045,1.4685476831860005,1.8899416909570255,1.2101883687924193
2021-11-19,2021-11-19,2021-11-22,7083.0066,7177.4005,Development,0,0,0,0,1,0,0,,0.0120249845487081,0.0133268123737171,0.013326812373717134,0.0,0.0,0.0120249845487081,1.4685476831860005,1.8899416909570255,1.2222133533411275
2021-11-22,2021-11-22,2021-11-23,7177.4005,7245.9455,Development,0,0,0,0,0,0,0,,0.0118827300762625,0.0095501149754706,0.009550114975470647,0.0,0.0,0.0118827300762625,1.4685476831860005,1.8899416909570255,1.23409608341739
2021-11-23,2021-11-23,2021-11-24,7245.9455,7260.2161,Development,0,0,0,0,0,0,0,,0.0008691159246132,0.0019694600242301,0.001969460024230152,0.0,0.0,0.0008691159246132,1.4685476831860005,1.8899416909570255,1.234965199342003
2021-11-24,2021-11-24,2021-11-25,7260.2161,7262.7934,Development,0,0,0,0,0,0,0,,-0.0007253993941729,0.0003549894334411,0.0003549894334411441,-0.0,-0.0,-0.0007253993941729,1.4685476831860005,1.8899416909570255,1.23423979994783
2021-11-25,2021-11-25,2021-11-26,7262.7934,7216.6383,Development,0,0,0,0,0,0,0,,-0.0031103986450484,-0.006355006601179,-0.006355006601179047,-0.0,-0.0,-0.0031103986450484,1.4685476831860005,1.8899416909570255,1.2311294013027818
2021-11-26,2021-11-26,2021-11-29,7216.6383,7129.9393,Development,0,0,0,0,0,0,0,,-0.0018912034287821,-0.0120137654675029,-0.01201376546750299,-0.0,-0.0,-0.0018912034287821,1.4685476831860005,1.8899416909570255,1.2292381978739997
2021-11-29,2021-11-29,2021-11-30,7129.9393,7252.3323,Development,0,0,0,0,0,0,0,,0.0002819444393273,0.0171660647938476,0.017166064793847635,0.0,0.0,0.0002819444393273,1.4685476831860005,1.8899416909570255,1.2295201423133268
2021-11-30,2021-11-30,2021-12-01,7252.3323,7239.1277,Development,0,0,0,0,0,0,0,,0.0042727550090779,-0.001820738412662,-0.0018207384126620596,0.0,0.0,0.0042727550090779,1.4685476831860005,1.8899416909570255,1.2337928973224048
2021-12-01,2021-12-01,2021-12-02,7239.1277,7256.4241,Development,0,0,0,0,0,0,0,,0.0027688512084347,0.0023892933951144,0.0023892933951144,0.0,0.0,0.0027688512084347,1.4685476831860005,1.8899416909570255,1.2365617485308396
2021-12-02,2021-12-02,2021-12-03,7256.4241,7233.5723,Development,0,0,0,0,0,0,0,,-0.0058916486097516,-0.0031491819779387,-0.0031491819779387864,-0.0,-0.0,-0.0058916486097516,1.4685476831860005,1.8899416909570255,1.230670099921088
2021-12-03,2021-12-03,2021-12-06,7233.5723,7308.9885,Development,0,0,0,0,0,0,0,,0.0099487440366428,0.0104258583272887,0.010425858327288706,0.0,0.0,0.0099487440366428,1.4685476831860005,1.8899416909570255,1.2406188439577308
2021-12-06,2021-12-06,2021-12-07,7308.9885,7274.1261,Development,0,0,0,0,0,0,0,,-0.0084171728430832,-0.0047697981738512,-0.0047697981738512585,-0.0,-0.0,-0.0084171728430832,1.4685476831860005,1.8899416909570255,1.2322016711146475
2021-12-07,2021-12-07,2021-12-08,7274.1261,7224.9995,Development,0,0,0,1,0,-1,-1,2021-12-09,-0.0046447490225683,-0.0067536085193794,-0.00675360851937945,-0.0,0.0046447490225683,-0.0046447490225683,1.4685476831860005,1.8945864399795938,1.2275569220920792
2021-12-08,2021-12-08,2021-12-09,7224.9995,7298.7955,Development,0,0,0,0,0,-1,-1,2021-12-09,0.0133435723303256,0.0102139799456042,0.010213979945604246,0.0,-0.0133435723303256,0.0133435723303256,1.4685476831860005,1.8812428676492683,1.240900494422405
2021-12-09,2021-12-09,2021-12-10,7298.7955,7285.9735,Development,0,0,0,0,0,-1,-1,2021-12-09,0.0023726170806328,-0.0017567282163201,-0.0017567282163201137,0.0,-0.0023726170806328,0.0023726170806328,1.4685476831860005,1.8788702505686352,1.2432731115030378
2021-12-10,2021-12-10,2021-12-13,7285.9735,7334.11,Development,0,0,0,0,1,1,1,2021-12-16,-0.0018676375207048,0.0066067355309484,0.006606735530948482,-0.0,-0.0018676375207048,-0.0018676375207048,1.4685476831860005,1.8770026130479305,1.2414054739823328
2021-12-13,2021-12-13,2021-12-14,7334.11,7330.236,Development,0,0,0,0,0,1,1,2021-12-16,0.0063482752551582,-0.0005282167843132,-0.0005282167843132513,0.0,0.0063482752551582,0.0063482752551582,1.4685476831860005,1.8833508883030887,1.247753749237491
2021-12-14,2021-12-14,2021-12-15,7330.236,7319.6641,Development,0,0,0,0,0,1,1,2021-12-16,-0.0039300122047635,-0.0014422318735712,-0.001442231873571287,-0.0,-0.0039300122047635,-0.0039300122047635,1.4685476831860005,1.879420876098325,1.2438237370327276
2021-12-15,2021-12-15,2021-12-16,7319.6641,7323.4117,Development,0,0,0,0,0,1,1,2021-12-16,-0.0013482141661242,0.0005119907073332,0.0005119907073332097,-0.0,-0.0013482141661242,-0.0013482141661242,1.4685476831860005,1.878072661932201,1.2424755228666033
2021-12-16,2021-12-16,2021-12-17,7323.4117,7380.7202,Development,0,0,0,0,0,1,1,2021-12-16,0.0091244791372293,0.0078253828062131,0.007825382806213144,0.0,0.0091244791372293,0.0091244791372293,1.4685476831860005,1.8871971410694304,1.2516000020038327
2021-12-17,2021-12-17,2021-12-20,7380.7202,7290.9488,Development,0,0,0,0,0,0,0,,-0.0090011276795736,-0.0121629593816603,-0.012162959381660343,-0.0,-0.0,-0.0090011276795736,1.4685476831860005,1.8871971410694304,1.242598874324259
2021-12-20,2021-12-20,2021-12-21,7290.9488,7190.9728,Development,0,0,0,1,0,-1,-1,2021-12-22,-0.0162124445460498,-0.0137123442699255,-0.013712344269925514,-0.0,0.0162124445460498,-0.0162124445460498,1.4685476831860005,1.90340958561548,1.2263864297782092
2021-12-21,2021-12-21,2021-12-22,7190.9728,7289.9065,Development,0,0,0,0,0,-1,-1,2021-12-22,0.0110470533714603,0.0137580411929802,0.013758041192980297,0.0,-0.0110470533714603,0.0110470533714603,1.4685476831860005,1.8923625322440198,1.2374334831496696
2021-12-22,2021-12-22,2021-12-23,7289.9065,7306.1587,Development,0,0,0,0,0,-1,-1,2021-12-22,0.0037104832094982,0.0022294113100078,0.002229411310007867,0.0,-0.0037104832094982,0.0037104832094982,1.4685476831860005,1.8886520490345216,1.2411439663591677
2021-12-23,2021-12-23,2021-12-24,7306.1587,7335.9996,Development,0,0,0,0,0,0,0,,0.0047555187886607,0.0040843487289703,0.004084348728970344,0.0,0.0,0.0047555187886607,1.4685476831860005,1.8886520490345216,1.2458994851478284
2021-12-24,2021-12-24,2021-12-27,7335.9996,7269.37,Development,0,0,0,0,0,0,0,,-0.0079641388596995,-0.0090825522945775,-0.00908255229457755,-0.0,-0.0,-0.0079641388596995,1.4685476831860005,1.8886520490345216,1.237935346288129
2021-12-27,2021-12-27,2021-12-28,7269.37,7281.0041,Development,0,0,0,0,0,0,0,,-0.0008251822605501,0.0016004275473666,0.0016004275473666674,-0.0,-0.0,-0.0008251822605501,1.4685476831860005,1.8886520490345216,1.237110164027579
2021-12-28,2021-12-28,2021-12-29,7281.0041,7275.6736,Development,0,0,0,0,0,0,0,,0.0018265857177284,-0.000732110561509,-0.000732110561509014,0.0,0.0,0.0018265857177284,1.4685476831860005,1.8886520490345216,1.2389367497453072
2021-12-29,2021-12-29,2021-12-30,7275.6736,7246.0313,Development,0,0,0,0,1,1,1,2022-01-05,-0.0052510737803899,-0.004074165723982,-0.004074165723982004,-0.0,-0.0052510737803899,-0.0052510737803899,1.4685476831860005,1.8834009752541316,1.2336856759649173
2021-12-30,2021-12-30,2021-12-31,7246.0313,7320.9363,Development,0,0,0,0,0,1,1,2022-01-05,0.008717973149853,0.0103373828926187,0.010337382892618763,0.0,0.008717973149853,0.008717973149853,1.4685476831860005,1.8921189484039846,1.2424036491147703
2021-12-31,2021-12-31,2022-01-04,7320.9363,7387.8055,Development,0,0,0,0,0,1,1,2022-01-05,0.0066259971330713,0.0091339682876354,0.009133968287635463,0.0,0.0066259971330713,0.0066259971330713,1.4685476831860005,1.898744945537056,1.2490296462478416
2022-01-04,2022-01-04,2022-01-05,7387.8055,7343.8995,Development,0,0,0,0,0,1,1,2022-01-05,-0.0006720926144764,-0.0059430368057199,-0.005943036805719948,-0.0,-0.0006720926144764,-0.0006720926144764,1.4685476831860005,1.8980728529225797,1.2483575536333653
2022-01-05,2022-01-05,2022-01-06,7343.8995,7187.9499,Development,0,0,0,1,0,0,0,,-0.0179185919959656,-0.0212352579171325,-0.021235257917132544,-0.0,-0.0,-0.0179185919959656,1.4685476831860005,1.8980728529225797,1.2304389616373996
2022-01-06,2022-01-06,2022-01-07,7187.9499,7232.4087,Development,0,0,0,0,0,0,0,,0.0010086844974481,0.0061851850136018,0.006185185013601879,0.0,0.0,0.0010086844974481,1.4685476831860005,1.8980728529225797,1.2314476461348478
2022-01-07,2022-01-07,2022-01-10,7232.4087,7161.4375,Development,-1,0,0,0,0,-1,0,,-0.0075082157092402,-0.0098129410192209,-0.009812941019220922,0.0075082157092402,0.0075082157092402,-0.0075082157092402,1.4760558988952406,1.9055810686318198,1.2239394304256077
2022-01-10,2022-01-10,2022-01-11,7161.4375,7187.0155,Development,-1,0,0,0,0,-1,0,,0.0021984130833108,0.0035716292992853,0.0035716292992853393,-0.0021984130833108,-0.0021984130833108,0.0021984130833108,1.47385748581193,1.903382655548509,1.2261378435089183
2022-01-11,2022-01-11,2022-01-12,7187.0155,7160.1762,Development,-1,0,0,0,0,-1,0,,-0.0078187140840044,-0.0037344152103192,-0.003734415210319253,0.0078187140840044,0.0078187140840044,-0.0078187140840044,1.4816761998959342,1.9112013696325132,1.218319129424914
2022-01-12,2022-01-12,2022-01-13,7160.1762,7203.2434,Development,-1,0,0,0,0,-1,0,,0.0086485731798831,0.0060148240486037,0.006014824048603762,-0.0086485731798831,-0.0086485731798831,0.0086485731798831,1.4730276267160511,1.90255279645263,1.2269677026047972
2022-01-13,2022-01-13,2022-01-14,7203.2434,7063.4231,Development,-1,0,0,0,0,-1,0,,-0.0137799398902257,-0.0194107421109774,-0.019410742110977486,0.0137799398902257,0.0137799398902257,-0.0137799398902257,1.4868075666062768,1.916332736342856,1.2131877627145715
2022-01-14,2022-01-14,2022-01-17,7063.4231,7080.6157,Development,-1,0,0,0,0,-1,0,,-0.0023413867762268,0.0024340323036857,0.0024340323036857736,0.0023413867762268,0.0023413867762268,-0.0023413867762268,1.4891489533825037,1.9186741231190827,1.2108463759383445
2022-01-17,2022-01-17,2022-01-18,7080.6157,7163.1284,Development,-1,1,0,0,0,0,0,,0.0108342006135508,0.0116533227470598,0.01165332274705988,-0.0108342006135508,0.0,0.0108342006135508,1.4783147527689529,1.9186741231190827,1.2216805765518954
2022-01-18,2022-01-18,2022-01-19,7163.1284,7144.4768,Development,-1,1,0,0,0,0,0,,0.000740347047615,-0.00260383438052,-0.0026038343805200315,-0.000740347047615,0.0,0.000740347047615,1.477574405721338,1.9186741231190827,1.2224209235995105
2022-01-19,2022-01-19,2022-01-20,7144.4768,7119.5101,Development,0,0,0,0,0,0,0,,-0.006197908280294,-0.003494545604795,-0.0034945456047950074,-0.0,-0.0,-0.006197908280294,1.477574405721338,1.9186741231190827,1.2162230153192164
2022-01-20,2022-01-20,2022-01-21,7119.5101,7037.9389,Development,0,0,0,0,0,0,0,,-0.0087060924357352,-0.0114574175546152,-0.011457417554615268,-0.0,-0.0,-0.0087060924357352,1.477574405721338,1.9186741231190827,1.2075169228834812
2022-01-21,2022-01-21,2022-01-24,7037.9389,6942.9178,Development,-1,0,0,0,0,-1,0,,-0.011360682726727,-0.0135012681056381,-0.01350126810563812,0.011360682726727,0.011360682726727,-0.011360682726727,1.488935088448065,1.9300348058458097,1.1961562401567543
2022-01-24,2022-01-24,2022-01-25,6942.9178,6959.995,Development,-1,0,0,0,0,-1,0,,0.0003769879535429,0.0024596575232389,0.002459657523238956,-0.0003769879535429,-0.0003769879535429,0.0003769879535429,1.488558100494522,1.9296578178922668,1.1965332281102972
2022-01-25,2022-01-25,2022-01-26,6959.995,6762.3509,Development,-1,0,0,0,0,-1,0,,-0.0337126694610087,-0.0283971612048571,-0.028397161204857135,0.0337126694610087,0.0337126694610087,-0.0337126694610087,1.5222707699555307,1.9633704873532754,1.1628205586492883
2022-01-26,2022-01-26,2022-01-27,6762.3509,6781.6081,Development,-1,0,0,0,0,-1,0,,0.0057265641359554,0.0028477078880955,0.0028477078880955187,-0.0057265641359554,-0.0057265641359554,0.0057265641359554,1.5165442058195753,1.95764392321732,1.1685471227852438
2022-01-27,2022-01-27,2022-01-28,6781.6081,6690.1755,Development,-1,0,0,0,0,-1,0,,-0.0260462090194252,-0.0134824364150444,-0.01348243641504443,0.0260462090194252,0.0260462090194252,-0.0260462090194252,1.5425904148390006,1.9836901322367453,1.1425009137658186
2022-01-28,2022-01-28,2022-02-07,6690.1755,6664.5682,Development,0,0,0,0,0,0,0,,-0.0038429039037569,-0.0038275976467284,-0.0038275976467284645,-0.0,-0.0,-0.0038429039037569,1.5425904148390006,1.9836901322367453,1.1386580098620618
2022-02-07,2022-02-07,2022-02-08,6664.5682,6678.9894,Development,0,0,0,0,0,0,0,,0.014600981987773,0.0021638611185643,0.0021638611185643697,0.0,0.0,0.014600981987773,1.5425904148390006,1.9836901322367453,1.1532589918498348
2022-02-08,2022-02-08,2022-02-09,6678.9894,6736.7511,Development,0,0,0,0,0,0,0,,0.0098223317508243,0.0086482694522618,0.008648269452261825,0.0,0.0,0.0098223317508243,1.5425904148390006,1.9836901322367453,1.163081323600659
2022-02-09,2022-02-09,2022-02-10,6736.7511,6841.1608,Development,0,0,0,0,0,0,0,,0.014955818301291,0.0154985242070171,0.01549852420701714,0.0,0.0,0.014955818301291,1.5425904148390006,1.9836901322367453,1.17803714190195
2022-02-10,2022-02-10,2022-02-11,6841.1608,6811.7797,Development,0,0,0,0,0,0,0,,-0.0003714876417777,-0.0042947536038036,-0.004294753603803603,-0.0,-0.0,-0.0003714876417777,1.5425904148390006,1.9836901322367453,1.1776656542601724
2022-02-11,2022-02-11,2022-02-14,6811.7797,6711.5875,Development,0,0,0,0,0,0,0,,-0.0139553701236095,-0.0147086671050151,-0.014708667105015172,-0.0,-0.0,-0.0139553701236095,1.5425904148390006,1.9836901322367453,1.1637102841365627
2022-02-14,2022-02-14,2022-02-15,6711.5875,6700.8179,Development,0,0,0,0,0,0,0,,-0.0073131991311816,-0.0016046278171892,-0.0016046278171892858,-0.0,-0.0,-0.0073131991311816,1.5425904148390006,1.9836901322367453,1.1563970850053813
2022-02-15,2022-02-15,2022-02-16,6700.8179,6779.2077,Development,0,0,0,0,0,0,0,,0.0096452709216567,0.0116985420540975,0.011698542054097594,0.0,0.0,0.0096452709216567,1.5425904148390006,1.9836901322367453,1.1660423559270379
2022-02-16,2022-02-16,2022-02-17,6779.2077,6764.3343,Development,0,0,0,1,0,-1,-1,2022-02-18,0.001738981842994,-0.0021939731983723,-0.0021939731983723343,0.0,-0.001738981842994,0.001738981842994,1.5425904148390006,1.9819511503937512,1.167781337770032
2022-02-17,2022-02-17,2022-02-18,6764.3343,6734.519,Development,0,0,0,0,0,-1,-1,2022-02-18,-0.0004791470615266,-0.0044077212446463,-0.00440772124464639,-0.0,0.0004791470615266,-0.0004791470615266,1.5425904148390006,1.9824302974552779,1.1673021907085053
2022-02-18,2022-02-18,2022-02-21,6734.519,6843.0844,Development,0,0,0,0,0,-1,-1,2022-02-18,0.0097850445562728,0.0161207355714638,0.016120735571463873,0.0,-0.0097850445562728,0.0097850445562728,1.5425904148390006,1.972645252899005,1.177087235264778
2022-02-21,2022-02-21,2022-02-22,6843.0844,6827.0469,Development,0,0,0,0,0,0,0,,0.0046951131113452,-0.0023436069267244,-0.0023436069267244175,0.0,0.0,0.0046951131113452,1.5425904148390006,1.972645252899005,1.1817823483761234
2022-02-22,2022-02-22,2022-02-23,6827.0469,6785.1032,Development,0,0,0,0,0,0,0,,-0.0119920410803207,-0.0061437544833624,-0.0061437544833624624,-0.0,-0.0,-0.0119920410803207,1.5425904148390006,1.972645252899005,1.1697903072958027
2022-02-23,2022-02-23,2022-02-24,6785.1032,6861.4115,Development,0,0,0,0,0,0,0,,0.0151311714358979,0.0112464464799888,0.011246446479988847,0.0,0.0,0.0151311714358979,1.5425904148390006,1.972645252899005,1.1849214787317006
2022-02-24,2022-02-24,2022-02-25,6861.4115,6805.6374,Development,0,0,0,0,0,0,0,,-0.0177930104371684,-0.0081286627394379,-0.008128662739437909,-0.0,-0.0,-0.0177930104371684,1.5425904148390006,1.972645252899005,1.1671284682945322
2022-02-25,2022-02-25,2022-02-28,6805.6374,6831.4875,Development,0,0,0,1,0,-1,-1,2022-03-01,0.0080645237585743,0.0037983363615581,0.00379833636155813,0.0,-0.0080645237585743,0.0080645237585743,1.5425904148390006,1.964580729140431,1.1751929920531063
2022-02-28,2022-02-28,2022-03-01,6831.4875,6868.6218,Development,0,0,0,0,0,-1,-1,2022-03-01,0.0049677164419184,0.005435756121928,0.005435756121928037,0.0,-0.0049677164419184,0.0049677164419184,1.5425904148390006,1.9596130126985125,1.1801607084950247
2022-03-01,2022-03-01,2022-03-02,6868.6218,6853.0715,Development,0,0,0,0,0,-1,-1,2022-03-01,0.0030257796231283,-0.0022639621823405,-0.0022639621823405953,0.0,-0.0030257796231283,0.0030257796231283,1.5425904148390006,1.9565872330753842,1.183186488118153
2022-03-02,2022-03-02,2022-03-03,6853.0715,6900.9773,Development,0,0,0,0,0,0,0,,0.0001739441700168,0.006990412984893,0.006990412984893002,0.0,0.0,0.0001739441700168,1.5425904148390006,1.9565872330753842,1.18336043228817
2022-03-03,2022-03-03,2022-03-04,6900.9773,6823.8348,Development,0,0,0,0,0,0,0,,-0.002281840210271,-0.0111784891684834,-0.011178489168483408,-0.0,-0.0,-0.002281840210271,1.5425904148390006,1.9565872330753842,1.181078592077899
2022-03-04,2022-03-04,2022-03-07,6823.8348,6800.7674,Development,0,0,0,0,0,0,0,,-0.0081227605498795,-0.0033804159502806,-0.003380415950280602,-0.0,-0.0,-0.0081227605498795,1.5425904148390006,1.9565872330753842,1.1729558315280195
2022-03-07,2022-03-07,2022-03-08,6800.7674,6650.5797,Development,0,0,0,0,0,0,0,,-0.0212297222961226,-0.0220839342336571,-0.022083934233657176,-0.0,-0.0,-0.0212297222961226,1.5425904148390006,1.9565872330753842,1.1517261092318969
2022-03-08,2022-03-08,2022-03-09,6650.5797,6443.2024,Development,0,0,0,0,0,0,0,,-0.0344628251397552,-0.031181838178708,-0.03118183817870801,-0.0,-0.0,-0.0344628251397552,1.5425904148390006,1.9565872330753842,1.1172632840921417
2022-03-09,2022-03-09,2022-03-10,6443.2024,6424.9121,Development,0,0,0,0,0,0,0,,-0.0193284058038453,-0.0028386971050297,-0.0028386971050297083,-0.0,-0.0,-0.0193284058038453,1.5425904148390006,1.9565872330753842,1.0979348782882963
2022-03-10,2022-03-10,2022-03-11,6424.9121,6343.1858,Development,-1,0,0,0,0,-1,0,,0.0173386733618272,-0.0127202207171051,-0.012720220717105102,-0.0173386733618272,-0.0173386733618272,0.0173386733618272,1.5252517414771734,1.939248559713557,1.1152735516501235
2022-03-11,2022-03-11,2022-03-14,6343.1858,6419.2391,Development,-1,0,0,0,0,-1,0,,0.0092263837471158,0.011989763881739,0.011989763881739002,-0.0092263837471158,-0.0092263837471158,0.0092263837471158,1.5160253577300575,1.930022175966441,1.1244999353972394
2022-03-14,2022-03-14,2022-03-15,6419.2391,6272.4432,Development,-1,0,0,0,0,-1,0,,-0.0232539464124498,-0.0228681153191505,-0.02286811531915056,0.0232539464124498,0.0232539464124498,-0.0232539464124498,1.5392793041425072,1.9532761223788908,1.1012459889847894
2022-03-15,2022-03-15,2022-03-16,6272.4432,6068.8999,Development,-1,0,0,0,0,-1,0,,-0.0567078647042522,-0.032450401463978,-0.03245040146397804,0.0567078647042522,0.0567078647042522,-0.0567078647042522,1.5959871688467595,2.0099839870831433,1.0445381242805374
2022-03-16,2022-03-16,2022-03-17,6068.8999,6233.6437,Development,-1,0,0,0,0,-1,0,,0.0320688515821498,0.0271455787234189,0.02714557872341894,-0.0320688515821498,-0.0320688515821498,0.0320688515821498,1.5639183172646098,1.9779151355009934,1.076606975862687
2022-03-17,2022-03-17,2022-03-18,6233.6437,6249.476,Development,-1,1,0,0,0,0,0,,0.0180714904804231,0.0025398147154287,0.0025398147154287454,-0.0180714904804231,0.0,0.0180714904804231,1.5458468267841865,1.9779151355009934,1.0946784663431102
2022-03-18,2022-03-18,2022-03-21,6249.476,6340.5589,Development,0,0,0,0,1,1,1,2022-03-24,0.0103218106338762,0.0145744859248999,0.01457448592489996,0.0,0.0103218106338762,0.0103218106338762,1.5458468267841865,1.9882369461348695,1.1050002769769864
2022-03-21,2022-03-21,2022-03-22,6340.5589,6343.4004,Development,0,0,0,1,0,0,0,,0.0042207021155911,0.0004481466137,0.00044814661370007336,0.0,0.0,0.0042207021155911,1.5458468267841865,1.9882369461348695,1.1092209790925776
2022-03-22,2022-03-22,2022-03-23,6343.4004,6368.3126,Development,0,0,0,0,0,0,0,,-0.0001311066949334,0.0039272627343529,0.003927262734352954,-0.0,-0.0,-0.0001311066949334,1.5458468267841865,1.9882369461348695,1.1090898723976441
2022-03-23,2022-03-23,2022-03-24,6368.3126,6370.971,Development,0,0,0,0,0,0,0,,0.0062898572693614,0.0004174418196742,0.0004174418196742913,0.0,0.0,0.0062898572693614,1.5458468267841865,1.9882369461348695,1.1153797296670056
2022-03-24,2022-03-24,2022-03-25,6370.971,6346.7106,Development,0,0,0,0,0,0,0,,-0.0084378006605054,-0.0038079595716256,-0.0038079595716256076,-0.0,-0.0,-0.0084378006605054,1.5458468267841865,1.9882369461348695,1.1069419290065001
2022-03-25,2022-03-25,2022-03-28,6346.7106,6230.1211,Development,0,0,0,0,0,0,0,,-0.0119602813000708,-0.0183700671651863,-0.0183700671651863,-0.0,-0.0,-0.0119602813000708,1.5458468267841865,1.9882369461348695,1.0949816477064294
2022-03-28,2022-03-28,2022-03-29,6230.1211,6289.4756,Development,0,0,0,0,0,0,0,,0.0024000047477459,0.0095270218744223,0.009527021874422337,0.0,0.0,0.0024000047477459,1.5458468267841865,1.9882369461348695,1.0973816524541753
2022-03-29,2022-03-29,2022-03-30,6289.4756,6272.0017,Development,0,0,0,0,0,0,0,,-0.0048083474345108,-0.0027782761411777,-0.00277827614117776,-0.0,-0.0,-0.0048083474345108,1.5458468267841865,1.9882369461348695,1.0925733050196644
2022-03-30,2022-03-30,2022-03-31,6272.0017,6361.1036,Development,0,0,0,0,0,0,0,,0.0199590306788863,0.0142062939810747,0.014206293981074758,0.0,0.0,0.0199590306788863,1.5458468267841865,1.9882369461348695,1.1125323356985508
2022-03-31,2022-03-31,2022-04-01,6361.1036,6289.39,Development,0,0,0,0,0,0,0,,-0.0082964161225878,-0.0112737670236969,-0.011273767023696979,-0.0,-0.0,-0.0082964161225878,1.5458468267841865,1.9882369461348695,1.104235919575963
2022-04-01,2022-04-01,2022-04-06,6289.39,6363.002,Development,0,0,0,1,0,-1,-1,2022-04-07,0.0062545366881239,0.0117041557289339,0.011704155728933907,0.0,-0.0062545366881239,0.0062545366881239,1.5458468267841865,1.9819824094467455,1.110490456264087
2022-04-06,2022-04-06,2022-04-07,6363.002,6321.8086,Development,0,0,0,0,0,-1,-1,2022-04-07,-0.0011930985029728,-0.0064738939261688,-0.006473893926168817,-0.0,0.0011930985029728,-0.0011930985029728,1.5458468267841865,1.9831755079497184,1.109297357761114
2022-04-07,2022-04-07,2022-04-08,6321.8086,6227.1952,Development,0,0,0,0,0,-1,-1,2022-04-07,-0.0212895787337249,-0.0149661917951771,-0.014966191795177108,-0.0,0.0212895787337249,-0.0212895787337249,1.5458468267841865,2.0044650866834433,1.0880077790273892
2022-04-08,2022-04-08,2022-04-11,6227.1952,6202.0226,Development,0,0,0,0,0,0,0,,0.0004059894135113,-0.0040423656544442,-0.004042365654444269,0.0,0.0,0.0004059894135113,1.5458468267841865,2.0044650866834433,1.0884137684409003
2022-04-11,2022-04-11,2022-04-12,6202.0226,6019.6735,Development,0,0,0,0,1,1,1,2022-04-15,-0.0312049418996271,-0.0294015536157511,-0.02940155361575114,-0.0,-0.0312049418996271,-0.0312049418996271,1.5458468267841865,1.9732601447838163,1.0572088265412733
2022-04-12,2022-04-12,2022-04-13,6019.6735,6094.6845,Development,0,0,0,0,0,1,1,2022-04-15,0.0160886755296756,0.012460974835263,0.012460974835263094,0.0,0.0160886755296756,0.0160886755296756,1.5458468267841865,1.989348820313492,1.073297502070949
2022-04-13,2022-04-13,2022-04-14,6094.6845,6074.1342,Development,0,0,0,1,0,0,0,,-0.0134782863097389,-0.003371839838469,-0.003371839838469004,-0.0,-0.0,-0.0134782863097389,1.5458468267841865,1.989348820313492,1.05981921576121
2022-04-14,2022-04-14,2022-04-15,6074.1342,6094.1219,Development,0,0,0,0,0,0,0,,0.0135935579784964,0.0032906253536511,0.0032906253536511,0.0,0.0,0.0135935579784964,1.5458468267841865,1.989348820313492,1.0734127737397063
2022-04-15,2022-04-15,2022-04-18,6094.1219,6019.5305,Development,0,0,0,0,0,0,0,,-0.0090984067843609,-0.0122398930024685,-0.012239893002468527,-0.0,-0.0,-0.0090984067843609,1.5458468267841865,1.989348820313492,1.0643143669553454
2022-04-18,2022-04-18,2022-04-19,6019.5305,6067.4795,Development,0,0,0,0,0,0,0,,0.0005366718429089,0.0079655714012911,0.007965571401291172,0.0,0.0,0.0005366718429089,1.5458468267841865,1.989348820313492,1.0648510387982544
2022-04-19,2022-04-19,2022-04-20,6067.4795,6082.8122,Development,-1,0,0,0,0,-1,0,,0.0030275566529238,0.0025270295515624,0.0025270295515624763,-0.0030275566529238,-0.0030275566529238,0.0030275566529238,1.5428192701312629,1.986321263660568,1.0678785954511782
2022-04-20,2022-04-20,2022-04-21,6082.8122,5933.7886,Development,-1,0,0,0,0,-1,0,,-0.022236816734985,-0.0244991288733195,-0.02449912887331951,0.022236816734985,0.022236816734985,-0.022236816734985,1.5650560868662478,2.008558080395553,1.0456417787161931
2022-04-21,2022-04-21,2022-04-22,5933.7886,5728.193,Development,-1,0,0,0,0,-1,0,,-0.0330908378033161,-0.0346482852456185,-0.03464828524561858,0.0330908378033161,0.0330908378033161,-0.0330908378033161,1.5981469246695639,2.0416489181988693,1.0125509409128772
2022-04-22,2022-04-22,2022-04-25,5728.193,5656.3939,Development,-1,0,0,0,0,-1,0,,-0.0032669356146017,-0.0125343367445894,-0.01253433674458948,0.0032669356146017,0.0032669356146017,-0.0032669356146017,1.6014138602841657,2.044915853813471,1.0092840052982754
2022-04-25,2022-04-25,2022-04-26,5656.3939,5374.2548,Development,-1,0,0,0,0,-1,0,,-0.064669623557939,-0.0498796768732814,-0.04987967687328143,0.064669623557939,0.064669623557939,-0.064669623557939,1.6660834838421046,2.10958547737141,0.9446143817403364
2022-04-26,2022-04-26,2022-04-27,5374.2548,5179.0311,Development,-1,1,0,0,0,0,0,,-0.0252734357271818,-0.0363257246381395,-0.036325724638139545,0.0252734357271818,-0.0,-0.0252734357271818,1.6913569195692864,2.10958547737141,0.9193409460131546
2022-04-27,2022-04-27,2022-04-28,5179.0311,5398.9043,Development,-1,1,0,0,0,0,0,,0.0387908427844914,0.0424545046659403,0.04245450466594036,-0.0387908427844914,0.0,0.0387908427844914,1.6525660767847952,2.10958547737141,0.958131788797646
2022-04-28,2022-04-28,2022-04-29,5398.9043,5458.9146,Development,-1,1,0,0,0,0,0,,-0.0033608928274062,0.011115273889926,0.011115273889926058,0.0033608928274062,-0.0,-0.0033608928274062,1.6559269696122012,2.10958547737141,0.9547708959702398
2022-04-29,2022-04-29,2022-05-05,5458.9146,5612.4964,Development,0,0,0,0,1,1,1,2022-05-10,0.0385951475540335,0.0281341276157718,0.02813412761577183,0.0,0.0385951475540335,0.0385951475540335,1.6559269696122012,2.1481806249254434,0.9933660435242734
2022-05-05,2022-05-05,2022-05-06,5612.4964,5560.9758,Development,0,0,0,0,0,1,1,2022-05-10,0.0104479784749631,-0.0091796228145464,-0.009179622814546429,0.0,0.0104479784749631,0.0104479784749631,1.6559269696122012,2.1586286034004063,1.0038140219992364
2022-05-06,2022-05-06,2022-05-09,5560.9758,5552.4756,Development,0,0,0,0,0,1,1,2022-05-10,-0.021617625385454,-0.0015285446845498,-0.0015285446845498818,-0.0,-0.021617625385454,-0.021617625385454,1.6559269696122012,2.1370109780149527,0.9821963966137824
2022-05-09,2022-05-09,2022-05-10,5552.4756,5532.6001,Development,0,0,0,0,0,1,1,2022-05-10,0.0080425512970137,-0.0035795744874592,-0.0035795744874592694,0.0,0.0080425512970137,0.0080425512970137,1.6559269696122012,2.145053529311966,0.9902389479107961
2022-05-10,2022-05-10,2022-05-11,5532.6001,5697.4294,Development,0,0,0,1,0,0,0,,0.0145440606911324,0.0297923755595492,0.029792375559549278,0.0,0.0,0.0145440606911324,1.6559269696122012,2.145053529311966,1.0047830086019285
2022-05-11,2022-05-11,2022-05-12,5697.4294,5707.5559,Development,0,0,0,0,0,0,0,,0.0083883606134091,0.0017773805147984,0.0017773805147984767,0.0,0.0,0.0083883606134091,1.6559269696122012,2.145053529311966,1.0131713692153377
2022-05-12,2022-05-12,2022-05-13,5707.5559,5765.3172,Development,0,0,0,0,0,0,0,,0.0009208031074814,0.0101201461732507,0.010120146173250744,0.0,0.0,0.0009208031074814,1.6559269696122012,2.145053529311966,1.0140921723228191
2022-05-13,2022-05-13,2022-05-16,5765.3172,5840.243,Development,0,0,0,0,0,0,0,,0.0093504716015166,0.0129959544983926,0.012995954498392637,0.0,0.0,0.0093504716015166,1.6559269696122012,2.145053529311966,1.0234426439243356
2022-05-16,2022-05-16,2022-05-17,5840.243,5789.9157,Development,0,0,0,0,0,0,0,,-0.0009868373272198,-0.0086173297926132,-0.008617329792613204,-0.0,-0.0,-0.0009868373272198,1.6559269696122012,2.145053529311966,1.0224558065971159
2022-05-17,2022-05-17,2022-05-18,5789.9157,5815.6052,Development,0,0,0,0,0,0,0,,0.0043613619695763,0.0044369385205385,0.004436938520538503,0.0,0.0,0.0043613619695763,1.6559269696122012,2.145053529311966,1.026817168566692
2022-05-18,2022-05-18,2022-05-19,5815.6052,5708.8006,Development,0,0,0,0,0,0,0,,-0.0032405785778024,-0.0183651737569806,-0.018365173756980657,-0.0,-0.0,-0.0032405785778024,1.6559269696122012,2.145053529311966,1.0235765899888898
2022-05-19,2022-05-19,2022-05-20,5708.8006,5854.014,Development,0,0,0,0,0,0,0,,0.0070578479347336,0.0254367616202955,0.02543676162029551,0.0,0.0,0.0070578479347336,1.6559269696122012,2.145053529311966,1.0306344379236234
2022-05-20,2022-05-20,2022-05-23,5854.014,5941.1422,Development,0,0,0,0,0,0,0,,0.0156002816795552,0.014883497032976,0.01488349703297609,0.0,0.0,0.0156002816795552,1.6559269696122012,2.145053529311966,1.0462347196031785
2022-05-23,2022-05-23,2022-05-24,5941.1422,5962.1488,Development,0,0,0,0,1,1,1,2022-05-27,0.0061117416508225,0.0035357847519623,0.0035357847519623675,0.0,0.0061117416508225,0.0061117416508225,1.6559269696122012,2.151165270962789,1.052346461254001
2022-05-24,2022-05-24,2022-05-25,5962.1488,5741.2348,Development,0,0,0,0,0,1,1,2022-05-27,-0.0368861287450313,-0.0370527484989975,-0.037052748498997534,-0.0,-0.0368861287450313,-0.0368861287450313,1.6559269696122012,2.1142791422177574,1.0154603325089697
2022-05-25,2022-05-25,2022-05-26,5741.2348,5848.0259,Development,0,0,0,0,0,1,1,2022-05-27,0.0171571657436737,0.018600719831211,0.018600719831211032,0.0,0.0171571657436737,0.0171571657436737,1.6559269696122012,2.1314363079614314,1.0326174982526435
2022-05-26,2022-05-26,2022-05-27,5848.0259,5921.3316,Development,0,0,0,1,0,0,0,,0.0115166269450341,0.0125351189022608,0.012535118902260889,0.0,0.0,0.0115166269450341,1.6559269696122012,2.1314363079614314,1.0441341251976775
2022-05-27,2022-05-27,2022-05-30,5921.3316,5918.2429,Development,0,0,0,0,0,0,0,,-0.0019699873842113,-0.0005216225350392,-0.00052162253503929,-0.0,-0.0,-0.0019699873842113,1.6559269696122012,2.1314363079614314,1.0421641378134663
2022-05-30,2022-05-30,2022-05-31,5918.2429,5940.3724,Development,1,0,0,0,0,1,0,,0.0072741217458216,0.0037392010388759,0.003739201038875928,0.0072741217458216,0.0072741217458216,0.0072741217458216,1.6632010913580229,2.1387104297072526,1.049438259559288
2022-05-31,2022-05-31,2022-06-01,5940.3724,6008.7519,Development,1,0,0,0,0,1,0,,0.0140346562397182,0.0115109786719769,0.011510978671976924,0.0140346562397182,0.0140346562397182,0.0140346562397182,1.677235747597741,2.152745085946971,1.063472915799006
2022-06-01,2022-06-01,2022-06-02,6008.7519,6000.6176,Development,1,0,0,0,0,1,0,,-0.0004303348625185,-0.0013537420308534,-0.0013537420308534776,-0.0004303348625185,-0.0004303348625185,-0.0004303348625185,1.6768054127352225,2.1523147510844525,1.0630425809364876
2022-06-02,2022-06-02,2022-06-06,6000.6176,6079.8854,Development,1,0,0,0,0,1,0,,0.0090959724711487,0.0132099402568164,0.013209940256816433,0.0090959724711487,0.0090959724711487,0.0090959724711487,1.6859013852063711,2.1614107235556013,1.0721385534076362
2022-06-06,2022-06-06,2022-06-07,6079.8854,6186.5768,Development,1,0,0,0,0,1,0,,0.0179337612055365,0.0175482583931598,0.017548258393159877,0.0179337612055365,0.0179337612055365,0.0179337612055365,1.7038351464119077,2.179344484761138,1.0900723146131728
2022-06-07,2022-06-07,2022-06-08,6186.5768,6184.9604,Development,1,0,0,0,0,1,0,,-0.0001417224924907,-0.0002612753469737,-0.0002612753469737328,-0.0001417224924907,-0.0001417224924907,-0.0001417224924907,1.703693423919417,2.1792027622686474,1.089930592120682
2022-06-08,2022-06-08,2022-06-09,6184.9604,6207.7272,Development,1,0,0,0,0,1,0,,0.005052947618511,0.0036809936568067,0.0036809936568067414,0.005052947618511,0.005052947618511,0.005052947618511,1.708746371537928,2.1842557098871582,1.094983539739193
2022-06-09,2022-06-09,2022-06-10,6207.7272,6083.5009,Development,1,0,0,0,0,1,0,,-0.0140147661861836,-0.0200115591419675,-0.020011559141967505,-0.0140147661861836,-0.0140147661861836,-0.0140147661861836,1.6947316053517445,2.170240943700975,1.0809687735530094
2022-06-10,2022-06-10,2022-06-13,6083.5009,6188.7655,Development,1,0,0,0,0,1,0,,0.0178474311733651,0.0173032932402459,0.01730329324024593,0.0178474311733651,0.0178474311733651,0.0178474311733651,1.7125790365251095,2.18808837487434,1.0988162047263745
2022-06-13,2022-06-13,2022-06-14,6188.7655,6161.6197,Development,1,0,0,0,0,1,0,,-0.0010390533284769,-0.0043863028902937,-0.004386302890293736,-0.0010390533284769,-0.0010390533284769,-0.0010390533284769,1.7115399831966327,2.187049321545863,1.0977771513978976
2022-06-14,2022-06-14,2022-06-15,6161.6197,6275.3708,Development,1,0,0,0,0,1,0,,0.0067289639146079,0.0184612334967702,0.018461233496770202,0.0067289639146079,0.0067289639146079,0.0067289639146079,1.7182689471112407,2.193778285460471,1.1045061153125055
2022-06-15,2022-06-15,2022-06-16,6275.3708,6262.2871,Development,1,0,0,0,0,1,0,,-0.002311170314986,-0.0020849285909926,-0.0020849285909926296,-0.002311170314986,-0.002311170314986,-0.002311170314986,1.7159577767962546,2.1914671151454845,1.1021949449975195
2022-06-16,2022-06-16,2022-06-17,6262.2871,6220.5832,Development,1,0,1,0,0,0,0,,0.0006006489666536,-0.0066595317867172,-0.006659531786717299,0.0006006489666536,0.0,0.0006006489666536,1.716558425762908,2.1914671151454845,1.1027955939641731
2022-06-17,2022-06-17,2022-06-20,6220.5832,6323.4058,Development,1,0,1,0,0,0,0,,0.008218461753582,0.0165294147982781,0.016529414798278186,0.008218461753582,0.0,0.008218461753582,1.7247768875164902,2.1914671151454845,1.111014055717755
2022-06-20,2022-06-20,2022-06-21,6323.4058,6324.8405,Development,1,0,1,0,0,0,0,,0.0022299414981141,0.0002268872258679,0.0002268872258679444,0.0022299414981141,0.0,0.0022299414981141,1.7270068290146043,2.1914671151454845,1.1132439972158692
2022-06-21,2022-06-21,2022-06-22,6324.8405,6281.8672,Development,1,0,0,0,0,1,0,,-0.0084343562680503,-0.0067943689647194,-0.0067943689647194105,-0.0084343562680503,-0.0084343562680503,-0.0084343562680503,1.718572472746554,2.1830327588774345,1.104809640947819
2022-06-22,2022-06-22,2022-06-23,6281.8672,6186.9871,Development,1,0,0,0,0,1,0,,-0.0155219656315515,-0.0151038054417959,-0.015103805441795903,-0.0155219656315515,-0.0155219656315515,-0.0155219656315515,1.7030505071150024,2.1675107932458832,1.0892876753162675
2022-06-23,2022-06-23,2022-06-24,6186.9871,6306.829,Development,0,0,0,0,0,0,0,,0.0195652124662395,0.0193699935142905,0.019369993514290584,0.0,0.0,0.0195652124662395,1.7030505071150024,2.1675107932458832,1.108852887782507
2022-06-24,2022-06-24,2022-06-27,6306.829,6398.3596,Development,0,0,0,0,1,1,1,2022-06-30,0.0107623797102522,0.0145129351057402,0.014512935105740254,0.0,0.0107623797102522,0.0107623797102522,1.7030505071150024,2.1782731729561355,1.119615267492759
2022-06-27,2022-06-27,2022-06-28,6398.3596,6412.44,Development,0,0,0,0,0,1,1,2022-06-30,0.0061966470175705,0.002200626548092,0.002200626548092055,0.0,0.0061966470175705,0.0061966470175705,1.7030505071150024,2.184469819973706,1.1258119145103296
2022-06-28,2022-06-28,2022-06-29,6412.44,6479.1702,Development,0,0,0,0,0,1,1,2022-06-30,0.0146084627872267,0.0104063663753579,0.010406366375357967,0.0,0.0146084627872267,0.0146084627872267,1.7030505071150024,2.1990782827609325,1.1404203772975563
2022-06-29,2022-06-29,2022-06-30,6479.1702,6385.2145,Development,1,0,0,0,0,1,0,,-0.019542796636761,-0.0145011933781272,-0.014501193378127275,-0.019542796636761,-0.019542796636761,-0.019542796636761,1.6835077104782414,2.1795354861241716,1.1208775806607953
2022-06-30,2022-06-30,2022-07-01,6385.2145,6450.7504,Development,1,0,0,0,0,1,0,,0.0125159519541713,0.0102636959181245,0.010263695918124593,0.0125159519541713,0.0125159519541713,0.0125159519541713,1.6960236624324128,2.1920514380783427,1.1333935326149667
2022-07-01,2022-07-01,2022-07-04,6450.7504,6445.0746,Development,1,0,0,0,0,1,0,,-0.0024078265681891,-0.0008798666276097,-0.0008798666276097489,-0.0024078265681891,-0.0024078265681891,-0.0024078265681891,1.6936158358642237,2.189643611510154,1.1309857060467774
2022-07-04,2022-07-04,2022-07-05,6445.0746,6535.4543,Development,1,0,0,0,0,1,0,,0.013138635909164,0.0140230649929173,0.014023064992917389,0.013138635909164,0.013138635909164,0.013138635909164,1.7067544717733876,2.202782247419318,1.1441243419559415
2022-07-05,2022-07-05,2022-07-06,6535.4543,6489.0207,Development,1,0,1,0,0,0,0,,-0.0017785017382219,-0.0071048771620972,-0.0071048771620972895,-0.0017785017382219,-0.0,-0.0017785017382219,1.7049759700351657,2.202782247419318,1.1423458402177196
2022-07-06,2022-07-06,2022-07-07,6489.0207,6414.4083,Development,1,0,1,0,0,0,0,,-0.0142799625101918,-0.0114982527332667,-0.011498252733266767,-0.0142799625101918,-0.0,-0.0142799625101918,1.690696007524974,2.202782247419318,1.1280658777075279
2022-07-07,2022-07-07,2022-07-08,6414.4083,6478.2911,Development,1,0,1,0,0,0,0,,0.0053658575876998,0.0099592662350478,0.009959266235047837,0.0053658575876998,0.0,0.0053658575876998,1.6960618651126738,2.202782247419318,1.1334317352952277
2022-07-08,2022-07-08,2022-07-11,6478.2911,6387.4493,Development,0,0,0,0,0,0,0,,-0.0075231834910295,-0.0140224942963739,-0.014022494296373922,-0.0,-0.0,-0.0075231834910295,1.6960618651126738,2.202782247419318,1.125908551804198
2022-07-11,2022-07-11,2022-07-12,6387.4493,6317.8781,Development,0,0,0,0,0,0,0,,-0.0133187459517338,-0.0108918594469313,-0.010891859446931385,-0.0,-0.0,-0.0133187459517338,1.6960618651126738,2.202782247419318,1.1125898058524644
2022-07-12,2022-07-12,2022-07-13,6317.8781,6238.6803,Development,0,0,0,0,0,0,0,,-0.0122897890444019,-0.0125355061852174,-0.012535506185217482,-0.0,-0.0,-0.0122897890444019,1.6960618651126738,2.202782247419318,1.1003000168080623
2022-07-13,2022-07-13,2022-07-14,6238.6803,6267.4723,Development,0,0,0,0,0,0,0,,0.0043283008244536,0.0046150786088525,0.004615078608852574,0.0,0.0,0.0043283008244536,1.6960618651126738,2.202782247419318,1.104628317632516
2022-07-14,2022-07-14,2022-07-15,6267.4723,6279.6767,Development,0,0,0,0,0,0,0,,0.0054139955108516,0.0019472603014136,0.001947260301413678,0.0,0.0,0.0054139955108516,1.6960618651126738,2.202782247419318,1.1100423131433677
2022-07-15,2022-07-15,2022-07-18,6279.6767,6216.0998,Development,0,0,0,0,0,0,0,,-0.0167605143024234,-0.0101242313955429,-0.01012423139554297,-0.0,-0.0,-0.0167605143024234,1.6960618651126738,2.202782247419318,1.0932817988409442
2022-07-18,2022-07-18,2022-07-19,6216.0998,6318.8373,Development,-1,0,0,0,0,-1,0,,0.0186476571560749,0.0165276464834107,0.016527646483410763,-0.0186476571560749,-0.0186476571560749,0.0186476571560749,1.6774142079565988,2.184134590263243,1.1119294559970192
2022-07-19,2022-07-19,2022-07-20,6318.8373,6353.0031,Development,-1,0,0,0,0,-1,0,,0.0036996647701585,0.0054069757421986,0.005406975742198616,-0.0036996647701585,-0.0036996647701585,0.0036996647701585,1.6737145431864404,2.1804349254930844,1.1156291207671776
2022-07-20,2022-07-20,2022-07-21,6353.0031,6400.0661,Development,-1,0,0,0,0,-1,0,,0.0118375854144696,0.0074079926074646,0.0074079926074646085,-0.0118375854144696,-0.0118375854144696,0.0118375854144696,1.661876957771971,2.1685973400786147,1.1274667061816472
2022-07-21,2022-07-21,2022-07-22,6400.0661,6353.9247,Development,-1,0,0,0,0,-1,0,,-0.0098445276441195,-0.0072095192891836,-0.007209519289183675,0.0098445276441195,0.0098445276441195,-0.0098445276441195,1.6717214854160902,2.178441867722734,1.1176221785375278
2022-07-22,2022-07-22,2022-07-25,6353.9247,6297.0995,Development,-1,0,0,0,0,-1,0,,-0.0091476959222877,-0.0089433228568162,-0.008943322856816205,0.0091476959222877,0.0091476959222877,-0.0091476959222877,1.680869181338378,2.1875895636450218,1.10847448261524
2022-07-25,2022-07-25,2022-07-26,6297.0995,6239.2088,Development,0,0,0,0,0,0,0,,-0.0092688924017803,-0.0091932325350743,-0.009193232535074314,-0.0,-0.0,-0.0092688924017803,1.680869181338378,2.1875895636450218,1.0992055902134596
2022-07-26,2022-07-26,2022-07-27,6239.2088,6301.6083,Development,0,0,0,0,1,1,1,2022-08-01,0.0123122453003101,0.0100011879711414,0.010001187971141468,0.0,0.0123122453003101,0.0123122453003101,1.680869181338378,2.1999018089453317,1.1115178355137698
2022-07-27,2022-07-27,2022-07-28,6301.6083,6361.2729,Development,0,0,0,1,0,0,0,,0.0038485842323565,0.0094681543440267,0.009468154344026702,0.0,0.0,0.0038485842323565,1.680869181338378,2.1999018089453317,1.1153664197461264
2022-07-28,2022-07-28,2022-07-29,6361.2729,6356.5204,Development,0,0,0,0,0,0,0,,0.002516142529001,-0.0007470989021709,-0.0007470989021709507,0.0,0.0,0.002516142529001,1.680869181338378,2.1999018089453317,1.1178825622751274
2022-07-29,2022-07-29,2022-08-01,6356.5204,6293.3831,Development,0,0,0,0,0,0,0,,-0.0085144440547429,-0.0099326826670768,-0.009932682667076809,-0.0,-0.0,-0.0085144440547429,1.680869181338378,2.1999018089453317,1.1093681182203845
2022-08-01,2022-08-01,2022-08-02,6293.3831,6288.6064,Development,0,0,0,0,0,0,0,,0.0084375174369248,-0.0007590035318206,-0.0007590035318206789,0.0,0.0,0.0084375174369248,1.680869181338378,2.1999018089453317,1.1178056356573092
2022-08-02,2022-08-02,2022-08-03,6288.6064,6171.6172,Development,0,0,0,0,0,0,0,,-0.027921667956391,-0.0186033586074014,-0.018603358607401477,-0.0,-0.0,-0.027921667956391,1.680869181338378,2.1999018089453317,1.0898839677009182
2022-08-03,2022-08-03,2022-08-04,6171.6172,6160.4864,Development,0,0,0,1,0,-1,-1,2022-08-05,-0.0074038134319081,-0.00180354672678,-0.0018035467267800698,-0.0,0.0074038134319081,-0.0074038134319081,1.680869181338378,2.2073056223772403,1.0824801542690101
2022-08-04,2022-08-04,2022-08-05,6160.4864,6175.4805,Development,-1,0,0,0,0,-1,0,,0.0056202207509066,0.0024339149584031,0.0024339149584031716,-0.0056202207509066,-0.0056202207509066,0.0056202207509066,1.6752489605874714,2.2016854016263334,1.0881003750199167
2022-08-05,2022-08-05,2022-08-08,6175.4805,6266.5673,Development,-1,0,0,0,0,-1,0,,0.0181492964480074,0.0147497510517602,0.01474975105176024,-0.0181492964480074,-0.0181492964480074,0.0181492964480074,1.657099664139464,2.1835361051783257,1.1062496714679242
2022-08-08,2022-08-08,2022-08-09,6266.5673,6314.1043,Development,-1,0,0,0,0,-1,0,,0.0083826178576538,0.0075858117728984,0.00758581177289841,-0.0083826178576538,-0.0083826178576538,0.0083826178576538,1.6487170462818102,2.175153487320672,1.114632289325578
2022-08-09,2022-08-09,2022-08-10,6314.1043,6331.4129,Development,-1,0,0,0,0,-1,0,,0.0029109256436734,0.0027412597539766,0.0027412597539766548,-0.0029109256436734,-0.0029109256436734,0.0029109256436734,1.6458061206381367,2.172242561676999,1.1175432149692512
2022-08-10,2022-08-10,2022-08-11,6331.4129,6349.4961,Development,-1,0,0,0,0,-1,0,,-0.0030631332373703,0.0028561081524156,0.0028561081524156595,0.0030631332373703,0.0030631332373703,-0.0030631332373703,1.6488692538755072,2.175305694914369,1.114480081731881
2022-08-11,2022-08-11,2022-08-12,6349.4961,6425.1102,Development,0,0,0,0,0,0,0,,0.0185545341121473,0.0119086772885803,0.01190867728858036,0.0,0.0,0.0185545341121473,1.6488692538755072,2.175305694914369,1.1330346158440283
2022-08-12,2022-08-12,2022-08-15,6425.1102,6405.7169,Development,0,0,0,0,1,1,1,2022-08-18,-0.0028738265950897,-0.0030183606811911,-0.0030183606811911012,-0.0,-0.0028738265950897,-0.0028738265950897,1.6488692538755072,2.172431868319279,1.1301607892489387
2022-08-15,2022-08-15,2022-08-16,6405.7169,6446.7604,Development,1,0,0,0,0,1,0,,0.0034195300842427,0.0064073234332286,0.0064073234332286955,0.0034195300842427,0.0034195300842427,0.0034195300842427,1.6522887839597498,2.1758513984035224,1.1335803193331813
2022-08-16,2022-08-16,2022-08-17,6446.7604,6473.2526,Development,1,0,0,0,0,1,0,,0.0034732209131194,0.0041093818222248,0.004109381822224867,0.0034732209131194,0.0034732209131194,0.0034732209131194,1.6557620048728692,2.179324619316642,1.1370535402463007
2022-08-17,2022-08-17,2022-08-18,6473.2526,6481.3704,Development,1,0,0,0,0,1,0,,0.0043800901276385,0.0012540527153226,0.00125405271532264,0.0043800901276385,0.0043800901276385,0.0043800901276385,1.6601420950005077,2.18370470944428,1.1414336303739392
2022-08-18,2022-08-18,2022-08-19,6481.3704,6468.8233,Development,1,0,0,0,0,1,0,,-0.0038036624505717,-0.0019358714632324,-0.0019358714632324858,-0.0038036624505717,-0.0038036624505717,-0.0038036624505717,1.656338432549936,2.1799010469937086,1.1376299679233675
2022-08-19,2022-08-19,2022-08-22,6468.8233,6381.3397,Development,1,0,0,0,0,1,0,,-0.0119171458792948,-0.0135238815380842,-0.01352388153808426,-0.0119171458792948,-0.0119171458792948,-0.0119171458792948,1.6444212866706411,2.1679839011144137,1.1257128220440726
2022-08-22,2022-08-22,2022-08-23,6381.3397,6460.1716,Development,1,0,0,0,0,1,0,,0.0126670210733239,0.012353503136653,0.012353503136653066,0.0126670210733239,0.0126670210733239,0.0126670210733239,1.6570883077439649,2.1806509221877377,1.1383798431173966
2022-08-23,2022-08-23,2022-08-24,6460.1716,6470.6864,Development,1,0,0,0,0,1,0,,-0.0009695211406948,0.0016276347829522,0.0016276347829522475,-0.0009695211406948,-0.0009695211406948,-0.0009695211406948,1.6561187866032703,2.1796814010470427,1.1374103219767018
2022-08-24,2022-08-24,2022-08-25,6470.6864,6303.1445,Development,1,0,0,0,0,1,0,,-0.0281188100744392,-0.0258924462789603,-0.025892446278960368,-0.0281188100744392,-0.0281188100744392,-0.0281188100744392,1.627999976528831,2.1515625909726035,1.1092915119022626
2022-08-25,2022-08-25,2022-08-26,6303.1445,6331.079,Development,1,0,0,0,0,1,0,,0.006065515723103,0.0044318355703252,0.004431835570325227,0.006065515723103,0.006065515723103,0.006065515723103,1.634065492251934,2.1576281066957064,1.1153570276253657
2022-08-26,2022-08-26,2022-08-29,6331.079,6213.4016,Development,0,0,0,0,1,1,1,2022-09-01,-0.0038468083259608,-0.0185872581909023,-0.018587258190902345,-0.0,-0.0038468083259608,-0.0038468083259608,1.634065492251934,2.1537812983697457,1.1115102192994049
2022-08-29,2022-08-29,2022-08-30,6213.4016,6309.5791,Development,0,0,0,0,0,1,1,2022-09-01,0.0019097151409193,0.015479041303237,0.015479041303237073,0.0,0.0019097151409193,0.0019097151409193,1.634065492251934,2.155691013510665,1.1134199344403242
2022-08-30,2022-08-30,2022-08-31,6309.5791,6265.5934,Development,0,0,0,0,0,1,1,2022-09-01,-0.0038784692322295,-0.0069712574013058,-0.006971257401305886,-0.0,-0.0038784692322295,-0.0038784692322295,1.634065492251934,2.1518125442784353,1.1095414652080946
2022-08-31,2022-08-31,2022-09-01,6265.5934,6153.287,Development,0,0,0,0,0,1,1,2022-09-01,-0.0207100390741077,-0.0179243038656162,-0.017924303865616276,-0.0,-0.0207100390741077,-0.0207100390741077,1.634065492251934,2.1311025052043275,1.0888314261339869
2022-09-01,2022-09-01,2022-09-02,6153.287,6135.2957,Development,0,0,0,1,0,0,0,,-0.004707309618307,-0.002923851918495,-0.0029238519184950906,-0.0,-0.0,-0.004707309618307,1.634065492251934,2.1311025052043275,1.0841241165156799
2022-09-02,2022-09-02,2022-09-05,6135.2957,6147.7062,Development,0,0,0,0,0,0,0,,0.0036983280827405,0.0020228038886536,0.0020228038886536126,0.0,0.0,0.0036983280827405,1.634065492251934,2.1311025052043275,1.0878224445984204
2022-09-05,2022-09-05,2022-09-06,6147.7062,6198.4868,Development,0,0,0,0,0,0,0,,0.0054019989796447,0.0082600889417909,0.008260088941790977,0.0,0.0,0.0054019989796447,1.634065492251934,2.1311025052043275,1.0932244435780651
2022-09-06,2022-09-06,2022-09-07,6198.4868,6269.9911,Development,0,0,0,0,0,0,0,,0.0176177305301217,0.011535767084315,0.01153576708431503,0.0,0.0,0.0176177305301217,1.634065492251934,2.1311025052043275,1.1108421741081869
2022-09-07,2022-09-07,2022-09-08,6269.9911,6299.9068,Development,0,0,0,0,0,0,0,,0.0015884268772501,0.0047712507917274,0.004771250791727466,0.0,0.0,0.0015884268772501,1.634065492251934,2.1311025052043275,1.112430600985437
2022-09-08,2022-09-08,2022-09-09,6299.9068,6275.8978,Development,0,0,0,0,0,0,0,,-0.0046003179781832,-0.003811008759685,-0.0038110087596850972,-0.0,-0.0,-0.0046003179781832,1.634065492251934,2.1311025052043275,1.1078302830072537
2022-09-09,2022-09-09,2022-09-13,6275.8978,6334.8609,Development,0,0,0,0,0,0,0,,0.0070779860877554,0.0093951657402706,0.009395165740270661,0.0,0.0,0.0070779860877554,1.634065492251934,2.1311025052043275,1.1149082690950092
2022-09-13,2022-09-13,2022-09-14,6334.8609,6214.9119,Development,0,0,0,0,0,0,0,,-0.0026199892847402,-0.0189347488277129,-0.018934748827712955,-0.0,-0.0,-0.0026199892847402,1.634065492251934,2.1311025052043275,1.112288279810269
2022-09-14,2022-09-14,2022-09-15,6214.9119,6280.4462,Development,0,0,0,0,1,1,1,2022-09-20,-0.008008828614972,0.0105446868844594,0.01054468688445942,-0.0,-0.008008828614972,-0.008008828614972,1.634065492251934,2.123093676589356,1.104279451195297
2022-09-15,2022-09-15,2022-09-16,6280.4462,6091.4195,Development,0,0,0,0,0,1,1,2022-09-20,-0.0227467906610006,-0.0300976545265208,-0.0300976545265208,-0.0,-0.0227467906610006,-0.0227467906610006,1.634065492251934,2.100346885928355,1.0815326605342963
2022-09-16,2022-09-16,2022-09-19,6091.4195,5947.8566,Development,0,0,0,1,0,0,0,,-0.025097873268991,-0.023568053390511,-0.023568053390511046,-0.0,-0.0,-0.025097873268991,1.634065492251934,2.100346885928355,1.0564347872653053
2022-09-19,2022-09-19,2022-09-20,5947.8566,5949.3355,Development,-1,0,0,0,0,-1,0,,-0.0069450624407203,0.0002486441922624,0.00024864419226244827,0.0069450624407203,0.0069450624407203,-0.0069450624407203,1.6410105546926543,2.1072919483690757,1.049489724824585
2022-09-20,2022-09-20,2022-09-21,5949.3355,5943.0935,Development,-1,0,0,0,0,-1,0,,0.0076343244030723,-0.0010491928048098,-0.001049192804809862,-0.0076343244030723,-0.0076343244030723,0.0076343244030723,1.633376230289582,2.099657623966003,1.0571240492276572
2022-09-21,2022-09-21,2022-09-22,5943.0935,5938.0989,Development,-1,0,0,0,0,-1,0,,0.0034051367940632,-0.0008404040757561,-0.0008404040757561404,-0.0034051367940632,-0.0034051367940632,0.0034051367940632,1.6299710934955187,2.09625248717194,1.0605291860217205
2022-09-22,2022-09-22,2022-09-23,5938.0989,5961.0615,Development,-1,0,0,0,0,-1,0,,-0.0021235139241234,0.0038669952095273,0.0038669952095273796,0.0021235139241234,0.0021235139241234,-0.0021235139241234,1.632094607419642,2.0983760010960633,1.0584056720975972
2022-09-23,2022-09-23,2022-09-26,5961.0615,5841.5777,Development,-1,0,0,0,0,-1,0,,-0.0127866183953182,-0.020044047524086,-0.02004404752408606,0.0127866183953182,0.0127866183953182,-0.0127866183953182,1.6448812258149603,2.1111626194913815,1.045619053702279
2022-09-26,2022-09-26,2022-09-27,5841.5777,5823.5478,Development,-1,1,0,0,0,0,0,,-0.014140819942346,-0.0030864778191684,-0.003086477819168487,0.014140819942346,-0.0,-0.014140819942346,1.6590220457573064,2.1111626194913815,1.0314782337599329
2022-09-27,2022-09-27,2022-09-28,5823.5478,5910.0494,Development,-1,1,0,0,0,0,0,,0.0195881448520707,0.0148537631991274,0.014853763199127457,-0.0195881448520707,0.0,0.0195881448520707,1.6394339009052357,2.1111626194913815,1.0510663786120036
2022-09-28,2022-09-28,2022-09-29,5910.0494,5823.2724,Development,-1,1,0,0,0,0,0,,-0.0254276942211886,-0.0146829567955896,-0.014682956795589619,0.0254276942211886,-0.0,-0.0254276942211886,1.6648615951264243,2.1111626194913815,1.025638684390815
2022-09-29,2022-09-29,2022-09-30,5823.2724,5764.1521,Development,0,0,0,0,0,0,0,,0.0004092888285087,-0.0101524187671522,-0.010152418767152227,0.0,0.0,0.0004092888285087,1.6648615951264243,2.1111626194913815,1.0260479732193237
2022-09-30,2022-09-30,2022-10-10,5764.1521,5729.7548,Development,0,0,0,0,1,1,1,2022-10-13,-0.0100172366680034,-0.0059674518304262,-0.00596745183042624,-0.0,-0.0100172366680034,-0.0100172366680034,1.6648615951264243,2.101145382823378,1.0160307365513204
2022-10-10,2022-10-10,2022-10-11,5729.7548,5642.4791,Development,0,0,0,0,0,1,1,2022-10-13,-0.0137121346704111,-0.015232013069739,-0.015232013069739092,-0.0,-0.0137121346704111,-0.0137121346704111,1.6648615951264243,2.0874332481529674,1.0023186018809092
2022-10-11,2022-10-11,2022-10-12,5642.4791,5680.3641,Development,0,0,0,0,0,1,1,2022-10-13,0.0086582510823967,0.0067142472889265,0.006714247288926556,0.0,0.0086582510823967,0.0086582510823967,1.6648615951264243,2.0960914992353636,1.0109768529633059
2022-10-12,2022-10-12,2022-10-13,5680.3641,5789.661,Development,0,0,0,0,0,1,1,2022-10-13,0.0239154278006517,0.0192411785716342,0.01924117857163421,0.0,0.0239154278006517,0.0239154278006517,1.6648615951264243,2.1200069270360156,1.0348922807639576
2022-10-13,2022-10-13,2022-10-14,5789.661,5866.8591,Development,0,0,0,0,0,1,1,2022-10-13,0.0016977714297425,0.0133337858641464,0.013333785864146463,0.0,0.0016977714297425,0.0016977714297425,1.6648615951264243,2.1217046984657584,1.0365900521937002
2022-10-14,2022-10-14,2022-10-17,5866.8591,5952.3801,Development,0,0,0,0,0,0,0,,0.024544625262131,0.0145769650408003,0.014576965040800305,0.0,0.0,0.024544625262131,1.6648615951264243,2.1217046984657584,1.061134677455831
2022-10-17,2022-10-17,2022-10-18,5952.3801,6031.047,Development,0,0,0,0,0,0,0,,0.0070574757197232,0.013216041092537,0.013216041092537045,0.0,0.0,0.0070574757197232,1.6648615951264243,2.1217046984657584,1.0681921531755543
2022-10-18,2022-10-18,2022-10-19,6031.047,6021.8,Development,0,0,0,0,0,0,0,,0.0033375577413663,-0.0015332329527525,-0.001533232952752539,0.0,0.0,0.0033375577413663,1.6648615951264243,2.1217046984657584,1.0715297109169206
2022-10-19,2022-10-19,2022-10-20,6021.8,5943.4767,Development,0,0,0,0,0,0,0,,-0.0104298381802846,-0.0130066259258029,-0.013006625925802928,-0.0,-0.0,-0.0104298381802846,1.6648615951264243,2.1217046984657584,1.061099872736636
2022-10-20,2022-10-20,2022-10-21,5943.4767,5959.2074,Development,0,0,0,0,0,0,0,,-0.0039949118011942,0.0026467168618664,0.0026467168618664605,-0.0,-0.0,-0.0039949118011942,1.6648615951264243,2.1217046984657584,1.0571049609354417
2022-10-21,2022-10-21,2022-10-24,5959.2074,5968.5417,Development,0,0,0,0,0,0,0,,0.0013479888868157,0.0015663660237767,0.0015663660237767996,0.0,0.0,0.0013479888868157,1.6648615951264243,2.1217046984657584,1.0584529498222575
2022-10-24,2022-10-24,2022-10-25,5968.5417,5864.0249,Development,0,0,0,0,0,0,0,,-0.0100686918192809,-0.0175112791789658,-0.01751127917896589,-0.0,-0.0,-0.0100686918192809,1.6648615951264243,2.1217046984657584,1.0483842580029765
2022-10-25,2022-10-25,2022-10-26,5864.0249,5871.0773,Development,0,0,0,1,0,-1,-1,2022-10-27,-0.0045993803086233,0.0012026551933637,0.0012026551933637109,-0.0,0.0045993803086233,-0.0045993803086233,1.6648615951264243,2.1263040787743814,1.0437848776943532
2022-10-26,2022-10-26,2022-10-27,5871.0773,5978.2847,Development,0,0,0,0,0,-1,-1,2022-10-27,0.0173464563669412,0.0182602603443835,0.01826026034438355,0.0,-0.0173464563669412,0.0173464563669412,1.6648615951264243,2.1089576224074404,1.0611313340612945
2022-10-27,2022-10-27,2022-10-28,5978.2847,5922.8193,Development,0,0,0,0,0,-1,-1,2022-10-27,-0.0014396809404996,-0.0092778117442282,-0.00927781174422826,-0.0,0.0014396809404996,-0.0014396809404996,1.6648615951264243,2.1103973033479395,1.059691653120795
2022-10-28,2022-10-28,2022-10-31,5922.8193,5745.0776,Development,0,0,0,0,0,0,0,,-0.0303884600977188,-0.0300096442246685,-0.030009644224668564,-0.0,-0.0,-0.0303884600977188,1.6648615951264243,2.1103973033479395,1.029303193023076
2022-10-31,2022-10-31,2022-11-01,5745.0776,5814.2148,Development,0,0,0,0,0,0,0,,0.0043773759480876,0.0120341629502098,0.01203416295020987,0.0,0.0,0.0043773759480876,1.6648615951264243,2.1103973033479395,1.0336805689711637
2022-11-01,2022-11-01,2022-11-02,5814.2148,5925.6508,Development,0,0,0,0,0,0,0,,0.023081857482099,0.019166130566762,0.019166130566762085,0.0,0.0,0.023081857482099,1.6648615951264243,2.1103973033479395,1.0567624264532627
2022-11-02,2022-11-02,2022-11-03,5925.6508,5944.5114,Development,0,0,0,0,0,0,0,,0.0095366632267575,0.0031828740228836,0.0031828740228836416,0.0,0.0,0.0095366632267575,1.6648615951264243,2.1103973033479395,1.0662990896800202
2022-11-03,2022-11-03,2022-11-04,5944.5114,5996.3054,Development,0,0,0,0,0,0,0,,-0.0001809162213673,0.008712911207471,0.008712911207471086,-0.0,-0.0,-0.0001809162213673,1.6648615951264243,2.1103973033479395,1.066118173458653
2022-11-04,2022-11-04,2022-11-07,5996.3054,6133.2389,Development,0,0,0,0,0,0,0,,0.0228031706739888,0.0228363118396204,0.022836311839620427,0.0,0.0,0.0228031706739888,1.6648615951264243,2.1103973033479395,1.0889213441326417
2022-11-07,2022-11-07,2022-11-08,6133.2389,6139.8902,Development,0,0,0,0,0,0,0,,0.0012954998064795,0.0010844677842241,0.001084467784224108,0.0,0.0,0.0012954998064795,1.6648615951264243,2.1103973033479395,1.090216843939121
2022-11-08,2022-11-08,2022-11-09,6139.8902,6140.5417,Development,0,0,0,0,0,0,0,,-0.0011646187760697,0.0001061093893828,0.00010610938938282466,-0.0,-0.0,-0.0011646187760697,1.6648615951264243,2.1103973033479395,1.0890522251630514
2022-11-09,2022-11-09,2022-11-10,6140.5417,6085.2848,Development,0,0,0,0,0,0,0,,-0.0021889857750322,-0.0089987012057909,-0.008998701205790938,-0.0,-0.0,-0.0021889857750322,1.6648615951264243,2.1103973033479395,1.0868632393880193
2022-11-10,2022-11-10,2022-11-11,6085.2848,6223.228,Development,0,0,0,0,0,0,0,,-0.0050864845325027,0.0226683227710229,0.02266832277102293,-0.0,-0.0,-0.0050864845325027,1.6648615951264243,2.1103973033479395,1.0817767548555166
2022-11-11,2022-11-11,2022-11-14,6223.228,6140.1875,Development,0,0,0,0,0,0,0,,0.0080342281832797,-0.0133436377391282,-0.013343637739128278,0.0,0.0,0.0080342281832797,1.6648615951264243,2.1103973033479395,1.0898109830387963
2022-11-14,2022-11-14,2022-11-15,6140.1875,6125.1067,Development,0,0,0,0,0,0,0,,-0.0014837534116579,-0.0024560813493073,-0.002456081349307304,-0.0,-0.0,-0.0014837534116579,1.6648615951264243,2.1103973033479395,1.0883272296271385
2022-11-15,2022-11-15,2022-11-16,6125.1067,6238.5838,Development,1,0,0,0,0,1,0,,0.0174354637543874,0.0185265507293121,0.018526550729312197,0.0174354637543874,0.0174354637543874,0.0174354637543874,1.6822970588808117,2.127832767102327,1.1057626933815259
2022-11-16,2022-11-16,2022-11-17,6238.5838,6182.6909,Development,1,0,0,0,0,1,0,,-0.005205965675172,-0.0089592288557541,-0.008959228855754175,-0.005205965675172,-0.005205965675172,-0.005205965675172,1.6770910932056398,2.122626801427155,1.100556727706354
2022-11-17,2022-11-17,2022-11-18,6182.6909,6213.0909,Development,1,0,0,0,0,1,0,,0.0021418402508066,0.0049169529079968,0.004916952907996874,0.0021418402508066,0.0021418402508066,0.0021418402508066,1.6792329334564462,2.124768641677962,1.1026985679571604
2022-11-18,2022-11-18,2022-11-21,6213.0909,6147.7174,Development,1,0,0,0,0,1,0,,-0.004110769900276,-0.0105218965973924,-0.010521896597392444,-0.004110769900276,-0.004110769900276,-0.004110769900276,1.6751221635561704,2.120657871777686,1.0985877980568843
2022-11-21,2022-11-21,2022-11-22,6147.7174,6178.1632,Development,1,0,0,0,0,1,0,,-0.0003130830586501,0.0049523746813735,0.00495237468137355,-0.0003130830586501,-0.0003130830586501,-0.0003130830586501,1.6748090804975202,2.1203447887190356,1.0982747149982344
2022-11-22,2022-11-22,2022-11-23,6178.1632,6114.2692,Development,1,0,0,0,0,1,0,,-0.0103897126540289,-0.0103419087407726,-0.010341908740772676,-0.0103897126540289,-0.0103897126540289,-0.0103897126540289,1.6644193678434913,2.109955076065007,1.0878850023442055
2022-11-23,2022-11-23,2022-11-24,6114.2692,6126.5982,Development,1,0,0,0,0,1,0,,-0.0015990792699102,0.0020164306798922,0.0020164306798922116,-0.0015990792699102,-0.0015990792699102,-0.0015990792699102,1.662820288573581,2.1083559967950967,1.0862859230742952
2022-11-24,2022-11-24,2022-11-25,6126.5982,6095.1259,Development,0,0,0,0,1,1,1,2022-11-30,0.0007294454224797,-0.0051369942948111,-0.005136994294811181,0.0,0.0007294454224797,0.0007294454224797,1.662820288573581,2.1090854422175767,1.087015368496775
2022-11-25,2022-11-25,2022-11-28,6095.1259,5999.8546,Development,0,0,0,1,0,0,0,,-0.0052624923532277,-0.0156307353716844,-0.015630735371684468,-0.0,-0.0,-0.0052624923532277,1.662820288573581,2.1090854422175767,1.0817528761435473
2022-11-28,2022-11-28,2022-11-29,5999.8546,6071.4494,Development,0,0,0,0,0,0,0,,-0.005350780868105,0.0119327558371165,0.011932755837116504,-0.0,-0.0,-0.005350780868105,1.662820288573581,2.1090854422175767,1.0764020952754423
2022-11-29,2022-11-29,2022-11-30,6071.4494,6156.7719,Development,-1,0,0,0,0,-1,0,,0.0179243607108587,0.0140530694367639,0.014053069436763987,-0.0179243607108587,-0.0179243607108587,0.0179243607108587,1.6448959278627224,2.0911610815067174,1.0943264559863009
2022-11-30,2022-11-30,2022-12-01,6156.7719,6211.2911,Development,-1,0,0,0,0,-1,0,,-0.001245152885189,0.0088551599580943,0.008855159958094383,0.001245152885189,0.001245152885189,-0.001245152885189,1.6461410807479115,2.0924062343919063,1.093081303101112
2022-12-01,2022-12-01,2022-12-02,6211.2911,6177.9231,Development,-1,0,0,0,0,-1,0,,0.0048659660714702,-0.0053721520152227,-0.005372152015222786,-0.0048659660714702,-0.0048659660714702,0.0048659660714702,1.6412751146764413,2.0875402683204363,1.097947269172582
2022-12-02,2022-12-02,2022-12-05,6177.9231,6201.9803,Development,-1,0,0,0,0,-1,0,,-0.0029242000386641,0.0038940594776908,0.0038940594776908366,0.0029242000386641,0.0029242000386641,-0.0029242000386641,1.6441993147151055,2.0904644683591003,1.095023069133918
2022-12-05,2022-12-05,2022-12-06,6201.9803,6202.5242,Development,-1,0,0,0,0,-1,0,,0.0076380679306966,8.769779549289147e-05,8.769779549289147e-05,-0.0076380679306966,-0.0076380679306966,0.0076380679306966,1.6365612467844088,2.0828264004284036,1.1026611370646147
2022-12-06,2022-12-06,2022-12-07,6202.5242,6198.0532,Development,0,0,0,0,0,0,0,,-0.0006231411876485,-0.0007208355591743,-0.0007208355591743487,-0.0,-0.0,-0.0006231411876485,1.6365612467844088,2.0828264004284036,1.1020379958769662
2022-12-07,2022-12-07,2022-12-08,6198.0532,6199.164,Development,0,0,0,0,0,0,0,,-0.0011666569933611,0.0001792175646377,0.00017921756463779026,-0.0,-0.0,-0.0011666569933611,1.6365612467844088,2.0828264004284036,1.1008713388836049
2022-12-08,2022-12-08,2022-12-09,6199.164,6185.7939,Development,0,0,0,0,0,0,0,,-0.0028564773423543,-0.0021567585564763,-0.002156758556476346,-0.0,-0.0,-0.0028564773423543,1.6365612467844088,2.0828264004284036,1.0980148615412506
2022-12-09,2022-12-09,2022-12-12,6185.7939,6181.2441,Development,0,0,0,0,0,0,0,,0.0009727003296891,-0.0007355240206111,-0.0007355240206111668,0.0,0.0,0.0009727003296891,1.6365612467844088,2.0828264004284036,1.0989875618709397
2022-12-12,2022-12-12,2022-12-13,6181.2441,6153.7384,Development,0,0,0,0,1,1,1,2022-12-16,-0.0060545668896678,-0.0044498647125098,-0.0044498647125098545,-0.0,-0.0060545668896678,-0.0060545668896678,1.6365612467844088,2.0767718335387357,1.092932994981272
2022-12-13,2022-12-13,2022-12-14,6153.7384,6122.4318,Development,0,0,0,0,0,1,1,2022-12-16,-0.0053856584213852,-0.0050874115805767,-0.005087411580576795,-0.0,-0.0053856584213852,-0.0053856584213852,1.6365612467844088,2.0713861751173503,1.087547336559887
2022-12-14,2022-12-14,2022-12-15,6122.4318,6090.1178,Development,0,0,0,0,0,1,1,2022-12-16,-0.0041289280696099,-0.0052779681433119,-0.00527796814331194,-0.0,-0.0041289280696099,-0.0041289280696099,1.6365612467844088,2.0672572470477406,1.083418408490277
2022-12-15,2022-12-15,2022-12-16,6090.1178,6071.9564,Development,-1,0,0,0,0,-1,0,,0.0009010420863142,-0.0029821098041814,-0.002982109804181454,-0.0009010420863142,-0.0009010420863142,0.0009010420863142,1.6356602046980946,2.0663562049614264,1.0843194505765912
2022-12-16,2022-12-16,2022-12-19,6071.9564,6058.8941,Development,-1,0,0,0,0,-1,0,,-0.0047552567703452,-0.002151250624922,-0.002151250624922052,0.0047552567703452,0.0047552567703452,-0.0047552567703452,1.6404154614684399,2.0711114617317716,1.079564193806246
2022-12-19,2022-12-19,2022-12-20,6058.8941,5919.0267,Development,-1,0,0,0,0,-1,0,,-0.022458535082639,-0.0230846417995653,-0.023084641799565375,0.022458535082639,0.022458535082639,-0.022458535082639,1.6628739965510788,2.0935699968144106,1.057105658723607
2022-12-20,2022-12-20,2022-12-21,5919.0267,5879.2722,Development,-1,0,0,0,0,-1,0,,-0.0098448488396758,-0.0067163913959029,-0.006716391395902965,0.0098448488396758,0.0098448488396758,-0.0098448488396758,1.6727188453907544,2.103414845654086,1.047260809883931
2022-12-21,2022-12-21,2022-12-22,5879.2722,5867.724,Development,-1,0,0,0,0,-1,0,,-0.0054774120464888,-0.0019642227145053,-0.0019642227145053592,0.0054774120464888,0.0054774120464888,-0.0054774120464888,1.6781962574372433,2.1088922577005755,1.0417833978374422
2022-12-22,2022-12-22,2022-12-23,5867.724,5751.9489,Development,-1,1,0,0,0,0,0,,-0.0114234322385081,-0.0197308360106917,-0.0197308360106917,0.0114234322385081,-0.0,-0.0114234322385081,1.6896196896757514,2.1088922577005755,1.0303599655989342
2022-12-23,2022-12-23,2022-12-26,5751.9489,5769.0686,Development,-1,1,0,0,0,0,0,,-0.0027183853832171,0.0029763303356187,0.0029763303356187265,0.0027183853832171,-0.0,-0.0027183853832171,1.6923380750589685,2.1088922577005755,1.027641580215717
2022-12-26,2022-12-26,2022-12-27,5769.0686,5857.7543,Development,-1,1,0,0,0,0,0,,0.0138651579782007,0.0153726201141028,0.015372620114102897,-0.0138651579782007,0.0,0.0138651579782007,1.678472917080768,2.1088922577005755,1.0415067381939178
2022-12-27,2022-12-27,2022-12-28,5857.7543,5869.4556,Development,-1,1,0,0,0,0,0,,0.0072573756187794,0.0019975743946789,0.001997574394678958,-0.0072573756187794,0.0,0.0072573756187794,1.6712155414619885,2.1088922577005755,1.0487641138126973
2022-12-28,2022-12-28,2022-12-29,5869.4556,5843.9431,Development,0,0,0,0,1,1,1,2023-01-04,-0.0040038825197952,-0.0043466552502756,-0.004346655250275666,-0.0,-0.0040038825197952,-0.0040038825197952,1.6712155414619885,2.10488837518078,1.044760231292902
2022-12-29,2022-12-29,2022-12-30,5843.9431,5875.2787,Development,0,0,0,1,0,0,0,,-0.0008008397404976,0.0053620645279723,0.005362064527972388,-0.0,-0.0,-0.0008008397404976,1.6712155414619885,2.10488837518078,1.0439593915524044
2022-12-30,2022-12-30,2023-01-03,5875.2787,5861.5504,Development,0,0,0,0,0,0,0,,0.0012061319812755,-0.0023366210695672,-0.002336621069567224,0.0,0.0,0.0012061319812755,1.6712155414619885,2.10488837518078,1.0451655235336799
2023-01-03,2023-01-03,2023-01-04,5861.5504,5952.5062,Validation,0,0,0,0,0,0,0,,0.0155905049101734,0.0155173620958712,0.01551736209587129,0.0,0.0,0.0155905049101734,1.6712155414619885,2.10488837518078,1.0607560284438533
2023-01-04,2023-01-04,2023-01-05,5952.5062,5959.4378,Validation,0,0,0,0,0,0,0,,-0.0005780993287508,0.0011644842973872,0.0011644842973872471,-0.0,-0.0,-0.0005780993287508,1.6712155414619885,2.10488837518078,1.0601779291151026
2023-01-05,2023-01-05,2023-01-06,5959.4378,6004.1731,Validation,0,0,0,0,0,0,0,,0.0097456111293128,0.0075066309107212,0.007506630910721235,0.0,0.0,0.0097456111293128,1.6712155414619885,2.10488837518078,1.0699235402444154
2023-01-06,2023-01-06,2023-01-09,6004.1731,6028.399,Validation,0,0,0,0,0,0,0,,0.0003911677968428,0.0040348436989601,0.004034843698960122,0.0,0.0,0.0003911677968428,1.6712155414619885,2.10488837518078,1.070314708041258
2023-01-09,2023-01-09,2023-01-10,6028.399,6044.641,Validation,0,0,0,0,0,0,0,,0.0045243532513687,0.0026942476767046,0.0026942476767046752,0.0,0.0,0.0045243532513687,1.6712155414619885,2.10488837518078,1.0748390612926269
2023-01-10,2023-01-10,2023-01-11,6044.641,6049.0393,Validation,0,0,0,0,0,0,0,,0.0013704426408041,0.0007276362649164,0.0007276362649164536,0.0,0.0,0.0013704426408041,1.6712155414619885,2.10488837518078,1.076209503933431
2023-01-11,2023-01-11,2023-01-12,6049.0393,6022.561,Validation,0,0,0,0,0,0,0,,-0.0056446138688167,-0.0043772735945029,-0.004377273594502906,-0.0,-0.0,-0.0056446138688167,1.6712155414619885,2.10488837518078,1.070564890064614
2023-01-12,2023-01-12,2023-01-13,6022.561,6030.93,Validation,0,0,0,0,0,0,0,,0.0001879897870964,0.001389608174994,0.001389608174994006,0.0,0.0,0.0001879897870964,1.6712155414619885,2.10488837518078,1.0707528798517105
2023-01-13,2023-01-13,2023-01-16,6030.93,6068.9115,Validation,0,0,0,0,0,0,0,,0.0070492229705878,0.0062977849187437,0.006297784918743776,0.0,0.0,0.0070492229705878,1.6712155414619885,2.10488837518078,1.0778021028222984
2023-01-16,2023-01-16,2023-01-17,6068.9115,6129.7345,Validation,1,0,0,0,0,1,0,,0.0113057944098891,0.0100220607929444,0.010022060792944432,0.0113057944098891,0.0113057944098891,0.0113057944098891,1.6825213358718776,2.116194169590669,1.0891078972321875
2023-01-17,2023-01-17,2023-01-18,6129.7345,6139.6912,Validation,1,0,0,0,0,1,0,,0.0010548013531179,0.0016243281009968,0.0016243281009968857,0.0010548013531179,0.0010548013531179,0.0010548013531179,1.6835761372249953,2.117248970943787,1.0901626985853055
2023-01-18,2023-01-18,2023-01-19,6139.6912,6145.6211,Validation,1,0,0,0,0,1,0,,0.003068271211329,0.0009658303336168,0.0009658303336168572,0.003068271211329,0.003068271211329,0.003068271211329,1.6866444084363246,2.1203172421551164,1.0932309697966345
2023-01-19,2023-01-19,2023-01-20,6145.6211,6214.0251,Validation,1,0,0,0,0,1,0,,0.0085947786310156,0.0111305267420407,0.011130526742040736,0.0085947786310156,0.0085947786310156,0.0085947786310156,1.6952391870673402,2.1289120207861316,1.10182574842765
2023-01-20,2023-01-20,2023-01-30,6214.0251,6331.8759,Validation,1,0,0,0,0,1,0,,0.0075927021308566,0.0189652919168286,0.018965291916828608,0.0075927021308566,0.0075927021308566,0.0075927021308566,1.7028318891981966,2.1365047229169885,1.1094184505585065
2023-01-30,2023-01-30,2023-01-31,6331.8759,6266.2956,Validation,1,0,0,0,0,1,0,,0.0051017896902594,-0.0103571676128395,-0.010357167612839557,0.0051017896902594,0.0051017896902594,0.0051017896902594,1.7079336788884563,2.1416065126072477,1.114520240248766
2023-01-31,2023-01-31,2023-02-01,6266.2956,6300.4997,Validation,1,0,0,0,0,1,0,,0.0009267064748752,0.0054584242722286,0.005458424272228646,0.0009267064748752,0.0009267064748752,0.0009267064748752,1.7088603853633315,2.1425332190821234,1.1154469467236412
2023-02-01,2023-02-01,2023-02-02,6300.4997,6383.298,Validation,1,0,0,0,0,1,0,,0.0122043678398511,0.0131415449476173,0.013141544947617323,0.0122043678398511,0.0122043678398511,0.0122043678398511,1.7210647532031826,2.154737586921974,1.1276513145634923
2023-02-02,2023-02-02,2023-02-03,6383.298,6354.7135,Validation,1,0,0,0,0,1,0,,0.0006654199102025,-0.0044780143430558,-0.004478014343055836,0.0006654199102025,0.0006654199102025,0.0006654199102025,1.721730173113385,2.155403006832177,1.1283167344736948
2023-02-03,2023-02-03,2023-02-06,6354.7135,6314.5995,Validation,1,0,0,0,0,1,0,,-0.0041529692332874,-0.0063124797050252,-0.006312479705025242,-0.0041529692332874,-0.0041529692332874,-0.0041529692332874,1.7175772038800976,2.1512500375988894,1.1241637652404073
2023-02-06,2023-02-06,2023-02-07,6314.5995,6309.2209,Validation,1,0,0,0,0,1,0,,-0.0065184814236001,-0.0008517721511871,-0.0008517721511871468,-0.0065184814236001,-0.0065184814236001,-0.0065184814236001,1.7110587224564975,2.144731556175289,1.1176452838168074
2023-02-07,2023-02-07,2023-02-08,6309.2209,6319.5164,Validation,1,0,0,0,0,1,0,,0.0023646474261467,0.0016318179634509,0.00163181796345091,0.0023646474261467,0.0023646474261467,0.0023646474261467,1.7134233698826442,2.147096203601436,1.120009931242954
2023-02-08,2023-02-08,2023-02-09,6319.5164,6256.3124,Validation,1,0,0,0,0,1,0,,-0.0077505077891876,-0.0100013982082554,-0.010001398208255408,-0.0077505077891876,-0.0077505077891876,-0.0077505077891876,1.7056728620934565,2.1393456958122483,1.1122594234537664
2023-02-09,2023-02-09,2023-02-10,6256.3124,6348.9994,Validation,1,0,0,0,0,1,0,,0.0137655236266802,0.0148149571303377,0.014814957130337758,0.0137655236266802,0.0137655236266802,0.0137655236266802,1.7194383857201367,2.153111219438929,1.1260249470804466
2023-02-10,2023-02-10,2023-02-13,6348.9994,6333.2194,Validation,1,0,0,0,0,1,0,,-0.0031961290172319,-0.0024854310113811,-0.0024854310113811007,-0.0031961290172319,-0.0031961290172319,-0.0031961290172319,1.716242256702905,2.149915090421697,1.1228288180632147
2023-02-13,2023-02-13,2023-02-14,6333.2194,6394.6196,Validation,1,0,0,0,0,1,0,,0.0078266384097127,0.0096949428279715,0.009694942827971564,0.0078266384097127,0.0078266384097127,0.0078266384097127,1.7240688951126175,2.1577417288314096,1.1306554564729274
2023-02-14,2023-02-14,2023-02-15,6394.6196,6398.8735,Validation,1,0,0,0,0,1,0,,0.0020969706905789,0.0006652311264925,0.000665231126492527,0.0020969706905789,0.0020969706905789,0.0020969706905789,1.7261658658031964,2.1598386995219885,1.1327524271635063
2023-02-15,2023-02-15,2023-02-16,6398.8735,6384.2145,Validation,1,0,0,0,0,1,0,,-0.002011297229266,-0.0022908719792631,-0.0022908719792631427,-0.002011297229266,-0.002011297229266,-0.002011297229266,1.7241545685739306,2.1578274022927224,1.1307411299342403
2023-02-16,2023-02-16,2023-02-17,6384.2145,6284.9225,Validation,1,0,0,0,0,1,0,,-0.0148596695364924,-0.0155527355792949,-0.01555273557929493,-0.0148596695364924,-0.0148596695364924,-0.0148596695364924,1.7092948990374381,2.14296773275623,1.1158814603977478
2023-02-17,2023-02-17,2023-02-20,6284.9225,6248.2555,Validation,0,0,0,1,0,-1,-1,2023-02-21,-0.008279430348964,-0.005834121264025,-0.0058341212640250495,-0.0,0.008279430348964,-0.008279430348964,1.7092948990374381,2.151247163105194,1.1076020300487839
2023-02-20,2023-02-20,2023-02-21,6248.2555,6349.9071,Validation,0,0,0,0,0,-1,-1,2023-02-21,0.0174211061769546,0.0162687969466037,0.01626879694660377,0.0,-0.0174211061769546,0.0174211061769546,1.7092948990374381,2.133826056928239,1.1250231362257386
2023-02-21,2023-02-21,2023-02-22,6349.9071,6352.0275,Validation,0,0,0,0,0,-1,-1,2023-02-21,0.0058866373914252,0.0003339261451555,0.00033392614515559416,0.0,-0.0058866373914252,0.0058866373914252,1.7092948990374381,2.1279394195368138,1.1309097736171636
2023-02-22,2023-02-22,2023-02-23,6352.0275,6377.2925,Validation,0,0,0,0,0,0,0,,-0.0013090778479915,0.0039774701857004,0.0039774701857004935,-0.0,-0.0,-0.0013090778479915,1.7092948990374381,2.1279394195368138,1.1296006957691722
2023-02-23,2023-02-23,2023-02-24,6377.2925,6367.6311,Validation,0,0,0,0,0,0,0,,-0.0023134183156372,-0.0015149689307806,-0.0015149689307806247,-0.0,-0.0,-0.0023134183156372,1.7092948990374381,2.1279394195368138,1.127287277453535
2023-02-24,2023-02-24,2023-02-27,6367.6311,6318.6393,Validation,0,0,0,0,0,0,0,,-0.0030622200435758,-0.0076938816383379,-0.007693881638337952,-0.0,-0.0,-0.0030622200435758,1.7092948990374381,2.1279394195368138,1.1242250574099593
2023-02-27,2023-02-27,2023-02-28,6318.6393,6323.8417,Validation,0,0,0,0,0,0,0,,-0.0053049408962703,0.0008233418229777,0.000823341822977719,-0.0,-0.0,-0.0053049408962703,1.7092948990374381,2.1279394195368138,1.1189201165136888
2023-02-28,2023-02-28,2023-03-01,6323.8417,6356.5035,Validation,0,0,0,0,0,0,0,,0.007979682666763,0.005164866792918,0.005164866792918055,0.0,0.0,0.007979682666763,1.7092948990374381,2.1279394195368138,1.126899799180452
2023-03-01,2023-03-01,2023-03-02,6356.5035,6398.2563,Validation,0,0,0,0,0,0,0,,0.0070162254076076,0.0065685167954363,0.006568516795436352,0.0,0.0,0.0070162254076076,1.7092948990374381,2.1279394195368138,1.1339160245880595
2023-03-02,2023-03-02,2023-03-03,6398.2563,6384.0636,Validation,0,0,0,0,0,0,0,,-0.0031097252761266,-0.0022182137342637,-0.0022182137342637853,-0.0,-0.0,-0.0031097252761266,1.7092948990374381,2.1279394195368138,1.130806299311933
2023-03-03,2023-03-03,2023-03-06,6384.0636,6398.1023,Validation,0,0,0,0,0,0,0,,0.0012668765012966,0.0021990225786596,0.0021990225786596707,0.0,0.0,0.0012668765012966,1.7092948990374381,2.1279394195368138,1.1320731758132294
2023-03-06,2023-03-06,2023-03-07,6398.1023,6389.8109,Validation,0,0,0,0,0,0,0,,0.0007670041193728,-0.001295915509197,-0.0012959155091970542,0.0,0.0,0.0007670041193728,1.7092948990374381,2.1279394195368138,1.1328401799326022
2023-03-07,2023-03-07,2023-03-08,6389.8109,6264.4315,Validation,0,0,0,0,0,0,0,,-0.0173442845765832,-0.0196217700276546,-0.01962177002765464,-0.0,-0.0,-0.0173442845765832,1.7092948990374381,2.1279394195368138,1.115495895356019
2023-03-08,2023-03-08,2023-03-09,6264.4315,6311.0424,Validation,0,0,0,1,0,-1,-1,2023-03-10,0.0027397011338703,0.0074405634413914,0.0074405634413914346,0.0,-0.0027397011338703,0.0027397011338703,1.7092948990374381,2.1251997184029436,1.1182355964898893
2023-03-09,2023-03-09,2023-03-10,6311.0424,6251.56,Validation,0,0,0,0,0,-1,-1,2023-03-10,-0.0024698184914463,-0.009425130783466,-0.009425130783466074,-0.0,0.0024698184914463,-0.0024698184914463,1.7092948990374381,2.12766953689439,1.1157657779984431
2023-03-10,2023-03-10,2023-03-13,6251.56,6189.9761,Validation,0,0,0,0,0,-1,-1,2023-03-10,-0.0128943394271172,-0.0098509651990863,-0.009850965199086348,-0.0,0.0128943394271172,-0.0128943394271172,1.7092948990374381,2.140563876321507,1.1028714385713259
2023-03-13,2023-03-13,2023-03-14,6189.9761,6237.7306,Validation,0,0,0,0,0,0,0,,0.0064632801672239,0.0077148116936993,0.007714811693699364,0.0,0.0,0.0064632801672239,1.7092948990374381,2.140563876321507,1.1093347187385498
2023-03-14,2023-03-14,2023-03-15,6237.7306,6210.928,Validation,0,0,0,0,0,0,0,,-0.0089040791318127,-0.0042968511657107,-0.004296851165710769,-0.0,-0.0,-0.0089040791318127,1.7092948990374381,2.140563876321507,1.1004306396067371
2023-03-15,2023-03-15,2023-03-16,6210.928,6191.2955,Validation,-1,0,0,0,0,-1,0,,0.0056941089042132,-0.0031609608097211,-0.0031609608097211694,-0.0056941089042132,-0.0056941089042132,0.0056941089042132,1.7036007901332249,2.134869767417294,1.1061247485109502
2023-03-16,2023-03-16,2023-03-17,6191.2955,6174.1919,Validation,-1,0,0,0,0,-1,0,,-0.0134639593615053,-0.0027625236107694,-0.0027625236107694517,0.0134639593615053,0.0134639593615053,-0.0134639593615053,1.7170647494947302,2.148333726778799,1.092660789149445
2023-03-17,2023-03-17,2023-03-20,6174.1919,6195.3506,Validation,-1,0,0,0,0,-1,0,,0.0068968833651636,0.0034269585951807,0.003426958595180718,-0.0068968833651636,-0.0068968833651636,0.0068968833651636,1.7101678661295665,2.1414368434136355,1.0995576725146086
2023-03-20,2023-03-20,2023-03-21,6195.3506,6171.8856,Validation,-1,0,0,0,0,-1,0,,-0.0036923046269218,-0.0037875176910892,-0.003787517691089204,0.0036923046269218,0.0036923046269218,-0.0036923046269218,1.7138601707564884,2.1451291480405574,1.0958653678876868
2023-03-21,2023-03-21,2023-03-22,6171.8856,6244.3623,Validation,-1,0,0,0,0,-1,0,,0.0120650856742148,0.0117430400848648,0.01174304008486482,-0.0120650856742148,-0.0120650856742148,0.0120650856742148,1.7017950850822736,2.1330640623663424,1.1079304535619017
2023-03-22,2023-03-22,2023-03-23,6244.3623,6253.5774,Validation,-1,0,0,0,0,-1,0,,0.0056232403164666,0.0014757471711723,0.0014757471711723813,-0.0056232403164666,-0.0056232403164666,0.0056232403164666,1.6961718447658072,2.1274408220498757,1.1135536938783681
2023-03-23,2023-03-23,2023-03-24,6253.5774,6312.4308,Validation,0,0,0,0,0,0,0,,0.0057450722345926,0.0094111572041948,0.009411157204194831,0.0,0.0,0.0057450722345926,1.6961718447658072,2.1274408220498757,1.1192987661129608
2023-03-24,2023-03-24,2023-03-27,6312.4308,6304.4792,Validation,0,0,0,0,0,0,0,,0.0006881646355469,-0.0012596732149523,-0.0012596732149523504,0.0,0.0,0.0006881646355469,1.6961718447658072,2.1274408220498757,1.1199869307485077
2023-03-27,2023-03-27,2023-03-28,6304.4792,6314.5821,Validation,0,0,0,0,0,0,0,,0.0002380153246117,0.0016024955717197,0.0016024955717197642,0.0,0.0,0.0002380153246117,1.6961718447658072,2.1274408220498757,1.1202249460731195
2023-03-28,2023-03-28,2023-03-29,6314.5821,6285.9539,Validation,0,0,0,0,0,0,0,,-0.0050190286145835,-0.0045336650227414,-0.00453366502274144,-0.0,-0.0,-0.0050190286145835,1.6961718447658072,2.1274408220498757,1.1152059174585358
2023-03-29,2023-03-29,2023-03-30,6285.9539,6257.6398,Validation,0,0,0,0,0,0,0,,-0.0030845448280031,-0.0045043442014426,-0.004504344201442634,-0.0,-0.0,-0.0030845448280031,1.6961718447658072,2.1274408220498757,1.1121213726305328
2023-03-30,2023-03-30,2023-03-31,6257.6398,6284.8522,Validation,0,0,0,0,0,0,0,,0.0040932978582874,0.0043486683269944,0.0043486683269944315,0.0,0.0,0.0040932978582874,1.6961718447658072,2.1274408220498757,1.1162146704888203
2023-03-31,2023-03-31,2023-04-03,6284.8522,6346.6925,Validation,0,0,0,1,0,-1,-1,2023-04-04,0.008533166889836,0.0098395790437204,0.009839579043720459,0.0,-0.008533166889836,0.008533166889836,1.6961718447658072,2.1189076551600396,1.1247478373786561
2023-04-03,2023-04-03,2023-04-04,6346.6925,6414.8177,Validation,0,0,0,0,0,-1,-1,2023-04-04,0.011670523743559,0.0107339689137293,0.010733968913729353,0.0,-0.011670523743559,0.011670523743559,1.6961718447658072,2.107237131416481,1.1364183611222152
2023-04-04,2023-04-04,2023-04-06,6414.8177,6387.2289,Validation,0,0,0,0,0,-1,-1,2023-04-04,-0.00076520852131,-0.0043007925229113,-0.004300792522911379,-0.0,0.00076520852131,-0.00076520852131,1.6961718447658072,2.1080023399377907,1.1356531526009053
2023-04-06,2023-04-06,2023-04-07,6387.2289,6418.2601,Validation,1,0,0,0,0,1,0,,0.0012398696724744,0.0048583197010523,0.004858319701052327,0.0012398696724744,0.0012398696724744,0.0012398696724744,1.6974117144382814,2.109242209610265,1.1368930222733795
2023-04-07,2023-04-07,2023-04-10,6418.2601,6474.9415,Validation,1,0,0,0,0,1,0,,0.0074212164307023,0.0088312718894019,0.008831271889401915,0.0074212164307023,0.0074212164307023,0.0074212164307023,1.7048329308689838,2.1166634260409674,1.1443142387040819
2023-04-10,2023-04-10,2023-04-11,6474.9415,6405.6279,Validation,1,0,0,0,0,1,0,,-0.0083447877461316,-0.0107048998048862,-0.010704899804886203,-0.0083447877461316,-0.0083447877461316,-0.0083447877461316,1.6964881431228522,2.108318638294836,1.1359694509579503
2023-04-11,2023-04-11,2023-04-12,6405.6279,6415.7038,Validation,1,0,0,0,0,1,0,,0.0016153443234527,0.0015729761636638,0.0015729761636638084,0.0016153443234527,0.0016153443234527,0.0016153443234527,1.6981034874463048,2.109933982618289,1.1375847952814029
2023-04-12,2023-04-12,2023-04-13,6415.7038,6438.1638,Validation,1,0,0,0,0,1,0,,0.0035138657850009,0.0035007850580632,0.0035007850580632827,0.0035138657850009,0.0035138657850009,0.0035138657850009,1.7016173532313057,2.1134478484032897,1.1410986610664038
2023-04-13,2023-04-13,2023-04-14,6438.1638,6420.3118,Validation,1,0,0,0,0,1,0,,-0.0060205116239865,-0.0027728402933767,-0.002772840293376766,-0.0060205116239865,-0.0060205116239865,-0.0060205116239865,1.695596841607319,2.107427336779303,1.1350781494424174
2023-04-14,2023-04-14,2023-04-17,6420.3118,6422.8669,Validation,1,0,0,0,0,1,0,,0.0041255205615335,0.0003979713259407,0.00039797132594077134,0.0041255205615335,0.0041255205615335,0.0041255205615335,1.6997223621688526,2.1115528573408366,1.139203670003951
2023-04-17,2023-04-17,2023-04-18,6422.8669,6448.7565,Validation,1,0,0,0,0,1,0,,0.0043804227378192,0.0040308479691522,0.004030847969152207,0.0043804227378192,0.0043804227378192,0.0043804227378192,1.7041027849066719,2.115933280078656,1.14358409274177
2023-04-18,2023-04-18,2023-04-19,6448.7565,6444.8726,Validation,1,0,0,0,0,1,0,,-0.0014531896293179,-0.0006022711510351,-0.0006022711510351719,-0.0014531896293179,-0.0014531896293179,-0.0014531896293179,1.702649595277354,2.114480090449338,1.1421309031124522
2023-04-19,2023-04-19,2023-04-20,6444.8726,6408.8077,Validation,1,0,0,0,0,1,0,,-0.0050983331697895,-0.0055959058058028,-0.0055959058058028255,-0.0050983331697895,-0.0050983331697895,-0.0050983331697895,1.6975512621075644,2.1093817572795484,1.1370325699426627
2023-04-20,2023-04-20,2023-04-21,6408.8077,6411.5137,Validation,1,0,0,0,0,1,0,,-0.0008124083991297,0.0004222314237951,0.00042223142379516077,-0.0008124083991297,-0.0008124083991297,-0.0008124083991297,1.696738853708435,2.108569348880419,1.136220161543533
2023-04-21,2023-04-21,2023-04-24,6411.5137,6250.9635,Validation,0,0,0,0,0,0,0,,-0.0251431573414111,-0.025040919744116,-0.02504091974411604,-0.0,-0.0,-0.0251431573414111,1.696738853708435,2.108569348880419,1.1110770042021219
2023-04-24,2023-04-24,2023-04-25,6250.9635,6205.6184,Validation,0,0,0,1,0,-1,-1,2023-04-26,-0.0066818017745206,-0.0072540977082972,-0.0072540977082972136,-0.0,0.0066818017745206,-0.0066818017745206,1.696738853708435,2.115251150654939,1.1043952024276014
2023-04-25,2023-04-25,2023-04-26,6205.6184,6095.1335,Validation,-1,0,0,0,0,-1,0,,-0.0145966042248204,-0.0178040112811319,-0.01780401128113196,0.0145966042248204,0.0145966042248204,-0.0145966042248204,1.7113354579332554,2.1298477548797594,1.089798598202781
2023-04-26,2023-04-26,2023-04-27,6095.1335,6127.6444,Validation,-1,0,0,0,0,-1,0,,0.0039229979324149,0.0053339110619972,0.00533391106199721,-0.0039229979324149,-0.0039229979324149,0.0039229979324149,1.7074124600008402,2.1259247569473447,1.0937215961351958
2023-04-27,2023-04-27,2023-04-28,6127.6444,6151.6433,Validation,-1,0,0,0,0,-1,0,,0.0025694405811147,0.003916496851547,0.003916496851547047,-0.0025694405811147,-0.0025694405811147,0.0025694405811147,1.7048430194197257,2.12335531636623,1.0962910367163106
2023-04-28,2023-04-28,2023-05-04,6151.6433,6223.2261,Validation,-1,0,0,0,0,-1,0,,0.0135285751589493,0.0116363703987842,0.01163637039878429,-0.0135285751589493,-0.0135285751589493,0.0135285751589493,1.6913144442607764,2.1098267412072804,1.10981961187526
2023-05-04,2023-05-04,2023-05-05,6223.2261,6255.7044,Validation,-1,0,0,0,0,-1,0,,0.0033879463230737,0.0052188847838903,0.005218884783890321,-0.0033879463230737,-0.0033879463230737,0.0033879463230737,1.6879264979377027,2.106438794884207,1.1132075581983336
2023-05-05,2023-05-05,2023-05-08,6255.7044,6202.6787,Validation,0,0,0,0,1,1,1,2023-05-11,-0.0098705460508674,-0.0084763755781042,-0.008476375578104212,-0.0,-0.0098705460508674,-0.0098705460508674,1.6879264979377027,2.0965682488333393,1.1033370121474662
2023-05-08,2023-05-08,2023-05-09,6202.6787,6242.6615,Validation,0,0,0,0,0,1,1,2023-05-11,0.0077423292246128,0.0064460537025721,0.006446053702572119,0.0,0.0077423292246128,0.0077423292246128,1.6879264979377027,2.1043105780579525,1.111079341372079
2023-05-09,2023-05-09,2023-05-10,6242.6615,6167.1346,Validation,0,0,0,0,0,1,1,2023-05-11,-0.0106595530749789,-0.0120985095860154,-0.012098509586015438,-0.0,-0.0106595530749789,-0.0106595530749789,1.6879264979377027,2.0936510249829734,1.1004197882971
2023-05-10,2023-05-10,2023-05-11,6167.1346,6185.6686,Validation,0,0,0,1,0,0,0,,-0.0013210016338304,0.003005285469203,0.0030052854692030895,-0.0,-0.0,-0.0013210016338304,1.6879264979377027,2.0936510249829734,1.0990987866632695
2023-05-11,2023-05-11,2023-05-12,6185.6686,6138.9404,Validation,-1,0,0,0,0,-1,0,,-0.003132425875221,-0.0075542682645494,-0.007554268264549413,0.003132425875221,0.003132425875221,-0.003132425875221,1.6910589238129234,2.0967834508581946,1.0959663607880485
2023-05-12,2023-05-12,2023-05-15,6138.9404,6094.6758,Validation,-1,0,0,0,0,-1,0,,-0.0102078484317327,-0.0072104625742905,-0.007210462574290588,0.0102078484317327,0.0102078484317327,-0.0102078484317327,1.7012667722446562,2.106991299289927,1.0857585123563158
2023-05-15,2023-05-15,2023-05-16,6094.6758,6159.1693,Validation,-1,0,0,0,0,-1,0,,0.0111205404174477,0.0105819410443455,0.01058194104434551,-0.0111205404174477,-0.0111205404174477,0.0111205404174477,1.6901462318272085,2.095870758872479,1.0968790527737635
2023-05-16,2023-05-16,2023-05-17,6159.1693,6097.9771,Validation,-1,0,0,0,0,-1,0,,-0.0078841751311428,-0.0099351384934327,-0.009935138493432749,0.0078841751311428,0.0078841751311428,-0.0078841751311428,1.6980304069583514,2.1037549340036223,1.0889948776426208
2023-05-17,2023-05-17,2023-05-18,6097.9771,6132.5182,Validation,-1,0,0,0,0,-1,0,,0.001836854457885,0.0056643538395708,0.005664353839570868,-0.001836854457885,-0.001836854457885,0.001836854457885,1.6961935525004663,2.101918079545737,1.0908317321005059
2023-05-18,2023-05-18,2023-05-19,6132.5182,6116.8432,Validation,-1,0,0,0,0,-1,0,,0.001000383564216,-0.0025560462258391,-0.002556046225839159,-0.001000383564216,-0.001000383564216,0.001000383564216,1.6951931689362505,2.1009176959815212,1.091832115664722
2023-05-19,2023-05-19,2023-05-22,6116.8432,6111.8445,Validation,-1,1,0,0,0,0,0,,-0.0018101470385266,-0.0008172025727257,-0.0008172025727257726,0.0018101470385266,-0.0,-0.0018101470385266,1.697003315974777,2.1009176959815212,1.0900219686261952
2023-05-22,2023-05-22,2023-05-23,6111.8445,6114.2135,Validation,-1,1,0,0,0,0,0,,-0.0002890593299588,0.0003876080289673,0.0003876080289673123,0.0002890593299588,-0.0,-0.0002890593299588,1.6972923753047358,2.1009176959815212,1.0897329092962365
2023-05-23,2023-05-23,2023-05-24,6114.2135,6032.689,Validation,-1,1,0,0,0,0,0,,-0.0102832640627136,-0.0133336037415113,-0.01333360374151138,0.0102832640627136,-0.0,-0.0102832640627136,1.7075756393674495,2.1009176959815212,1.079449645233523
2023-05-24,2023-05-24,2023-05-25,6032.689,6000.2187,Validation,-1,1,0,0,0,0,0,,-0.0077057317989169,-0.0053823924952869,-0.005382392495286936,0.0077057317989169,-0.0,-0.0077057317989169,1.7152813711663664,2.1009176959815212,1.0717439134346058
2023-05-25,2023-05-25,2023-05-26,6000.2187,5983.1367,Validation,-1,1,0,0,0,0,0,,-0.0029309709779624,-0.0028468962306325,-0.0028468962306325007,0.0029309709779624,-0.0,-0.0029309709779624,1.7182123421443287,2.1009176959815212,1.0688129424566435
2023-05-26,2023-05-26,2023-05-29,5983.1367,6046.5431,Validation,-1,1,0,0,0,0,0,,0.007814533560525,0.0105975181880768,0.01059751818807686,-0.007814533560525,0.0,0.007814533560525,1.7103978085838039,2.1009176959815212,1.0766274760171686
2023-05-29,2023-05-29,2023-05-30,6046.5431,6008.4621,Validation,0,0,0,0,0,0,0,,-0.0016285380337582,-0.0062979787574821,-0.00629797875748217,-0.0,-0.0,-0.0016285380337582,1.7103978085838039,2.1009176959815212,1.0749989379834104
2023-05-30,2023-05-30,2023-05-31,6008.4621,6044.02,Validation,0,0,0,1,0,-1,-1,2023-06-01,0.0060004595400298,0.0059179702573144,0.005917970257314442,0.0,-0.0060004595400298,0.0060004595400298,1.7103978085838039,2.094917236441491,1.0809993975234402
2023-05-31,2023-05-31,2023-06-01,6044.02,6028.8032,Validation,0,0,0,0,0,-1,-1,2023-06-01,-0.0022283635800182,-0.0025176620858302,-0.0025176620858302634,-0.0,0.0022283635800182,-0.0022283635800182,1.7103978085838039,2.097145600021509,1.078771033943422
2023-06-01,2023-06-01,2023-06-02,6028.8032,6061.911,Validation,0,0,0,0,0,-1,-1,2023-06-01,0.0006048809037584,0.0054916040384267,0.005491604038426745,0.0,-0.0006048809037584,0.0006048809037584,1.7103978085838039,2.096540719117751,1.0793759148471804
2023-06-02,2023-06-02,2023-06-05,6061.911,6102.1295,Validation,0,0,0,0,0,0,0,,0.008883442563442,0.0066346239659407,0.0066346239659407225,0.0,0.0,0.008883442563442,1.7103978085838039,2.096540719117751,1.0882593574106223
2023-06-05,2023-06-05,2023-06-06,6102.1295,6088.6625,Validation,0,0,0,0,0,0,0,,-0.001328732220066,-0.0022069344808234,-0.0022069344808234304,-0.0,-0.0,-0.001328732220066,1.7103978085838039,2.096540719117751,1.0869306251905564
2023-06-06,2023-06-06,2023-06-07,6088.6625,5982.3085,Validation,0,0,0,0,0,0,0,,-0.0186458463842656,-0.0174675472651013,-0.017467547265101357,-0.0,-0.0,-0.0186458463842656,1.7103978085838039,2.096540719117751,1.0682847788062908
2023-06-07,2023-06-07,2023-06-08,5982.3085,5971.7247,Validation,0,0,0,0,0,0,0,,0.0006001249920573,-0.001769183250914,-0.0017691832509140193,0.0,0.0,0.0006001249920573,1.7103978085838039,2.096540719117751,1.068884903798348
2023-06-08,2023-06-08,2023-06-09,5971.7247,5968.7001,Validation,0,0,0,1,0,-1,-1,2023-06-12,-0.003484760592556,-0.0005064868445793,-0.0005064868445793236,-0.0,0.003484760592556,-0.003484760592556,1.7103978085838039,2.100025479710307,1.065400143205792
2023-06-09,2023-06-09,2023-06-12,5968.7001,5999.6174,Validation,0,0,0,0,0,-1,-1,2023-06-12,0.0072802253956936,0.0051799050851959,0.005179905085195946,0.0,-0.0072802253956936,0.0072802253956936,1.7103978085838039,2.0927452543146137,1.0726803686014856
2023-06-12,2023-06-12,2023-06-13,5999.6174,6016.6857,Validation,0,0,0,0,0,-1,-1,2023-06-12,0.0030167818976314,0.002844898076334,0.002844898076334035,0.0,-0.0030167818976314,0.0030167818976314,1.7103978085838039,2.089728472416982,1.075697150499117
2023-06-13,2023-06-13,2023-06-14,6016.6857,6046.4375,Validation,0,0,0,0,0,0,0,,0.0027083078054057,0.0049448818641133,0.0049448818641133485,0.0,0.0,0.0027083078054057,1.7103978085838039,2.089728472416982,1.0784054583045228
2023-06-14,2023-06-14,2023-06-15,6046.4375,6049.4683,Validation,0,0,0,0,1,1,1,2023-06-20,6.535366899207418e-06,0.0005012538374871,0.0005012538374871145,0.0,6.535366899207418e-06,6.535366899207418e-06,1.7103978085838039,2.089735007783881,1.078411993671422
2023-06-15,2023-06-15,2023-06-16,6049.4683,6094.8437,Validation,0,0,0,0,0,1,1,2023-06-20,0.008724393069406,0.0075007253116774,0.0075007253116774475,0.0,0.008724393069406,0.008724393069406,1.7103978085838039,2.0984594008532875,1.087136386740828
2023-06-16,2023-06-16,2023-06-19,6094.8437,6148.8548,Validation,0,0,0,0,0,1,1,2023-06-20,0.0083986578221471,0.0088617694986992,0.008861769498699212,0.0,0.0083986578221471,0.0083986578221471,1.7103978085838039,2.106858058675434,1.095535044562975
2023-06-19,2023-06-19,2023-06-20,6148.8548,6122.7448,Validation,0,0,0,0,0,1,1,2023-06-20,-0.0027045488277714,-0.0042463191682456,-0.0042463191682456936,-0.0,-0.0027045488277714,-0.0027045488277714,1.7103978085838039,2.104153509847663,1.0928304957352037
2023-06-20,2023-06-20,2023-06-21,6122.7448,6104.2468,Validation,1,0,0,0,0,1,0,,-0.0008597731321678,-0.0030211940239613,-0.0030211940239613932,-0.0008597731321678,-0.0008597731321678,-0.0008597731321678,1.709538035451636,2.103293736715495,1.091970722603036
2023-06-21,2023-06-21,2023-06-26,6104.2468,5947.57,Validation,1,0,0,0,0,1,0,,-0.0220805253471233,-0.0256668521331739,-0.02566685213317399,-0.0220805253471233,-0.0220805253471233,-0.0220805253471233,1.6874575101045126,2.0812132113683717,1.0698901972559125
2023-06-26,2023-06-26,2023-06-27,5947.57,5897.6948,Validation,1,0,0,0,0,1,0,,-0.0173286224790808,-0.0083858113481639,-0.008385811348163963,-0.0173286224790808,-0.0173286224790808,-0.0173286224790808,1.6701288876254319,2.063884588889291,1.0525615747768318
2023-06-27,2023-06-27,2023-06-28,5897.6948,5945.6446,Validation,1,0,0,0,0,1,0,,0.0103567461256031,0.0081302613353271,0.008130261335327127,0.0103567461256031,0.0103567461256031,0.0103567461256031,1.6804856337510348,2.0742413350148943,1.0629183209024349
2023-06-28,2023-06-28,2023-06-29,5945.6446,5928.709,Validation,1,0,0,0,0,1,0,,-0.0009569094191262,-0.0028484043597223,-0.002848404359722334,-0.0009569094191262,-0.0009569094191262,-0.0009569094191262,1.6795287243319086,2.073284425595768,1.0619614114833087
2023-06-29,2023-06-29,2023-06-30,5928.709,5931.8714,Validation,0,0,0,0,0,0,0,,-0.000291637368302,0.000533404489915,0.0005334044899150125,-0.0,-0.0,-0.000291637368302,1.6795287243319086,2.073284425595768,1.0616697741150067
2023-06-30,2023-06-30,2023-07-03,5931.8714,6009.2697,Validation,0,0,0,0,0,0,0,,0.0097887946328187,0.0130478722111204,0.01304787221112047,0.0,0.0,0.0097887946328187,1.6795287243319086,2.073284425595768,1.0714585687478253
2023-07-03,2023-07-03,2023-07-04,6009.2697,6042.7217,Validation,0,0,0,0,0,0,0,,0.0072653553478401,0.0055667330091708,0.005566733009170877,0.0,0.0,0.0072653553478401,1.6795287243319086,2.073284425595768,1.0787239240956654
2023-07-04,2023-07-04,2023-07-05,6042.7217,6050.3461,Validation,0,0,0,0,0,0,0,,0.0021424745315212,0.0012617493206743,0.0012617493206743546,0.0,0.0,0.0021424745315212,1.6795287243319086,2.073284425595768,1.0808663986271867
2023-07-05,2023-07-05,2023-07-06,6050.3461,6010.6552,Validation,0,0,0,0,0,0,0,,-0.0056870411972722,-0.0065601040575182,-0.006560104057518279,-0.0,-0.0,-0.0056870411972722,1.6795287243319086,2.073284425595768,1.0751793574299144
2023-07-06,2023-07-06,2023-07-07,6010.6552,5973.9756,Validation,0,0,0,0,0,0,0,,-0.0053595180670703,-0.0061024295654158,-0.006102429565415846,-0.0,-0.0,-0.0053595180670703,1.6795287243319086,2.073284425595768,1.0698198393628442
2023-07-07,2023-07-07,2023-07-10,5973.9756,5980.6083,Validation,0,0,0,0,0,0,0,,-0.0044997184211041,0.0011102656663011,0.0011102656663011246,-0.0,-0.0,-0.0044997184211041,1.6795287243319086,2.073284425595768,1.06532012094174
2023-07-10,2023-07-10,2023-07-11,5980.6083,5991.0207,Validation,0,0,0,0,0,0,0,,0.003803622906493,0.001741026911928,0.001741026911928012,0.0,0.0,0.003803622906493,1.6795287243319086,2.073284425595768,1.069123743848233
2023-07-11,2023-07-11,2023-07-12,5991.0207,6030.6447,Validation,0,0,0,1,0,-1,-1,2023-07-13,0.0075114114787449,0.0066138980290955,0.006613898029095511,0.0,-0.0075114114787449,0.0075114114787449,1.6795287243319086,2.065773014117023,1.076635155326978
2023-07-12,2023-07-12,2023-07-13,6030.6447,5986.2518,Validation,0,0,0,0,0,-1,-1,2023-07-13,-0.0110193142681956,-0.0073612196055921,-0.007361219605592106,-0.0,0.0110193142681956,-0.0110193142681956,1.6795287243319086,2.0767923283852188,1.0656158410587824
2023-07-13,2023-07-13,2023-07-14,5986.2518,6052.9495,Validation,0,0,0,0,0,-1,-1,2023-07-13,0.0136285947033754,0.0111418133129648,0.011141813312964821,0.0,-0.0136285947033754,0.0136285947033754,1.6795287243319086,2.0631637336818436,1.0792444357621578
2023-07-14,2023-07-14,2023-07-17,6052.9495,6012.7648,Validation,0,0,0,0,0,0,0,,-0.0022401339179669,-0.006638862590874,-0.006638862590874095,-0.0,-0.0,-0.0022401339179669,1.6795287243319086,2.0631637336818436,1.0770043018441908
2023-07-17,2023-07-17,2023-07-18,6012.7648,6015.9819,Validation,0,0,0,0,0,0,0,,-0.002956511801273,0.0005350450428394,0.0005350450428394105,-0.0,-0.0,-0.002956511801273,1.6795287243319086,2.0631637336818436,1.074047790042918
2023-07-18,2023-07-18,2023-07-19,6015.9819,5998.3813,Validation,0,0,0,0,0,0,0,,-0.0018111196329031,-0.0029256404511456,-0.002925640451145628,-0.0,-0.0,-0.0018111196329031,1.6795287243319086,2.0631637336818436,1.0722366704100148
2023-07-19,2023-07-19,2023-07-20,5998.3813,5996.838,Validation,0,0,0,0,0,0,0,,-0.0013974474790046,-0.0002572860781624,-0.0002572860781624442,-0.0,-0.0,-0.0013974474790046,1.6795287243319086,2.0631637336818436,1.0708392229310102
2023-07-20,2023-07-20,2023-07-21,5996.838,5914.3541,Validation,0,0,0,0,0,0,0,,-0.011333826741713,-0.0137545653225916,-0.013754565322591672,-0.0,-0.0,-0.011333826741713,1.6795287243319086,2.0631637336818436,1.059505396189297
2023-07-21,2023-07-21,2023-07-24,5914.3541,5913.5709,Validation,0,0,0,0,0,0,0,,2.382927586186412e-05,-0.0001324235895852,-0.00013242358958520661,0.0,0.0,2.382927586186412e-05,1.6795287243319086,2.0631637336818436,1.059529225465159
2023-07-24,2023-07-24,2023-07-25,5913.5709,5976.9683,Validation,0,0,0,0,0,0,0,,-0.0015038749917624,0.0107206628739331,0.01072066287393314,-0.0,-0.0,-0.0015038749917624,1.6795287243319086,2.0631637336818436,1.0580253504733967
2023-07-25,2023-07-25,2023-07-26,5976.9683,6014.7614,Validation,0,0,0,0,0,0,0,,0.0168872617995856,0.0063231220416544,0.0063231220416544165,0.0,0.0,0.0168872617995856,1.6795287243319086,2.0631637336818436,1.0749126122729822
2023-07-26,2023-07-26,2023-07-27,6014.7614,5998.8485,Validation,0,0,0,0,0,0,0,,-0.0025082142312461,-0.002645641105564,-0.0026456411055640894,-0.0,-0.0,-0.0025082142312461,1.6795287243319086,2.0631637336818436,1.0724043980417362
2023-07-27,2023-07-27,2023-07-28,5998.8485,5945.9139,Validation,0,0,0,0,0,0,0,,-0.0067242572165059,-0.0088241268303409,-0.00882412683034095,-0.0,-0.0,-0.0067242572165059,1.6795287243319086,2.0631637336818436,1.0656801408252303
2023-07-28,2023-07-28,2023-07-31,5945.9139,6059.1096,Validation,0,0,0,0,0,0,0,,0.0137656371402574,0.0190375612401654,0.019037561240165424,0.0,0.0,0.0137656371402574,1.6795287243319086,2.0631637336818436,1.0794457779654876
2023-07-31,2023-07-31,2023-08-01,6059.1096,6086.8982,Validation,0,0,0,0,0,0,0,,0.0074462162191768,0.0045862514188552,0.0045862514188552694,0.0,0.0,0.0074462162191768,1.6795287243319086,2.0631637336818436,1.0868919941846644
2023-08-01,2023-08-01,2023-08-02,6086.8982,6088.1355,Validation,0,0,0,0,0,0,0,,0.0017469407553716,0.0002032726619283,0.00020327266192832205,0.0,0.0,0.0017469407553716,1.6795287243319086,2.0631637336818436,1.088638934940036
2023-08-02,2023-08-02,2023-08-03,6088.1355,6062.6427,Validation,0,0,0,0,0,0,0,,-0.003511202690055,-0.0041872918235804,-0.0041872918235804635,-0.0,-0.0,-0.003511202690055,1.6795287243319086,2.0631637336818436,1.085127732249981
2023-08-03,2023-08-03,2023-08-04,6062.6427,6126.1504,Validation,0,0,0,0,0,0,0,,0.0034919660986914,0.0104752503392622,0.010475250339262221,0.0,0.0,0.0034919660986914,1.6795287243319086,2.0631637336818436,1.0886196983486724
2023-08-04,2023-08-04,2023-08-07,6126.1504,6115.8362,Validation,0,0,0,0,0,0,0,,0.004897644522424,-0.001683634799433,-0.0016836347994330092,0.0,0.0,0.004897644522424,1.6795287243319086,2.0631637336818436,1.0935173428710965
2023-08-07,2023-08-07,2023-08-08,6115.8362,6077.3032,Validation,0,0,0,0,0,0,0,,-0.0061719759108017,-0.00630052845431,-0.0063005284543100615,-0.0,-0.0,-0.0061719759108017,1.6795287243319086,2.0631637336818436,1.0873453669602948
2023-08-08,2023-08-08,2023-08-09,6077.3032,6049.449,Validation,0,0,0,0,0,0,0,,-0.0040436527591016,-0.0045833158365375,-0.004583315836537594,-0.0,-0.0,-0.0040436527591016,1.6795287243319086,2.0631637336818436,1.0833017142011931
2023-08-09,2023-08-09,2023-08-10,6049.449,6013.3501,Validation,0,0,0,0,0,0,0,,-0.0073113344831875,-0.0059673037990732,-0.005967303799073287,-0.0,-0.0,-0.0073113344831875,1.6795287243319086,2.0631637336818436,1.0759903797180057
2023-08-10,2023-08-10,2023-08-11,6013.3501,6030.0453,Validation,0,0,0,0,0,0,0,,0.0016539874633798,0.0027763558951938,0.0027763558951938716,0.0,0.0,0.0016539874633798,1.6795287243319086,2.0631637336818436,1.0776443671813856
2023-08-11,2023-08-11,2023-08-14,6030.0453,5864.4821,Validation,0,0,0,0,0,0,0,,-0.0196230074371109,-0.0274563774835986,-0.027456377483598637,-0.0,-0.0,-0.0196230074371109,1.6795287243319086,2.0631637336818436,1.0580213597442745
2023-08-14,2023-08-14,2023-08-15,5864.4821,5919.7688,Validation,0,0,0,0,0,0,0,,0.0005838822128274,0.0094273797851645,0.009427379785164502,0.0,0.0,0.0005838822128274,1.6795287243319086,2.0631637336818436,1.058605241957102
2023-08-15,2023-08-15,2023-08-16,5919.7688,5858.5966,Validation,-1,0,0,0,0,-1,0,,-0.0062575516923167,-0.0103335454587347,-0.010333545458734772,0.0062575516923167,0.0062575516923167,-0.0062575516923167,1.6857862760242255,2.06942128537416,1.0523476902647853
2023-08-16,2023-08-16,2023-08-17,5858.5966,5808.9095,Validation,-1,0,0,0,0,-1,0,,-0.007919125248636,-0.0084810584159353,-0.008481058415935383,0.007919125248636,0.007919125248636,-0.007919125248636,1.6937054012728614,2.0773404106227957,1.0444285650161493
2023-08-17,2023-08-17,2023-08-18,5808.9095,5875.1097,Validation,-1,0,0,0,0,-1,0,,0.0070536396263773,0.0113963214610246,0.01139632146102465,-0.0070536396263773,-0.0070536396263773,0.0070536396263773,1.686651761646484,2.0702867709964186,1.0514822046425265
2023-08-18,2023-08-18,2023-08-21,5875.1097,5764.6679,Validation,-1,0,0,0,0,-1,0,,-0.016438162660384,-0.018798253247935,-0.01879825324793505,0.016438162660384,0.016438162660384,-0.016438162660384,1.7030899243068682,2.086724933656803,1.0350440419821425
2023-08-21,2023-08-21,2023-08-22,5764.6679,5733.2548,Validation,-1,0,0,0,0,-1,0,,-0.0115993860082178,-0.0054492471283559,-0.005449247128355927,0.0115993860082178,0.0115993860082178,-0.0115993860082178,1.714689310315086,2.0983243196650205,1.0234446559739248
2023-08-22,2023-08-22,2023-08-23,5733.2548,5732.3943,Validation,-1,1,0,0,0,0,0,,0.0053026572577681,-0.0001500892651761,-0.0001500892651761232,-0.0053026572577681,0.0,0.0053026572577681,1.7093866530573179,2.0983243196650205,1.0287473132316929
2023-08-23,2023-08-23,2023-08-24,5732.3943,5650.3593,Validation,0,0,0,0,0,0,0,,-0.0194320714886723,-0.0143107741210334,-0.014310774121033432,-0.0,-0.0,-0.0194320714886723,1.7093866530573179,2.0983243196650205,1.0093152417430207
2023-08-24,2023-08-24,2023-08-25,5650.3593,5624.7697,Validation,0,0,0,0,0,0,0,,0.0041163514364748,-0.0045288447408999,-0.004528844740899984,0.0,0.0,0.0041163514364748,1.7093866530573179,2.0983243196650205,1.0134315931794953
2023-08-25,2023-08-25,2023-08-28,5624.7697,5885.8843,Validation,0,0,0,0,0,0,0,,-0.012642037008722,0.04642227396439,0.046422273964390026,-0.0,-0.0,-0.012642037008722,1.7093866530573179,2.0983243196650205,1.0007895561707734
2023-08-28,2023-08-28,2023-08-29,5885.8843,5631.006,Validation,0,0,0,0,0,0,0,,0.0112751324461521,-0.043303314677796,-0.04330331467779602,0.0,0.0,0.0112751324461521,1.7093866530573179,2.0983243196650205,1.0120646886169256
2023-08-29,2023-08-29,2023-08-30,5631.006,5780.2848,Validation,0,0,0,0,0,0,0,,0.0223550423665037,0.0265101475651063,0.02651014756510639,0.0,0.0,0.0223550423665037,1.7093866530573179,2.0983243196650205,1.034419730983429
2023-08-30,2023-08-30,2023-08-31,5780.2848,5770.9531,Validation,0,0,0,0,0,0,0,,0.0008384116951665,-0.0016144014218816,-0.0016144014218816283,0.0,0.0,0.0008384116951665,1.7093866530573179,2.0983243196650205,1.0352581426785956
2023-08-31,2023-08-31,2023-09-01,5770.9531,5746.4128,Validation,0,0,0,0,0,0,0,,-0.0061911775365135,-0.0042523825050665,-0.004252382505066543,-0.0,-0.0,-0.0061911775365135,1.7093866530573179,2.0983243196650205,1.029066965142082
2023-09-01,2023-09-01,2023-09-04,5746.4128,5772.0266,Validation,0,0,0,0,0,0,0,,0.0019870201030129,0.0044573546822115,0.004457354682211534,0.0,0.0,0.0019870201030129,1.7093866530573179,2.0983243196650205,1.031053985245095
2023-09-04,2023-09-04,2023-09-05,5772.0266,5819.9667,Validation,0,0,0,1,0,-1,-1,2023-09-06,0.0137339609999138,0.0083055923546853,0.00830559235468531,0.0,-0.0137339609999138,0.0137339609999138,1.7093866530573179,2.0845903586651064,1.044787946245009
2023-09-05,2023-09-05,2023-09-06,5819.9667,5771.849,Validation,0,0,0,0,1,0,0,,-0.0070447035430472,-0.0082676933529532,-0.008267693352953298,-0.0,-0.0,-0.0070447035430472,1.7093866530573179,2.0845903586651064,1.0377432427019617
2023-09-06,2023-09-06,2023-09-07,5771.849,5782.0706,Validation,0,0,0,0,0,0,0,,0.0002877495314201,0.0017709403000667,0.0017709403000667479,0.0,0.0,0.0002877495314201,1.7093866530573179,2.0845903586651064,1.0380309922333817
2023-09-07,2023-09-07,2023-09-08,5782.0706,5684.6558,Validation,0,0,0,0,0,0,0,,-0.0151423206965014,-0.0168477361725745,-0.016847736172574512,-0.0,-0.0,-0.0151423206965014,1.7093866530573179,2.0845903586651064,1.0228886715368803
2023-09-08,2023-09-08,2023-09-11,5684.6558,5723.0181,Validation,0,0,0,0,0,0,0,,0.0010384377872323,0.0067483945114144,0.006748394511414402,0.0,0.0,0.0010384377872323,1.7093866530573179,2.0845903586651064,1.0239271093241127
2023-09-11,2023-09-11,2023-09-12,5723.0181,5774.4661,Validation,0,0,0,1,0,-1,-1,2023-09-13,0.0115803414368231,0.0089896622902518,0.008989662290251887,0.0,-0.0115803414368231,0.0115803414368231,1.7093866530573179,2.0730100172282833,1.0355074507609359
2023-09-12,2023-09-12,2023-09-13,5774.4661,5764.8241,Validation,0,0,0,0,0,-1,-1,2023-09-13,-0.0006588359404823,-0.0016697647597238,-0.001669764759723802,-0.0,0.0006588359404823,-0.0006588359404823,1.7093866530573179,2.0736688531687655,1.0348486148204534
2023-09-13,2023-09-13,2023-09-14,5764.8241,5714.6748,Validation,0,0,0,0,0,-1,-1,2023-09-13,-0.0096221301333986,-0.0086991899718154,-0.008699189971815402,-0.0,0.0096221301333986,-0.0096221301333986,1.7093866530573179,2.083290983302164,1.025226484687055
2023-09-14,2023-09-14,2023-09-15,5714.6748,5716.2937,Validation,0,0,0,0,0,0,0,,-0.0023262249852691,0.0002832882109058,0.000283288210905841,-0.0,-0.0,-0.0023262249852691,1.7093866530573179,2.083290983302164,1.0229002597017858
2023-09-15,2023-09-15,2023-09-18,5716.2937,5685.8527,Validation,0,0,0,0,0,0,0,,0.0004491676928963,-0.0053253037015924,-0.005325303701592454,0.0,0.0,0.0004491676928963,1.7093866530573179,2.083290983302164,1.0233494273946822
2023-09-18,2023-09-18,2023-09-19,5685.8527,5713.4945,Validation,0,0,0,0,0,0,0,,0.0026338978259048,0.0048615047660307,0.004861504766030755,0.0,0.0,0.0026338978259048,1.7093866530573179,2.083290983302164,1.0259833252205868
2023-09-19,2023-09-19,2023-09-20,5713.4945,5677.9249,Validation,0,0,0,0,0,0,0,,-0.0055576451214904,-0.0062255420041097,-0.006225542004109741,-0.0,-0.0,-0.0055576451214904,1.7093866530573179,2.083290983302164,1.0204256800990965
2023-09-20,2023-09-20,2023-09-21,5677.9249,5638.4406,Validation,0,0,0,0,0,0,0,,-0.0064864880640409,-0.0069540018044268,-0.006954001804426846,-0.0,-0.0,-0.0064864880640409,1.7093866530573179,2.083290983302164,1.0139391920350556
2023-09-21,2023-09-21,2023-09-22,5638.4406,5606.8347,Validation,0,0,0,0,0,0,0,,-0.0069169274668288,-0.0056054328212661,-0.005605432821266132,-0.0,-0.0,-0.0069169274668288,1.7093866530573179,2.083290983302164,1.0070222645682267
2023-09-22,2023-09-22,2023-09-25,5606.8347,5694.9025,Validation,0,0,0,0,0,0,0,,0.015484579551813,0.0157072224726011,0.015707222472601146,0.0,0.0,0.015484579551813,1.7093866530573179,2.083290983302164,1.0225068441200398
2023-09-25,2023-09-25,2023-09-26,5694.9025,5661.0321,Validation,0,0,0,0,0,0,0,,-0.005641978173434,-0.0059474942722899,-0.0059474942722899105,-0.0,-0.0,-0.005641978173434,1.7093866530573179,2.083290983302164,1.0168648659466057
2023-09-26,2023-09-26,2023-09-27,5661.0321,5642.3852,Validation,0,0,0,0,0,0,0,,-0.0035311427135562,-0.0032939046574211,-0.003293904657421187,-0.0,-0.0,-0.0035311427135562,1.7093866530573179,2.083290983302164,1.0133337232330495
2023-09-27,2023-09-27,2023-09-28,5642.3852,5687.6411,Validation,0,0,0,0,0,0,0,,0.0049039126602115,0.008020703726502,0.008020703726502099,0.0,0.0,0.0049039126602115,1.7093866530573179,2.083290983302164,1.018237635893261
2023-09-28,2023-09-28,2023-10-09,5687.6411,5679.6412,Validation,0,0,0,0,1,1,1,2023-10-12,0.0028945366752544,-0.0014065409295955,-0.0014065409295955789,0.0,0.0028945366752544,0.0028945366752544,1.7093866530573179,2.0861855199774184,1.0211321725685154
2023-10-09,2023-10-09,2023-10-10,5679.6412,5665.6622,Validation,0,0,0,0,0,1,1,2023-10-12,-0.0057437748710863,-0.0024612470238437,-0.00246124702384376,-0.0,-0.0057437748710863,-0.0057437748710863,1.7093866530573179,2.080441745106332,1.0153883976974292
2023-10-10,2023-10-10,2023-10-11,5665.6622,5639.0722,Validation,0,0,0,1,0,0,0,,-0.0048977363924235,-0.0046931848496015,-0.004693184849601573,-0.0,-0.0,-0.0048977363924235,1.7093866530573179,2.080441745106332,1.0104906613050058
2023-10-11,2023-10-11,2023-10-12,5639.0722,5655.6129,Validation,0,0,0,0,0,0,0,,-0.0001035100455363,0.002933230753811,0.0029332307538110225,-0.0,-0.0,-0.0001035100455363,1.7093866530573179,2.080441745106332,1.0103871512594693
2023-10-12,2023-10-12,2023-10-13,5655.6129,5645.4366,Validation,0,0,0,0,0,0,0,,0.0074342578334112,-0.0017993275317693,-0.001799327531769368,0.0,0.0,0.0074342578334112,1.7093866530573179,2.080441745106332,1.0178214090928805
2023-10-13,2023-10-13,2023-10-16,5645.4366,5633.3012,Validation,0,0,0,0,0,0,0,,-0.0067456303967285,-0.0021495945946855,-0.0021495945946855555,-0.0,-0.0,-0.0067456303967285,1.7093866530573179,2.080441745106332,1.0110757786961522
2023-10-16,2023-10-16,2023-10-17,5633.3012,5585.1448,Validation,0,0,0,0,0,0,0,,-0.0093578759094158,-0.0085485221347653,-0.008548522134765313,-0.0,-0.0,-0.0093578759094158,1.7093866530573179,2.080441745106332,1.0017179027867362
2023-10-17,2023-10-17,2023-10-18,5585.1448,5586.0206,Validation,0,0,0,0,0,0,0,,0.0026297396085264,0.000156808826156,0.00015680882615609626,0.0,0.0,0.0026297396085264,1.7093866530573179,2.080441745106332,1.0043476423952626
2023-10-18,2023-10-18,2023-10-19,5586.0206,5496.7574,Validation,0,0,0,0,0,0,0,,-0.0126432836825729,-0.0159797477295374,-0.015979747729537475,-0.0,-0.0,-0.0126432836825729,1.7093866530573179,2.080441745106332,0.9917043587126898
2023-10-19,2023-10-19,2023-10-20,5496.7574,5443.4557,Validation,0,0,0,1,0,-1,-1,2023-10-23,-0.0109640178758319,-0.0096969351421621,-0.009696935142162189,-0.0,0.0109640178758319,-0.0109640178758319,1.7093866530573179,2.091405762982164,0.9807403408368579
2023-10-20,2023-10-20,2023-10-23,5443.4557,5400.5436,Validation,0,0,0,0,0,-1,-1,2023-10-23,-0.0073850659961965,-0.0078832459314402,-0.007883245931440297,-0.0,0.0073850659961965,-0.0073850659961965,1.7093866530573179,2.098790828978361,0.9733552748406613
2023-10-23,2023-10-23,2023-10-24,5400.5436,5311.6694,Validation,0,0,0,0,0,-1,-1,2023-10-23,-0.0245848995223679,-0.01645652856131,-0.01645652856131008,-0.0,0.0245848995223679,-0.0245848995223679,1.7093866530573179,2.1233757285007284,0.9487703753182934
2023-10-24,2023-10-24,2023-10-25,5311.6694,5386.4255,Validation,0,0,0,0,0,0,0,,0.0116586205147752,0.0140739369057871,0.014073936905787177,0.0,0.0,0.0116586205147752,1.7093866530573179,2.1233757285007284,0.9604289958330686
2023-10-25,2023-10-25,2023-10-26,5386.4255,5351.1628,Validation,0,0,0,0,0,0,0,,0.004481678788369,-0.0065465864143113,-0.006546586414311384,0.0,0.0,0.004481678788369,1.7093866530573179,2.1233757285007284,0.9649106746214376
2023-10-26,2023-10-26,2023-10-27,5351.1628,5387.2742,Validation,0,0,0,0,0,0,0,,0.0042663145931425,0.0067483276718847,0.006748327671884713,0.0,0.0,0.0042663145931425,1.7093866530573179,2.1233757285007284,0.9691769892145802
2023-10-27,2023-10-27,2023-10-30,5387.2742,5484.624,Validation,0,0,0,0,1,1,1,2023-11-02,0.0172429223991255,0.018070325805952,0.018070325805952026,0.0,0.0172429223991255,0.0172429223991255,1.7093866530573179,2.140618650899854,0.9864199116137057
2023-10-30,2023-10-30,2023-10-31,5484.624,5547.3243,Validation,0,0,0,0,0,1,1,2023-11-02,0.0098981115789771,0.0114320143003423,0.011432014300342352,0.0,0.0098981115789771,0.0098981115789771,1.7093866530573179,2.150516762478831,0.9963180231926828
2023-10-31,2023-10-31,2023-11-01,5547.3243,5534.8883,Validation,0,0,0,0,0,1,1,2023-11-02,-0.0032723278055496,-0.0022418015114062,-0.002241801511406294,-0.0,-0.0032723278055496,-0.0032723278055496,1.7093866530573179,2.1472444346732815,0.9930456953871332
2023-11-01,2023-11-01,2023-11-02,5534.8883,5514.5172,Validation,0,0,0,0,0,1,1,2023-11-02,-0.003305266225399,-0.0036804898122333,-0.003680489812233345,-0.0,-0.003305266225399,-0.003305266225399,1.7093866530573179,2.143939168447883,0.9897404291617342
2023-11-02,2023-11-02,2023-11-03,5514.5172,5462.144,Validation,0,0,0,0,0,1,1,2023-11-02,-0.0091678420822255,-0.0094973318788451,-0.009497331878845161,-0.0,-0.0091678420822255,-0.0091678420822255,1.7093866530573179,2.134771326365657,0.9805725870795087
2023-11-03,2023-11-03,2023-11-06,5462.144,5549.2909,Validation,0,0,0,0,0,0,0,,0.0093242513712503,0.0159547056979822,0.015954705697982297,0.0,0.0,0.0093242513712503,1.7093866530573179,2.134771326365657,0.9898968384507589
2023-11-06,2023-11-06,2023-11-07,5549.2909,5594.4667,Validation,0,0,0,0,0,0,0,,0.0171867448878539,0.0081408239023836,0.008140823902383687,0.0,0.0,0.0171867448878539,1.7093866530573179,2.134771326365657,1.007083583338613
2023-11-07,2023-11-07,2023-11-08,5594.4667,5602.9707,Validation,0,0,0,0,0,0,0,,0.0010769193797155,0.0015200733968083,0.0015200733968083746,0.0,0.0,0.0010769193797155,1.7093866530573179,2.134771326365657,1.0081605027183285
2023-11-08,2023-11-08,2023-11-09,5602.9707,5602.49,Validation,1,0,0,0,0,1,0,,-0.0005490903625764,-8.579377364936747e-05,-8.579377364936747e-05,-0.0005490903625764,-0.0005490903625764,-0.0005490903625764,1.7088375626947414,2.1342222360030805,1.007611412355752
2023-11-09,2023-11-09,2023-11-10,5602.49,5577.3371,Validation,1,0,0,0,0,1,0,,-0.0028460147581926,-0.0044895930202463,-0.004489593020246319,-0.0028460147581926,-0.0028460147581926,-0.0028460147581926,1.7059915479365486,2.131376221244888,1.0047653975975595
2023-11-10,2023-11-10,2023-11-13,5577.3371,5589.0595,Validation,1,0,0,0,0,1,0,,-0.0033899691433749,0.0021017915521011,0.0021017915521011066,-0.0033899691433749,-0.0033899691433749,-0.0033899691433749,1.7026015787931739,2.127986252101513,1.0013754284541845
2023-11-13,2023-11-13,2023-11-14,5589.0595,5602.9829,Validation,1,0,0,0,0,1,0,,0.0058260035855448,0.0024911883654128,0.002491188365412844,0.0058260035855448,0.0058260035855448,0.0058260035855448,1.7084275823787185,2.133812255687058,1.0072014320397293
2023-11-14,2023-11-14,2023-11-15,5602.9829,5677.5503,Validation,1,0,0,0,0,1,0,,0.0044571034432758,0.013308518218037,0.013308518218037024,0.0044571034432758,0.0044571034432758,0.0044571034432758,1.7128846858219944,2.1382693591303337,1.011658535483005
2023-11-15,2023-11-15,2023-11-16,5677.5503,5647.0613,Validation,1,0,0,0,0,1,0,,0.0060497783397277,-0.0053700977338764,-0.005370097733876422,0.0060497783397277,0.0060497783397277,0.0060497783397277,1.7189344641617221,2.1443191374700614,1.0177083138227327
2023-11-16,2023-11-16,2023-11-17,5647.0613,5598.953,Validation,1,0,0,0,0,1,0,,-0.0097546400754013,-0.008519174388987,-0.008519174388987083,-0.0097546400754013,-0.0097546400754013,-0.0097546400754013,1.7091798240863207,2.1345644973946603,1.0079536737473314
2023-11-17,2023-11-17,2023-11-20,5598.953,5635.5867,Validation,1,0,0,0,0,1,0,,0.0039331754864686,0.0065429554418476,0.0065429554418476865,0.0039331754864686,0.0039331754864686,0.0039331754864686,1.7131129995727896,2.1384976728811287,1.0118868492338
2023-11-20,2023-11-20,2023-11-21,5635.5867,5669.1651,Validation,0,0,0,0,0,0,0,,0.0050341447427686,0.0059582793748875,0.005958279374887576,0.0,0.0,0.0050341447427686,1.7131129995727896,2.1384976728811287,1.0169209939765687
2023-11-21,2023-11-21,2023-11-22,5669.1651,5622.8615,Validation,0,0,0,0,0,0,0,,-0.003301952391127,-0.0081676224246847,-0.008167622424684717,-0.0,-0.0,-0.003301952391127,1.7131129995727896,2.1384976728811287,1.0136190415854416
2023-11-22,2023-11-22,2023-11-23,5622.8615,5566.7332,Validation,1,0,0,0,0,1,0,,-0.0120873568209685,-0.0099821594396376,-0.00998215943963765,-0.0120873568209685,-0.0120873568209685,-0.0120873568209685,1.701025642751821,2.12641031606016,1.001531684764473
2023-11-23,2023-11-23,2023-11-24,5566.7332,5619.3187,Validation,1,0,0,0,0,1,0,,0.0089882310078277,0.0094463841019001,0.00944638410190013,0.0089882310078277,0.0089882310078277,0.0089882310078277,1.7100138737596486,2.135398547067988,1.0105199157723008
2023-11-24,2023-11-24,2023-11-27,5619.3187,5562.7486,Validation,1,0,0,0,0,1,0,,-0.0093488710479626,-0.0100670745013982,-0.01006707450139821,-0.0093488710479626,-0.0093488710479626,-0.0093488710479626,1.7006650027116863,2.126049676020026,1.0011710447243383
2023-11-27,2023-11-27,2023-11-28,5562.7486,5561.5765,Validation,1,0,0,0,0,1,0,,-0.0007025681454388,-0.0002107051898767,-0.00021070518987675868,-0.0007025681454388,-0.0007025681454388,-0.0007025681454388,1.6999624345662474,2.1253471078745867,1.0004684765788994
2023-11-28,2023-11-28,2023-11-29,5561.5765,5588.7739,Validation,1,0,0,0,0,1,0,,0.0044890988997066,0.0048902321131427,0.004890232113142767,0.0044890988997066,0.0044890988997066,0.0044890988997066,1.704451533465954,2.1298362067742933,1.004957575478606
2023-11-29,2023-11-29,2023-11-30,5588.7739,5548.524,Validation,0,0,0,1,0,-1,-1,2023-12-01,-0.0068247573480118,-0.0072019195480425,-0.007201919548042501,-0.0,0.0068247573480118,-0.0068247573480118,1.704451533465954,2.136660964122305,0.9981328181305943
2023-11-30,2023-11-30,2023-12-01,5548.524,5541.226,Validation,0,0,0,0,0,-1,-1,2023-12-01,-0.0014918063018313,-0.0013153047549223,-0.001315304754922364,-0.0,0.0014918063018313,-0.0014918063018313,1.704451533465954,2.1381527704241363,0.996641011828763
2023-12-01,2023-12-01,2023-12-04,5541.226,5578.4205,Validation,0,0,0,0,0,-1,-1,2023-12-01,0.0039347703674614,0.0067123232295525,0.006712323229552508,0.0,-0.0039347703674614,0.0039347703674614,1.704451533465954,2.134218000056675,1.0005757821962245
2023-12-04,2023-12-04,2023-12-05,5578.4205,5542.8669,Validation,0,0,0,0,0,0,0,,-0.0014012724459885,-0.0063734169914225,-0.006373416991422576,-0.0,-0.0,-0.0014012724459885,1.704451533465954,2.134218000056675,0.9991745097502358
2023-12-05,2023-12-05,2023-12-06,5542.8669,5448.4575,Validation,0,0,0,0,0,0,0,,-0.0177474707002154,-0.0170325937287073,-0.017032593728707357,-0.0,-0.0,-0.0177474707002154,1.704451533465954,2.134218000056675,0.9814270390500205
2023-12-06,2023-12-06,2023-12-07,5448.4575,5475.2678,Validation,0,0,0,0,0,0,0,,0.0039219041621938,0.0049207137983546,0.004920713798354681,0.0,0.0,0.0039219041621938,1.704451533465954,2.134218000056675,0.9853489432122142
2023-12-07,2023-12-07,2023-12-08,5475.2678,5484.6829,Validation,0,0,0,0,0,0,0,,-0.0001255968816217,0.0017195688583488,0.0017195688583488966,-0.0,-0.0,-0.0001255968816217,1.704451533465954,2.134218000056675,0.9852233463305926
2023-12-08,2023-12-08,2023-12-11,5484.6829,5473.6514,Validation,0,0,0,0,0,0,0,,0.003074946787942,-0.0020113286768137,-0.0020113286768137506,0.0,0.0,0.003074946787942,1.704451533465954,2.134218000056675,0.9882982931185346
2023-12-11,2023-12-11,2023-12-12,5473.6514,5560.4355,Validation,0,0,0,0,1,1,1,2023-12-15,0.0121615542495467,0.0158548825378246,0.015854882537824633,0.0,0.0121615542495467,0.0121615542495467,1.704451533465954,2.146379554306222,1.0004598473680812
2023-12-12,2023-12-12,2023-12-13,5560.4355,5557.0463,Validation,0,0,0,0,0,1,1,2023-12-15,0.0002379217940999,-0.0006095206031973,-0.0006095206031973,0.0,0.0002379217940999,0.0002379217940999,1.704451533465954,2.146617476100322,1.0006977691621812
2023-12-13,2023-12-13,2023-12-14,5557.0463,5532.9861,Validation,0,0,0,0,0,1,1,2023-12-15,-0.010539548341413,-0.0043296742012028,-0.004329674201202893,-0.0,-0.010539548341413,-0.010539548341413,1.704451533465954,2.1360779277589086,0.9901582208207682
2023-12-14,2023-12-14,2023-12-15,5532.9861,5499.3692,Validation,0,0,0,0,0,1,1,2023-12-15,-0.003302053151833,-0.0060757246435156,-0.00607572464351569,-0.0,-0.003302053151833,-0.003302053151833,1.704451533465954,2.1327758746070753,0.9868561676689351
2023-12-15,2023-12-15,2023-12-18,5499.3692,5436.9888,Validation,0,0,0,0,0,1,1,2023-12-15,-0.0072031238366627,-0.0113431918700784,-0.011343191870078484,-0.0,-0.0072031238366627,-0.0072031238366627,1.704451533465954,2.125572750770413,0.9796530438322725
2023-12-18,2023-12-18,2023-12-19,5436.9888,5380.7346,Validation,0,0,0,0,0,0,0,,-0.011838298836813,-0.0103465727205471,-0.010346572720547176,-0.0,-0.0,-0.011838298836813,1.704451533465954,2.125572750770413,0.9678147449954595
2023-12-19,2023-12-19,2023-12-20,5380.7346,5385.9956,Validation,0,0,0,0,0,0,0,,-0.0010021224190385,0.0009777475365539,0.0009777475365539967,-0.0,-0.0,-0.0010021224190385,1.704451533465954,2.125572750770413,0.966812622576421
2023-12-20,2023-12-20,2023-12-21,5385.9956,5286.4531,Validation,-1,0,0,0,0,-1,0,,-0.013120568727127,-0.0184817269438543,-0.018481726943854304,0.013120568727127,0.013120568727127,-0.013120568727127,1.717572102193081,2.1386933194975395,0.953692053849294
2023-12-21,2023-12-21,2023-12-22,5286.4531,5337.3807,Validation,-1,0,0,0,0,-1,0,,0.0055516875949337,0.0096336048077301,0.009633604807730123,-0.0055516875949337,-0.0055516875949337,0.0055516875949337,1.7120204145981472,2.133141631902606,0.9592437414442276
2023-12-22,2023-12-22,2023-12-25,5337.3807,5301.5735,Validation,-1,0,0,0,0,-1,0,,-0.0050708010583726,-0.0067087588486988,-0.006708758848698815,0.0050708010583726,0.0050708010583726,-0.0050708010583726,1.71709121565652,2.1382124329609784,0.9541729403858551
2023-12-25,2023-12-25,2023-12-26,5301.5735,5312.7999,Validation,-1,0,0,0,0,-1,0,,0.0006936398512096,0.0021175600036478,0.0021175600036478226,-0.0006936398512096,-0.0006936398512096,0.0006936398512096,1.7163975758053103,2.137518793109769,0.9548665802370646
2023-12-26,2023-12-26,2023-12-27,5312.7999,5261.5699,Validation,-1,0,0,0,0,-1,0,,-0.0107406352884329,-0.0096427497674059,-0.009642749767405978,0.0107406352884329,0.0107406352884329,-0.0107406352884329,1.7271382110937432,2.1482594283982017,0.9441259449486318
2023-12-27,2023-12-27,2023-12-28,5261.5699,5280.6904,Validation,-1,0,0,0,0,-1,0,,0.0051815382131976,0.0036339914442644,0.0036339914442644616,-0.0051815382131976,-0.0051815382131976,0.0051815382131976,1.7219566728805455,2.1430778901850043,0.9493074831618293
2023-12-28,2023-12-28,2023-12-29,5280.6904,5376.9768,Validation,0,0,0,0,0,0,0,,0.0184024115197072,0.0182336764147355,0.0182336764147355,0.0,0.0,0.0184024115197072,1.7219566728805455,2.1430778901850043,0.9677098946815366
2023-12-29,2023-12-29,2024-01-02,5376.9768,5431.4784,Validation,0,0,0,0,0,0,0,,0.0086260365104637,0.0101361047345414,0.010136104734541407,0.0,0.0,0.0086260365104637,1.7219566728805455,2.1430778901850043,0.9763359311920002
2024-01-02,2024-01-02,2024-01-03,5431.4784,5398.2939,Validation,0,0,0,0,0,0,0,,-0.0036420273907041,-0.0061096625184038,-0.0061096625184038356,-0.0,-0.0,-0.0036420273907041,1.7219566728805455,2.1430778901850043,0.9726939038012962
2024-01-03,2024-01-03,2024-01-04,5398.2939,5395.1428,Validation,0,0,0,0,0,0,0,,-0.0014900575758511,-0.0005837214605896,-0.0005837214605896035,-0.0,-0.0,-0.0014900575758511,1.7219566728805455,2.1430778901850043,0.9712038462254451
2024-01-04,2024-01-04,2024-01-05,5395.1428,5347.0727,Validation,0,0,0,0,1,1,1,2024-01-10,-0.0085299075516602,-0.0089098846466121,-0.008909884646612132,-0.0,-0.0085299075516602,-0.0085299075516602,1.7219566728805455,2.134547982633344,0.9626739386737848
2024-01-05,2024-01-05,2024-01-08,5347.0727,5268.2339,Validation,0,0,0,0,0,1,1,2024-01-10,-0.0137154228048601,-0.0147442917692141,-0.014744291769214102,-0.0,-0.0137154228048601,-0.0137154228048601,1.7219566728805455,2.120832559828484,0.9489585158689248
2024-01-08,2024-01-08,2024-01-09,5268.2339,5176.1129,Validation,0,0,0,0,0,1,1,2024-01-10,-0.0216157111444844,-0.0174861256634789,-0.017486125663478957,-0.0,-0.0216157111444844,-0.0216157111444844,1.7219566728805455,2.0992168486839997,0.9273428047244403
2024-01-09,2024-01-09,2024-01-10,5176.1129,5167.7319,Validation,0,0,0,0,0,1,1,2024-01-10,0.0025065891502944,-0.0016191687008991,-0.0016191687008991762,0.0,0.0025065891502944,0.0025065891502944,1.7219566728805455,2.101723437834294,0.9298493938747348
2024-01-10,2024-01-10,2024-01-11,5167.7319,5152.359,Validation,0,0,0,0,0,1,1,2024-01-10,-0.0043574815761642,-0.002974786675756,-0.0029747866757560137,-0.0,-0.0043574815761642,-0.0043574815761642,1.7219566728805455,2.0973659562581295,0.9254919122985705
2024-01-11,2024-01-11,2024-01-12,5152.359,5213.1356,Validation,0,0,0,0,0,0,0,,0.0127537611681125,0.0117958783539733,0.011795878353973333,0.0,0.0,0.0127537611681125,1.7219566728805455,2.0973659562581295,0.9382456734666831
2024-01-12,2024-01-12,2024-01-15,5213.1356,5189.5279,Validation,0,0,0,0,0,0,0,,-0.0033854829241033,-0.0045285029608667,-0.004528502960866709,-0.0,-0.0,-0.0033854829241033,1.7219566728805455,2.0973659562581295,0.9348601905425797
2024-01-15,2024-01-15,2024-01-16,5189.5279,5188.3692,Validation,0,0,0,0,0,0,0,,-0.0024744447846384,-0.0002232765720365,-0.00022327657203657925,-0.0,-0.0,-0.0024744447846384,1.7219566728805455,2.0973659562581295,0.9323857457579414
2024-01-16,2024-01-16,2024-01-17,5188.3692,5180.9251,Validation,-1,0,0,0,0,-1,0,,-0.0005580464166146,-0.0014347668242267,-0.0014347668242267186,0.0005580464166146,0.0005580464166146,-0.0005580464166146,1.7225147192971604,2.0979240026747443,0.9318276993413268
2024-01-17,2024-01-17,2024-01-18,5180.9251,5033.1032,Validation,-1,0,0,0,0,-1,0,,-0.0248262295903156,-0.0285319507900241,-0.02853195079002413,0.0248262295903156,0.0248262295903156,-0.0248262295903156,1.7473409488874758,2.12275023226506,0.9070014697510111
2024-01-18,2024-01-18,2024-01-19,5033.1032,5056.4765,Validation,-1,0,0,0,0,-1,0,,0.0010705043396381,0.0046439143151286,0.004643914315128672,-0.0010705043396381,-0.0010705043396381,0.0010705043396381,1.7462704445478376,2.1216797279254216,0.9080719740906493
2024-01-19,2024-01-19,2024-01-22,5056.4765,5008.6804,Validation,-1,0,0,0,0,-1,0,,-0.0095766929502216,-0.0094524517220636,-0.00945245172206366,0.0095766929502216,0.0095766929502216,-0.0095766929502216,1.7558471374980593,2.1312564208756433,0.8984952811404276
2024-01-22,2024-01-22,2024-01-23,5008.6804,4771.4963,Validation,-1,0,0,0,0,-1,0,,-0.0473172383763124,-0.0473546086110825,-0.04735460861108254,0.0473172383763124,0.0473172383763124,-0.0473172383763124,1.8031643758743718,2.178573659251956,0.8511780427641152
2024-01-23,2024-01-23,2024-01-24,4771.4963,4886.2037,Validation,-1,1,0,0,0,0,0,,0.0177303172566398,0.0240401318135781,0.024040131813578114,-0.0177303172566398,0.0,0.0177303172566398,1.785434058617732,2.178573659251956,0.868908360020755
2024-01-24,2024-01-24,2024-01-25,4886.2037,4931.6273,Validation,-1,1,0,0,0,0,0,,0.013966602839484,0.0092962968367447,0.00929629683674471,-0.013966602839484,0.0,0.013966602839484,1.771467455778248,2.178573659251956,0.882874962860239
2024-01-25,2024-01-25,2024-01-26,4931.6273,5055.2878,Validation,0,0,0,0,1,1,1,2024-01-31,0.0282702585395884,0.0250749889392494,0.02507498893924942,0.0,0.0282702585395884,0.0282702585395884,1.771467455778248,2.206843917791544,0.9111452213998275
2024-01-26,2024-01-26,2024-01-29,5055.2878,5032.1113,Validation,0,0,0,0,0,1,1,2024-01-31,-0.0090839905298806,-0.0045846054501585,-0.0045846054501585964,-0.0,-0.0090839905298806,-0.0090839905298806,1.771467455778248,2.1977599272616635,0.9020612308699468
2024-01-29,2024-01-29,2024-01-30,5032.1113,4898.3613,Validation,0,0,0,0,0,1,1,2024-01-31,-0.0197289956748762,-0.0265793008195188,-0.02657930081951887,-0.0,-0.0197289956748762,-0.0197289956748762,1.771467455778248,2.1780309315867874,0.8823322351950706
2024-01-30,2024-01-30,2024-01-31,4898.3613,4786.8128,Validation,0,0,0,0,0,1,1,2024-01-31,-0.0229149508036231,-0.022772615813374,-0.022772615813374086,-0.0,-0.0229149508036231,-0.0229149508036231,1.771467455778248,2.1551159807831644,0.8594172843914476
2024-01-31,2024-01-31,2024-02-01,4786.8128,4667.9126,Validation,-1,0,0,0,0,-1,0,,-0.0245091226342529,-0.0248391163322702,-0.024839116332270206,0.0245091226342529,0.0245091226342529,-0.0245091226342529,1.7959765784125008,2.1796251034174174,0.8349081617571947
2024-02-01,2024-02-01,2024-02-02,4667.9126,4686.0999,Validation,-1,0,0,0,0,-1,0,,-0.0038852201955484,0.0038962383314546,0.0038962383314546933,0.0038852201955484,0.0038852201955484,-0.0038852201955484,1.7998617986080492,2.183510323612966,0.8310229415616462
2024-02-02,2024-02-02,2024-02-05,4686.0999,4527.7091,Validation,-1,0,0,0,0,-1,0,,-0.0246880414662883,-0.033800133027467,-0.033800133027467094,0.0246880414662883,0.0246880414662883,-0.0246880414662883,1.8245498400743374,2.208198365079254,0.8063349000953579
2024-02-05,2024-02-05,2024-02-06,4527.7091,4411.298,Validation,-1,0,0,0,0,-1,0,,-0.0225626975290113,-0.0257108169780607,-0.02571081697806077,0.0225626975290113,0.0225626975290113,-0.0225626975290113,1.8471125376033488,2.230761062608265,0.7837722025663467
2024-02-06,2024-02-06,2024-02-07,4411.298,4813.9545,Validation,-1,1,0,0,0,0,0,,0.0774926862504872,0.0912784627109752,0.09127846271097528,-0.0774926862504872,0.0,0.0774926862504872,1.7696198513528616,2.230761062608265,0.8612648888168339
2024-02-07,2024-02-07,2024-02-08,4813.9545,5131.8032,Validation,0,0,0,0,0,0,0,,0.0631863163731638,0.0660265276707539,0.0660265276707539,0.0,0.0,0.0631863163731638,1.7696198513528616,2.230761062608265,0.9244512051899977
2024-02-08,2024-02-08,2024-02-19,5131.8032,5225.1379,Validation,0,0,0,0,1,1,1,2024-02-22,0.0079576778352221,0.018187505709494,0.018187505709494012,0.0,0.0079576778352221,0.0079576778352221,1.7696198513528616,2.2387187404434874,0.9324088830252197
2024-02-19,2024-02-19,2024-02-20,5225.1379,5107.5677,Validation,0,0,0,0,0,1,1,2024-02-22,-0.0016747022967212,-0.0225008798332384,-0.022500879833238452,-0.0,-0.0016747022967212,-0.0016747022967212,1.7696198513528616,2.237044038146766,0.9307341807284986
2024-02-20,2024-02-20,2024-02-21,5107.5677,5101.4113,Validation,0,0,0,0,0,1,1,2024-02-22,-0.0001256806315117,-0.0012053486828965,-0.0012053486828965676,-0.0,-0.0001256806315117,-0.0001256806315117,1.7696198513528616,2.236918357515254,0.9306085000969869
2024-02-21,2024-02-21,2024-02-22,5101.4113,5133.5478,Validation,0,0,0,0,0,1,1,2024-02-22,-0.0003735296391772,0.0062995312689255,0.006299531268925573,-0.0,-0.0003735296391772,-0.0003735296391772,1.7696198513528616,2.2365448278760773,0.9302349704578097
2024-02-22,2024-02-22,2024-02-23,5133.5478,5190.6466,Validation,0,0,0,0,0,1,1,2024-02-22,0.0072593169786745,0.0111226781603162,0.011122678160316202,0.0,0.0072593169786745,0.0072593169786745,1.7696198513528616,2.2438041448547517,0.9374942874364842
2024-02-23,2024-02-23,2024-02-26,5190.6466,5194.737,Validation,0,0,0,0,0,0,0,,0.0041280880318772,0.0007880328435381,0.0007880328435381223,0.0,0.0,0.0041280880318772,1.7696198513528616,2.2438041448547517,0.9416223754683614
2024-02-26,2024-02-26,2024-02-27,5194.737,5174.8194,Validation,0,0,0,0,0,0,0,,-0.0004323633583741,-0.0038341883333072,-0.003834188333307287,-0.0,-0.0,-0.0004323633583741,1.7696198513528616,2.2438041448547517,0.9411900121099873
2024-02-27,2024-02-27,2024-02-28,5174.8194,5311.4253,Validation,1,0,0,0,0,1,0,,0.0216227262233852,0.0263981966211226,0.026398196621122638,0.0216227262233852,0.0216227262233852,0.0216227262233852,1.7912425775762468,2.265426871078137,0.9628127383333724
2024-02-28,2024-02-28,2024-02-29,5311.4253,5154.1487,Validation,1,0,0,0,0,1,0,,-0.0233160819437144,-0.0296109972590596,-0.02961099725905969,-0.0233160819437144,-0.0233160819437144,-0.0233160819437144,1.7679264956325325,2.2421107891344225,0.9394966563896581
2024-02-29,2024-02-29,2024-03-01,5154.1487,5350.8566,Validation,1,0,0,0,0,1,0,,0.0313935805097143,0.0381649640802952,0.03816496408029524,0.0313935805097143,0.0313935805097143,0.0313935805097143,1.7993200761422468,2.2735043696441366,0.9708902368993724
2024-03-01,2024-03-01,2024-03-04,5350.8566,5386.9441,Validation,1,0,0,0,0,1,0,,0.006032644353964,0.0067442472668768,0.006744247266876835,0.006032644353964,0.006032644353964,0.006032644353964,1.8053527204962108,2.279537013998101,0.9769228812533364
2024-03-04,2024-03-04,2024-03-05,5386.9441,5358.2206,Validation,1,0,0,0,0,1,0,,0.0018166410927493,-0.0053320582999923,-0.005332058299992393,0.0018166410927493,0.0018166410927493,0.0018166410927493,1.8071693615889601,2.28135365509085,0.9787395223460857
2024-03-05,2024-03-05,2024-03-06,5358.2206,5332.8328,Validation,1,0,0,0,0,1,0,,-0.0068648052820469,-0.0047381027947971,-0.004738102794797139,-0.0068648052820469,-0.0068648052820469,-0.0068648052820469,1.800304556306913,2.2744888498088036,0.9718747170640388
2024-03-06,2024-03-06,2024-03-07,5332.8328,5354.3337,Validation,1,0,0,0,0,1,0,,-0.0003223572182866,0.004031797134161,0.004031797134161019,-0.0003223572182866,-0.0003223572182866,-0.0003223572182866,1.7999821990886264,2.274166492590517,0.9715523598457522
2024-03-07,2024-03-07,2024-03-08,5354.3337,5282.4077,Validation,1,0,0,0,0,1,0,,-0.0136077415800851,-0.0134332307304642,-0.013433230730464207,-0.0136077415800851,-0.0136077415800851,-0.0136077415800851,1.7863744575085414,2.2605587510104317,0.9579446182656671
2024-03-08,2024-03-08,2024-03-11,5282.4077,5342.1778,Validation,0,0,0,0,0,0,0,,0.0136994706458539,0.0113149350437302,0.011314935043730268,0.0,0.0,0.0136994706458539,1.7863744575085414,2.2605587510104317,0.971644088911521
2024-03-11,2024-03-11,2024-03-12,5342.1778,5445.8776,Validation,0,0,0,0,0,0,0,,0.0170958175338507,0.0194115216457226,0.019411521645722685,0.0,0.0,0.0170958175338507,1.7863744575085414,2.2605587510104317,0.9887399064453717
2024-03-12,2024-03-12,2024-03-13,5445.8776,5430.0437,Validation,0,0,0,0,0,0,0,,-0.0031854876853103,-0.0029075019974741,-0.002907501997474138,-0.0,-0.0,-0.0031854876853103,1.7863744575085414,2.2605587510104317,0.9855544187600614
2024-03-13,2024-03-13,2024-03-14,5430.0437,5415.1499,Validation,0,0,0,0,1,1,1,2024-03-19,-0.0015866790131781,-0.0027428508540363,-0.0027428508540363605,-0.0,-0.0015866790131781,-0.0015866790131781,1.7863744575085414,2.2589720719972535,0.9839677397468833
2024-03-14,2024-03-14,2024-03-15,5415.1499,5380.019,Validation,0,0,0,0,0,1,1,2024-03-19,-0.0040970339194794,-0.0064875212411017,-0.006487521241101746,-0.0,-0.0040970339194794,-0.0040970339194794,1.7863744575085414,2.254875038077774,0.9798707058274039
2024-03-15,2024-03-15,2024-03-18,5380.019,5472.3147,Validation,0,0,0,0,0,1,1,2024-03-19,0.0113518323918624,0.0171552739869504,0.017155273986950492,0.0,0.0113518323918624,0.0113518323918624,1.7863744575085414,2.2662268704696364,0.9912225382192663
2024-03-18,2024-03-18,2024-03-19,5472.3147,5514.55,Validation,0,0,0,0,0,1,1,2024-03-19,0.0136227918932061,0.0077179954581194,0.007717995458119464,0.0,0.0136227918932061,0.0136227918932061,1.7863744575085414,2.279849662362843,1.0048453301124725
2024-03-19,2024-03-19,2024-03-20,5514.55,5469.606,Validation,0,0,0,0,0,1,1,2024-03-19,-0.0090843233190081,-0.0081500757088067,-0.00815007570880677,-0.0,-0.0090843233190081,-0.0090843233190081,1.7863744575085414,2.2707653390438347,0.9957610067934642
2024-03-20,2024-03-20,2024-03-21,5469.606,5505.6985,Validation,0,0,0,0,0,0,0,,0.0027726500015115,0.0065987385563055,0.00659873855630555,0.0,0.0,0.0027726500015115,1.7863744575085414,2.2707653390438347,0.9985336567949757
2024-03-21,2024-03-21,2024-03-22,5505.6985,5454.4143,Validation,0,0,0,1,0,-1,-1,2024-03-25,-0.0050215403390314,-0.0093147490731648,-0.009314749073164874,-0.0,0.0050215403390314,-0.0050215403390314,1.7863744575085414,2.275786879382866,0.9935121164559444
2024-03-22,2024-03-22,2024-03-25,5454.4143,5369.7761,Validation,0,0,0,0,0,-1,-1,2024-03-25,-0.0148674621813058,-0.0155173764486501,-0.015517376448650144,-0.0,0.0148674621813058,-0.0148674621813058,1.7863744575085414,2.290654341564172,0.9786446542746386
2024-03-25,2024-03-25,2024-03-26,5369.7761,5291.5227,Validation,0,0,0,0,0,-1,-1,2024-03-25,-0.0166808813695203,-0.0145729353594462,-0.01457293535944626,-0.0,0.0166808813695203,-0.0166808813695203,1.7863744575085414,2.307335222933692,0.9619637729051183
2024-03-26,2024-03-26,2024-03-27,5291.5227,5280.7332,Validation,0,0,0,0,0,0,0,,-0.0019505183846106,-0.0020390161040035,-0.002039016104003588,-0.0,-0.0,-0.0019505183846106,1.7863744575085414,2.307335222933692,0.9600132545205077
2024-03-27,2024-03-27,2024-03-28,5280.7332,5156.4803,Validation,0,0,0,0,0,0,0,,-0.0241719675965123,-0.0235294788231299,-0.023529478823129946,-0.0,-0.0,-0.0241719675965123,1.7863744575085414,2.307335222933692,0.9358412869239954
2024-03-28,2024-03-28,2024-03-29,5156.4803,5220.5524,Validation,0,0,0,0,0,0,0,,0.0130165044047685,0.0124255492646794,0.012425549264679425,0.0,0.0,0.0130165044047685,1.7863744575085414,2.307335222933692,0.9488577913287639
2024-03-29,2024-03-29,2024-04-01,5220.5524,5309.8325,Validation,0,0,0,0,1,1,1,2024-04-08,0.0119367373137517,0.0171016576713225,0.017101657671322545,0.0,0.0119367373137517,0.0119367373137517,1.7863744575085414,2.319271960247444,0.9607945286425156
2024-04-01,2024-04-01,2024-04-02,5309.8325,5395.4811,Validation,0,0,0,0,0,1,1,2024-04-08,0.0217669676815759,0.0161301886641431,0.016130188664143175,0.0,0.0217669676815759,0.0217669676815759,1.7863744575085414,2.34103892792902,0.9825614963240915
2024-04-02,2024-04-02,2024-04-03,5395.4811,5373.5021,Validation,0,0,0,0,0,1,1,2024-04-08,-0.0037020861693799,-0.0040735941045183,-0.004073594104518352,-0.0,-0.0037020861693799,-0.0037020861693799,1.7863744575085414,2.3373368417596403,0.9788594101547116
2024-04-03,2024-04-03,2024-04-08,5373.5021,5358.9565,Validation,0,0,0,0,0,1,1,2024-04-08,-0.0012327481095348,-0.002706912499392,-0.0027069124993920335,-0.0,-0.0012327481095348,-0.0012327481095348,1.7863744575085414,2.336104093650105,0.9776266620451768
2024-04-08,2024-04-08,2024-04-09,5358.9565,5294.4743,Validation,0,0,0,0,0,1,1,2024-04-08,-0.014141380763285,-0.0120326037354474,-0.012032603735447456,-0.0,-0.014141380763285,-0.014141380763285,1.7863744575085414,2.32196271288682,0.9634852812818918
2024-04-09,2024-04-09,2024-04-10,5294.4743,5335.7302,Validation,0,0,0,1,0,-1,-1,2024-04-11,0.0083620340440682,0.0077922561641294,0.007792256164129485,0.0,-0.0083620340440682,0.0083620340440682,1.7863744575085414,2.313600678842752,0.97184731532596
2024-04-10,2024-04-10,2024-04-11,5335.7302,5244.0544,Validation,0,0,0,0,0,-1,-1,2024-04-11,-0.012619649013713,-0.0171814909232104,-0.01718149092321042,-0.0,0.012619649013713,-0.012619649013713,1.7863744575085414,2.326220327856465,0.959227666312247
2024-04-11,2024-04-11,2024-04-12,5244.0544,5307.7225,Validation,0,0,0,0,0,-1,-1,2024-04-11,0.004992291970348,0.0121410067752156,0.01214100677521568,0.0,-0.004992291970348,0.004992291970348,1.7863744575085414,2.321228035886117,0.964219958282595
2024-04-12,2024-04-12,2024-04-15,5307.7225,5270.0415,Validation,0,0,0,0,0,0,0,,-0.0046381146783587,-0.0070992784570028,-0.007099278457002867,-0.0,-0.0,-0.0046381146783587,1.7863744575085414,2.321228035886117,0.9595818436042363
2024-04-15,2024-04-15,2024-04-16,5270.0415,5309.1005,Validation,0,0,0,0,0,0,0,,0.0118439844925897,0.0074115165886263,0.007411516588626377,0.0,0.0,0.0118439844925897,1.7863744575085414,2.321228035886117,0.971425828096826
2024-04-16,2024-04-16,2024-04-17,5309.1005,5211.2486,Validation,0,0,0,0,0,0,0,,-0.0277483156755175,-0.0184309752659607,-0.018430975265960714,-0.0,-0.0,-0.0277483156755175,1.7863744575085414,2.321228035886117,0.9436775124213085
2024-04-17,2024-04-17,2024-04-18,5211.2486,5317.7986,Validation,0,0,0,0,0,0,0,,0.0285449597557878,0.0204461556487633,0.020446155648763398,0.0,0.0,0.0285449597557878,1.7863744575085414,2.321228035886117,0.9722224721770963
2024-04-18,2024-04-18,2024-04-19,5317.7986,5322.3588,Validation,0,0,0,0,0,0,0,,0.0018894903760136,0.0008575352966544,0.0008575352966544436,0.0,0.0,0.0018894903760136,1.7863744575085414,2.321228035886117,0.97411196255311
2024-04-19,2024-04-19,2024-04-22,5322.3588,5289.4066,Validation,0,0,0,0,1,1,1,2024-04-25,-0.0065365366987599,-0.0061912774463832,-0.006191277446383259,-0.0,-0.0065365366987599,-0.0065365366987599,1.7863744575085414,2.314691499187357,0.96757542585435
2024-04-22,2024-04-22,2024-04-23,5289.4066,5257.766,Validation,0,0,0,0,0,1,1,2024-04-25,-0.0088968553058911,-0.005981880840849,-0.005981880840849052,-0.0,-0.0088968553058911,-0.0088968553058911,1.7863744575085414,2.305794643881466,0.958678570548459
2024-04-23,2024-04-23,2024-04-24,5257.766,5210.1831,Validation,0,0,0,0,0,1,1,2024-04-25,-0.0112594184833718,-0.0090500223859333,-0.009050022385933332,-0.0,-0.0112594184833718,-0.0112594184833718,1.7863744575085414,2.2945352253980937,0.9474191520650871
2024-04-24,2024-04-24,2024-04-25,5210.1831,5240.4817,Validation,0,0,0,0,0,1,1,2024-04-25,0.0105155622464514,0.0058152658780841,0.005815265878084119,0.0,0.0105155622464514,0.0105155622464514,1.7863744575085414,2.3050507876445456,0.9579347143115385
2024-04-25,2024-04-25,2024-04-26,5240.4817,5258.3847,Validation,0,0,0,1,0,0,0,,-0.0007037188836389,0.0034162890025928,0.0034162890025928316,-0.0,-0.0,-0.0007037188836389,1.7863744575085414,2.3050507876445456,0.9572309954278996
2024-04-26,2024-04-26,2024-04-29,5258.3847,5371.2122,Validation,0,0,0,0,0,0,0,,0.0214448198150662,0.0214566842171133,0.02145668421711333,0.0,0.0,0.0214448198150662,1.7863744575085414,2.3050507876445456,0.9786758152429658
2024-04-29,2024-04-29,2024-04-30,5371.2122,5471.1676,Validation,0,0,0,0,0,0,0,,0.0198003548282019,0.0186094677101009,0.01860946771010097,0.0,0.0,0.0198003548282019,1.7863744575085414,2.3050507876445456,0.9984761700711677
2024-04-30,2024-04-30,2024-05-06,5471.1676,5498.4442,Validation,0,0,0,0,0,0,0,,-0.0068175162400564,0.0049855171682184,0.0049855171682184896,-0.0,-0.0,-0.0068175162400564,1.7863744575085414,2.3050507876445456,0.9916586538311113
2024-05-06,2024-05-06,2024-05-07,5498.4442,5532.323,Validation,1,0,0,0,0,1,0,,0.0160742936807869,0.0061615247454906,0.0061615247454906985,0.0160742936807869,0.0160742936807869,0.0160742936807869,1.8024487511893283,2.3211250813253326,1.0077329475118981
2024-05-07,2024-05-07,2024-05-08,5532.323,5516.4477,Validation,1,0,0,0,0,1,0,,-0.0002747348353931,-0.0028695540733975,-0.0028695540733975067,-0.0002747348353931,-0.0002747348353931,-0.0002747348353931,1.8021740163539353,2.320850346489939,1.007458212676505
2024-05-08,2024-05-08,2024-05-09,5516.4477,5461.36,Validation,1,0,0,0,0,1,0,,-0.012362538971042,-0.0099860821666087,-0.00998608216660879,-0.012362538971042,-0.012362538971042,-0.012362538971042,1.7898114773828933,2.3084878075188975,0.9950956737054631
2024-05-09,2024-05-09,2024-05-10,5461.36,5562.1931,Validation,1,0,0,0,0,1,0,,0.0179556114608459,0.0184630018896394,0.018463001889639452,0.0179556114608459,0.0179556114608459,0.0179556114608459,1.8077670888437392,2.326443418979743,1.013051285166309
2024-05-10,2024-05-10,2024-05-13,5562.1931,5503.1286,Validation,1,0,1,0,0,0,0,,-0.003846802258117,-0.0106189229568459,-0.010618922956845966,-0.003846802258117,-0.0,-0.003846802258117,1.803920286585622,2.326443418979743,1.009204482908192
2024-05-13,2024-05-13,2024-05-14,5503.1286,5508.4663,Validation,1,0,1,0,0,0,0,,-0.0054442181311926,0.0009699391724191,0.0009699391724191653,-0.0054442181311926,-0.0,-0.0054442181311926,1.7984760684544296,2.326443418979743,1.0037602647769994
2024-05-14,2024-05-14,2024-05-15,5508.4663,5495.5571,Validation,1,0,0,0,0,1,0,,-0.0008213236814722,-0.0023435198287407,-0.0023435198287407033,-0.0008213236814722,-0.0008213236814722,-0.0008213236814722,1.7976547447729574,2.3256220952982707,1.0029389410955272
2024-05-15,2024-05-15,2024-05-16,5495.5571,5461.1077,Validation,1,0,0,0,0,1,0,,-0.0098318082015869,-0.0062685910405698,-0.006268591040569871,-0.0098318082015869,-0.0098318082015869,-0.0098318082015869,1.7878229365713705,2.315790287096684,0.9931071328939403
2024-05-16,2024-05-16,2024-05-17,5461.1077,5418.6575,Validation,0,0,0,0,0,0,0,,-0.0040374316298348,-0.0077731849163127,-0.0077731849163127364,-0.0,-0.0,-0.0040374316298348,1.7878229365713705,2.315790287096684,0.9890697012641055
2024-05-17,2024-05-17,2024-05-20,5418.6575,5496.7904,Validation,0,0,0,0,1,1,1,2024-05-23,0.0123932441028802,0.0144192357608872,0.014419235760887217,0.0,0.0123932441028802,0.0123932441028802,1.7878229365713705,2.3281835311995644,1.0014629453669857
2024-05-20,2024-05-20,2024-05-21,5496.7904,5511.4838,Validation,0,0,0,0,0,1,1,2024-05-23,0.0057551907771569,0.0026730871892077,0.002673087189207779,0.0,0.0057551907771569,0.0057551907771569,1.7878229365713705,2.333938721976721,1.0072181361441426
2024-05-21,2024-05-21,2024-05-22,5511.4838,5472.0098,Validation,0,0,0,0,0,1,1,2024-05-23,-0.0080724521600095,-0.0071621366282524,-0.007162136628252491,-0.0,-0.0080724521600095,-0.0080724521600095,1.7878229365713705,2.3258662698167116,0.9991456839841331
2024-05-22,2024-05-22,2024-05-23,5472.0098,5448.9403,Validation,0,0,0,0,0,1,1,2024-05-23,-0.0018810847720873,-0.0042159098472374,-0.004215909847237409,-0.0,-0.0018810847720873,-0.0018810847720873,1.7878229365713705,2.3239851850446245,0.9972645992120458
2024-05-23,2024-05-23,2024-05-24,5448.9403,5348.51,Validation,0,0,0,0,0,1,1,2024-05-23,-0.0194384975712643,-0.0184311617435044,-0.018431161743504454,-0.0,-0.0194384975712643,-0.0194384975712643,1.7878229365713705,2.3045466874733602,0.9778261016407815
2024-05-24,2024-05-24,2024-05-27,5348.51,5325.8508,Validation,0,0,0,0,0,0,0,,-0.0091100184094329,-0.004236544383389,-0.0042365443833890515,-0.0,-0.0,-0.0091100184094329,1.7878229365713705,2.3045466874733602,0.9687160832313486
2024-05-27,2024-05-27,2024-05-28,5325.8508,5363.33,Validation,0,0,0,0,0,0,0,,0.0108996320397656,0.0070372230480058,0.007037223048005803,0.0,0.0,0.0108996320397656,1.7878229365713705,2.3045466874733602,0.9796157152711142
2024-05-28,2024-05-28,2024-05-29,5363.33,5308.593,Validation,0,0,0,0,0,0,0,,-0.010284286355064,-0.0102057863305073,-0.010205786330507394,-0.0,-0.0,-0.010284286355064,1.7878229365713705,2.3045466874733602,0.9693314289160502
2024-05-29,2024-05-29,2024-05-30,5308.593,5316.3983,Validation,0,0,0,0,0,0,0,,0.0022907271280081,0.0014703142621783,0.0014703142621783627,0.0,0.0,0.0022907271280081,1.7878229365713705,2.3045466874733602,0.9716221560440583
2024-05-30,2024-05-30,2024-05-31,5316.3983,5310.7218,Validation,0,0,0,0,0,0,0,,-0.0036871753471234,-0.0010677341462544,-0.0010677341462544954,-0.0,-0.0,-0.0036871753471234,1.7878229365713705,2.3045466874733602,0.9679349806969348
2024-05-31,2024-05-31,2024-06-03,5310.7218,5300.7869,Validation,-1,0,0,0,0,-1,0,,-2.2548062976412982e-05,-0.0018707249925989,-0.0018707249925989933,2.2548062976412982e-05,2.2548062976412982e-05,-2.2548062976412982e-05,1.7878454846343468,2.304569235536336,0.9679124326339585
2024-06-03,2024-06-03,2024-06-04,5300.7869,5263.2256,Validation,-1,0,0,0,0,-1,0,,-0.0064936118126484,-0.0070859856675242,-0.007085985667524275,0.0064936118126484,0.0064936118126484,-0.0064936118126484,1.7943390964469952,2.3110628473489845,0.9614188208213101
2024-06-04,2024-06-04,2024-06-05,5263.2256,5328.8678,Validation,-1,0,0,0,0,-1,0,,0.0128706893787713,0.0124718575620244,0.012471857562024402,-0.0128706893787713,-0.0128706893787713,0.0128706893787713,1.7814684070682238,2.298192157970213,0.9742895102000814
2024-06-05,2024-06-05,2024-06-06,5328.8678,5291.5208,Validation,-1,0,0,0,0,-1,0,,-0.0119823481674181,-0.0070084305713119,-0.007008430571311952,0.0119823481674181,0.0119823481674181,-0.0119823481674181,1.793450755235642,2.3101745061376313,0.9623071620326633
2024-06-06,2024-06-06,2024-06-07,5291.5208,5247.1462,Validation,-1,0,0,0,0,-1,0,,-0.0093105066265903,-0.008385982343677,-0.008385982343677045,0.0093105066265903,0.0093105066265903,-0.0093105066265903,1.8027612618622322,2.319485012764222,0.9529966554060729
2024-06-07,2024-06-07,2024-06-11,5247.1462,5182.4129,Validation,0,0,0,0,0,0,0,,-0.0037906210300404,-0.0123368584622246,-0.012336858462224654,-0.0,-0.0,-0.0037906210300404,1.8027612618622322,2.319485012764222,0.9492060343760326
2024-06-11,2024-06-11,2024-06-12,5182.4129,5209.1344,Validation,0,0,0,0,0,0,0,,0.0016299544874409,0.0051561889250468,0.005156188925046878,0.0,0.0,0.0016299544874409,1.8027612618622322,2.319485012764222,0.9508359888634734
2024-06-12,2024-06-12,2024-06-13,5209.1344,5231.9096,Validation,0,0,0,0,0,0,0,,0.0029675684587524,0.004372165939892,0.004372165939892092,0.0,0.0,0.0029675684587524,1.8027612618622322,2.319485012764222,0.9538035573222259
2024-06-13,2024-06-13,2024-06-14,5231.9096,5180.2887,Validation,0,0,0,1,0,-1,-1,2024-06-17,-0.0073311182171047,-0.0098665504465138,-0.009866550446513855,-0.0,0.0073311182171047,-0.0073311182171047,1.8027612618622322,2.3268161309813267,0.9464724391051211
2024-06-14,2024-06-14,2024-06-17,5180.2887,5189.284,Validation,0,0,0,0,0,-1,-1,2024-06-17,0.0035619173024241,0.0017364476230832,0.001736447623083226,0.0,-0.0035619173024241,0.0035619173024241,1.8027612618622322,2.3232542136789025,0.9500343564075453
2024-06-17,2024-06-17,2024-06-18,5189.284,5207.9777,Validation,0,0,0,0,0,-1,-1,2024-06-17,-0.0011441768530224,0.0036023659526054,0.0036023659526054352,-0.0,0.0011441768530224,-0.0011441768530224,1.8027612618622322,2.324398390531925,0.9488901795545229
2024-06-18,2024-06-18,2024-06-19,5207.9777,5235.4758,Validation,0,0,0,0,0,0,0,,0.0045636097288179,0.0052799957265561,0.00527999572655613,0.0,0.0,0.0045636097288179,1.8027612618622322,2.324398390531925,0.9534537892833408
2024-06-19,2024-06-19,2024-06-20,5235.4758,5162.1609,Validation,0,0,0,0,0,0,0,,-0.0118662186690823,-0.0140034836948343,-0.014003483694834395,-0.0,-0.0,-0.0118662186690823,1.8027612618622322,2.324398390531925,0.9415875706142585
2024-06-20,2024-06-20,2024-06-21,5162.1609,5079.9226,Validation,0,0,0,0,0,0,0,,-0.0143659663624604,-0.0159309834763189,-0.01593098347631894,-0.0,-0.0,-0.0143659663624604,1.8027612618622322,2.324398390531925,0.9272216042517981
2024-06-21,2024-06-21,2024-06-24,5079.9226,5072.8028,Validation,0,0,0,0,0,0,0,,0.0015239573040706,-0.0014015567874989,-0.001401556787498981,0.0,0.0,0.0015239573040706,1.8027612618622322,2.324398390531925,0.9287455615558686
2024-06-24,2024-06-24,2024-06-25,5072.8028,4989.0713,Validation,0,0,0,1,0,-1,-1,2024-06-26,-0.0214450098594186,-0.0165059639219566,-0.01650596392195669,-0.0,0.0214450098594186,-0.0214450098594186,1.8027612618622322,2.3458434003913435,0.9073005516964501
2024-06-25,2024-06-25,2024-06-26,4989.0713,4942.1652,Validation,0,0,0,0,0,-1,-1,2024-06-26,-0.0088676548666603,-0.0094017698243757,-0.009401769824375794,-0.0,0.0088676548666603,-0.0088676548666603,1.8027612618622322,2.3547110552580035,0.8984328968297898
2024-06-26,2024-06-26,2024-06-27,4942.1652,4998.9936,Validation,-1,0,0,0,0,-1,0,,0.0145085483483797,0.0114986848274516,0.011498684827451644,-0.0145085483483797,-0.0145085483483797,0.0145085483483797,1.7882527135138526,2.340202506909624,0.9129414451781694
2024-06-27,2024-06-27,2024-06-28,4998.9936,4914.6693,Validation,-1,0,0,0,0,-1,0,,-0.0184008873499685,-0.0168682552424151,-0.016868255242415198,0.0184008873499685,0.0184008873499685,-0.0184008873499685,1.8066536008638212,2.3586033942595925,0.894540557828201
2024-06-28,2024-06-28,2024-07-01,4914.6693,4943.7867,Validation,-1,0,0,0,0,-1,0,,0.0029890719078131,0.0059245898803403,0.005924589880340392,-0.0029890719078131,-0.0029890719078131,0.0029890719078131,1.803664528956008,2.355614322351779,0.897529629736014
2024-07-01,2024-07-01,2024-07-02,4943.7867,5000.5757,Validation,-1,0,0,0,0,-1,0,,0.0122156113024372,0.0114869438036233,0.011486943803623362,-0.0122156113024372,-0.0122156113024372,0.0122156113024372,1.7914489176535708,2.343398711049342,0.9097452410384512
2024-07-02,2024-07-02,2024-07-03,5000.5757,4945.3994,Validation,-1,0,0,0,0,-1,0,,-0.0107299569504141,-0.0110339895464436,-0.011033989546443634,0.0107299569504141,0.0107299569504141,-0.0107299569504141,1.8021788746039848,2.354128667999756,0.8990152840880372
2024-07-03,2024-07-03,2024-07-04,4945.3994,4917.4414,Validation,0,0,0,0,0,0,0,,-0.0077892268660056,-0.0056533350976668,-0.005653335097666856,-0.0,-0.0,-0.0077892268660056,1.8021788746039848,2.354128667999756,0.8912260572220315
2024-07-04,2024-07-04,2024-07-05,4917.4414,4828.8628,Validation,0,0,0,0,0,0,0,,-0.0155625076296733,-0.0180131480570362,-0.018013148057036243,-0.0,-0.0,-0.0155625076296733,1.8021788746039848,2.354128667999756,0.8756635495923583
2024-07-05,2024-07-05,2024-07-08,4828.8628,4857.0245,Validation,-1,0,0,0,0,-1,0,,0.0065707957032643,0.0058319528150603,0.005831952815060326,-0.0065707957032643,-0.0065707957032643,0.0065707957032643,1.7956080789007207,2.347557872296492,0.8822343452956225
2024-07-08,2024-07-08,2024-07-09,4857.0245,4775.3131,Validation,-1,0,0,0,0,-1,0,,-0.0169839096504552,-0.0168233452394568,-0.016823345239456833,0.0169839096504552,0.0169839096504552,-0.0169839096504552,1.8125919885511759,2.364541781946947,0.8652504356451673
2024-07-09,2024-07-09,2024-07-10,4775.3131,4857.483,Validation,-1,0,0,0,0,-1,0,,0.0195004135469472,0.0172072277313082,0.017207227731308228,-0.0195004135469472,-0.0195004135469472,0.0195004135469472,1.7930915750042287,2.3450413683999995,0.8847508491921146
2024-07-10,2024-07-10,2024-07-11,4857.483,4902.8106,Validation,-1,0,0,0,0,-1,0,,-0.0067125851898922,0.0093314994617581,0.009331499461758153,0.0067125851898922,0.0067125851898922,-0.0067125851898922,1.7998041601941206,2.351753953589892,0.8780382640022224
2024-07-11,2024-07-11,2024-07-12,4902.8106,4926.9812,Validation,-1,0,0,0,0,-1,0,,0.0197287770533869,0.0049299477324293,0.004929947732429385,-0.0197287770533869,-0.0197287770533869,0.0197287770533869,1.7800753831407339,2.332025176536505,0.8977670410556092
2024-07-12,2024-07-12,2024-07-15,4926.9812,4903.5161,Validation,-1,1,0,0,0,0,0,,-0.0041232805392388,-0.0047625714504452,-0.00476257145044523,0.0041232805392388,-0.0,-0.0041232805392388,1.7841986636799727,2.332025176536505,0.8936437605163704
2024-07-15,2024-07-15,2024-07-16,4903.5161,4877.601,Validation,0,0,0,0,0,0,0,,-0.0072096313102594,-0.0052850035508194,-0.0052850035508194,-0.0,-0.0,-0.0072096313102594,1.7841986636799727,2.332025176536505,0.8864341292061111
2024-07-16,2024-07-16,2024-07-17,4877.601,4893.4137,Validation,0,0,0,0,0,0,0,,0.0029618764899859,0.0032419010903106,0.0032419010903106393,0.0,0.0,0.0029618764899859,1.7841986636799727,2.332025176536505,0.889396005696097
2024-07-17,2024-07-17,2024-07-18,4893.4137,4822.1303,Validation,0,0,0,0,0,0,0,,-0.0085300340975167,-0.0145672130684557,-0.014567213068455764,-0.0,-0.0,-0.0085300340975167,1.7841986636799727,2.332025176536505,0.8808659715985803
2024-07-18,2024-07-18,2024-07-19,4822.1303,4853.0422,Validation,0,0,0,0,0,0,0,,0.0043471337048459,0.0064104240401798,0.006410424040179885,0.0,0.0,0.0043471337048459,1.7841986636799727,2.332025176536505,0.8852131053034261
2024-07-19,2024-07-19,2024-07-22,4853.0422,4872.6362,Validation,0,0,0,0,0,0,0,,-0.0011559566414571,0.0040374674673135,0.0040374674673135935,-0.0,-0.0,-0.0011559566414571,1.7841986636799727,2.332025176536505,0.884057148661969
2024-07-22,2024-07-22,2024-07-23,4872.6362,4862.9705,Validation,0,0,0,0,0,0,0,,-0.0012469896675185,-0.0019836695380622,-0.0019836695380622826,-0.0,-0.0,-0.0012469896675185,1.7841986636799727,2.332025176536505,0.8828101589944506
2024-07-23,2024-07-23,2024-07-24,4862.9705,4712.287,Validation,0,0,0,0,0,0,0,,-0.029424384139196,-0.030985896377533,-0.030985896377533018,-0.0,-0.0,-0.029424384139196,1.7841986636799727,2.332025176536505,0.8533857748552546
2024-07-24,2024-07-24,2024-07-25,4712.287,4644.4217,Validation,0,0,0,1,0,-1,-1,2024-07-26,-0.0115900116358953,-0.0144017756134123,-0.014401775613412382,-0.0,0.0115900116358953,-0.0115900116358953,1.7841986636799727,2.3436151881724,0.8417957632193592
2024-07-25,2024-07-25,2024-07-26,4644.4217,4670.4463,Validation,0,0,0,0,0,-1,-1,2024-07-26,-0.0005598254573347,0.0056034102157431,0.0056034102157431764,-0.0,0.0005598254573347,-0.0005598254573347,1.7841986636799727,2.344175013629735,0.8412359377620245
2024-07-26,2024-07-26,2024-07-29,4670.4463,4740.499,Validation,0,0,0,0,0,-1,-1,2024-07-26,0.0152028889482185,0.014999144728417,0.014999144728417013,0.0,-0.0152028889482185,0.0152028889482185,1.7841986636799727,2.3289721246815165,0.8564388267102431
2024-07-29,2024-07-29,2024-07-30,4740.499,4694.5247,Validation,0,0,0,0,1,1,1,2024-08-02,-0.0058130506542648,-0.0096981984386032,-0.0096981984386032,-0.0,-0.0058130506542648,-0.0058130506542648,1.7841986636799727,2.3231590740272514,0.8506257760559782
2024-07-30,2024-07-30,2024-07-31,4694.5247,4694.7288,Validation,0,0,0,0,0,1,1,2024-08-02,-0.0020307105928305,4.347617981426133e-05,4.347617981426133e-05,-0.0,-0.0020307105928305,-0.0020307105928305,1.7841986636799727,2.321128363434421,0.8485950654631478
2024-07-31,2024-07-31,2024-08-01,4694.7288,4893.8709,Validation,0,0,0,0,0,1,1,2024-08-02,0.0398213173842301,0.0424182329765245,0.042418232976524584,0.0,0.0398213173842301,0.0398213173842301,1.7841986636799727,2.360949680818651,0.8884163828473779
2024-08-01,2024-08-01,2024-08-02,4893.8709,4816.9369,Validation,0,0,0,0,0,1,1,2024-08-02,-0.0068436900224737,-0.0157204800805024,-0.01572048008050242,-0.0,-0.0068436900224737,-0.0068436900224737,1.7841986636799727,2.354105990796177,0.8815726928249041
2024-08-02,2024-08-02,2024-08-05,4816.9369,4756.0755,Validation,0,0,0,0,0,1,1,2024-08-02,-0.0132612744045015,-0.0126348759104566,-0.012634875910456644,-0.0,-0.0132612744045015,-0.0132612744045015,1.7841986636799727,2.340844716391676,0.8683114184204026
2024-08-05,2024-08-05,2024-08-06,4756.0755,4740.4539,Validation,0,0,0,0,0,0,0,,-0.0197902905513888,-0.0032845567737517,-0.0032845567737517234,-0.0,-0.0,-0.0197902905513888,1.7841986636799727,2.340844716391676,0.8485211278690139
2024-08-06,2024-08-06,2024-08-07,4740.4539,4747.9803,Validation,0,0,0,0,0,0,0,,0.0121282586111974,0.0015876960642946,0.0015876960642946525,0.0,0.0,0.0121282586111974,1.7841986636799727,2.340844716391676,0.8606493864802113
2024-08-07,2024-08-07,2024-08-08,4747.9803,4737.0927,Validation,0,0,0,0,0,0,0,,0.0002451809977992,-0.0022931013424802,-0.002293101342480286,0.0,0.0,0.0002451809977992,1.7841986636799727,2.340844716391676,0.8608945674780104
2024-08-08,2024-08-08,2024-08-09,4737.0927,4778.2568,Validation,0,0,0,0,0,0,0,,0.0008152668905303,0.0086897391727207,0.008689739172720756,0.0,0.0,0.0008152668905303,1.7841986636799727,2.340844716391676,0.8617098343685408
2024-08-09,2024-08-09,2024-08-12,4778.2568,4716.9605,Validation,0,0,0,0,0,0,0,,-0.0074654924017333,-0.0128281719810454,-0.012828171981045466,-0.0,-0.0,-0.0074654924017333,1.7841986636799727,2.340844716391676,0.8542443419668074
2024-08-12,2024-08-12,2024-08-13,4716.9605,4713.9598,Validation,0,0,0,0,0,0,0,,-0.0013032617516002,-0.0006361511825253,-0.0006361511825253574,-0.0,-0.0,-0.0013032617516002,1.7841986636799727,2.340844716391676,0.8529410802152072
2024-08-13,2024-08-13,2024-08-14,4713.9598,4729.8146,Validation,0,0,0,0,0,0,0,,0.0037497041359617,0.0033633719150512,0.0033633719150512054,0.0,0.0,0.0037497041359617,1.7841986636799727,2.340844716391676,0.856690784351169
2024-08-14,2024-08-14,2024-08-15,4729.8146,4656.695,Validation,0,0,0,1,0,-1,-1,2024-08-16,-0.0136864865097904,-0.015459295169836,-0.015459295169836018,-0.0,0.0136864865097904,-0.0136864865097904,1.7841986636799727,2.354531202901466,0.8430042978413785
2024-08-15,2024-08-15,2024-08-16,4656.695,4703.6042,Validation,0,0,0,0,0,-1,-1,2024-08-16,0.0067069658711795,0.0100734963316257,0.010073496331625797,0.0,-0.0067069658711795,0.0067069658711795,1.7841986636799727,2.3478242370302866,0.849711263712558
2024-08-16,2024-08-16,2024-08-19,4703.6042,4666.3308,Validation,0,0,0,0,0,-1,-1,2024-08-16,-0.0059586772022242,-0.0079244337778251,-0.007924433777825146,-0.0,0.0059586772022242,-0.0059586772022242,1.7841986636799727,2.353782914232511,0.8437525865103338
2024-08-19,2024-08-19,2024-08-20,4666.3308,4684.2948,Validation,0,0,0,0,0,0,0,,0.0026944066572416,0.0038497056402431,0.0038497056402431173,0.0,0.0,0.0026944066572416,1.7841986636799727,2.353782914232511,0.8464469931675754
2024-08-20,2024-08-20,2024-08-21,4684.2948,4589.0885,Validation,0,0,0,0,0,0,0,,-0.0172867698201659,-0.0203245747897847,-0.020324574789784777,-0.0,-0.0,-0.0172867698201659,1.7841986636799727,2.353782914232511,0.8291602233474096
2024-08-21,2024-08-21,2024-08-22,4589.0885,4589.4956,Validation,0,0,0,0,0,0,0,,-0.0032350433001062,8.871042691827036e-05,8.871042691827036e-05,-0.0,-0.0,-0.0032350433001062,1.7841986636799727,2.353782914232511,0.8259251800473033
2024-08-22,2024-08-22,2024-08-23,4589.4956,4523.9907,Validation,0,0,0,0,0,0,0,,-0.0117180886716372,-0.0142727884955374,-0.01427278849553748,-0.0,-0.0,-0.0117180886716372,1.7841986636799727,2.353782914232511,0.814207091375666
2024-08-23,2024-08-23,2024-08-26,4523.9907,4542.8564,Validation,0,0,0,0,0,0,0,,0.000820074339848,0.0041701456194416,0.004170145619441623,0.0,0.0,0.000820074339848,1.7841986636799727,2.353782914232511,0.8150271657155141
2024-08-26,2024-08-26,2024-08-27,4542.8564,4532.4861,Validation,0,0,0,1,0,-1,-1,2024-08-28,0.0016028345234362,-0.0022827708135347,-0.0022827708135347846,0.0,-0.0016028345234362,0.0016028345234362,1.7841986636799727,2.3521800797090746,0.8166300002389503
2024-08-27,2024-08-27,2024-08-28,4532.4861,4486.4311,Validation,0,0,0,0,0,-1,-1,2024-08-28,-0.0107988377855854,-0.0101610901796257,-0.010161090179625742,-0.0,0.0107988377855854,-0.0107988377855854,1.7841986636799727,2.36297891749466,0.805831162453365
2024-08-28,2024-08-28,2024-08-29,4486.4311,4483.5534,Validation,0,0,0,0,0,-1,-1,2024-08-28,0.0010507007608147,-0.0006414229787236,-0.0006414229787236048,0.0,-0.0010507007608147,0.0010507007608147,1.7841986636799727,2.3619282167338453,0.8068818632141797
2024-08-29,2024-08-29,2024-08-30,4483.5534,4557.5014,Validation,0,0,0,0,0,0,0,,0.0128648192865756,0.0164931681197328,0.016493168119732893,0.0,0.0,0.0128648192865756,1.7841986636799727,2.3619282167338453,0.8197466825007552
2024-08-30,2024-08-30,2024-09-02,4557.5014,4631.9003,Validation,0,0,0,0,0,0,0,,0.0178182472869199,0.0163244930654327,0.01632449306543271,0.0,0.0,0.0178182472869199,1.7841986636799727,2.3619282167338453,0.837564929787675
2024-09-02,2024-09-02,2024-09-03,4631.9003,4543.2198,Validation,0,0,0,0,0,0,0,,-0.0198812083616649,-0.0191455977582246,-0.019145597758224664,-0.0,-0.0,-0.0198812083616649,1.7841986636799727,2.3619282167338453,0.8176837214260102
2024-09-03,2024-09-03,2024-09-04,4543.2198,4567.6858,Validation,0,0,0,0,0,0,0,,0.0109082854822397,0.0053851675853324,0.005385167585332473,0.0,0.0,0.0109082854822397,1.7841986636799727,2.3619282167338453,0.82859200690825
2024-09-04,2024-09-04,2024-09-05,4567.6858,4585.1677,Validation,0,0,0,0,0,0,0,,-0.003132373914058,0.0038272991544208,0.0038272991544208157,-0.0,-0.0,-0.003132373914058,1.7841986636799727,2.3619282167338453,0.8254596329941919
2024-09-05,2024-09-05,2024-09-06,4585.1677,4609.3419,Validation,0,0,0,0,0,0,0,,0.0041481343423646,0.0052722608161093,0.00527226081610932,0.0,0.0,0.0041481343423646,1.7841986636799727,2.3619282167338453,0.8296077673365565
2024-09-06,2024-09-06,2024-09-09,4609.3419,4517.5658,Validation,0,0,0,0,0,0,0,,-0.0138307846154144,-0.0199108900990833,-0.01991089009908331,-0.0,-0.0,-0.0138307846154144,1.7841986636799727,2.3619282167338453,0.8157769827211421
2024-09-09,2024-09-09,2024-09-10,4517.5658,4509.3236,Validation,0,0,0,0,0,0,0,,-0.0066706565690224,-0.0018244781293502,-0.001824478129350271,-0.0,-0.0,-0.0066706565690224,1.7841986636799727,2.3619282167338453,0.8091063261521197
2024-09-10,2024-09-10,2024-09-11,4509.3236,4490.1867,Validation,0,0,0,0,0,0,0,,0.0001155487993331,-0.0042438515612407,-0.004243851561240741,0.0,0.0,0.0001155487993331,1.7841986636799727,2.3619282167338453,0.8092218749514528
2024-09-11,2024-09-11,2024-09-12,4490.1867,4518.9882,Validation,0,0,0,0,0,0,0,,0.0015991277517257,0.0064143212575102,0.0064143212575102915,0.0,0.0,0.0015991277517257,1.7841986636799727,2.3619282167338453,0.8108210027031785
2024-09-12,2024-09-12,2024-09-13,4518.9882,4500.3949,Validation,0,0,0,1,0,-1,-1,2024-09-18,-0.00405852529963,-0.0041144829720952,-0.004114482972095268,-0.0,0.00405852529963,-0.00405852529963,1.7841986636799727,2.365986742033475,0.8067624774035485
2024-09-13,2024-09-13,2024-09-18,4500.3949,4450.089,Validation,0,0,0,0,0,-1,-1,2024-09-18,-0.0101483970560014,-0.0111781079478159,-0.01117810794781593,-0.0,0.0101483970560014,-0.0101483970560014,1.7841986636799727,2.3761351390894765,0.7966140803475471
2024-09-18,2024-09-18,2024-09-19,4450.089,4481.4635,Validation,0,0,0,0,0,-1,-1,2024-09-18,0.0026761425577819,0.0070503084320336,0.007050308432033692,0.0,-0.0026761425577819,0.0026761425577819,1.7841986636799727,2.373458996531695,0.799290222905329
2024-09-19,2024-09-19,2024-09-20,4481.4635,4514.9598,Validation,0,0,0,0,0,0,0,,0.0128894184036412,0.0074744109820374,0.007474410982037494,0.0,0.0,0.0128894184036412,1.7841986636799727,2.373458996531695,0.8121796413089701
2024-09-20,2024-09-20,2024-09-23,4514.9598,4495.7805,Validation,0,0,0,0,0,0,0,,-0.0048676731468025,-0.0042479447989769,-0.004247944798976944,-0.0,-0.0,-0.0048676731468025,1.7841986636799727,2.373458996531695,0.8073119681621677
2024-09-23,2024-09-23,2024-09-24,4495.7805,4524.2214,Validation,0,0,0,0,0,0,0,,-0.0008230277760925,0.0063261318029206,0.0063261318029206315,-0.0,-0.0,-0.0008230277760925,1.7841986636799727,2.373458996531695,0.8064889403860752
2024-09-24,2024-09-24,2024-09-25,4524.2214,4743.6343,Validation,0,0,0,0,1,1,1,2024-09-30,0.0433642131940734,0.0484973834392807,0.04849738343928078,0.0,0.0433642131940734,0.0433642131940734,1.7841986636799727,2.4168232097257683,0.8498531535801486
2024-09-25,2024-09-25,2024-09-26,4743.6343,4725.996,Validation,0,0,0,0,0,1,1,2024-09-30,0.0089302141224774,-0.0037183093983446,-0.0037183093983446103,0.0,0.0089302141224774,0.0089302141224774,1.7841986636799727,2.4257534238482457,0.858783367702626
2024-09-26,2024-09-26,2024-09-27,4725.996,5027.2644,Validation,1,0,0,0,0,1,0,,0.0436879362473716,0.0637470704587985,0.06374707045879857,0.0436879362473716,0.0436879362473716,0.0436879362473716,1.8278865999273441,2.469441360095617,0.9024713039499976
2024-09-27,2024-09-27,2024-09-30,5027.2644,5449.7889,Validation,1,0,0,0,0,1,0,,0.0533559918657546,0.08404660395423,0.08404660395423003,0.0533559918657546,0.0533559918657546,0.0533559918657546,1.8812425917930988,2.522797351961372,0.9558272958157522
2024-09-30,2024-09-30,2024-10-08,5449.7889,6417.8142,Validation,1,0,0,0,0,1,0,,0.1041111523970321,0.1776262012644196,0.17762620126441964,0.1041111523970321,0.1041111523970321,0.1041111523970321,1.9853537441901308,2.626908504358404,1.0599384482127843
2024-10-08,2024-10-08,2024-10-09,6417.8142,6013.7015,Validation,1,0,0,0,0,1,0,,0.0718002993792503,-0.0629673417469767,-0.06296734174697671,0.0718002993792503,0.0718002993792503,0.0718002993792503,2.057154043569381,2.6987088037376545,1.1317387475920346
2024-10-09,2024-10-09,2024-10-10,6013.7015,5768.6107,Validation,1,0,1,0,0,0,0,,-0.0682211236023396,-0.0407553983183235,-0.04075539831832353,-0.0682211236023396,-0.0,-0.0682211236023396,1.9889329199670416,2.6987088037376545,1.063517623989695
2024-10-10,2024-10-10,2024-10-11,5768.6107,5650.0488,Validation,1,0,1,0,0,0,0,,-0.0078036264822013,-0.0205529383357419,-0.0205529383357419,-0.0078036264822013,-0.0,-0.0078036264822013,1.9811292934848401,2.6987088037376545,1.0557139975074936
2024-10-11,2024-10-11,2024-10-14,5650.0488,5503.6461,Validation,1,0,1,0,0,0,0,,-0.0386704367206898,-0.0259117584966699,-0.025911758496669934,-0.0386704367206898,-0.0,-0.0386704367206898,1.9424588567641505,2.6987088037376545,1.0170435607868038
2024-10-14,2024-10-14,2024-10-15,5503.6461,5578.2611,Validation,1,0,1,0,0,0,0,,0.0251040736484282,0.0135573760820122,0.01355737608201224,0.0251040736484282,0.0,0.0251040736484282,1.9675629304125786,2.6987088037376545,1.042147634435232
2024-10-15,2024-10-15,2024-10-16,5578.2611,5393.6657,Validation,1,0,1,0,0,0,0,,-0.0241778353764599,-0.033091925367208,-0.033091925367208064,-0.0241778353764599,-0.0,-0.0241778353764599,1.9433850950361187,2.6987088037376545,1.0179697990587722
2024-10-16,2024-10-16,2024-10-17,5393.6657,5499.7659,Validation,1,0,1,0,0,0,0,,-0.0020963315157805,0.0196712599373745,0.019671259937374508,-0.0020963315157805,-0.0,-0.0020963315157805,1.9412887635203382,2.6987088037376545,1.0158734675429917
2024-10-17,2024-10-17,2024-10-18,5499.7659,5416.0319,Validation,0,0,0,0,0,0,0,,-0.007708977096266,-0.0152250116682239,-0.015225011668223987,-0.0,-0.0,-0.007708977096266,1.9412887635203382,2.6987088037376545,1.0081644904467257
2024-10-18,2024-10-18,2024-10-21,5416.0319,5680.5648,Validation,0,0,0,0,0,0,0,,0.0407883331285288,0.0488425668246157,0.04884256682461574,0.0,0.0,0.0407883331285288,1.9412887635203382,2.6987088037376545,1.0489528235752545
2024-10-21,2024-10-21,2024-10-22,5680.5648,5703.3196,Validation,0,0,0,0,0,0,0,,0.0113838607446024,0.0040057284444672,0.004005728444467227,0.0,0.0,0.0113838607446024,1.9412887635203382,2.6987088037376545,1.060336684319857
2024-10-22,2024-10-22,2024-10-23,5703.3196,5745.1069,Validation,0,0,0,0,0,0,0,,0.0086996393024467,0.0073268382154141,0.007326838215414133,0.0,0.0,0.0086996393024467,1.9412887635203382,2.6987088037376545,1.0690363236223037
2024-10-23,2024-10-23,2024-10-24,5745.1069,5747.5577,Validation,0,0,0,0,1,1,1,2024-10-29,0.00391621282704,0.0004265891031549,0.0004265891031549618,0.0,0.00391621282704,0.00391621282704,1.9412887635203382,2.702625016564695,1.0729525364493435
2024-10-24,2024-10-24,2024-10-25,5747.5577,5735.2853,Validation,1,0,0,0,0,1,0,,-0.0086003473107652,-0.0021352373722147,-0.002135237372214771,-0.0086003473107652,-0.0086003473107652,-0.0086003473107652,1.932688416209573,2.6940246692539294,1.0643521891385783
2024-10-25,2024-10-25,2024-10-28,5735.2853,5816.3296,Validation,1,0,0,0,0,1,0,,0.014490673614514,0.0141308227508751,0.014130822750875183,0.014490673614514,0.014490673614514,0.014490673614514,1.947179089824087,2.708515342868443,1.0788428627530924
2024-10-28,2024-10-28,2024-10-29,5816.3296,5903.3065,Validation,1,0,0,0,0,1,0,,0.0127429220423356,0.014953915266425,0.014953915266425089,0.0127429220423356,0.0127429220423356,0.0127429220423356,1.9599220118664227,2.7212582649107793,1.091585784795428
2024-10-29,2024-10-29,2024-10-30,5903.3065,5793.8326,Validation,1,0,0,0,0,1,0,,-0.0120997763948772,-0.0185445055241498,-0.01854450552414988,-0.0120997763948772,-0.0120997763948772,-0.0120997763948772,1.9478222354715453,2.709158488515902,1.0794860084005509
2024-10-30,2024-10-30,2024-10-31,5793.8326,5839.9766,Validation,1,0,0,0,0,1,0,,0.0043707655907276,0.0079643308990322,0.007964330899032257,0.0043707655907276,0.0043707655907276,0.0043707655907276,1.9521930010622728,2.7135292541066294,1.0838567739912783
2024-10-31,2024-10-31,2024-11-01,5839.9766,5893.3192,Validation,1,0,0,0,0,1,0,,0.0108525725317405,0.0091340434480506,0.009134043448050688,0.0108525725317405,0.0108525725317405,0.0108525725317405,1.9630455735940133,2.7243818266383704,1.0947093465230189
2024-11-01,2024-11-01,2024-11-04,5893.3192,5835.3918,Validation,1,0,1,0,0,0,0,,-0.0117717813039669,-0.0098293335273609,-0.009829333527360928,-0.0117717813039669,-0.0,-0.0117717813039669,1.9512737922900465,2.7243818266383704,1.082937565219052
2024-11-04,2024-11-04,2024-11-05,5835.3918,5925.8652,Validation,1,0,0,0,0,1,0,,0.0166477654829535,0.015504254572932,0.01550425457293203,0.0166477654829535,0.0166477654829535,0.0166477654829535,1.967921557773,2.7410295921213237,1.0995853307020056
2024-11-05,2024-11-05,2024-11-06,5925.8652,6134.9236,Validation,0,0,0,0,1,1,1,2024-11-11,0.0308762059660729,0.0352789665212094,0.03527896652120943,0.0,0.0308762059660729,0.0308762059660729,1.967921557773,2.7719057980873965,1.1304615366680784
2024-11-06,2024-11-06,2024-11-07,6134.9236,6061.7349,Validation,0,0,0,0,0,1,1,2024-11-11,0.0022604984019312,-0.0119298470155356,-0.011929847015535677,0.0,0.0022604984019312,0.0022604984019312,1.967921557773,2.774166296489328,1.1327220350700096
2024-11-07,2024-11-07,2024-11-08,6061.7349,6306.7986,Validation,1,0,0,0,0,1,0,,0.0185727978649208,0.0404279804450042,0.040427980445004286,0.0185727978649208,0.0185727978649208,0.0185727978649208,1.9864943556379209,2.792739094354249,1.1512948329349304
2024-11-08,2024-11-08,2024-11-11,6306.7986,6211.0328,Validation,1,0,0,0,0,1,0,,-0.0027429499113063,-0.0151845343531343,-0.015184534353134382,-0.0027429499113063,-0.0027429499113063,-0.0027429499113063,1.9837514057266146,2.7899961444429424,1.148551883023624
2024-11-11,2024-11-11,2024-11-12,6211.0328,6349.2295,Validation,1,0,0,0,0,1,0,,0.0173838740237961,0.0222501964568597,0.022250196456859772,0.0173838740237961,0.0173838740237961,0.0173838740237961,2.001135279750411,2.8073800184667386,1.1659357570474203
2024-11-12,2024-11-12,2024-11-13,6349.2295,6234.1577,Validation,1,0,0,0,0,1,0,,-0.0105411872135271,-0.0181237424163043,-0.018123742416304323,-0.0105411872135271,-0.0105411872135271,-0.0105411872135271,1.9905940925368837,2.7968388312532113,1.1553945698338932
2024-11-13,2024-11-13,2024-11-14,6234.1577,6240.6093,Validation,1,0,1,0,0,0,0,,-0.0006452547086208,0.0010348791786258,0.0010348791786258804,-0.0006452547086208,-0.0,-0.0006452547086208,1.9899488378282628,2.7968388312532113,1.1547493151252723
2024-11-14,2024-11-14,2024-11-15,6240.6093,6055.5354,Validation,0,0,0,0,0,0,0,,-0.0290001126546149,-0.0296563830714414,-0.029656383071441472,-0.0,-0.0,-0.0290001126546149,1.9899488378282628,2.7968388312532113,1.1257492024706575
2024-11-15,2024-11-15,2024-11-18,6055.5354,5940.4862,Validation,0,0,0,0,0,0,0,,-0.0253066763627906,-0.0189990136957995,-0.018999013695799594,-0.0,-0.0,-0.0253066763627906,1.9899488378282628,2.7968388312532113,1.1004425261078667
2024-11-18,2024-11-18,2024-11-19,5940.4862,5836.6108,Validation,0,0,0,0,0,0,0,,-0.0154355399155984,-0.0174860098151562,-0.017486009815156245,-0.0,-0.0,-0.0154355399155984,1.9899488378282628,2.7968388312532113,1.0850069861922684
2024-11-19,2024-11-19,2024-11-20,5836.6108,5920.3229,Validation,0,0,0,1,0,-1,-1,2024-11-21,0.0177550256077632,0.0143425873111155,0.014342587311115595,0.0,-0.0177550256077632,0.0177550256077632,1.9899488378282628,2.779083805645448,1.1027620118000316
2024-11-20,2024-11-20,2024-11-21,5920.3229,5973.1547,Validation,0,0,0,0,0,-1,-1,2024-11-21,0.0093974473442424,0.0089238038013095,0.008923803801309527,0.0,-0.0093974473442424,0.0093974473442424,1.9899488378282628,2.7696863583012057,1.112159459144274
2024-11-21,2024-11-21,2024-11-22,5973.1547,5969.0753,Validation,0,0,0,0,0,-1,-1,2024-11-21,-0.0011810979471564,-0.0006829556917384,-0.0006829556917384849,-0.0,0.0011810979471564,-0.0011810979471564,1.9899488378282628,2.7708674562483626,1.1109783611971176
2024-11-22,2024-11-22,2024-11-25,5969.0753,5754.5473,Validation,0,0,0,0,1,1,1,2024-11-28,-0.0392739874848311,-0.0359399051306992,-0.03593990513069922,-0.0,-0.0392739874848311,-0.0392739874848311,1.9899488378282628,2.7315934687635313,1.0717043737122864
2024-11-25,2024-11-25,2024-11-26,5754.5473,5727.3734,Validation,0,0,0,0,0,1,1,2024-11-28,-0.0025383958810665,-0.0047221612028456,-0.004722161202845632,-0.0,-0.0025383958810665,-0.0025383958810665,1.9899488378282628,2.7290550728824647,1.06916597783122
2024-11-26,2024-11-26,2024-11-27,5727.3734,5669.5549,Validation,0,0,0,0,0,1,1,2024-11-28,-0.0078753245948981,-0.0100951162010844,-0.010095116201084497,-0.0,-0.0078753245948981,-0.0078753245948981,1.9899488378282628,2.7211797482875664,1.061290653236322
2024-11-27,2024-11-27,2024-11-28,5669.5549,5802.797,Validation,0,0,0,0,0,1,1,2024-11-28,0.0201138772284767,0.0235013334115521,0.02350133341155214,0.0,0.0201138772284767,0.0201138772284767,1.9899488378282628,2.741293625516043,1.0814045304647986
2024-11-28,2024-11-28,2024-11-29,5802.797,5748.1665,Validation,0,0,0,0,0,1,1,2024-11-28,-0.0081551792260685,-0.0094145116570507,-0.009414511657050761,-0.0,-0.0081551792260685,-0.0081551792260685,1.9899488378282628,2.733138446289975,1.0732493512387302
2024-11-29,2024-11-29,2024-12-02,5748.1665,5853.7053,Validation,0,0,0,0,0,0,0,,0.0163856567579891,0.0183604284948948,0.01836042849489483,0.0,0.0,0.0163856567579891,1.9899488378282628,2.733138446289975,1.0896350079967192
2024-12-02,2024-12-02,2024-12-03,5853.7053,5946.7352,Validation,0,0,0,0,0,0,0,,0.0156676287695094,0.0158924809556095,0.015892480955609578,0.0,0.0,0.0156676287695094,1.9899488378282628,2.733138446289975,1.1053026367662286
2024-12-03,2024-12-03,2024-12-04,5946.7352,5929.4763,Validation,0,0,0,0,0,0,0,,-0.0019354856619895,-0.0029022479427029,-0.0029022479427029957,-0.0,-0.0,-0.0019354856619895,1.9899488378282628,2.733138446289975,1.103367151104239
2024-12-04,2024-12-04,2024-12-05,5929.4763,5855.7419,Validation,0,0,0,0,0,0,0,,-0.0089093264740888,-0.0124352297352129,-0.012435229735212938,-0.0,-0.0,-0.0089093264740888,1.9899488378282628,2.733138446289975,1.0944578246301504
2024-12-05,2024-12-05,2024-12-06,5855.7419,5903.4988,Validation,0,0,0,0,0,0,0,,0.0038638133530022,0.0081555677855269,0.008155567785526951,0.0,0.0,0.0038638133530022,1.9899488378282628,2.733138446289975,1.0983216379831524
2024-12-06,2024-12-06,2024-12-09,5903.4988,5983.3343,Validation,0,0,0,1,0,-1,-1,2024-12-10,0.0130822237308294,0.0135234210600669,0.013523421060066987,0.0,-0.0130822237308294,0.0130822237308294,1.9899488378282628,2.7200562225591454,1.1114038617139819
2024-12-09,2024-12-09,2024-12-10,5983.3343,6132.291,Validation,0,0,0,0,0,-1,-1,2024-12-10,-0.0053666236452821,0.0248952661729096,0.024895266172909603,-0.0,0.0053666236452821,-0.0053666236452821,1.9899488378282628,2.7254228462044274,1.1060372380686998
2024-12-10,2024-12-10,2024-12-11,6132.291,5973.326,Validation,0,0,0,0,1,0,0,,0.0075641460004205,-0.0259226119569342,-0.02592261195693424,0.0,0.0,0.0075641460004205,1.9899488378282628,2.7254228462044274,1.1136013840691203
2024-12-11,2024-12-11,2024-12-12,5973.326,6048.7814,Validation,0,0,0,0,0,0,0,,0.0091806474922111,0.012632057918821,0.012632057918821049,0.0,0.0,0.0091806474922111,1.9899488378282628,2.7254228462044274,1.1227820315613315
2024-12-12,2024-12-12,2024-12-13,6048.7814,6065.9542,Validation,0,0,0,0,0,0,0,,0.0088123986601853,0.002839051184756,0.002839051184756025,0.0,0.0,0.0088123986601853,1.9899488378282628,2.7254228462044274,1.1315944302215168
2024-12-13,2024-12-13,2024-12-16,6065.9542,5983.1598,Validation,0,0,0,0,0,0,0,,-0.0183762705838121,-0.0136490315076892,-0.013649031507689258,-0.0,-0.0,-0.0183762705838121,1.9899488378282628,2.7254228462044274,1.1132181596377047
2024-12-16,2024-12-16,2024-12-17,5983.1598,5896.9676,Validation,0,0,0,0,0,0,0,,-0.0126397643935868,-0.0144057994239098,-0.014405799423909849,-0.0,-0.0,-0.0126397643935868,1.9899488378282628,2.7254228462044274,1.100578395244118
2024-12-17,2024-12-17,2024-12-18,5896.9676,5861.2624,Validation,0,0,0,0,0,0,0,,-0.0108985192203214,-0.0060548407964798,-0.006054840796479888,-0.0,-0.0,-0.0108985192203214,1.9899488378282628,2.7254228462044274,1.0896798760237965
2024-12-18,2024-12-18,2024-12-19,5861.2624,5829.2631,Validation,0,0,0,0,0,0,0,,0.0069172834928603,-0.0054594552873113,-0.005459455287311399,0.0,0.0,0.0069172834928603,1.9899488378282628,2.7254228462044274,1.0965971595166568
2024-12-19,2024-12-19,2024-12-20,5829.2631,5889.946,Validation,0,0,0,0,0,0,0,,0.0022584762783486,0.0104100465117109,0.010410046511710958,0.0,0.0,0.0022584762783486,1.9899488378282628,2.7254228462044274,1.0988556357950054
2024-12-20,2024-12-20,2024-12-23,5889.946,5917.6939,Validation,0,0,0,0,0,0,0,,0.0025855334594337,0.0047110618671206,0.004711061867120669,0.0,0.0,0.0025855334594337,1.9899488378282628,2.7254228462044274,1.101441169254439
2024-12-23,2024-12-23,2024-12-24,5917.6939,5827.1597,Validation,0,0,0,1,0,-1,-1,2024-12-25,-0.0166674296996889,-0.0152988987821759,-0.01529889878217594,-0.0,0.0166674296996889,-0.0166674296996889,1.9899488378282628,2.7420902759041166,1.08477373955475
2024-12-24,2024-12-24,2024-12-25,5827.1597,5896.4295,Validation,0,0,0,0,0,-1,-1,2024-12-25,0.0131834369072298,0.0118874037380509,0.011887403738050972,0.0,-0.0131834369072298,0.0131834369072298,1.9899488378282628,2.7289068389968865,1.09795717646198
2024-12-25,2024-12-25,2024-12-26,5896.4295,5830.7212,Validation,0,0,0,0,0,-1,-1,2024-12-25,-0.0093245428805975,-0.0111437438538016,-0.01114374385380168,-0.0,0.0093245428805975,-0.0093245428805975,1.9899488378282628,2.738231381877484,1.0886326335813825
2024-12-26,2024-12-26,2024-12-27,5830.7212,5892.6943,Validation,0,0,0,0,0,0,0,,0.0080084394455213,0.0106287194798475,0.01062871947984756,0.0,0.0,0.0080084394455213,1.9899488378282628,2.738231381877484,1.0966410730269038
2024-12-27,2024-12-27,2024-12-30,5892.6943,5890.4633,Validation,0,0,0,0,1,1,1,2025-01-03,0.0020563743144819,-0.0003786044017249,-0.0003786044017249912,0.0,0.0020563743144819,0.0020563743144819,1.9899488378282628,2.740287756191966,1.0986974473413857
2024-12-30,2024-12-30,2024-12-31,5890.4633,5902.033,Validation,0,0,0,0,0,1,1,2025-01-03,-4.788812114397967e-05,0.0019641409191022,0.001964140919102242,-0.0,-4.788812114397967e-05,-4.788812114397967e-05,1.9899488378282628,2.7402398680708218,1.0986495592202417
2024-12-31,2024-12-31,2025-01-02,5902.033,5717.9157,Validation,0,0,0,0,0,1,1,2025-01-03,-0.029353281061299,-0.0311955727797524,-0.03119557277975249,-0.0,-0.029353281061299,-0.029353281061299,1.9899488378282628,2.7108865870095227,1.0692962781589426
2025-01-02,2025-01-02,2025-01-03,5717.9157,5552.75,Test,0,0,0,0,0,1,1,2025-01-03,-0.0314221810296269,-0.0288856479643446,-0.028885647964344674,-0.0,-0.0314221810296269,-0.0314221810296269,1.9899488378282628,2.6794644059798958,1.0378740971293157
2025-01-03,2025-01-03,2025-01-06,5552.75,5421.0653,Test,0,0,0,0,0,1,1,2025-01-03,-0.0212796944955309,-0.0237152221872044,-0.023715222187204454,-0.0,-0.0212796944955309,-0.0212796944955309,1.9899488378282628,2.658184711484365,1.016594402633785
2025-01-06,2025-01-06,2025-01-07,5421.0653,5429.1729,Test,0,0,0,0,0,0,0,,-0.0001295920020401,0.0014955732040342,0.0014955732040342617,-0.0,-0.0,-0.0001295920020401,1.9899488378282628,2.658184711484365,1.0164648106317449
2025-01-07,2025-01-07,2025-01-08,5429.1729,5462.324,Test,0,0,0,0,0,0,0,,0.0106104535705409,0.0061061050385777,0.00610610503857778,0.0,0.0,0.0106104535705409,1.9899488378282628,2.658184711484365,1.0270752642022856
2025-01-08,2025-01-08,2025-01-09,5462.324,5437.8128,Test,0,0,0,0,0,0,0,,-0.0042114727214855,-0.004487320781411,-0.004487320781411008,-0.0,-0.0,-0.0042114727214855,1.9899488378282628,2.658184711484365,1.0228637914808
2025-01-09,2025-01-09,2025-01-10,5437.8128,5449.0014,Test,0,0,0,0,0,0,0,,-0.0009154483529977,0.0020575551993993,0.002057555199399319,-0.0,-0.0,-0.0009154483529977,1.9899488378282628,2.658184711484365,1.0219483431278025
2025-01-10,2025-01-10,2025-01-13,5449.0014,5319.7013,Test,0,0,0,0,0,0,0,,-0.0159999668657306,-0.0237291368653347,-0.023729136865334732,-0.0,-0.0,-0.0159999668657306,1.9899488378282628,2.658184711484365,1.0059483762620718
2025-01-13,2025-01-13,2025-01-14,5319.7013,5393.763,Test,0,0,0,0,0,0,0,,0.0023124697270924,0.0139221538622855,0.013922153862285569,0.0,0.0,0.0023124697270924,1.9899488378282628,2.658184711484365,1.0082608459891642
2025-01-14,2025-01-14,2025-01-15,5393.763,5559.5785,Test,0,0,0,0,1,1,1,2025-01-20,0.0354116528365195,0.0307420811778345,0.0307420811778345,0.0,0.0354116528365195,0.0354116528365195,1.9899488378282628,2.6935963643208845,1.0436724988256838
2025-01-15,2025-01-15,2025-01-16,5559.5785,5546.6997,Test,0,0,0,0,0,1,1,2025-01-20,-0.0089394771490166,-0.0023165065481132,-0.0023165065481132174,-0.0,-0.0089394771490166,-0.0089394771490166,1.9899488378282628,2.684656887171868,1.0347330216766673
2025-01-16,2025-01-16,2025-01-17,5546.6997,5524.205,Test,0,0,0,0,0,1,1,2025-01-20,0.004196427714538,-0.0040555107030583,-0.004055510703058318,0.0,0.004196427714538,0.004196427714538,1.9899488378282628,2.6888533148864058,1.0389294493912051
2025-01-17,2025-01-17,2025-01-20,5524.205,5621.9247,Test,0,0,0,0,0,1,1,2025-01-20,0.0075122705546215,0.0176893688775126,0.0176893688775126,0.0,0.0075122705546215,0.0075122705546215,1.9899488378282628,2.6963655854410273,1.0464417199458267
2025-01-20,2025-01-20,2025-01-21,5621.9247,5639.6037,Test,0,0,0,1,0,0,0,,0.0048390509760012,0.0031446525777907,0.0031446525777907297,0.0,0.0,0.0048390509760012,1.9899488378282628,2.6963655854410273,1.051280770921828
2025-01-21,2025-01-21,2025-01-22,5639.6037,5606.8472,Test,0,0,0,0,0,0,0,,0.0034899616091397,-0.0058082981965558,-0.005808298196555817,0.0,0.0,0.0034899616091397,1.9899488378282628,2.6963655854410273,1.0547707325309676
2025-01-22,2025-01-22,2025-01-23,5606.8472,5659.3685,Test,0,0,0,0,0,0,0,,-0.0047685229173004,0.00936734997879,0.009367349978790074,-0.0,-0.0,-0.0047685229173004,1.9899488378282628,2.6963655854410273,1.0500022096136672
2025-01-23,2025-01-23,2025-01-24,5659.3685,5570.48,Test,0,0,0,0,0,0,0,,-0.0040671229557511,-0.0157064343839776,-0.015706434383977674,-0.0,-0.0,-0.0040671229557511,1.9899488378282628,2.6963655854410273,1.045935086657916
2025-01-24,2025-01-24,2025-01-27,5570.48,5660.4848,Test,0,0,0,0,0,0,0,,0.0117644345311751,0.0161574586032084,0.016157458603208497,0.0,0.0,0.0117644345311751,1.9899488378282628,2.6963655854410273,1.0576995211890912
2025-01-27,2025-01-27,2025-02-05,5660.4848,5643.1747,Test,0,0,0,0,0,0,0,,-0.01072703222315,-0.0030580596206177,-0.0030580596206177812,-0.0,-0.0,-0.01072703222315,1.9899488378282628,2.6963655854410273,1.046972488965941
2025-02-05,2025-02-05,2025-02-06,5643.1747,5606.8707,Test,0,0,0,0,0,0,0,,0.004480669571337,-0.0064332582154508,-0.006433258215450821,0.0,0.0,0.004480669571337,1.9899488378282628,2.6963655854410273,1.0514531585372782
2025-02-06,2025-02-06,2025-02-07,5606.8707,5750.2887,Test,0,0,0,0,1,1,1,2025-02-12,0.0237806897251404,0.0255789740255647,0.02557897402556475,0.0,0.0237806897251404,0.0237806897251404,1.9899488378282628,2.720146275166168,1.0752338482624186
2025-02-07,2025-02-07,2025-02-10,5750.2887,5858.2425,Test,0,0,0,0,0,1,1,2025-02-12,0.0149771363502211,0.0187736313135025,0.018773631313502515,0.0,0.0149771363502211,0.0149771363502211,1.9899488378282628,2.735123411516389,1.0902109846126398
2025-02-10,2025-02-10,2025-02-11,5858.2425,5890.3732,Test,1,0,0,0,0,1,0,,0.0093525384684094,0.0054846995493955,0.005484699549395566,0.0093525384684094,0.0093525384684094,0.0093525384684094,1.9993013762966723,2.744475949984799,1.099563523081049
2025-02-11,2025-02-11,2025-02-12,5890.3732,5841.3618,Test,1,0,0,0,0,1,0,,-0.0051405516423403,-0.0083205933369383,-0.008320593336938353,-0.0051405516423403,-0.0051405516423403,-0.0051405516423403,1.9941608246543319,2.739335398342458,1.0944229714387088
2025-02-12,2025-02-12,2025-02-13,5841.3618,5938.2034,Test,1,0,0,0,0,1,0,,0.0140398535030885,0.0165785998737486,0.016578599873748656,0.0140398535030885,0.0140398535030885,0.0140398535030885,2.0082006781574204,2.7533752518455468,1.1084628249417974
2025-02-13,2025-02-13,2025-02-14,5938.2034,5893.9342,Test,1,0,0,0,0,1,0,,-0.0071153248466943,-0.007454982091048,-0.007454982091048001,-0.0071153248466943,-0.0071153248466943,-0.0071153248466943,2.0010853533107262,2.7462599269988526,1.101347500095103
2025-02-14,2025-02-14,2025-02-17,5893.9342,5979.8446,Test,1,0,0,0,0,1,0,,0.0083982209604116,0.0145760704284756,0.01457607042847564,0.0083982209604116,0.0083982209604116,0.0083982209604116,2.0094835742711377,2.7546581479592644,1.1097457210555146
2025-02-17,2025-02-17,2025-02-18,5979.8446,5935.4993,Test,1,0,0,0,0,1,0,,0.0001553012241843,-0.0074157947181436,-0.007415794718143687,0.0001553012241843,0.0001553012241843,0.0001553012241843,2.0096388754953223,2.7548134491834486,1.1099010222796988
2025-02-18,2025-02-18,2025-02-19,5935.4993,5834.9547,Test,1,0,0,0,0,1,0,,-0.0181565959478642,-0.0169395353142405,-0.016939535314240528,-0.0181565959478642,-0.0181565959478642,-0.0181565959478642,1.991482279547458,2.7366568532355844,1.0917444263318345
2025-02-19,2025-02-19,2025-02-20,5834.9547,5941.599,Test,1,0,0,0,0,1,0,,0.0176641330939288,0.0182767999895525,0.01827679998955256,0.0176641330939288,0.0176641330939288,0.0176641330939288,2.009146412641387,2.754320986329513,1.1094085594257634
2025-02-20,2025-02-20,2025-02-21,5941.599,5969.6462,Test,1,0,1,0,0,0,0,,0.0022988678628443,0.004720480126646,0.004720480126646054,0.0022988678628443,0.0,0.0022988678628443,2.0114452805042315,2.754320986329513,1.1117074272886078
2025-02-21,2025-02-21,2025-02-24,5969.6462,6057.3801,Test,1,0,1,0,0,0,0,,0.0167045779667853,0.0146966666131738,0.014696666613173814,0.0167045779667853,0.0,0.0167045779667853,2.028149858471017,2.754320986329513,1.128412005255393
2025-02-24,2025-02-24,2025-02-25,6057.3801,5967.0367,Test,1,0,1,0,0,0,0,,-0.0019963134619263,-0.0149145997953803,-0.014914599795380346,-0.0019963134619263,-0.0,-0.0019963134619263,2.02615354500909,2.754320986329513,1.1264156917934667
2025-02-25,2025-02-25,2025-02-26,5967.0367,5990.2901,Test,1,0,1,0,0,0,0,,-0.0107540099848254,0.0038969761992582,0.0038969761992582175,-0.0107540099848254,-0.0,-0.0107540099848254,2.0153995350242653,2.754320986329513,1.1156616818086413
2025-02-26,2025-02-26,2025-02-27,5990.2901,6050.1864,Test,1,0,1,0,0,0,0,,0.0120025445632603,0.0099988980500291,0.009998898050029181,0.0120025445632603,0.0,0.0120025445632603,2.0274020795875254,2.754320986329513,1.1276642263719017
2025-02-27,2025-02-27,2025-02-28,6050.1864,5997.9175,Test,1,0,1,0,0,0,0,,-0.0037599929316197,-0.0086392214296074,-0.008639221429607491,-0.0037599929316197,-0.0,-0.0037599929316197,2.0236420866559057,2.754320986329513,1.123904233440282
2025-02-28,2025-02-28,2025-03-03,5997.9175,5875.9522,Test,1,0,1,0,0,0,0,,-0.0280502909146109,-0.0203346078034584,-0.020334607803458415,-0.0280502909146109,-0.0,-0.0280502909146109,1.9955917957412947,2.754320986329513,1.095853942525671
2025-03-03,2025-03-03,2025-03-04,5875.9522,5845.4712,Test,1,0,0,0,0,1,0,,0.0044196878879991,-0.0051874145606561,-0.0051874145606561894,0.0044196878879991,0.0044196878879991,0.0044196878879991,2.0000114836292937,2.7587406742175125,1.1002736304136702
2025-03-04,2025-03-04,2025-03-05,5845.4712,5937.1074,Test,1,0,0,0,0,1,0,,0.0088111841822691,0.01567644367147,0.01567644367147003,0.0088111841822691,0.0088111841822691,0.0088111841822691,2.008822667811563,2.7675518583997816,1.1090848145959393
2025-03-05,2025-03-05,2025-03-06,5937.1074,5980.3798,Test,1,0,0,0,0,1,0,,0.0022017538242784,0.0072884650865503,0.007288465086550344,0.0022017538242784,0.0022017538242784,0.0022017538242784,2.0110244216358417,2.76975361222406,1.1112865684202176
2025-03-06,2025-03-06,2025-03-07,5980.3798,6029.3813,Test,1,0,0,0,0,1,0,,0.0163123572920806,0.0081937103727092,0.008193710372709218,0.0163123572920806,0.0163123572920806,0.0163123572920806,2.027336778927922,2.786065969516141,1.1275989257122983
2025-03-07,2025-03-07,2025-03-10,6029.3813,6022.6814,Test,1,0,0,0,0,1,0,,-0.0056216888020308,-0.0011112085414136,-0.0011112085414136663,-0.0056216888020308,-0.0056216888020308,-0.0056216888020308,2.021715090125891,2.78044428071411,1.1219772369102674
2025-03-10,2025-03-10,2025-03-11,6022.6814,5944.4197,Test,1,0,0,0,0,1,0,,-2.5873932390618748e-05,-0.0129944944456135,-0.012994494445613514,-2.5873932390618748e-05,-2.5873932390618748e-05,-2.5873932390618748e-05,2.0216892161935007,2.7804184067817195,1.1219513629778768
2025-03-11,2025-03-11,2025-03-12,5944.4197,6068.3762,Test,1,0,0,0,0,1,0,,0.0052140149681245,0.0208525821284117,0.02085258212841179,0.0052140149681245,0.0052140149681245,0.0052140149681245,2.0269032311616253,2.7856324217498436,1.1271653779460014
2025-03-12,2025-03-12,2025-03-13,6068.3762,6032.8545,Test,1,0,0,0,0,1,0,,-0.0007407310357089,-0.0058535757885279,-0.005853575788527965,-0.0007407310357089,-0.0007407310357089,-0.0007407310357089,2.0261625001259165,2.784891690714135,1.1264246469102925
2025-03-13,2025-03-13,2025-03-14,6032.8545,5993.9702,Test,1,0,0,0,0,1,0,,-0.0077029264067945,-0.006445423140903,-0.006445423140903017,-0.0077029264067945,-0.0077029264067945,-0.0077029264067945,2.018459573719122,2.7771887643073407,1.1187217205034978
2025-03-14,2025-03-14,2025-03-17,5993.9702,6119.6064,Test,1,0,0,0,0,1,0,,0.0176867673779317,0.0209604312013429,0.020960431201342944,0.0176867673779317,0.0176867673779317,0.0176867673779317,2.0361463410970537,2.794875531685272,1.1364084878814296
2025-03-17,2025-03-17,2025-03-18,6119.6064,6126.0357,Test,1,0,0,0,0,1,0,,0.0013174959285529,0.0010506067841227,0.0010506067841227207,0.0013174959285529,0.0013174959285529,0.0013174959285529,2.037463837025607,2.796193027613825,1.1377259838099825
2025-03-18,2025-03-18,2025-03-19,6126.0357,6117.4233,Test,1,0,0,0,0,1,0,,0.0041395100105801,-0.0014058683987101,-0.0014058683987101528,0.0041395100105801,0.0041395100105801,0.0041395100105801,2.0416033470361867,2.8003325376244055,1.1418654938205626
2025-03-19,2025-03-19,2025-03-20,6117.4233,6094.8426,Test,1,0,0,0,0,1,0,,-0.0051953908415204,-0.003691210971129,-0.003691210971129011,-0.0051953908415204,-0.0051953908415204,-0.0051953908415204,2.036407956194666,2.795137146782885,1.1366701029790423
2025-03-20,2025-03-20,2025-03-21,6094.8426,6038.9899,Test,1,0,0,0,0,1,0,,-0.0068755935179793,-0.0091639282038227,-0.009163928203822724,-0.0068755935179793,-0.0068755935179793,-0.0068755935179793,2.029532362676687,2.7882615532649053,1.1297945094610629
2025-03-21,2025-03-21,2025-03-24,6038.9899,5973.0466,Test,1,0,0,0,0,1,0,,-0.0144493611248439,-0.0109195910395544,-0.010919591039554422,-0.0144493611248439,-0.0144493611248439,-0.0144493611248439,2.015083001551843,2.7738121921400616,1.115345148336219
2025-03-24,2025-03-24,2025-03-25,5973.0466,5969.4164,Test,1,0,0,0,0,1,0,,-0.0004774503225103,-0.0006077635490069,-0.0006077635490069344,-0.0004774503225103,-0.0004774503225103,-0.0004774503225103,2.014605551229333,2.7733347418175516,1.1148676980137087
2025-03-25,2025-03-25,2025-03-26,5969.4164,5935.8537,Test,0,0,0,0,0,0,0,,-0.0037070878724689,-0.0056224424216746,-0.005622442421674645,-0.0,-0.0,-0.0037070878724689,2.014605551229333,2.7733347418175516,1.11116061014124
2025-03-26,2025-03-26,2025-03-27,5935.8537,5932.5165,Test,0,0,0,0,0,0,0,,0.0002602341939592,-0.0005622106218688,-0.0005622106218688971,0.0,0.0,0.0002602341939592,2.014605551229333,2.7733347418175516,1.111420844335199
2025-03-27,2025-03-27,2025-03-28,5932.5165,5954.7297,Test,0,0,0,1,0,-1,-1,2025-03-31,0.0015303189278719,0.0037443132269416,0.0037443132269416868,0.0,-0.0015303189278719,0.0015303189278719,2.014605551229333,2.771804422889679,1.1129511632630709
2025-03-28,2025-03-28,2025-03-31,5954.7297,5886.956,Test,0,0,0,0,0,-1,-1,2025-03-31,-0.0069776903682567,-0.0113814905821837,-0.01138149058218374,-0.0,0.0069776903682567,-0.0069776903682567,2.014605551229333,2.778782113257936,1.1059734728948143
2025-03-31,2025-03-31,2025-04-01,5886.956,5870.9424,Test,0,0,0,0,0,-1,-1,2025-03-31,-0.0098476995913171,-0.0027201834020842,-0.002720183402084242,-0.0,0.0098476995913171,-0.0098476995913171,2.014605551229333,2.788629812849253,1.096125773303497
2025-04-01,2025-04-01,2025-04-02,5870.9424,5884.8925,Test,0,0,0,0,0,0,0,,0.0059883005690848,0.0023761261905754,0.0023761261905754782,0.0,0.0,0.0059883005690848,2.014605551229333,2.788629812849253,1.1021140738725819
2025-04-02,2025-04-02,2025-04-03,5884.8925,5842.6167,Test,0,0,0,0,0,0,0,,0.0010582824589704,-0.0071837845806019,-0.007183784580601982,0.0,0.0,0.0010582824589704,2.014605551229333,2.788629812849253,1.1031723563315523
2025-04-03,2025-04-03,2025-04-07,5842.6167,5523.9636,Test,0,0,0,1,0,-1,-1,2025-04-08,-0.0090831012564404,-0.0545394497640071,-0.05453944976400715,-0.0,0.0090831012564404,-0.0090831012564404,2.014605551229333,2.7977129141056936,1.094089255075112
2025-04-07,2025-04-07,2025-04-08,5523.9636,5279.7566,Test,0,0,0,0,0,-1,-1,2025-04-08,-0.0955385801174218,-0.0442086548144524,-0.044208654814452464,-0.0,0.0955385801174218,-0.0955385801174218,2.014605551229333,2.893251494223115,0.9985506749576901
2025-04-08,2025-04-08,2025-04-09,5279.7566,5249.6841,Test,0,0,0,0,0,-1,-1,2025-04-08,0.0075431149639249,-0.0056958118107185,-0.005695811810718543,0.0,-0.0075431149639249,0.0075431149639249,2.014605551229333,2.8857083792591904,1.006093789921615
2025-04-09,2025-04-09,2025-04-10,5249.6841,5534.559,Test,0,0,0,0,0,0,0,,0.0211863003607717,0.0542651509259384,0.05426515092593842,0.0,0.0,0.0211863003607717,2.014605551229333,2.8857083792591904,1.0272800902823866
2025-04-10,2025-04-10,2025-04-11,5534.559,5514.188,Test,0,0,0,0,0,0,0,,0.0191723123081122,-0.003680690728927,-0.003680690728927072,0.0,0.0,0.0191723123081122,2.014605551229333,2.8857083792591904,1.0464524025904989
2025-04-11,2025-04-11,2025-04-14,5514.188,5633.7792,Test,0,0,0,0,0,0,0,,0.0067195825964943,0.0216879076302802,0.02168790763028028,0.0,0.0,0.0067195825964943,2.014605551229333,2.8857083792591904,1.0531719851869932
2025-04-14,2025-04-14,2025-04-15,5633.7792,5625.0005,Test,0,0,0,1,0,-1,-1,2025-04-16,0.008209368596495,-0.0015582257820824,-0.001558225782082423,0.0,-0.008209368596495,0.008209368596495,2.014605551229333,2.8774990106626954,1.0613813537834882
2025-04-15,2025-04-15,2025-04-16,5625.0005,5589.7769,Test,0,0,0,0,0,-1,-1,2025-04-16,-0.0043722940838036,-0.0062619727767135,-0.006261972776713587,-0.0,0.0043722940838036,-0.0043722940838036,2.014605551229333,2.881871304746499,1.0570090596996846
2025-04-16,2025-04-16,2025-04-17,5589.7769,5527.5905,Test,0,0,0,0,0,-1,-1,2025-04-16,-0.0081516328147227,-0.0111250236123018,-0.011125023612301832,-0.0,0.0081516328147227,-0.0081516328147227,2.014605551229333,2.8900229375612216,1.048857426884962
2025-04-17,2025-04-17,2025-04-18,5527.5905,5546.9666,Test,0,0,0,0,0,0,0,,2.6327798329228717e-05,0.0035053428795059,0.0035053428795059904,0.0,0.0,2.6327798329228717e-05,2.014605551229333,2.8900229375612216,1.0488837546832912
2025-04-18,2025-04-18,2025-04-21,5546.9666,5556.5126,Test,0,0,0,0,0,0,0,,0.0006676611462224,0.0017209405948108,0.0017209405948108714,0.0,0.0,0.0006676611462224,2.014605551229333,2.8900229375612216,1.0495514158295136
2025-04-21,2025-04-21,2025-04-22,5556.5126,5634.8936,Test,0,0,0,0,0,0,0,,0.0146851108706107,0.0141061499617585,0.014106149961758518,0.0,0.0,0.0146851108706107,2.014605551229333,2.8900229375612216,1.0642365267001241
2025-04-22,2025-04-22,2025-04-23,5634.8936,5647.9148,Test,0,0,0,0,0,0,0,,-0.0032205378563179,0.0023108155937494,0.00231081559374946,-0.0,-0.0,-0.0032205378563179,2.014605551229333,2.8900229375612216,1.0610159888438062
2025-04-23,2025-04-23,2025-04-24,5647.9148,5633.024,Test,0,0,0,0,0,0,0,,0.0019095485249569,-0.0026365128595776,-0.0026365128595776666,0.0,0.0,0.0019095485249569,2.014605551229333,2.8900229375612216,1.0629255373687632
2025-04-24,2025-04-24,2025-04-25,5633.024,5613.1407,Test,0,0,0,0,0,0,0,,-0.0051587159968288,-0.0035297737059172,-0.0035297737059172274,-0.0,-0.0,-0.0051587159968288,2.014605551229333,2.8900229375612216,1.0577668213719345
2025-04-25,2025-04-25,2025-04-28,5613.1407,5624.4166,Test,0,0,0,0,0,0,0,,0.0037997248460348,0.0020088397214057,0.002008839721405753,0.0,0.0,0.0037997248460348,2.014605551229333,2.8900229375612216,1.0615665462179693
2025-04-28,2025-04-28,2025-04-29,5624.4166,5583.7186,Test,0,0,0,0,0,0,0,,-0.0051331746890502,-0.0072359504806239,-0.007235950480623976,-0.0,-0.0,-0.0051331746890502,2.014605551229333,2.8900229375612216,1.056433371528919
2025-04-29,2025-04-29,2025-04-30,5583.7186,5604.6537,Test,0,0,0,0,0,0,0,,0.0011808237832979,0.0037493114355726,0.0037493114355726664,0.0,0.0,0.0011808237832979,2.014605551229333,2.8900229375612216,1.057614195312217
2025-04-30,2025-04-30,2025-05-06,5604.6537,5668.8762,Test,0,0,0,0,0,0,0,,0.0048027926678586,0.0114587811196968,0.011458781119696893,0.0,0.0,0.0048027926678586,2.014605551229333,2.8900229375612216,1.0624169879800756
2025-05-06,2025-05-06,2025-05-07,5668.8762,5805.656,Test,0,0,0,0,0,0,0,,0.0192670940461945,0.0241282037522709,0.024128203752270982,0.0,0.0,0.0192670940461945,2.014605551229333,2.8900229375612216,1.08168408202627
2025-05-07,2025-05-07,2025-05-08,5805.656,5731.7157,Test,0,0,0,0,0,0,0,,0.0017346203804384,-0.0127359078801775,-0.012735907880177533,0.0,0.0,0.0017346203804384,2.014605551229333,2.8900229375612216,1.0834187024067083
2025-05-08,2025-05-08,2025-05-09,5731.7157,5770.441,Test,0,0,0,0,0,0,0,,0.0040892712370681,0.0067563190546942,0.006756319054694204,0.0,0.0,0.0040892712370681,2.014605551229333,2.8900229375612216,1.0875079736437765
2025-05-09,2025-05-09,2025-05-12,5770.441,5751.4372,Test,0,0,0,0,0,0,0,,-0.0090205842746073,-0.0032933011532393,-0.0032933011532393364,-0.0,-0.0,-0.0090205842746073,2.014605551229333,2.8900229375612216,1.0784873893691693
2025-05-12,2025-05-12,2025-05-13,5751.4372,5838.0341,Test,0,0,0,0,0,0,0,,0.0125751991642377,0.0150565670785729,0.015056567078572947,0.0,0.0,0.0125751991642377,2.014605551229333,2.8900229375612216,1.0910625885334069
2025-05-13,2025-05-13,2025-05-14,5838.0341,5778.0791,Test,0,0,0,0,0,0,0,,-0.002072260085452,-0.0102697241867771,-0.010269724186777185,-0.0,-0.0,-0.002072260085452,2.014605551229333,2.8900229375612216,1.088990328447955
2025-05-14,2025-05-14,2025-05-15,5778.0791,5786.7833,Test,0,0,0,0,0,0,0,,0.0030182983690019,0.0015064175912717,0.0015064175912717914,0.0,0.0,0.0030182983690019,2.014605551229333,2.8900229375612216,1.0920086268169569
2025-05-15,2025-05-15,2025-05-16,5786.7833,5703.7354,Test,0,0,0,0,0,0,0,,-0.0144543504891976,-0.0143513063639345,-0.014351306363934557,-0.0,-0.0,-0.0144543504891976,2.014605551229333,2.8900229375612216,1.0775542763277592
2025-05-16,2025-05-16,2025-05-19,5703.7354,5719.4381,Test,0,0,0,0,0,0,0,,9.667039852323532e-05,0.0027530554800982,0.0027530554800982987,0.0,0.0,9.667039852323532e-05,2.014605551229333,2.8900229375612216,1.0776509467262825
2025-05-19,2025-05-19,2025-05-20,5719.4381,5723.5055,Test,0,0,0,1,0,-1,-1,2025-05-21,0.0008652782663558,0.0007111537757529,0.0007111537757529263,0.0,-0.0008652782663558,0.0008652782663558,2.014605551229333,2.889157659294866,1.0785162249926383
2025-05-20,2025-05-20,2025-05-21,5723.5055,5741.6885,Test,0,0,0,0,0,-1,-1,2025-05-21,0.0046448265432483,0.0031768991922869,0.0031768991922869194,0.0,-0.0046448265432483,0.0046448265432483,2.014605551229333,2.8845128327516174,1.0831610515358865
2025-05-21,2025-05-21,2025-05-22,5741.6885,5739.1909,Test,0,0,0,0,0,-1,-1,2025-05-21,0.0018365801244291,-0.00043499399175,-0.0004349939917500656,0.0,-0.0018365801244291,0.0018365801244291,2.014605551229333,2.8826762526271885,1.0849976316603156
2025-05-22,2025-05-22,2025-05-23,5739.1909,5697.1362,Test,0,0,0,0,0,0,0,,-0.0094900200549763,-0.007327635677705,-0.007327635677705002,-0.0,-0.0,-0.0094900200549763,2.014605551229333,2.8826762526271885,1.0755076116053393
2025-05-23,2025-05-23,2025-05-26,5697.1362,5653.2063,Test,0,0,0,0,0,0,0,,-0.0088082827149438,-0.0077108741054847,-0.007710874105484766,-0.0,-0.0,-0.0088082827149438,2.014605551229333,2.8826762526271885,1.0666993288903956
2025-05-26,2025-05-26,2025-05-27,5653.2063,5666.3027,Test,0,0,0,0,0,0,0,,0.002904152375545,0.0023166322446077,0.0023166322446077636,0.0,0.0,0.002904152375545,2.014605551229333,2.8826762526271885,1.0696034812659405
2025-05-27,2025-05-27,2025-05-28,5666.3027,5651.8755,Test,0,0,0,1,0,-1,-1,2025-05-29,-0.0030541704591348,-0.0025461400076631,-0.002546140007663178,-0.0,0.0030541704591348,-0.0030541704591348,2.014605551229333,2.885730423086323,1.0665493108068058
2025-05-28,2025-05-28,2025-05-29,5651.8755,5637.0633,Test,0,0,0,0,0,-1,-1,2025-05-29,-0.0026375117667709,-0.0026207583659619,-0.0026207583659619837,-0.0,0.0026375117667709,-0.0026375117667709,2.014605551229333,2.888367934853094,1.0639117990400349
2025-05-29,2025-05-29,2025-05-30,5637.0633,5704.771,Test,0,0,0,0,0,-1,-1,2025-05-29,0.0146653916214072,0.0120111654591497,0.012011165459149709,0.0,-0.0146653916214072,0.0146653916214072,2.014605551229333,2.873702543231687,1.078577190661442
2025-05-30,2025-05-30,2025-06-03,5704.771,5653.6747,Test,0,0,0,0,1,1,1,2025-06-06,-0.0085382111162901,-0.0089567661874596,-0.008956766187459664,-0.0,-0.0085382111162901,-0.0085382111162901,2.014605551229333,2.8651643321153966,1.070038979545152
2025-06-03,2025-06-03,2025-06-04,5653.6747,5696.5692,Test,0,0,0,0,0,1,1,2025-06-06,0.0041907771128222,0.0075870123903662,0.007587012390366299,0.0,0.0041907771128222,0.0041907771128222,2.014605551229333,2.869355109228219,1.0742297566579742
2025-06-04,2025-06-04,2025-06-05,5696.5692,5741.0298,Test,0,0,0,0,0,1,1,2025-06-06,0.0077556720879792,0.0078048029329653,0.007804802932965371,0.0,0.0077556720879792,0.0077556720879792,2.014605551229333,2.877110781316198,1.0819854287459534
2025-06-05,2025-06-05,2025-06-06,5741.0298,5768.3989,Test,0,0,0,0,0,1,1,2025-06-06,0.0053949588271891,0.0047672806018181,0.004767280601818191,0.0,0.0053949588271891,0.0053949588271891,2.014605551229333,2.882505740143387,1.0873803875731425
2025-06-06,2025-06-06,2025-06-09,5768.3989,5772.7792,Test,0,0,0,0,0,1,1,2025-06-06,-0.0013673733864184,0.0007593614928398,0.0007593614928398384,-0.0,-0.0013673733864184,-0.0013673733864184,2.014605551229333,2.8811383667569688,1.0860130141867241
2025-06-09,2025-06-09,2025-06-10,5772.7792,5809.8283,Test,0,0,0,0,0,0,0,,0.0075626365197638,0.0064178965999601,0.006417896599960171,0.0,0.0,0.0075626365197638,2.014605551229333,2.8811383667569688,1.0935756507064878
2025-06-10,2025-06-10,2025-06-11,5809.8283,5758.5287,Test,0,0,0,0,0,0,0,,-0.0082096173036,-0.0088297962265081,-0.008829796226508146,-0.0,-0.0,-0.0082096173036,2.014605551229333,2.8811383667569688,1.0853660334028878
2025-06-11,2025-06-11,2025-06-12,5758.5287,5780.967,Test,0,0,0,0,0,0,0,,0.006070571024229,0.0038965335016911,0.0038965335016911684,0.0,0.0,0.006070571024229,2.014605551229333,2.8811383667569688,1.0914366044271169
2025-06-12,2025-06-12,2025-06-13,5780.967,5783.156,Test,0,0,0,0,0,0,0,,0.0012058630475157,0.000378656373579,0.0003786563735790338,0.0,0.0,0.0012058630475157,2.014605551229333,2.8811383667569688,1.0926424674746325
2025-06-13,2025-06-13,2025-06-16,5783.156,5725.0029,Test,0,0,0,0,0,0,0,,-0.0102918794615501,-0.010055599399359,-0.010055599399359072,-0.0,-0.0,-0.0102918794615501,2.014605551229333,2.8811383667569688,1.0823505880130824
2025-06-16,2025-06-16,2025-06-17,5725.0029,5772.296,Test,0,0,0,1,0,-1,-1,2025-06-18,0.0048026914276766,0.00826079930894,0.008260799308940081,0.0,-0.0048026914276766,0.0048026914276766,2.014605551229333,2.876335675329292,1.087153279440759
2025-06-17,2025-06-17,2025-06-18,5772.296,5740.1556,Test,0,0,0,0,0,-1,-1,2025-06-18,-0.0029293796050745,-0.0055680443275951,-0.005568044327595167,-0.0,0.0029293796050745,-0.0029293796050745,2.014605551229333,2.8792650549343666,1.0842238998356846
2025-06-18,2025-06-18,2025-06-19,5740.1556,5733.8068,Test,0,0,0,0,0,-1,-1,2025-06-18,-0.0008765218150956,-0.0011060327354192,-0.0011060327354192045,-0.0,0.0008765218150956,-0.0008765218150956,2.014605551229333,2.8801415767494625,1.083347378020589
2025-06-19,2025-06-19,2025-06-20,5733.8068,5669.0901,Test,0,0,0,0,0,0,0,,-0.0120155317085586,-0.0112868644266144,-0.011286864426614418,-0.0,-0.0,-0.0120155317085586,2.014605551229333,2.8801415767494625,1.0713318463120303
2025-06-20,2025-06-20,2025-06-23,5669.0901,5613.2813,Test,0,0,0,0,0,0,0,,-0.0065738605567609,-0.0098444016615648,-0.009844401661564861,-0.0,-0.0,-0.0065738605567609,2.014605551229333,2.8801415767494625,1.0647579857552694
2025-06-23,2025-06-23,2025-06-24,5613.2813,5683.4622,Test,0,0,0,0,0,0,0,,0.0061454597232066,0.0125026515239847,0.012502651523984776,0.0,0.0,0.0061454597232066,2.014605551229333,2.8801415767494625,1.070903445478476
2025-06-24,2025-06-24,2025-06-25,5683.4622,5777.7404,Test,0,0,0,0,0,0,0,,0.0161551193457285,0.0165881634613491,0.01658816346134917,0.0,0.0,0.0161551193457285,2.014605551229333,2.8801415767494625,1.0870585648242046
2025-06-25,2025-06-25,2025-06-26,5777.7404,5868.2924,Test,0,0,0,0,0,0,0,,0.0167739037658936,0.0156725629278879,0.01567256292788799,0.0,0.0,0.0167739037658936,2.014605551229333,2.8801415767494625,1.1038324685900982
2025-06-26,2025-06-26,2025-06-27,5868.2924,5850.4252,Test,0,0,0,0,0,0,0,,-0.0041462312433888,-0.0030447017261785,-0.0030447017261785447,-0.0,-0.0,-0.0041462312433888,2.014605551229333,2.8801415767494625,1.0996862373467093
2025-06-27,2025-06-27,2025-06-30,5850.4252,5877.6748,Test,0,0,0,0,1,1,1,2025-07-03,0.0043648045352804,0.0046577127419731,0.00465771274197313,0.0,0.0043648045352804,0.0043648045352804,2.014605551229333,2.8845063812847425,1.1040510418819898
2025-06-30,2025-06-30,2025-07-01,5877.6748,5915.8043,Test,1,0,0,0,0,1,0,,0.008809992250323,0.0064871741458034,0.006487174145803465,0.008809992250323,0.008809992250323,0.008809992250323,2.023415543479656,2.8933163735350655,1.1128610341323129
2025-07-01,2025-07-01,2025-07-02,5915.8043,5922.5407,Test,1,0,0,0,0,1,0,,0.0032597018663662,0.0011387124486184,0.0011387124486184064,0.0032597018663662,0.0032597018663662,0.0032597018663662,2.026675245346022,2.8965760754014322,1.116120735998679
2025-07-02,2025-07-02,2025-07-03,5922.5407,5896.2403,Test,1,0,0,0,0,1,0,,-0.00702979272647,-0.0044407292971409,-0.0044407292971409,-0.00702979272647,-0.00702979272647,-0.00702979272647,2.019645452619552,2.889546282674962,1.109090943272209
2025-07-03,2025-07-03,2025-07-04,5896.2403,5917.753,Test,1,0,0,0,0,1,0,,0.0050415322511192,0.0036485453281134,0.0036485453281134284,0.0050415322511192,0.0050415322511192,0.0050415322511192,2.0246869848706712,2.8945878149260813,1.1141324755233282
2025-07-04,2025-07-04,2025-07-07,5917.753,5901.4018,Test,1,0,0,0,0,1,0,,-0.0018952295083627,-0.0027630757823112,-0.002763075782311275,-0.0018952295083627,-0.0018952295083627,-0.0018952295083627,2.0227917553623085,2.8926925854177186,1.1122372460149654
2025-07-07,2025-07-07,2025-07-08,5901.4018,5903.1017,Test,1,0,0,0,0,1,0,,-0.0018658074776832,0.0002880502052919,0.00028805020529198977,-0.0018658074776832,-0.0018658074776832,-0.0018658074776832,2.0209259478846255,2.8908267779400356,1.1103714385372823
2025-07-08,2025-07-08,2025-07-09,5903.1017,5980.6451,Test,1,0,0,0,0,1,0,,0.0131072514743733,0.0131360433786866,0.01313604337868668,0.0131072514743733,0.0131072514743733,0.0131072514743733,2.0340331993589986,2.9039340294144087,1.1234786900116556
2025-07-09,2025-07-09,2025-07-10,5980.6451,5950.9657,Test,1,0,0,0,0,1,0,,-0.0040578186716168,-0.0049625750238883,-0.004962575023888305,-0.0040578186716168,-0.0040578186716168,-0.0040578186716168,2.0299753806873824,2.899876210742792,1.1194208713400389
2025-07-10,2025-07-10,2025-07-11,5950.9657,5985.8236,Test,1,0,0,0,0,1,0,,0.0049657284047865,0.0058575198979888,0.005857519897988883,0.0049657284047865,0.0049657284047865,0.0049657284047865,2.034941109092169,2.9048419391475786,1.1243865997448252
2025-07-11,2025-07-11,2025-07-14,5985.8236,6033.1782,Test,1,0,0,0,0,1,0,,0.0073588548182903,0.0079111252125774,0.007911125212577419,0.0073588548182903,0.0073588548182903,0.0073588548182903,2.042299963910459,2.912200793965869,1.1317454545631156
2025-07-14,2025-07-14,2025-07-15,6033.1782,6018.6274,Test,1,0,0,0,0,1,0,,-0.0010320754221418,-0.0024117968204552,-0.0024117968204552254,-0.0010320754221418,-0.0010320754221418,-0.0010320754221418,2.041267888488317,2.911168718543727,1.1307133791409738
2025-07-15,2025-07-15,2025-07-16,6018.6274,6019.5765,Test,1,0,0,0,0,1,0,,-0.0003488206872823,0.0001576937625344,0.0001576937625344943,-0.0003488206872823,-0.0003488206872823,-0.0003488206872823,2.0409190678010347,2.910819897856445,1.1303645584536914
2025-07-16,2025-07-16,2025-07-17,6019.5765,6013.7141,Test,1,0,0,0,0,1,0,,-0.0002597878037402,-0.000973889109973,-0.0009738891099730917,-0.0002597878037402,-0.0002597878037402,-0.0002597878037402,2.0406592799972945,2.9105601100527045,1.1301047706499512
2025-07-17,2025-07-17,2025-07-18,6013.7141,6092.2296,Test,1,0,0,0,0,1,0,,0.0108471976151942,0.0130560746145214,0.013056074614521407,0.0108471976151942,0.0108471976151942,0.0108471976151942,2.051506477612489,2.9214073076678986,1.1409519682651454
2025-07-18,2025-07-18,2025-07-21,6092.2296,6115.0255,Test,1,0,0,0,0,1,0,,0.0028189231983009,0.0037417992256891,0.0037417992256891797,0.0028189231983009,0.0028189231983009,0.0028189231983009,2.05432540081079,2.9242262308662,1.1437708914634463
2025-07-21,2025-07-21,2025-07-22,6115.0255,6166.6164,Test,1,0,0,0,0,1,0,,0.010115105056546,0.0084367432318965,0.008436743231896582,0.010115105056546,0.010115105056546,0.010115105056546,2.064440505867336,2.9343413359227455,1.1538859965199924
2025-07-22,2025-07-22,2025-07-23,6166.6164,6218.2069,Test,1,0,0,0,0,1,0,,0.0084557686333062,0.0083660952220085,0.008366095222008596,0.0084557686333062,0.0084557686333062,0.0084557686333062,2.072896274500642,2.942797104556052,1.1623417651532986
2025-07-23,2025-07-23,2025-07-24,6218.2069,6197.8532,Test,1,0,0,0,0,1,0,,-0.0026796087016475,-0.0032732426449175,-0.0032732426449175733,-0.0026796087016475,-0.0026796087016475,-0.0026796087016475,2.070216665798995,2.9401174958544045,1.1596621564516512
2025-07-24,2025-07-24,2025-07-25,6197.8532,6297.6255,Test,1,0,0,0,0,1,0,,0.0156276402416055,0.0160978804725482,0.01609788047254823,0.0156276402416055,0.0156276402416055,0.0156276402416055,2.0858443060406002,2.9557451360960103,1.1752897966932565
2025-07-25,2025-07-25,2025-07-28,6297.6255,6305.2247,Test,1,0,0,0,0,1,0,,0.0009521421004556,0.0012066770245386,0.0012066770245386937,0.0009521421004556,0.0009521421004556,0.0009521421004556,2.086796448141056,2.956697278196466,1.1762419387937122
2025-07-28,2025-07-28,2025-07-29,6305.2247,6308.1228,Test,1,0,1,0,0,0,0,,0.0037826266429876,0.0004596346899421,0.0004596346899421455,0.0037826266429876,0.0,0.0037826266429876,2.090579074784044,2.956697278196466,1.1800245654366999
2025-07-29,2025-07-29,2025-07-30,6308.1228,6345.3737,Test,1,0,0,0,0,1,0,,0.0051732924643086,0.005905227463232,0.005905227463232077,0.0051732924643086,0.0051732924643086,0.0051732924643086,2.0957523672483522,2.9618705706607744,1.1851978579010085
2025-07-30,2025-07-30,2025-07-31,6345.3737,6297.9122,Test,1,0,0,0,0,1,0,,-0.0065205372442901,-0.0074797013137304,-0.007479701313730436,-0.0065205372442901,-0.0065205372442901,-0.0065205372442901,2.089231830004062,2.9553500334164844,1.1786773206567183
2025-07-31,2025-07-31,2025-08-01,6297.9122,6221.0505,Test,1,0,0,0,0,1,0,,-0.0139902572847905,-0.0122043143122889,-0.012204314312288966,-0.0139902572847905,-0.0139902572847905,-0.0139902572847905,2.0752415727192717,2.941359776131694,1.1646870633719277
2025-08-01,2025-08-01,2025-08-04,6221.0505,6190.3443,Test,1,0,0,0,0,1,0,,-0.0021106770985577,-0.0049358544830974,-0.004935854483097413,-0.0021106770985577,-0.0021106770985577,-0.0021106770985577,2.073130895620714,2.939249099033136,1.16257638627337
2025-08-04,2025-08-04,2025-08-05,6190.3443,6277.0114,Test,0,0,0,0,0,0,0,,0.0078107720763727,0.014000368283231,0.014000368283231035,0.0,0.0,0.0078107720763727,2.073130895620714,2.939249099033136,1.1703871583497427
2025-08-05,2025-08-05,2025-08-06,6277.0114,6298.9291,Test,0,0,0,1,0,-1,-1,2025-08-07,0.0066282946379381,0.0034917413086106,0.0034917413086106297,0.0,-0.0066282946379381,0.0066282946379381,2.073130895620714,2.932620804395198,1.1770154529876808
2025-08-06,2025-08-06,2025-08-07,6298.9291,6356.3322,Test,0,0,0,0,0,-1,-1,2025-08-07,0.0085893977091988,0.0091131522658349,0.009113152265834978,0.0,-0.0085893977091988,0.0085893977091988,2.073130895620714,2.924031406685999,1.1856048506968797
2025-08-07,2025-08-07,2025-08-08,6356.3322,6324.1746,Test,0,0,0,0,0,-1,-1,2025-08-07,-0.0031199031160163,-0.0050591440139015,-0.0050591440139015065,-0.0,0.0031199031160163,-0.0031199031160163,2.073130895620714,2.9271513098020154,1.1824849475808634
2025-08-08,2025-08-08,2025-08-11,6324.1746,6335.4267,Test,0,0,0,0,0,0,0,,-0.0022157800125205,0.0017792203270288,0.0017792203270288187,-0.0,-0.0,-0.0022157800125205,2.073130895620714,2.9271513098020154,1.180269167568343
2025-08-11,2025-08-11,2025-08-12,6335.4267,6392.4021,Test,0,0,0,0,0,0,0,,0.0107945917734577,0.0089931432716283,0.008993143271628368,0.0,0.0,0.0107945917734577,2.073130895620714,2.9271513098020154,1.1910637593418005
2025-08-12,2025-08-12,2025-08-13,6392.4021,6422.7889,Test,0,0,0,0,1,1,1,2025-08-18,0.004130318107244,0.0047535808174519,0.004753580817451919,0.0,0.004130318107244,0.004130318107244,2.073130895620714,2.9312816279092595,1.1951940774490446
2025-08-13,2025-08-13,2025-08-14,6422.7889,6509.2085,Test,0,0,0,1,0,0,0,,0.0140130983033375,0.0134551518577856,0.013455151857785674,0.0,0.0,0.0140130983033375,2.073130895620714,2.9312816279092595,1.2092071757523821
2025-08-14,2025-08-14,2025-08-15,6509.2085,6417.3889,Test,0,0,0,0,0,0,0,,-0.012023728346553,-0.0141061082925827,-0.014106108292582742,-0.0,-0.0,-0.012023728346553,2.073130895620714,2.9312816279092595,1.1971834474058292
2025-08-15,2025-08-15,2025-08-18,6417.3889,6612.9878,Test,0,0,0,0,0,0,0,,0.0215749795072859,0.0304795148070269,0.03047951480702693,0.0,0.0,0.0215749795072859,2.073130895620714,2.9312816279092595,1.218758426913115
2025-08-18,2025-08-18,2025-08-19,6612.9878,6663.157,Test,0,0,0,0,0,0,0,,0.0151635135196854,0.0075864649258843,0.007586464925884329,0.0,0.0,0.0151635135196854,2.073130895620714,2.9312816279092595,1.2339219404328003
2025-08-19,2025-08-19,2025-08-20,6663.157,6623.6138,Test,1,0,0,0,0,1,0,,-0.0019288792854582,-0.0059346042724192,-0.005934604272419208,-0.0019288792854582,-0.0019288792854582,-0.0019288792854582,2.071202016335256,2.9293527486238014,1.2319930611473422
2025-08-20,2025-08-20,2025-08-21,6623.6138,6739.6899,Test,1,0,0,0,0,1,0,,0.0109324275704341,0.0175245875597396,0.017524587559739624,0.0109324275704341,0.0109324275704341,0.0109324275704341,2.08213444390569,2.9402851761942355,1.2429254887177763
2025-08-21,2025-08-21,2025-08-22,6739.6899,6704.0297,Test,1,0,0,0,0,1,0,,-0.0035528023403802,-0.0052910742970533,-0.005291074297053333,-0.0035528023403802,-0.0035528023403802,-0.0035528023403802,2.07858164156531,2.9367323738538555,1.2393726863773962
2025-08-22,2025-08-22,2025-08-25,6704.0297,6886.2682,Test,1,0,0,0,0,1,0,,0.0177026054114384,0.0271834267082677,0.02718342670826779,0.0177026054114384,0.0177026054114384,0.0177026054114384,2.096284246976748,2.9544349792652937,1.2570752917888346
2025-08-25,2025-08-25,2025-08-26,6886.2682,6928.2862,Test,1,0,1,0,0,0,0,,0.0189141866864988,0.0061017083244012,0.006101708324401267,0.0189141866864988,0.0,0.0189141866864988,2.115198433663247,2.9544349792652937,1.2759894784753334
2025-08-26,2025-08-26,2025-08-27,6928.2862,6964.7697,Test,1,0,1,0,0,0,0,,0.0017505729192852,0.0052658765742097,0.005265876574209738,0.0017505729192852,0.0,0.0017505729192852,2.1169490065825323,2.9544349792652937,1.2777400513946184
2025-08-27,2025-08-27,2025-08-28,6964.7697,6858.5028,Test,1,0,1,0,0,0,0,,-0.0145752366796446,-0.0152577765780251,-0.015257776578025184,-0.0145752366796446,-0.0,-0.0145752366796446,2.1023737699028877,2.9544349792652937,1.2631648147149739
2025-08-28,2025-08-28,2025-08-29,6858.5028,7030.2741,Test,1,0,1,0,0,0,0,,0.0216533987363087,0.0250450141975591,0.025045014197559112,0.0216533987363087,0.0,0.0216533987363087,2.1240271686391967,2.9544349792652937,1.2848182134512827
2025-08-29,2025-08-29,2025-09-01,7030.2741,7087.7337,Test,1,0,1,0,0,0,0,,0.0046756027625785,0.0081731663919049,0.008173166391904907,0.0046756027625785,0.0,0.0046756027625785,2.128702771401775,2.9544349792652937,1.2894938162138612
2025-09-01,2025-09-01,2025-09-02,7087.7337,7108.9446,Test,1,0,1,0,0,0,0,,0.0094189594076135,0.0029926208993997,0.0029926208993997783,0.0094189594076135,0.0,0.0094189594076135,2.1381217308093885,2.9544349792652937,1.2989127756214747
2025-09-02,2025-09-02,2025-09-03,7108.9446,6988.0205,Test,1,0,1,0,0,0,0,,-0.0208991247359002,-0.017010133965596,-0.01701013396559603,-0.0208991247359002,-0.0,-0.0208991247359002,2.1172226060734882,2.9544349792652937,1.2780136508855744
2025-09-03,2025-09-03,2025-09-04,6988.0205,6884.3577,Test,1,0,1,0,0,0,0,,-0.0133915626859193,-0.0148343583136312,-0.014834358313631224,-0.0133915626859193,-0.0,-0.0133915626859193,2.1038310433875687,2.9544349792652937,1.2646220881996553
2025-09-04,2025-09-04,2025-09-05,6884.3577,6709.145,Test,0,0,0,0,0,0,0,,-0.0247528649610979,-0.025450841986319,-0.025450841986319084,-0.0,-0.0,-0.0247528649610979,2.1038310433875687,2.9544349792652937,1.2398692232385573
2025-09-05,2025-09-05,2025-09-08,6709.145,6927.4071,Test,0,0,0,0,0,0,0,,0.0321725001527966,0.0325320290439392,0.03253202904393926,0.0,0.0,0.0321725001527966,2.1038310433875687,2.9544349792652937,1.272041723391354
2025-09-08,2025-09-08,2025-09-09,6927.4071,6959.9373,Test,0,0,0,1,1,0,0,,0.0113052110332478,0.0046958695411447,0.004695869541144759,0.0,0.0,0.0113052110332478,2.1038310433875687,2.9544349792652937,1.2833469344246016
2025-09-09,2025-09-09,2025-09-10,6959.9373,6911.1119,Test,0,0,0,0,0,0,0,,-0.0090318570045646,-0.0070152068754987,-0.007015206875498725,-0.0,-0.0,-0.0090318570045646,2.1038310433875687,2.9544349792652937,1.2743150774200371
2025-09-10,2025-09-10,2025-09-11,6911.1119,6924.3036,Test,0,0,0,0,0,0,0,,0.0004537618467725,0.0019087666631472,0.00190876666314721,0.0,0.0,0.0004537618467725,2.1038310433875687,2.9544349792652937,1.2747688392668095
2025-09-11,2025-09-11,2025-09-12,6924.3036,7115.6102,Test,0,0,0,0,0,0,0,,0.0274946476607726,0.0276282801926823,0.027628280192682375,0.0,0.0,0.0274946476607726,2.1038310433875687,2.9544349792652937,1.3022634869275822
2025-09-12,2025-09-12,2025-09-15,7115.6102,7170.4123,Test,0,0,0,0,0,0,0,,0.0035160517876837,0.0077016725845944,0.007701672584594421,0.0,0.0,0.0035160517876837,2.1038310433875687,2.9544349792652937,1.3057795387152658
2025-09-15,2025-09-15,2025-09-16,7170.4123,7152.1887,Test,0,0,0,0,0,0,0,,-0.001453072868858,-0.0025414996010759,-0.0025414996010759694,-0.0,-0.0,-0.001453072868858,2.1038310433875687,2.9544349792652937,1.3043264658464078
2025-09-16,2025-09-16,2025-09-17,7152.1887,7184.2638,Test,0,0,0,0,0,0,0,,0.0075139939294384,0.0044846551657675,0.00448465516576757,0.0,0.0,0.0075139939294384,2.1038310433875687,2.9544349792652937,1.3118404597758462
2025-09-17,2025-09-17,2025-09-18,7184.2638,7248.2786,Test,0,0,0,0,0,0,0,,0.0096012472714477,0.0089104189075017,0.008910418907501771,0.0,0.0,0.0096012472714477,2.1038310433875687,2.9544349792652937,1.321441707047294
2025-09-18,2025-09-18,2025-09-19,7248.2786,7200.692,Test,0,0,0,0,0,0,0,,-0.0082854280336625,-0.0065652277769786,-0.006565227776978655,-0.0,-0.0,-0.0082854280336625,2.1038310433875687,2.9544349792652937,1.3131562790136315
2025-09-19,2025-09-19,2025-09-22,7200.692,7182.8876,Test,0,0,0,1,0,-1,-1,2025-09-23,-0.0041020112160715,-0.0024725956894142,-0.0024725956894142698,-0.0,0.0041020112160715,-0.0041020112160715,2.1038310433875687,2.958536990481365,1.3090542677975598
2025-09-22,2025-09-22,2025-09-23,7182.8876,7240.8466,Test,0,0,0,0,0,-1,-1,2025-09-23,0.0076396980855379,0.0080690389753557,0.008069038975355713,0.0,-0.0076396980855379,0.0076396980855379,2.1038310433875687,2.950897292395827,1.3166939658830978
2025-09-23,2025-09-23,2025-09-24,7240.8466,7140.3128,Test,0,0,0,0,1,0,0,,-0.0061472128085866,-0.0138842604399325,-0.013884260439932516,-0.0,-0.0,-0.0061472128085866,2.1038310433875687,2.950897292395827,1.3105467530745112
2025-09-24,2025-09-24,2025-09-25,7140.3128,7325.6602,Test,0,0,0,0,0,0,0,,0.0199138422689097,0.0259578824053758,0.025957882405375887,0.0,0.0,0.0199138422689097,2.1038310433875687,2.950897292395827,1.3304605953434208
2025-09-25,2025-09-25,2025-09-26,7325.6602,7311.8433,Test,0,0,0,0,0,0,0,,0.0024051336936599,-0.0018860962183312,-0.0018860962183312457,0.0,0.0,0.0024051336936599,2.1038310433875687,2.950897292395827,1.332865729037081
2025-09-26,2025-09-26,2025-09-29,7311.8433,7251.5221,Test,0,0,0,0,0,0,0,,-0.0136776966573793,-0.0082497938652488,-0.008249793865248822,-0.0,-0.0,-0.0136776966573793,2.1038310433875687,2.950897292395827,1.3191880323797016
2025-09-29,2025-09-29,2025-09-30,7251.5221,7372.524,Test,0,0,0,0,0,0,0,,0.0151429141917134,0.0166864140150659,0.016686414015065987,0.0,0.0,0.0151429141917134,2.1038310433875687,2.950897292395827,1.3343309465714148
2025-09-30,2025-09-30,2025-10-09,7372.524,7470.0474,Test,0,0,0,0,0,0,0,,0.008408679181024,0.0132279528693293,0.013227952869329318,0.0,0.0,0.008408679181024,2.1038310433875687,2.950897292395827,1.3427396257524389
2025-10-09,2025-10-09,2025-10-10,7470.0474,7499.3917,Test,0,0,0,0,0,0,0,,0.0184224788395568,0.0039282615529319,0.003928261552931911,0.0,0.0,0.0184224788395568,2.1038310433875687,2.950897292395827,1.3611621045919957
2025-10-10,2025-10-10,2025-10-13,7499.3917,7135.104,Test,0,0,0,0,0,0,0,,-0.0199629149727935,-0.0485756331410186,-0.04857563314101865,-0.0,-0.0,-0.0199629149727935,2.1038310433875687,2.950897292395827,1.3411991896192021
2025-10-13,2025-10-13,2025-10-14,7135.104,7434.1149,Test,0,0,0,0,0,0,0,,-0.002927797226364,0.0419070135487862,0.04190701354878623,-0.0,-0.0,-0.002927797226364,2.1038310433875687,2.950897292395827,1.3382713923928382
2025-10-14,2025-10-14,2025-10-15,7434.1149,7205.7367,Test,0,0,0,0,0,0,0,,-0.0246337874725298,-0.030720294624448,-0.03072029462444803,-0.0,-0.0,-0.0246337874725298,2.1038310433875687,2.950897292395827,1.3136376049203085
2025-10-15,2025-10-15,2025-10-16,7205.7367,7269.2587,Test,0,0,0,0,0,0,0,,0.0137807581252309,0.0088154761469427,0.00881547614694278,0.0,0.0,0.0137807581252309,2.1038310433875687,2.950897292395827,1.3274183630455392
2025-10-16,2025-10-16,2025-10-17,7269.2587,7226.4214,Test,0,0,0,1,0,-1,-1,2025-10-20,-0.0085642703605732,-0.0058929392621561,-0.005892939262156172,-0.0,0.0085642703605732,-0.0085642703605732,2.1038310433875687,2.9594615627564007,1.318854092684966
2025-10-17,2025-10-17,2025-10-20,7226.4214,7092.8836,Test,0,0,0,0,0,-1,-1,2025-10-20,-0.0297955471022079,-0.0184791050242378,-0.018479105024237885,-0.0,0.0297955471022079,-0.0297955471022079,2.1038310433875687,2.9892571098586087,1.2890585455827581
2025-10-20,2025-10-20,2025-10-21,7092.8836,7095.6159,Test,0,0,0,0,0,-1,-1,2025-10-20,0.0076360597571907,0.0003852170928055,0.0003852170928055898,0.0,-0.0076360597571907,0.0076360597571907,2.1038310433875687,2.9816210501014178,1.2966946053399488
2025-10-21,2025-10-21,2025-10-22,7095.6159,7135.2084,Test,0,0,0,0,0,0,0,,0.0164057547927609,0.0055798538925988,0.005579853892598852,0.0,0.0,0.0164057547927609,2.1038310433875687,2.9816210501014178,1.3131003601327098
2025-10-22,2025-10-22,2025-10-23,7135.2084,7108.8545,Test,0,0,0,0,1,1,1,2025-10-28,-0.0079528792489002,-0.0036935010896107,-0.003693501089610751,-0.0,-0.0079528792489002,-0.0079528792489002,2.1038310433875687,2.973668170852518,1.3051474808838095
2025-10-23,2025-10-23,2025-10-24,7108.8545,7175.9233,Test,0,0,0,0,0,1,1,2025-10-28,0.0020307281319085,0.0094345439198397,0.009434543919839777,0.0,0.0020307281319085,0.0020307281319085,2.1038310433875687,2.975698898984426,1.307178209015718
2025-10-24,2025-10-24,2025-10-27,7175.9233,7336.2041,Test,0,0,0,0,0,1,1,2025-10-28,0.0161810794907026,0.0223359132057612,0.022335913205761226,0.0,0.0161810794907026,0.0161810794907026,2.1038310433875687,2.991879978475129,1.3233592885064207
2025-10-27,2025-10-27,2025-10-28,7336.2041,7344.4539,Test,0,0,0,0,0,1,1,2025-10-28,0.0166507169360623,0.0011245325085762,0.001124532508576248,0.0,0.0166507169360623,0.0166507169360623,2.1038310433875687,3.0085306954111912,1.3400100054424828
2025-10-28,2025-10-28,2025-10-29,7344.4539,7350.7566,Test,0,0,0,0,0,1,1,2025-10-28,-0.0051987601529508,0.0008581577453974,0.0008581577453974365,-0.0,-0.0051987601529508,-0.0051987601529508,2.1038310433875687,3.0033319352582404,1.3348112452895322
2025-10-29,2025-10-29,2025-10-30,7350.7566,7462.4326,Test,0,0,0,0,0,0,0,,0.0190622014043151,0.0151924497132718,0.015192449713271827,0.0,0.0,0.0190622014043151,2.1038310433875687,3.0033319352582404,1.3538734466938473
2025-10-30,2025-10-30,2025-10-31,7462.4326,7385.7423,Test,0,0,0,0,0,0,0,,-0.0127330738249786,-0.0102768499376463,-0.010276849937646326,-0.0,-0.0,-0.0127330738249786,2.1038310433875687,3.0033319352582404,1.3411403728688687
2025-10-31,2025-10-31,2025-11-03,7385.7423,7327.12,Test,0,0,0,0,0,0,0,,-0.0074072490435551,-0.007937225212962,-0.007937225212962029,-0.0,-0.0,-0.0074072490435551,2.1038310433875687,3.0033319352582404,1.3337331238253136
2025-11-03,2025-11-03,2025-11-04,7327.12,7315.1888,Test,0,0,0,0,0,0,0,,0.0003544126178312,-0.0016283614844577,-0.0016283614844577743,0.0,0.0,0.0003544126178312,2.1038310433875687,3.0033319352582404,1.3340875364431448
2025-11-04,2025-11-04,2025-11-05,7315.1888,7098.9557,Test,0,0,0,0,0,0,0,,-0.0167415700659919,-0.0295594694698788,-0.029559469469878863,-0.0,-0.0,-0.0167415700659919,2.1038310433875687,3.0033319352582404,1.3173459663771527
2025-11-05,2025-11-05,2025-11-06,7098.9557,7243.1959,Test,0,0,0,0,0,0,0,,0.0025677643306654,0.0203185096647382,0.02031850966473825,0.0,0.0,0.0025677643306654,2.1038310433875687,3.0033319352582404,1.3199137307078181
2025-11-06,2025-11-06,2025-11-07,7243.1959,7307.2959,Test,0,0,0,0,1,1,1,2025-11-12,0.0160985627873964,0.0088496847089281,0.008849684708928107,0.0,0.0160985627873964,0.0160985627873964,2.1038310433875687,3.0194304980456366,1.3360122934952146
2025-11-07,2025-11-07,2025-11-10,7307.2959,7357.3392,Test,0,0,0,0,0,1,1,2025-11-12,-0.002424839597137,0.0068484020196855,0.006848402019685507,-0.0,-0.002424839597137,-0.002424839597137,2.1038310433875687,3.0170056584484994,1.3335874538980776
2025-11-10,2025-11-10,2025-11-11,7357.3392,7364.9251,Test,0,0,0,0,0,1,1,2025-11-12,0.0021685444096837,0.001031065687443,0.0010310656874430446,0.0,0.0021685444096837,0.0021685444096837,2.1038310433875687,3.019174202858183,1.3357559983077614
2025-11-11,2025-11-11,2025-11-12,7364.9251,7264.792,Test,0,0,0,0,0,1,1,2025-11-12,-0.0071071227318133,-0.0135959427476051,-0.013595942747605116,-0.0,-0.0071071227318133,-0.0071071227318133,2.1038310433875687,3.01206708012637,1.328648875575948
2025-11-12,2025-11-12,2025-11-13,7264.792,7243.64,Test,0,0,0,0,0,1,1,2025-11-12,-0.0066322952834384,-0.0029115768214699,-0.002911576821469919,-0.0,-0.0066322952834384,-0.0066322952834384,2.1038310433875687,3.0054347848429317,1.3220165802925097
2025-11-13,2025-11-13,2025-11-14,7243.64,7283.6993,Test,0,0,0,0,0,0,0,,0.015468584723238,0.0055302720731564,0.005530272073156484,0.0,0.0,0.015468584723238,2.1038310433875687,3.0054347848429317,1.3374851650157475
2025-11-14,2025-11-14,2025-11-17,7283.6993,7248.9216,Test,0,0,0,0,0,0,0,,-0.0162915917767008,-0.0047747303351747,-0.004774730335174726,-0.0,-0.0,-0.0162915917767008,2.1038310433875687,3.0054347848429317,1.3211935732390467
2025-11-17,2025-11-17,2025-11-18,7248.9216,7215.0302,Test,0,0,0,1,0,-1,-1,2025-11-19,-1.5272003996646966e-05,-0.0046753712993666,-0.004675371299366682,-0.0,1.5272003996646966e-05,-1.5272003996646966e-05,2.1038310433875687,3.0054500568469282,1.3211783012350502
2025-11-18,2025-11-18,2025-11-19,7215.0302,7141.2641,Test,0,0,0,0,0,-1,-1,2025-11-19,-0.0116557714572307,-0.0102239488893615,-0.010223948889361512,-0.0,0.0116557714572307,-0.0116557714572307,2.1038310433875687,3.017105828304159,1.3095225297778195
2025-11-19,2025-11-19,2025-11-20,7141.2641,7174.1046,Test,0,0,0,0,0,-1,-1,2025-11-19,-0.0039534373401626,0.0045986956286911,0.004598695628691196,-0.0,0.0039534373401626,-0.0039534373401626,2.1038310433875687,3.0210592656443214,1.3055690924376568
2025-11-20,2025-11-20,2025-11-21,7174.1046,6955.7485,Test,0,0,0,0,0,0,0,,-0.0085355838509766,-0.0304367042543539,-0.030436704254353963,-0.0,-0.0,-0.0085355838509766,2.1038310433875687,3.0210592656443214,1.2970335085866802
2025-11-21,2025-11-21,2025-11-24,6955.7485,6856.7546,Test,0,0,0,0,0,0,0,,-0.0346277459325433,-0.0142319550512787,-0.014231955051278722,-0.0,-0.0,-0.0346277459325433,2.1038310433875687,3.0210592656443214,1.262405762654137
2025-11-24,2025-11-24,2025-11-25,6856.7546,6915.1233,Test,-1,0,0,0,0,-1,0,,0.0075624170661989,0.0085125840729374,0.008512584072937424,-0.0075624170661989,-0.0075624170661989,0.0075624170661989,2.09626862632137,3.0134968485781224,1.269968179720336
2025-11-25,2025-11-25,2025-11-26,6915.1233,6946.0812,Test,-1,0,0,0,0,-1,0,,0.0124672323335284,0.0044768399140473,0.004476839914047348,-0.0124672323335284,-0.0124672323335284,0.0124672323335284,2.0838013939878417,3.001029616244594,1.2824354120538644
2025-11-26,2025-11-26,2025-11-27,6946.0812,6970.7329,Test,-1,0,0,0,0,-1,0,,0.0015014371631889,0.0035490083242908,0.0035490083242908366,-0.0015014371631889,-0.0015014371631889,0.0015014371631889,2.0822999568246523,2.999528179081405,1.2839368492170533
2025-11-27,2025-11-27,2025-11-28,6970.7329,6947.2369,Test,-1,0,0,0,0,-1,0,,-0.0019757086145585,-0.0033706642238436,-0.003370664223843689,0.0019757086145585,0.0019757086145585,-0.0019757086145585,2.084275665439211,3.0015038876959634,1.2819611406024947
2025-11-28,2025-11-28,2025-12-01,6947.2369,7053.8471,Test,-1,0,0,0,0,-1,0,,0.0115469451947616,0.0153456980860982,0.015345698086098203,-0.0115469451947616,-0.0115469451947616,0.0115469451947616,2.0727287202444495,2.989956942501202,1.2935080857972563
2025-12-01,2025-12-01,2025-12-02,7053.8471,7084.799,Test,-1,1,0,0,0,0,0,,0.0099952066048589,0.0043879459763169,0.004387945976316976,-0.0099952066048589,0.0,0.0099952066048589,2.06273351363959,2.989956942501202,1.3035032924021153
2025-12-02,2025-12-02,2025-12-03,7084.799,7044.8568,Test,0,0,0,0,0,0,0,,-0.0086641724840503,-0.0056377322772319,-0.005637732277231966,-0.0,-0.0,-0.0086641724840503,2.06273351363959,2.989956942501202,1.2948391199180649
2025-12-03,2025-12-03,2025-12-04,7044.8568,7001.6423,Test,0,0,0,0,0,0,0,,-0.0062420060233789,-0.0061341914004553,-0.006134191400455347,-0.0,-0.0,-0.0062420060233789,2.06273351363959,2.989956942501202,1.2885971138946861
2025-12-04,2025-12-04,2025-12-05,7001.6423,7008.6492,Test,0,0,0,0,0,0,0,,0.0023513528872862,0.0010007509238225,0.0010007509238225687,0.0,0.0,0.0023513528872862,2.06273351363959,2.989956942501202,1.2909484667819724
2025-12-05,2025-12-05,2025-12-08,7008.6492,7119.051,Test,0,0,0,0,0,0,0,,0.0121253602035282,0.0157522222684509,0.015752222268450966,0.0,0.0,0.0121253602035282,2.06273351363959,2.989956942501202,1.3030738269855004
2025-12-08,2025-12-08,2025-12-09,7119.051,7150.9729,Test,0,0,0,0,0,0,0,,0.0105001256086554,0.0044840105794998,0.004484010579499875,0.0,0.0,0.0105001256086554,2.06273351363959,2.989956942501202,1.3135739525941559
2025-12-09,2025-12-09,2025-12-10,7150.9729,7111.5705,Test,0,0,0,0,0,0,0,,-0.0071164093092781,-0.0055100754192481,-0.005510075419248195,-0.0,-0.0,-0.0071164093092781,2.06273351363959,2.989956942501202,1.3064575432848777
2025-12-10,2025-12-10,2025-12-11,7111.5705,7171.2079,Test,0,0,0,0,0,0,0,,0.0048683071028234,0.0083859676283881,0.008385967628388169,0.0,0.0,0.0048683071028234,2.06273351363959,2.989956942501202,1.3113258503877012
2025-12-11,2025-12-11,2025-12-12,7171.2079,7088.1001,Test,0,0,0,1,0,-1,-1,2025-12-15,-0.0102153797101908,-0.0115890936588243,-0.011589093658824323,-0.0,0.0102153797101908,-0.0102153797101908,2.06273351363959,3.0001723222113927,1.3011104706775103
2025-12-12,2025-12-12,2025-12-15,7088.1001,7121.3805,Test,0,0,0,0,0,-1,-1,2025-12-15,0.0122686870387935,0.0046952497186094,0.004695249718609462,0.0,-0.0122686870387935,0.0122686870387935,2.06273351363959,2.987903635172599,1.3133791577163039
2025-12-15,2025-12-15,2025-12-16,7121.3805,7101.6696,Test,0,0,0,0,1,0,0,,-0.0077866983849319,-0.0027678481721346,-0.0027678481721346015,-0.0,-0.0,-0.0077866983849319,2.06273351363959,2.987903635172599,1.305592459331372
2025-12-16,2025-12-16,2025-12-17,7101.6696,7002.5064,Test,0,0,0,0,0,0,0,,-0.0158341020095412,-0.0139633643333674,-0.013963364333367423,-0.0,-0.0,-0.0158341020095412,2.06273351363959,2.987903635172599,1.2897583573218308
2025-12-17,2025-12-17,2025-12-18,7002.5064,7096.9815,Test,0,0,0,0,0,0,0,,0.0194984836285414,0.0134916120890655,0.013491612089065574,0.0,0.0,0.0194984836285414,2.06273351363959,2.987903635172599,1.3092568409503722
2025-12-18,2025-12-18,2025-12-19,7096.9815,7124.4045,Test,0,0,0,0,0,0,0,,-0.0051833652223259,0.0038640371262064,0.003864037126206421,-0.0,-0.0,-0.0051833652223259,2.06273351363959,2.987903635172599,1.3040734757280463
2025-12-19,2025-12-19,2025-12-22,7124.4045,7205.489,Test,0,0,0,0,0,0,0,,0.0096770578799039,0.011381231933139,0.011381231933139002,0.0,0.0,0.0096770578799039,2.06273351363959,2.987903635172599,1.3137505336079502
2025-12-22,2025-12-22,2025-12-23,7205.489,7257.9076,Test,0,0,0,0,0,0,0,,0.0120104590648639,0.0072748150750074,0.00727481507500749,0.0,0.0,0.0120104590648639,2.06273351363959,2.987903635172599,1.325760992672814
2025-12-23,2025-12-23,2025-12-24,7257.9076,7257.615,Test,0,0,0,0,0,0,0,,0.0001551478282328,-4.031464936249396e-05,-4.031464936249396e-05,0.0,0.0,0.0001551478282328,2.06273351363959,2.987903635172599,1.325916140501047
2025-12-24,2025-12-24,2025-12-25,7257.615,7341.9223,Test,0,0,0,0,0,0,0,,0.013126085673405,0.0116163918863152,0.011616391886315247,0.0,0.0,0.013126085673405,2.06273351363959,2.987903635172599,1.339042226174452
2025-12-25,2025-12-25,2025-12-26,7341.9223,7422.6014,Test,1,0,0,0,0,1,0,,0.007980411313345,0.0109888250928507,0.010988825092850707,0.007980411313345,0.007980411313345,0.007980411313345,2.070713924952935,2.995884046485944,1.347022637487797
2025-12-26,2025-12-26,2025-12-29,7422.6014,7467.5042,Test,1,0,0,0,0,1,0,,0.0064942073918701,0.0060494693949213,0.006049469394921347,0.0064942073918701,0.0064942073918701,0.0064942073918701,2.0772081323448055,3.002378253877814,1.353516844879667
2025-12-29,2025-12-29,2025-12-30,7467.5042,7390.1398,Test,1,0,0,0,0,1,0,,-0.0037839537109705,-0.010360141478059,-0.010360141478059082,-0.0037839537109705,-0.0037839537109705,-0.0037839537109705,2.073424178633835,2.9985943001668436,1.3497328911686965
2025-12-30,2025-12-30,2025-12-31,7390.1398,7473.7519,Test,1,0,0,0,0,1,0,,0.0038114343353046,0.0113140078892688,0.01131400788926884,0.0038114343353046,0.0038114343353046,0.0038114343353046,2.0772356129691394,3.002405734502148,1.3535443255040012
2025-12-31,2025-12-31,2026-01-05,7473.7519,7523.8754,Test,1,0,0,0,0,1,0,,0.0008899660755905,0.0067066047509551,0.006706604750955192,0.0008899660755905,0.0008899660755905,0.0008899660755905,2.0781255790447304,3.0032957005777385,1.3544342915795915
2026-01-05,2026-01-05,2026-01-06,7523.8754,7663.9415,Test,1,0,0,0,0,1,0,,0.0248639816613167,0.0186162173818029,0.01861621738180297,0.0248639816613167,0.0248639816613167,0.0248639816613167,2.102989560706047,3.028159682239055,1.3792982732409083
2026-01-06,2026-01-06,2026-01-07,7663.9415,7838.9115,Test,1,0,0,0,0,1,0,,0.0212956843974541,0.022830289088193,0.022830289088193068,0.0212956843974541,0.0212956843974541,0.0212956843974541,2.124285245103501,3.049455366636509,1.4005939576383624
2026-01-07,2026-01-07,2026-01-08,7838.9115,7853.2089,Test,1,0,0,0,0,1,0,,0.0077995319149568,0.0018239011883218,0.0018239011883218748,0.0077995319149568,0.0077995319149568,0.0077995319149568,2.132084777018458,3.057254898551466,1.4083934895533192
2026-01-08,2026-01-08,2026-01-09,7853.2089,7907.8485,Test,1,0,0,0,0,1,0,,0.002471402774691,0.0069576144854621,0.006957614485462171,0.002471402774691,0.002471402774691,0.002471402774691,2.134556179793149,3.059726301326157,1.4108648923280103
2026-01-09,2026-01-09,2026-01-12,7907.8485,8141.6262,Test,1,0,0,0,0,1,0,,0.0205383725295773,0.0295627438993044,0.029562743899304467,0.0205383725295773,0.0205383725295773,0.0205383725295773,2.1550945523227263,3.080264673855734,1.4314032648575874
2026-01-12,2026-01-12,2026-01-13,8141.6262,8270.4224,Test,1,0,0,0,0,1,0,,0.0238859631338732,0.015819468597072,0.01581946859707206,0.0238859631338732,0.0238859631338732,0.0238859631338732,2.1789805154565993,3.104150636989607,1.4552892279914607
2026-01-13,2026-01-13,2026-01-14,8270.4224,8165.352,Test,1,0,0,0,0,1,0,,-0.0128313570132114,-0.0127043571559295,-0.012704357155929547,-0.0128313570132114,-0.0128313570132114,-0.0128313570132114,2.166149158443388,3.0913192799763958,1.4424578709782492
2026-01-14,2026-01-14,2026-01-15,8165.352,8170.3486,Test,1,0,1,0,0,0,0,,0.010366461671464,0.0006119270791999,0.000611927079199992,0.010366461671464,0.0,0.010366461671464,2.176515620114852,3.0913192799763958,1.4528243326497132
2026-01-15,2026-01-15,2026-01-16,8170.3486,8241.6934,Test,1,0,1,0,0,0,0,,-0.0005382672696868,0.0087321610732742,0.008732161073274236,-0.0005382672696868,-0.0,-0.0005382672696868,2.175977352845165,3.0913192799763958,1.4522860653800265
2026-01-16,2026-01-16,2026-01-19,8241.6934,8199.4986,Test,1,0,1,0,0,0,0,,0.001143790966908,-0.0051196760122136,-0.0051196760122136364,0.001143790966908,0.0,0.001143790966908,2.1771211438120734,3.0913192799763958,1.4534298563469346
2026-01-19,2026-01-19,2026-01-20,8199.4986,8307.6416,Test,1,0,0,0,0,1,0,,0.006713857490288,0.01318897718941,0.013188977189410034,0.006713857490288,0.006713857490288,0.006713857490288,2.1838350013023615,3.098033137466684,1.4601437138372224
2026-01-20,2026-01-20,2026-01-21,8307.6416,8196.5565,Test,1,0,0,0,0,1,0,,-0.0048434310692383,-0.0133714362449145,-0.013371436244914547,-0.0048434310692383,-0.0048434310692383,-0.0048434310692383,2.1789915702331233,3.0931897063974456,1.4553002827679842
2026-01-21,2026-01-21,2026-01-22,8196.5565,8355.6781,Test,1,0,0,0,0,1,0,,0.0111918748223545,0.0194132255417258,0.019413225541725865,0.0111918748223545,0.0111918748223545,0.0111918748223545,2.190183445055478,3.1043815812198,1.4664921575903387
2026-01-22,2026-01-22,2026-01-23,8355.6781,8422.3561,Test,1,0,0,0,0,1,0,,0.005693172057986,0.0079799627513177,0.007979962751317737,0.005693172057986,0.005693172057986,0.005693172057986,2.1958766171134636,3.110074753277786,1.4721853296483247
2026-01-23,2026-01-23,2026-01-26,8422.3561,8624.8883,Test,1,0,0,0,0,1,0,,0.0241512495536564,0.0240469765936397,0.024046976593639746,0.0241512495536564,0.0241512495536564,0.0241512495536564,2.2200278666671203,3.134226002831442,1.496336579201981
2026-01-26,2026-01-26,2026-01-27,8624.8883,8464.6504,Test,1,0,1,0,0,0,0,,-0.0097172395704255,-0.0185785478520341,-0.018578547852034166,-0.0097172395704255,-0.0,-0.0097172395704255,2.210310627096695,3.134226002831442,1.4866193396315555
2026-01-27,2026-01-27,2026-01-28,8464.6504,8565.3388,Test,1,0,1,0,0,0,0,,0.0049653724434308,0.0118951634434896,0.01189516344348962,0.0049653724434308,0.0,0.0049653724434308,2.2152759995401254,3.134226002831442,1.4915847120749863
2026-01-28,2026-01-28,2026-01-29,8565.3388,8584.6806,Test,0,0,0,0,0,0,0,,0.0061098040537717,0.0022581476870477,0.0022581476870477957,0.0,0.0,0.0061098040537717,2.2152759995401254,3.134226002831442,1.497694516128758
2026-01-29,2026-01-29,2026-01-30,8584.6806,8439.6524,Test,0,0,0,0,1,1,1,2026-02-04,-0.0096872349050787,-0.016893837611151,-0.01689383761115104,-0.0,-0.0096872349050787,-0.0096872349050787,2.2152759995401254,3.1245387679263636,1.4880072812236793
2026-01-30,2026-01-30,2026-02-02,8439.6524,8279.7152,Test,0,0,0,0,0,1,1,2026-02-04,-0.0172957639310299,-0.018950685694117,-0.018950685694117064,-0.0,-0.0172957639310299,-0.0172957639310299,2.2152759995401254,3.107243003995334,1.4707115172926495
2026-02-02,2026-02-02,2026-02-03,8279.7152,8135.8699,Test,0,0,0,0,0,1,1,2026-02-04,-0.0398391841902587,-0.0173732183445151,-0.017373218344515107,-0.0,-0.0398391841902587,-0.0398391841902587,2.2152759995401254,3.067403819805075,1.430872333102391
2026-02-03,2026-02-03,2026-02-04,8135.8699,8270.842,Test,0,0,0,0,0,1,1,2026-02-04,0.0310630189780185,0.0165897564315773,0.01658975643157734,0.0,0.0310630189780185,0.0310630189780185,2.2152759995401254,3.0984668387830934,1.4619353520804093
2026-02-04,2026-02-04,2026-02-05,8270.842,8203.0627,Test,0,0,0,1,0,0,0,,0.0014911725119062,-0.0081949697503591,-0.00819496975035916,0.0,0.0,0.0014911725119062,2.2152759995401254,3.0984668387830934,1.4634265245923155
2026-02-05,2026-02-05,2026-02-06,8203.0627,8054.218,Test,0,0,0,0,0,0,0,,-0.0184298158969233,-0.0181450155196303,-0.018145015519630325,-0.0,-0.0,-0.0184298158969233,2.2152759995401254,3.0984668387830934,1.4449967086953923
2026-02-06,2026-02-06,2026-02-09,8054.218,8280.1088,Test,0,0,0,0,0,0,0,,3.750257500301224e-05,0.0280462733936428,0.02804627339364285,0.0,0.0,3.750257500301224e-05,2.2152759995401254,3.0984668387830934,1.445034211270395
2026-02-09,2026-02-09,2026-02-10,8280.1088,8318.5325,Test,0,0,0,0,0,0,0,,0.020238367984495,0.0046404825018724,0.004640482501872434,0.0,0.0,0.020238367984495,2.2152759995401254,3.0984668387830934,1.4652725792548902
2026-02-10,2026-02-10,2026-02-11,8318.5325,8295.3326,Test,0,0,0,0,0,0,0,,-0.0005821122994141,-0.0027889414388895,-0.002788941438889525,-0.0,-0.0,-0.0005821122994141,2.2152759995401254,3.0984668387830934,1.4646904669554761
2026-02-11,2026-02-11,2026-02-12,8295.3326,8342.365,Test,0,0,0,0,0,0,0,,0.0023314306500898,0.0056697425248506,0.0056697425248506406,0.0,0.0,0.0023314306500898,2.2152759995401254,3.0984668387830934,1.467021897605566
2026-02-12,2026-02-12,2026-02-13,8342.365,8366.3327,Test,0,0,0,0,0,0,0,,0.0117416553801781,0.0028730102315113,0.0028730102315113193,0.0,0.0,0.0117416553801781,2.2152759995401254,3.0984668387830934,1.4787635529857441
2026-02-13,2026-02-13,2026-02-24,8366.3327,8403.3106,Test,0,0,0,0,0,0,0,,-0.0147187602595313,0.004419845746751,0.004419845746751028,-0.0,-0.0,-0.0147187602595313,2.2152759995401254,3.0984668387830934,1.4640447927262128
2026-02-24,2026-02-24,2026-02-25,8403.3106,8412.08,Test,0,0,0,0,0,0,0,,0.0112445140329306,0.0010435649016709,0.0010435649016709014,0.0,0.0,0.0112445140329306,2.2152759995401254,3.0984668387830934,1.4752893067591433
2026-02-25,2026-02-25,2026-02-26,8412.08,8542.8324,Test,0,0,0,0,0,0,0,,0.0160432440248554,0.0155434090022918,0.015543409002291897,0.0,0.0,0.0160432440248554,2.2152759995401254,3.0984668387830934,1.4913325507839987
2026-02-26,2026-02-26,2026-02-27,8542.8324,8499.7957,Test,0,0,0,0,0,0,0,,0.0034777477302325,-0.0050377553936324,-0.005037755393632493,0.0,0.0,0.0034777477302325,2.2152759995401254,3.0984668387830934,1.4948102985142313
2026-02-27,2026-02-27,2026-03-02,8499.7957,8585.8534,Test,0,0,0,0,0,0,0,,0.0118302845224427,0.0101246786437465,0.010124678643746554,0.0,0.0,0.0118302845224427,2.2152759995401254,3.0984668387830934,1.506640583036674
2026-03-02,2026-03-02,2026-03-03,8585.8534,8651.06,Test,0,0,0,0,0,0,0,,-1.347816248375988e-05,0.0075946556459953,0.007594655645995374,-0.0,-0.0,-1.347816248375988e-05,2.2152759995401254,3.0984668387830934,1.5066271048741902
2026-03-03,2026-03-03,2026-03-04,8651.06,8167.9811,Test,0,0,0,1,0,-1,-1,2026-03-05,-0.0435094924039424,-0.0558404288029443,-0.055840428802944375,-0.0,0.0435094924039424,-0.0435094924039424,2.2152759995401254,3.1419763311870357,1.4631176124702479
2026-03-04,2026-03-04,2026-03-05,8167.9811,8383.5464,Test,0,0,0,0,0,-1,-1,2026-03-05,-0.0039447504308309,0.0263915032810249,0.02639150328102491,-0.0,0.0039447504308309,-0.0039447504308309,2.2152759995401254,3.1459210816178667,1.4591728620394169
2026-03-05,2026-03-05,2026-03-06,8383.5464,8273.1829,Test,0,0,0,0,0,-1,-1,2026-03-05,0.0073010912304543,-0.0131642976294613,-0.013164297629461363,0.0,-0.0073010912304543,0.0073010912304543,2.2152759995401254,3.1386199903874124,1.4664739532698712
2026-03-06,2026-03-06,2026-03-09,8273.1829,8234.1927,Test,0,0,0,0,0,0,0,,0.006157461213972,-0.0047128415352694,-0.0047128415352694075,0.0,0.0,0.006157461213972,2.2152759995401254,3.1386199903874124,1.472631414483843
2026-03-09,2026-03-09,2026-03-10,8234.1927,8341.1447,Test,0,0,0,0,0,0,0,,-0.0096710960626968,0.0129887657353466,0.012988765735346686,-0.0,-0.0,-0.0096710960626968,2.2152759995401254,3.1386199903874124,1.4629603184211464
2026-03-10,2026-03-10,2026-03-11,8341.1447,8419.3105,Test,0,0,0,0,0,0,0,,0.0158007365944707,0.0093711118571049,0.00937111185710493,0.0,0.0,0.0158007365944707,2.2152759995401254,3.1386199903874124,1.478761055015617
2026-03-11,2026-03-11,2026-03-12,8419.3105,8396.7222,Test,0,0,0,0,0,0,0,,-0.0008291496751069,-0.0026829156615615,-0.0026829156615615357,-0.0,-0.0,-0.0008291496751069,2.2152759995401254,3.1386199903874124,1.47793190534051
2026-03-12,2026-03-12,2026-03-13,8396.7222,8317.7799,Test,0,0,0,0,0,0,0,,-0.0052190622155292,-0.0094015614807407,-0.009401561480740783,-0.0,-0.0,-0.0052190622155292,2.2152759995401254,3.1386199903874124,1.472712843124981
2026-03-13,2026-03-13,2026-03-16,8317.7799,8227.6932,Test,0,0,0,0,0,0,0,,-0.0143159877284595,-0.0108306183961419,-0.010830618396141967,-0.0,-0.0,-0.0143159877284595,2.2152759995401254,3.1386199903874124,1.4583968553965214
2026-03-16,2026-03-16,2026-03-17,8227.6932,8199.9926,Test,0,0,0,0,0,0,0,,-0.0066319586960749,-0.0033667516917135,-0.003366751691713521,-0.0,-0.0,-0.0066319586960749,2.2152759995401254,3.1386199903874124,1.4517648967004466
2026-03-17,2026-03-17,2026-03-18,8199.9926,8044.9186,Test,-1,0,0,0,0,-1,0,,-0.0206625118262923,-0.0189114804810921,-0.018911480481092147,0.0206625118262923,0.0206625118262923,-0.0206625118262923,2.2359385113664176,3.1592825022137045,1.4311023848741542
2026-03-18,2026-03-18,2026-03-19,8044.9186,7975.8477,Test,-1,0,0,0,0,-1,0,,0.0100300819875065,-0.0085856555465955,-0.008585655546595516,-0.0100300819875065,-0.0100300819875065,0.0100300819875065,2.2259084293789115,3.149252420226198,1.4411324668616607
2026-03-19,2026-03-19,2026-03-20,7975.8477,7913.4854,Test,-1,0,0,0,0,-1,0,,-0.0270906640355803,-0.0078188930312699,-0.007818893031269925,0.0270906640355803,0.0270906640355803,-0.0270906640355803,2.2529990934144917,3.176343084261778,1.4140418028260804
2026-03-20,2026-03-20,2026-03-23,7913.4854,7623.2446,Test,-1,0,0,0,0,-1,0,,-0.014859992713045,-0.0366767341227418,-0.03667673412274186,0.014859992713045,0.014859992713045,-0.014859992713045,2.2678590861275367,3.191203076974823,1.3991818101130353
2026-03-23,2026-03-23,2026-03-24,7623.2446,7555.0818,Test,-1,1,0,0,0,0,0,,-0.0411456054362631,-0.0089414420731036,-0.008941442073103656,0.0411456054362631,-0.0,-0.0411456054362631,2.3090046915638,3.191203076974823,1.3580362046767722
2026-03-24,2026-03-24,2026-03-25,7555.0818,7660.4009,Test,-1,1,0,0,0,0,0,,0.0210500558606689,0.0139401667365135,0.013940166736513548,-0.0210500558606689,0.0,0.0210500558606689,2.287954635703131,3.191203076974823,1.3790862605374412
2026-03-25,2026-03-25,2026-03-26,7660.4009,7757.0185,Test,-1,1,0,0,0,0,0,,0.0224146156200408,0.0126126036040752,0.012612603604075234,-0.0224146156200408,0.0,0.0224146156200408,2.26554002008309,3.191203076974823,1.401500876157482
2026-03-26,2026-03-26,2026-03-27,7757.0185,7539.1959,Test,0,0,0,0,1,1,1,2026-04-01,-0.0161612522599132,-0.0280807116806541,-0.02808071168065418,-0.0,-0.0161612522599132,-0.0161612522599132,2.26554002008309,3.17504182471491,1.3853396238975688
2026-03-27,2026-03-27,2026-03-30,7539.1959,7655.1534,Test,0,0,0,0,0,1,1,2026-04-01,0.0124944482102649,0.0153806190392267,0.015380619039226717,0.0,0.0124944482102649,0.0124944482102649,2.26554002008309,3.1875362729251746,1.3978340721078337
2026-03-30,2026-03-30,2026-03-31,7655.1534,7740.5787,Test,-1,0,0,0,0,-1,0,,0.0020819078293692,0.0111591885278223,0.011159188527822383,-0.0020819078293692,-0.0020819078293692,0.0020819078293692,2.263458112253721,3.1854543650958056,1.399915979937203
2026-03-31,2026-03-31,2026-04-01,7740.5787,7764.3363,Test,-1,0,0,0,0,-1,0,,-0.0175911872223865,0.0030692278860235,0.0030692278860235955,0.0175911872223865,0.0175911872223865,-0.0175911872223865,2.2810492994761074,3.203045552318192,1.3823247927148163
2026-04-01,2026-04-01,2026-04-02,7764.3363,7726.4451,Test,-1,0,0,0,0,-1,0,,0.0174295017062549,-0.0048801595572309,-0.004880159557230979,-0.0174295017062549,-0.0174295017062549,0.0174295017062549,2.2636197977698522,3.1856160506119373,1.3997542944210712
2026-04-02,2026-04-02,2026-04-03,7726.4451,7636.6633,Test,-1,0,0,0,0,-1,0,,-0.0186835449858636,-0.011620065740194,-0.01162006574019403,0.0186835449858636,0.0186835449858636,-0.0186835449858636,2.282303342755716,3.204299595597801,1.3810707494352077
2026-04-03,2026-04-03,2026-04-07,7636.6633,7562.1371,Test,-1,0,0,0,0,-1,0,,-0.0092508202050645,-0.0097590003738936,-0.009759000373893656,0.0092508202050645,0.0092508202050645,-0.0092508202050645,2.2915541629607805,3.2135504158028656,1.3718199292301432
2026-04-07,2026-04-07,2026-04-08,7562.1371,7741.6345,Test,0,0,0,0,0,0,0,,0.0048006499854411,0.0237363324185169,0.023736332418516914,0.0,0.0,0.0048006499854411,2.2915541629607805,3.2135504158028656,1.3766205792155843
2026-04-08,2026-04-08,2026-04-09,7741.6345,7865.2051,Test,0,0,0,0,0,0,0,,0.049403861568209,0.0159618230491247,0.015961823049124746,0.0,0.0,0.049403861568209,2.2915541629607805,3.2135504158028656,1.4260244407837932
2026-04-09,2026-04-09,2026-04-10,7865.2051,7958.8149,Test,0,0,0,0,0,0,0,,-0.0058551171710016,0.0119017621040804,0.011901762104080449,-0.0,-0.0,-0.0058551171710016,2.2915541629607805,3.2135504158028656,1.4201693236127917
2026-04-10,2026-04-10,2026-04-13,7958.8149,7917.9194,Test,0,0,0,0,0,0,0,,0.0089549294030364,-0.0051383906415515,-0.005138390641551527,0.0,0.0,0.0089549294030364,2.2915541629607805,3.2135504158028656,1.429124253015828
2026-04-13,2026-04-13,2026-04-14,7917.9194,8039.0737,Test,0,0,0,0,0,0,0,,-0.0002092513122061,0.0153012797781195,0.01530127977811957,-0.0,-0.0,-0.0002092513122061,2.2915541629607805,3.2135504158028656,1.4289150017036218
2026-04-14,2026-04-14,2026-04-15,8039.0737,8144.8093,Test,0,0,0,0,0,0,0,,0.0151702179437795,0.0131527093724741,0.013152709372474147,0.0,0.0,0.0151702179437795,2.2915541629607805,3.2135504158028656,1.4440852196474014
2026-04-15,2026-04-15,2026-04-16,8144.8093,8068.1536,Test,0,0,0,0,1,1,1,2026-04-21,-0.005500528171319,-0.0094116015705856,-0.009411601570585626,-0.0,-0.005500528171319,-0.005500528171319,2.2915541629607805,3.2080498876315464,1.4385846914760823
2026-04-16,2026-04-16,2026-04-17,8068.1536,8155.3958,Test,0,0,0,0,0,1,1,2026-04-21,0.0169073710915235,0.0108131555651098,0.010813155565109867,0.0,0.0169073710915235,0.0169073710915235,2.2915541629607805,3.22495725872307,1.4554920625676058
2026-04-17,2026-04-17,2026-04-20,8155.3958,8223.5842,Test,0,0,0,1,0,0,0,,0.0041701785000551,0.0083611392594824,0.008361139259482453,0.0,0.0,0.0041701785000551,2.2915541629607805,3.22495725872307,1.459662241067661
2026-04-20,2026-04-20,2026-04-21,8223.5842,8263.3791,Test,0,0,0,0,0,0,0,,0.0092313988351309,0.0048391186898775,0.00483911868987752,0.0,0.0,0.0092313988351309,2.2915541629607805,3.22495725872307,1.4688936399027919
2026-04-21,2026-04-21,2026-04-22,8263.3791,8226.8516,Test,0,0,0,0,0,0,0,,-0.0023758440025445,-0.0044204071431261,-0.004420407143126193,-0.0,-0.0,-0.0023758440025445,2.2915541629607805,3.22495725872307,1.4665177959002473
2026-04-22,2026-04-22,2026-04-23,8226.8516,8387.7647,Test,1,0,0,0,0,1,0,,0.0127992768749907,0.0195594995295649,0.019559499529564928,0.0127992768749907,0.0127992768749907,0.0127992768749907,2.3043534398357712,3.2377565355980606,1.479317072775238
2026-04-23,2026-04-23,2026-04-24,8387.7647,8244.7784,Test,1,0,0,0,0,1,0,,-0.0096671504511937,-0.0170470089605637,-0.01704700896056377,-0.0096671504511937,-0.0096671504511937,-0.0096671504511937,2.294686289384577,3.228089385146867,1.4696499223240442
2026-04-24,2026-04-24,2026-04-27,8244.7784,8236.4336,Test,1,0,0,0,0,1,0,,-0.0057058371177477,-0.001012131508592,-0.001012131508592029,-0.0057058371177477,-0.0057058371177477,-0.0057058371177477,2.28898045226683,3.222383548029119,1.4639440852062966
2026-04-27,2026-04-27,2026-04-28,8236.4336,8274.6312,Test,1,0,0,0,0,1,0,,0.0062043489281891,0.0046376383098625,0.004637638309862524,0.0062043489281891,0.0062043489281891,0.0062043489281891,2.2951848011950187,3.228587896957308,1.4701484341344857
2026-04-28,2026-04-28,2026-04-29,8274.6312,8157.3548,Test,1,0,0,0,0,1,0,,-0.0114576025015686,-0.0141730062845579,-0.014173006284557976,-0.0114576025015686,-0.0114576025015686,-0.0114576025015686,2.28372719869345,3.2171302944557394,1.4586908316329172
2026-04-29,2026-04-29,2026-04-30,8157.3548,8331.4394,Test,1,0,0,0,0,1,0,,0.0168772490811572,0.0213408150396987,0.021340815039698757,0.0168772490811572,0.0168772490811572,0.0168772490811572,2.3006044477746075,3.2340075435368965,1.4755680807140743
2026-04-30,2026-04-30,2026-05-06,8331.4394,8441.3419,Test,1,0,1,0,0,0,0,,0.0008494415955979,0.013191298012682,0.01319129801268204,0.0008494415955979,0.0,0.0008494415955979,2.3014538893702055,3.2340075435368965,1.4764175223096723
2026-05-06,2026-05-06,2026-05-07,8441.3419,8637.8414,Test,1,0,1,0,0,0,0,,0.0286162726161078,0.0232782302065031,0.023278230206503103,0.0286162726161078,0.0,0.0286162726161078,2.3300701619863133,3.2340075435368965,1.50503379492578
2026-05-07,2026-05-07,2026-05-08,8637.8414,8638.8383,Test,1,0,1,0,0,0,0,,0.0126168432522884,0.0001154107784382,0.00011541077843824077,0.0126168432522884,0.0,0.0126168432522884,2.3426870052386017,3.2340075435368965,1.5176506381780683
2026-05-08,2026-05-08,2026-05-11,8638.8383,8771.1761,Test,1,0,1,0,0,0,0,,-0.000302180150446,0.0153189347229709,0.015318934722970967,-0.000302180150446,-0.0,-0.000302180150446,2.342384825088156,3.2340075435368965,1.5173484580276224
2026-05-11,2026-05-11,2026-05-12,8771.1761,8856.1797,Test,1,0,0,0,0,1,0,,0.0167434711917153,0.0096912431161881,0.009691243116188186,0.0167434711917153,0.0167434711917153,0.0167434711917153,2.359128296279871,3.250751014728612,1.5340919292193376
2026-05-12,2026-05-12,2026-05-13,8856.1797,8730.913,Test,1,0,1,0,0,0,0,,-0.0060818973043498,-0.014144552644974,-0.014144552644974051,-0.0060818973043498,-0.0,-0.0060818973043498,2.3530463989755215,3.250751014728612,1.5280100319149879
2026-05-13,2026-05-13,2026-05-14,8730.913,8952.9502,Test,1,0,0,0,0,1,0,,0.0150535186226425,0.0254311547944641,0.025431154794464117,0.0150535186226425,0.0150535186226425,0.0150535186226425,2.368099917598164,3.2658045333512544,1.5430635505376302
2026-05-14,2026-05-14,2026-05-15,8952.9502,8676.621,Test,1,0,1,0,0,0,0,,-0.0278173303047831,-0.0308645970129488,-0.030864597012948858,-0.0278173303047831,-0.0,-0.0278173303047831,2.3402825872933812,3.2658045333512544,1.5152462202328474
2026-05-15,2026-05-15,2026-05-18,8676.621,8493.0157,Test,1,0,1,0,0,0,0,,-0.0154337451820655,-0.0211609219764237,-0.02116092197642372,-0.0154337451820655,-0.0,-0.0154337451820655,2.3248488421113156,3.2658045333512544,1.4998124750507817
2026-05-18,2026-05-18,2026-05-19,8493.0157,8524.1543,Test,1,0,0,0,0,1,0,,0.0020960728810333,0.0036663773034117,0.003666377303411794,0.0020960728810333,0.0020960728810333,0.0020960728810333,2.3269449149923487,3.2679006062322875,1.501908547931815
2026-05-19,2026-05-19,2026-05-20,8524.1543,8581.3938,Test,0,0,0,1,0,-1,-1,2026-05-21,0.0086166537444156,0.006714976991911,0.006714976991911037,0.0,-0.0086166537444156,0.0086166537444156,2.3269449149923487,3.259283952487872,1.5105252016762307
2026-05-20,2026-05-20,2026-05-21,8581.3938,8703.1742,Test,0,0,0,0,0,-1,-1,2026-05-21,0.0032870047716224,0.0141912144854603,0.014191214485460346,0.0,-0.0032870047716224,0.0032870047716224,2.3269449149923487,3.2559969477162496,1.513812206447853
2026-05-21,2026-05-21,2026-05-22,8703.1742,8473.6091,Test,0,0,0,0,0,-1,-1,2026-05-21,-0.0273175295023646,-0.0263771693780413,-0.026377169378041354,-0.0,0.0273175295023646,-0.0273175295023646,2.3269449149923487,3.2833144772186142,1.4864946769454883
2026-05-22,2026-05-22,2026-05-25,8473.6091,8631.2078,Test,0,0,0,0,0,0,0,,0.018658662204791,0.0185987692068543,0.018598769206854326,0.0,0.0,0.018658662204791,2.3269449149923487,3.2833144772186142,1.5051533391502794
2026-05-25,2026-05-25,2026-05-26,8631.2078,8665.4355,Test,0,0,0,0,1,1,1,2026-05-29,0.0148013040827779,0.0039655747831721,0.0039655747831721655,0.0,0.0148013040827779,0.0148013040827779,2.3269449149923487,3.298115781301392,1.5199546432330573
2026-05-26,2026-05-26,2026-05-27,8665.4355,8659.2188,Test,0,0,0,0,0,1,1,2026-05-29,-0.0052012260586793,-0.0007174134525609,-0.0007174134525609333,-0.0,-0.0052012260586793,-0.0052012260586793,2.3269449149923487,3.292914555242713,1.514753417174378
2026-05-27,2026-05-27,2026-05-28,8659.2188,8503.6714,Test,0,0,0,0,0,1,1,2026-05-29,-0.0147412649813725,-0.0179632139564369,-0.017963213956436963,-0.0,-0.0147412649813725,-0.0147412649813725,2.3269449149923487,3.2781732902613405,1.5000121521930054
2026-05-28,2026-05-28,2026-05-29,8503.6714,8589.818,Test,0,0,0,0,0,1,1,2026-05-29,0.0037793546865809,0.0101305184487725,0.010130518448772552,0.0,0.0037793546865809,0.0037793546865809,2.3269449149923487,3.2819526449479213,1.5037915068795864
2026-05-29,2026-05-29,2026-06-01,8589.818,8358.4866,Test,0,0,0,0,0,1,1,2026-05-29,-0.0237833615380602,-0.0269308849151401,-0.026930884915140174,-0.0,-0.0237833615380602,-0.0237833615380602,2.3269449149923487,3.258169283409861,1.4800081453415261
2026-06-01,2026-06-01,2026-06-02,8358.4866,8290.8329,Test,0,0,0,1,0,-1,-1,2026-06-03,-0.0102095808970608,-0.0080940130956244,-0.008094013095624408,-0.0,0.0102095808970608,-0.0102095808970608,2.3269449149923487,3.268378864306922,1.4697985644444653
2026-06-02,2026-06-02,2026-06-03,8290.8329,8317.0025,Test,0,0,0,0,0,-1,-1,2026-06-03,0.005707214173386,0.0031564500594387,0.0031564500594387646,0.0,-0.005707214173386,0.005707214173386,2.3269449149923487,3.262671650133536,1.4755057786178511
2026-06-03,2026-06-03,2026-06-04,8317.0025,8279.8632,Test,0,0,0,0,0,-1,-1,2026-06-03,0.0048935431771159,-0.0044654669756322,-0.004465466975632215,0.0,-0.0048935431771159,0.0048935431771159,2.3269449149923487,3.2577781069564202,1.4803993217949671
2026-06-04,2026-06-04,2026-06-05,8279.8632,8317.6415,Test,0,0,0,0,0,0,0,,-0.0006471536766357,0.004562672001634,0.004562672001634072,-0.0,-0.0,-0.0006471536766357,2.3269449149923487,3.2577781069564202,1.4797521681183314
2026-06-05,2026-06-05,2026-06-08,8317.6415,7978.6598,Test,0,0,0,0,0,0,0,,-0.012636942683086,-0.0407545456245017,-0.04075454562450176,-0.0,-0.0,-0.012636942683086,2.3269449149923487,3.2577781069564202,1.4671152254352453
2026-06-08,2026-06-08,2026-06-09,7978.6598,8059.339,Test,-1,0,0,0,0,-1,0,,-0.0348664276201228,0.0101118736758269,0.010111873675826999,0.0348664276201228,0.0348664276201228,-0.0348664276201228,2.3618113426124716,3.292644534576543,1.4322487978151226
2026-06-09,2026-06-09,2026-06-10,8059.339,8094.1367,Test,-1,0,0,0,0,-1,0,,0.0267127341206474,0.0043176865993601,0.00431768659936016,-0.0267127341206474,-0.0267127341206474,0.0267127341206474,2.3350986084918244,3.265931800455896,1.45896153193577
2026-06-10,2026-06-10,2026-06-11,8094.1367,8025.608,Test,-1,0,0,0,0,-1,0,,-0.0137368331672308,-0.0084664619019839,-0.008466461901983968,0.0137368331672308,0.0137368331672308,-0.0137368331672308,2.348835441659055,3.279668633623127,1.445224698768539
2026-06-11,2026-06-11,2026-06-12,8025.608,8189.2103,Test,-1,0,0,0,0,-1,0,,-0.0034828093634569,0.0203850350029555,0.02038503500295552,0.0034828093634569,0.0034828093634569,-0.0034828093634569,2.3523182510225116,3.2831514429865836,1.4417418894050824
2026-06-12,2026-06-12,2026-06-15,8189.2103,8175.0523,Test,-1,0,0,0,0,-1,0,,0.0087638300845216,-0.0017288602296609,-0.0017288602296609001,-0.0087638300845216,-0.0087638300845216,0.0087638300845216,2.3435544209379904,3.274387612902062,1.4505057194896038
2026-06-15,2026-06-15,2026-06-16,8175.0523,8430.9157,Test,0,0,0,0,0,0,0,,0.0370759158140994,0.0312980749982478,0.03129807499824788,0.0,0.0,0.0370759158140994,2.3435544209379904,3.274387612902062,1.4875816353037032
2026-06-16,2026-06-16,2026-06-17,8430.9157,8451.6325,Test,0,0,0,0,0,0,0,,0.0120417551714617,0.0024572419814374,0.0024572419814374857,0.0,0.0,0.0120417551714617,2.3435544209379904,3.274387612902062,1.499623390475165
2026-06-17,2026-06-17,2026-06-18,8451.6325,8590.4987,Test,0,0,0,0,0,0,0,,0.0139993631155614,0.0164306954898949,0.016430695489894953,0.0,0.0,0.0139993631155614,2.3435544209379904,3.274387612902062,1.5136227535907265
2026-06-18,2026-06-18,2026-06-22,8590.4987,8709.664,Test,0,0,0,0,1,1,1,2026-06-25,0.0053324725096639,0.0138717557806045,0.013871755780604511,0.0,0.0053324725096639,0.0053324725096639,2.3435544209379904,3.279720085411726,1.5189552261003905
2026-06-22,2026-06-22,2026-06-23,8709.664,8831.5916,Test,0,0,0,0,0,1,1,2026-06-25,0.0225631351982178,0.0139991163838235,0.013999116383823562,0.0,0.0225631351982178,0.0225631351982178,2.3435544209379904,3.3022832206099437,1.5415183612986083
2026-06-23,2026-06-23,2026-06-24,8831.5916,8638.6561,Test,0,0,0,0,0,1,1,2026-06-25,-0.0203172994893773,-0.021846062265832,-0.021846062265832078,-0.0,-0.0203172994893773,-0.0203172994893773,2.3435544209379904,3.2819659211205665,1.5212010618092309
2026-06-24,2026-06-24,2026-06-25,8638.6561,8844.849,Test,0,0,0,0,0,1,1,2026-06-25,0.0177641549598315,0.0238686316034735,0.023868631603473522,0.0,0.0177641549598315,0.0177641549598315,2.3435544209379904,3.299730076080398,1.5389652167690624
2026-06-25,2026-06-25,2026-06-26,8844.849,8891.0312,Test,1,0,0,0,0,1,0,,0.0107513478156546,0.0052213666960283,0.005221366696028351,0.0107513478156546,0.0107513478156546,0.0107513478156546,2.354305768753645,3.3104814238960523,1.5497165645847168
2026-06-26,2026-06-26,2026-06-29,8891.0312,8731.5763,Test,1,0,0,0,0,1,0,,-0.0262302308792115,-0.0179343538913685,-0.01793435389136855,-0.0262302308792115,-0.0262302308792115,-0.0262302308792115,2.328075537874433,3.284251193016841,1.5234863337055056
2026-06-29,2026-06-29,2026-06-30,8731.5763,8815.1067,Test,1,0,0,0,0,1,0,,0.0135035697785088,0.0095664742687984,0.00956647426879842,0.0135035697785088,0.0135035697785088,0.0135035697785088,2.341579107652942,3.29775476279535,1.5369899034840142
2026-06-30,2026-06-30,2026-07-01,8815.1067,9052.0429,Test,1,0,0,0,0,1,0,,0.0238388107489249,0.0268784267806991,0.026878426780699183,0.0238388107489249,0.0238388107489249,0.0238388107489249,2.3654179184018673,3.3215935735442748,1.5608287142329391
2026-07-01,2026-07-01,2026-07-02,9052.0429,8829.6208,Test,1,0,1,0,0,0,0,,-0.0002708556527382,-0.0245714809858004,-0.02457148098580042,-0.0002708556527382,-0.0,-0.0002708556527382,2.365147062749129,3.3215935735442748,1.560557858580201
2026-07-02,2026-07-02,2026-07-03,8829.6208,8702.3265,Test,1,0,1,0,0,0,0,,-0.0370760326641489,-0.0144167346348556,-0.0144167346348556,-0.0370760326641489,-0.0,-0.0370760326641489,2.3280710300849803,3.3215935735442748,1.5234818259160519
2026-07-03,2026-07-03,2026-07-06,8702.3265,8790.9674,Test,1,0,1,0,0,0,0,,0.0058757842434191,0.0101858853491649,0.01018588534916498,0.0058757842434191,0.0,0.0058757842434191,2.3339468143283995,3.3215935735442748,1.529357610159471
2026-07-06,2026-07-06,2026-07-07,8790.9674,8604.0756,Test,1,0,1,0,0,0,0,,-0.010763178277807,-0.0212595259993797,-0.021259525999379747,-0.010763178277807,-0.0,-0.010763178277807,2.323183636050592,3.3215935735442748,1.518594431881664
2026-07-07,2026-07-07,2026-07-08,8604.0756,8539.0155,Test,1,0,1,0,0,0,0,,-0.0164539587117014,-0.0075615444383125,-0.007561544438312584,-0.0164539587117014,-0.0,-0.0164539587117014,2.3067296773388906,3.3215935735442748,1.5021404731699626
2026-07-08,2026-07-08,2026-07-09,8539.0155,8437.1473,Test,0,0,0,0,0,0,0,,-0.0139584031263676,-0.0119297359279882,-0.011929735927988294,-0.0,-0.0,-0.0139584031263676,2.3067296773388906,3.3215935735442748,1.488182070043595
2026-07-09,2026-07-09,2026-07-10,8437.1473,8672.3631,Test,0,0,0,0,0,0,0,,0.0313190694171696,0.0278785935146586,0.0278785935146586,0.0,0.0,0.0313190694171696,2.3067296773388906,3.3215935735442748,1.5195011394607647
2026-07-10,2026-07-10,2026-07-13,8672.3631,8409.1434,Test,0,0,0,0,0,0,0,,-0.01719867829868,-0.0303515543531611,-0.03035155435316117,-0.0,-0.0,-0.01719867829868,2.3067296773388906,3.3215935735442748,1.5023024611620845
2026-07-13,2026-07-13,2026-07-14,8409.1434,8135.0456,Test,0,0,0,1,0,-1,-1,2026-07-15,-0.0430182818719796,-0.0325952105894639,-0.03259521058946391,-0.0,0.0430182818719796,-0.0430182818719796,2.3067296773388906,3.3646118554162543,1.459284179290105
2026-07-14,2026-07-14,2026-07-15,8135.0456,8294.1422,Test,-1,0,0,0,0,-1,0,,0.0169319312757822,0.0195569401602371,0.019556940160237124,-0.0169319312757822,-0.0169319312757822,0.0169319312757822,2.2897977460631083,3.347679924140472,1.476216110565887
2026-07-15,2026-07-15,2026-07-16,8294.1422,8006.4489,Test,-1,0,0,0,0,-1,0,,-0.0155100470293473,-0.0346863235597769,-0.034686323559776966,0.0155100470293473,0.0155100470293473,-0.0155100470293473,2.3053077930924557,3.3631899711698194,1.4607060635365399
2026-07-16,2026-07-16,2026-07-17,8006.4489,7900.097,Test,-1,0,0,0,0,-1,0,,-0.0235548632817117,-0.0132832796822072,-0.013283279682207216,0.0235548632817117,0.0235548632817117,-0.0235548632817117,2.3288626563741675,3.386744834451531,1.4371512002548281
2026-07-17,2026-07-17,2026-07-20,7900.097,7597.7694,Test,-1,0,0,0,0,-1,0,,-0.0555454362794504,-0.0382688465723901,-0.03826884657239016,0.0555454362794504,0.0555454362794504,-0.0555454362794504,2.3844080926536178,3.4422902707309815,1.3816057639753778
2026-07-20,2026-07-20,2026-07-21,7597.7694,7437.4524,Test,-1,1,0,0,0,0,0,,-0.0136348862867335,-0.0211005351123185,-0.021100535112318575,0.0136348862867335,-0.0,-0.0136348862867335,2.3980429789403512,3.4422902707309815,1.3679708776886443
2026-07-21,2026-07-21,2026-07-22,7437.4524,7741.9063,Test,-1,1,0,0,0,0,0,,0.052527140466088,0.0409352401367972,0.04093524013679728,-0.052527140466088,0.0,0.052527140466088,2.345515838474263,3.4422902707309815,1.4204980181547322
2026-07-22,2026-07-22,2026-07-23,7741.9063,7750.8521,Test,-1,1,0,0,0,0,0,,-0.0062747284394545,0.0011555035224335,0.001155503522433543,0.0062747284394545,-0.0,-0.0062747284394545,2.3517905669137176,3.4422902707309815,1.4142232897152778
2026-07-23,2026-07-23,2026-07-24,7750.8521,7625.2021,Test,0,0,0,0,0,0,0,,-0.0022384619514745,-0.016211120839217,-0.016211120839217052,-0.0,-0.0,-0.0022384619514745,2.3517905669137176,3.4422902707309815,1.4119848277638034
2026-07-24,2026-07-24,2026-07-27,7625.2021,7512.4036,Test,0,0,0,0,0,0,0,,-0.026066888966178,-0.0147928538182615,-0.014792853818261564,-0.0,-0.0,-0.026066888966178,2.3517905669137176,3.4422902707309815,1.3859179387976255
2026-07-27,2026-07-27,2026-07-28,7512.4036,7589.7596,Test,-1,0,0,0,0,-1,0,,0.0249441614604992,0.0102971038456987,0.010297103845698707,-0.0249441614604992,-0.0249441614604992,0.0249441614604992,2.3268464054532183,3.417346109270482,1.4108621002581245
2026-07-28,2026-07-28,2026-07-29,7589.7596,7444.802,Test,-1,0,0,0,0,-1,0,,-0.0358993329208003,-0.0190991029544599,-0.019099102954459934,0.0358993329208003,0.0358993329208003,-0.0358993329208003,2.3627457383740187,3.4532454421912826,1.3749627673373244
2026-07-29,2026-07-29,2026-07-30,7444.802,7477.3139,Test,-1,0,0,0,0,-1,0,,0.0108920571759816,0.0043670603999945,0.004367060399994571,-0.0108920571759816,-0.0108920571759816,0.0108920571759816,2.351853681198037,3.442353385015301,1.3858548245133058
2026-07-30,2026-07-30,2026-07-31,7477.3139,7537.8478,Test,-1,0,0,0,0,-1,0,,-0.0285642880946027,0.0080956745710514,0.008095674571051426,0.0285642880946027,0.0285642880946027,-0.0285642880946027,2.3804179692926395,3.470917673109904,1.3572905364187031
2026-07-31,2026-07-31,2026-08-03,7537.8478,7457.1176,Test,-1,0,0,0,0,-1,0,,0.0252285108821574,-0.0107099801086458,-0.010709980108645878,-0.0252285108821574,-0.0252285108821574,0.0252285108821574,2.355189458410482,3.4456891622277466,1.3825190473008604
2026-08-03,2026-08-03,2026-08-04,7457.1176,7467.0793,Test,-1,1,0,0,0,0,0,,-0.0106034773221456,0.0013358646777945,0.0013358646777945626,0.0106034773221456,-0.0,-0.0106034773221456,2.3657929357326277,3.4456891622277466,1.3719155699787149
2026-08-04,2026-08-04,2026-08-05,7467.0793,7567.9561,Test,0,0,0,0,0,0,0,,0.0260251411732814,0.0135095391313173,0.01350953913131736,0.0,0.0,0.0260251411732814,2.3657929357326277,3.4456891622277466,1.3979407111519964
2026-08-05,2026-08-05,2026-08-06,7567.9561,7737.5918,Test,0,0,0,0,0,0,0,,0.0265159582861971,0.0224149952455459,0.02241499524554591,0.0,0.0,0.0265159582861971,2.3657929357326277,3.4456891622277466,1.4244566694381935
2026-08-06,2026-08-06,2026-08-07,7737.5918,7828.7906,Test,0,0,0,0,0,0,0,,0.0025809280366704,0.0117864579002475,0.011786457900247571,0.0,0.0,0.0025809280366704,2.3657929357326277,3.4456891622277466,1.4270375974748637
2026-08-07,2026-08-07,2026-08-10,7828.7906,8003.9204,Test,0,0,0,0,0,0,0,,0.0192561040897141,0.0223699686130318,0.022369968613031865,0.0,0.0,0.0192561040897141,2.3657929357326277,3.4456891622277466,1.4462937015645778
2026-08-10,2026-08-10,2026-08-11,8003.9204,7979.276,Test,0,0,0,0,0,0,0,,0.0063687978802837,-0.0030790411159011,-0.003079041115901182,0.0,0.0,0.0063687978802837,2.3657929357326277,3.4456891622277466,1.4526624994448616
2026-08-11,2026-08-11,2026-08-12,7979.276,7978.0412,Test,0,0,0,1,0,-1,-1,2026-08-13,-0.007895667812978,-0.0001547508821602,-0.00015475088216021504,-0.0,0.007895667812978,-0.007895667812978,2.3657929357326277,3.4535848300407244,1.4447668316318836
2026-08-12,2026-08-12,2026-08-13,7978.0412,8096.8517,Test,0,0,0,0,0,-1,-1,2026-08-13,0.0097610195449822,0.0148921893258711,0.014892189325871108,0.0,-0.0097610195449822,0.0097610195449822,2.3657929357326277,3.443823810495742,1.4545278511768658
2026-08-13,2026-08-13,2026-08-14,8096.8517,7989.6469,Test,0,0,0,0,0,-1,-1,2026-08-13,-0.0095619685203176,-0.0132403067231675,-0.01324030672316756,-0.0,0.0095619685203176,-0.0095619685203176,2.3657929357326277,3.4533857790160596,1.4449658826565481
2026-08-14,2026-08-14,,7989.6469,,Test,0,0,0,0,0,0,0,,0.0027542358071763,,,0.0,0.0,0.0027542358071763,2.3657929357326277,3.4533857790160596,1.4477201184637245
